date,equity
2015-12-31,100000.0
2016-01-01,100000.0
2016-01-02,100000.0
2016-01-03,100000.0
2016-01-04,100000.0
2016-01-05,100000.0
2016-01-06,100000.0
2016-01-07,100000.0
2016-01-08,100000.0
2016-01-09,100000.0
2016-01-10,100000.0
2016-01-11,100000.0
2016-01-12,100000.0
2016-01-13,100000.0
2016-01-14,100000.0
2016-01-15,100000.0
2016-01-16,100000.0
2016-01-17,100000.0
2016-01-18,100000.0
2016-01-19,100000.0
2016-01-20,100000.0
2016-01-21,100000.0
2016-01-22,100000.0
2016-01-23,100000.0
2016-01-24,100000.0
2016-01-25,100000.0
2016-01-26,100000.0
2016-01-27,100000.0
2016-01-28,98864.2607343029
2016-01-29,98864.2607343029
2016-01-30,98864.2607343029
2016-01-31,98864.2607343029
2016-02-01,98864.2607343029
2016-02-02,98864.2607343029
2016-02-03,98864.2607343029
2016-02-04,98864.2607343029
2016-02-05,98864.2607343029
2016-02-06,98864.2607343029
2016-02-07,98864.2607343029
2016-02-08,98864.2607343029
2016-02-09,98864.2607343029
2016-02-10,98864.2607343029
2016-02-11,101758.26891204441
2016-02-12,101758.26891204441
2016-02-13,101758.26891204441
2016-02-14,101758.26891204441
2016-02-15,101758.26891204441
2016-02-16,101758.26891204441
2016-02-17,101758.26891204441
2016-02-18,101758.26891204441
2016-02-19,101758.26891204441
2016-02-20,101758.26891204441
2016-02-21,101758.26891204441
2016-02-22,101758.26891204441
2016-02-23,101758.26891204441
2016-02-24,101758.26891204441
2016-02-25,101758.26891204441
2016-02-26,101758.26891204441
2016-02-27,101758.26891204441
2016-02-28,101758.26891204441
2016-02-29,101758.26891204441
2016-03-01,101758.26891204441
2016-03-02,101758.26891204441
2016-03-03,101758.26891204441
2016-03-04,101758.26891204441
2016-03-05,101758.26891204441
2016-03-06,101758.26891204441
2016-03-07,101758.26891204441
2016-03-08,101758.26891204441
2016-03-09,101758.26891204441
2016-03-10,100558.15605864482
2016-03-11,100558.15605864482
2016-03-12,100558.15605864482
2016-03-13,100558.15605864482
2016-03-14,100558.15605864482
2016-03-15,100558.15605864482
2016-03-16,100558.15605864482
2016-03-17,100558.15605864482
2016-03-18,100558.15605864482
2016-03-19,100558.15605864482
2016-03-20,100558.15605864482
2016-03-21,100558.15605864482
2016-03-22,100558.15605864482
2016-03-23,99402.56353969246
2016-03-24,99402.56353969246
2016-03-25,99402.56353969246
2016-03-26,99402.56353969246
2016-03-27,99402.56353969246
2016-03-28,99402.56353969246
2016-03-29,99402.56353969246
2016-03-30,99402.56353969246
2016-03-31,99402.56353969246
2016-04-01,99402.56353969246
2016-04-02,99402.56353969246
2016-04-03,99402.56353969246
2016-04-04,99402.56353969246
2016-04-05,99402.56353969246
2016-04-06,99402.56353969246
2016-04-07,99402.56353969246
2016-04-08,99402.56353969246
2016-04-09,99402.56353969246
2016-04-10,99402.56353969246
2016-04-11,99402.56353969246
2016-04-12,99402.56353969246
2016-04-13,99402.56353969246
2016-04-14,98282.2430729931
2016-04-15,98282.2430729931
2016-04-16,98282.2430729931
2016-04-17,98282.2430729931
2016-04-18,98282.2430729931
2016-04-19,98282.2430729931
2016-04-20,98282.2430729931
2016-04-21,98282.2430729931
2016-04-22,98282.2430729931
2016-04-23,98282.2430729931
2016-04-24,98282.2430729931
2016-04-25,98282.2430729931
2016-04-26,98282.2430729931
2016-04-27,98282.2430729931
2016-04-28,98282.2430729931
2016-04-29,98282.2430729931
2016-04-30,98282.2430729931
2016-05-01,98282.2430729931
2016-05-02,98282.2430729931
2016-05-03,98282.2430729931
2016-05-04,98282.2430729931
2016-05-05,98282.2430729931
2016-05-06,98282.2430729931
2016-05-07,98282.2430729931
2016-05-08,98282.2430729931
2016-05-09,98282.2430729931
2016-05-10,98282.2430729931
2016-05-11,98282.2430729931
2016-05-12,98282.2430729931
2016-05-13,98282.2430729931
2016-05-14,98282.2430729931
2016-05-15,98282.2430729931
2016-05-16,98282.2430729931
2016-05-17,98282.2430729931
2016-05-18,98282.2430729931
2016-05-19,98282.2430729931
2016-05-20,98282.2430729931
2016-05-21,98282.2430729931
2016-05-22,98282.2430729931
2016-05-23,98282.2430729931
2016-05-24,98282.2430729931
2016-05-25,98282.2430729931
2016-05-26,98282.2430729931
2016-05-27,98282.2430729931
2016-05-28,98282.2430729931
2016-05-29,98282.2430729931
2016-05-30,98282.2430729931
2016-05-31,98282.2430729931
2016-06-01,98282.2430729931
2016-06-02,98282.2430729931
2016-06-03,98282.2430729931
2016-06-04,98282.2430729931
2016-06-05,98282.2430729931
2016-06-06,98282.2430729931
2016-06-07,98282.2430729931
2016-06-08,98282.2430729931
2016-06-09,98282.2430729931
2016-06-10,98282.2430729931
2016-06-11,98282.2430729931
2016-06-12,98282.2430729931
2016-06-13,100299.66508330495
2016-06-14,100299.66508330495
2016-06-15,100299.66508330495
2016-06-16,100299.66508330495
2016-06-17,100299.66508330495
2016-06-18,100299.66508330495
2016-06-19,100299.66508330495
2016-06-20,100299.66508330495
2016-06-21,100299.66508330495
2016-06-22,100299.66508330495
2016-06-23,100299.66508330495
2016-06-24,102498.0511037718
2016-06-25,102498.0511037718
2016-06-26,102498.0511037718
2016-06-27,102498.0511037718
2016-06-28,102498.0511037718
2016-06-29,102498.0511037718
2016-06-30,102498.0511037718
2016-07-01,102498.0511037718
2016-07-02,102498.0511037718
2016-07-03,102498.0511037718
2016-07-04,102498.0511037718
2016-07-05,102498.0511037718
2016-07-06,102498.0511037718
2016-07-07,102498.0511037718
2016-07-08,102498.0511037718
2016-07-09,102498.0511037718
2016-07-10,102498.0511037718
2016-07-11,102498.0511037718
2016-07-12,102498.0511037718
2016-07-13,102498.0511037718
2016-07-14,101207.23140267127
2016-07-15,101207.23140267127
2016-07-16,101207.23140267127
2016-07-17,101207.23140267127
2016-07-18,101207.23140267127
2016-07-19,101207.23140267127
2016-07-20,101207.23140267127
2016-07-21,101207.23140267127
2016-07-22,101207.23140267127
2016-07-23,101207.23140267127
2016-07-24,101207.23140267127
2016-07-25,101207.23140267127
2016-07-26,101207.23140267127
2016-07-27,101207.23140267127
2016-07-28,101207.23140267127
2016-07-29,101207.23140267127
2016-07-30,101207.23140267127
2016-07-31,101207.23140267127
2016-08-01,101207.23140267127
2016-08-02,103268.02647172657
2016-08-03,103268.02647172657
2016-08-04,103268.02647172657
2016-08-05,103268.02647172657
2016-08-06,103268.02647172657
2016-08-07,103268.02647172657
2016-08-08,103268.02647172657
2016-08-09,103268.02647172657
2016-08-10,103268.02647172657
2016-08-11,103268.02647172657
2016-08-12,103268.02647172657
2016-08-13,103268.02647172657
2016-08-14,103268.02647172657
2016-08-15,103268.02647172657
2016-08-16,103268.02647172657
2016-08-17,103268.02647172657
2016-08-18,103268.02647172657
2016-08-19,103268.02647172657
2016-08-20,103268.02647172657
2016-08-21,103268.02647172657
2016-08-22,103268.02647172657
2016-08-23,103268.02647172657
2016-08-24,103268.02647172657
2016-08-25,103268.02647172657
2016-08-26,103268.02647172657
2016-08-27,103268.02647172657
2016-08-28,103268.02647172657
2016-08-29,103268.02647172657
2016-08-30,103268.02647172657
2016-08-31,103268.02647172657
2016-09-01,103268.02647172657
2016-09-02,103268.02647172657
2016-09-03,103268.02647172657
2016-09-04,103268.02647172657
2016-09-05,103268.02647172657
2016-09-06,103268.02647172657
2016-09-07,103268.02647172657
2016-09-08,102091.88633823064
2016-09-09,102091.88633823064
2016-09-10,102091.88633823064
2016-09-11,102091.88633823064
2016-09-12,102091.88633823064
2016-09-13,102091.88633823064
2016-09-14,102091.88633823064
2016-09-15,102091.88633823064
2016-09-16,102091.88633823064
2016-09-17,102091.88633823064
2016-09-18,102091.88633823064
2016-09-19,102091.88633823064
2016-09-20,102091.88633823064
2016-09-21,102091.88633823064
2016-09-22,102091.88633823064
2016-09-23,102091.88633823064
2016-09-24,102091.88633823064
2016-09-25,102091.88633823064
2016-09-26,102091.88633823064
2016-09-27,100598.81749532136
2016-09-28,100598.81749532136
2016-09-29,100598.81749532136
2016-09-30,100598.81749532136
2016-10-01,100598.81749532136
2016-10-02,100598.81749532136
2016-10-03,100598.81749532136
2016-10-04,100598.81749532136
2016-10-05,100598.81749532136
2016-10-06,100598.81749532136
2016-10-07,100598.81749532136
2016-10-08,100598.81749532136
2016-10-09,100598.81749532136
2016-10-10,100598.81749532136
2016-10-11,100598.81749532136
2016-10-12,100598.81749532136
2016-10-13,100598.81749532136
2016-10-14,100598.81749532136
2016-10-15,100598.81749532136
2016-10-16,100598.81749532136
2016-10-17,100598.81749532136
2016-10-18,100598.81749532136
2016-10-19,100598.81749532136
2016-10-20,100598.81749532136
2016-10-21,100598.81749532136
2016-10-22,100598.81749532136
2016-10-23,100598.81749532136
2016-10-24,100598.81749532136
2016-10-25,100598.81749532136
2016-10-26,100598.81749532136
2016-10-27,100598.81749532136
2016-10-28,100598.81749532136
2016-10-29,100598.81749532136
2016-10-30,100598.81749532136
2016-10-31,100598.81749532136
2016-11-01,100598.81749532136
2016-11-02,100598.81749532136
2016-11-03,99448.16602231596
2016-11-04,99448.16602231596
2016-11-05,99448.16602231596
2016-11-06,99448.16602231596
2016-11-07,99448.16602231596
2016-11-08,99448.16602231596
2016-11-09,99448.16602231596
2016-11-10,99448.16602231596
2016-11-11,99448.16602231596
2016-11-12,99448.16602231596
2016-11-13,99448.16602231596
2016-11-14,99448.16602231596
2016-11-15,99448.16602231596
2016-11-16,99448.16602231596
2016-11-17,99448.16602231596
2016-11-18,99448.16602231596
2016-11-19,99448.16602231596
2016-11-20,99448.16602231596
2016-11-21,99448.16602231596
2016-11-22,99448.16602231596
2016-11-23,99448.16602231596
2016-11-24,99448.16602231596
2016-11-25,99448.16602231596
2016-11-26,99448.16602231596
2016-11-27,99448.16602231596
2016-11-28,99448.16602231596
2016-11-29,99448.16602231596
2016-11-30,99448.16602231596
2016-12-01,99448.16602231596
2016-12-02,99448.16602231596
2016-12-03,99448.16602231596
2016-12-04,99448.16602231596
2016-12-05,99448.16602231596
2016-12-06,99448.16602231596
2016-12-07,99448.16602231596
2016-12-08,99448.16602231596
2016-12-09,99448.16602231596
2016-12-10,99448.16602231596
2016-12-11,99448.16602231596
2016-12-12,99448.16602231596
2016-12-13,99448.16602231596
2016-12-14,99448.16602231596
2016-12-15,99448.16602231596
2016-12-16,99448.16602231596
2016-12-17,99448.16602231596
2016-12-18,99448.16602231596
2016-12-19,99448.16602231596
2016-12-20,99448.16602231596
2016-12-21,99448.16602231596
2016-12-22,99448.16602231596
2016-12-23,99448.16602231596
2016-12-24,99448.16602231596
2016-12-25,99448.16602231596
2016-12-26,99448.16602231596
2016-12-27,99448.16602231596
2016-12-28,99448.16602231596
2016-12-29,99448.16602231596
2016-12-30,99448.16602231596
2016-12-31,99448.16602231596
2017-01-01,99448.16602231596
2017-01-02,99448.16602231596
2017-01-03,99448.16602231596
2017-01-04,99448.16602231596
2017-01-05,99448.16602231596
2017-01-06,99448.16602231596
2017-01-07,99448.16602231596
2017-01-08,99448.16602231596
2017-01-09,99448.16602231596
2017-01-10,99448.16602231596
2017-01-11,101494.83116123371
2017-01-12,101494.83116123371
2017-01-13,101494.83116123371
2017-01-14,101494.83116123371
2017-01-15,101494.83116123371
2017-01-16,101494.83116123371
2017-01-17,101494.83116123371
2017-01-18,101494.83116123371
2017-01-19,101494.83116123371
2017-01-20,101494.83116123371
2017-01-21,101494.83116123371
2017-01-22,101494.83116123371
2017-01-23,101494.83116123371
2017-01-24,101494.83116123371
2017-01-25,100244.29287627093
2017-01-26,100244.29287627093
2017-01-27,100244.29287627093
2017-01-28,100244.29287627093
2017-01-29,100244.29287627093
2017-01-30,100244.29287627093
2017-01-31,102204.05758900828
2017-02-01,102204.05758900828
2017-02-02,102204.05758900828
2017-02-03,102204.05758900828
2017-02-04,102204.05758900828
2017-02-05,102204.05758900828
2017-02-06,102204.05758900828
2017-02-07,102204.05758900828
2017-02-08,102204.05758900828
2017-02-09,104202.66743206057
2017-02-10,104202.66743206057
2017-02-11,104202.66743206057
2017-02-12,104202.66743206057
2017-02-13,104202.66743206057
2017-02-14,104202.66743206057
2017-02-15,104202.66743206057
2017-02-16,104202.66743206057
2017-02-17,104202.66743206057
2017-02-18,104202.66743206057
2017-02-19,104202.66743206057
2017-02-20,104202.66743206057
2017-02-21,104202.66743206057
2017-02-22,104202.66743206057
2017-02-23,104202.66743206057
2017-02-24,104202.66743206057
2017-02-25,104202.66743206057
2017-02-26,104202.66743206057
2017-02-27,104202.66743206057
2017-02-28,104202.66743206057
2017-03-01,104202.66743206057
2017-03-02,104202.66743206057
2017-03-03,102832.82296418276
2017-03-04,102832.82296418276
2017-03-05,102832.82296418276
2017-03-06,102832.82296418276
2017-03-07,102832.82296418276
2017-03-08,102832.82296418276
2017-03-09,102832.82296418276
2017-03-10,102832.82296418276
2017-03-11,102832.82296418276
2017-03-12,102832.82296418276
2017-03-13,102832.82296418276
2017-03-14,102832.82296418276
2017-03-15,102832.82296418276
2017-03-16,102832.82296418276
2017-03-17,102832.82296418276
2017-03-18,102832.82296418276
2017-03-19,102832.82296418276
2017-03-20,102832.82296418276
2017-03-21,102832.82296418276
2017-03-22,102832.82296418276
2017-03-23,102832.82296418276
2017-03-24,102832.82296418276
2017-03-25,102832.82296418276
2017-03-26,104946.84748367291
2017-03-27,104946.84748367291
2017-03-28,104946.84748367291
2017-03-29,104946.84748367291
2017-03-30,103767.05192161475
2017-03-31,103767.05192161475
2017-04-01,103767.05192161475
2017-04-02,103767.05192161475
2017-04-03,103767.05192161475
2017-04-04,103767.05192161475
2017-04-05,103767.05192161475
2017-04-06,103767.05192161475
2017-04-07,103767.05192161475
2017-04-08,103767.05192161475
2017-04-09,103767.05192161475
2017-04-10,103767.05192161475
2017-04-11,103767.05192161475
2017-04-12,103767.05192161475
2017-04-13,103767.05192161475
2017-04-14,103767.05192161475
2017-04-15,103767.05192161475
2017-04-16,103767.05192161475
2017-04-17,103767.05192161475
2017-04-18,103767.05192161475
2017-04-19,103767.05192161475
2017-04-20,103767.05192161475
2017-04-21,103767.05192161475
2017-04-22,103767.05192161475
2017-04-23,103767.05192161475
2017-04-24,103767.05192161475
2017-04-25,103767.05192161475
2017-04-26,103767.05192161475
2017-04-27,103767.05192161475
2017-04-28,103767.05192161475
2017-04-29,103767.05192161475
2017-04-30,103767.05192161475
2017-05-01,103767.05192161475
2017-05-02,103767.05192161475
2017-05-03,103767.05192161475
2017-05-04,103767.05192161475
2017-05-05,103767.05192161475
2017-05-06,103767.05192161475
2017-05-07,103767.05192161475
2017-05-08,103767.05192161475
2017-05-09,103767.05192161475
2017-05-10,103767.05192161475
2017-05-11,103767.05192161475
2017-05-12,103767.05192161475
2017-05-13,103767.05192161475
2017-05-14,103767.05192161475
2017-05-15,103767.05192161475
2017-05-16,103767.05192161475
2017-05-17,103767.05192161475
2017-05-18,103767.05192161475
2017-05-19,103767.05192161475
2017-05-20,103767.05192161475
2017-05-21,103767.05192161475
2017-05-22,103767.05192161475
2017-05-23,103767.05192161475
2017-05-24,103767.05192161475
2017-05-25,103767.05192161475
2017-05-26,103767.05192161475
2017-05-27,103767.05192161475
2017-05-28,103767.05192161475
2017-05-29,103767.05192161475
2017-05-30,103767.05192161475
2017-05-31,103767.05192161475
2017-06-01,103767.05192161475
2017-06-02,103767.05192161475
2017-06-03,103767.05192161475
2017-06-04,103767.05192161475
2017-06-05,103767.05192161475
2017-06-06,103767.05192161475
2017-06-07,103767.05192161475
2017-06-08,103767.05192161475
2017-06-09,103767.05192161475
2017-06-10,103767.05192161475
2017-06-11,103767.05192161475
2017-06-12,103767.05192161475
2017-06-13,103767.05192161475
2017-06-14,103767.05192161475
2017-06-15,103767.05192161475
2017-06-16,103767.05192161475
2017-06-17,103767.05192161475
2017-06-18,103767.05192161475
2017-06-19,103767.05192161475
2017-06-20,103767.05192161475
2017-06-21,103767.05192161475
2017-06-22,103767.05192161475
2017-06-23,103767.05192161475
2017-06-24,103767.05192161475
2017-06-25,103767.05192161475
2017-06-26,103767.05192161475
2017-06-27,103767.05192161475
2017-06-28,103767.05192161475
2017-06-29,103767.05192161475
2017-06-30,103767.05192161475
2017-07-01,103767.05192161475
2017-07-02,103767.05192161475
2017-07-03,103767.05192161475
2017-07-04,103767.05192161475
2017-07-05,103767.05192161475
2017-07-06,103767.05192161475
2017-07-07,103767.05192161475
2017-07-08,103767.05192161475
2017-07-09,103767.05192161475
2017-07-10,103767.05192161475
2017-07-11,103767.05192161475
2017-07-12,103767.05192161475
2017-07-13,103767.05192161475
2017-07-14,103767.05192161475
2017-07-15,103767.05192161475
2017-07-16,103767.05192161475
2017-07-17,103767.05192161475
2017-07-18,103767.05192161475
2017-07-19,103767.05192161475
2017-07-20,103767.05192161475
2017-07-21,103767.05192161475
2017-07-22,103767.05192161475
2017-07-23,103767.05192161475
2017-07-24,103767.05192161475
2017-07-25,103767.05192161475
2017-07-26,103767.05192161475
2017-07-27,103767.05192161475
2017-07-28,103767.05192161475
2017-07-29,103767.05192161475
2017-07-30,103767.05192161475
2017-07-31,103767.05192161475
2017-08-01,103767.05192161475
2017-08-02,103767.05192161475
2017-08-03,103767.05192161475
2017-08-04,102234.73516706364
2017-08-05,102234.73516706364
2017-08-06,102234.73516706364
2017-08-07,102234.73516706364
2017-08-08,102234.73516706364
2017-08-09,102234.73516706364
2017-08-10,102234.73516706364
2017-08-11,102234.73516706364
2017-08-12,102234.73516706364
2017-08-13,102234.73516706364
2017-08-14,101047.48712960159
2017-08-15,101047.48712960159
2017-08-16,101047.48712960159
2017-08-17,101047.48712960159
2017-08-18,101047.48712960159
2017-08-19,101047.48712960159
2017-08-20,101047.48712960159
2017-08-21,101047.48712960159
2017-08-22,101047.48712960159
2017-08-23,101047.48712960159
2017-08-24,101047.48712960159
2017-08-25,101047.48712960159
2017-08-26,101047.48712960159
2017-08-27,101047.48712960159
2017-08-28,101047.48712960159
2017-08-29,101047.48712960159
2017-08-30,101047.48712960159
2017-08-31,101047.48712960159
2017-09-01,101047.48712960159
2017-09-02,101047.48712960159
2017-09-03,101047.48712960159
2017-09-04,101047.48712960159
2017-09-05,101047.48712960159
2017-09-06,101047.48712960159
2017-09-07,101047.48712960159
2017-09-08,101047.48712960159
2017-09-09,101047.48712960159
2017-09-10,101047.48712960159
2017-09-11,101047.48712960159
2017-09-12,101047.48712960159
2017-09-13,99974.6899646063
2017-09-14,99974.6899646063
2017-09-15,99974.6899646063
2017-09-16,99974.6899646063
2017-09-17,99974.6899646063
2017-09-18,99974.6899646063
2017-09-19,99974.6899646063
2017-09-20,99974.6899646063
2017-09-21,99974.6899646063
2017-09-22,99974.6899646063
2017-09-23,99974.6899646063
2017-09-24,99974.6899646063
2017-09-25,99974.6899646063
2017-09-26,99974.6899646063
2017-09-27,99974.6899646063
2017-09-28,99974.6899646063
2017-09-29,99974.6899646063
2017-09-30,99974.6899646063
2017-10-01,99974.6899646063
2017-10-02,99974.6899646063
2017-10-03,99974.6899646063
2017-10-04,99974.6899646063
2017-10-05,99974.6899646063
2017-10-06,99974.6899646063
2017-10-07,99974.6899646063
2017-10-08,99974.6899646063
2017-10-09,99974.6899646063
2017-10-10,99974.6899646063
2017-10-11,99974.6899646063
2017-10-12,99974.6899646063
2017-10-13,99974.6899646063
2017-10-14,99974.6899646063
2017-10-15,99974.6899646063
2017-10-16,99974.6899646063
2017-10-17,99974.6899646063
2017-10-18,99974.6899646063
2017-10-19,99974.6899646063
2017-10-20,99974.6899646063
2017-10-21,99974.6899646063
2017-10-22,99974.6899646063
2017-10-23,99974.6899646063
2017-10-24,99974.6899646063
2017-10-25,99974.6899646063
2017-10-26,99974.6899646063
2017-10-27,99974.6899646063
2017-10-28,99974.6899646063
2017-10-29,99974.6899646063
2017-10-30,99974.6899646063
2017-10-31,99974.6899646063
2017-11-01,99974.6899646063
2017-11-02,99974.6899646063
2017-11-03,99974.6899646063
2017-11-04,99974.6899646063
2017-11-05,99974.6899646063
2017-11-06,99974.6899646063
2017-11-07,99974.6899646063
2017-11-08,99974.6899646063
2017-11-09,99974.6899646063
2017-11-10,99974.6899646063
2017-11-11,99974.6899646063
2017-11-12,99974.6899646063
2017-11-13,99974.6899646063
2017-11-14,99974.6899646063
2017-11-15,99974.6899646063
2017-11-16,99974.6899646063
2017-11-17,99974.6899646063
2017-11-18,99974.6899646063
2017-11-19,99974.6899646063
2017-11-20,99974.6899646063
2017-11-21,99974.6899646063
2017-11-22,99974.6899646063
2017-11-23,99974.6899646063
2017-11-24,99974.6899646063
2017-11-25,99974.6899646063
2017-11-26,99974.6899646063
2017-11-27,99974.6899646063
2017-11-28,99974.6899646063
2017-11-29,99974.6899646063
2017-11-30,99974.6899646063
2017-12-01,99974.6899646063
2017-12-02,99974.6899646063
2017-12-03,99974.6899646063
2017-12-04,99974.6899646063
2017-12-05,99974.6899646063
2017-12-06,99974.6899646063
2017-12-07,99974.6899646063
2017-12-08,99974.6899646063
2017-12-09,99974.6899646063
2017-12-10,99974.6899646063
2017-12-11,99974.6899646063
2017-12-12,99974.6899646063
2017-12-13,99974.6899646063
2017-12-14,99974.6899646063
2017-12-15,99974.6899646063
2017-12-16,99974.6899646063
2017-12-17,99974.6899646063
2017-12-18,99974.6899646063
2017-12-19,99974.6899646063
2017-12-20,99974.6899646063
2017-12-21,99974.6899646063
2017-12-22,99974.6899646063
2017-12-23,99974.6899646063
2017-12-24,99974.6899646063
2017-12-25,99974.6899646063
2017-12-26,99974.6899646063
2017-12-27,99974.6899646063
2017-12-28,99974.6899646063
2017-12-29,99974.6899646063
2017-12-30,99974.6899646063
2017-12-31,99974.6899646063
2018-01-01,99974.6899646063
2018-01-02,102201.9212243486
2018-01-03,102201.9212243486
2018-01-04,102201.9212243486
2018-01-05,102201.9212243486
2018-01-06,102201.9212243486
2018-01-07,102201.9212243486
2018-01-08,102201.9212243486
2018-01-09,102201.9212243486
2018-01-10,102201.9212243486
2018-01-11,102201.9212243486
2018-01-12,102201.9212243486
2018-01-13,102201.9212243486
2018-01-14,102201.9212243486
2018-01-15,102201.9212243486
2018-01-16,102201.9212243486
2018-01-17,102201.9212243486
2018-01-18,102201.9212243486
2018-01-19,102201.9212243486
2018-01-20,102201.9212243486
2018-01-21,102201.9212243486
2018-01-22,102201.9212243486
2018-01-23,102201.9212243486
2018-01-24,102201.9212243486
2018-01-25,102201.9212243486
2018-01-26,102201.9212243486
2018-01-27,102201.9212243486
2018-01-28,102201.9212243486
2018-01-29,102201.9212243486
2018-01-30,102201.9212243486
2018-01-31,102201.9212243486
2018-02-01,102201.9212243486
2018-02-02,100842.06832505458
2018-02-03,100842.06832505458
2018-02-04,100842.06832505458
2018-02-05,100842.06832505458
2018-02-06,100842.06832505458
2018-02-07,100842.06832505458
2018-02-08,100842.06832505458
2018-02-09,100842.06832505458
2018-02-10,100842.06832505458
2018-02-11,100842.06832505458
2018-02-12,100842.06832505458
2018-02-13,100842.06832505458
2018-02-14,100842.06832505458
2018-02-15,102817.40462172599
2018-02-16,102817.40462172599
2018-02-17,102817.40462172599
2018-02-18,102817.40462172599
2018-02-19,102817.40462172599
2018-02-20,102817.40462172599
2018-02-21,102817.40462172599
2018-02-22,102817.40462172599
2018-02-23,102817.40462172599
2018-02-24,102817.40462172599
2018-02-25,102817.40462172599
2018-02-26,102817.40462172599
2018-02-27,102817.40462172599
2018-02-28,102817.40462172599
2018-03-01,102817.40462172599
2018-03-02,102817.40462172599
2018-03-03,102817.40462172599
2018-03-04,102817.40462172599
2018-03-05,102817.40462172599
2018-03-06,102817.40462172599
2018-03-07,102817.40462172599
2018-03-08,102817.40462172599
2018-03-09,102817.40462172599
2018-03-10,102817.40462172599
2018-03-11,102817.40462172599
2018-03-12,102817.40462172599
2018-03-13,102817.40462172599
2018-03-14,102817.40462172599
2018-03-15,102817.40462172599
2018-03-16,102817.40462172599
2018-03-17,102817.40462172599
2018-03-18,102817.40462172599
2018-03-19,102817.40462172599
2018-03-20,102817.40462172599
2018-03-21,102817.40462172599
2018-03-22,102817.40462172599
2018-03-23,102817.40462172599
2018-03-24,102817.40462172599
2018-03-25,102817.40462172599
2018-03-26,102817.40462172599
2018-03-27,102817.40462172599
2018-03-28,101664.34670080879
2018-03-29,101664.34670080879
2018-03-30,101664.34670080879
2018-03-31,101664.34670080879
2018-04-01,101664.34670080879
2018-04-02,101664.34670080879
2018-04-03,101664.34670080879
2018-04-04,101664.34670080879
2018-04-05,101664.34670080879
2018-04-06,100558.07354753595
2018-04-07,100558.07354753595
2018-04-08,100558.07354753595
2018-04-09,100558.07354753595
2018-04-10,100558.07354753595
2018-04-11,100558.07354753595
2018-04-12,100558.07354753595
2018-04-13,100558.07354753595
2018-04-14,100558.07354753595
2018-04-15,100558.07354753595
2018-04-16,100558.07354753595
2018-04-17,100558.07354753595
2018-04-18,100558.07354753595
2018-04-19,100558.07354753595
2018-04-20,100558.07354753595
2018-04-21,100558.07354753595
2018-04-22,100558.07354753595
2018-04-23,99470.27600921682
2018-04-24,99470.27600921682
2018-04-25,99470.27600921682
2018-04-26,99470.27600921682
2018-04-27,99470.27600921682
2018-04-28,99470.27600921682
2018-04-29,99470.27600921682
2018-04-30,99470.27600921682
2018-05-01,99470.27600921682
2018-05-02,99470.27600921682
2018-05-03,99470.27600921682
2018-05-04,99470.27600921682
2018-05-05,99470.27600921682
2018-05-06,99470.27600921682
2018-05-07,99470.27600921682
2018-05-08,99470.27600921682
2018-05-09,99470.27600921682
2018-05-10,99470.27600921682
2018-05-11,99470.27600921682
2018-05-12,99470.27600921682
2018-05-13,99470.27600921682
2018-05-14,99470.27600921682
2018-05-15,99470.27600921682
2018-05-16,99470.27600921682
2018-05-17,99470.27600921682
2018-05-18,99470.27600921682
2018-05-19,99470.27600921682
2018-05-20,99470.27600921682
2018-05-21,99470.27600921682
2018-05-22,99470.27600921682
2018-05-23,99470.27600921682
2018-05-24,99470.27600921682
2018-05-25,99470.27600921682
2018-05-26,99470.27600921682
2018-05-27,99470.27600921682
2018-05-28,99470.27600921682
2018-05-29,99470.27600921682
2018-05-30,99470.27600921682
2018-05-31,99470.27600921682
2018-06-01,99470.27600921682
2018-06-02,99470.27600921682
2018-06-03,99470.27600921682
2018-06-04,99470.27600921682
2018-06-05,99470.27600921682
2018-06-06,99470.27600921682
2018-06-07,99470.27600921682
2018-06-08,99470.27600921682
2018-06-09,99470.27600921682
2018-06-10,99470.27600921682
2018-06-11,99470.27600921682
2018-06-12,99470.27600921682
2018-06-13,99470.27600921682
2018-06-14,99470.27600921682
2018-06-15,99470.27600921682
2018-06-16,99470.27600921682
2018-06-17,99470.27600921682
2018-06-18,99470.27600921682
2018-06-19,99470.27600921682
2018-06-20,99470.27600921682
2018-06-21,99470.27600921682
2018-06-22,99470.27600921682
2018-06-23,99470.27600921682
2018-06-24,99470.27600921682
2018-06-25,99470.27600921682
2018-06-26,99470.27600921682
2018-06-27,99470.27600921682
2018-06-28,99470.27600921682
2018-06-29,99470.27600921682
2018-06-30,99470.27600921682
2018-07-01,99470.27600921682
2018-07-02,99470.27600921682
2018-07-03,99470.27600921682
2018-07-04,99470.27600921682
2018-07-05,99470.27600921682
2018-07-06,99470.27600921682
2018-07-07,99470.27600921682
2018-07-08,99470.27600921682
2018-07-09,99470.27600921682
2018-07-10,99470.27600921682
2018-07-11,99470.27600921682
2018-07-12,99470.27600921682
2018-07-13,99470.27600921682
2018-07-14,99470.27600921682
2018-07-15,99470.27600921682
2018-07-16,99470.27600921682
2018-07-17,99470.27600921682
2018-07-18,99470.27600921682
2018-07-19,99470.27600921682
2018-07-20,99470.27600921682
2018-07-21,99470.27600921682
2018-07-22,99470.27600921682
2018-07-23,99470.27600921682
2018-07-24,99470.27600921682
2018-07-25,99470.27600921682
2018-07-26,99470.27600921682
2018-07-27,99470.27600921682
2018-07-28,99470.27600921682
2018-07-29,99470.27600921682
2018-07-30,99470.27600921682
2018-07-31,99470.27600921682
2018-08-01,99470.27600921682
2018-08-02,99470.27600921682
2018-08-03,99470.27600921682
2018-08-04,99470.27600921682
2018-08-05,99470.27600921682
2018-08-06,99470.27600921682
2018-08-07,99470.27600921682
2018-08-08,99470.27600921682
2018-08-09,99470.27600921682
2018-08-10,99470.27600921682
2018-08-11,99470.27600921682
2018-08-12,99470.27600921682
2018-08-13,99470.27600921682
2018-08-14,99470.27600921682
2018-08-15,99470.27600921682
2018-08-16,99470.27600921682
2018-08-17,99470.27600921682
2018-08-18,99470.27600921682
2018-08-19,99470.27600921682
2018-08-20,99470.27600921682
2018-08-21,99470.27600921682
2018-08-22,99470.27600921682
2018-08-23,99470.27600921682
2018-08-24,99470.27600921682
2018-08-25,99470.27600921682
2018-08-26,99470.27600921682
2018-08-27,99470.27600921682
2018-08-28,99470.27600921682
2018-08-29,99470.27600921682
2018-08-30,99470.27600921682
2018-08-31,99470.27600921682
2018-09-01,99470.27600921682
2018-09-02,99470.27600921682
2018-09-03,99470.27600921682
2018-09-04,99470.27600921682
2018-09-05,99470.27600921682
2018-09-06,99470.27600921682
2018-09-07,99470.27600921682
2018-09-08,99470.27600921682
2018-09-09,99470.27600921682
2018-09-10,99470.27600921682
2018-09-11,99470.27600921682
2018-09-12,99470.27600921682
2018-09-13,99470.27600921682
2018-09-14,98390.87617106369
2018-09-15,98390.87617106369
2018-09-16,98390.87617106369
2018-09-17,98390.87617106369
2018-09-18,98390.87617106369
2018-09-19,98390.87617106369
2018-09-20,98390.87617106369
2018-09-21,98390.87617106369
2018-09-22,98390.87617106369
2018-09-23,98390.87617106369
2018-09-24,98390.87617106369
2018-09-25,98390.87617106369
2018-09-26,97203.78342821385
2018-09-27,97203.78342821385
2018-09-28,97203.78342821385
2018-09-29,97203.78342821385
2018-09-30,97203.78342821385
2018-10-01,97203.78342821385
2018-10-02,97203.78342821385
2018-10-03,97203.78342821385
2018-10-04,97203.78342821385
2018-10-05,97203.78342821385
2018-10-06,97203.78342821385
2018-10-07,97203.78342821385
2018-10-08,97203.78342821385
2018-10-09,97203.78342821385
2018-10-10,97203.78342821385
2018-10-11,97203.78342821385
2018-10-12,97203.78342821385
2018-10-13,97203.78342821385
2018-10-14,97203.78342821385
2018-10-15,97203.78342821385
2018-10-16,97203.78342821385
2018-10-17,97203.78342821385
2018-10-18,97203.78342821385
2018-10-19,97203.78342821385
2018-10-20,97203.78342821385
2018-10-21,97203.78342821385
2018-10-22,97203.78342821385
2018-10-23,97203.78342821385
2018-10-24,97203.78342821385
2018-10-25,97203.78342821385
2018-10-26,97203.78342821385
2018-10-27,97203.78342821385
2018-10-28,97203.78342821385
2018-10-29,97203.78342821385
2018-10-30,95858.64768802581
2018-10-31,95858.64768802581
2018-11-01,95858.64768802581
2018-11-02,95858.64768802581
2018-11-03,95858.64768802581
2018-11-04,95858.64768802581
2018-11-05,95858.64768802581
2018-11-06,95858.64768802581
2018-11-07,95858.64768802581
2018-11-08,94807.61492687764
2018-11-09,94807.61492687764
2018-11-10,94807.61492687764
2018-11-11,94807.61492687764
2018-11-12,94807.61492687764
2018-11-13,94807.61492687764
2018-11-14,94807.61492687764
2018-11-15,94807.61492687764
2018-11-16,94807.61492687764
2018-11-17,94807.61492687764
2018-11-18,94807.61492687764
2018-11-19,94807.61492687764
2018-11-20,94807.61492687764
2018-11-21,94807.61492687764
2018-11-22,94807.61492687764
2018-11-23,94807.61492687764
2018-11-24,94807.61492687764
2018-11-25,94807.61492687764
2018-11-26,94807.61492687764
2018-11-27,94807.61492687764
2018-11-28,94807.61492687764
2018-11-29,94807.61492687764
2018-11-30,94807.61492687764
2018-12-01,94807.61492687764
2018-12-02,94807.61492687764
2018-12-03,94807.61492687764
2018-12-04,94807.61492687764
2018-12-05,94807.61492687764
2018-12-06,94807.61492687764
2018-12-07,96922.54439442312
2018-12-08,96922.54439442312
2018-12-09,96922.54439442312
2018-12-10,96922.54439442312
2018-12-11,96922.54439442312
2018-12-12,96922.54439442312
2018-12-13,96922.54439442312
2018-12-14,96922.54439442312
2018-12-15,96922.54439442312
2018-12-16,96922.54439442312
2018-12-17,96922.54439442312
2018-12-18,96922.54439442312
2018-12-19,96922.54439442312
2018-12-20,99519.15594199761
2018-12-21,99519.15594199761
2018-12-22,99519.15594199761
2018-12-23,99519.15594199761
2018-12-24,99519.15594199761
2018-12-25,99519.15594199761
2018-12-26,99519.15594199761
2018-12-27,99519.15594199761
2018-12-28,99519.15594199761
2018-12-29,99519.15594199761
2018-12-30,99519.15594199761
2018-12-31,99519.15594199761
2019-01-01,99519.15594199761
2019-01-02,99519.15594199761
2019-01-03,101731.17090210262
2019-01-04,101731.17090210262
2019-01-05,101731.17090210262
2019-01-06,101731.17090210262
2019-01-07,101731.17090210262
2019-01-08,101731.17090210262
2019-01-09,101731.17090210262
2019-01-10,101731.17090210262
2019-01-11,101731.17090210262
2019-01-12,101731.17090210262
2019-01-13,101731.17090210262
2019-01-14,101731.17090210262
2019-01-15,101731.17090210262
2019-01-16,101731.17090210262
2019-01-17,101731.17090210262
2019-01-18,101731.17090210262
2019-01-19,101731.17090210262
2019-01-20,101731.17090210262
2019-01-21,101731.17090210262
2019-01-22,101731.17090210262
2019-01-23,101731.17090210262
2019-01-24,101731.17090210262
2019-01-25,101731.17090210262
2019-01-26,101731.17090210262
2019-01-27,101731.17090210262
2019-01-28,103760.86424361942
2019-01-29,103760.86424361942
2019-01-30,103760.86424361942
2019-01-31,103760.86424361942
2019-02-01,103760.86424361942
2019-02-02,103760.86424361942
2019-02-03,103760.86424361942
2019-02-04,103760.86424361942
2019-02-05,103760.86424361942
2019-02-06,103760.86424361942
2019-02-07,103760.86424361942
2019-02-08,103760.86424361942
2019-02-09,103760.86424361942
2019-02-10,103760.86424361942
2019-02-11,103760.86424361942
2019-02-12,103760.86424361942
2019-02-13,103760.86424361942
2019-02-14,103760.86424361942
2019-02-15,103760.86424361942
2019-02-16,103760.86424361942
2019-02-17,103760.86424361942
2019-02-18,103760.86424361942
2019-02-19,103760.86424361942
2019-02-20,103760.86424361942
2019-02-21,102318.73259941065
2019-02-22,102318.73259941065
2019-02-23,102318.73259941065
2019-02-24,102318.73259941065
2019-02-25,102318.73259941065
2019-02-26,102318.73259941065
2019-02-27,100994.37532461937
2019-02-28,100994.37532461937
2019-03-01,100994.37532461937
2019-03-02,100994.37532461937
2019-03-03,100994.37532461937
2019-03-04,100994.37532461937
2019-03-05,100994.37532461937
2019-03-06,100994.37532461937
2019-03-07,100994.37532461937
2019-03-08,100994.37532461937
2019-03-09,100994.37532461937
2019-03-10,100994.37532461937
2019-03-11,100994.37532461937
2019-03-12,100994.37532461937
2019-03-13,100994.37532461937
2019-03-14,100994.37532461937
2019-03-15,100994.37532461937
2019-03-16,100994.37532461937
2019-03-17,100994.37532461937
2019-03-18,100994.37532461937
2019-03-19,100994.37532461937
2019-03-20,100994.37532461937
2019-03-21,100994.37532461937
2019-03-22,100994.37532461937
2019-03-23,100994.37532461937
2019-03-24,100994.37532461937
2019-03-25,100994.37532461937
2019-03-26,100994.37532461937
2019-03-27,100994.37532461937
2019-03-28,100994.37532461937
2019-03-29,100994.37532461937
2019-03-30,100994.37532461937
2019-03-31,100994.37532461937
2019-04-01,100994.37532461937
2019-04-02,100994.37532461937
2019-04-03,100994.37532461937
2019-04-04,100994.37532461937
2019-04-05,100994.37532461937
2019-04-06,100994.37532461937
2019-04-07,100994.37532461937
2019-04-08,100994.37532461937
2019-04-09,100994.37532461937
2019-04-10,100994.37532461937
2019-04-11,100994.37532461937
2019-04-12,100994.37532461937
2019-04-13,100994.37532461937
2019-04-14,100994.37532461937
2019-04-15,100994.37532461937
2019-04-16,100994.37532461937
2019-04-17,100994.37532461937
2019-04-18,100994.37532461937
2019-04-19,100994.37532461937
2019-04-20,100994.37532461937
2019-04-21,100994.37532461937
2019-04-22,100994.37532461937
2019-04-23,100994.37532461937
2019-04-24,100994.37532461937
2019-04-25,100994.37532461937
2019-04-26,100994.37532461937
2019-04-27,100994.37532461937
2019-04-28,100994.37532461937
2019-04-29,100994.37532461937
2019-04-30,100994.37532461937
2019-05-01,100994.37532461937
2019-05-02,100994.37532461937
2019-05-03,100994.37532461937
2019-05-04,100994.37532461937
2019-05-05,100994.37532461937
2019-05-06,100994.37532461937
2019-05-07,100994.37532461937
2019-05-08,100994.37532461937
2019-05-09,100994.37532461937
2019-05-10,100994.37532461937
2019-05-11,100994.37532461937
2019-05-12,100994.37532461937
2019-05-13,100994.37532461937
2019-05-14,100994.37532461937
2019-05-15,100994.37532461937
2019-05-16,100994.37532461937
2019-05-17,99593.70737868513
2019-05-18,99593.70737868513
2019-05-19,99593.70737868513
2019-05-20,99593.70737868513
2019-05-21,99593.70737868513
2019-05-22,99593.70737868513
2019-05-23,99593.70737868513
2019-05-24,99593.70737868513
2019-05-25,99593.70737868513
2019-05-26,99593.70737868513
2019-05-27,99593.70737868513
2019-05-28,99593.70737868513
2019-05-29,99593.70737868513
2019-05-30,99593.70737868513
2019-05-31,99593.70737868513
2019-06-01,99593.70737868513
2019-06-02,99593.70737868513
2019-06-03,99593.70737868513
2019-06-04,99593.70737868513
2019-06-05,99593.70737868513
2019-06-06,99593.70737868513
2019-06-07,99593.70737868513
2019-06-08,99593.70737868513
2019-06-09,99593.70737868513
2019-06-10,98460.72235487866
2019-06-11,98460.72235487866
2019-06-12,98460.72235487866
2019-06-13,98460.72235487866
2019-06-14,98460.72235487866
2019-06-15,98460.72235487866
2019-06-16,98460.72235487866
2019-06-17,98460.72235487866
2019-06-18,98460.72235487866
2019-06-19,98460.72235487866
2019-06-20,101517.18860507455
2019-06-21,101517.18860507455
2019-06-22,101517.18860507455
2019-06-23,101517.18860507455
2019-06-24,101517.18860507455
2019-06-25,101517.18860507455
2019-06-26,101517.18860507455
2019-06-27,101517.18860507455
2019-06-28,101517.18860507455
2019-06-29,101517.18860507455
2019-06-30,101517.18860507455
2019-07-01,101517.18860507455
2019-07-02,101517.18860507455
2019-07-03,101517.18860507455
2019-07-04,101517.18860507455
2019-07-05,101517.18860507455
2019-07-06,101517.18860507455
2019-07-07,101517.18860507455
2019-07-08,101517.18860507455
2019-07-09,101517.18860507455
2019-07-10,101517.18860507455
2019-07-11,101517.18860507455
2019-07-12,101517.18860507455
2019-07-13,101517.18860507455
2019-07-14,101517.18860507455
2019-07-15,101517.18860507455
2019-07-16,101517.18860507455
2019-07-17,101517.18860507455
2019-07-18,101517.18860507455
2019-07-19,101517.18860507455
2019-07-20,101517.18860507455
2019-07-21,101517.18860507455
2019-07-22,101517.18860507455
2019-07-23,100363.990806708
2019-07-24,100363.990806708
2019-07-25,100363.990806708
2019-07-26,100363.990806708
2019-07-27,100363.990806708
2019-07-28,100363.990806708
2019-07-29,100363.990806708
2019-07-30,100363.990806708
2019-07-31,100363.990806708
2019-08-01,100363.990806708
2019-08-02,100363.990806708
2019-08-03,100363.990806708
2019-08-04,100363.990806708
2019-08-05,100363.990806708
2019-08-06,100363.990806708
2019-08-07,100363.990806708
2019-08-08,100363.990806708
2019-08-09,100363.990806708
2019-08-10,100363.990806708
2019-08-11,100363.990806708
2019-08-12,100363.990806708
2019-08-13,100363.990806708
2019-08-14,100363.990806708
2019-08-15,100363.990806708
2019-08-16,100363.990806708
2019-08-17,100363.990806708
2019-08-18,100363.990806708
2019-08-19,100363.990806708
2019-08-20,100363.990806708
2019-08-21,100363.990806708
2019-08-22,100363.990806708
2019-08-23,100363.990806708
2019-08-24,100363.990806708
2019-08-25,100363.990806708
2019-08-26,100363.990806708
2019-08-27,100363.990806708
2019-08-28,100363.990806708
2019-08-29,100363.990806708
2019-08-30,100363.990806708
2019-08-31,100363.990806708
2019-09-01,100363.990806708
2019-09-02,100363.990806708
2019-09-03,102379.58279435929
2019-09-04,102379.58279435929
2019-09-05,102379.58279435929
2019-09-06,102379.58279435929
2019-09-07,102379.58279435929
2019-09-08,102379.58279435929
2019-09-09,102379.58279435929
2019-09-10,102379.58279435929
2019-09-11,102379.58279435929
2019-09-12,102379.58279435929
2019-09-13,102379.58279435929
2019-09-14,102379.58279435929
2019-09-15,102379.58279435929
2019-09-16,102379.58279435929
2019-09-17,102379.58279435929
2019-09-18,102379.58279435929
2019-09-19,102379.58279435929
2019-09-20,102379.58279435929
2019-09-21,102379.58279435929
2019-09-22,102379.58279435929
2019-09-23,102379.58279435929
2019-09-24,102379.58279435929
2019-09-25,102379.58279435929
2019-09-26,102379.58279435929
2019-09-27,102379.58279435929
2019-09-28,102379.58279435929
2019-09-29,102379.58279435929
2019-09-30,100913.70306691248
2019-10-01,100913.70306691248
2019-10-02,100913.70306691248
2019-10-03,100913.70306691248
2019-10-04,100913.70306691248
2019-10-05,100913.70306691248
2019-10-06,100913.70306691248
2019-10-07,100913.70306691248
2019-10-08,100913.70306691248
2019-10-09,100913.70306691248
2019-10-10,100913.70306691248
2019-10-11,100913.70306691248
2019-10-12,100913.70306691248
2019-10-13,100913.70306691248
2019-10-14,100913.70306691248
2019-10-15,100913.70306691248
2019-10-16,100913.70306691248
2019-10-17,100913.70306691248
2019-10-18,100913.70306691248
2019-10-19,100913.70306691248
2019-10-20,100913.70306691248
2019-10-21,100913.70306691248
2019-10-22,100913.70306691248
2019-10-23,100913.70306691248
2019-10-24,100913.70306691248
2019-10-25,100913.70306691248
2019-10-26,100913.70306691248
2019-10-27,100913.70306691248
2019-10-28,99132.78263985303
2019-10-29,99132.78263985303
2019-10-30,99132.78263985303
2019-10-31,99132.78263985303
2019-11-01,99132.78263985303
2019-11-02,99132.78263985303
2019-11-03,99132.78263985303
2019-11-04,99132.78263985303
2019-11-05,99132.78263985303
2019-11-06,99132.78263985303
2019-11-07,99132.78263985303
2019-11-08,99132.78263985303
2019-11-09,99132.78263985303
2019-11-10,99132.78263985303
2019-11-11,99132.78263985303
2019-11-12,99132.78263985303
2019-11-13,99132.78263985303
2019-11-14,99132.78263985303
2019-11-15,99132.78263985303
2019-11-16,99132.78263985303
2019-11-17,99132.78263985303
2019-11-18,99132.78263985303
2019-11-19,99132.78263985303
2019-11-20,99132.78263985303
2019-11-21,99132.78263985303
2019-11-22,99132.78263985303
2019-11-23,99132.78263985303
2019-11-24,99132.78263985303
2019-11-25,99132.78263985303
2019-11-26,99132.78263985303
2019-11-27,99132.78263985303
2019-11-28,99132.78263985303
2019-11-29,99132.78263985303
2019-11-30,99132.78263985303
2019-12-01,99132.78263985303
2019-12-02,99132.78263985303
2019-12-03,99132.78263985303
2019-12-04,99132.78263985303
2019-12-05,99132.78263985303
2019-12-06,99132.78263985303
2019-12-07,99132.78263985303
2019-12-08,99132.78263985303
2019-12-09,99132.78263985303
2019-12-10,99132.78263985303
2019-12-11,99132.78263985303
2019-12-12,99132.78263985303
2019-12-13,99132.78263985303
2019-12-14,99132.78263985303
2019-12-15,99132.78263985303
2019-12-16,99132.78263985303
2019-12-17,99132.78263985303
2019-12-18,99132.78263985303
2019-12-19,99132.78263985303
2019-12-20,99132.78263985303
2019-12-21,99132.78263985303
2019-12-22,99132.78263985303
2019-12-23,99132.78263985303
2019-12-24,101086.61279980527
2019-12-25,101086.61279980527
2019-12-26,101086.61279980527
2019-12-27,101086.61279980527
2019-12-28,101086.61279980527
2019-12-29,101086.61279980527
2019-12-30,101086.61279980527
2019-12-31,101086.61279980527
2020-01-01,101086.61279980527
2020-01-02,103158.95629475858
2020-01-03,103158.95629475858
2020-01-04,103158.95629475858
2020-01-05,103158.95629475858
2020-01-06,103158.95629475858
2020-01-07,103158.95629475858
2020-01-08,103158.95629475858
2020-01-09,103158.95629475858
2020-01-10,103158.95629475858
2020-01-11,103158.95629475858
2020-01-12,103158.95629475858
2020-01-13,103158.95629475858
2020-01-14,103158.95629475858
2020-01-15,103158.95629475858
2020-01-16,103158.95629475858
2020-01-17,103158.95629475858
2020-01-18,103158.95629475858
2020-01-19,103158.95629475858
2020-01-20,103158.95629475858
2020-01-21,103158.95629475858
2020-01-22,103158.95629475858
2020-01-23,103158.95629475858
2020-01-24,103158.95629475858
2020-01-25,103158.95629475858
2020-01-26,103158.95629475858
2020-01-27,103158.95629475858
2020-01-28,103158.95629475858
2020-01-29,103158.95629475858
2020-01-30,103158.95629475858
2020-01-31,105198.51180750347
2020-02-01,105198.51180750347
2020-02-02,105198.51180750347
2020-02-03,105198.51180750347
2020-02-04,105198.51180750347
2020-02-05,105198.51180750347
2020-02-06,105198.51180750347
2020-02-07,105198.51180750347
2020-02-08,105198.51180750347
2020-02-09,105198.51180750347
2020-02-10,105198.51180750347
2020-02-11,105198.51180750347
2020-02-12,105198.51180750347
2020-02-13,105198.51180750347
2020-02-14,105198.51180750347
2020-02-15,105198.51180750347
2020-02-16,105198.51180750347
2020-02-17,105198.51180750347
2020-02-18,107696.73485600599
2020-02-19,107696.73485600599
2020-02-20,107696.73485600599
2020-02-21,110255.03398631522
2020-02-22,110255.03398631522
2020-02-23,110255.03398631522
2020-02-24,110255.03398631522
2020-02-25,110255.03398631522
2020-02-26,110255.03398631522
2020-02-27,110255.03398631522
2020-02-28,110255.03398631522
2020-02-29,110255.03398631522
2020-03-01,110255.03398631522
2020-03-02,110255.03398631522
2020-03-03,110255.03398631522
2020-03-04,110255.03398631522
2020-03-05,110255.03398631522
2020-03-06,110255.03398631522
2020-03-07,110255.03398631522
2020-03-08,110255.03398631522
2020-03-09,110255.03398631522
2020-03-10,109004.20729489188
2020-03-11,109004.20729489188
2020-03-12,109004.20729489188
2020-03-13,109004.20729489188
2020-03-14,109004.20729489188
2020-03-15,109004.20729489188
2020-03-16,109004.20729489188
2020-03-17,109004.20729489188
2020-03-18,109004.20729489188
2020-03-19,109004.20729489188
2020-03-20,109004.20729489188
2020-03-21,109004.20729489188
2020-03-22,109004.20729489188
2020-03-23,109004.20729489188
2020-03-24,109004.20729489188
2020-03-25,109004.20729489188
2020-03-26,109004.20729489188
2020-03-27,109004.20729489188
2020-03-28,109004.20729489188
2020-03-29,109004.20729489188
2020-03-30,109004.20729489188
2020-03-31,109004.20729489188
2020-04-01,109004.20729489188
2020-04-02,109004.20729489188
2020-04-03,109004.20729489188
2020-04-04,109004.20729489188
2020-04-05,109004.20729489188
2020-04-06,109004.20729489188
2020-04-07,109004.20729489188
2020-04-08,109004.20729489188
2020-04-09,109004.20729489188
2020-04-10,109004.20729489188
2020-04-11,109004.20729489188
2020-04-12,109004.20729489188
2020-04-13,111260.76383411004
2020-04-14,111260.76383411004
2020-04-15,111260.76383411004
2020-04-16,111260.76383411004
2020-04-17,111260.76383411004
2020-04-18,111260.76383411004
2020-04-19,111260.76383411004
2020-04-20,111260.76383411004
2020-04-21,111260.76383411004
2020-04-22,111260.76383411004
2020-04-23,111260.76383411004
2020-04-24,111260.76383411004
2020-04-25,111260.76383411004
2020-04-26,111260.76383411004
2020-04-27,111260.76383411004
2020-04-28,111260.76383411004
2020-04-29,111260.76383411004
2020-04-30,111260.76383411004
2020-05-01,111260.76383411004
2020-05-02,111260.76383411004
2020-05-03,111260.76383411004
2020-05-04,111260.76383411004
2020-05-05,111260.76383411004
2020-05-06,111260.76383411004
2020-05-07,111260.76383411004
2020-05-08,111260.76383411004
2020-05-09,111260.76383411004
2020-05-10,111260.76383411004
2020-05-11,111260.76383411004
2020-05-12,111260.76383411004
2020-05-13,111260.76383411004
2020-05-14,111260.76383411004
2020-05-15,113852.97504029103
2020-05-16,113852.97504029103
2020-05-17,113852.97504029103
2020-05-18,113852.97504029103
2020-05-19,113852.97504029103
2020-05-20,113852.97504029103
2020-05-21,113852.97504029103
2020-05-22,113852.97504029103
2020-05-23,113852.97504029103
2020-05-24,113852.97504029103
2020-05-25,113852.97504029103
2020-05-26,112135.05253547513
2020-05-27,112135.05253547513
2020-05-28,112135.05253547513
2020-05-29,112135.05253547513
2020-05-30,112135.05253547513
2020-05-31,112135.05253547513
2020-06-01,112135.05253547513
2020-06-02,112135.05253547513
2020-06-03,112135.05253547513
2020-06-04,112135.05253547513
2020-06-05,112135.05253547513
2020-06-06,112135.05253547513
2020-06-07,112135.05253547513
2020-06-08,112135.05253547513
2020-06-09,112135.05253547513
2020-06-10,112135.05253547513
2020-06-11,112135.05253547513
2020-06-12,112135.05253547513
2020-06-13,112135.05253547513
2020-06-14,112135.05253547513
2020-06-15,112135.05253547513
2020-06-16,112135.05253547513
2020-06-17,112135.05253547513
2020-06-18,112135.05253547513
2020-06-19,112135.05253547513
2020-06-20,112135.05253547513
2020-06-21,112135.05253547513
2020-06-22,112135.05253547513
2020-06-23,112135.05253547513
2020-06-24,112135.05253547513
2020-06-25,112135.05253547513
2020-06-26,112135.05253547513
2020-06-27,112135.05253547513
2020-06-28,112135.05253547513
2020-06-29,112135.05253547513
2020-06-30,114553.3732013513
2020-07-01,114553.3732013513
2020-07-02,114553.3732013513
2020-07-03,114553.3732013513
2020-07-04,114553.3732013513
2020-07-05,114553.3732013513
2020-07-06,114553.3732013513
2020-07-07,114553.3732013513
2020-07-08,117166.8031135788
2020-07-09,117166.8031135788
2020-07-10,117166.8031135788
2020-07-11,117166.8031135788
2020-07-12,117166.8031135788
2020-07-13,117166.8031135788
2020-07-14,117166.8031135788
2020-07-15,117166.8031135788
2020-07-16,117166.8031135788
2020-07-17,117166.8031135788
2020-07-18,117166.8031135788
2020-07-19,117166.8031135788
2020-07-20,117166.8031135788
2020-07-21,119716.54370576839
2020-07-22,119716.54370576839
2020-07-23,119716.54370576839
2020-07-24,119716.54370576839
2020-07-25,119716.54370576839
2020-07-26,119716.54370576839
2020-07-27,123181.19042274643
2020-07-28,123181.19042274643
2020-07-29,123181.19042274643
2020-07-30,123181.19042274643
2020-07-31,123181.19042274643
2020-08-01,123181.19042274643
2020-08-02,123181.19042274643
2020-08-03,123181.19042274643
2020-08-04,123181.19042274643
2020-08-05,123181.19042274643
2020-08-06,123181.19042274643
2020-08-07,123181.19042274643
2020-08-08,123181.19042274643
2020-08-09,123181.19042274643
2020-08-10,121885.90653485857
2020-08-11,121885.90653485857
2020-08-12,121885.90653485857
2020-08-13,121885.90653485857
2020-08-14,121885.90653485857
2020-08-15,121885.90653485857
2020-08-16,121885.90653485857
2020-08-17,121885.90653485857
2020-08-18,121885.90653485857
2020-08-19,121885.90653485857
2020-08-20,121885.90653485857
2020-08-21,121885.90653485857
2020-08-22,121885.90653485857
2020-08-23,121885.90653485857
2020-08-24,121885.90653485857
2020-08-25,121885.90653485857
2020-08-26,121885.90653485857
2020-08-27,121885.90653485857
2020-08-28,121885.90653485857
2020-08-29,121885.90653485857
2020-08-30,121885.90653485857
2020-08-31,121885.90653485857
2020-09-01,121885.90653485857
2020-09-02,121885.90653485857
2020-09-03,120457.74529417648
2020-09-04,120457.74529417648
2020-09-05,120457.74529417648
2020-09-06,120457.74529417648
2020-09-07,120457.74529417648
2020-09-08,120457.74529417648
2020-09-09,120457.74529417648
2020-09-10,120457.74529417648
2020-09-11,120457.74529417648
2020-09-12,120457.74529417648
2020-09-13,120457.74529417648
2020-09-14,120457.74529417648
2020-09-15,120457.74529417648
2020-09-16,120457.74529417648
2020-09-17,120457.74529417648
2020-09-18,120457.74529417648
2020-09-19,120457.74529417648
2020-09-20,120457.74529417648
2020-09-21,120457.74529417648
2020-09-22,120457.74529417648
2020-09-23,120457.74529417648
2020-09-24,120457.74529417648
2020-09-25,120457.74529417648
2020-09-26,120457.74529417648
2020-09-27,120457.74529417648
2020-09-28,120457.74529417648
2020-09-29,120457.74529417648
2020-09-30,120457.74529417648
2020-10-01,120457.74529417648
2020-10-02,120457.74529417648
2020-10-03,120457.74529417648
2020-10-04,120457.74529417648
2020-10-05,120457.74529417648
2020-10-06,120457.74529417648
2020-10-07,120457.74529417648
2020-10-08,120457.74529417648
2020-10-09,120457.74529417648
2020-10-10,120457.74529417648
2020-10-11,120457.74529417648
2020-10-12,120457.74529417648
2020-10-13,118541.82303186019
2020-10-14,118541.82303186019
2020-10-15,118541.82303186019
2020-10-16,118541.82303186019
2020-10-17,118541.82303186019
2020-10-18,118541.82303186019
2020-10-19,118541.82303186019
2020-10-20,118541.82303186019
2020-10-21,118541.82303186019
2020-10-22,118541.82303186019
2020-10-23,118541.82303186019
2020-10-24,118541.82303186019
2020-10-25,118541.82303186019
2020-10-26,118541.82303186019
2020-10-27,118541.82303186019
2020-10-28,118541.82303186019
2020-10-29,118541.82303186019
2020-10-30,118541.82303186019
2020-10-31,118541.82303186019
2020-11-01,118541.82303186019
2020-11-02,118541.82303186019
2020-11-03,118541.82303186019
2020-11-04,118541.82303186019
2020-11-05,121003.63865684163
2020-11-06,121003.63865684163
2020-11-07,121003.63865684163
2020-11-08,121003.63865684163
2020-11-09,116659.47428060124
2020-11-10,116659.47428060124
2020-11-11,116659.47428060124
2020-11-12,116659.47428060124
2020-11-13,116659.47428060124
2020-11-14,116659.47428060124
2020-11-15,116659.47428060124
2020-11-16,116659.47428060124
2020-11-17,116659.47428060124
2020-11-18,116659.47428060124
2020-11-19,116659.47428060124
2020-11-20,116659.47428060124
2020-11-21,116659.47428060124
2020-11-22,116659.47428060124
2020-11-23,116659.47428060124
2020-11-24,116659.47428060124
2020-11-25,116659.47428060124
2020-11-26,116659.47428060124
2020-11-27,116659.47428060124
2020-11-28,116659.47428060124
2020-11-29,116659.47428060124
2020-11-30,116659.47428060124
2020-12-01,116659.47428060124
2020-12-02,116659.47428060124
2020-12-03,116659.47428060124
2020-12-04,116659.47428060124
2020-12-05,116659.47428060124
2020-12-06,116659.47428060124
2020-12-07,116659.47428060124
2020-12-08,116659.47428060124
2020-12-09,116659.47428060124
2020-12-10,116659.47428060124
2020-12-11,116659.47428060124
2020-12-12,116659.47428060124
2020-12-13,116659.47428060124
2020-12-14,116659.47428060124
2020-12-15,116659.47428060124
2020-12-16,116659.47428060124
2020-12-17,116659.47428060124
2020-12-18,116659.47428060124
2020-12-19,116659.47428060124
2020-12-20,116659.47428060124
2020-12-21,116659.47428060124
2020-12-22,116659.47428060124
2020-12-23,116659.47428060124
2020-12-24,116659.47428060124
2020-12-25,116659.47428060124
2020-12-26,116659.47428060124
2020-12-27,116659.47428060124
2020-12-28,116659.47428060124
2020-12-29,116659.47428060124
2020-12-30,116659.47428060124
2020-12-31,116659.47428060124
2021-01-01,116659.47428060124
2021-01-02,116659.47428060124
2021-01-03,119670.23176691626
2021-01-04,119670.23176691626
2021-01-05,119670.23176691626
2021-01-06,119670.23176691626
2021-01-07,119670.23176691626
2021-01-08,119670.23176691626
2021-01-09,119670.23176691626
2021-01-10,119670.23176691626
2021-01-11,119670.23176691626
2021-01-12,119670.23176691626
2021-01-13,119670.23176691626
2021-01-14,119670.23176691626
2021-01-15,119670.23176691626
2021-01-16,119670.23176691626
2021-01-17,119670.23176691626
2021-01-18,119670.23176691626
2021-01-19,119670.23176691626
2021-01-20,119670.23176691626
2021-01-21,119670.23176691626
2021-01-22,119670.23176691626
2021-01-23,119670.23176691626
2021-01-24,119670.23176691626
2021-01-25,119670.23176691626
2021-01-26,119670.23176691626
2021-01-27,119670.23176691626
2021-01-28,119670.23176691626
2021-01-29,119670.23176691626
2021-01-30,119670.23176691626
2021-01-31,119670.23176691626
2021-02-01,119670.23176691626
2021-02-02,119670.23176691626
2021-02-03,119670.23176691626
2021-02-04,119670.23176691626
2021-02-05,119670.23176691626
2021-02-06,119670.23176691626
2021-02-07,119670.23176691626
2021-02-08,119670.23176691626
2021-02-09,119670.23176691626
2021-02-10,119670.23176691626
2021-02-11,119670.23176691626
2021-02-12,119670.23176691626
2021-02-13,119670.23176691626
2021-02-14,119670.23176691626
2021-02-15,119670.23176691626
2021-02-16,119670.23176691626
2021-02-17,119670.23176691626
2021-02-18,119670.23176691626
2021-02-19,119670.23176691626
2021-02-20,119670.23176691626
2021-02-21,119670.23176691626
2021-02-22,119670.23176691626
2021-02-23,119670.23176691626
2021-02-24,119670.23176691626
2021-02-25,119670.23176691626
2021-02-26,119670.23176691626
2021-02-27,119670.23176691626
2021-02-28,119670.23176691626
2021-03-01,119670.23176691626
2021-03-02,119670.23176691626
2021-03-03,119670.23176691626
2021-03-04,119670.23176691626
2021-03-05,119670.23176691626
2021-03-06,119670.23176691626
2021-03-07,119670.23176691626
2021-03-08,119670.23176691626
2021-03-09,119670.23176691626
2021-03-10,119670.23176691626
2021-03-11,119670.23176691626
2021-03-12,119670.23176691626
2021-03-13,119670.23176691626
2021-03-14,119670.23176691626
2021-03-15,119670.23176691626
2021-03-16,119670.23176691626
2021-03-17,119670.23176691626
2021-03-18,119670.23176691626
2021-03-19,119670.23176691626
2021-03-20,119670.23176691626
2021-03-21,119670.23176691626
2021-03-22,119670.23176691626
2021-03-23,119670.23176691626
2021-03-24,119670.23176691626
2021-03-25,119670.23176691626
2021-03-26,119670.23176691626
2021-03-27,119670.23176691626
2021-03-28,119670.23176691626
2021-03-29,119670.23176691626
2021-03-30,119670.23176691626
2021-03-31,119670.23176691626
2021-04-01,119670.23176691626
2021-04-02,119670.23176691626
2021-04-03,119670.23176691626
2021-04-04,119670.23176691626
2021-04-05,119670.23176691626
2021-04-06,119670.23176691626
2021-04-07,119670.23176691626
2021-04-08,119670.23176691626
2021-04-09,119670.23176691626
2021-04-10,119670.23176691626
2021-04-11,119670.23176691626
2021-04-12,119670.23176691626
2021-04-13,119670.23176691626
2021-04-14,119670.23176691626
2021-04-15,119670.23176691626
2021-04-16,122447.09824173797
2021-04-17,122447.09824173797
2021-04-18,122447.09824173797
2021-04-19,122447.09824173797
2021-04-20,122447.09824173797
2021-04-21,122447.09824173797
2021-04-22,122447.09824173797
2021-04-23,122447.09824173797
2021-04-24,122447.09824173797
2021-04-25,122447.09824173797
2021-04-26,122447.09824173797
2021-04-27,122447.09824173797
2021-04-28,122447.09824173797
2021-04-29,122447.09824173797
2021-04-30,122447.09824173797
2021-05-01,122447.09824173797
2021-05-02,122447.09824173797
2021-05-03,122447.09824173797
2021-05-04,122447.09824173797
2021-05-05,122447.09824173797
2021-05-06,124910.72780664696
2021-05-07,124910.72780664696
2021-05-08,124910.72780664696
2021-05-09,124910.72780664696
2021-05-10,124910.72780664696
2021-05-11,124910.72780664696
2021-05-12,124910.72780664696
2021-05-13,124910.72780664696
2021-05-14,124910.72780664696
2021-05-15,124910.72780664696
2021-05-16,124910.72780664696
2021-05-17,128323.32285827179
2021-05-18,128323.32285827179
2021-05-19,128323.32285827179
2021-05-20,128323.32285827179
2021-05-21,128323.32285827179
2021-05-22,128323.32285827179
2021-05-23,128323.32285827179
2021-05-24,128323.32285827179
2021-05-25,128323.32285827179
2021-05-26,128323.32285827179
2021-05-27,128323.32285827179
2021-05-28,128323.32285827179
2021-05-29,128323.32285827179
2021-05-30,128323.32285827179
2021-05-31,128323.32285827179
2021-06-01,128323.32285827179
2021-06-02,128323.32285827179
2021-06-03,128323.32285827179
2021-06-04,128323.32285827179
2021-06-05,128323.32285827179
2021-06-06,128323.32285827179
2021-06-07,128323.32285827179
2021-06-08,128323.32285827179
2021-06-09,128323.32285827179
2021-06-10,128323.32285827179
2021-06-11,128323.32285827179
2021-06-12,128323.32285827179
2021-06-13,126781.92743989974
2021-06-14,126781.92743989974
2021-06-15,126781.92743989974
2021-06-16,126781.92743989974
2021-06-17,126781.92743989974
2021-06-18,126781.92743989974
2021-06-19,126781.92743989974
2021-06-20,126781.92743989974
2021-06-21,126781.92743989974
2021-06-22,126781.92743989974
2021-06-23,126781.92743989974
2021-06-24,126781.92743989974
2021-06-25,126781.92743989974
2021-06-26,126781.92743989974
2021-06-27,126781.92743989974
2021-06-28,126781.92743989974
2021-06-29,126781.92743989974
2021-06-30,126781.92743989974
2021-07-01,126781.92743989974
2021-07-02,126781.92743989974
2021-07-03,126781.92743989974
2021-07-04,126781.92743989974
2021-07-05,126781.92743989974
2021-07-06,126781.92743989974
2021-07-07,126781.92743989974
2021-07-08,126781.92743989974
2021-07-09,126781.92743989974
2021-07-10,126781.92743989974
2021-07-11,126781.92743989974
2021-07-12,126781.92743989974
2021-07-13,126781.92743989974
2021-07-14,126781.92743989974
2021-07-15,126781.92743989974
2021-07-16,126781.92743989974
2021-07-17,126781.92743989974
2021-07-18,126781.92743989974
2021-07-19,126781.92743989974
2021-07-20,126781.92743989974
2021-07-21,126781.92743989974
2021-07-22,126781.92743989974
2021-07-23,126781.92743989974
2021-07-24,126781.92743989974
2021-07-25,126781.92743989974
2021-07-26,126781.92743989974
2021-07-27,126781.92743989974
2021-07-28,126781.92743989974
2021-07-29,126781.92743989974
2021-07-30,126781.92743989974
2021-07-31,126781.92743989974
2021-08-01,126781.92743989974
2021-08-02,126781.92743989974
2021-08-03,126781.92743989974
2021-08-04,126781.92743989974
2021-08-05,126781.92743989974
2021-08-06,126781.92743989974
2021-08-07,126781.92743989974
2021-08-08,126781.92743989974
2021-08-09,126781.92743989974
2021-08-10,126781.92743989974
2021-08-11,126781.92743989974
2021-08-12,126781.92743989974
2021-08-13,126781.92743989974
2021-08-14,126781.92743989974
2021-08-15,126781.92743989974
2021-08-16,126781.92743989974
2021-08-17,126781.92743989974
2021-08-18,126781.92743989974
2021-08-19,126781.92743989974
2021-08-20,126781.92743989974
2021-08-21,126781.92743989974
2021-08-22,126781.92743989974
2021-08-23,126781.92743989974
2021-08-24,126781.92743989974
2021-08-25,126781.92743989974
2021-08-26,126781.92743989974
2021-08-27,126781.92743989974
2021-08-28,126781.92743989974
2021-08-29,126781.92743989974
2021-08-30,126781.92743989974
2021-08-31,126781.92743989974
2021-09-01,126781.92743989974
2021-09-02,126781.92743989974
2021-09-03,126781.92743989974
2021-09-04,126781.92743989974
2021-09-05,126781.92743989974
2021-09-06,126781.92743989974
2021-09-07,125049.89920983334
2021-09-08,125049.89920983334
2021-09-09,125049.89920983334
2021-09-10,125049.89920983334
2021-09-11,125049.89920983334
2021-09-12,125049.89920983334
2021-09-13,125049.89920983334
2021-09-14,125049.89920983334
2021-09-15,125049.89920983334
2021-09-16,125049.89920983334
2021-09-17,125049.89920983334
2021-09-18,125049.89920983334
2021-09-19,125049.89920983334
2021-09-20,125049.89920983334
2021-09-21,125049.89920983334
2021-09-22,125049.89920983334
2021-09-23,125049.89920983334
2021-09-24,125049.89920983334
2021-09-25,125049.89920983334
2021-09-26,125049.89920983334
2021-09-27,125049.89920983334
2021-09-28,125049.89920983334
2021-09-29,125049.89920983334
2021-09-30,125049.89920983334
2021-10-01,125049.89920983334
2021-10-02,125049.89920983334
2021-10-03,125049.89920983334
2021-10-04,125049.89920983334
2021-10-05,125049.89920983334
2021-10-06,125049.89920983334
2021-10-07,125049.89920983334
2021-10-08,125049.89920983334
2021-10-09,125049.89920983334
2021-10-10,125049.89920983334
2021-10-11,125049.89920983334
2021-10-12,125049.89920983334
2021-10-13,125049.89920983334
2021-10-14,125049.89920983334
2021-10-15,125049.89920983334
2021-10-16,125049.89920983334
2021-10-17,125049.89920983334
2021-10-18,125049.89920983334
2021-10-19,125049.89920983334
2021-10-20,125049.89920983334
2021-10-21,125049.89920983334
2021-10-22,125049.89920983334
2021-10-23,125049.89920983334
2021-10-24,125049.89920983334
2021-10-25,127590.04160654708
2021-10-26,127590.04160654708
2021-10-27,127590.04160654708
2021-10-28,127590.04160654708
2021-10-29,127590.04160654708
2021-10-30,127590.04160654708
2021-10-31,127590.04160654708
2021-11-01,127590.04160654708
2021-11-02,127590.04160654708
2021-11-03,127590.04160654708
2021-11-04,127590.04160654708
2021-11-05,127590.04160654708
2021-11-06,127590.04160654708
2021-11-07,127590.04160654708
2021-11-08,127590.04160654708
2021-11-09,127590.04160654708
2021-11-10,127590.04160654708
2021-11-11,130368.94777244364
2021-11-12,130368.94777244364
2021-11-13,130368.94777244364
2021-11-14,130368.94777244364
2021-11-15,130368.94777244364
2021-11-16,130368.94777244364
2021-11-17,130368.94777244364
2021-11-18,130368.94777244364
2021-11-19,130368.94777244364
2021-11-20,130368.94777244364
2021-11-21,130368.94777244364
2021-11-22,127652.13085997944
2021-11-23,127652.13085997944
2021-11-24,127652.13085997944
2021-11-25,127652.13085997944
2021-11-26,127652.13085997944
2021-11-27,127652.13085997944
2021-11-28,127652.13085997944
2021-11-29,127652.13085997944
2021-11-30,127652.13085997944
2021-12-01,127652.13085997944
2021-12-02,127652.13085997944
2021-12-03,127652.13085997944
2021-12-04,127652.13085997944
2021-12-05,127652.13085997944
2021-12-06,127652.13085997944
2021-12-07,127652.13085997944
2021-12-08,127652.13085997944
2021-12-09,127652.13085997944
2021-12-10,127652.13085997944
2021-12-11,127652.13085997944
2021-12-12,127652.13085997944
2021-12-13,127652.13085997944
2021-12-14,127652.13085997944
2021-12-15,127652.13085997944
2021-12-16,127652.13085997944
2021-12-17,127652.13085997944
2021-12-18,127652.13085997944
2021-12-19,127652.13085997944
2021-12-20,127652.13085997944
2021-12-21,127652.13085997944
2021-12-22,127652.13085997944
2021-12-23,127652.13085997944
2021-12-24,127652.13085997944
2021-12-25,127652.13085997944
2021-12-26,127652.13085997944
2021-12-27,127652.13085997944
2021-12-28,127652.13085997944
2021-12-29,127652.13085997944
2021-12-30,127652.13085997944
2021-12-31,130222.69355773253
2022-01-01,130222.69355773253
2022-01-02,130222.69355773253
2022-01-03,130222.69355773253
2022-01-04,130222.69355773253
2022-01-05,130222.69355773253
2022-01-06,130222.69355773253
2022-01-07,130222.69355773253
2022-01-08,130222.69355773253
2022-01-09,130222.69355773253
2022-01-10,130222.69355773253
2022-01-11,130222.69355773253
2022-01-12,130222.69355773253
2022-01-13,130222.69355773253
2022-01-14,130222.69355773253
2022-01-15,130222.69355773253
2022-01-16,130222.69355773253
2022-01-17,130222.69355773253
2022-01-18,130222.69355773253
2022-01-19,130222.69355773253
2022-01-20,130222.69355773253
2022-01-21,130222.69355773253
2022-01-22,130222.69355773253
2022-01-23,130222.69355773253
2022-01-24,130222.69355773253
2022-01-25,132888.82789674957
2022-01-26,132888.82789674957
2022-01-27,132888.82789674957
2022-01-28,132888.82789674957
2022-01-29,132888.82789674957
2022-01-30,132888.82789674957
2022-01-31,132888.82789674957
2022-02-01,132888.82789674957
2022-02-02,132888.82789674957
2022-02-03,132888.82789674957
2022-02-04,132888.82789674957
2022-02-05,132888.82789674957
2022-02-06,132888.82789674957
2022-02-07,132888.82789674957
2022-02-08,132888.82789674957
2022-02-09,132888.82789674957
2022-02-10,132888.82789674957
2022-02-11,137228.91847398112
2022-02-12,137228.91847398112
2022-02-13,137228.91847398112
2022-02-14,137228.91847398112
2022-02-15,137228.91847398112
2022-02-16,137228.91847398112
2022-02-17,137228.91847398112
2022-02-18,137228.91847398112
2022-02-19,137228.91847398112
2022-02-20,137228.91847398112
2022-02-21,137228.91847398112
2022-02-22,137228.91847398112
2022-02-23,137228.91847398112
2022-02-24,139191.12541101934
2022-02-25,139191.12541101934
2022-02-26,139191.12541101934
2022-02-27,139191.12541101934
2022-02-28,139191.12541101934
2022-03-01,139191.12541101934
2022-03-02,139191.12541101934
2022-03-03,139191.12541101934
2022-03-04,139191.12541101934
2022-03-05,139191.12541101934
2022-03-06,139191.12541101934
2022-03-07,141980.99629822013
2022-03-08,141980.99629822013
2022-03-09,141980.99629822013
2022-03-10,141980.99629822013
2022-03-11,141980.99629822013
2022-03-12,141980.99629822013
2022-03-13,141980.99629822013
2022-03-14,141980.99629822013
2022-03-15,141980.99629822013
2022-03-16,141980.99629822013
2022-03-17,141980.99629822013
2022-03-18,141980.99629822013
2022-03-19,141980.99629822013
2022-03-20,141980.99629822013
2022-03-21,141980.99629822013
2022-03-22,141980.99629822013
2022-03-23,141980.99629822013
2022-03-24,141980.99629822013
2022-03-25,141980.99629822013
2022-03-26,141980.99629822013
2022-03-27,141980.99629822013
2022-03-28,141980.99629822013
2022-03-29,141980.99629822013
2022-03-30,141980.99629822013
2022-03-31,141980.99629822013
2022-04-01,141980.99629822013
2022-04-02,141980.99629822013
2022-04-03,141980.99629822013
2022-04-04,141980.99629822013
2022-04-05,141980.99629822013
2022-04-06,141980.99629822013
2022-04-07,141980.99629822013
2022-04-08,141980.99629822013
2022-04-09,141980.99629822013
2022-04-10,141980.99629822013
2022-04-11,141980.99629822013
2022-04-12,141980.99629822013
2022-04-13,141980.99629822013
2022-04-14,141980.99629822013
2022-04-15,141980.99629822013
2022-04-16,141980.99629822013
2022-04-17,144954.1243107576
2022-04-18,144954.1243107576
2022-04-19,144954.1243107576
2022-04-20,144954.1243107576
2022-04-21,144954.1243107576
2022-04-22,144954.1243107576
2022-04-23,144954.1243107576
2022-04-24,144954.1243107576
2022-04-25,144954.1243107576
2022-04-26,144954.1243107576
2022-04-27,144954.1243107576
2022-04-28,144954.1243107576
2022-04-29,144954.1243107576
2022-04-30,144954.1243107576
2022-05-01,144954.1243107576
2022-05-02,144954.1243107576
2022-05-03,144954.1243107576
2022-05-04,144954.1243107576
2022-05-05,144954.1243107576
2022-05-06,144954.1243107576
2022-05-07,144954.1243107576
2022-05-08,144954.1243107576
2022-05-09,144954.1243107576
2022-05-10,144954.1243107576
2022-05-11,144954.1243107576
2022-05-12,144954.1243107576
2022-05-13,144954.1243107576
2022-05-14,144954.1243107576
2022-05-15,144954.1243107576
2022-05-16,144954.1243107576
2022-05-17,144954.1243107576
2022-05-18,144954.1243107576
2022-05-19,144954.1243107576
2022-05-20,144954.1243107576
2022-05-21,144954.1243107576
2022-05-22,144954.1243107576
2022-05-23,144954.1243107576
2022-05-24,144954.1243107576
2022-05-25,144954.1243107576
2022-05-26,144954.1243107576
2022-05-27,144954.1243107576
2022-05-28,144954.1243107576
2022-05-29,144954.1243107576
2022-05-30,144954.1243107576
2022-05-31,144954.1243107576
2022-06-01,144954.1243107576
2022-06-02,144954.1243107576
2022-06-03,144954.1243107576
2022-06-04,144954.1243107576
2022-06-05,144954.1243107576
2022-06-06,144954.1243107576
2022-06-07,144954.1243107576
2022-06-08,144954.1243107576
2022-06-09,144954.1243107576
2022-06-10,144954.1243107576
2022-06-11,144954.1243107576
2022-06-12,144954.1243107576
2022-06-13,144954.1243107576
2022-06-14,144954.1243107576
2022-06-15,144954.1243107576
2022-06-16,144954.1243107576
2022-06-17,144954.1243107576
2022-06-18,144954.1243107576
2022-06-19,144954.1243107576
2022-06-20,144954.1243107576
2022-06-21,144954.1243107576
2022-06-22,144954.1243107576
2022-06-23,144954.1243107576
2022-06-24,144954.1243107576
2022-06-25,144954.1243107576
2022-06-26,144954.1243107576
2022-06-27,144954.1243107576
2022-06-28,144954.1243107576
2022-06-29,144954.1243107576
2022-06-30,144954.1243107576
2022-07-01,144954.1243107576
2022-07-02,144954.1243107576
2022-07-03,144954.1243107576
2022-07-04,144954.1243107576
2022-07-05,144954.1243107576
2022-07-06,144954.1243107576
2022-07-07,144954.1243107576
2022-07-08,144954.1243107576
2022-07-09,144954.1243107576
2022-07-10,144954.1243107576
2022-07-11,144954.1243107576
2022-07-12,144954.1243107576
2022-07-13,144954.1243107576
2022-07-14,144954.1243107576
2022-07-15,144954.1243107576
2022-07-16,144954.1243107576
2022-07-17,144954.1243107576
2022-07-18,144954.1243107576
2022-07-19,144954.1243107576
2022-07-20,144954.1243107576
2022-07-21,144954.1243107576
2022-07-22,144954.1243107576
2022-07-23,144954.1243107576
2022-07-24,144954.1243107576
2022-07-25,144954.1243107576
2022-07-26,144954.1243107576
2022-07-27,144954.1243107576
2022-07-28,144954.1243107576
2022-07-29,144954.1243107576
2022-07-30,144954.1243107576
2022-07-31,144954.1243107576
2022-08-01,144954.1243107576
2022-08-02,144954.1243107576
2022-08-03,144954.1243107576
2022-08-04,144954.1243107576
2022-08-05,144954.1243107576
2022-08-06,144954.1243107576
2022-08-07,144954.1243107576
2022-08-08,144954.1243107576
2022-08-09,144954.1243107576
2022-08-10,144954.1243107576
2022-08-11,144954.1243107576
2022-08-12,148031.10350820638
2022-08-13,148031.10350820638
2022-08-14,148031.10350820638
2022-08-15,148031.10350820638
2022-08-16,148031.10350820638
2022-08-17,148031.10350820638
2022-08-18,148031.10350820638
2022-08-19,148031.10350820638
2022-08-20,148031.10350820638
2022-08-21,148031.10350820638
2022-08-22,148031.10350820638
2022-08-23,148031.10350820638
2022-08-24,148031.10350820638
2022-08-25,148031.10350820638
2022-08-26,148031.10350820638
2022-08-27,148031.10350820638
2022-08-28,148031.10350820638
2022-08-29,148031.10350820638
2022-08-30,148031.10350820638
2022-08-31,148031.10350820638
2022-09-01,148031.10350820638
2022-09-02,148031.10350820638
2022-09-03,148031.10350820638
2022-09-04,148031.10350820638
2022-09-05,148031.10350820638
2022-09-06,148031.10350820638
2022-09-07,148031.10350820638
2022-09-08,148031.10350820638
2022-09-09,148031.10350820638
2022-09-10,148031.10350820638
2022-09-11,148031.10350820638
2022-09-12,148031.10350820638
2022-09-13,148031.10350820638
2022-09-14,148031.10350820638
2022-09-15,148031.10350820638
2022-09-16,148031.10350820638
2022-09-17,148031.10350820638
2022-09-18,148031.10350820638
2022-09-19,148031.10350820638
2022-09-20,148031.10350820638
2022-09-21,148031.10350820638
2022-09-22,148031.10350820638
2022-09-23,148031.10350820638
2022-09-24,148031.10350820638
2022-09-25,148031.10350820638
2022-09-26,148031.10350820638
2022-09-27,148031.10350820638
2022-09-28,148031.10350820638
2022-09-29,148031.10350820638
2022-09-30,148031.10350820638
2022-10-01,148031.10350820638
2022-10-02,148031.10350820638
2022-10-03,148031.10350820638
2022-10-04,148031.10350820638
2022-10-05,148031.10350820638
2022-10-06,148031.10350820638
2022-10-07,146484.62440203637
2022-10-08,146484.62440203637
2022-10-09,146484.62440203637
2022-10-10,146484.62440203637
2022-10-11,146484.62440203637
2022-10-12,146484.62440203637
2022-10-13,146484.62440203637
2022-10-14,146484.62440203637
2022-10-15,146484.62440203637
2022-10-16,146484.62440203637
2022-10-17,146484.62440203637
2022-10-18,146484.62440203637
2022-10-19,146484.62440203637
2022-10-20,146484.62440203637
2022-10-21,146484.62440203637
2022-10-22,146484.62440203637
2022-10-23,146484.62440203637
2022-10-24,146484.62440203637
2022-10-25,146484.62440203637
2022-10-26,146484.62440203637
2022-10-27,146484.62440203637
2022-10-28,146484.62440203637
2022-10-29,146484.62440203637
2022-10-30,146484.62440203637
2022-10-31,146484.62440203637
2022-11-01,146484.62440203637
2022-11-02,146484.62440203637
2022-11-03,146484.62440203637
2022-11-04,146484.62440203637
2022-11-05,146484.62440203637
2022-11-06,146484.62440203637
2022-11-07,146484.62440203637
2022-11-08,146484.62440203637
2022-11-09,146484.62440203637
2022-11-10,151692.79353686792
2022-11-11,151692.79353686792
2022-11-12,151692.79353686792
2022-11-13,151692.79353686792
2022-11-14,151692.79353686792
2022-11-15,151692.79353686792
2022-11-16,151692.79353686792
2022-11-17,151692.79353686792
2022-11-18,151692.79353686792
2022-11-19,151692.79353686792
2022-11-20,151692.79353686792
2022-11-21,151692.79353686792
2022-11-22,151692.79353686792
2022-11-23,151692.79353686792
2022-11-24,151692.79353686792
2022-11-25,151692.79353686792
2022-11-26,151692.79353686792
2022-11-27,151692.79353686792
2022-11-28,151692.79353686792
2022-11-29,151692.79353686792
2022-11-30,151692.79353686792
2022-12-01,155464.30508925044
2022-12-02,155464.30508925044
2022-12-03,155464.30508925044
2022-12-04,155464.30508925044
2022-12-05,153721.3017192019
2022-12-06,153721.3017192019
2022-12-07,153721.3017192019
2022-12-08,153721.3017192019
2022-12-09,153721.3017192019
2022-12-10,153721.3017192019
2022-12-11,153721.3017192019
2022-12-12,153721.3017192019
2022-12-13,153721.3017192019
2022-12-14,153721.3017192019
2022-12-15,153721.3017192019
2022-12-16,153721.3017192019
2022-12-17,153721.3017192019
2022-12-18,153721.3017192019
2022-12-19,153721.3017192019
2022-12-20,153721.3017192019
2022-12-21,153721.3017192019
2022-12-22,153721.3017192019
2022-12-23,153721.3017192019
2022-12-24,153721.3017192019
2022-12-25,153721.3017192019
2022-12-26,153721.3017192019
2022-12-27,153721.3017192019
2022-12-28,153721.3017192019
2022-12-29,153721.3017192019
2022-12-30,153721.3017192019
2022-12-31,153721.3017192019
2023-01-01,153721.3017192019
2023-01-02,153721.3017192019
2023-01-03,153721.3017192019
2023-01-04,157574.0235072422
2023-01-05,157574.0235072422
2023-01-06,157574.0235072422
2023-01-07,157574.0235072422
2023-01-08,157574.0235072422
2023-01-09,157574.0235072422
2023-01-10,157574.0235072422
2023-01-11,157574.0235072422
2023-01-12,157574.0235072422
2023-01-13,157574.0235072422
2023-01-14,157574.0235072422
2023-01-15,157574.0235072422
2023-01-16,157574.0235072422
2023-01-17,157574.0235072422
2023-01-18,157574.0235072422
2023-01-19,157574.0235072422
2023-01-20,157574.0235072422
2023-01-21,157574.0235072422
2023-01-22,157574.0235072422
2023-01-23,157574.0235072422
2023-01-24,157574.0235072422
2023-01-25,157574.0235072422
2023-01-26,157574.0235072422
2023-01-27,157574.0235072422
2023-01-28,157574.0235072422
2023-01-29,157574.0235072422
2023-01-30,157574.0235072422
2023-01-31,157574.0235072422
2023-02-01,157574.0235072422
2023-02-02,160689.7188893319
2023-02-03,160689.7188893319
2023-02-04,160689.7188893319
2023-02-05,160689.7188893319
2023-02-06,160689.7188893319
2023-02-07,160689.7188893319
2023-02-08,160689.7188893319
2023-02-09,160689.7188893319
2023-02-10,160689.7188893319
2023-02-11,160689.7188893319
2023-02-12,160689.7188893319
2023-02-13,160689.7188893319
2023-02-14,160689.7188893319
2023-02-15,160689.7188893319
2023-02-16,160689.7188893319
2023-02-17,160689.7188893319
2023-02-18,160689.7188893319
2023-02-19,160689.7188893319
2023-02-20,160689.7188893319
2023-02-21,160689.7188893319
2023-02-22,160689.7188893319
2023-02-23,160689.7188893319
2023-02-24,160689.7188893319
2023-02-25,160689.7188893319
2023-02-26,160689.7188893319
2023-02-27,160689.7188893319
2023-02-28,160689.7188893319
2023-03-01,160689.7188893319
2023-03-02,160689.7188893319
2023-03-03,160689.7188893319
2023-03-04,160689.7188893319
2023-03-05,160689.7188893319
2023-03-06,160689.7188893319
2023-03-07,160689.7188893319
2023-03-08,160689.7188893319
2023-03-09,160689.7188893319
2023-03-10,160689.7188893319
2023-03-11,160689.7188893319
2023-03-12,160689.7188893319
2023-03-13,160689.7188893319
2023-03-14,160689.7188893319
2023-03-15,160689.7188893319
2023-03-16,160689.7188893319
2023-03-17,164030.68081836082
2023-03-18,164030.68081836082
2023-03-19,164030.68081836082
2023-03-20,164030.68081836082
2023-03-21,164030.68081836082
2023-03-22,164030.68081836082
2023-03-23,164030.68081836082
2023-03-24,164030.68081836082
2023-03-25,164030.68081836082
2023-03-26,164030.68081836082
2023-03-27,164030.68081836082
2023-03-28,164030.68081836082
2023-03-29,164030.68081836082
2023-03-30,164030.68081836082
2023-03-31,164030.68081836082
2023-04-01,164030.68081836082
2023-04-02,164030.68081836082
2023-04-03,164030.68081836082
2023-04-04,168846.47212395223
2023-04-05,168846.47212395223
2023-04-06,168846.47212395223
2023-04-07,168846.47212395223
2023-04-08,168846.47212395223
2023-04-09,168846.47212395223
2023-04-10,165960.2938365784
2023-04-11,165960.2938365784
2023-04-12,165960.2938365784
2023-04-13,165960.2938365784
2023-04-14,165960.2938365784
2023-04-15,165960.2938365784
2023-04-16,165960.2938365784
2023-04-17,165960.2938365784
2023-04-18,165960.2938365784
2023-04-19,165960.2938365784
2023-04-20,165960.2938365784
2023-04-21,165960.2938365784
2023-04-22,165960.2938365784
2023-04-23,165960.2938365784
2023-04-24,165960.2938365784
2023-04-25,165960.2938365784
2023-04-26,165960.2938365784
2023-04-27,165960.2938365784
2023-04-28,165960.2938365784
2023-04-29,165960.2938365784
2023-04-30,165960.2938365784
2023-05-01,165960.2938365784
2023-05-02,165960.2938365784
2023-05-03,165960.2938365784
2023-05-04,165960.2938365784
2023-05-05,165960.2938365784
2023-05-06,165960.2938365784
2023-05-07,165960.2938365784
2023-05-08,165960.2938365784
2023-05-09,165960.2938365784
2023-05-10,165960.2938365784
2023-05-11,165960.2938365784
2023-05-12,165960.2938365784
2023-05-13,165960.2938365784
2023-05-14,165960.2938365784
2023-05-15,165960.2938365784
2023-05-16,165960.2938365784
2023-05-17,165960.2938365784
2023-05-18,165960.2938365784
2023-05-19,165960.2938365784
2023-05-20,165960.2938365784
2023-05-21,165960.2938365784
2023-05-22,165960.2938365784
2023-05-23,165960.2938365784
2023-05-24,165960.2938365784
2023-05-25,165960.2938365784
2023-05-26,165960.2938365784
2023-05-27,165960.2938365784
2023-05-28,165960.2938365784
2023-05-29,165960.2938365784
2023-05-30,165960.2938365784
2023-05-31,165960.2938365784
2023-06-01,165960.2938365784
2023-06-02,165960.2938365784
2023-06-03,165960.2938365784
2023-06-04,165960.2938365784
2023-06-05,165960.2938365784
2023-06-06,165960.2938365784
2023-06-07,165960.2938365784
2023-06-08,165960.2938365784
2023-06-09,165960.2938365784
2023-06-10,165960.2938365784
2023-06-11,165960.2938365784
2023-06-12,165960.2938365784
2023-06-13,165960.2938365784
2023-06-14,165960.2938365784
2023-06-15,165960.2938365784
2023-06-16,165960.2938365784
2023-06-17,165960.2938365784
2023-06-18,165960.2938365784
2023-06-19,165960.2938365784
2023-06-20,165960.2938365784
2023-06-21,165960.2938365784
2023-06-22,165960.2938365784
2023-06-23,165960.2938365784
2023-06-24,165960.2938365784
2023-06-25,165960.2938365784
2023-06-26,165960.2938365784
2023-06-27,165960.2938365784
2023-06-28,165960.2938365784
2023-06-29,165960.2938365784
2023-06-30,165960.2938365784
2023-07-01,165960.2938365784
2023-07-02,165960.2938365784
2023-07-03,165960.2938365784
2023-07-04,165960.2938365784
2023-07-05,165960.2938365784
2023-07-06,165960.2938365784
2023-07-07,165960.2938365784
2023-07-08,165960.2938365784
2023-07-09,165960.2938365784
2023-07-10,165960.2938365784
2023-07-11,165960.2938365784
2023-07-12,165960.2938365784
2023-07-13,165960.2938365784
2023-07-14,165960.2938365784
2023-07-15,165960.2938365784
2023-07-16,165960.2938365784
2023-07-17,165960.2938365784
2023-07-18,165960.2938365784
2023-07-19,165960.2938365784
2023-07-20,169654.2733638005
2023-07-21,169654.2733638005
2023-07-22,169654.2733638005
2023-07-23,169654.2733638005
2023-07-24,169654.2733638005
2023-07-25,169654.2733638005
2023-07-26,169654.2733638005
2023-07-27,169654.2733638005
2023-07-28,169654.2733638005
2023-07-29,169654.2733638005
2023-07-30,169654.2733638005
2023-07-31,169654.2733638005
2023-08-01,169654.2733638005
2023-08-02,169654.2733638005
2023-08-03,169654.2733638005
2023-08-04,169654.2733638005
2023-08-05,169654.2733638005
2023-08-06,169654.2733638005
2023-08-07,169654.2733638005
2023-08-08,169654.2733638005
2023-08-09,169654.2733638005
2023-08-10,169654.2733638005
2023-08-11,169654.2733638005
2023-08-12,169654.2733638005
2023-08-13,169654.2733638005
2023-08-14,169654.2733638005
2023-08-15,169654.2733638005
2023-08-16,169654.2733638005
2023-08-17,169654.2733638005
2023-08-18,169654.2733638005
2023-08-19,169654.2733638005
2023-08-20,169654.2733638005
2023-08-21,169654.2733638005
2023-08-22,169654.2733638005
2023-08-23,169654.2733638005
2023-08-24,169654.2733638005
2023-08-25,169654.2733638005
2023-08-26,169654.2733638005
2023-08-27,169654.2733638005
2023-08-28,169654.2733638005
2023-08-29,169654.2733638005
2023-08-30,169654.2733638005
2023-08-31,169654.2733638005
2023-09-01,169654.2733638005
2023-09-02,169654.2733638005
2023-09-03,169654.2733638005
2023-09-04,169654.2733638005
2023-09-05,169654.2733638005
2023-09-06,169654.2733638005
2023-09-07,169654.2733638005
2023-09-08,169654.2733638005
2023-09-09,169654.2733638005
2023-09-10,169654.2733638005
2023-09-11,169654.2733638005
2023-09-12,169654.2733638005
2023-09-13,169654.2733638005
2023-09-14,169654.2733638005
2023-09-15,169654.2733638005
2023-09-16,169654.2733638005
2023-09-17,169654.2733638005
2023-09-18,169654.2733638005
2023-09-19,169654.2733638005
2023-09-20,169654.2733638005
2023-09-21,169654.2733638005
2023-09-22,169654.2733638005
2023-09-23,169654.2733638005
2023-09-24,169654.2733638005
2023-09-25,167581.1260764389
2023-09-26,167581.1260764389
2023-09-27,167581.1260764389
2023-09-28,167581.1260764389
2023-09-29,167581.1260764389
2023-09-30,167581.1260764389
2023-10-01,167581.1260764389
2023-10-02,167581.1260764389
2023-10-03,167581.1260764389
2023-10-04,167581.1260764389
2023-10-05,167581.1260764389
2023-10-06,167581.1260764389
2023-10-07,167581.1260764389
2023-10-08,167581.1260764389
2023-10-09,167581.1260764389
2023-10-10,167581.1260764389
2023-10-11,167581.1260764389
2023-10-12,167581.1260764389
2023-10-13,167581.1260764389
2023-10-14,167581.1260764389
2023-10-15,167581.1260764389
2023-10-16,167581.1260764389
2023-10-17,167581.1260764389
2023-10-18,167581.1260764389
2023-10-19,167581.1260764389
2023-10-20,167581.1260764389
2023-10-21,167581.1260764389
2023-10-22,167581.1260764389
2023-10-23,167581.1260764389
2023-10-24,167581.1260764389
2023-10-25,167581.1260764389
2023-10-26,167581.1260764389
2023-10-27,167581.1260764389
2023-10-28,167581.1260764389
2023-10-29,167581.1260764389
2023-10-30,167581.1260764389
2023-10-31,167581.1260764389
2023-11-01,167581.1260764389
2023-11-02,167581.1260764389
2023-11-03,167581.1260764389
2023-11-04,167581.1260764389
2023-11-05,167581.1260764389
2023-11-06,167581.1260764389
2023-11-07,165534.30591039098
2023-11-08,165534.30591039098
2023-11-09,165534.30591039098
2023-11-10,163260.8447530098
2023-11-11,163260.8447530098
2023-11-12,163260.8447530098
2023-11-13,163260.8447530098
2023-11-14,163260.8447530098
2023-11-15,163260.8447530098
2023-11-16,163260.8447530098
2023-11-17,163260.8447530098
2023-11-18,163260.8447530098
2023-11-19,163260.8447530098
2023-11-20,163260.8447530098
2023-11-21,167132.6608906627
2023-11-22,167132.6608906627
2023-11-23,167132.6608906627
2023-11-24,167132.6608906627
2023-11-25,167132.6608906627
2023-11-26,167132.6608906627
2023-11-27,167132.6608906627
2023-11-28,167132.6608906627
2023-11-29,167132.6608906627
2023-11-30,167132.6608906627
2023-12-01,167132.6608906627
2023-12-02,167132.6608906627
2023-12-03,167132.6608906627
2023-12-04,167132.6608906627
2023-12-05,167132.6608906627
2023-12-06,167132.6608906627
2023-12-07,167132.6608906627
2023-12-08,167132.6608906627
2023-12-09,167132.6608906627
2023-12-10,167132.6608906627
2023-12-11,167132.6608906627
2023-12-12,167132.6608906627
2023-12-13,167132.6608906627
2023-12-14,167132.6608906627
2023-12-15,167132.6608906627
2023-12-16,167132.6608906627
2023-12-17,167132.6608906627
2023-12-18,167132.6608906627
2023-12-19,167132.6608906627
2023-12-20,167132.6608906627
2023-12-21,167132.6608906627
2023-12-22,167132.6608906627
2023-12-23,167132.6608906627
2023-12-24,167132.6608906627
2023-12-25,167132.6608906627
2023-12-26,167132.6608906627
2023-12-27,167132.6608906627
2023-12-28,167132.6608906627
2023-12-29,167132.6608906627
2023-12-30,167132.6608906627
2023-12-31,167132.6608906627
2024-01-01,167132.6608906627
2024-01-02,167132.6608906627
2024-01-03,167132.6608906627
2024-01-04,167132.6608906627
2024-01-05,167132.6608906627
2024-01-06,167132.6608906627
2024-01-07,167132.6608906627
2024-01-08,167132.6608906627
2024-01-09,167132.6608906627
2024-01-10,167132.6608906627
2024-01-11,167132.6608906627
2024-01-12,167132.6608906627
2024-01-13,167132.6608906627
2024-01-14,167132.6608906627
2024-01-15,167132.6608906627
2024-01-16,167132.6608906627
2024-01-17,167132.6608906627
2024-01-18,167132.6608906627
2024-01-19,167132.6608906627
2024-01-20,167132.6608906627
2024-01-21,167132.6608906627
2024-01-22,167132.6608906627
2024-01-23,167132.6608906627
2024-01-24,167132.6608906627
2024-01-25,167132.6608906627
2024-01-26,167132.6608906627
2024-01-27,167132.6608906627
2024-01-28,167132.6608906627
2024-01-29,167132.6608906627
2024-01-30,167132.6608906627
2024-01-31,167132.6608906627
2024-02-01,167132.6608906627
2024-02-02,167132.6608906627
2024-02-03,167132.6608906627
2024-02-04,167132.6608906627
2024-02-05,167132.6608906627
2024-02-06,167132.6608906627
2024-02-07,167132.6608906627
2024-02-08,167132.6608906627
2024-02-09,167132.6608906627
2024-02-10,167132.6608906627
2024-02-11,167132.6608906627
2024-02-12,167132.6608906627
2024-02-13,167132.6608906627
2024-02-14,167132.6608906627
2024-02-15,167132.6608906627
2024-02-16,167132.6608906627
2024-02-17,167132.6608906627
2024-02-18,167132.6608906627
2024-02-19,167132.6608906627
2024-02-20,167132.6608906627
2024-02-21,167132.6608906627
2024-02-22,167132.6608906627
2024-02-23,167132.6608906627
2024-02-24,167132.6608906627
2024-02-25,167132.6608906627
2024-02-26,167132.6608906627
2024-02-27,167132.6608906627
2024-02-28,167132.6608906627
2024-02-29,167132.6608906627
2024-03-01,167132.6608906627
2024-03-02,167132.6608906627
2024-03-03,167132.6608906627
2024-03-04,167132.6608906627
2024-03-05,167132.6608906627
2024-03-06,167132.6608906627
2024-03-07,167132.6608906627
2024-03-08,170884.351860817
2024-03-09,170884.351860817
2024-03-10,170884.351860817
2024-03-11,170884.351860817
2024-03-12,170884.351860817
2024-03-13,170884.351860817
2024-03-14,170884.351860817
2024-03-15,170884.351860817
2024-03-16,170884.351860817
2024-03-17,170884.351860817
2024-03-18,170884.351860817
2024-03-19,170884.351860817
2024-03-20,175336.3948207983
2024-03-21,175336.3948207983
2024-03-22,175336.3948207983
2024-03-23,175336.3948207983
2024-03-24,175336.3948207983
2024-03-25,175336.3948207983
2024-03-26,175336.3948207983
2024-03-27,175336.3948207983
2024-03-28,175336.3948207983
2024-03-29,175336.3948207983
2024-03-30,175336.3948207983
2024-03-31,175336.3948207983
2024-04-01,175336.3948207983
2024-04-02,175336.3948207983
2024-04-03,175336.3948207983
2024-04-04,175336.3948207983
2024-04-05,175336.3948207983
2024-04-06,175336.3948207983
2024-04-07,175336.3948207983
2024-04-08,178944.35588933597
2024-04-09,178944.35588933597
2024-04-10,178944.35588933597
2024-04-11,178944.35588933597
2024-04-12,178944.35588933597
2024-04-13,178944.35588933597
2024-04-14,178944.35588933597
2024-04-15,178944.35588933597
2024-04-16,178944.35588933597
2024-04-17,178944.35588933597
2024-04-18,178944.35588933597
2024-04-19,178944.35588933597
2024-04-20,178944.35588933597
2024-04-21,178944.35588933597
2024-04-22,178944.35588933597
2024-04-23,178944.35588933597
2024-04-24,178944.35588933597
2024-04-25,178944.35588933597
2024-04-26,178944.35588933597
2024-04-27,178944.35588933597
2024-04-28,178944.35588933597
2024-04-29,178944.35588933597
2024-04-30,178944.35588933597
2024-05-01,178944.35588933597
2024-05-02,178944.35588933597
2024-05-03,178944.35588933597
2024-05-04,178944.35588933597
2024-05-05,178944.35588933597
2024-05-06,178944.35588933597
2024-05-07,178944.35588933597
2024-05-08,178944.35588933597
2024-05-09,178944.35588933597
2024-05-10,182464.0175292668
2024-05-11,182464.0175292668
2024-05-12,182464.0175292668
2024-05-13,182464.0175292668
2024-05-14,182464.0175292668
2024-05-15,182464.0175292668
2024-05-16,182464.0175292668
2024-05-17,182464.0175292668
2024-05-18,182464.0175292668
2024-05-19,182464.0175292668
2024-05-20,186986.10239203123
2024-05-21,186986.10239203123
2024-05-22,184759.6636940537
2024-05-23,184759.6636940537
2024-05-24,184759.6636940537
2024-05-25,184759.6636940537
2024-05-26,184759.6636940537
2024-05-27,184759.6636940537
2024-05-28,184759.6636940537
2024-05-29,184759.6636940537
2024-05-30,184759.6636940537
2024-05-31,184759.6636940537
2024-06-01,184759.6636940537
2024-06-02,184759.6636940537
2024-06-03,184759.6636940537
2024-06-04,184759.6636940537
2024-06-05,184759.6636940537
2024-06-06,184759.6636940537
2024-06-07,184759.6636940537
2024-06-08,184759.6636940537
2024-06-09,184759.6636940537
2024-06-10,184759.6636940537
2024-06-11,184759.6636940537
2024-06-12,184759.6636940537
2024-06-13,184759.6636940537
2024-06-14,184759.6636940537
2024-06-15,184759.6636940537
2024-06-16,184759.6636940537
2024-06-17,184759.6636940537
2024-06-18,184759.6636940537
2024-06-19,184759.6636940537
2024-06-20,184759.6636940537
2024-06-21,181779.38462654196
2024-06-22,181779.38462654196
2024-06-23,181779.38462654196
2024-06-24,181779.38462654196
2024-06-25,181779.38462654196
2024-06-26,181779.38462654196
2024-06-27,181779.38462654196
2024-06-28,181779.38462654196
2024-06-29,181779.38462654196
2024-06-30,181779.38462654196
2024-07-01,181779.38462654196
2024-07-02,181779.38462654196
2024-07-03,181779.38462654196
2024-07-04,181779.38462654196
2024-07-05,181779.38462654196
2024-07-06,181779.38462654196
2024-07-07,181779.38462654196
2024-07-08,181779.38462654196
2024-07-09,181779.38462654196
2024-07-10,181779.38462654196
2024-07-11,186855.56349516954
2024-07-12,186855.56349516954
2024-07-13,186855.56349516954
2024-07-14,186855.56349516954
2024-07-15,186855.56349516954
2024-07-16,186855.56349516954
2024-07-17,186855.56349516954
2024-07-18,186855.56349516954
2024-07-19,186855.56349516954
2024-07-20,186855.56349516954
2024-07-21,186855.56349516954
2024-07-22,186855.56349516954
2024-07-23,186855.56349516954
2024-07-24,186855.56349516954
2024-07-25,186855.56349516954
2024-07-26,186855.56349516954
2024-07-27,186855.56349516954
2024-07-28,186855.56349516954
2024-07-29,186855.56349516954
2024-07-30,186855.56349516954
2024-07-31,186855.56349516954
2024-08-01,186855.56349516954
2024-08-02,186855.56349516954
2024-08-03,186855.56349516954
2024-08-04,186855.56349516954
2024-08-05,182862.93902811158
2024-08-06,182862.93902811158
2024-08-07,182862.93902811158
2024-08-08,182862.93902811158
2024-08-09,182862.93902811158
2024-08-10,182862.93902811158
2024-08-11,182862.93902811158
2024-08-12,182862.93902811158
2024-08-13,182862.93902811158
2024-08-14,182862.93902811158
2024-08-15,182862.93902811158
2024-08-16,187362.80708716996
2024-08-17,187362.80708716996
2024-08-18,187362.80708716996
2024-08-19,187362.80708716996
2024-08-20,187362.80708716996
2024-08-21,187362.80708716996
2024-08-22,187362.80708716996
2024-08-23,187362.80708716996
2024-08-24,187362.80708716996
2024-08-25,187362.80708716996
2024-08-26,187362.80708716996
2024-08-27,187362.80708716996
2024-08-28,187362.80708716996
2024-08-29,187362.80708716996
2024-08-30,187362.80708716996
2024-08-31,187362.80708716996
2024-09-01,187362.80708716996
2024-09-02,187362.80708716996
2024-09-03,187362.80708716996
2024-09-04,187362.80708716996
2024-09-05,187362.80708716996
2024-09-06,187362.80708716996
2024-09-07,187362.80708716996
2024-09-08,187362.80708716996
2024-09-09,187362.80708716996
2024-09-10,187362.80708716996
2024-09-11,187362.80708716996
2024-09-12,187362.80708716996
2024-09-13,191670.4592535217
2024-09-14,191670.4592535217
2024-09-15,191670.4592535217
2024-09-16,191670.4592535217
2024-09-17,191670.4592535217
2024-09-18,188490.51919457992
2024-09-19,188490.51919457992
2024-09-20,188490.51919457992
2024-09-21,188490.51919457992
2024-09-22,188490.51919457992
2024-09-23,188490.51919457992
2024-09-24,188490.51919457992
2024-09-25,188490.51919457992
2024-09-26,188490.51919457992
2024-09-27,188490.51919457992
2024-09-28,188490.51919457992
2024-09-29,188490.51919457992
2024-09-30,188490.51919457992
2024-10-01,188490.51919457992
2024-10-02,188490.51919457992
2024-10-03,188490.51919457992
2024-10-04,188490.51919457992
2024-10-05,188490.51919457992
2024-10-06,188490.51919457992
2024-10-07,188490.51919457992
2024-10-08,185454.81120415468
2024-10-09,185454.81120415468
2024-10-10,185454.81120415468
2024-10-11,185454.81120415468
2024-10-12,185454.81120415468
2024-10-13,185454.81120415468
2024-10-14,185454.81120415468
2024-10-15,185454.81120415468
2024-10-16,185454.81120415468
2024-10-17,185454.81120415468
2024-10-18,185454.81120415468
2024-10-19,185454.81120415468
2024-10-20,185454.81120415468
2024-10-21,185454.81120415468
2024-10-22,185454.81120415468
2024-10-23,185454.81120415468
2024-10-24,185454.81120415468
2024-10-25,185454.81120415468
2024-10-26,185454.81120415468
2024-10-27,185454.81120415468
2024-10-28,185454.81120415468
2024-10-29,189215.7039838737
2024-10-30,189215.7039838737
2024-10-31,189215.7039838737
2024-11-01,189215.7039838737
2024-11-02,189215.7039838737
2024-11-03,189215.7039838737
2024-11-04,189215.7039838737
2024-11-05,189215.7039838737
2024-11-06,189215.7039838737
2024-11-07,189215.7039838737
2024-11-08,189215.7039838737
2024-11-09,189215.7039838737
2024-11-10,189215.7039838737
2024-11-11,189215.7039838737
2024-11-12,189215.7039838737
2024-11-13,189215.7039838737
2024-11-14,189215.7039838737
2024-11-15,189215.7039838737
2024-11-16,189215.7039838737
2024-11-17,189215.7039838737
2024-11-18,189215.7039838737
2024-11-19,189215.7039838737
2024-11-20,189215.7039838737
2024-11-21,189215.7039838737
2024-11-22,189215.7039838737
2024-11-23,189215.7039838737
2024-11-24,189215.7039838737
2024-11-25,189215.7039838737
2024-11-26,189215.7039838737
2024-11-27,189215.7039838737
2024-11-28,189215.7039838737
2024-11-29,189215.7039838737
2024-11-30,189215.7039838737
2024-12-01,189215.7039838737
2024-12-02,189215.7039838737
2024-12-03,189215.7039838737
2024-12-04,189215.7039838737
2024-12-05,189215.7039838737
2024-12-06,189215.7039838737
2024-12-07,189215.7039838737
2024-12-08,189215.7039838737
2024-12-09,189215.7039838737
2024-12-10,189215.7039838737
2024-12-11,189215.7039838737
2024-12-12,189215.7039838737
2024-12-13,189215.7039838737
2024-12-14,189215.7039838737
2024-12-15,189215.7039838737
2024-12-16,189215.7039838737
2024-12-17,189215.7039838737
2024-12-18,189215.7039838737
2024-12-19,189215.7039838737
2024-12-20,189215.7039838737
2024-12-21,189215.7039838737
2024-12-22,189215.7039838737
2024-12-23,189215.7039838737
2024-12-24,189215.7039838737
2024-12-25,189215.7039838737
2024-12-26,189215.7039838737
2024-12-27,189215.7039838737
2024-12-28,189215.7039838737
2024-12-29,189215.7039838737
2024-12-30,189215.7039838737
2024-12-31,189215.7039838737
2025-01-01,189215.7039838737
2025-01-02,189215.7039838737
2025-01-03,189215.7039838737
2025-01-04,189215.7039838737
2025-01-05,189215.7039838737
2025-01-06,189215.7039838737
2025-01-07,189215.7039838737
2025-01-08,189215.7039838737
2025-01-09,189215.7039838737
2025-01-10,189215.7039838737
2025-01-11,189215.7039838737
2025-01-12,189215.7039838737
2025-01-13,189215.7039838737
2025-01-14,189215.7039838737
2025-01-15,189215.7039838737
2025-01-16,193524.0967567804
2025-01-17,193524.0967567804
2025-01-18,193524.0967567804
2025-01-19,193524.0967567804
2025-01-20,193524.0967567804
2025-01-21,193524.0967567804
2025-01-22,193524.0967567804
2025-01-23,193524.0967567804
2025-01-24,193524.0967567804
2025-01-25,193524.0967567804
2025-01-26,193524.0967567804
2025-01-27,193524.0967567804
2025-01-28,193524.0967567804
2025-01-29,193524.0967567804
2025-01-30,193524.0967567804
2025-01-31,197672.5886019853
2025-02-01,197672.5886019853
2025-02-02,197672.5886019853
2025-02-03,197672.5886019853
2025-02-04,197672.5886019853
2025-02-05,197672.5886019853
2025-02-06,197672.5886019853
2025-02-07,197672.5886019853
2025-02-08,197672.5886019853
2025-02-09,197672.5886019853
2025-02-10,197672.5886019853
2025-02-11,197672.5886019853
2025-02-12,197672.5886019853
2025-02-13,197672.5886019853
2025-02-14,197672.5886019853
2025-02-15,197672.5886019853
2025-02-16,197672.5886019853
2025-02-17,197672.5886019853
2025-02-18,197672.5886019853
2025-02-19,197672.5886019853
2025-02-20,197672.5886019853
2025-02-21,197672.5886019853
2025-02-22,197672.5886019853
2025-02-23,197672.5886019853
2025-02-24,197672.5886019853
2025-02-25,197672.5886019853
2025-02-26,197672.5886019853
2025-02-27,197672.5886019853
2025-02-28,197672.5886019853
2025-03-01,197672.5886019853
2025-03-02,197672.5886019853
2025-03-03,197672.5886019853
2025-03-04,197672.5886019853
2025-03-05,197672.5886019853
2025-03-06,197672.5886019853
2025-03-07,197672.5886019853
2025-03-08,197672.5886019853
2025-03-09,197672.5886019853
2025-03-10,197672.5886019853
2025-03-11,197672.5886019853
2025-03-12,197672.5886019853
2025-03-13,203156.4787378678
2025-03-14,203156.4787378678
2025-03-15,203156.4787378678
2025-03-16,203156.4787378678
2025-03-17,203156.4787378678
2025-03-18,203156.4787378678
2025-03-19,203156.4787378678
2025-03-20,203156.4787378678
2025-03-21,203156.4787378678
2025-03-22,203156.4787378678
2025-03-23,203156.4787378678
2025-03-24,203156.4787378678
2025-03-25,203156.4787378678
2025-03-26,203156.4787378678
2025-03-27,203156.4787378678
2025-03-28,203156.4787378678
2025-03-29,203156.4787378678
2025-03-30,203156.4787378678
2025-03-31,203156.4787378678
2025-04-01,207951.11535050793
2025-04-02,207951.11535050793
2025-04-03,207951.11535050793
2025-04-04,207951.11535050793
2025-04-05,207951.11535050793
2025-04-06,207951.11535050793
2025-04-07,207951.11535050793
2025-04-08,207951.11535050793
2025-04-09,207951.11535050793
2025-04-10,207951.11535050793
2025-04-11,207951.11535050793
2025-04-12,207951.11535050793
2025-04-13,207951.11535050793
2025-04-14,207951.11535050793
2025-04-15,207951.11535050793
2025-04-16,207951.11535050793
2025-04-17,207951.11535050793
2025-04-18,207951.11535050793
2025-04-19,207951.11535050793
2025-04-20,207951.11535050793
2025-04-21,212954.7338972411
2025-04-22,212954.7338972411
2025-04-23,212954.7338972411
2025-04-24,212954.7338972411
2025-04-25,212954.7338972411
2025-04-26,212954.7338972411
2025-04-27,212954.7338972411
2025-04-28,212954.7338972411
2025-04-29,212954.7338972411
2025-04-30,212954.7338972411
2025-05-01,210346.418589874
2025-05-02,210346.418589874
2025-05-03,210346.418589874
2025-05-04,210346.418589874
2025-05-05,210346.418589874
2025-05-06,210346.418589874
2025-05-07,210346.418589874
2025-05-08,210346.418589874
2025-05-09,210346.418589874
2025-05-10,210346.418589874
2025-05-11,210346.418589874
2025-05-12,201234.53035050986
2025-05-13,201234.53035050986
2025-05-14,201234.53035050986
2025-05-15,201234.53035050986
2025-05-16,201234.53035050986
2025-05-17,201234.53035050986
2025-05-18,201234.53035050986
2025-05-19,201234.53035050986
2025-05-20,201234.53035050986
2025-05-21,201234.53035050986
2025-05-22,201234.53035050986
2025-05-23,201234.53035050986
2025-05-24,201234.53035050986
2025-05-25,201234.53035050986
2025-05-26,201234.53035050986
2025-05-27,201234.53035050986
2025-05-28,201234.53035050986
2025-05-29,201234.53035050986
2025-05-30,201234.53035050986
2025-05-31,201234.53035050986
2025-06-01,201234.53035050986
2025-06-02,201234.53035050986
2025-06-03,201234.53035050986
2025-06-04,201234.53035050986
2025-06-05,201234.53035050986
2025-06-06,198918.05974045704
2025-06-07,198918.05974045704
2025-06-08,198918.05974045704
2025-06-09,198918.05974045704
2025-06-10,198918.05974045704
2025-06-11,198918.05974045704
2025-06-12,198918.05974045704
2025-06-13,203424.1608939281
2025-06-14,203424.1608939281
2025-06-15,203424.1608939281
2025-06-16,203424.1608939281
2025-06-17,203424.1608939281
2025-06-18,203424.1608939281
2025-06-19,203424.1608939281
2025-06-20,203424.1608939281
2025-06-21,203424.1608939281
2025-06-22,203424.1608939281
2025-06-23,203424.1608939281
2025-06-24,203424.1608939281
2025-06-25,203424.1608939281
2025-06-26,203424.1608939281
2025-06-27,203424.1608939281
2025-06-28,203424.1608939281
2025-06-29,203424.1608939281
2025-06-30,203424.1608939281
2025-07-01,203424.1608939281
2025-07-02,203424.1608939281
2025-07-03,203424.1608939281
2025-07-04,203424.1608939281
2025-07-05,203424.1608939281
2025-07-06,203424.1608939281
2025-07-07,203424.1608939281
2025-07-08,203424.1608939281
2025-07-09,203424.1608939281
2025-07-10,203424.1608939281
2025-07-11,203424.1608939281
2025-07-12,203424.1608939281
2025-07-13,203424.1608939281
2025-07-14,203424.1608939281
2025-07-15,203424.1608939281
2025-07-16,203424.1608939281
2025-07-17,203424.1608939281
2025-07-18,203424.1608939281
2025-07-19,203424.1608939281
2025-07-20,203424.1608939281
2025-07-21,203424.1608939281
2025-07-22,208311.49005998875
2025-07-23,208311.49005998875
2025-07-24,208311.49005998875
2025-07-25,208311.49005998875
2025-07-26,208311.49005998875
2025-07-27,208311.49005998875
2025-07-28,208311.49005998875
2025-07-29,208311.49005998875
2025-07-30,208311.49005998875
2025-07-31,208311.49005998875
2025-08-01,208311.49005998875
2025-08-02,208311.49005998875
2025-08-03,208311.49005998875
2025-08-04,208311.49005998875
2025-08-05,208311.49005998875
2025-08-06,208311.49005998875
2025-08-07,208311.49005998875
2025-08-08,208311.49005998875
2025-08-09,208311.49005998875
2025-08-10,208311.49005998875
2025-08-11,208311.49005998875
2025-08-12,208311.49005998875
2025-08-13,208311.49005998875
2025-08-14,205881.22101094044
2025-08-15,205881.22101094044
2025-08-16,205881.22101094044
2025-08-17,205881.22101094044
2025-08-18,205881.22101094044
2025-08-19,205881.22101094044
2025-08-20,205881.22101094044
2025-08-21,205881.22101094044
2025-08-22,205881.22101094044
2025-08-23,205881.22101094044
2025-08-24,205881.22101094044
2025-08-25,205881.22101094044
2025-08-26,205881.22101094044
2025-08-27,205881.22101094044
2025-08-28,205881.22101094044
2025-08-29,205881.22101094044
2025-08-30,205881.22101094044
2025-08-31,205881.22101094044
2025-09-01,205881.22101094044
2025-09-02,205881.22101094044
2025-09-03,209893.54883979785
2025-09-04,209893.54883979785
2025-09-05,209893.54883979785
2025-09-06,209893.54883979785
2025-09-07,209893.54883979785
2025-09-08,209893.54883979785
2025-09-09,209893.54883979785
2025-09-10,209893.54883979785
2025-09-11,209893.54883979785
2025-09-12,209893.54883979785
2025-09-13,209893.54883979785
2025-09-14,209893.54883979785
2025-09-15,209893.54883979785
2025-09-16,209893.54883979785
2025-09-17,209893.54883979785
2025-09-18,209893.54883979785
2025-09-19,209893.54883979785
2025-09-20,209893.54883979785
2025-09-21,209893.54883979785
2025-09-22,214207.65820156096
2025-09-23,214207.65820156096
2025-09-24,214207.65820156096
2025-09-25,214207.65820156096
2025-09-26,214207.65820156096
2025-09-27,214207.65820156096
2025-09-28,214207.65820156096
2025-09-29,214207.65820156096
2025-09-30,219903.95889836288
2025-10-01,219903.95889836288
2025-10-02,219903.95889836288
2025-10-03,219903.95889836288
2025-10-04,219903.95889836288
2025-10-05,219903.95889836288
2025-10-06,219903.95889836288
2025-10-07,219903.95889836288
2025-10-08,219903.95889836288
2025-10-09,219903.95889836288
2025-10-10,219903.95889836288
2025-10-11,219903.95889836288
2025-10-12,219903.95889836288
2025-10-13,219903.95889836288
2025-10-14,219903.95889836288
2025-10-15,219903.95889836288
2025-10-16,224914.0866885017
2025-10-17,224914.0866885017
2025-10-18,224914.0866885017
2025-10-19,224914.0866885017
2025-10-20,224914.0866885017
2025-10-21,224914.0866885017
2025-10-22,224914.0866885017
2025-10-23,224914.0866885017
2025-10-24,224914.0866885017
2025-10-25,224914.0866885017
2025-10-26,224914.0866885017
2025-10-27,224914.0866885017
2025-10-28,224914.0866885017
2025-10-29,224914.0866885017
2025-10-30,224914.0866885017
2025-10-31,224914.0866885017
2025-11-01,224914.0866885017
2025-11-02,224914.0866885017
2025-11-03,224914.0866885017
2025-11-04,224914.0866885017
2025-11-05,224914.0866885017
2025-11-06,224914.0866885017
2025-11-07,224914.0866885017
2025-11-08,224914.0866885017
2025-11-09,224914.0866885017
2025-11-10,224914.0866885017
2025-11-11,224914.0866885017
2025-11-12,224914.0866885017
2025-11-13,226860.81422661987
2025-11-14,226860.81422661987
2025-11-15,226860.81422661987
2025-11-16,226860.81422661987
2025-11-17,226860.81422661987
2025-11-18,226860.81422661987
2025-11-19,226860.81422661987
2025-11-20,226860.81422661987
2025-11-21,226860.81422661987
2025-11-22,226860.81422661987
2025-11-23,226860.81422661987
2025-11-24,226860.81422661987
2025-11-25,226860.81422661987
2025-11-26,226860.81422661987
2025-11-27,226860.81422661987
2025-11-28,226860.81422661987
2025-11-29,226860.81422661987
2025-11-30,226860.81422661987
2025-12-01,226860.81422661987
2025-12-02,226860.81422661987
2025-12-03,226860.81422661987
2025-12-04,226860.81422661987
2025-12-05,226860.81422661987
2025-12-06,226860.81422661987
2025-12-07,226860.81422661987
2025-12-08,226860.81422661987
2025-12-09,226860.81422661987
2025-12-10,226860.81422661987
2025-12-11,226860.81422661987
2025-12-12,231483.20228336597
2025-12-13,231483.20228336597
2025-12-14,231483.20228336597
2025-12-15,231483.20228336597
2025-12-16,231483.20228336597
2025-12-17,231483.20228336597
2025-12-18,231483.20228336597
2025-12-19,231483.20228336597
2025-12-20,231483.20228336597
2025-12-21,231483.20228336597
2025-12-22,231483.20228336597
2025-12-23,231483.20228336597
2025-12-24,231483.20228336597
2025-12-25,231483.20228336597
2025-12-26,231483.20228336597
2025-12-27,231483.20228336597
2025-12-28,231483.20228336597
2025-12-29,226647.18002949757
2025-12-30,226647.18002949757
2025-12-31,226647.18002949757
2026-01-01,226647.18002949757
2026-01-02,226647.18002949757
2026-01-03,226647.18002949757
2026-01-04,226647.18002949757
2026-01-05,226647.18002949757
2026-01-06,226647.18002949757
2026-01-07,226647.18002949757
2026-01-08,226647.18002949757
2026-01-09,226647.18002949757
2026-01-10,226647.18002949757
2026-01-11,226647.18002949757
2026-01-12,226647.18002949757
2026-01-13,226647.18002949757
2026-01-14,226647.18002949757
2026-01-15,226647.18002949757
2026-01-16,226647.18002949757
2026-01-17,226647.18002949757
2026-01-18,226647.18002949757
2026-01-19,226647.18002949757
2026-01-20,231181.05153444927
2026-01-21,231181.05153444927
2026-01-22,231181.05153444927
2026-01-23,231181.05153444927
2026-01-24,231181.05153444927
2026-01-25,231181.05153444927
2026-01-26,231181.05153444927
2026-01-27,231181.05153444927
2026-01-28,235901.12328747383
2026-01-29,235901.12328747383
2026-01-30,235901.12328747383
2026-01-31,235901.12328747383
2026-02-01,235901.12328747383
2026-02-02,235901.12328747383
2026-02-03,235901.12328747383
2026-02-04,235901.12328747383
2026-02-05,235901.12328747383
2026-02-06,235901.12328747383
2026-02-07,235901.12328747383
2026-02-08,235901.12328747383
2026-02-09,235901.12328747383
2026-02-10,235901.12328747383
2026-02-11,235901.12328747383
2026-02-12,233475.85515187227
2026-02-13,233475.85515187227
2026-02-14,233475.85515187227
2026-02-15,233475.85515187227
2026-02-16,233475.85515187227
2026-02-17,233475.85515187227
2026-02-18,233475.85515187227
2026-02-19,233475.85515187227
2026-02-20,233475.85515187227
2026-02-21,233475.85515187227
2026-02-22,233475.85515187227
2026-02-23,233475.85515187227
2026-02-24,233475.85515187227
2026-02-25,233475.85515187227
2026-02-26,233475.85515187227
2026-02-27,233475.85515187227
2026-02-28,233475.85515187227
2026-03-01,239369.27897329789
2026-03-02,239369.27897329789
2026-03-03,239369.27897329789
2026-03-04,239369.27897329789
2026-03-05,239369.27897329789
2026-03-06,239369.27897329789
2026-03-07,239369.27897329789
2026-03-08,239369.27897329789
2026-03-09,239369.27897329789
2026-03-10,239369.27897329789
2026-03-11,239369.27897329789
2026-03-12,239369.27897329789
2026-03-13,239369.27897329789
2026-03-14,239369.27897329789
2026-03-15,239369.27897329789
2026-03-16,239369.27897329789
2026-03-17,239369.27897329789
2026-03-18,239369.27897329789
2026-03-19,239369.27897329789
2026-03-20,239369.27897329789
2026-03-21,239369.27897329789
2026-03-22,239369.27897329789
2026-03-23,239369.27897329789
2026-03-24,239369.27897329789
2026-03-25,239369.27897329789
2026-03-26,239369.27897329789
2026-03-27,239369.27897329789
2026-03-28,239369.27897329789
2026-03-29,239369.27897329789
2026-03-30,239369.27897329789
2026-03-31,239369.27897329789
2026-04-01,239369.27897329789
2026-04-02,239369.27897329789
2026-04-03,239369.27897329789
2026-04-04,239369.27897329789
2026-04-05,239369.27897329789
2026-04-06,239369.27897329789
2026-04-07,239369.27897329789
2026-04-08,239369.27897329789
2026-04-09,239369.27897329789
2026-04-10,239369.27897329789
2026-04-11,239369.27897329789
2026-04-12,239369.27897329789
2026-04-13,239369.27897329789
2026-04-14,239369.27897329789
2026-04-15,239369.27897329789
2026-04-16,239369.27897329789
2026-04-17,239369.27897329789
2026-04-18,239369.27897329789
2026-04-19,239369.27897329789
2026-04-20,239369.27897329789
2026-04-21,235519.5072527143
2026-04-22,235519.5072527143
2026-04-23,235519.5072527143
2026-04-24,235519.5072527143
2026-04-25,235519.5072527143
2026-04-26,235519.5072527143
2026-04-27,235519.5072527143
2026-04-28,235519.5072527143
2026-04-29,235519.5072527143
2026-04-30,235519.5072527143
2026-05-01,235519.5072527143
2026-05-02,235519.5072527143
2026-05-03,235519.5072527143
2026-05-04,235519.5072527143
2026-05-05,235519.5072527143
2026-05-06,235519.5072527143
2026-05-07,235519.5072527143
2026-05-08,235519.5072527143
2026-05-09,235519.5072527143
2026-05-10,235519.5072527143
2026-05-11,235519.5072527143
2026-05-12,235519.5072527143
2026-05-13,235519.5072527143
2026-05-14,235519.5072527143
2026-05-15,232775.412787939
2026-05-16,232775.412787939
2026-05-17,232775.412787939
2026-05-18,232775.412787939
2026-05-19,232775.412787939
2026-05-20,232775.412787939
2026-05-21,232775.412787939
2026-05-22,232775.412787939
2026-05-23,232775.412787939
2026-05-24,232775.412787939
2026-05-25,232775.412787939
2026-05-26,232775.412787939
2026-05-27,232775.412787939
2026-05-28,232775.412787939
2026-05-29,232775.412787939
2026-05-30,232775.412787939
2026-05-31,232775.412787939
2026-06-01,232775.412787939
2026-06-02,232775.412787939
2026-06-03,232775.412787939
2026-06-04,232775.412787939
2026-06-05,232775.412787939
2026-06-06,232775.412787939
2026-06-07,232775.412787939
2026-06-08,232775.412787939
2026-06-09,232775.412787939
2026-06-10,232775.412787939
2026-06-11,232775.412787939
2026-06-12,232775.412787939
2026-06-13,232775.412787939
2026-06-14,232775.412787939
2026-06-15,232775.412787939
2026-06-16,232775.412787939
2026-06-17,232775.412787939
2026-06-18,232775.412787939
2026-06-19,232775.412787939
2026-06-20,232775.412787939
2026-06-21,232775.412787939
2026-06-22,232775.412787939
2026-06-23,232775.412787939
2026-06-24,232775.412787939
2026-06-25,232775.412787939
2026-06-26,232775.412787939
2026-06-27,232775.412787939
2026-06-28,232775.412787939
2026-06-29,232775.412787939
2026-06-30,232775.412787939
2026-07-01,232775.412787939
2026-07-02,232775.412787939
2026-07-03,232775.412787939
2026-07-04,232775.412787939
2026-07-05,232775.412787939
2026-07-06,232775.412787939
2026-07-07,232775.412787939
2026-07-08,232775.412787939
2026-07-09,232775.412787939
2026-07-10,232775.412787939
2026-07-11,232775.412787939
2026-07-12,232775.412787939
2026-07-13,232775.412787939
2026-07-14,232775.412787939
2026-07-15,232775.412787939
2026-07-16,232775.412787939
2026-07-17,232775.412787939
2026-07-18,232775.412787939
2026-07-19,232775.412787939
2026-07-20,232775.412787939
2026-07-21,232775.412787939
2026-07-22,232775.412787939
2026-07-23,232775.412787939
2026-07-24,232775.412787939
2026-07-25,232775.412787939
2026-07-26,232775.412787939
2026-07-27,232775.412787939
2026-07-28,232775.412787939
2026-07-29,232775.412787939
2026-07-30,232775.412787939
2026-07-31,232775.412787939
