date,equity
2015-12-31,100000.0
2016-01-01,100000.0
2016-01-02,100000.0
2016-01-03,100000.0
2016-01-04,100000.0
2016-01-05,100000.0
2016-01-06,100000.0
2016-01-07,100000.0
2016-01-08,100000.0
2016-01-09,100000.0
2016-01-10,100000.0
2016-01-11,100000.0
2016-01-12,100000.0
2016-01-13,100000.0
2016-01-14,100000.0
2016-01-15,100000.0
2016-01-16,100000.0
2016-01-17,100000.0
2016-01-18,100000.0
2016-01-19,100000.0
2016-01-20,100000.0
2016-01-21,100000.0
2016-01-22,100000.0
2016-01-23,100000.0
2016-01-24,100000.0
2016-01-25,100000.0
2016-01-26,100000.0
2016-01-27,100000.0
2016-01-28,99432.13036715145
2016-01-29,99432.13036715145
2016-01-30,99432.13036715145
2016-01-31,99432.13036715145
2016-02-01,99432.13036715145
2016-02-02,99432.13036715145
2016-02-03,99432.13036715145
2016-02-04,99432.13036715145
2016-02-05,99432.13036715145
2016-02-06,99432.13036715145
2016-02-07,99432.13036715145
2016-02-08,99432.13036715145
2016-02-09,99432.13036715145
2016-02-10,99432.13036715145
2016-02-11,100887.44594972655
2016-02-12,100887.44594972655
2016-02-13,100887.44594972655
2016-02-14,100887.44594972655
2016-02-15,100887.44594972655
2016-02-16,100887.44594972655
2016-02-17,100887.44594972655
2016-02-18,100887.44594972655
2016-02-19,100887.44594972655
2016-02-20,100887.44594972655
2016-02-21,100887.44594972655
2016-02-22,100887.44594972655
2016-02-23,100887.44594972655
2016-02-24,100887.44594972655
2016-02-25,100887.44594972655
2016-02-26,100887.44594972655
2016-02-27,100887.44594972655
2016-02-28,100887.44594972655
2016-02-29,100887.44594972655
2016-03-01,100887.44594972655
2016-03-02,100887.44594972655
2016-03-03,100887.44594972655
2016-03-04,100887.44594972655
2016-03-05,100887.44594972655
2016-03-06,100887.44594972655
2016-03-07,100887.44594972655
2016-03-08,100887.44594972655
2016-03-09,100887.44594972655
2016-03-10,100292.52466261436
2016-03-11,100292.52466261436
2016-03-12,100292.52466261436
2016-03-13,100292.52466261436
2016-03-14,100292.52466261436
2016-03-15,100292.52466261436
2016-03-16,100292.52466261436
2016-03-17,100292.52466261436
2016-03-18,100292.52466261436
2016-03-19,100292.52466261436
2016-03-20,100292.52466261436
2016-03-21,100292.52466261436
2016-03-22,100292.52466261436
2016-03-23,99716.25469233282
2016-03-24,99716.25469233282
2016-03-25,99716.25469233282
2016-03-26,99716.25469233282
2016-03-27,99716.25469233282
2016-03-28,99716.25469233282
2016-03-29,99716.25469233282
2016-03-30,99716.25469233282
2016-03-31,99716.25469233282
2016-04-01,99716.25469233282
2016-04-02,99716.25469233282
2016-04-03,99716.25469233282
2016-04-04,99716.25469233282
2016-04-05,99716.25469233282
2016-04-06,99716.25469233282
2016-04-07,99716.25469233282
2016-04-08,99716.25469233282
2016-04-09,99716.25469233282
2016-04-10,99716.25469233282
2016-04-11,99716.25469233282
2016-04-12,99716.25469233282
2016-04-13,99716.25469233282
2016-04-14,99154.326724802
2016-04-15,99154.326724802
2016-04-16,99154.326724802
2016-04-17,99154.326724802
2016-04-18,99154.326724802
2016-04-19,99154.326724802
2016-04-20,99154.326724802
2016-04-21,99154.326724802
2016-04-22,99154.326724802
2016-04-23,99154.326724802
2016-04-24,99154.326724802
2016-04-25,99154.326724802
2016-04-26,99154.326724802
2016-04-27,99154.326724802
2016-04-28,99154.326724802
2016-04-29,99154.326724802
2016-04-30,99154.326724802
2016-05-01,99154.326724802
2016-05-02,99154.326724802
2016-05-03,99154.326724802
2016-05-04,99154.326724802
2016-05-05,99154.326724802
2016-05-06,99154.326724802
2016-05-07,99154.326724802
2016-05-08,99154.326724802
2016-05-09,99154.326724802
2016-05-10,99154.326724802
2016-05-11,99154.326724802
2016-05-12,99154.326724802
2016-05-13,99154.326724802
2016-05-14,99154.326724802
2016-05-15,99154.326724802
2016-05-16,99154.326724802
2016-05-17,99154.326724802
2016-05-18,99154.326724802
2016-05-19,99154.326724802
2016-05-20,99154.326724802
2016-05-21,99154.326724802
2016-05-22,99154.326724802
2016-05-23,99154.326724802
2016-05-24,99154.326724802
2016-05-25,99154.326724802
2016-05-26,99154.326724802
2016-05-27,99154.326724802
2016-05-28,99154.326724802
2016-05-29,99154.326724802
2016-05-30,99154.326724802
2016-05-31,99154.326724802
2016-06-01,99154.326724802
2016-06-02,99154.326724802
2016-06-03,99154.326724802
2016-06-04,99154.326724802
2016-06-05,99154.326724802
2016-06-06,99154.326724802
2016-06-07,99154.326724802
2016-06-08,99154.326724802
2016-06-09,99154.326724802
2016-06-10,99154.326724802
2016-06-11,99154.326724802
2016-06-12,99154.326724802
2016-06-13,100171.98828246356
2016-06-14,100171.98828246356
2016-06-15,100171.98828246356
2016-06-16,100171.98828246356
2016-06-17,100171.98828246356
2016-06-18,100171.98828246356
2016-06-19,100171.98828246356
2016-06-20,100171.98828246356
2016-06-21,100171.98828246356
2016-06-22,100171.98828246356
2016-06-23,100171.98828246356
2016-06-24,101269.78207120468
2016-06-25,101269.78207120468
2016-06-26,101269.78207120468
2016-06-27,101269.78207120468
2016-06-28,101269.78207120468
2016-06-29,101269.78207120468
2016-06-30,101269.78207120468
2016-07-01,101269.78207120468
2016-07-02,101269.78207120468
2016-07-03,101269.78207120468
2016-07-04,101269.78207120468
2016-07-05,101269.78207120468
2016-07-06,101269.78207120468
2016-07-07,101269.78207120468
2016-07-08,101269.78207120468
2016-07-09,101269.78207120468
2016-07-10,101269.78207120468
2016-07-11,101269.78207120468
2016-07-12,101269.78207120468
2016-07-13,101269.78207120468
2016-07-14,100632.10638656498
2016-07-15,100632.10638656498
2016-07-16,100632.10638656498
2016-07-17,100632.10638656498
2016-07-18,100632.10638656498
2016-07-19,100632.10638656498
2016-07-20,100632.10638656498
2016-07-21,100632.10638656498
2016-07-22,100632.10638656498
2016-07-23,100632.10638656498
2016-07-24,100632.10638656498
2016-07-25,100632.10638656498
2016-07-26,100632.10638656498
2016-07-27,100632.10638656498
2016-07-28,100632.10638656498
2016-07-29,100632.10638656498
2016-07-30,100632.10638656498
2016-07-31,100632.10638656498
2016-08-01,100632.10638656498
2016-08-02,101656.6485351639
2016-08-03,101656.6485351639
2016-08-04,101656.6485351639
2016-08-05,101656.6485351639
2016-08-06,101656.6485351639
2016-08-07,101656.6485351639
2016-08-08,101656.6485351639
2016-08-09,101656.6485351639
2016-08-10,101656.6485351639
2016-08-11,101656.6485351639
2016-08-12,101656.6485351639
2016-08-13,101656.6485351639
2016-08-14,101656.6485351639
2016-08-15,101656.6485351639
2016-08-16,101656.6485351639
2016-08-17,101656.6485351639
2016-08-18,101656.6485351639
2016-08-19,101656.6485351639
2016-08-20,101656.6485351639
2016-08-21,101656.6485351639
2016-08-22,101656.6485351639
2016-08-23,101656.6485351639
2016-08-24,101656.6485351639
2016-08-25,101656.6485351639
2016-08-26,101656.6485351639
2016-08-27,101656.6485351639
2016-08-28,101656.6485351639
2016-08-29,101656.6485351639
2016-08-30,101656.6485351639
2016-08-31,101656.6485351639
2016-09-01,101656.6485351639
2016-09-02,101656.6485351639
2016-09-03,101656.6485351639
2016-09-04,101656.6485351639
2016-09-05,101656.6485351639
2016-09-06,101656.6485351639
2016-09-07,101656.6485351639
2016-09-08,101077.75462063929
2016-09-09,101077.75462063929
2016-09-10,101077.75462063929
2016-09-11,101077.75462063929
2016-09-12,101077.75462063929
2016-09-13,101077.75462063929
2016-09-14,101077.75462063929
2016-09-15,101077.75462063929
2016-09-16,101077.75462063929
2016-09-17,101077.75462063929
2016-09-18,101077.75462063929
2016-09-19,101077.75462063929
2016-09-20,101077.75462063929
2016-09-21,101077.75462063929
2016-09-22,101077.75462063929
2016-09-23,101077.75462063929
2016-09-24,101077.75462063929
2016-09-25,101077.75462063929
2016-09-26,101077.75462063929
2016-09-27,100338.63591322643
2016-09-28,100338.63591322643
2016-09-29,100338.63591322643
2016-09-30,100338.63591322643
2016-10-01,100338.63591322643
2016-10-02,100338.63591322643
2016-10-03,100338.63591322643
2016-10-04,100338.63591322643
2016-10-05,100338.63591322643
2016-10-06,100338.63591322643
2016-10-07,100338.63591322643
2016-10-08,100338.63591322643
2016-10-09,100338.63591322643
2016-10-10,100338.63591322643
2016-10-11,100338.63591322643
2016-10-12,100338.63591322643
2016-10-13,100338.63591322643
2016-10-14,100338.63591322643
2016-10-15,100338.63591322643
2016-10-16,100338.63591322643
2016-10-17,100338.63591322643
2016-10-18,100338.63591322643
2016-10-19,100338.63591322643
2016-10-20,100338.63591322643
2016-10-21,100338.63591322643
2016-10-22,100338.63591322643
2016-10-23,100338.63591322643
2016-10-24,100338.63591322643
2016-10-25,100338.63591322643
2016-10-26,100338.63591322643
2016-10-27,100338.63591322643
2016-10-28,100338.63591322643
2016-10-29,100338.63591322643
2016-10-30,100338.63591322643
2016-10-31,100338.63591322643
2016-11-01,100338.63591322643
2016-11-02,100338.63591322643
2016-11-03,99764.79815803476
2016-11-04,99764.79815803476
2016-11-05,99764.79815803476
2016-11-06,99764.79815803476
2016-11-07,99764.79815803476
2016-11-08,99764.79815803476
2016-11-09,99764.79815803476
2016-11-10,99764.79815803476
2016-11-11,99764.79815803476
2016-11-12,99764.79815803476
2016-11-13,99764.79815803476
2016-11-14,99764.79815803476
2016-11-15,99764.79815803476
2016-11-16,99764.79815803476
2016-11-17,99764.79815803476
2016-11-18,99764.79815803476
2016-11-19,99764.79815803476
2016-11-20,99764.79815803476
2016-11-21,99764.79815803476
2016-11-22,99764.79815803476
2016-11-23,99764.79815803476
2016-11-24,99764.79815803476
2016-11-25,99764.79815803476
2016-11-26,99764.79815803476
2016-11-27,99764.79815803476
2016-11-28,99764.79815803476
2016-11-29,99764.79815803476
2016-11-30,99764.79815803476
2016-12-01,99764.79815803476
2016-12-02,99764.79815803476
2016-12-03,99764.79815803476
2016-12-04,99764.79815803476
2016-12-05,99764.79815803476
2016-12-06,99764.79815803476
2016-12-07,99764.79815803476
2016-12-08,99764.79815803476
2016-12-09,99764.79815803476
2016-12-10,99764.79815803476
2016-12-11,99764.79815803476
2016-12-12,99764.79815803476
2016-12-13,99764.79815803476
2016-12-14,99764.79815803476
2016-12-15,99764.79815803476
2016-12-16,99764.79815803476
2016-12-17,99764.79815803476
2016-12-18,99764.79815803476
2016-12-19,99764.79815803476
2016-12-20,99764.79815803476
2016-12-21,99764.79815803476
2016-12-22,99764.79815803476
2016-12-23,99764.79815803476
2016-12-24,99764.79815803476
2016-12-25,99764.79815803476
2016-12-26,99764.79815803476
2016-12-27,99764.79815803476
2016-12-28,99764.79815803476
2016-12-29,99764.79815803476
2016-12-30,99764.79815803476
2016-12-31,99764.79815803476
2017-01-01,99764.79815803476
2017-01-02,99764.79815803476
2017-01-03,99764.79815803476
2017-01-04,99764.79815803476
2017-01-05,99764.79815803476
2017-01-06,99764.79815803476
2017-01-07,99764.79815803476
2017-01-08,99764.79815803476
2017-01-09,99764.79815803476
2017-01-10,99764.79815803476
2017-01-11,100791.38890700541
2017-01-12,100791.38890700541
2017-01-13,100791.38890700541
2017-01-14,100791.38890700541
2017-01-15,100791.38890700541
2017-01-16,100791.38890700541
2017-01-17,100791.38890700541
2017-01-18,100791.38890700541
2017-01-19,100791.38890700541
2017-01-20,100791.38890700541
2017-01-21,100791.38890700541
2017-01-22,100791.38890700541
2017-01-23,100791.38890700541
2017-01-24,100791.38890700541
2017-01-25,100170.4533914689
2017-01-26,100170.4533914689
2017-01-27,100170.4533914689
2017-01-28,100170.4533914689
2017-01-29,100170.4533914689
2017-01-30,100170.4533914689
2017-01-31,101149.61397100336
2017-02-01,101149.61397100336
2017-02-02,101149.61397100336
2017-02-03,101149.61397100336
2017-02-04,101149.61397100336
2017-02-05,101149.61397100336
2017-02-06,101149.61397100336
2017-02-07,101149.61397100336
2017-02-08,101149.61397100336
2017-02-09,102138.6090210645
2017-02-10,102138.6090210645
2017-02-11,102138.6090210645
2017-02-12,102138.6090210645
2017-02-13,102138.6090210645
2017-02-14,102138.6090210645
2017-02-15,102138.6090210645
2017-02-16,102138.6090210645
2017-02-17,102138.6090210645
2017-02-18,102138.6090210645
2017-02-19,102138.6090210645
2017-02-20,102138.6090210645
2017-02-21,102138.6090210645
2017-02-22,102138.6090210645
2017-02-23,102138.6090210645
2017-02-24,102138.6090210645
2017-02-25,102138.6090210645
2017-02-26,102138.6090210645
2017-02-27,102138.6090210645
2017-02-28,102138.6090210645
2017-03-01,102138.6090210645
2017-03-02,102138.6090210645
2017-03-03,101467.25380544364
2017-03-04,101467.25380544364
2017-03-05,101467.25380544364
2017-03-06,101467.25380544364
2017-03-07,101467.25380544364
2017-03-08,101467.25380544364
2017-03-09,101467.25380544364
2017-03-10,101467.25380544364
2017-03-11,101467.25380544364
2017-03-12,101467.25380544364
2017-03-13,101467.25380544364
2017-03-14,101467.25380544364
2017-03-15,101467.25380544364
2017-03-16,101467.25380544364
2017-03-17,101467.25380544364
2017-03-18,101467.25380544364
2017-03-19,101467.25380544364
2017-03-20,101467.25380544364
2017-03-21,101467.25380544364
2017-03-22,101467.25380544364
2017-03-23,101467.25380544364
2017-03-24,101467.25380544364
2017-03-25,101467.25380544364
2017-03-26,102510.22946383216
2017-03-27,102510.22946383216
2017-03-28,102510.22946383216
2017-03-29,102510.22946383216
2017-03-30,101934.02771653428
2017-03-31,101934.02771653428
2017-04-01,101934.02771653428
2017-04-02,101934.02771653428
2017-04-03,101934.02771653428
2017-04-04,101934.02771653428
2017-04-05,101934.02771653428
2017-04-06,101934.02771653428
2017-04-07,101934.02771653428
2017-04-08,101934.02771653428
2017-04-09,101934.02771653428
2017-04-10,101934.02771653428
2017-04-11,101934.02771653428
2017-04-12,101934.02771653428
2017-04-13,101934.02771653428
2017-04-14,101934.02771653428
2017-04-15,101934.02771653428
2017-04-16,101934.02771653428
2017-04-17,101934.02771653428
2017-04-18,101934.02771653428
2017-04-19,101934.02771653428
2017-04-20,101934.02771653428
2017-04-21,101934.02771653428
2017-04-22,101934.02771653428
2017-04-23,101934.02771653428
2017-04-24,101934.02771653428
2017-04-25,101934.02771653428
2017-04-26,101934.02771653428
2017-04-27,101934.02771653428
2017-04-28,101934.02771653428
2017-04-29,101934.02771653428
2017-04-30,101934.02771653428
2017-05-01,101934.02771653428
2017-05-02,101934.02771653428
2017-05-03,101934.02771653428
2017-05-04,101934.02771653428
2017-05-05,101934.02771653428
2017-05-06,101934.02771653428
2017-05-07,101934.02771653428
2017-05-08,101934.02771653428
2017-05-09,101934.02771653428
2017-05-10,101934.02771653428
2017-05-11,101934.02771653428
2017-05-12,101934.02771653428
2017-05-13,101934.02771653428
2017-05-14,101934.02771653428
2017-05-15,101934.02771653428
2017-05-16,101934.02771653428
2017-05-17,101934.02771653428
2017-05-18,101934.02771653428
2017-05-19,101934.02771653428
2017-05-20,101934.02771653428
2017-05-21,101934.02771653428
2017-05-22,101934.02771653428
2017-05-23,101934.02771653428
2017-05-24,101934.02771653428
2017-05-25,101934.02771653428
2017-05-26,101934.02771653428
2017-05-27,101934.02771653428
2017-05-28,101934.02771653428
2017-05-29,101934.02771653428
2017-05-30,101934.02771653428
2017-05-31,101934.02771653428
2017-06-01,101934.02771653428
2017-06-02,101934.02771653428
2017-06-03,101934.02771653428
2017-06-04,101934.02771653428
2017-06-05,101934.02771653428
2017-06-06,101934.02771653428
2017-06-07,101934.02771653428
2017-06-08,101934.02771653428
2017-06-09,101934.02771653428
2017-06-10,101934.02771653428
2017-06-11,101934.02771653428
2017-06-12,101934.02771653428
2017-06-13,101934.02771653428
2017-06-14,101934.02771653428
2017-06-15,101934.02771653428
2017-06-16,101934.02771653428
2017-06-17,101934.02771653428
2017-06-18,101934.02771653428
2017-06-19,101934.02771653428
2017-06-20,101934.02771653428
2017-06-21,101934.02771653428
2017-06-22,101934.02771653428
2017-06-23,101934.02771653428
2017-06-24,101934.02771653428
2017-06-25,101934.02771653428
2017-06-26,101934.02771653428
2017-06-27,101934.02771653428
2017-06-28,101934.02771653428
2017-06-29,101934.02771653428
2017-06-30,101934.02771653428
2017-07-01,101934.02771653428
2017-07-02,101934.02771653428
2017-07-03,101934.02771653428
2017-07-04,101934.02771653428
2017-07-05,101934.02771653428
2017-07-06,101934.02771653428
2017-07-07,101934.02771653428
2017-07-08,101934.02771653428
2017-07-09,101934.02771653428
2017-07-10,101934.02771653428
2017-07-11,101934.02771653428
2017-07-12,101934.02771653428
2017-07-13,101934.02771653428
2017-07-14,101934.02771653428
2017-07-15,101934.02771653428
2017-07-16,101934.02771653428
2017-07-17,101934.02771653428
2017-07-18,101934.02771653428
2017-07-19,101934.02771653428
2017-07-20,101934.02771653428
2017-07-21,101934.02771653428
2017-07-22,101934.02771653428
2017-07-23,101934.02771653428
2017-07-24,101934.02771653428
2017-07-25,101934.02771653428
2017-07-26,101934.02771653428
2017-07-27,101934.02771653428
2017-07-28,101934.02771653428
2017-07-29,101934.02771653428
2017-07-30,101934.02771653428
2017-07-31,101934.02771653428
2017-08-01,101934.02771653428
2017-08-02,101934.02771653428
2017-08-03,101934.02771653428
2017-08-04,101181.40337366045
2017-08-05,101181.40337366045
2017-08-06,101181.40337366045
2017-08-07,101181.40337366045
2017-08-08,101181.40337366045
2017-08-09,101181.40337366045
2017-08-10,101181.40337366045
2017-08-11,101181.40337366045
2017-08-12,101181.40337366045
2017-08-13,101181.40337366045
2017-08-14,100593.89550568028
2017-08-15,100593.89550568028
2017-08-16,100593.89550568028
2017-08-17,100593.89550568028
2017-08-18,100593.89550568028
2017-08-19,100593.89550568028
2017-08-20,100593.89550568028
2017-08-21,100593.89550568028
2017-08-22,100593.89550568028
2017-08-23,100593.89550568028
2017-08-24,100593.89550568028
2017-08-25,100593.89550568028
2017-08-26,100593.89550568028
2017-08-27,100593.89550568028
2017-08-28,100593.89550568028
2017-08-29,100593.89550568028
2017-08-30,100593.89550568028
2017-08-31,100593.89550568028
2017-09-01,100593.89550568028
2017-09-02,100593.89550568028
2017-09-03,100593.89550568028
2017-09-04,100593.89550568028
2017-09-05,100593.89550568028
2017-09-06,100593.89550568028
2017-09-07,100593.89550568028
2017-09-08,100593.89550568028
2017-09-09,100593.89550568028
2017-09-10,100593.89550568028
2017-09-11,100593.89550568028
2017-09-12,100593.89550568028
2017-09-13,100059.90476043832
2017-09-14,100059.90476043832
2017-09-15,100059.90476043832
2017-09-16,100059.90476043832
2017-09-17,100059.90476043832
2017-09-18,100059.90476043832
2017-09-19,100059.90476043832
2017-09-20,100059.90476043832
2017-09-21,100059.90476043832
2017-09-22,100059.90476043832
2017-09-23,100059.90476043832
2017-09-24,100059.90476043832
2017-09-25,100059.90476043832
2017-09-26,100059.90476043832
2017-09-27,100059.90476043832
2017-09-28,100059.90476043832
2017-09-29,100059.90476043832
2017-09-30,100059.90476043832
2017-10-01,100059.90476043832
2017-10-02,100059.90476043832
2017-10-03,100059.90476043832
2017-10-04,100059.90476043832
2017-10-05,100059.90476043832
2017-10-06,100059.90476043832
2017-10-07,100059.90476043832
2017-10-08,100059.90476043832
2017-10-09,100059.90476043832
2017-10-10,100059.90476043832
2017-10-11,100059.90476043832
2017-10-12,100059.90476043832
2017-10-13,100059.90476043832
2017-10-14,100059.90476043832
2017-10-15,100059.90476043832
2017-10-16,100059.90476043832
2017-10-17,100059.90476043832
2017-10-18,100059.90476043832
2017-10-19,100059.90476043832
2017-10-20,100059.90476043832
2017-10-21,100059.90476043832
2017-10-22,100059.90476043832
2017-10-23,100059.90476043832
2017-10-24,100059.90476043832
2017-10-25,100059.90476043832
2017-10-26,100059.90476043832
2017-10-27,100059.90476043832
2017-10-28,100059.90476043832
2017-10-29,100059.90476043832
2017-10-30,100059.90476043832
2017-10-31,100059.90476043832
2017-11-01,100059.90476043832
2017-11-02,100059.90476043832
2017-11-03,100059.90476043832
2017-11-04,100059.90476043832
2017-11-05,100059.90476043832
2017-11-06,100059.90476043832
2017-11-07,100059.90476043832
2017-11-08,100059.90476043832
2017-11-09,100059.90476043832
2017-11-10,100059.90476043832
2017-11-11,100059.90476043832
2017-11-12,100059.90476043832
2017-11-13,100059.90476043832
2017-11-14,100059.90476043832
2017-11-15,100059.90476043832
2017-11-16,100059.90476043832
2017-11-17,100059.90476043832
2017-11-18,100059.90476043832
2017-11-19,100059.90476043832
2017-11-20,100059.90476043832
2017-11-21,100059.90476043832
2017-11-22,100059.90476043832
2017-11-23,100059.90476043832
2017-11-24,100059.90476043832
2017-11-25,100059.90476043832
2017-11-26,100059.90476043832
2017-11-27,100059.90476043832
2017-11-28,100059.90476043832
2017-11-29,100059.90476043832
2017-11-30,100059.90476043832
2017-12-01,100059.90476043832
2017-12-02,100059.90476043832
2017-12-03,100059.90476043832
2017-12-04,100059.90476043832
2017-12-05,100059.90476043832
2017-12-06,100059.90476043832
2017-12-07,100059.90476043832
2017-12-08,100059.90476043832
2017-12-09,100059.90476043832
2017-12-10,100059.90476043832
2017-12-11,100059.90476043832
2017-12-12,100059.90476043832
2017-12-13,100059.90476043832
2017-12-14,100059.90476043832
2017-12-15,100059.90476043832
2017-12-16,100059.90476043832
2017-12-17,100059.90476043832
2017-12-18,100059.90476043832
2017-12-19,100059.90476043832
2017-12-20,100059.90476043832
2017-12-21,100059.90476043832
2017-12-22,100059.90476043832
2017-12-23,100059.90476043832
2017-12-24,100059.90476043832
2017-12-25,100059.90476043832
2017-12-26,100059.90476043832
2017-12-27,100059.90476043832
2017-12-28,100059.90476043832
2017-12-29,100059.90476043832
2017-12-30,100059.90476043832
2017-12-31,100059.90476043832
2018-01-01,100059.90476043832
2018-01-02,101174.46959583908
2018-01-03,101174.46959583908
2018-01-04,101174.46959583908
2018-01-05,101174.46959583908
2018-01-06,101174.46959583908
2018-01-07,101174.46959583908
2018-01-08,101174.46959583908
2018-01-09,101174.46959583908
2018-01-10,101174.46959583908
2018-01-11,101174.46959583908
2018-01-12,101174.46959583908
2018-01-13,101174.46959583908
2018-01-14,101174.46959583908
2018-01-15,101174.46959583908
2018-01-16,101174.46959583908
2018-01-17,101174.46959583908
2018-01-18,101174.46959583908
2018-01-19,101174.46959583908
2018-01-20,101174.46959583908
2018-01-21,101174.46959583908
2018-01-22,101174.46959583908
2018-01-23,101174.46959583908
2018-01-24,101174.46959583908
2018-01-25,101174.46959583908
2018-01-26,101174.46959583908
2018-01-27,101174.46959583908
2018-01-28,101174.46959583908
2018-01-29,101174.46959583908
2018-01-30,101174.46959583908
2018-01-31,101174.46959583908
2018-02-01,101174.46959583908
2018-02-02,100501.37855133502
2018-02-03,100501.37855133502
2018-02-04,100501.37855133502
2018-02-05,100501.37855133502
2018-02-06,100501.37855133502
2018-02-07,100501.37855133502
2018-02-08,100501.37855133502
2018-02-09,100501.37855133502
2018-02-10,100501.37855133502
2018-02-11,100501.37855133502
2018-02-12,100501.37855133502
2018-02-13,100501.37855133502
2018-02-14,100501.37855133502
2018-02-15,101485.70991331206
2018-02-16,101485.70991331206
2018-02-17,101485.70991331206
2018-02-18,101485.70991331206
2018-02-19,101485.70991331206
2018-02-20,101485.70991331206
2018-02-21,101485.70991331206
2018-02-22,101485.70991331206
2018-02-23,101485.70991331206
2018-02-24,101485.70991331206
2018-02-25,101485.70991331206
2018-02-26,101485.70991331206
2018-02-27,101485.70991331206
2018-02-28,101485.70991331206
2018-03-01,101485.70991331206
2018-03-02,101485.70991331206
2018-03-03,101485.70991331206
2018-03-04,101485.70991331206
2018-03-05,101485.70991331206
2018-03-06,101485.70991331206
2018-03-07,101485.70991331206
2018-03-08,101485.70991331206
2018-03-09,101485.70991331206
2018-03-10,101485.70991331206
2018-03-11,101485.70991331206
2018-03-12,101485.70991331206
2018-03-13,101485.70991331206
2018-03-14,101485.70991331206
2018-03-15,101485.70991331206
2018-03-16,101485.70991331206
2018-03-17,101485.70991331206
2018-03-18,101485.70991331206
2018-03-19,101485.70991331206
2018-03-20,101485.70991331206
2018-03-21,101485.70991331206
2018-03-22,101485.70991331206
2018-03-23,101485.70991331206
2018-03-24,101485.70991331206
2018-03-25,101485.70991331206
2018-03-26,101485.70991331206
2018-03-27,101485.70991331206
2018-03-28,100916.64817660526
2018-03-29,100916.64817660526
2018-03-30,100916.64817660526
2018-03-31,100916.64817660526
2018-04-01,100916.64817660526
2018-04-02,100916.64817660526
2018-04-03,100916.64817660526
2018-04-04,100916.64817660526
2018-04-05,100916.64817660526
2018-04-06,100367.57968691827
2018-04-07,100367.57968691827
2018-04-08,100367.57968691827
2018-04-09,100367.57968691827
2018-04-10,100367.57968691827
2018-04-11,100367.57968691827
2018-04-12,100367.57968691827
2018-04-13,100367.57968691827
2018-04-14,100367.57968691827
2018-04-15,100367.57968691827
2018-04-16,100367.57968691827
2018-04-17,100367.57968691827
2018-04-18,100367.57968691827
2018-04-19,100367.57968691827
2018-04-20,100367.57968691827
2018-04-21,100367.57968691827
2018-04-22,100367.57968691827
2018-04-23,99824.71126144635
2018-04-24,99824.71126144635
2018-04-25,99824.71126144635
2018-04-26,99824.71126144635
2018-04-27,99824.71126144635
2018-04-28,99824.71126144635
2018-04-29,99824.71126144635
2018-04-30,99824.71126144635
2018-05-01,99824.71126144635
2018-05-02,99824.71126144635
2018-05-03,99824.71126144635
2018-05-04,99824.71126144635
2018-05-05,99824.71126144635
2018-05-06,99824.71126144635
2018-05-07,99824.71126144635
2018-05-08,99824.71126144635
2018-05-09,99824.71126144635
2018-05-10,99824.71126144635
2018-05-11,99824.71126144635
2018-05-12,99824.71126144635
2018-05-13,99824.71126144635
2018-05-14,99824.71126144635
2018-05-15,99824.71126144635
2018-05-16,99824.71126144635
2018-05-17,99824.71126144635
2018-05-18,99824.71126144635
2018-05-19,99824.71126144635
2018-05-20,99824.71126144635
2018-05-21,99824.71126144635
2018-05-22,99824.71126144635
2018-05-23,99824.71126144635
2018-05-24,99824.71126144635
2018-05-25,99824.71126144635
2018-05-26,99824.71126144635
2018-05-27,99824.71126144635
2018-05-28,99824.71126144635
2018-05-29,99824.71126144635
2018-05-30,99824.71126144635
2018-05-31,99824.71126144635
2018-06-01,99824.71126144635
2018-06-02,99824.71126144635
2018-06-03,99824.71126144635
2018-06-04,99824.71126144635
2018-06-05,99824.71126144635
2018-06-06,99824.71126144635
2018-06-07,99824.71126144635
2018-06-08,99824.71126144635
2018-06-09,99824.71126144635
2018-06-10,99824.71126144635
2018-06-11,99824.71126144635
2018-06-12,99824.71126144635
2018-06-13,99824.71126144635
2018-06-14,99824.71126144635
2018-06-15,99824.71126144635
2018-06-16,99824.71126144635
2018-06-17,99824.71126144635
2018-06-18,99824.71126144635
2018-06-19,99824.71126144635
2018-06-20,99824.71126144635
2018-06-21,99824.71126144635
2018-06-22,99824.71126144635
2018-06-23,99824.71126144635
2018-06-24,99824.71126144635
2018-06-25,99824.71126144635
2018-06-26,99824.71126144635
2018-06-27,99824.71126144635
2018-06-28,99824.71126144635
2018-06-29,99824.71126144635
2018-06-30,99824.71126144635
2018-07-01,99824.71126144635
2018-07-02,99824.71126144635
2018-07-03,99824.71126144635
2018-07-04,99824.71126144635
2018-07-05,99824.71126144635
2018-07-06,99824.71126144635
2018-07-07,99824.71126144635
2018-07-08,99824.71126144635
2018-07-09,99824.71126144635
2018-07-10,99824.71126144635
2018-07-11,99824.71126144635
2018-07-12,99824.71126144635
2018-07-13,99824.71126144635
2018-07-14,99824.71126144635
2018-07-15,99824.71126144635
2018-07-16,99824.71126144635
2018-07-17,99824.71126144635
2018-07-18,99824.71126144635
2018-07-19,99824.71126144635
2018-07-20,99824.71126144635
2018-07-21,99824.71126144635
2018-07-22,99824.71126144635
2018-07-23,99824.71126144635
2018-07-24,99824.71126144635
2018-07-25,99824.71126144635
2018-07-26,99824.71126144635
2018-07-27,99824.71126144635
2018-07-28,99824.71126144635
2018-07-29,99824.71126144635
2018-07-30,99824.71126144635
2018-07-31,99824.71126144635
2018-08-01,99824.71126144635
2018-08-02,99824.71126144635
2018-08-03,99824.71126144635
2018-08-04,99824.71126144635
2018-08-05,99824.71126144635
2018-08-06,99824.71126144635
2018-08-07,99824.71126144635
2018-08-08,99824.71126144635
2018-08-09,99824.71126144635
2018-08-10,99824.71126144635
2018-08-11,99824.71126144635
2018-08-12,99824.71126144635
2018-08-13,99824.71126144635
2018-08-14,99824.71126144635
2018-08-15,99824.71126144635
2018-08-16,99824.71126144635
2018-08-17,99824.71126144635
2018-08-18,99824.71126144635
2018-08-19,99824.71126144635
2018-08-20,99824.71126144635
2018-08-21,99824.71126144635
2018-08-22,99824.71126144635
2018-08-23,99824.71126144635
2018-08-24,99824.71126144635
2018-08-25,99824.71126144635
2018-08-26,99824.71126144635
2018-08-27,99824.71126144635
2018-08-28,99824.71126144635
2018-08-29,99824.71126144635
2018-08-30,99824.71126144635
2018-08-31,99824.71126144635
2018-09-01,99824.71126144635
2018-09-02,99824.71126144635
2018-09-03,99824.71126144635
2018-09-04,99824.71126144635
2018-09-05,99824.71126144635
2018-09-06,99824.71126144635
2018-09-07,99824.71126144635
2018-09-08,99824.71126144635
2018-09-09,99824.71126144635
2018-09-10,99824.71126144635
2018-09-11,99824.71126144635
2018-09-12,99824.71126144635
2018-09-13,99824.71126144635
2018-09-14,99283.0882686173
2018-09-15,99283.0882686173
2018-09-16,99283.0882686173
2018-09-17,99283.0882686173
2018-09-18,99283.0882686173
2018-09-19,99283.0882686173
2018-09-20,99283.0882686173
2018-09-21,99283.0882686173
2018-09-22,99283.0882686173
2018-09-23,99283.0882686173
2018-09-24,99283.0882686173
2018-09-25,99283.0882686173
2018-09-26,98684.1595967835
2018-09-27,98684.1595967835
2018-09-28,98684.1595967835
2018-09-29,98684.1595967835
2018-09-30,98684.1595967835
2018-10-01,98684.1595967835
2018-10-02,98684.1595967835
2018-10-03,98684.1595967835
2018-10-04,98684.1595967835
2018-10-05,98684.1595967835
2018-10-06,98684.1595967835
2018-10-07,98684.1595967835
2018-10-08,98684.1595967835
2018-10-09,98684.1595967835
2018-10-10,98684.1595967835
2018-10-11,98684.1595967835
2018-10-12,98684.1595967835
2018-10-13,98684.1595967835
2018-10-14,98684.1595967835
2018-10-15,98684.1595967835
2018-10-16,98684.1595967835
2018-10-17,98684.1595967835
2018-10-18,98684.1595967835
2018-10-19,98684.1595967835
2018-10-20,98684.1595967835
2018-10-21,98684.1595967835
2018-10-22,98684.1595967835
2018-10-23,98684.1595967835
2018-10-24,98684.1595967835
2018-10-25,98684.1595967835
2018-10-26,98684.1595967835
2018-10-27,98684.1595967835
2018-10-28,98684.1595967835
2018-10-29,98684.1595967835
2018-10-30,98001.3487771713
2018-10-31,98001.3487771713
2018-11-01,98001.3487771713
2018-11-02,98001.3487771713
2018-11-03,98001.3487771713
2018-11-04,98001.3487771713
2018-11-05,98001.3487771713
2018-11-06,98001.3487771713
2018-11-07,98001.3487771713
2018-11-08,97464.08567840142
2018-11-09,97464.08567840142
2018-11-10,97464.08567840142
2018-11-11,97464.08567840142
2018-11-12,97464.08567840142
2018-11-13,97464.08567840142
2018-11-14,97464.08567840142
2018-11-15,97464.08567840142
2018-11-16,97464.08567840142
2018-11-17,97464.08567840142
2018-11-18,97464.08567840142
2018-11-19,97464.08567840142
2018-11-20,97464.08567840142
2018-11-21,97464.08567840142
2018-11-22,97464.08567840142
2018-11-23,97464.08567840142
2018-11-24,97464.08567840142
2018-11-25,97464.08567840142
2018-11-26,97464.08567840142
2018-11-27,97464.08567840142
2018-11-28,97464.08567840142
2018-11-29,97464.08567840142
2018-11-30,97464.08567840142
2018-12-01,97464.08567840142
2018-12-02,97464.08567840142
2018-12-03,97464.08567840142
2018-12-04,97464.08567840142
2018-12-05,97464.08567840142
2018-12-06,97464.08567840142
2018-12-07,98551.1801432691
2018-12-08,98551.1801432691
2018-12-09,98551.1801432691
2018-12-10,98551.1801432691
2018-12-11,98551.1801432691
2018-12-12,98551.1801432691
2018-12-13,98551.1801432691
2018-12-14,98551.1801432691
2018-12-15,98551.1801432691
2018-12-16,98551.1801432691
2018-12-17,98551.1801432691
2018-12-18,98551.1801432691
2018-12-19,98551.1801432691
2018-12-20,99871.30196830978
2018-12-21,99871.30196830978
2018-12-22,99871.30196830978
2018-12-23,99871.30196830978
2018-12-24,99871.30196830978
2018-12-25,99871.30196830978
2018-12-26,99871.30196830978
2018-12-27,99871.30196830978
2018-12-28,99871.30196830978
2018-12-29,99871.30196830978
2018-12-30,99871.30196830978
2018-12-31,99871.30196830978
2019-01-01,99871.30196830978
2019-01-02,99871.30196830978
2019-01-03,100981.223027969
2019-01-04,100981.223027969
2019-01-05,100981.223027969
2019-01-06,100981.223027969
2019-01-07,100981.223027969
2019-01-08,100981.223027969
2019-01-09,100981.223027969
2019-01-10,100981.223027969
2019-01-11,100981.223027969
2019-01-12,100981.223027969
2019-01-13,100981.223027969
2019-01-14,100981.223027969
2019-01-15,100981.223027969
2019-01-16,100981.223027969
2019-01-17,100981.223027969
2019-01-18,100981.223027969
2019-01-19,100981.223027969
2019-01-20,100981.223027969
2019-01-21,100981.223027969
2019-01-22,100981.223027969
2019-01-23,100981.223027969
2019-01-24,100981.223027969
2019-01-25,100981.223027969
2019-01-26,100981.223027969
2019-01-27,100981.223027969
2019-01-28,101988.58839190121
2019-01-29,101988.58839190121
2019-01-30,101988.58839190121
2019-01-31,101988.58839190121
2019-02-01,101988.58839190121
2019-02-02,101988.58839190121
2019-02-03,101988.58839190121
2019-02-04,101988.58839190121
2019-02-05,101988.58839190121
2019-02-06,101988.58839190121
2019-02-07,101988.58839190121
2019-02-08,101988.58839190121
2019-02-09,101988.58839190121
2019-02-10,101988.58839190121
2019-02-11,101988.58839190121
2019-02-12,101988.58839190121
2019-02-13,101988.58839190121
2019-02-14,101988.58839190121
2019-02-15,101988.58839190121
2019-02-16,101988.58839190121
2019-02-17,101988.58839190121
2019-02-18,101988.58839190121
2019-02-19,101988.58839190121
2019-02-20,101988.58839190121
2019-02-21,101279.83865402888
2019-02-22,101279.83865402888
2019-02-23,101279.83865402888
2019-02-24,101279.83865402888
2019-02-25,101279.83865402888
2019-02-26,101279.83865402888
2019-02-27,100624.38345191898
2019-02-28,100624.38345191898
2019-03-01,100624.38345191898
2019-03-02,100624.38345191898
2019-03-03,100624.38345191898
2019-03-04,100624.38345191898
2019-03-05,100624.38345191898
2019-03-06,100624.38345191898
2019-03-07,100624.38345191898
2019-03-08,100624.38345191898
2019-03-09,100624.38345191898
2019-03-10,100624.38345191898
2019-03-11,100624.38345191898
2019-03-12,100624.38345191898
2019-03-13,100624.38345191898
2019-03-14,100624.38345191898
2019-03-15,100624.38345191898
2019-03-16,100624.38345191898
2019-03-17,100624.38345191898
2019-03-18,100624.38345191898
2019-03-19,100624.38345191898
2019-03-20,100624.38345191898
2019-03-21,100624.38345191898
2019-03-22,100624.38345191898
2019-03-23,100624.38345191898
2019-03-24,100624.38345191898
2019-03-25,100624.38345191898
2019-03-26,100624.38345191898
2019-03-27,100624.38345191898
2019-03-28,100624.38345191898
2019-03-29,100624.38345191898
2019-03-30,100624.38345191898
2019-03-31,100624.38345191898
2019-04-01,100624.38345191898
2019-04-02,100624.38345191898
2019-04-03,100624.38345191898
2019-04-04,100624.38345191898
2019-04-05,100624.38345191898
2019-04-06,100624.38345191898
2019-04-07,100624.38345191898
2019-04-08,100624.38345191898
2019-04-09,100624.38345191898
2019-04-10,100624.38345191898
2019-04-11,100624.38345191898
2019-04-12,100624.38345191898
2019-04-13,100624.38345191898
2019-04-14,100624.38345191898
2019-04-15,100624.38345191898
2019-04-16,100624.38345191898
2019-04-17,100624.38345191898
2019-04-18,100624.38345191898
2019-04-19,100624.38345191898
2019-04-20,100624.38345191898
2019-04-21,100624.38345191898
2019-04-22,100624.38345191898
2019-04-23,100624.38345191898
2019-04-24,100624.38345191898
2019-04-25,100624.38345191898
2019-04-26,100624.38345191898
2019-04-27,100624.38345191898
2019-04-28,100624.38345191898
2019-04-29,100624.38345191898
2019-04-30,100624.38345191898
2019-05-01,100624.38345191898
2019-05-02,100624.38345191898
2019-05-03,100624.38345191898
2019-05-04,100624.38345191898
2019-05-05,100624.38345191898
2019-05-06,100624.38345191898
2019-05-07,100624.38345191898
2019-05-08,100624.38345191898
2019-05-09,100624.38345191898
2019-05-10,100624.38345191898
2019-05-11,100624.38345191898
2019-05-12,100624.38345191898
2019-05-13,100624.38345191898
2019-05-14,100624.38345191898
2019-05-15,100624.38345191898
2019-05-16,100624.38345191898
2019-05-17,99926.61514537972
2019-05-18,99926.61514537972
2019-05-19,99926.61514537972
2019-05-20,99926.61514537972
2019-05-21,99926.61514537972
2019-05-22,99926.61514537972
2019-05-23,99926.61514537972
2019-05-24,99926.61514537972
2019-05-25,99926.61514537972
2019-05-26,99926.61514537972
2019-05-27,99926.61514537972
2019-05-28,99926.61514537972
2019-05-29,99926.61514537972
2019-05-30,99926.61514537972
2019-05-31,99926.61514537972
2019-06-01,99926.61514537972
2019-06-02,99926.61514537972
2019-06-03,99926.61514537972
2019-06-04,99926.61514537972
2019-06-05,99926.61514537972
2019-06-06,99926.61514537972
2019-06-07,99926.61514537972
2019-06-08,99926.61514537972
2019-06-09,99926.61514537972
2019-06-10,99358.22904238575
2019-06-11,99358.22904238575
2019-06-12,99358.22904238575
2019-06-13,99358.22904238575
2019-06-14,99358.22904238575
2019-06-15,99358.22904238575
2019-06-16,99358.22904238575
2019-06-17,99358.22904238575
2019-06-18,99358.22904238575
2019-06-19,99358.22904238575
2019-06-20,100900.39258985965
2019-06-21,100900.39258985965
2019-06-22,100900.39258985965
2019-06-23,100900.39258985965
2019-06-24,100900.39258985965
2019-06-25,100900.39258985965
2019-06-26,100900.39258985965
2019-06-27,100900.39258985965
2019-06-28,100900.39258985965
2019-06-29,100900.39258985965
2019-06-30,100900.39258985965
2019-07-01,100900.39258985965
2019-07-02,100900.39258985965
2019-07-03,100900.39258985965
2019-07-04,100900.39258985965
2019-07-05,100900.39258985965
2019-07-06,100900.39258985965
2019-07-07,100900.39258985965
2019-07-08,100900.39258985965
2019-07-09,100900.39258985965
2019-07-10,100900.39258985965
2019-07-11,100900.39258985965
2019-07-12,100900.39258985965
2019-07-13,100900.39258985965
2019-07-14,100900.39258985965
2019-07-15,100900.39258985965
2019-07-16,100900.39258985965
2019-07-17,100900.39258985965
2019-07-18,100900.39258985965
2019-07-19,100900.39258985965
2019-07-20,100900.39258985965
2019-07-21,100900.39258985965
2019-07-22,100900.39258985965
2019-07-23,100327.29697823073
2019-07-24,100327.29697823073
2019-07-25,100327.29697823073
2019-07-26,100327.29697823073
2019-07-27,100327.29697823073
2019-07-28,100327.29697823073
2019-07-29,100327.29697823073
2019-07-30,100327.29697823073
2019-07-31,100327.29697823073
2019-08-01,100327.29697823073
2019-08-02,100327.29697823073
2019-08-03,100327.29697823073
2019-08-04,100327.29697823073
2019-08-05,100327.29697823073
2019-08-06,100327.29697823073
2019-08-07,100327.29697823073
2019-08-08,100327.29697823073
2019-08-09,100327.29697823073
2019-08-10,100327.29697823073
2019-08-11,100327.29697823073
2019-08-12,100327.29697823073
2019-08-13,100327.29697823073
2019-08-14,100327.29697823073
2019-08-15,100327.29697823073
2019-08-16,100327.29697823073
2019-08-17,100327.29697823073
2019-08-18,100327.29697823073
2019-08-19,100327.29697823073
2019-08-20,100327.29697823073
2019-08-21,100327.29697823073
2019-08-22,100327.29697823073
2019-08-23,100327.29697823073
2019-08-24,100327.29697823073
2019-08-25,100327.29697823073
2019-08-26,100327.29697823073
2019-08-27,100327.29697823073
2019-08-28,100327.29697823073
2019-08-29,100327.29697823073
2019-08-30,100327.29697823073
2019-08-31,100327.29697823073
2019-09-01,100327.29697823073
2019-09-02,100327.29697823073
2019-09-03,101334.72451427545
2019-09-04,101334.72451427545
2019-09-05,101334.72451427545
2019-09-06,101334.72451427545
2019-09-07,101334.72451427545
2019-09-08,101334.72451427545
2019-09-09,101334.72451427545
2019-09-10,101334.72451427545
2019-09-11,101334.72451427545
2019-09-12,101334.72451427545
2019-09-13,101334.72451427545
2019-09-14,101334.72451427545
2019-09-15,101334.72451427545
2019-09-16,101334.72451427545
2019-09-17,101334.72451427545
2019-09-18,101334.72451427545
2019-09-19,101334.72451427545
2019-09-20,101334.72451427545
2019-09-21,101334.72451427545
2019-09-22,101334.72451427545
2019-09-23,101334.72451427545
2019-09-24,101334.72451427545
2019-09-25,101334.72451427545
2019-09-26,101334.72451427545
2019-09-27,101334.72451427545
2019-09-28,101334.72451427545
2019-09-29,101334.72451427545
2019-09-30,100609.26483619564
2019-10-01,100609.26483619564
2019-10-02,100609.26483619564
2019-10-03,100609.26483619564
2019-10-04,100609.26483619564
2019-10-05,100609.26483619564
2019-10-06,100609.26483619564
2019-10-07,100609.26483619564
2019-10-08,100609.26483619564
2019-10-09,100609.26483619564
2019-10-10,100609.26483619564
2019-10-11,100609.26483619564
2019-10-12,100609.26483619564
2019-10-13,100609.26483619564
2019-10-14,100609.26483619564
2019-10-15,100609.26483619564
2019-10-16,100609.26483619564
2019-10-17,100609.26483619564
2019-10-18,100609.26483619564
2019-10-19,100609.26483619564
2019-10-20,100609.26483619564
2019-10-21,100609.26483619564
2019-10-22,100609.26483619564
2019-10-23,100609.26483619564
2019-10-24,100609.26483619564
2019-10-25,100609.26483619564
2019-10-26,100609.26483619564
2019-10-27,100609.26483619564
2019-10-28,99721.49097866804
2019-10-29,99721.49097866804
2019-10-30,99721.49097866804
2019-10-31,99721.49097866804
2019-11-01,99721.49097866804
2019-11-02,99721.49097866804
2019-11-03,99721.49097866804
2019-11-04,99721.49097866804
2019-11-05,99721.49097866804
2019-11-06,99721.49097866804
2019-11-07,99721.49097866804
2019-11-08,99721.49097866804
2019-11-09,99721.49097866804
2019-11-10,99721.49097866804
2019-11-11,99721.49097866804
2019-11-12,99721.49097866804
2019-11-13,99721.49097866804
2019-11-14,99721.49097866804
2019-11-15,99721.49097866804
2019-11-16,99721.49097866804
2019-11-17,99721.49097866804
2019-11-18,99721.49097866804
2019-11-19,99721.49097866804
2019-11-20,99721.49097866804
2019-11-21,99721.49097866804
2019-11-22,99721.49097866804
2019-11-23,99721.49097866804
2019-11-24,99721.49097866804
2019-11-25,99721.49097866804
2019-11-26,99721.49097866804
2019-11-27,99721.49097866804
2019-11-28,99721.49097866804
2019-11-29,99721.49097866804
2019-11-30,99721.49097866804
2019-12-01,99721.49097866804
2019-12-02,99721.49097866804
2019-12-03,99721.49097866804
2019-12-04,99721.49097866804
2019-12-05,99721.49097866804
2019-12-06,99721.49097866804
2019-12-07,99721.49097866804
2019-12-08,99721.49097866804
2019-12-09,99721.49097866804
2019-12-10,99721.49097866804
2019-12-11,99721.49097866804
2019-12-12,99721.49097866804
2019-12-13,99721.49097866804
2019-12-14,99721.49097866804
2019-12-15,99721.49097866804
2019-12-16,99721.49097866804
2019-12-17,99721.49097866804
2019-12-18,99721.49097866804
2019-12-19,99721.49097866804
2019-12-20,99721.49097866804
2019-12-21,99721.49097866804
2019-12-22,99721.49097866804
2019-12-23,99721.49097866804
2019-12-24,100704.20755072962
2019-12-25,100704.20755072962
2019-12-26,100704.20755072962
2019-12-27,100704.20755072962
2019-12-28,100704.20755072962
2019-12-29,100704.20755072962
2019-12-30,100704.20755072962
2019-12-31,100704.20755072962
2020-01-01,100704.20755072962
2020-01-02,101736.45951591064
2020-01-03,101736.45951591064
2020-01-04,101736.45951591064
2020-01-05,101736.45951591064
2020-01-06,101736.45951591064
2020-01-07,101736.45951591064
2020-01-08,101736.45951591064
2020-01-09,101736.45951591064
2020-01-10,101736.45951591064
2020-01-11,101736.45951591064
2020-01-12,101736.45951591064
2020-01-13,101736.45951591064
2020-01-14,101736.45951591064
2020-01-15,101736.45951591064
2020-01-16,101736.45951591064
2020-01-17,101736.45951591064
2020-01-18,101736.45951591064
2020-01-19,101736.45951591064
2020-01-20,101736.45951591064
2020-01-21,101736.45951591064
2020-01-22,101736.45951591064
2020-01-23,101736.45951591064
2020-01-24,101736.45951591064
2020-01-25,101736.45951591064
2020-01-26,101736.45951591064
2020-01-27,101736.45951591064
2020-01-28,101736.45951591064
2020-01-29,101736.45951591064
2020-01-30,101736.45951591064
2020-01-31,102742.17518183855
2020-02-01,102742.17518183855
2020-02-02,102742.17518183855
2020-02-03,102742.17518183855
2020-02-04,102742.17518183855
2020-02-05,102742.17518183855
2020-02-06,102742.17518183855
2020-02-07,102742.17518183855
2020-02-08,102742.17518183855
2020-02-09,102742.17518183855
2020-02-10,102742.17518183855
2020-02-11,102742.17518183855
2020-02-12,102742.17518183855
2020-02-13,102742.17518183855
2020-02-14,102742.17518183855
2020-02-15,102742.17518183855
2020-02-16,102742.17518183855
2020-02-17,102742.17518183855
2020-02-18,103962.12052936507
2020-02-19,103962.12052936507
2020-02-20,103962.12052936507
2020-02-21,105196.91285102173
2020-02-22,105196.91285102173
2020-02-23,105196.91285102173
2020-02-24,105196.91285102173
2020-02-25,105196.91285102173
2020-02-26,105196.91285102173
2020-02-27,105196.91285102173
2020-02-28,105196.91285102173
2020-02-29,105196.91285102173
2020-03-01,105196.91285102173
2020-03-02,105196.91285102173
2020-03-03,105196.91285102173
2020-03-04,105196.91285102173
2020-03-05,105196.91285102173
2020-03-06,105196.91285102173
2020-03-07,105196.91285102173
2020-03-08,105196.91285102173
2020-03-09,105196.91285102173
2020-03-10,104600.19131508838
2020-03-11,104600.19131508838
2020-03-12,104600.19131508838
2020-03-13,104600.19131508838
2020-03-14,104600.19131508838
2020-03-15,104600.19131508838
2020-03-16,104600.19131508838
2020-03-17,104600.19131508838
2020-03-18,104600.19131508838
2020-03-19,104600.19131508838
2020-03-20,104600.19131508838
2020-03-21,104600.19131508838
2020-03-22,104600.19131508838
2020-03-23,104600.19131508838
2020-03-24,104600.19131508838
2020-03-25,104600.19131508838
2020-03-26,104600.19131508838
2020-03-27,104600.19131508838
2020-03-28,104600.19131508838
2020-03-29,104600.19131508838
2020-03-30,104600.19131508838
2020-03-31,104600.19131508838
2020-04-01,104600.19131508838
2020-04-02,104600.19131508838
2020-04-03,104600.19131508838
2020-04-04,104600.19131508838
2020-04-05,104600.19131508838
2020-04-06,104600.19131508838
2020-04-07,104600.19131508838
2020-04-08,104600.19131508838
2020-04-09,104600.19131508838
2020-04-10,104600.19131508838
2020-04-11,104600.19131508838
2020-04-12,104600.19131508838
2020-04-13,105682.88459626137
2020-04-14,105682.88459626137
2020-04-15,105682.88459626137
2020-04-16,105682.88459626137
2020-04-17,105682.88459626137
2020-04-18,105682.88459626137
2020-04-19,105682.88459626137
2020-04-20,105682.88459626137
2020-04-21,105682.88459626137
2020-04-22,105682.88459626137
2020-04-23,105682.88459626137
2020-04-24,105682.88459626137
2020-04-25,105682.88459626137
2020-04-26,105682.88459626137
2020-04-27,105682.88459626137
2020-04-28,105682.88459626137
2020-04-29,105682.88459626137
2020-04-30,105682.88459626137
2020-05-01,105682.88459626137
2020-05-02,105682.88459626137
2020-05-03,105682.88459626137
2020-05-04,105682.88459626137
2020-05-05,105682.88459626137
2020-05-06,105682.88459626137
2020-05-07,105682.88459626137
2020-05-08,105682.88459626137
2020-05-09,105682.88459626137
2020-05-10,105682.88459626137
2020-05-11,105682.88459626137
2020-05-12,105682.88459626137
2020-05-13,105682.88459626137
2020-05-14,105682.88459626137
2020-05-15,106914.01203198715
2020-05-16,106914.01203198715
2020-05-17,106914.01203198715
2020-05-18,106914.01203198715
2020-05-19,106914.01203198715
2020-05-20,106914.01203198715
2020-05-21,106914.01203198715
2020-05-22,106914.01203198715
2020-05-23,106914.01203198715
2020-05-24,106914.01203198715
2020-05-25,106914.01203198715
2020-05-26,106107.40163254476
2020-05-27,106107.40163254476
2020-05-28,106107.40163254476
2020-05-29,106107.40163254476
2020-05-30,106107.40163254476
2020-05-31,106107.40163254476
2020-06-01,106107.40163254476
2020-06-02,106107.40163254476
2020-06-03,106107.40163254476
2020-06-04,106107.40163254476
2020-06-05,106107.40163254476
2020-06-06,106107.40163254476
2020-06-07,106107.40163254476
2020-06-08,106107.40163254476
2020-06-09,106107.40163254476
2020-06-10,106107.40163254476
2020-06-11,106107.40163254476
2020-06-12,106107.40163254476
2020-06-13,106107.40163254476
2020-06-14,106107.40163254476
2020-06-15,106107.40163254476
2020-06-16,106107.40163254476
2020-06-17,106107.40163254476
2020-06-18,106107.40163254476
2020-06-19,106107.40163254476
2020-06-20,106107.40163254476
2020-06-21,106107.40163254476
2020-06-22,106107.40163254476
2020-06-23,106107.40163254476
2020-06-24,106107.40163254476
2020-06-25,106107.40163254476
2020-06-26,106107.40163254476
2020-06-27,106107.40163254476
2020-06-28,106107.40163254476
2020-06-29,106107.40163254476
2020-06-30,107251.56537246554
2020-07-01,107251.56537246554
2020-07-02,107251.56537246554
2020-07-03,107251.56537246554
2020-07-04,107251.56537246554
2020-07-05,107251.56537246554
2020-07-06,107251.56537246554
2020-07-07,107251.56537246554
2020-07-08,108474.98831167899
2020-07-09,108474.98831167899
2020-07-10,108474.98831167899
2020-07-11,108474.98831167899
2020-07-12,108474.98831167899
2020-07-13,108474.98831167899
2020-07-14,108474.98831167899
2020-07-15,108474.98831167899
2020-07-16,108474.98831167899
2020-07-17,108474.98831167899
2020-07-18,108474.98831167899
2020-07-19,108474.98831167899
2020-07-20,108474.98831167899
2020-07-21,109655.28457984407
2020-07-22,109655.28457984407
2020-07-23,109655.28457984407
2020-07-24,109655.28457984407
2020-07-25,109655.28457984407
2020-07-26,109655.28457984407
2020-07-27,111242.01942015397
2020-07-28,111242.01942015397
2020-07-29,111242.01942015397
2020-07-30,111242.01942015397
2020-07-31,111242.01942015397
2020-08-01,111242.01942015397
2020-08-02,111242.01942015397
2020-08-03,111242.01942015397
2020-08-04,111242.01942015397
2020-08-05,111242.01942015397
2020-08-06,111242.01942015397
2020-08-07,111242.01942015397
2020-08-08,111242.01942015397
2020-08-09,111242.01942015397
2020-08-10,110657.14929949459
2020-08-11,110657.14929949459
2020-08-12,110657.14929949459
2020-08-13,110657.14929949459
2020-08-14,110657.14929949459
2020-08-15,110657.14929949459
2020-08-16,110657.14929949459
2020-08-17,110657.14929949459
2020-08-18,110657.14929949459
2020-08-19,110657.14929949459
2020-08-20,110657.14929949459
2020-08-21,110657.14929949459
2020-08-22,110657.14929949459
2020-08-23,110657.14929949459
2020-08-24,110657.14929949459
2020-08-25,110657.14929949459
2020-08-26,110657.14929949459
2020-08-27,110657.14929949459
2020-08-28,110657.14929949459
2020-08-29,110657.14929949459
2020-08-30,110657.14929949459
2020-08-31,110657.14929949459
2020-09-01,110657.14929949459
2020-09-02,110657.14929949459
2020-09-03,110008.85346231873
2020-09-04,110008.85346231873
2020-09-05,110008.85346231873
2020-09-06,110008.85346231873
2020-09-07,110008.85346231873
2020-09-08,110008.85346231873
2020-09-09,110008.85346231873
2020-09-10,110008.85346231873
2020-09-11,110008.85346231873
2020-09-12,110008.85346231873
2020-09-13,110008.85346231873
2020-09-14,110008.85346231873
2020-09-15,110008.85346231873
2020-09-16,110008.85346231873
2020-09-17,110008.85346231873
2020-09-18,110008.85346231873
2020-09-19,110008.85346231873
2020-09-20,110008.85346231873
2020-09-21,110008.85346231873
2020-09-22,110008.85346231873
2020-09-23,110008.85346231873
2020-09-24,110008.85346231873
2020-09-25,110008.85346231873
2020-09-26,110008.85346231873
2020-09-27,110008.85346231873
2020-09-28,110008.85346231873
2020-09-29,110008.85346231873
2020-09-30,110008.85346231873
2020-10-01,110008.85346231873
2020-10-02,110008.85346231873
2020-10-03,110008.85346231873
2020-10-04,110008.85346231873
2020-10-05,110008.85346231873
2020-10-06,110008.85346231873
2020-10-07,110008.85346231873
2020-10-08,110008.85346231873
2020-10-09,110008.85346231873
2020-10-10,110008.85346231873
2020-10-11,110008.85346231873
2020-10-12,110008.85346231873
2020-10-13,109133.988957402
2020-10-14,109133.988957402
2020-10-15,109133.988957402
2020-10-16,109133.988957402
2020-10-17,109133.988957402
2020-10-18,109133.988957402
2020-10-19,109133.988957402
2020-10-20,109133.988957402
2020-10-21,109133.988957402
2020-10-22,109133.988957402
2020-10-23,109133.988957402
2020-10-24,109133.988957402
2020-10-25,109133.988957402
2020-10-26,109133.988957402
2020-10-27,109133.988957402
2020-10-28,109133.988957402
2020-10-29,109133.988957402
2020-10-30,109133.988957402
2020-10-31,109133.988957402
2020-11-01,109133.988957402
2020-11-02,109133.988957402
2020-11-03,109133.988957402
2020-11-04,109133.988957402
2020-11-05,110267.20823967877
2020-11-06,110267.20823967877
2020-11-07,110267.20823967877
2020-11-08,110267.20823967877
2020-11-09,108287.85091117413
2020-11-10,108287.85091117413
2020-11-11,108287.85091117413
2020-11-12,108287.85091117413
2020-11-13,108287.85091117413
2020-11-14,108287.85091117413
2020-11-15,108287.85091117413
2020-11-16,108287.85091117413
2020-11-17,108287.85091117413
2020-11-18,108287.85091117413
2020-11-19,108287.85091117413
2020-11-20,108287.85091117413
2020-11-21,108287.85091117413
2020-11-22,108287.85091117413
2020-11-23,108287.85091117413
2020-11-24,108287.85091117413
2020-11-25,108287.85091117413
2020-11-26,108287.85091117413
2020-11-27,108287.85091117413
2020-11-28,108287.85091117413
2020-11-29,108287.85091117413
2020-11-30,108287.85091117413
2020-12-01,108287.85091117413
2020-12-02,108287.85091117413
2020-12-03,108287.85091117413
2020-12-04,108287.85091117413
2020-12-05,108287.85091117413
2020-12-06,108287.85091117413
2020-12-07,108287.85091117413
2020-12-08,108287.85091117413
2020-12-09,108287.85091117413
2020-12-10,108287.85091117413
2020-12-11,108287.85091117413
2020-12-12,108287.85091117413
2020-12-13,108287.85091117413
2020-12-14,108287.85091117413
2020-12-15,108287.85091117413
2020-12-16,108287.85091117413
2020-12-17,108287.85091117413
2020-12-18,108287.85091117413
2020-12-19,108287.85091117413
2020-12-20,108287.85091117413
2020-12-21,108287.85091117413
2020-12-22,108287.85091117413
2020-12-23,108287.85091117413
2020-12-24,108287.85091117413
2020-12-25,108287.85091117413
2020-12-26,108287.85091117413
2020-12-27,108287.85091117413
2020-12-28,108287.85091117413
2020-12-29,108287.85091117413
2020-12-30,108287.85091117413
2020-12-31,108287.85091117413
2021-01-01,108287.85091117413
2021-01-02,108287.85091117413
2021-01-03,109685.20187567268
2021-01-04,109685.20187567268
2021-01-05,109685.20187567268
2021-01-06,109685.20187567268
2021-01-07,109685.20187567268
2021-01-08,109685.20187567268
2021-01-09,109685.20187567268
2021-01-10,109685.20187567268
2021-01-11,109685.20187567268
2021-01-12,109685.20187567268
2021-01-13,109685.20187567268
2021-01-14,109685.20187567268
2021-01-15,109685.20187567268
2021-01-16,109685.20187567268
2021-01-17,109685.20187567268
2021-01-18,109685.20187567268
2021-01-19,109685.20187567268
2021-01-20,109685.20187567268
2021-01-21,109685.20187567268
2021-01-22,109685.20187567268
2021-01-23,109685.20187567268
2021-01-24,109685.20187567268
2021-01-25,109685.20187567268
2021-01-26,109685.20187567268
2021-01-27,109685.20187567268
2021-01-28,109685.20187567268
2021-01-29,109685.20187567268
2021-01-30,109685.20187567268
2021-01-31,109685.20187567268
2021-02-01,109685.20187567268
2021-02-02,109685.20187567268
2021-02-03,109685.20187567268
2021-02-04,109685.20187567268
2021-02-05,109685.20187567268
2021-02-06,109685.20187567268
2021-02-07,109685.20187567268
2021-02-08,109685.20187567268
2021-02-09,109685.20187567268
2021-02-10,109685.20187567268
2021-02-11,109685.20187567268
2021-02-12,109685.20187567268
2021-02-13,109685.20187567268
2021-02-14,109685.20187567268
2021-02-15,109685.20187567268
2021-02-16,109685.20187567268
2021-02-17,109685.20187567268
2021-02-18,109685.20187567268
2021-02-19,109685.20187567268
2021-02-20,109685.20187567268
2021-02-21,109685.20187567268
2021-02-22,109685.20187567268
2021-02-23,109685.20187567268
2021-02-24,109685.20187567268
2021-02-25,109685.20187567268
2021-02-26,109685.20187567268
2021-02-27,109685.20187567268
2021-02-28,109685.20187567268
2021-03-01,109685.20187567268
2021-03-02,109685.20187567268
2021-03-03,109685.20187567268
2021-03-04,109685.20187567268
2021-03-05,109685.20187567268
2021-03-06,109685.20187567268
2021-03-07,109685.20187567268
2021-03-08,109685.20187567268
2021-03-09,109685.20187567268
2021-03-10,109685.20187567268
2021-03-11,109685.20187567268
2021-03-12,109685.20187567268
2021-03-13,109685.20187567268
2021-03-14,109685.20187567268
2021-03-15,109685.20187567268
2021-03-16,109685.20187567268
2021-03-17,109685.20187567268
2021-03-18,109685.20187567268
2021-03-19,109685.20187567268
2021-03-20,109685.20187567268
2021-03-21,109685.20187567268
2021-03-22,109685.20187567268
2021-03-23,109685.20187567268
2021-03-24,109685.20187567268
2021-03-25,109685.20187567268
2021-03-26,109685.20187567268
2021-03-27,109685.20187567268
2021-03-28,109685.20187567268
2021-03-29,109685.20187567268
2021-03-30,109685.20187567268
2021-03-31,109685.20187567268
2021-04-01,109685.20187567268
2021-04-02,109685.20187567268
2021-04-03,109685.20187567268
2021-04-04,109685.20187567268
2021-04-05,109685.20187567268
2021-04-06,109685.20187567268
2021-04-07,109685.20187567268
2021-04-08,109685.20187567268
2021-04-09,109685.20187567268
2021-04-10,109685.20187567268
2021-04-11,109685.20187567268
2021-04-12,109685.20187567268
2021-04-13,109685.20187567268
2021-04-14,109685.20187567268
2021-04-15,109685.20187567268
2021-04-16,110957.78719357296
2021-04-17,110957.78719357296
2021-04-18,110957.78719357296
2021-04-19,110957.78719357296
2021-04-20,110957.78719357296
2021-04-21,110957.78719357296
2021-04-22,110957.78719357296
2021-04-23,110957.78719357296
2021-04-24,110957.78719357296
2021-04-25,110957.78719357296
2021-04-26,110957.78719357296
2021-04-27,110957.78719357296
2021-04-28,110957.78719357296
2021-04-29,110957.78719357296
2021-04-30,110957.78719357296
2021-05-01,110957.78719357296
2021-05-02,110957.78719357296
2021-05-03,110957.78719357296
2021-05-04,110957.78719357296
2021-05-05,110957.78719357296
2021-05-06,112074.01979080158
2021-05-07,112074.01979080158
2021-05-08,112074.01979080158
2021-05-09,112074.01979080158
2021-05-10,112074.01979080158
2021-05-11,112074.01979080158
2021-05-12,112074.01979080158
2021-05-13,112074.01979080158
2021-05-14,112074.01979080158
2021-05-15,112074.01979080158
2021-05-16,112074.01979080158
2021-05-17,113604.96613972455
2021-05-18,113604.96613972455
2021-05-19,113604.96613972455
2021-05-20,113604.96613972455
2021-05-21,113604.96613972455
2021-05-22,113604.96613972455
2021-05-23,113604.96613972455
2021-05-24,113604.96613972455
2021-05-25,113604.96613972455
2021-05-26,113604.96613972455
2021-05-27,113604.96613972455
2021-05-28,113604.96613972455
2021-05-29,113604.96613972455
2021-05-30,113604.96613972455
2021-05-31,113604.96613972455
2021-06-01,113604.96613972455
2021-06-02,113604.96613972455
2021-06-03,113604.96613972455
2021-06-04,113604.96613972455
2021-06-05,113604.96613972455
2021-06-06,113604.96613972455
2021-06-07,113604.96613972455
2021-06-08,113604.96613972455
2021-06-09,113604.96613972455
2021-06-10,113604.96613972455
2021-06-11,113604.96613972455
2021-06-12,113604.96613972455
2021-06-13,112922.66548536305
2021-06-14,112922.66548536305
2021-06-15,112922.66548536305
2021-06-16,112922.66548536305
2021-06-17,112922.66548536305
2021-06-18,112922.66548536305
2021-06-19,112922.66548536305
2021-06-20,112922.66548536305
2021-06-21,112922.66548536305
2021-06-22,112922.66548536305
2021-06-23,112922.66548536305
2021-06-24,112922.66548536305
2021-06-25,112922.66548536305
2021-06-26,112922.66548536305
2021-06-27,112922.66548536305
2021-06-28,112922.66548536305
2021-06-29,112922.66548536305
2021-06-30,112922.66548536305
2021-07-01,112922.66548536305
2021-07-02,112922.66548536305
2021-07-03,112922.66548536305
2021-07-04,112922.66548536305
2021-07-05,112922.66548536305
2021-07-06,112922.66548536305
2021-07-07,112922.66548536305
2021-07-08,112922.66548536305
2021-07-09,112922.66548536305
2021-07-10,112922.66548536305
2021-07-11,112922.66548536305
2021-07-12,112922.66548536305
2021-07-13,112922.66548536305
2021-07-14,112922.66548536305
2021-07-15,112922.66548536305
2021-07-16,112922.66548536305
2021-07-17,112922.66548536305
2021-07-18,112922.66548536305
2021-07-19,112922.66548536305
2021-07-20,112922.66548536305
2021-07-21,112922.66548536305
2021-07-22,112922.66548536305
2021-07-23,112922.66548536305
2021-07-24,112922.66548536305
2021-07-25,112922.66548536305
2021-07-26,112922.66548536305
2021-07-27,112922.66548536305
2021-07-28,112922.66548536305
2021-07-29,112922.66548536305
2021-07-30,112922.66548536305
2021-07-31,112922.66548536305
2021-08-01,112922.66548536305
2021-08-02,112922.66548536305
2021-08-03,112922.66548536305
2021-08-04,112922.66548536305
2021-08-05,112922.66548536305
2021-08-06,112922.66548536305
2021-08-07,112922.66548536305
2021-08-08,112922.66548536305
2021-08-09,112922.66548536305
2021-08-10,112922.66548536305
2021-08-11,112922.66548536305
2021-08-12,112922.66548536305
2021-08-13,112922.66548536305
2021-08-14,112922.66548536305
2021-08-15,112922.66548536305
2021-08-16,112922.66548536305
2021-08-17,112922.66548536305
2021-08-18,112922.66548536305
2021-08-19,112922.66548536305
2021-08-20,112922.66548536305
2021-08-21,112922.66548536305
2021-08-22,112922.66548536305
2021-08-23,112922.66548536305
2021-08-24,112922.66548536305
2021-08-25,112922.66548536305
2021-08-26,112922.66548536305
2021-08-27,112922.66548536305
2021-08-28,112922.66548536305
2021-08-29,112922.66548536305
2021-08-30,112922.66548536305
2021-08-31,112922.66548536305
2021-09-01,112922.66548536305
2021-09-02,112922.66548536305
2021-09-03,112922.66548536305
2021-09-04,112922.66548536305
2021-09-05,112922.66548536305
2021-09-06,112922.66548536305
2021-09-07,112151.32035603572
2021-09-08,112151.32035603572
2021-09-09,112151.32035603572
2021-09-10,112151.32035603572
2021-09-11,112151.32035603572
2021-09-12,112151.32035603572
2021-09-13,112151.32035603572
2021-09-14,112151.32035603572
2021-09-15,112151.32035603572
2021-09-16,112151.32035603572
2021-09-17,112151.32035603572
2021-09-18,112151.32035603572
2021-09-19,112151.32035603572
2021-09-20,112151.32035603572
2021-09-21,112151.32035603572
2021-09-22,112151.32035603572
2021-09-23,112151.32035603572
2021-09-24,112151.32035603572
2021-09-25,112151.32035603572
2021-09-26,112151.32035603572
2021-09-27,112151.32035603572
2021-09-28,112151.32035603572
2021-09-29,112151.32035603572
2021-09-30,112151.32035603572
2021-10-01,112151.32035603572
2021-10-02,112151.32035603572
2021-10-03,112151.32035603572
2021-10-04,112151.32035603572
2021-10-05,112151.32035603572
2021-10-06,112151.32035603572
2021-10-07,112151.32035603572
2021-10-08,112151.32035603572
2021-10-09,112151.32035603572
2021-10-10,112151.32035603572
2021-10-11,112151.32035603572
2021-10-12,112151.32035603572
2021-10-13,112151.32035603572
2021-10-14,112151.32035603572
2021-10-15,112151.32035603572
2021-10-16,112151.32035603572
2021-10-17,112151.32035603572
2021-10-18,112151.32035603572
2021-10-19,112151.32035603572
2021-10-20,112151.32035603572
2021-10-21,112151.32035603572
2021-10-22,112151.32035603572
2021-10-23,112151.32035603572
2021-10-24,112151.32035603572
2021-10-25,113290.38694258995
2021-10-26,113290.38694258995
2021-10-27,113290.38694258995
2021-10-28,113290.38694258995
2021-10-29,113290.38694258995
2021-10-30,113290.38694258995
2021-10-31,113290.38694258995
2021-11-01,113290.38694258995
2021-11-02,113290.38694258995
2021-11-03,113290.38694258995
2021-11-04,113290.38694258995
2021-11-05,113290.38694258995
2021-11-06,113290.38694258995
2021-11-07,113290.38694258995
2021-11-08,113290.38694258995
2021-11-09,113290.38694258995
2021-11-10,113290.38694258995
2021-11-11,114524.11706308948
2021-11-12,114524.11706308948
2021-11-13,114524.11706308948
2021-11-14,114524.11706308948
2021-11-15,114524.11706308948
2021-11-16,114524.11706308948
2021-11-17,114524.11706308948
2021-11-18,114524.11706308948
2021-11-19,114524.11706308948
2021-11-20,114524.11706308948
2021-11-21,114524.11706308948
2021-11-22,113330.80736995181
2021-11-23,113330.80736995181
2021-11-24,113330.80736995181
2021-11-25,113330.80736995181
2021-11-26,113330.80736995181
2021-11-27,113330.80736995181
2021-11-28,113330.80736995181
2021-11-29,113330.80736995181
2021-11-30,113330.80736995181
2021-12-01,113330.80736995181
2021-12-02,113330.80736995181
2021-12-03,113330.80736995181
2021-12-04,113330.80736995181
2021-12-05,113330.80736995181
2021-12-06,113330.80736995181
2021-12-07,113330.80736995181
2021-12-08,113330.80736995181
2021-12-09,113330.80736995181
2021-12-10,113330.80736995181
2021-12-11,113330.80736995181
2021-12-12,113330.80736995181
2021-12-13,113330.80736995181
2021-12-14,113330.80736995181
2021-12-15,113330.80736995181
2021-12-16,113330.80736995181
2021-12-17,113330.80736995181
2021-12-18,113330.80736995181
2021-12-19,113330.80736995181
2021-12-20,113330.80736995181
2021-12-21,113330.80736995181
2021-12-22,113330.80736995181
2021-12-23,113330.80736995181
2021-12-24,113330.80736995181
2021-12-25,113330.80736995181
2021-12-26,113330.80736995181
2021-12-27,113330.80736995181
2021-12-28,113330.80736995181
2021-12-29,113330.80736995181
2021-12-30,113330.80736995181
2021-12-31,114471.89269288696
2022-01-01,114471.89269288696
2022-01-02,114471.89269288696
2022-01-03,114471.89269288696
2022-01-04,114471.89269288696
2022-01-05,114471.89269288696
2022-01-06,114471.89269288696
2022-01-07,114471.89269288696
2022-01-08,114471.89269288696
2022-01-09,114471.89269288696
2022-01-10,114471.89269288696
2022-01-11,114471.89269288696
2022-01-12,114471.89269288696
2022-01-13,114471.89269288696
2022-01-14,114471.89269288696
2022-01-15,114471.89269288696
2022-01-16,114471.89269288696
2022-01-17,114471.89269288696
2022-01-18,114471.89269288696
2022-01-19,114471.89269288696
2022-01-20,114471.89269288696
2022-01-21,114471.89269288696
2022-01-22,114471.89269288696
2022-01-23,114471.89269288696
2022-01-24,114471.89269288696
2022-01-25,115643.72164075568
2022-01-26,115643.72164075568
2022-01-27,115643.72164075568
2022-01-28,115643.72164075568
2022-01-29,115643.72164075568
2022-01-30,115643.72164075568
2022-01-31,115643.72164075568
2022-02-01,115643.72164075568
2022-02-02,115643.72164075568
2022-02-03,115643.72164075568
2022-02-04,115643.72164075568
2022-02-05,115643.72164075568
2022-02-06,115643.72164075568
2022-02-07,115643.72164075568
2022-02-08,115643.72164075568
2022-02-09,115643.72164075568
2022-02-10,115643.72164075568
2022-02-11,117532.15814272783
2022-02-12,117532.15814272783
2022-02-13,117532.15814272783
2022-02-14,117532.15814272783
2022-02-15,117532.15814272783
2022-02-16,117532.15814272783
2022-02-17,117532.15814272783
2022-02-18,117532.15814272783
2022-02-19,117532.15814272783
2022-02-20,117532.15814272783
2022-02-21,117532.15814272783
2022-02-22,117532.15814272783
2022-02-23,117532.15814272783
2022-02-24,118381.50028278642
2022-02-25,118381.50028278642
2022-02-26,118381.50028278642
2022-02-27,118381.50028278642
2022-02-28,118381.50028278642
2022-03-01,118381.50028278642
2022-03-02,118381.50028278642
2022-03-03,118381.50028278642
2022-03-04,118381.50028278642
2022-03-05,118381.50028278642
2022-03-06,118381.50028278642
2022-03-07,119567.88734678508
2022-03-08,119567.88734678508
2022-03-09,119567.88734678508
2022-03-10,119567.88734678508
2022-03-11,119567.88734678508
2022-03-12,119567.88734678508
2022-03-13,119567.88734678508
2022-03-14,119567.88734678508
2022-03-15,119567.88734678508
2022-03-16,119567.88734678508
2022-03-17,119567.88734678508
2022-03-18,119567.88734678508
2022-03-19,119567.88734678508
2022-03-20,119567.88734678508
2022-03-21,119567.88734678508
2022-03-22,119567.88734678508
2022-03-23,119567.88734678508
2022-03-24,119567.88734678508
2022-03-25,119567.88734678508
2022-03-26,119567.88734678508
2022-03-27,119567.88734678508
2022-03-28,119567.88734678508
2022-03-29,119567.88734678508
2022-03-30,119567.88734678508
2022-03-31,119567.88734678508
2022-04-01,119567.88734678508
2022-04-02,119567.88734678508
2022-04-03,119567.88734678508
2022-04-04,119567.88734678508
2022-04-05,119567.88734678508
2022-04-06,119567.88734678508
2022-04-07,119567.88734678508
2022-04-08,119567.88734678508
2022-04-09,119567.88734678508
2022-04-10,119567.88734678508
2022-04-11,119567.88734678508
2022-04-12,119567.88734678508
2022-04-13,119567.88734678508
2022-04-14,119567.88734678508
2022-04-15,119567.88734678508
2022-04-16,119567.88734678508
2022-04-17,120819.78247549644
2022-04-18,120819.78247549644
2022-04-19,120819.78247549644
2022-04-20,120819.78247549644
2022-04-21,120819.78247549644
2022-04-22,120819.78247549644
2022-04-23,120819.78247549644
2022-04-24,120819.78247549644
2022-04-25,120819.78247549644
2022-04-26,120819.78247549644
2022-04-27,120819.78247549644
2022-04-28,120819.78247549644
2022-04-29,120819.78247549644
2022-04-30,120819.78247549644
2022-05-01,120819.78247549644
2022-05-02,120819.78247549644
2022-05-03,120819.78247549644
2022-05-04,120819.78247549644
2022-05-05,120819.78247549644
2022-05-06,120819.78247549644
2022-05-07,120819.78247549644
2022-05-08,120819.78247549644
2022-05-09,120819.78247549644
2022-05-10,120819.78247549644
2022-05-11,120819.78247549644
2022-05-12,120819.78247549644
2022-05-13,120819.78247549644
2022-05-14,120819.78247549644
2022-05-15,120819.78247549644
2022-05-16,120819.78247549644
2022-05-17,120819.78247549644
2022-05-18,120819.78247549644
2022-05-19,120819.78247549644
2022-05-20,120819.78247549644
2022-05-21,120819.78247549644
2022-05-22,120819.78247549644
2022-05-23,120819.78247549644
2022-05-24,120819.78247549644
2022-05-25,120819.78247549644
2022-05-26,120819.78247549644
2022-05-27,120819.78247549644
2022-05-28,120819.78247549644
2022-05-29,120819.78247549644
2022-05-30,120819.78247549644
2022-05-31,120819.78247549644
2022-06-01,120819.78247549644
2022-06-02,120819.78247549644
2022-06-03,120819.78247549644
2022-06-04,120819.78247549644
2022-06-05,120819.78247549644
2022-06-06,120819.78247549644
2022-06-07,120819.78247549644
2022-06-08,120819.78247549644
2022-06-09,120819.78247549644
2022-06-10,120819.78247549644
2022-06-11,120819.78247549644
2022-06-12,120819.78247549644
2022-06-13,120819.78247549644
2022-06-14,120819.78247549644
2022-06-15,120819.78247549644
2022-06-16,120819.78247549644
2022-06-17,120819.78247549644
2022-06-18,120819.78247549644
2022-06-19,120819.78247549644
2022-06-20,120819.78247549644
2022-06-21,120819.78247549644
2022-06-22,120819.78247549644
2022-06-23,120819.78247549644
2022-06-24,120819.78247549644
2022-06-25,120819.78247549644
2022-06-26,120819.78247549644
2022-06-27,120819.78247549644
2022-06-28,120819.78247549644
2022-06-29,120819.78247549644
2022-06-30,120819.78247549644
2022-07-01,120819.78247549644
2022-07-02,120819.78247549644
2022-07-03,120819.78247549644
2022-07-04,120819.78247549644
2022-07-05,120819.78247549644
2022-07-06,120819.78247549644
2022-07-07,120819.78247549644
2022-07-08,120819.78247549644
2022-07-09,120819.78247549644
2022-07-10,120819.78247549644
2022-07-11,120819.78247549644
2022-07-12,120819.78247549644
2022-07-13,120819.78247549644
2022-07-14,120819.78247549644
2022-07-15,120819.78247549644
2022-07-16,120819.78247549644
2022-07-17,120819.78247549644
2022-07-18,120819.78247549644
2022-07-19,120819.78247549644
2022-07-20,120819.78247549644
2022-07-21,120819.78247549644
2022-07-22,120819.78247549644
2022-07-23,120819.78247549644
2022-07-24,120819.78247549644
2022-07-25,120819.78247549644
2022-07-26,120819.78247549644
2022-07-27,120819.78247549644
2022-07-28,120819.78247549644
2022-07-29,120819.78247549644
2022-07-30,120819.78247549644
2022-07-31,120819.78247549644
2022-08-01,120819.78247549644
2022-08-02,120819.78247549644
2022-08-03,120819.78247549644
2022-08-04,120819.78247549644
2022-08-05,120819.78247549644
2022-08-06,120819.78247549644
2022-08-07,120819.78247549644
2022-08-08,120819.78247549644
2022-08-09,120819.78247549644
2022-08-10,120819.78247549644
2022-08-11,120819.78247549644
2022-08-12,122102.11907366179
2022-08-13,122102.11907366179
2022-08-14,122102.11907366179
2022-08-15,122102.11907366179
2022-08-16,122102.11907366179
2022-08-17,122102.11907366179
2022-08-18,122102.11907366179
2022-08-19,122102.11907366179
2022-08-20,122102.11907366179
2022-08-21,122102.11907366179
2022-08-22,122102.11907366179
2022-08-23,122102.11907366179
2022-08-24,122102.11907366179
2022-08-25,122102.11907366179
2022-08-26,122102.11907366179
2022-08-27,122102.11907366179
2022-08-28,122102.11907366179
2022-08-29,122102.11907366179
2022-08-30,122102.11907366179
2022-08-31,122102.11907366179
2022-09-01,122102.11907366179
2022-09-02,122102.11907366179
2022-09-03,122102.11907366179
2022-09-04,122102.11907366179
2022-09-05,122102.11907366179
2022-09-06,122102.11907366179
2022-09-07,122102.11907366179
2022-09-08,122102.11907366179
2022-09-09,122102.11907366179
2022-09-10,122102.11907366179
2022-09-11,122102.11907366179
2022-09-12,122102.11907366179
2022-09-13,122102.11907366179
2022-09-14,122102.11907366179
2022-09-15,122102.11907366179
2022-09-16,122102.11907366179
2022-09-17,122102.11907366179
2022-09-18,122102.11907366179
2022-09-19,122102.11907366179
2022-09-20,122102.11907366179
2022-09-21,122102.11907366179
2022-09-22,122102.11907366179
2022-09-23,122102.11907366179
2022-09-24,122102.11907366179
2022-09-25,122102.11907366179
2022-09-26,122102.11907366179
2022-09-27,122102.11907366179
2022-09-28,122102.11907366179
2022-09-29,122102.11907366179
2022-09-30,122102.11907366179
2022-10-01,122102.11907366179
2022-10-02,122102.11907366179
2022-10-03,122102.11907366179
2022-10-04,122102.11907366179
2022-10-05,122102.11907366179
2022-10-06,122102.11907366179
2022-10-07,121464.31941030917
2022-10-08,121464.31941030917
2022-10-09,121464.31941030917
2022-10-10,121464.31941030917
2022-10-11,121464.31941030917
2022-10-12,121464.31941030917
2022-10-13,121464.31941030917
2022-10-14,121464.31941030917
2022-10-15,121464.31941030917
2022-10-16,121464.31941030917
2022-10-17,121464.31941030917
2022-10-18,121464.31941030917
2022-10-19,121464.31941030917
2022-10-20,121464.31941030917
2022-10-21,121464.31941030917
2022-10-22,121464.31941030917
2022-10-23,121464.31941030917
2022-10-24,121464.31941030917
2022-10-25,121464.31941030917
2022-10-26,121464.31941030917
2022-10-27,121464.31941030917
2022-10-28,121464.31941030917
2022-10-29,121464.31941030917
2022-10-30,121464.31941030917
2022-10-31,121464.31941030917
2022-11-01,121464.31941030917
2022-11-02,121464.31941030917
2022-11-03,121464.31941030917
2022-11-04,121464.31941030917
2022-11-05,121464.31941030917
2022-11-06,121464.31941030917
2022-11-07,121464.31941030917
2022-11-08,121464.31941030917
2022-11-09,121464.31941030917
2022-11-10,123623.61333592917
2022-11-11,123623.61333592917
2022-11-12,123623.61333592917
2022-11-13,123623.61333592917
2022-11-14,123623.61333592917
2022-11-15,123623.61333592917
2022-11-16,123623.61333592917
2022-11-17,123623.61333592917
2022-11-18,123623.61333592917
2022-11-19,123623.61333592917
2022-11-20,123623.61333592917
2022-11-21,123623.61333592917
2022-11-22,123623.61333592917
2022-11-23,123623.61333592917
2022-11-24,123623.61333592917
2022-11-25,123623.61333592917
2022-11-26,123623.61333592917
2022-11-27,123623.61333592917
2022-11-28,123623.61333592917
2022-11-29,123623.61333592917
2022-11-30,123623.61333592917
2022-12-01,125160.42953850774
2022-12-02,125160.42953850774
2022-12-03,125160.42953850774
2022-12-04,125160.42953850774
2022-12-05,124458.80529634778
2022-12-06,124458.80529634778
2022-12-07,124458.80529634778
2022-12-08,124458.80529634778
2022-12-09,124458.80529634778
2022-12-10,124458.80529634778
2022-12-11,124458.80529634778
2022-12-12,124458.80529634778
2022-12-13,124458.80529634778
2022-12-14,124458.80529634778
2022-12-15,124458.80529634778
2022-12-16,124458.80529634778
2022-12-17,124458.80529634778
2022-12-18,124458.80529634778
2022-12-19,124458.80529634778
2022-12-20,124458.80529634778
2022-12-21,124458.80529634778
2022-12-22,124458.80529634778
2022-12-23,124458.80529634778
2022-12-24,124458.80529634778
2022-12-25,124458.80529634778
2022-12-26,124458.80529634778
2022-12-27,124458.80529634778
2022-12-28,124458.80529634778
2022-12-29,124458.80529634778
2022-12-30,124458.80529634778
2022-12-31,124458.80529634778
2023-01-01,124458.80529634778
2023-01-02,124458.80529634778
2023-01-03,124458.80529634778
2023-01-04,126018.46275928876
2023-01-05,126018.46275928876
2023-01-06,126018.46275928876
2023-01-07,126018.46275928876
2023-01-08,126018.46275928876
2023-01-09,126018.46275928876
2023-01-10,126018.46275928876
2023-01-11,126018.46275928876
2023-01-12,126018.46275928876
2023-01-13,126018.46275928876
2023-01-14,126018.46275928876
2023-01-15,126018.46275928876
2023-01-16,126018.46275928876
2023-01-17,126018.46275928876
2023-01-18,126018.46275928876
2023-01-19,126018.46275928876
2023-01-20,126018.46275928876
2023-01-21,126018.46275928876
2023-01-22,126018.46275928876
2023-01-23,126018.46275928876
2023-01-24,126018.46275928876
2023-01-25,126018.46275928876
2023-01-26,126018.46275928876
2023-01-27,126018.46275928876
2023-01-28,126018.46275928876
2023-01-29,126018.46275928876
2023-01-30,126018.46275928876
2023-01-31,126018.46275928876
2023-02-01,126018.46275928876
2023-02-02,127264.33797951219
2023-02-03,127264.33797951219
2023-02-04,127264.33797951219
2023-02-05,127264.33797951219
2023-02-06,127264.33797951219
2023-02-07,127264.33797951219
2023-02-08,127264.33797951219
2023-02-09,127264.33797951219
2023-02-10,127264.33797951219
2023-02-11,127264.33797951219
2023-02-12,127264.33797951219
2023-02-13,127264.33797951219
2023-02-14,127264.33797951219
2023-02-15,127264.33797951219
2023-02-16,127264.33797951219
2023-02-17,127264.33797951219
2023-02-18,127264.33797951219
2023-02-19,127264.33797951219
2023-02-20,127264.33797951219
2023-02-21,127264.33797951219
2023-02-22,127264.33797951219
2023-02-23,127264.33797951219
2023-02-24,127264.33797951219
2023-02-25,127264.33797951219
2023-02-26,127264.33797951219
2023-02-27,127264.33797951219
2023-02-28,127264.33797951219
2023-03-01,127264.33797951219
2023-03-02,127264.33797951219
2023-03-03,127264.33797951219
2023-03-04,127264.33797951219
2023-03-05,127264.33797951219
2023-03-06,127264.33797951219
2023-03-07,127264.33797951219
2023-03-08,127264.33797951219
2023-03-09,127264.33797951219
2023-03-10,127264.33797951219
2023-03-11,127264.33797951219
2023-03-12,127264.33797951219
2023-03-13,127264.33797951219
2023-03-14,127264.33797951219
2023-03-15,127264.33797951219
2023-03-16,127264.33797951219
2023-03-17,128587.33895011395
2023-03-18,128587.33895011395
2023-03-19,128587.33895011395
2023-03-20,128587.33895011395
2023-03-21,128587.33895011395
2023-03-22,128587.33895011395
2023-03-23,128587.33895011395
2023-03-24,128587.33895011395
2023-03-25,128587.33895011395
2023-03-26,128587.33895011395
2023-03-27,128587.33895011395
2023-03-28,128587.33895011395
2023-03-29,128587.33895011395
2023-03-30,128587.33895011395
2023-03-31,128587.33895011395
2023-04-01,128587.33895011395
2023-04-02,128587.33895011395
2023-04-03,128587.33895011395
2023-04-04,130474.94249426681
2023-04-05,130474.94249426681
2023-04-06,130474.94249426681
2023-04-07,130474.94249426681
2023-04-08,130474.94249426681
2023-04-09,130474.94249426681
2023-04-10,129359.80534826577
2023-04-11,129359.80534826577
2023-04-12,129359.80534826577
2023-04-13,129359.80534826577
2023-04-14,129359.80534826577
2023-04-15,129359.80534826577
2023-04-16,129359.80534826577
2023-04-17,129359.80534826577
2023-04-18,129359.80534826577
2023-04-19,129359.80534826577
2023-04-20,129359.80534826577
2023-04-21,129359.80534826577
2023-04-22,129359.80534826577
2023-04-23,129359.80534826577
2023-04-24,129359.80534826577
2023-04-25,129359.80534826577
2023-04-26,129359.80534826577
2023-04-27,129359.80534826577
2023-04-28,129359.80534826577
2023-04-29,129359.80534826577
2023-04-30,129359.80534826577
2023-05-01,129359.80534826577
2023-05-02,129359.80534826577
2023-05-03,129359.80534826577
2023-05-04,129359.80534826577
2023-05-05,129359.80534826577
2023-05-06,129359.80534826577
2023-05-07,129359.80534826577
2023-05-08,129359.80534826577
2023-05-09,129359.80534826577
2023-05-10,129359.80534826577
2023-05-11,129359.80534826577
2023-05-12,129359.80534826577
2023-05-13,129359.80534826577
2023-05-14,129359.80534826577
2023-05-15,129359.80534826577
2023-05-16,129359.80534826577
2023-05-17,129359.80534826577
2023-05-18,129359.80534826577
2023-05-19,129359.80534826577
2023-05-20,129359.80534826577
2023-05-21,129359.80534826577
2023-05-22,129359.80534826577
2023-05-23,129359.80534826577
2023-05-24,129359.80534826577
2023-05-25,129359.80534826577
2023-05-26,129359.80534826577
2023-05-27,129359.80534826577
2023-05-28,129359.80534826577
2023-05-29,129359.80534826577
2023-05-30,129359.80534826577
2023-05-31,129359.80534826577
2023-06-01,129359.80534826577
2023-06-02,129359.80534826577
2023-06-03,129359.80534826577
2023-06-04,129359.80534826577
2023-06-05,129359.80534826577
2023-06-06,129359.80534826577
2023-06-07,129359.80534826577
2023-06-08,129359.80534826577
2023-06-09,129359.80534826577
2023-06-10,129359.80534826577
2023-06-11,129359.80534826577
2023-06-12,129359.80534826577
2023-06-13,129359.80534826577
2023-06-14,129359.80534826577
2023-06-15,129359.80534826577
2023-06-16,129359.80534826577
2023-06-17,129359.80534826577
2023-06-18,129359.80534826577
2023-06-19,129359.80534826577
2023-06-20,129359.80534826577
2023-06-21,129359.80534826577
2023-06-22,129359.80534826577
2023-06-23,129359.80534826577
2023-06-24,129359.80534826577
2023-06-25,129359.80534826577
2023-06-26,129359.80534826577
2023-06-27,129359.80534826577
2023-06-28,129359.80534826577
2023-06-29,129359.80534826577
2023-06-30,129359.80534826577
2023-07-01,129359.80534826577
2023-07-02,129359.80534826577
2023-07-03,129359.80534826577
2023-07-04,129359.80534826577
2023-07-05,129359.80534826577
2023-07-06,129359.80534826577
2023-07-07,129359.80534826577
2023-07-08,129359.80534826577
2023-07-09,129359.80534826577
2023-07-10,129359.80534826577
2023-07-11,129359.80534826577
2023-07-12,129359.80534826577
2023-07-13,129359.80534826577
2023-07-14,129359.80534826577
2023-07-15,129359.80534826577
2023-07-16,129359.80534826577
2023-07-17,129359.80534826577
2023-07-18,129359.80534826577
2023-07-19,129359.80534826577
2023-07-20,130799.46438222865
2023-07-21,130799.46438222865
2023-07-22,130799.46438222865
2023-07-23,130799.46438222865
2023-07-24,130799.46438222865
2023-07-25,130799.46438222865
2023-07-26,130799.46438222865
2023-07-27,130799.46438222865
2023-07-28,130799.46438222865
2023-07-29,130799.46438222865
2023-07-30,130799.46438222865
2023-07-31,130799.46438222865
2023-08-01,130799.46438222865
2023-08-02,130799.46438222865
2023-08-03,130799.46438222865
2023-08-04,130799.46438222865
2023-08-05,130799.46438222865
2023-08-06,130799.46438222865
2023-08-07,130799.46438222865
2023-08-08,130799.46438222865
2023-08-09,130799.46438222865
2023-08-10,130799.46438222865
2023-08-11,130799.46438222865
2023-08-12,130799.46438222865
2023-08-13,130799.46438222865
2023-08-14,130799.46438222865
2023-08-15,130799.46438222865
2023-08-16,130799.46438222865
2023-08-17,130799.46438222865
2023-08-18,130799.46438222865
2023-08-19,130799.46438222865
2023-08-20,130799.46438222865
2023-08-21,130799.46438222865
2023-08-22,130799.46438222865
2023-08-23,130799.46438222865
2023-08-24,130799.46438222865
2023-08-25,130799.46438222865
2023-08-26,130799.46438222865
2023-08-27,130799.46438222865
2023-08-28,130799.46438222865
2023-08-29,130799.46438222865
2023-08-30,130799.46438222865
2023-08-31,130799.46438222865
2023-09-01,130799.46438222865
2023-09-02,130799.46438222865
2023-09-03,130799.46438222865
2023-09-04,130799.46438222865
2023-09-05,130799.46438222865
2023-09-06,130799.46438222865
2023-09-07,130799.46438222865
2023-09-08,130799.46438222865
2023-09-09,130799.46438222865
2023-09-10,130799.46438222865
2023-09-11,130799.46438222865
2023-09-12,130799.46438222865
2023-09-13,130799.46438222865
2023-09-14,130799.46438222865
2023-09-15,130799.46438222865
2023-09-16,130799.46438222865
2023-09-17,130799.46438222865
2023-09-18,130799.46438222865
2023-09-19,130799.46438222865
2023-09-20,130799.46438222865
2023-09-21,130799.46438222865
2023-09-22,130799.46438222865
2023-09-23,130799.46438222865
2023-09-24,130799.46438222865
2023-09-25,130000.29042275259
2023-09-26,130000.29042275259
2023-09-27,130000.29042275259
2023-09-28,130000.29042275259
2023-09-29,130000.29042275259
2023-09-30,130000.29042275259
2023-10-01,130000.29042275259
2023-10-02,130000.29042275259
2023-10-03,130000.29042275259
2023-10-04,130000.29042275259
2023-10-05,130000.29042275259
2023-10-06,130000.29042275259
2023-10-07,130000.29042275259
2023-10-08,130000.29042275259
2023-10-09,130000.29042275259
2023-10-10,130000.29042275259
2023-10-11,130000.29042275259
2023-10-12,130000.29042275259
2023-10-13,130000.29042275259
2023-10-14,130000.29042275259
2023-10-15,130000.29042275259
2023-10-16,130000.29042275259
2023-10-17,130000.29042275259
2023-10-18,130000.29042275259
2023-10-19,130000.29042275259
2023-10-20,130000.29042275259
2023-10-21,130000.29042275259
2023-10-22,130000.29042275259
2023-10-23,130000.29042275259
2023-10-24,130000.29042275259
2023-10-25,130000.29042275259
2023-10-26,130000.29042275259
2023-10-27,130000.29042275259
2023-10-28,130000.29042275259
2023-10-29,130000.29042275259
2023-10-30,130000.29042275259
2023-10-31,130000.29042275259
2023-11-01,130000.29042275259
2023-11-02,130000.29042275259
2023-11-03,130000.29042275259
2023-11-04,130000.29042275259
2023-11-05,130000.29042275259
2023-11-06,130000.29042275259
2023-11-07,129206.38474178703
2023-11-08,129206.38474178703
2023-11-09,129206.38474178703
2023-11-10,128319.11942424279
2023-11-11,128319.11942424279
2023-11-12,128319.11942424279
2023-11-13,128319.11942424279
2023-11-14,128319.11942424279
2023-11-15,128319.11942424279
2023-11-16,128319.11942424279
2023-11-17,128319.11942424279
2023-11-18,128319.11942424279
2023-11-19,128319.11942424279
2023-11-20,128319.11942424279
2023-11-21,129840.69686710063
2023-11-22,129840.69686710063
2023-11-23,129840.69686710063
2023-11-24,129840.69686710063
2023-11-25,129840.69686710063
2023-11-26,129840.69686710063
2023-11-27,129840.69686710063
2023-11-28,129840.69686710063
2023-11-29,129840.69686710063
2023-11-30,129840.69686710063
2023-12-01,129840.69686710063
2023-12-02,129840.69686710063
2023-12-03,129840.69686710063
2023-12-04,129840.69686710063
2023-12-05,129840.69686710063
2023-12-06,129840.69686710063
2023-12-07,129840.69686710063
2023-12-08,129840.69686710063
2023-12-09,129840.69686710063
2023-12-10,129840.69686710063
2023-12-11,129840.69686710063
2023-12-12,129840.69686710063
2023-12-13,129840.69686710063
2023-12-14,129840.69686710063
2023-12-15,129840.69686710063
2023-12-16,129840.69686710063
2023-12-17,129840.69686710063
2023-12-18,129840.69686710063
2023-12-19,129840.69686710063
2023-12-20,129840.69686710063
2023-12-21,129840.69686710063
2023-12-22,129840.69686710063
2023-12-23,129840.69686710063
2023-12-24,129840.69686710063
2023-12-25,129840.69686710063
2023-12-26,129840.69686710063
2023-12-27,129840.69686710063
2023-12-28,129840.69686710063
2023-12-29,129840.69686710063
2023-12-30,129840.69686710063
2023-12-31,129840.69686710063
2024-01-01,129840.69686710063
2024-01-02,129840.69686710063
2024-01-03,129840.69686710063
2024-01-04,129840.69686710063
2024-01-05,129840.69686710063
2024-01-06,129840.69686710063
2024-01-07,129840.69686710063
2024-01-08,129840.69686710063
2024-01-09,129840.69686710063
2024-01-10,129840.69686710063
2024-01-11,129840.69686710063
2024-01-12,129840.69686710063
2024-01-13,129840.69686710063
2024-01-14,129840.69686710063
2024-01-15,129840.69686710063
2024-01-16,129840.69686710063
2024-01-17,129840.69686710063
2024-01-18,129840.69686710063
2024-01-19,129840.69686710063
2024-01-20,129840.69686710063
2024-01-21,129840.69686710063
2024-01-22,129840.69686710063
2024-01-23,129840.69686710063
2024-01-24,129840.69686710063
2024-01-25,129840.69686710063
2024-01-26,129840.69686710063
2024-01-27,129840.69686710063
2024-01-28,129840.69686710063
2024-01-29,129840.69686710063
2024-01-30,129840.69686710063
2024-01-31,129840.69686710063
2024-02-01,129840.69686710063
2024-02-02,129840.69686710063
2024-02-03,129840.69686710063
2024-02-04,129840.69686710063
2024-02-05,129840.69686710063
2024-02-06,129840.69686710063
2024-02-07,129840.69686710063
2024-02-08,129840.69686710063
2024-02-09,129840.69686710063
2024-02-10,129840.69686710063
2024-02-11,129840.69686710063
2024-02-12,129840.69686710063
2024-02-13,129840.69686710063
2024-02-14,129840.69686710063
2024-02-15,129840.69686710063
2024-02-16,129840.69686710063
2024-02-17,129840.69686710063
2024-02-18,129840.69686710063
2024-02-19,129840.69686710063
2024-02-20,129840.69686710063
2024-02-21,129840.69686710063
2024-02-22,129840.69686710063
2024-02-23,129840.69686710063
2024-02-24,129840.69686710063
2024-02-25,129840.69686710063
2024-02-26,129840.69686710063
2024-02-27,129840.69686710063
2024-02-28,129840.69686710063
2024-02-29,129840.69686710063
2024-03-01,129840.69686710063
2024-03-02,129840.69686710063
2024-03-03,129840.69686710063
2024-03-04,129840.69686710063
2024-03-05,129840.69686710063
2024-03-06,129840.69686710063
2024-03-07,129840.69686710063
2024-03-08,131297.988839235
2024-03-09,131297.988839235
2024-03-10,131297.988839235
2024-03-11,131297.988839235
2024-03-12,131297.988839235
2024-03-13,131297.988839235
2024-03-14,131297.988839235
2024-03-15,131297.988839235
2024-03-16,131297.988839235
2024-03-17,131297.988839235
2024-03-18,131297.988839235
2024-03-19,131297.988839235
2024-03-20,133008.33937896005
2024-03-21,133008.33937896005
2024-03-22,133008.33937896005
2024-03-23,133008.33937896005
2024-03-24,133008.33937896005
2024-03-25,133008.33937896005
2024-03-26,133008.33937896005
2024-03-27,133008.33937896005
2024-03-28,133008.33937896005
2024-03-29,133008.33937896005
2024-03-30,133008.33937896005
2024-03-31,133008.33937896005
2024-04-01,133008.33937896005
2024-04-02,133008.33937896005
2024-04-03,133008.33937896005
2024-04-04,133008.33937896005
2024-04-05,133008.33937896005
2024-04-06,133008.33937896005
2024-04-07,133008.33937896005
2024-04-08,134376.81998094975
2024-04-09,134376.81998094975
2024-04-10,134376.81998094975
2024-04-11,134376.81998094975
2024-04-12,134376.81998094975
2024-04-13,134376.81998094975
2024-04-14,134376.81998094975
2024-04-15,134376.81998094975
2024-04-16,134376.81998094975
2024-04-17,134376.81998094975
2024-04-18,134376.81998094975
2024-04-19,134376.81998094975
2024-04-20,134376.81998094975
2024-04-21,134376.81998094975
2024-04-22,134376.81998094975
2024-04-23,134376.81998094975
2024-04-24,134376.81998094975
2024-04-25,134376.81998094975
2024-04-26,134376.81998094975
2024-04-27,134376.81998094975
2024-04-28,134376.81998094975
2024-04-29,134376.81998094975
2024-04-30,134376.81998094975
2024-05-01,134376.81998094975
2024-05-02,134376.81998094975
2024-05-03,134376.81998094975
2024-05-04,134376.81998094975
2024-05-05,134376.81998094975
2024-05-06,134376.81998094975
2024-05-07,134376.81998094975
2024-05-08,134376.81998094975
2024-05-09,134376.81998094975
2024-05-10,135698.35073343496
2024-05-11,135698.35073343496
2024-05-12,135698.35073343496
2024-05-13,135698.35073343496
2024-05-14,135698.35073343496
2024-05-15,135698.35073343496
2024-05-16,135698.35073343496
2024-05-17,135698.35073343496
2024-05-18,135698.35073343496
2024-05-19,135698.35073343496
2024-05-20,137379.88626592793
2024-05-21,137379.88626592793
2024-05-22,136561.9968848633
2024-05-23,136561.9968848633
2024-05-24,136561.9968848633
2024-05-25,136561.9968848633
2024-05-26,136561.9968848633
2024-05-27,136561.9968848633
2024-05-28,136561.9968848633
2024-05-29,136561.9968848633
2024-05-30,136561.9968848633
2024-05-31,136561.9968848633
2024-06-01,136561.9968848633
2024-06-02,136561.9968848633
2024-06-03,136561.9968848633
2024-06-04,136561.9968848633
2024-06-05,136561.9968848633
2024-06-06,136561.9968848633
2024-06-07,136561.9968848633
2024-06-08,136561.9968848633
2024-06-09,136561.9968848633
2024-06-10,136561.9968848633
2024-06-11,136561.9968848633
2024-06-12,136561.9968848633
2024-06-13,136561.9968848633
2024-06-14,136561.9968848633
2024-06-15,136561.9968848633
2024-06-16,136561.9968848633
2024-06-17,136561.9968848633
2024-06-18,136561.9968848633
2024-06-19,136561.9968848633
2024-06-20,136561.9968848633
2024-06-21,135460.58531970828
2024-06-22,135460.58531970828
2024-06-23,135460.58531970828
2024-06-24,135460.58531970828
2024-06-25,135460.58531970828
2024-06-26,135460.58531970828
2024-06-27,135460.58531970828
2024-06-28,135460.58531970828
2024-06-29,135460.58531970828
2024-06-30,135460.58531970828
2024-07-01,135460.58531970828
2024-07-02,135460.58531970828
2024-07-03,135460.58531970828
2024-07-04,135460.58531970828
2024-07-05,135460.58531970828
2024-07-06,135460.58531970828
2024-07-07,135460.58531970828
2024-07-08,135460.58531970828
2024-07-09,135460.58531970828
2024-07-10,135460.58531970828
2024-07-11,137351.94984969753
2024-07-12,137351.94984969753
2024-07-13,137351.94984969753
2024-07-14,137351.94984969753
2024-07-15,137351.94984969753
2024-07-16,137351.94984969753
2024-07-17,137351.94984969753
2024-07-18,137351.94984969753
2024-07-19,137351.94984969753
2024-07-20,137351.94984969753
2024-07-21,137351.94984969753
2024-07-22,137351.94984969753
2024-07-23,137351.94984969753
2024-07-24,137351.94984969753
2024-07-25,137351.94984969753
2024-07-26,137351.94984969753
2024-07-27,137351.94984969753
2024-07-28,137351.94984969753
2024-07-29,137351.94984969753
2024-07-30,137351.94984969753
2024-07-31,137351.94984969753
2024-08-01,137351.94984969753
2024-08-02,137351.94984969753
2024-08-03,137351.94984969753
2024-08-04,137351.94984969753
2024-08-05,135884.52028723178
2024-08-06,135884.52028723178
2024-08-07,135884.52028723178
2024-08-08,135884.52028723178
2024-08-09,135884.52028723178
2024-08-10,135884.52028723178
2024-08-11,135884.52028723178
2024-08-12,135884.52028723178
2024-08-13,135884.52028723178
2024-08-14,135884.52028723178
2024-08-15,135884.52028723178
2024-08-16,137556.43482554887
2024-08-17,137556.43482554887
2024-08-18,137556.43482554887
2024-08-19,137556.43482554887
2024-08-20,137556.43482554887
2024-08-21,137556.43482554887
2024-08-22,137556.43482554887
2024-08-23,137556.43482554887
2024-08-24,137556.43482554887
2024-08-25,137556.43482554887
2024-08-26,137556.43482554887
2024-08-27,137556.43482554887
2024-08-28,137556.43482554887
2024-08-29,137556.43482554887
2024-08-30,137556.43482554887
2024-08-31,137556.43482554887
2024-09-01,137556.43482554887
2024-09-02,137556.43482554887
2024-09-03,137556.43482554887
2024-09-04,137556.43482554887
2024-09-05,137556.43482554887
2024-09-06,137556.43482554887
2024-09-07,137556.43482554887
2024-09-08,137556.43482554887
2024-09-09,137556.43482554887
2024-09-10,137556.43482554887
2024-09-11,137556.43482554887
2024-09-12,137556.43482554887
2024-09-13,139137.71257134026
2024-09-14,139137.71257134026
2024-09-15,139137.71257134026
2024-09-16,139137.71257134026
2024-09-17,139137.71257134026
2024-09-18,137983.5190987564
2024-09-19,137983.5190987564
2024-09-20,137983.5190987564
2024-09-21,137983.5190987564
2024-09-22,137983.5190987564
2024-09-23,137983.5190987564
2024-09-24,137983.5190987564
2024-09-25,137983.5190987564
2024-09-26,137983.5190987564
2024-09-27,137983.5190987564
2024-09-28,137983.5190987564
2024-09-29,137983.5190987564
2024-09-30,137983.5190987564
2024-10-01,137983.5190987564
2024-10-02,137983.5190987564
2024-10-03,137983.5190987564
2024-10-04,137983.5190987564
2024-10-05,137983.5190987564
2024-10-06,137983.5190987564
2024-10-07,137983.5190987564
2024-10-08,136872.3818562443
2024-10-09,136872.3818562443
2024-10-10,136872.3818562443
2024-10-11,136872.3818562443
2024-10-12,136872.3818562443
2024-10-13,136872.3818562443
2024-10-14,136872.3818562443
2024-10-15,136872.3818562443
2024-10-16,136872.3818562443
2024-10-17,136872.3818562443
2024-10-18,136872.3818562443
2024-10-19,136872.3818562443
2024-10-20,136872.3818562443
2024-10-21,136872.3818562443
2024-10-22,136872.3818562443
2024-10-23,136872.3818562443
2024-10-24,136872.3818562443
2024-10-25,136872.3818562443
2024-10-26,136872.3818562443
2024-10-27,136872.3818562443
2024-10-28,136872.3818562443
2024-10-29,138260.21954382907
2024-10-30,138260.21954382907
2024-10-31,138260.21954382907
2024-11-01,138260.21954382907
2024-11-02,138260.21954382907
2024-11-03,138260.21954382907
2024-11-04,138260.21954382907
2024-11-05,138260.21954382907
2024-11-06,138260.21954382907
2024-11-07,138260.21954382907
2024-11-08,138260.21954382907
2024-11-09,138260.21954382907
2024-11-10,138260.21954382907
2024-11-11,138260.21954382907
2024-11-12,138260.21954382907
2024-11-13,138260.21954382907
2024-11-14,138260.21954382907
2024-11-15,138260.21954382907
2024-11-16,138260.21954382907
2024-11-17,138260.21954382907
2024-11-18,138260.21954382907
2024-11-19,138260.21954382907
2024-11-20,138260.21954382907
2024-11-21,138260.21954382907
2024-11-22,138260.21954382907
2024-11-23,138260.21954382907
2024-11-24,138260.21954382907
2024-11-25,138260.21954382907
2024-11-26,138260.21954382907
2024-11-27,138260.21954382907
2024-11-28,138260.21954382907
2024-11-29,138260.21954382907
2024-11-30,138260.21954382907
2024-12-01,138260.21954382907
2024-12-02,138260.21954382907
2024-12-03,138260.21954382907
2024-12-04,138260.21954382907
2024-12-05,138260.21954382907
2024-12-06,138260.21954382907
2024-12-07,138260.21954382907
2024-12-08,138260.21954382907
2024-12-09,138260.21954382907
2024-12-10,138260.21954382907
2024-12-11,138260.21954382907
2024-12-12,138260.21954382907
2024-12-13,138260.21954382907
2024-12-14,138260.21954382907
2024-12-15,138260.21954382907
2024-12-16,138260.21954382907
2024-12-17,138260.21954382907
2024-12-18,138260.21954382907
2024-12-19,138260.21954382907
2024-12-20,138260.21954382907
2024-12-21,138260.21954382907
2024-12-22,138260.21954382907
2024-12-23,138260.21954382907
2024-12-24,138260.21954382907
2024-12-25,138260.21954382907
2024-12-26,138260.21954382907
2024-12-27,138260.21954382907
2024-12-28,138260.21954382907
2024-12-29,138260.21954382907
2024-12-30,138260.21954382907
2024-12-31,138260.21954382907
2025-01-01,138260.21954382907
2025-01-02,138260.21954382907
2025-01-03,138260.21954382907
2025-01-04,138260.21954382907
2025-01-05,138260.21954382907
2025-01-06,138260.21954382907
2025-01-07,138260.21954382907
2025-01-08,138260.21954382907
2025-01-09,138260.21954382907
2025-01-10,138260.21954382907
2025-01-11,138260.21954382907
2025-01-12,138260.21954382907
2025-01-13,138260.21954382907
2025-01-14,138260.21954382907
2025-01-15,138260.21954382907
2025-01-16,139834.29431172967
2025-01-17,139834.29431172967
2025-01-18,139834.29431172967
2025-01-19,139834.29431172967
2025-01-20,139834.29431172967
2025-01-21,139834.29431172967
2025-01-22,139834.29431172967
2025-01-23,139834.29431172967
2025-01-24,139834.29431172967
2025-01-25,139834.29431172967
2025-01-26,139834.29431172967
2025-01-27,139834.29431172967
2025-01-28,139834.29431172967
2025-01-29,139834.29431172967
2025-01-30,139834.29431172967
2025-01-31,141333.07776907156
2025-02-01,141333.07776907156
2025-02-02,141333.07776907156
2025-02-03,141333.07776907156
2025-02-04,141333.07776907156
2025-02-05,141333.07776907156
2025-02-06,141333.07776907156
2025-02-07,141333.07776907156
2025-02-08,141333.07776907156
2025-02-09,141333.07776907156
2025-02-10,141333.07776907156
2025-02-11,141333.07776907156
2025-02-12,141333.07776907156
2025-02-13,141333.07776907156
2025-02-14,141333.07776907156
2025-02-15,141333.07776907156
2025-02-16,141333.07776907156
2025-02-17,141333.07776907156
2025-02-18,141333.07776907156
2025-02-19,141333.07776907156
2025-02-20,141333.07776907156
2025-02-21,141333.07776907156
2025-02-22,141333.07776907156
2025-02-23,141333.07776907156
2025-02-24,141333.07776907156
2025-02-25,141333.07776907156
2025-02-26,141333.07776907156
2025-02-27,141333.07776907156
2025-02-28,141333.07776907156
2025-03-01,141333.07776907156
2025-03-02,141333.07776907156
2025-03-03,141333.07776907156
2025-03-04,141333.07776907156
2025-03-05,141333.07776907156
2025-03-06,141333.07776907156
2025-03-07,141333.07776907156
2025-03-08,141333.07776907156
2025-03-09,141333.07776907156
2025-03-10,141333.07776907156
2025-03-11,141333.07776907156
2025-03-12,141333.07776907156
2025-03-13,143293.52933327985
2025-03-14,143293.52933327985
2025-03-15,143293.52933327985
2025-03-16,143293.52933327985
2025-03-17,143293.52933327985
2025-03-18,143293.52933327985
2025-03-19,143293.52933327985
2025-03-20,143293.52933327985
2025-03-21,143293.52933327985
2025-03-22,143293.52933327985
2025-03-23,143293.52933327985
2025-03-24,143293.52933327985
2025-03-25,143293.52933327985
2025-03-26,143293.52933327985
2025-03-27,143293.52933327985
2025-03-28,143293.52933327985
2025-03-29,143293.52933327985
2025-03-30,143293.52933327985
2025-03-31,143293.52933327985
2025-04-01,144984.44366287463
2025-04-02,144984.44366287463
2025-04-03,144984.44366287463
2025-04-04,144984.44366287463
2025-04-05,144984.44366287463
2025-04-06,144984.44366287463
2025-04-07,144984.44366287463
2025-04-08,144984.44366287463
2025-04-09,144984.44366287463
2025-04-10,144984.44366287463
2025-04-11,144984.44366287463
2025-04-12,144984.44366287463
2025-04-13,144984.44366287463
2025-04-14,144984.44366287463
2025-04-15,144984.44366287463
2025-04-16,144984.44366287463
2025-04-17,144984.44366287463
2025-04-18,144984.44366287463
2025-04-19,144984.44366287463
2025-04-20,144984.44366287463
2025-04-21,146728.71622923377
2025-04-22,146728.71622923377
2025-04-23,146728.71622923377
2025-04-24,146728.71622923377
2025-04-25,146728.71622923377
2025-04-26,146728.71622923377
2025-04-27,146728.71622923377
2025-04-28,146728.71622923377
2025-04-29,146728.71622923377
2025-04-30,146728.71622923377
2025-05-01,145830.1338179226
2025-05-02,145830.1338179226
2025-05-03,145830.1338179226
2025-05-04,145830.1338179226
2025-05-05,145830.1338179226
2025-05-06,145830.1338179226
2025-05-07,145830.1338179226
2025-05-08,145830.1338179226
2025-05-09,145830.1338179226
2025-05-10,145830.1338179226
2025-05-11,145830.1338179226
2025-05-12,142671.5635646509
2025-05-13,142671.5635646509
2025-05-14,142671.5635646509
2025-05-15,142671.5635646509
2025-05-16,142671.5635646509
2025-05-17,142671.5635646509
2025-05-18,142671.5635646509
2025-05-19,142671.5635646509
2025-05-20,142671.5635646509
2025-05-21,142671.5635646509
2025-05-22,142671.5635646509
2025-05-23,142671.5635646509
2025-05-24,142671.5635646509
2025-05-25,142671.5635646509
2025-05-26,142671.5635646509
2025-05-27,142671.5635646509
2025-05-28,142671.5635646509
2025-05-29,142671.5635646509
2025-05-30,142671.5635646509
2025-05-31,142671.5635646509
2025-06-01,142671.5635646509
2025-06-02,142671.5635646509
2025-06-03,142671.5635646509
2025-06-04,142671.5635646509
2025-06-05,142671.5635646509
2025-06-06,141850.39613550206
2025-06-07,141850.39613550206
2025-06-08,141850.39613550206
2025-06-09,141850.39613550206
2025-06-10,141850.39613550206
2025-06-11,141850.39613550206
2025-06-12,141850.39613550206
2025-06-13,143457.06833630806
2025-06-14,143457.06833630806
2025-06-15,143457.06833630806
2025-06-16,143457.06833630806
2025-06-17,143457.06833630806
2025-06-18,143457.06833630806
2025-06-19,143457.06833630806
2025-06-20,143457.06833630806
2025-06-21,143457.06833630806
2025-06-22,143457.06833630806
2025-06-23,143457.06833630806
2025-06-24,143457.06833630806
2025-06-25,143457.06833630806
2025-06-26,143457.06833630806
2025-06-27,143457.06833630806
2025-06-28,143457.06833630806
2025-06-29,143457.06833630806
2025-06-30,143457.06833630806
2025-07-01,143457.06833630806
2025-07-02,143457.06833630806
2025-07-03,143457.06833630806
2025-07-04,143457.06833630806
2025-07-05,143457.06833630806
2025-07-06,143457.06833630806
2025-07-07,143457.06833630806
2025-07-08,143457.06833630806
2025-07-09,143457.06833630806
2025-07-10,143457.06833630806
2025-07-11,143457.06833630806
2025-07-12,143457.06833630806
2025-07-13,143457.06833630806
2025-07-14,143457.06833630806
2025-07-15,143457.06833630806
2025-07-16,143457.06833630806
2025-07-17,143457.06833630806
2025-07-18,143457.06833630806
2025-07-19,143457.06833630806
2025-07-20,143457.06833630806
2025-07-21,143457.06833630806
2025-07-22,145180.36883089182
2025-07-23,145180.36883089182
2025-07-24,145180.36883089182
2025-07-25,145180.36883089182
2025-07-26,145180.36883089182
2025-07-27,145180.36883089182
2025-07-28,145180.36883089182
2025-07-29,145180.36883089182
2025-07-30,145180.36883089182
2025-07-31,145180.36883089182
2025-08-01,145180.36883089182
2025-08-02,145180.36883089182
2025-08-03,145180.36883089182
2025-08-04,145180.36883089182
2025-08-05,145180.36883089182
2025-08-06,145180.36883089182
2025-08-07,145180.36883089182
2025-08-08,145180.36883089182
2025-08-09,145180.36883089182
2025-08-10,145180.36883089182
2025-08-11,145180.36883089182
2025-08-12,145180.36883089182
2025-08-13,145180.36883089182
2025-08-14,144333.49438148548
2025-08-15,144333.49438148548
2025-08-16,144333.49438148548
2025-08-17,144333.49438148548
2025-08-18,144333.49438148548
2025-08-19,144333.49438148548
2025-08-20,144333.49438148548
2025-08-21,144333.49438148548
2025-08-22,144333.49438148548
2025-08-23,144333.49438148548
2025-08-24,144333.49438148548
2025-08-25,144333.49438148548
2025-08-26,144333.49438148548
2025-08-27,144333.49438148548
2025-08-28,144333.49438148548
2025-08-29,144333.49438148548
2025-08-30,144333.49438148548
2025-08-31,144333.49438148548
2025-09-01,144333.49438148548
2025-09-02,144333.49438148548
2025-09-03,145739.92011885834
2025-09-04,145739.92011885834
2025-09-05,145739.92011885834
2025-09-06,145739.92011885834
2025-09-07,145739.92011885834
2025-09-08,145739.92011885834
2025-09-09,145739.92011885834
2025-09-10,145739.92011885834
2025-09-11,145739.92011885834
2025-09-12,145739.92011885834
2025-09-13,145739.92011885834
2025-09-14,145739.92011885834
2025-09-15,145739.92011885834
2025-09-16,145739.92011885834
2025-09-17,145739.92011885834
2025-09-18,145739.92011885834
2025-09-19,145739.92011885834
2025-09-20,145739.92011885834
2025-09-21,145739.92011885834
2025-09-22,147237.67447396542
2025-09-23,147237.67447396542
2025-09-24,147237.67447396542
2025-09-25,147237.67447396542
2025-09-26,147237.67447396542
2025-09-27,147237.67447396542
2025-09-28,147237.67447396542
2025-09-29,147237.67447396542
2025-09-30,149195.3777483095
2025-10-01,149195.3777483095
2025-10-02,149195.3777483095
2025-10-03,149195.3777483095
2025-10-04,149195.3777483095
2025-10-05,149195.3777483095
2025-10-06,149195.3777483095
2025-10-07,149195.3777483095
2025-10-08,149195.3777483095
2025-10-09,149195.3777483095
2025-10-10,149195.3777483095
2025-10-11,149195.3777483095
2025-10-12,149195.3777483095
2025-10-13,149195.3777483095
2025-10-14,149195.3777483095
2025-10-15,149195.3777483095
2025-10-16,150894.95585495592
2025-10-17,150894.95585495592
2025-10-18,150894.95585495592
2025-10-19,150894.95585495592
2025-10-20,150894.95585495592
2025-10-21,150894.95585495592
2025-10-22,150894.95585495592
2025-10-23,150894.95585495592
2025-10-24,150894.95585495592
2025-10-25,150894.95585495592
2025-10-26,150894.95585495592
2025-10-27,150894.95585495592
2025-10-28,150894.95585495592
2025-10-29,150894.95585495592
2025-10-30,150894.95585495592
2025-10-31,150894.95585495592
2025-11-01,150894.95585495592
2025-11-02,150894.95585495592
2025-11-03,150894.95585495592
2025-11-04,150894.95585495592
2025-11-05,150894.95585495592
2025-11-06,150894.95585495592
2025-11-07,150894.95585495592
2025-11-08,150894.95585495592
2025-11-09,150894.95585495592
2025-11-10,150894.95585495592
2025-11-11,150894.95585495592
2025-11-12,150894.95585495592
2025-11-13,151556.60277867268
2025-11-14,151556.60277867268
2025-11-15,151556.60277867268
2025-11-16,151556.60277867268
2025-11-17,151556.60277867268
2025-11-18,151556.60277867268
2025-11-19,151556.60277867268
2025-11-20,151556.60277867268
2025-11-21,151556.60277867268
2025-11-22,151556.60277867268
2025-11-23,151556.60277867268
2025-11-24,151556.60277867268
2025-11-25,151556.60277867268
2025-11-26,151556.60277867268
2025-11-27,151556.60277867268
2025-11-28,151556.60277867268
2025-11-29,151556.60277867268
2025-11-30,151556.60277867268
2025-12-01,151556.60277867268
2025-12-02,151556.60277867268
2025-12-03,151556.60277867268
2025-12-04,151556.60277867268
2025-12-05,151556.60277867268
2025-12-06,151556.60277867268
2025-12-07,151556.60277867268
2025-12-08,151556.60277867268
2025-12-09,151556.60277867268
2025-12-10,151556.60277867268
2025-12-11,151556.60277867268
2025-12-12,153100.61872737977
2025-12-13,153100.61872737977
2025-12-14,153100.61872737977
2025-12-15,153100.61872737977
2025-12-16,153100.61872737977
2025-12-17,153100.61872737977
2025-12-18,153100.61872737977
2025-12-19,153100.61872737977
2025-12-20,153100.61872737977
2025-12-21,153100.61872737977
2025-12-22,153100.61872737977
2025-12-23,153100.61872737977
2025-12-24,153100.61872737977
2025-12-25,153100.61872737977
2025-12-26,153100.61872737977
2025-12-27,153100.61872737977
2025-12-28,153100.61872737977
2025-12-29,151501.37093759785
2025-12-30,151501.37093759785
2025-12-31,151501.37093759785
2026-01-01,151501.37093759785
2026-01-02,151501.37093759785
2026-01-03,151501.37093759785
2026-01-04,151501.37093759785
2026-01-05,151501.37093759785
2026-01-06,151501.37093759785
2026-01-07,151501.37093759785
2026-01-08,151501.37093759785
2026-01-09,151501.37093759785
2026-01-10,151501.37093759785
2026-01-11,151501.37093759785
2026-01-12,151501.37093759785
2026-01-13,151501.37093759785
2026-01-14,151501.37093759785
2026-01-15,151501.37093759785
2026-01-16,151501.37093759785
2026-01-17,151501.37093759785
2026-01-18,151501.37093759785
2026-01-19,151501.37093759785
2026-01-20,153016.694773892
2026-01-21,153016.694773892
2026-01-22,153016.694773892
2026-01-23,153016.694773892
2026-01-24,153016.694773892
2026-01-25,153016.694773892
2026-01-26,153016.694773892
2026-01-27,153016.694773892
2026-01-28,154578.7816619599
2026-01-29,154578.7816619599
2026-01-30,154578.7816619599
2026-01-31,154578.7816619599
2026-02-01,154578.7816619599
2026-02-02,154578.7816619599
2026-02-03,154578.7816619599
2026-02-04,154578.7816619599
2026-02-05,154578.7816619599
2026-02-06,154578.7816619599
2026-02-07,154578.7816619599
2026-02-08,154578.7816619599
2026-02-09,154578.7816619599
2026-02-10,154578.7816619599
2026-02-11,154578.7816619599
2026-02-12,153784.17969402435
2026-02-13,153784.17969402435
2026-02-14,153784.17969402435
2026-02-15,153784.17969402435
2026-02-16,153784.17969402435
2026-02-17,153784.17969402435
2026-02-18,153784.17969402435
2026-02-19,153784.17969402435
2026-02-20,153784.17969402435
2026-02-21,153784.17969402435
2026-02-22,153784.17969402435
2026-02-23,153784.17969402435
2026-02-24,153784.17969402435
2026-02-25,153784.17969402435
2026-02-26,153784.17969402435
2026-02-27,153784.17969402435
2026-02-28,153784.17969402435
2026-03-01,155725.09848277364
2026-03-02,155725.09848277364
2026-03-03,155725.09848277364
2026-03-04,155725.09848277364
2026-03-05,155725.09848277364
2026-03-06,155725.09848277364
2026-03-07,155725.09848277364
2026-03-08,155725.09848277364
2026-03-09,155725.09848277364
2026-03-10,155725.09848277364
2026-03-11,155725.09848277364
2026-03-12,155725.09848277364
2026-03-13,155725.09848277364
2026-03-14,155725.09848277364
2026-03-15,155725.09848277364
2026-03-16,155725.09848277364
2026-03-17,155725.09848277364
2026-03-18,155725.09848277364
2026-03-19,155725.09848277364
2026-03-20,155725.09848277364
2026-03-21,155725.09848277364
2026-03-22,155725.09848277364
2026-03-23,155725.09848277364
2026-03-24,155725.09848277364
2026-03-25,155725.09848277364
2026-03-26,155725.09848277364
2026-03-27,155725.09848277364
2026-03-28,155725.09848277364
2026-03-29,155725.09848277364
2026-03-30,155725.09848277364
2026-03-31,155725.09848277364
2026-04-01,155725.09848277364
2026-04-02,155725.09848277364
2026-04-03,155725.09848277364
2026-04-04,155725.09848277364
2026-04-05,155725.09848277364
2026-04-06,155725.09848277364
2026-04-07,155725.09848277364
2026-04-08,155725.09848277364
2026-04-09,155725.09848277364
2026-04-10,155725.09848277364
2026-04-11,155725.09848277364
2026-04-12,155725.09848277364
2026-04-13,155725.09848277364
2026-04-14,155725.09848277364
2026-04-15,155725.09848277364
2026-04-16,155725.09848277364
2026-04-17,155725.09848277364
2026-04-18,155725.09848277364
2026-04-19,155725.09848277364
2026-04-20,155725.09848277364
2026-04-21,154472.83653233567
2026-04-22,154472.83653233567
2026-04-23,154472.83653233567
2026-04-24,154472.83653233567
2026-04-25,154472.83653233567
2026-04-26,154472.83653233567
2026-04-27,154472.83653233567
2026-04-28,154472.83653233567
2026-04-29,154472.83653233567
2026-04-30,154472.83653233567
2026-05-01,154472.83653233567
2026-05-02,154472.83653233567
2026-05-03,154472.83653233567
2026-05-04,154472.83653233567
2026-05-05,154472.83653233567
2026-05-06,154472.83653233567
2026-05-07,154472.83653233567
2026-05-08,154472.83653233567
2026-05-09,154472.83653233567
2026-05-10,154472.83653233567
2026-05-11,154472.83653233567
2026-05-12,154472.83653233567
2026-05-13,154472.83653233567
2026-05-14,154472.83653233567
2026-05-15,153572.93643354747
2026-05-16,153572.93643354747
2026-05-17,153572.93643354747
2026-05-18,153572.93643354747
2026-05-19,153572.93643354747
2026-05-20,153572.93643354747
2026-05-21,153572.93643354747
2026-05-22,153572.93643354747
2026-05-23,153572.93643354747
2026-05-24,153572.93643354747
2026-05-25,153572.93643354747
2026-05-26,153572.93643354747
2026-05-27,153572.93643354747
2026-05-28,153572.93643354747
2026-05-29,153572.93643354747
2026-05-30,153572.93643354747
2026-05-31,153572.93643354747
2026-06-01,153572.93643354747
2026-06-02,153572.93643354747
2026-06-03,153572.93643354747
2026-06-04,153572.93643354747
2026-06-05,153572.93643354747
2026-06-06,153572.93643354747
2026-06-07,153572.93643354747
2026-06-08,153572.93643354747
2026-06-09,153572.93643354747
2026-06-10,153572.93643354747
2026-06-11,153572.93643354747
2026-06-12,153572.93643354747
2026-06-13,153572.93643354747
2026-06-14,153572.93643354747
2026-06-15,153572.93643354747
2026-06-16,153572.93643354747
2026-06-17,153572.93643354747
2026-06-18,153572.93643354747
2026-06-19,153572.93643354747
2026-06-20,153572.93643354747
2026-06-21,153572.93643354747
2026-06-22,153572.93643354747
2026-06-23,153572.93643354747
2026-06-24,153572.93643354747
2026-06-25,153572.93643354747
2026-06-26,153572.93643354747
2026-06-27,153572.93643354747
2026-06-28,153572.93643354747
2026-06-29,153572.93643354747
2026-06-30,153572.93643354747
2026-07-01,153572.93643354747
2026-07-02,153572.93643354747
2026-07-03,153572.93643354747
2026-07-04,153572.93643354747
2026-07-05,153572.93643354747
2026-07-06,153572.93643354747
2026-07-07,153572.93643354747
2026-07-08,153572.93643354747
2026-07-09,153572.93643354747
2026-07-10,153572.93643354747
2026-07-11,153572.93643354747
2026-07-12,153572.93643354747
2026-07-13,153572.93643354747
2026-07-14,153572.93643354747
2026-07-15,153572.93643354747
2026-07-16,153572.93643354747
2026-07-17,153572.93643354747
2026-07-18,153572.93643354747
2026-07-19,153572.93643354747
2026-07-20,153572.93643354747
2026-07-21,153572.93643354747
2026-07-22,153572.93643354747
2026-07-23,153572.93643354747
2026-07-24,153572.93643354747
2026-07-25,153572.93643354747
2026-07-26,153572.93643354747
2026-07-27,153572.93643354747
2026-07-28,153572.93643354747
2026-07-29,153572.93643354747
2026-07-30,153572.93643354747
2026-07-31,153572.93643354747
