date,equity
2016-01-03,100000.0
2016-01-04,100000.0
2016-01-05,100000.0
2016-01-06,100000.0
2016-01-07,100000.0
2016-01-08,100000.0
2016-01-09,100000.0
2016-01-10,100000.0
2016-01-11,100000.0
2016-01-12,100000.0
2016-01-13,100000.0
2016-01-14,100000.0
2016-01-15,100000.0
2016-01-16,100000.0
2016-01-17,100000.0
2016-01-18,100000.0
2016-01-19,100000.0
2016-01-20,100000.0
2016-01-21,100000.0
2016-01-22,100000.0
2016-01-23,100000.0
2016-01-24,100000.0
2016-01-25,100000.0
2016-01-26,100000.0
2016-01-27,100000.0
2016-01-28,100000.0
2016-01-29,100000.0
2016-01-30,100000.0
2016-01-31,100000.0
2016-02-01,100000.0
2016-02-02,100000.0
2016-02-03,100000.0
2016-02-04,100000.0
2016-02-05,100000.0
2016-02-06,100000.0
2016-02-07,100000.0
2016-02-08,100000.0
2016-02-09,100000.0
2016-02-10,100000.0
2016-02-11,100000.0
2016-02-12,100000.0
2016-02-13,100000.0
2016-02-14,100000.0
2016-02-15,100000.0
2016-02-16,100000.0
2016-02-17,100000.0
2016-02-18,100000.0
2016-02-19,100000.0
2016-02-20,100000.0
2016-02-21,100000.0
2016-02-22,100000.0
2016-02-23,100000.0
2016-02-24,100000.0
2016-02-25,100000.0
2016-02-26,100000.0
2016-02-27,100000.0
2016-02-28,100000.0
2016-02-29,100000.0
2016-03-01,100000.0
2016-03-02,100000.0
2016-03-03,100000.0
2016-03-04,100000.0
2016-03-05,100000.0
2016-03-06,100000.0
2016-03-07,100000.0
2016-03-08,100000.0
2016-03-09,100000.0
2016-03-10,100000.0
2016-03-11,100000.0
2016-03-12,100000.0
2016-03-13,100000.0
2016-03-14,100000.0
2016-03-15,100000.0
2016-03-16,100000.0
2016-03-17,100000.0
2016-03-18,100000.0
2016-03-19,100000.0
2016-03-20,100000.0
2016-03-21,100000.0
2016-03-22,100000.0
2016-03-23,100000.0
2016-03-24,100000.0
2016-03-25,100000.0
2016-03-26,100000.0
2016-03-27,100000.0
2016-03-28,100000.0
2016-03-29,100000.0
2016-03-30,100000.0
2016-03-31,100000.0
2016-04-01,100000.0
2016-04-02,100000.0
2016-04-03,100000.0
2016-04-04,100000.0
2016-04-05,100000.0
2016-04-06,100000.0
2016-04-07,100000.0
2016-04-08,100000.0
2016-04-09,100000.0
2016-04-10,100000.0
2016-04-11,100000.0
2016-04-12,100000.0
2016-04-13,100000.0
2016-04-14,100000.0
2016-04-15,100000.0
2016-04-16,100000.0
2016-04-17,100000.0
2016-04-18,100000.0
2016-04-19,100000.0
2016-04-20,100000.0
2016-04-21,100000.0
2016-04-22,100000.0
2016-04-23,100000.0
2016-04-24,100000.0
2016-04-25,100000.0
2016-04-26,100000.0
2016-04-27,100000.0
2016-04-28,100000.0
2016-04-29,100000.0
2016-04-30,100000.0
2016-05-01,100000.0
2016-05-02,100000.0
2016-05-03,100000.0
2016-05-04,100000.0
2016-05-05,100000.0
2016-05-06,100000.0
2016-05-07,100000.0
2016-05-08,100000.0
2016-05-09,100000.0
2016-05-10,100000.0
2016-05-11,100000.0
2016-05-12,100000.0
2016-05-13,100000.0
2016-05-14,100000.0
2016-05-15,100000.0
2016-05-16,100000.0
2016-05-17,100000.0
2016-05-18,100000.0
2016-05-19,100000.0
2016-05-20,100000.0
2016-05-21,100000.0
2016-05-22,100000.0
2016-05-23,100000.0
2016-05-24,100000.0
2016-05-25,100000.0
2016-05-26,100000.0
2016-05-27,100000.0
2016-05-28,100000.0
2016-05-29,100000.0
2016-05-30,100000.0
2016-05-31,100000.0
2016-06-01,100000.0
2016-06-02,100000.0
2016-06-03,100000.0
2016-06-04,100000.0
2016-06-05,100000.0
2016-06-06,100000.0
2016-06-07,100000.0
2016-06-08,100000.0
2016-06-09,100000.0
2016-06-10,100000.0
2016-06-11,100000.0
2016-06-12,100000.0
2016-06-13,100000.0
2016-06-14,100000.0
2016-06-15,100000.0
2016-06-16,100000.0
2016-06-17,100000.0
2016-06-18,100000.0
2016-06-19,100000.0
2016-06-20,100000.0
2016-06-21,100000.0
2016-06-22,100000.0
2016-06-23,100000.0
2016-06-24,100000.0
2016-06-25,100000.0
2016-06-26,100000.0
2016-06-27,100000.0
2016-06-28,100000.0
2016-06-29,100000.0
2016-06-30,100000.0
2016-07-01,100000.0
2016-07-02,100000.0
2016-07-03,100000.0
2016-07-04,100000.0
2016-07-05,100000.0
2016-07-06,100000.0
2016-07-07,100000.0
2016-07-08,100000.0
2016-07-09,100000.0
2016-07-10,100000.0
2016-07-11,100000.0
2016-07-12,100000.0
2016-07-13,100000.0
2016-07-14,100000.0
2016-07-15,100000.0
2016-07-16,100000.0
2016-07-17,100000.0
2016-07-18,100000.0
2016-07-19,100000.0
2016-07-20,100000.0
2016-07-21,100000.0
2016-07-22,100000.0
2016-07-23,100000.0
2016-07-24,100000.0
2016-07-25,100000.0
2016-07-26,100000.0
2016-07-27,100000.0
2016-07-28,100000.0
2016-07-29,100000.0
2016-07-30,100000.0
2016-07-31,100000.0
2016-08-01,100000.0
2016-08-02,100000.0
2016-08-03,100000.0
2016-08-04,100000.0
2016-08-05,100000.0
2016-08-06,100000.0
2016-08-07,100000.0
2016-08-08,100000.0
2016-08-09,100000.0
2016-08-10,100000.0
2016-08-11,100000.0
2016-08-12,100000.0
2016-08-13,100000.0
2016-08-14,100000.0
2016-08-15,100000.0
2016-08-16,100000.0
2016-08-17,100000.0
2016-08-18,100000.0
2016-08-19,100000.0
2016-08-20,100000.0
2016-08-21,100000.0
2016-08-22,100000.0
2016-08-23,100000.0
2016-08-24,100000.0
2016-08-25,100000.0
2016-08-26,100000.0
2016-08-27,100000.0
2016-08-28,100000.0
2016-08-29,100000.0
2016-08-30,100000.0
2016-08-31,100000.0
2016-09-01,100000.0
2016-09-02,100000.0
2016-09-03,100000.0
2016-09-04,100000.0
2016-09-05,100000.0
2016-09-06,100000.0
2016-09-07,100000.0
2016-09-08,100000.0
2016-09-09,100000.0
2016-09-10,100000.0
2016-09-11,100000.0
2016-09-12,100000.0
2016-09-13,100000.0
2016-09-14,100000.0
2016-09-15,100000.0
2016-09-16,100000.0
2016-09-17,100000.0
2016-09-18,100000.0
2016-09-19,100000.0
2016-09-20,100000.0
2016-09-21,100000.0
2016-09-22,100000.0
2016-09-23,100000.0
2016-09-24,100000.0
2016-09-25,100000.0
2016-09-26,100000.0
2016-09-27,100000.0
2016-09-28,100000.0
2016-09-29,100000.0
2016-09-30,100000.0
2016-10-01,100000.0
2016-10-02,100000.0
2016-10-03,100000.0
2016-10-04,100000.0
2016-10-05,100000.0
2016-10-06,100000.0
2016-10-07,100000.0
2016-10-08,100000.0
2016-10-09,100000.0
2016-10-10,100000.0
2016-10-11,100000.0
2016-10-12,100000.0
2016-10-13,100000.0
2016-10-14,100000.0
2016-10-15,100000.0
2016-10-16,100000.0
2016-10-17,100000.0
2016-10-18,100000.0
2016-10-19,100000.0
2016-10-20,100000.0
2016-10-21,100000.0
2016-10-22,100000.0
2016-10-23,100000.0
2016-10-24,100000.0
2016-10-25,100000.0
2016-10-26,100000.0
2016-10-27,100000.0
2016-10-28,100000.0
2016-10-29,100000.0
2016-10-30,100000.0
2016-10-31,100000.0
2016-11-01,100000.0
2016-11-02,100000.0
2016-11-03,100000.0
2016-11-04,100000.0
2016-11-05,100000.0
2016-11-06,100000.0
2016-11-07,100000.0
2016-11-08,100000.0
2016-11-09,100000.0
2016-11-10,100000.0
2016-11-11,100000.0
2016-11-12,100000.0
2016-11-13,100000.0
2016-11-14,100000.0
2016-11-15,100000.0
2016-11-16,100000.0
2016-11-17,100000.0
2016-11-18,100000.0
2016-11-19,100000.0
2016-11-20,100000.0
2016-11-21,100000.0
2016-11-22,100000.0
2016-11-23,100000.0
2016-11-24,100000.0
2016-11-25,100000.0
2016-11-26,100000.0
2016-11-27,100000.0
2016-11-28,100000.0
2016-11-29,100000.0
2016-11-30,100000.0
2016-12-01,100000.0
2016-12-02,100000.0
2016-12-03,100000.0
2016-12-04,100000.0
2016-12-05,100000.0
2016-12-06,100000.0
2016-12-07,100000.0
2016-12-08,100000.0
2016-12-09,100000.0
2016-12-10,100000.0
2016-12-11,100000.0
2016-12-12,100000.0
2016-12-13,100000.0
2016-12-14,100000.0
2016-12-15,103807.42966402642
2016-12-16,103807.42966402642
2016-12-17,103807.42966402642
2016-12-18,103807.42966402642
2016-12-19,103807.42966402642
2016-12-20,105381.12237139636
2016-12-21,105381.12237139636
2016-12-22,105381.12237139636
2016-12-23,105381.12237139636
2016-12-24,105381.12237139636
2016-12-25,105381.12237139636
2016-12-26,105381.12237139636
2016-12-27,105381.12237139636
2016-12-28,105381.12237139636
2016-12-29,105381.12237139636
2016-12-30,105381.12237139636
2016-12-31,105381.12237139636
2017-01-01,105381.12237139636
2017-01-02,105381.12237139636
2017-01-03,105381.12237139636
2017-01-04,105381.12237139636
2017-01-05,105381.12237139636
2017-01-06,105381.12237139636
2017-01-07,105381.12237139636
2017-01-08,105381.12237139636
2017-01-09,105381.12237139636
2017-01-10,105381.12237139636
2017-01-11,105381.12237139636
2017-01-12,105381.12237139636
2017-01-13,105381.12237139636
2017-01-14,105381.12237139636
2017-01-15,105381.12237139636
2017-01-16,105381.12237139636
2017-01-17,105381.12237139636
2017-01-18,105381.12237139636
2017-01-19,105381.12237139636
2017-01-20,105381.12237139636
2017-01-21,105381.12237139636
2017-01-22,105381.12237139636
2017-01-23,105381.12237139636
2017-01-24,105381.12237139636
2017-01-25,105381.12237139636
2017-01-26,105381.12237139636
2017-01-27,104213.10781810079
2017-01-28,104213.10781810079
2017-01-29,104213.10781810079
2017-01-30,103015.4928043463
2017-01-31,103015.4928043463
2017-02-01,103015.4928043463
2017-02-02,103015.4928043463
2017-02-03,103015.4928043463
2017-02-04,103015.4928043463
2017-02-05,103015.4928043463
2017-02-06,103015.4928043463
2017-02-07,103015.4928043463
2017-02-08,103015.4928043463
2017-02-09,103015.4928043463
2017-02-10,103015.4928043463
2017-02-11,103015.4928043463
2017-02-12,103015.4928043463
2017-02-13,103015.4928043463
2017-02-14,103015.4928043463
2017-02-15,103015.4928043463
2017-02-16,103015.4928043463
2017-02-17,103015.4928043463
2017-02-18,103015.4928043463
2017-02-19,103015.4928043463
2017-02-20,103015.4928043463
2017-02-21,103015.4928043463
2017-02-22,103015.4928043463
2017-02-23,101744.36596331016
2017-02-24,101744.36596331016
2017-02-25,101744.36596331016
2017-02-26,101744.36596331016
2017-02-27,101744.36596331016
2017-02-28,101744.36596331016
2017-03-01,101744.36596331016
2017-03-02,101744.36596331016
2017-03-03,101744.36596331016
2017-03-04,101744.36596331016
2017-03-05,101744.36596331016
2017-03-06,101744.36596331016
2017-03-07,101744.36596331016
2017-03-08,101744.36596331016
2017-03-09,101744.36596331016
2017-03-10,101744.36596331016
2017-03-11,101744.36596331016
2017-03-12,101744.36596331016
2017-03-13,101744.36596331016
2017-03-14,101744.36596331016
2017-03-15,101744.36596331016
2017-03-16,101744.36596331016
2017-03-17,101744.36596331016
2017-03-18,101744.36596331016
2017-03-19,101744.36596331016
2017-03-20,101744.36596331016
2017-03-21,101744.36596331016
2017-03-22,101744.36596331016
2017-03-23,101744.36596331016
2017-03-24,101744.36596331016
2017-03-25,101744.36596331016
2017-03-26,101744.36596331016
2017-03-27,101744.36596331016
2017-03-28,101744.36596331016
2017-03-29,101744.36596331016
2017-03-30,101744.36596331016
2017-03-31,101744.36596331016
2017-04-01,101744.36596331016
2017-04-02,101744.36596331016
2017-04-03,101744.36596331016
2017-04-04,101744.36596331016
2017-04-05,101744.36596331016
2017-04-06,101744.36596331016
2017-04-07,101744.36596331016
2017-04-08,101744.36596331016
2017-04-09,101744.36596331016
2017-04-10,101744.36596331016
2017-04-11,101744.36596331016
2017-04-12,101744.36596331016
2017-04-13,101744.36596331016
2017-04-14,101744.36596331016
2017-04-15,101744.36596331016
2017-04-16,101744.36596331016
2017-04-17,101744.36596331016
2017-04-18,101744.36596331016
2017-04-19,101744.36596331016
2017-04-20,101744.36596331016
2017-04-21,101744.36596331016
2017-04-22,101744.36596331016
2017-04-23,101744.36596331016
2017-04-24,101744.36596331016
2017-04-25,101744.36596331016
2017-04-26,101744.36596331016
2017-04-27,101744.36596331016
2017-04-28,101744.36596331016
2017-04-29,101744.36596331016
2017-04-30,101744.36596331016
2017-05-01,101744.36596331016
2017-05-02,101744.36596331016
2017-05-03,101744.36596331016
2017-05-04,101744.36596331016
2017-05-05,101744.36596331016
2017-05-06,101744.36596331016
2017-05-07,101744.36596331016
2017-05-08,101744.36596331016
2017-05-09,101744.36596331016
2017-05-10,101744.36596331016
2017-05-11,101744.36596331016
2017-05-12,101744.36596331016
2017-05-13,101744.36596331016
2017-05-14,101744.36596331016
2017-05-15,101744.36596331016
2017-05-16,101744.36596331016
2017-05-17,101744.36596331016
2017-05-18,101744.36596331016
2017-05-19,101744.36596331016
2017-05-20,101744.36596331016
2017-05-21,101744.36596331016
2017-05-22,101744.36596331016
2017-05-23,101744.36596331016
2017-05-24,101744.36596331016
2017-05-25,101744.36596331016
2017-05-26,103931.3230922391
2017-05-27,103931.3230922391
2017-05-28,103931.3230922391
2017-05-29,103931.3230922391
2017-05-30,103931.3230922391
2017-05-31,103931.3230922391
2017-06-01,103931.3230922391
2017-06-02,103931.3230922391
2017-06-03,103931.3230922391
2017-06-04,103931.3230922391
2017-06-05,103931.3230922391
2017-06-06,106271.38250219487
2017-06-07,106271.38250219487
2017-06-08,105089.73036435567
2017-06-09,105089.73036435567
2017-06-10,105089.73036435567
2017-06-11,105089.73036435567
2017-06-12,105089.73036435567
2017-06-13,105089.73036435567
2017-06-14,105089.73036435567
2017-06-15,105089.73036435567
2017-06-16,105089.73036435567
2017-06-17,105089.73036435567
2017-06-18,105089.73036435567
2017-06-19,105089.73036435567
2017-06-20,105089.73036435567
2017-06-21,105089.73036435567
2017-06-22,105089.73036435567
2017-06-23,105089.73036435567
2017-06-24,105089.73036435567
2017-06-25,105089.73036435567
2017-06-26,105089.73036435567
2017-06-27,105089.73036435567
2017-06-28,105089.73036435567
2017-06-29,105089.73036435567
2017-06-30,105089.73036435567
2017-07-01,105089.73036435567
2017-07-02,105089.73036435567
2017-07-03,105089.73036435567
2017-07-04,105089.73036435567
2017-07-05,105089.73036435567
2017-07-06,105089.73036435567
2017-07-07,105089.73036435567
2017-07-08,105089.73036435567
2017-07-09,105089.73036435567
2017-07-10,105089.73036435567
2017-07-11,105089.73036435567
2017-07-12,105089.73036435567
2017-07-13,105089.73036435567
2017-07-14,105089.73036435567
2017-07-15,105089.73036435567
2017-07-16,105089.73036435567
2017-07-17,105089.73036435567
2017-07-18,106144.78773649725
2017-07-19,106144.78773649725
2017-07-20,106144.78773649725
2017-07-21,108493.36309422586
2017-07-22,108493.36309422586
2017-07-23,108493.36309422586
2017-07-24,108493.36309422586
2017-07-25,107275.59400188875
2017-07-26,107275.59400188875
2017-07-27,107275.59400188875
2017-07-28,107275.59400188875
2017-07-29,107275.59400188875
2017-07-30,107275.59400188875
2017-07-31,107275.59400188875
2017-08-01,107275.59400188875
2017-08-02,107275.59400188875
2017-08-03,107275.59400188875
2017-08-04,107275.59400188875
2017-08-05,107275.59400188875
2017-08-06,107275.59400188875
2017-08-07,107275.59400188875
2017-08-08,107275.59400188875
2017-08-09,107275.59400188875
2017-08-10,110366.33962717341
2017-08-11,110366.33962717341
2017-08-12,110366.33962717341
2017-08-13,110366.33962717341
2017-08-14,110366.33962717341
2017-08-15,110366.33962717341
2017-08-16,110366.33962717341
2017-08-17,110366.33962717341
2017-08-18,110366.33962717341
2017-08-19,110366.33962717341
2017-08-20,110366.33962717341
2017-08-21,110366.33962717341
2017-08-22,110366.33962717341
2017-08-23,110366.33962717341
2017-08-24,109029.09667613513
2017-08-25,109029.09667613513
2017-08-26,109029.09667613513
2017-08-27,109029.09667613513
2017-08-28,117583.96376734141
2017-08-29,117583.96376734141
2017-08-30,117583.96376734141
2017-08-31,117583.96376734141
2017-09-01,117583.96376734141
2017-09-02,117583.96376734141
2017-09-03,117583.96376734141
2017-09-04,117448.31351747434
2017-09-05,117448.31351747434
2017-09-06,117448.31351747434
2017-09-07,117448.31351747434
2017-09-08,116200.50538556633
2017-09-09,116200.50538556633
2017-09-10,116200.50538556633
2017-09-11,116200.50538556633
2017-09-12,116200.50538556633
2017-09-13,116200.50538556633
2017-09-14,116200.50538556633
2017-09-15,116200.50538556633
2017-09-16,116200.50538556633
2017-09-17,116200.50538556633
2017-09-18,116200.50538556633
2017-09-19,116200.50538556633
2017-09-20,116200.50538556633
2017-09-21,116200.50538556633
2017-09-22,116200.50538556633
2017-09-23,116200.50538556633
2017-09-24,116200.50538556633
2017-09-25,116200.50538556633
2017-09-26,116200.50538556633
2017-09-27,116200.50538556633
2017-09-28,116200.50538556633
2017-09-29,116200.50538556633
2017-09-30,116200.50538556633
2017-10-01,116200.50538556633
2017-10-02,116200.50538556633
2017-10-03,116200.50538556633
2017-10-04,116200.50538556633
2017-10-05,116200.50538556633
2017-10-06,116200.50538556633
2017-10-07,116200.50538556633
2017-10-08,116200.50538556633
2017-10-09,116200.50538556633
2017-10-10,116200.50538556633
2017-10-11,116200.50538556633
2017-10-12,114911.26189164979
2017-10-13,114911.26189164979
2017-10-14,114911.26189164979
2017-10-15,114911.26189164979
2017-10-16,115072.99319344532
2017-10-17,115072.99319344532
2017-10-18,115072.99319344532
2017-10-19,115072.99319344532
2017-10-20,115072.99319344532
2017-10-21,115072.99319344532
2017-10-22,115072.99319344532
2017-10-23,115072.99319344532
2017-10-24,115072.99319344532
2017-10-25,115072.99319344532
2017-10-26,115072.99319344532
2017-10-27,115072.99319344532
2017-10-28,115072.99319344532
2017-10-29,115072.99319344532
2017-10-30,115072.99319344532
2017-10-31,115072.99319344532
2017-11-01,115072.99319344532
2017-11-02,115072.99319344532
2017-11-03,115072.99319344532
2017-11-04,115072.99319344532
2017-11-05,115072.99319344532
2017-11-06,115072.99319344532
2017-11-07,115072.99319344532
2017-11-08,115072.99319344532
2017-11-09,115072.99319344532
2017-11-10,115072.99319344532
2017-11-11,115072.99319344532
2017-11-12,115072.99319344532
2017-11-13,115072.99319344532
2017-11-14,115072.99319344532
2017-11-15,115072.99319344532
2017-11-16,115072.99319344532
2017-11-17,115072.99319344532
2017-11-18,115072.99319344532
2017-11-19,115072.99319344532
2017-11-20,115072.99319344532
2017-11-21,115072.99319344532
2017-11-22,115072.99319344532
2017-11-23,115072.99319344532
2017-11-24,115072.99319344532
2017-11-25,115072.99319344532
2017-11-26,115072.99319344532
2017-11-27,117828.41073688472
2017-11-28,117828.41073688472
2017-11-29,117828.41073688472
2017-11-30,117828.41073688472
2017-12-01,117828.41073688472
2017-12-02,117828.41073688472
2017-12-03,117828.41073688472
2017-12-04,117828.41073688472
2017-12-05,117828.41073688472
2017-12-06,117828.41073688472
2017-12-07,119593.24155849447
2017-12-08,119593.24155849447
2017-12-09,119593.24155849447
2017-12-10,119593.24155849447
2017-12-11,119593.24155849447
2017-12-12,119593.24155849447
2017-12-13,119593.24155849447
2017-12-14,119593.24155849447
2017-12-15,119593.24155849447
2017-12-16,119593.24155849447
2017-12-17,119593.24155849447
2017-12-18,119593.24155849447
2017-12-19,119593.24155849447
2017-12-20,119593.24155849447
2017-12-21,119593.24155849447
2017-12-22,119593.24155849447
2017-12-23,119593.24155849447
2017-12-24,119593.24155849447
2017-12-25,119593.24155849447
2017-12-26,118098.51278673581
2017-12-27,118098.51278673581
2017-12-28,118098.51278673581
2017-12-29,118098.51278673581
2017-12-30,118098.51278673581
2017-12-31,118098.51278673581
2018-01-01,118098.51278673581
2018-01-02,120738.85810832486
2018-01-03,120738.85810832486
2018-01-04,120738.85810832486
2018-01-05,120738.85810832486
2018-01-06,120738.85810832486
2018-01-07,120738.85810832486
2018-01-08,120738.85810832486
2018-01-09,120738.85810832486
2018-01-10,120738.85810832486
2018-01-11,120738.85810832486
2018-01-12,120738.85810832486
2018-01-13,120738.85810832486
2018-01-14,120738.85810832486
2018-01-15,120738.85810832486
2018-01-16,120738.85810832486
2018-01-17,120738.85810832486
2018-01-18,119396.60344725462
2018-01-19,119396.60344725462
2018-01-20,119396.60344725462
2018-01-21,119396.60344725462
2018-01-22,119396.60344725462
2018-01-23,119396.60344725462
2018-01-24,124931.96718299668
2018-01-25,124931.96718299668
2018-01-26,124931.96718299668
2018-01-27,124931.96718299668
2018-01-28,124931.96718299668
2018-01-29,124931.96718299668
2018-01-30,124931.96718299668
2018-01-31,124931.96718299668
2018-02-01,124931.96718299668
2018-02-02,124931.96718299668
2018-02-03,124931.96718299668
2018-02-04,124931.96718299668
2018-02-05,124931.96718299668
2018-02-06,124931.96718299668
2018-02-07,124931.96718299668
2018-02-08,124931.96718299668
2018-02-09,124931.96718299668
2018-02-10,124931.96718299668
2018-02-11,124931.96718299668
2018-02-12,124931.96718299668
2018-02-13,124931.96718299668
2018-02-14,124931.96718299668
2018-02-15,124931.96718299668
2018-02-16,124931.96718299668
2018-02-17,124931.96718299668
2018-02-18,124931.96718299668
2018-02-19,124931.96718299668
2018-02-20,124931.96718299668
2018-02-21,124931.96718299668
2018-02-22,124931.96718299668
2018-02-23,124931.96718299668
2018-02-24,124931.96718299668
2018-02-25,124931.96718299668
2018-02-26,124931.96718299668
2018-02-27,124931.96718299668
2018-02-28,124931.96718299668
2018-03-01,124931.96718299668
2018-03-02,124931.96718299668
2018-03-03,124931.96718299668
2018-03-04,124931.96718299668
2018-03-05,124931.96718299668
2018-03-06,123494.35517178009
2018-03-07,123494.35517178009
2018-03-08,123494.35517178009
2018-03-09,123494.35517178009
2018-03-10,123494.35517178009
2018-03-11,123494.35517178009
2018-03-12,123494.35517178009
2018-03-13,123494.35517178009
2018-03-14,122155.63485101034
2018-03-15,120608.54716378993
2018-03-16,120608.54716378993
2018-03-17,120608.54716378993
2018-03-18,120608.54716378993
2018-03-19,120608.54716378993
2018-03-20,120608.54716378993
2018-03-21,120608.54716378993
2018-03-22,120608.54716378993
2018-03-23,123201.50179660453
2018-03-24,123201.50179660453
2018-03-25,123201.50179660453
2018-03-26,123201.50179660453
2018-03-27,123201.50179660453
2018-03-28,123201.50179660453
2018-03-29,123201.50179660453
2018-03-30,123201.50179660453
2018-03-31,123201.50179660453
2018-04-01,123201.50179660453
2018-04-02,123201.50179660453
2018-04-03,123201.50179660453
2018-04-04,123201.50179660453
2018-04-05,123201.50179660453
2018-04-06,123201.50179660453
2018-04-07,123201.50179660453
2018-04-08,123201.50179660453
2018-04-09,123201.50179660453
2018-04-10,123201.50179660453
2018-04-11,132932.532292915
2018-04-12,132932.532292915
2018-04-13,132932.532292915
2018-04-14,132932.532292915
2018-04-15,132932.532292915
2018-04-16,132932.532292915
2018-04-17,132932.532292915
2018-04-18,132932.532292915
2018-04-19,132932.532292915
2018-04-20,132932.532292915
2018-04-21,132932.532292915
2018-04-22,132932.532292915
2018-04-23,131395.41872099336
2018-04-24,131395.41872099336
2018-04-25,131395.41872099336
2018-04-26,131395.41872099336
2018-04-27,131395.41872099336
2018-04-28,131395.41872099336
2018-04-29,131395.41872099336
2018-04-30,131395.41872099336
2018-05-01,131395.41872099336
2018-05-02,131395.41872099336
2018-05-03,131395.41872099336
2018-05-04,131395.41872099336
2018-05-05,131395.41872099336
2018-05-06,131395.41872099336
2018-05-07,131395.41872099336
2018-05-08,131395.41872099336
2018-05-09,131395.41872099336
2018-05-10,131395.41872099336
2018-05-11,131395.41872099336
2018-05-12,131395.41872099336
2018-05-13,131395.41872099336
2018-05-14,131395.41872099336
2018-05-15,131395.41872099336
2018-05-16,131395.41872099336
2018-05-17,131395.41872099336
2018-05-18,131395.41872099336
2018-05-19,131395.41872099336
2018-05-20,131395.41872099336
2018-05-21,130834.34593002984
2018-05-22,130834.34593002984
2018-05-23,130834.34593002984
2018-05-24,130834.34593002984
2018-05-25,130834.34593002984
2018-05-26,130834.34593002984
2018-05-27,130834.34593002984
2018-05-28,129315.06438781128
2018-05-29,129315.06438781128
2018-05-30,129315.06438781128
2018-05-31,129315.06438781128
2018-06-01,129315.06438781128
2018-06-02,129315.06438781128
2018-06-03,129315.06438781128
2018-06-04,127862.90352027766
2018-06-05,127862.90352027766
2018-06-06,127862.90352027766
2018-06-07,127862.90352027766
2018-06-08,127862.90352027766
2018-06-09,127862.90352027766
2018-06-10,127862.90352027766
2018-06-11,127862.90352027766
2018-06-12,127862.90352027766
2018-06-13,127862.90352027766
2018-06-14,127862.90352027766
2018-06-15,127862.90352027766
2018-06-16,127862.90352027766
2018-06-17,127862.90352027766
2018-06-18,127862.90352027766
2018-06-19,127862.90352027766
2018-06-20,127862.90352027766
2018-06-21,126964.67887045223
2018-06-22,126964.67887045223
2018-06-23,126964.67887045223
2018-06-24,126964.67887045223
2018-06-25,126957.46360171547
2018-06-26,126957.46360171547
2018-06-27,126957.46360171547
2018-06-28,125441.36961889881
2018-06-29,125441.36961889881
2018-06-30,125441.36961889881
2018-07-01,125441.36961889881
2018-07-02,128206.66765847016
2018-07-03,128206.66765847016
2018-07-04,128206.66765847016
2018-07-05,128206.66765847016
2018-07-06,128206.66765847016
2018-07-07,128206.66765847016
2018-07-08,128206.66765847016
2018-07-09,128206.66765847016
2018-07-10,128206.66765847016
2018-07-11,128206.66765847016
2018-07-12,128206.66765847016
2018-07-13,129058.57226207538
2018-07-14,129058.57226207538
2018-07-15,129058.57226207538
2018-07-16,129058.57226207538
2018-07-17,129058.57226207538
2018-07-18,129003.81405118949
2018-07-19,129003.81405118949
2018-07-20,129003.81405118949
2018-07-21,129003.81405118949
2018-07-22,129003.81405118949
2018-07-23,129003.81405118949
2018-07-24,129003.81405118949
2018-07-25,129003.81405118949
2018-07-26,129003.81405118949
2018-07-27,129003.81405118949
2018-07-28,129003.81405118949
2018-07-29,129003.81405118949
2018-07-30,129003.81405118949
2018-07-31,129003.81405118949
2018-08-01,129003.81405118949
2018-08-02,130608.91101149637
2018-08-03,130608.91101149637
2018-08-04,130608.91101149637
2018-08-05,130608.91101149637
2018-08-06,131855.31533735088
2018-08-07,131855.31533735088
2018-08-08,131855.31533735088
2018-08-09,131855.31533735088
2018-08-10,131855.31533735088
2018-08-11,131855.31533735088
2018-08-12,131855.31533735088
2018-08-13,131855.31533735088
2018-08-14,131855.31533735088
2018-08-15,133455.6641824741
2018-08-16,133455.6641824741
2018-08-17,133455.6641824741
2018-08-18,133455.6641824741
2018-08-19,133455.6641824741
2018-08-20,133455.6641824741
2018-08-21,133455.6641824741
2018-08-22,133455.6641824741
2018-08-23,133455.6641824741
2018-08-24,133455.6641824741
2018-08-25,133455.6641824741
2018-08-26,133455.6641824741
2018-08-27,133455.6641824741
2018-08-28,133455.6641824741
2018-08-29,133455.6641824741
2018-08-30,133455.6641824741
2018-08-31,133455.6641824741
2018-09-01,133455.6641824741
2018-09-02,133455.6641824741
2018-09-03,133455.6641824741
2018-09-04,133455.6641824741
2018-09-05,133455.6641824741
2018-09-06,131924.34283120226
2018-09-07,131924.34283120226
2018-09-08,131924.34283120226
2018-09-09,131924.34283120226
2018-09-10,130466.70512769355
2018-09-11,130466.70512769355
2018-09-12,130466.70512769355
2018-09-13,130466.70512769355
2018-09-14,130466.70512769355
2018-09-15,130466.70512769355
2018-09-16,130466.70512769355
2018-09-17,130466.70512769355
2018-09-18,130466.70512769355
2018-09-19,130466.70512769355
2018-09-20,130466.70512769355
2018-09-21,130466.70512769355
2018-09-22,130466.70512769355
2018-09-23,130466.70512769355
2018-09-24,130466.70512769355
2018-09-25,130466.70512769355
2018-09-26,130466.70512769355
2018-09-27,130466.70512769355
2018-09-28,130466.70512769355
2018-09-29,130466.70512769355
2018-09-30,130466.70512769355
2018-10-01,130466.70512769355
2018-10-02,130466.70512769355
2018-10-03,130466.70512769355
2018-10-04,130466.70512769355
2018-10-05,130466.70512769355
2018-10-06,130466.70512769355
2018-10-07,130466.70512769355
2018-10-08,130466.70512769355
2018-10-09,130466.70512769355
2018-10-10,130466.70512769355
2018-10-11,130466.70512769355
2018-10-12,130466.70512769355
2018-10-13,130466.70512769355
2018-10-14,130466.70512769355
2018-10-15,130466.70512769355
2018-10-16,130466.70512769355
2018-10-17,130466.70512769355
2018-10-18,130466.70512769355
2018-10-19,130466.70512769355
2018-10-20,130466.70512769355
2018-10-21,130466.70512769355
2018-10-22,130466.70512769355
2018-10-23,130466.70512769355
2018-10-24,130466.70512769355
2018-10-25,130466.70512769355
2018-10-26,130466.70512769355
2018-10-27,130466.70512769355
2018-10-28,130466.70512769355
2018-10-29,130466.70512769355
2018-10-30,130626.48722607871
2018-10-31,130626.48722607871
2018-11-01,130626.48722607871
2018-11-02,130626.48722607871
2018-11-03,130626.48722607871
2018-11-04,130626.48722607871
2018-11-05,130626.48722607871
2018-11-06,130626.48722607871
2018-11-07,130626.48722607871
2018-11-08,130626.48722607871
2018-11-09,130626.48722607871
2018-11-10,130626.48722607871
2018-11-11,130626.48722607871
2018-11-12,132149.97776094108
2018-11-13,131303.89558625204
2018-11-14,131303.89558625204
2018-11-15,131303.89558625204
2018-11-16,131303.89558625204
2018-11-17,131303.89558625204
2018-11-18,131303.89558625204
2018-11-19,131303.89558625204
2018-11-20,131303.89558625204
2018-11-21,131303.89558625204
2018-11-22,131303.89558625204
2018-11-23,131303.89558625204
2018-11-24,131303.89558625204
2018-11-25,131303.89558625204
2018-11-26,131303.89558625204
2018-11-27,131303.89558625204
2018-11-28,131303.89558625204
2018-11-29,131303.89558625204
2018-11-30,131303.89558625204
2018-12-01,131303.89558625204
2018-12-02,131303.89558625204
2018-12-03,131303.89558625204
2018-12-04,131303.89558625204
2018-12-05,131303.89558625204
2018-12-06,131303.89558625204
2018-12-07,131303.89558625204
2018-12-08,131303.89558625204
2018-12-09,131303.89558625204
2018-12-10,131303.89558625204
2018-12-11,131303.89558625204
2018-12-12,131303.89558625204
2018-12-13,131303.89558625204
2018-12-14,131303.89558625204
2018-12-15,131303.89558625204
2018-12-16,131303.89558625204
2018-12-17,131303.89558625204
2018-12-18,131303.89558625204
2018-12-19,131303.89558625204
2018-12-20,131303.89558625204
2018-12-21,131303.89558625204
2018-12-22,131303.89558625204
2018-12-23,131303.89558625204
2018-12-24,131303.89558625204
2018-12-25,131303.89558625204
2018-12-26,133610.94092918653
2018-12-27,133610.94092918653
2018-12-28,131957.27729308725
2018-12-29,131957.27729308725
2018-12-30,131957.27729308725
2018-12-31,131957.27729308725
2019-01-01,131957.27729308725
2019-01-02,131976.42095728178
2019-01-03,130459.67701493685
2019-01-04,130459.67701493685
2019-01-05,130459.67701493685
2019-01-06,130459.67701493685
2019-01-07,130459.67701493685
2019-01-08,130459.67701493685
2019-01-09,130459.67701493685
2019-01-10,130459.67701493685
2019-01-11,130459.67701493685
2019-01-12,130459.67701493685
2019-01-13,130459.67701493685
2019-01-14,130459.67701493685
2019-01-15,130459.67701493685
2019-01-16,130459.67701493685
2019-01-17,130459.67701493685
2019-01-18,130459.67701493685
2019-01-19,130459.67701493685
2019-01-20,130459.67701493685
2019-01-21,130459.67701493685
2019-01-22,130459.67701493685
2019-01-23,130459.67701493685
2019-01-24,130459.67701493685
2019-01-25,136931.12972268893
2019-01-26,136931.12972268893
2019-01-27,136931.12972268893
2019-01-28,136931.12972268893
2019-01-29,141888.43858622952
2019-01-30,140263.69502214994
2019-01-31,140263.69502214994
2019-02-01,140263.69502214994
2019-02-02,140263.69502214994
2019-02-03,140263.69502214994
2019-02-04,140263.69502214994
2019-02-05,140263.69502214994
2019-02-06,140263.69502214994
2019-02-07,140263.69502214994
2019-02-08,140263.69502214994
2019-02-09,140263.69502214994
2019-02-10,140263.69502214994
2019-02-11,140263.69502214994
2019-02-12,140263.69502214994
2019-02-13,140263.69502214994
2019-02-14,140263.69502214994
2019-02-15,140263.69502214994
2019-02-16,140263.69502214994
2019-02-17,140263.69502214994
2019-02-18,140263.69502214994
2019-02-19,140263.69502214994
2019-02-20,140263.69502214994
2019-02-21,140263.69502214994
2019-02-22,140263.69502214994
2019-02-23,140263.69502214994
2019-02-24,140263.69502214994
2019-02-25,138565.76608240808
2019-02-26,138565.76608240808
2019-02-27,138565.76608240808
2019-02-28,138565.76608240808
2019-03-01,138565.76608240808
2019-03-02,138565.76608240808
2019-03-03,138565.76608240808
2019-03-04,138565.76608240808
2019-03-05,138565.76608240808
2019-03-06,138565.76608240808
2019-03-07,138565.76608240808
2019-03-08,138565.76608240808
2019-03-09,138565.76608240808
2019-03-10,138565.76608240808
2019-03-11,138565.76608240808
2019-03-12,138433.13386298408
2019-03-13,138433.13386298408
2019-03-14,138433.13386298408
2019-03-15,138433.13386298408
2019-03-16,138433.13386298408
2019-03-17,138433.13386298408
2019-03-18,138433.13386298408
2019-03-19,138433.13386298408
2019-03-20,138433.13386298408
2019-03-21,138433.13386298408
2019-03-22,138433.13386298408
2019-03-23,138433.13386298408
2019-03-24,138433.13386298408
2019-03-25,140207.60599151748
2019-03-26,140207.60599151748
2019-03-27,140207.60599151748
2019-03-28,140207.60599151748
2019-03-29,140207.60599151748
2019-03-30,140207.60599151748
2019-03-31,140207.60599151748
2019-04-01,140207.60599151748
2019-04-02,140207.60599151748
2019-04-03,140207.60599151748
2019-04-04,138593.09416494844
2019-04-05,138593.09416494844
2019-04-06,138593.09416494844
2019-04-07,138593.09416494844
2019-04-08,138593.09416494844
2019-04-09,138593.09416494844
2019-04-10,138593.09416494844
2019-04-11,138593.09416494844
2019-04-12,138593.09416494844
2019-04-13,138593.09416494844
2019-04-14,138593.09416494844
2019-04-15,138593.09416494844
2019-04-16,138593.09416494844
2019-04-17,138593.09416494844
2019-04-18,138593.09416494844
2019-04-19,138593.09416494844
2019-04-20,138593.09416494844
2019-04-21,138593.09416494844
2019-04-22,138593.09416494844
2019-04-23,138593.09416494844
2019-04-24,138593.09416494844
2019-04-25,138593.09416494844
2019-04-26,138593.09416494844
2019-04-27,138593.09416494844
2019-04-28,138593.09416494844
2019-04-29,138593.09416494844
2019-04-30,137047.7233680617
2019-05-01,137047.7233680617
2019-05-02,137047.7233680617
2019-05-03,137047.7233680617
2019-05-04,137047.7233680617
2019-05-05,137047.7233680617
2019-05-06,137047.7233680617
2019-05-07,137047.7233680617
2019-05-08,135416.57523876894
2019-05-09,135416.57523876894
2019-05-10,135416.57523876894
2019-05-11,135416.57523876894
2019-05-12,135416.57523876894
2019-05-13,135416.57523876894
2019-05-14,135416.57523876894
2019-05-15,135416.57523876894
2019-05-16,135416.57523876894
2019-05-17,135416.57523876894
2019-05-18,135416.57523876894
2019-05-19,135416.57523876894
2019-05-20,135416.57523876894
2019-05-21,135416.57523876894
2019-05-22,135416.57523876894
2019-05-23,135416.57523876894
2019-05-24,135416.57523876894
2019-05-25,135416.57523876894
2019-05-26,135416.57523876894
2019-05-27,135416.57523876894
2019-05-28,135416.57523876894
2019-05-29,135416.57523876894
2019-05-30,135416.57523876894
2019-05-31,135416.57523876894
2019-06-01,135416.57523876894
2019-06-02,135416.57523876894
2019-06-03,135416.57523876894
2019-06-04,135416.57523876894
2019-06-05,135416.57523876894
2019-06-06,135416.57523876894
2019-06-07,135416.57523876894
2019-06-08,135416.57523876894
2019-06-09,135416.57523876894
2019-06-10,135416.57523876894
2019-06-11,135416.57523876894
2019-06-12,135416.57523876894
2019-06-13,135416.57523876894
2019-06-14,135416.57523876894
2019-06-15,135416.57523876894
2019-06-16,135416.57523876894
2019-06-17,135416.57523876894
2019-06-18,137758.89486244842
2019-06-19,137758.89486244842
2019-06-20,137758.89486244842
2019-06-21,137758.89486244842
2019-06-22,137758.89486244842
2019-06-23,137758.89486244842
2019-06-24,137758.89486244842
2019-06-25,137758.89486244842
2019-06-26,137758.89486244842
2019-06-27,137758.89486244842
2019-06-28,137758.89486244842
2019-06-29,137758.89486244842
2019-06-30,137758.89486244842
2019-07-01,137758.89486244842
2019-07-02,137758.89486244842
2019-07-03,137758.89486244842
2019-07-04,137758.89486244842
2019-07-05,137758.89486244842
2019-07-06,137758.89486244842
2019-07-07,137758.89486244842
2019-07-08,137758.89486244842
2019-07-09,137758.89486244842
2019-07-10,137758.89486244842
2019-07-11,137758.89486244842
2019-07-12,137758.89486244842
2019-07-13,137758.89486244842
2019-07-14,137758.89486244842
2019-07-15,137758.89486244842
2019-07-16,137758.89486244842
2019-07-17,137758.89486244842
2019-07-18,137758.89486244842
2019-07-19,137758.89486244842
2019-07-20,137758.89486244842
2019-07-21,137758.89486244842
2019-07-22,137233.1615096968
2019-07-23,137233.1615096968
2019-07-24,137233.1615096968
2019-07-25,137233.1615096968
2019-07-26,137233.1615096968
2019-07-27,137233.1615096968
2019-07-28,137233.1615096968
2019-07-29,137233.1615096968
2019-07-30,137233.1615096968
2019-07-31,137233.1615096968
2019-08-01,137233.1615096968
2019-08-02,137233.1615096968
2019-08-03,137233.1615096968
2019-08-04,137233.1615096968
2019-08-05,137233.1615096968
2019-08-06,137233.1615096968
2019-08-07,137233.1615096968
2019-08-08,137233.1615096968
2019-08-09,137233.1615096968
2019-08-10,137233.1615096968
2019-08-11,137233.1615096968
2019-08-12,137233.1615096968
2019-08-13,137233.1615096968
2019-08-14,137233.1615096968
2019-08-15,137233.1615096968
2019-08-16,137233.1615096968
2019-08-17,137233.1615096968
2019-08-18,137233.1615096968
2019-08-19,137233.1615096968
2019-08-20,137233.1615096968
2019-08-21,137233.1615096968
2019-08-22,137233.1615096968
2019-08-23,137233.1615096968
2019-08-24,137233.1615096968
2019-08-25,137233.1615096968
2019-08-26,137233.1615096968
2019-08-27,137233.1615096968
2019-08-28,137233.1615096968
2019-08-29,137233.1615096968
2019-08-30,137233.1615096968
2019-08-31,137233.1615096968
2019-09-01,137233.1615096968
2019-09-02,137233.1615096968
2019-09-03,137233.1615096968
2019-09-04,137233.1615096968
2019-09-05,137233.1615096968
2019-09-06,137233.1615096968
2019-09-07,137233.1615096968
2019-09-08,137233.1615096968
2019-09-09,137233.1615096968
2019-09-10,137233.1615096968
2019-09-11,137233.1615096968
2019-09-12,137233.1615096968
2019-09-13,137233.1615096968
2019-09-14,137233.1615096968
2019-09-15,137233.1615096968
2019-09-16,137233.1615096968
2019-09-17,137233.1615096968
2019-09-18,137233.1615096968
2019-09-19,137233.1615096968
2019-09-20,135766.56016318323
2019-09-21,135766.56016318323
2019-09-22,135766.56016318323
2019-09-23,135766.56016318323
2019-09-24,135766.56016318323
2019-09-25,135766.56016318323
2019-09-26,135766.56016318323
2019-09-27,135766.56016318323
2019-09-28,135766.56016318323
2019-09-29,135766.56016318323
2019-09-30,135766.56016318323
2019-10-01,135766.56016318323
2019-10-02,135766.56016318323
2019-10-03,135766.56016318323
2019-10-04,135766.56016318323
2019-10-05,135766.56016318323
2019-10-06,135766.56016318323
2019-10-07,135766.56016318323
2019-10-08,135766.56016318323
2019-10-09,135766.56016318323
2019-10-10,135766.56016318323
2019-10-11,135766.56016318323
2019-10-12,135766.56016318323
2019-10-13,135766.56016318323
2019-10-14,135766.56016318323
2019-10-15,135766.56016318323
2019-10-16,135766.56016318323
2019-10-17,135766.56016318323
2019-10-18,135766.56016318323
2019-10-19,135766.56016318323
2019-10-20,135766.56016318323
2019-10-21,135766.56016318323
2019-10-22,135324.55298863753
2019-10-23,137332.98979317493
2019-10-24,137332.98979317493
2019-10-25,140320.11802571185
2019-10-26,140320.11802571185
2019-10-27,140320.11802571185
2019-10-28,140320.11802571185
2019-10-29,140320.11802571185
2019-10-30,140320.11802571185
2019-10-31,140320.11802571185
2019-11-01,140320.11802571185
2019-11-02,140320.11802571185
2019-11-03,140320.11802571185
2019-11-04,140320.11802571185
2019-11-05,140320.11802571185
2019-11-06,140320.11802571185
2019-11-07,140320.11802571185
2019-11-08,140320.11802571185
2019-11-09,140320.11802571185
2019-11-10,140320.11802571185
2019-11-11,140320.11802571185
2019-11-12,140320.11802571185
2019-11-13,140320.11802571185
2019-11-14,140320.11802571185
2019-11-15,140320.11802571185
2019-11-16,140320.11802571185
2019-11-17,140320.11802571185
2019-11-18,140320.11802571185
2019-11-19,138767.64012415076
2019-11-20,138767.64012415076
2019-11-21,138767.64012415076
2019-11-22,138767.64012415076
2019-11-23,138767.64012415076
2019-11-24,138767.64012415076
2019-11-25,138767.64012415076
2019-11-26,138767.64012415076
2019-11-27,138767.64012415076
2019-11-28,138767.64012415076
2019-11-29,138767.64012415076
2019-11-30,138767.64012415076
2019-12-01,138767.64012415076
2019-12-02,138767.64012415076
2019-12-03,138767.64012415076
2019-12-04,138767.64012415076
2019-12-05,138767.64012415076
2019-12-06,138767.64012415076
2019-12-07,138767.64012415076
2019-12-08,138767.64012415076
2019-12-09,138767.64012415076
2019-12-10,138767.64012415076
2019-12-11,138767.64012415076
2019-12-12,138767.64012415076
2019-12-13,138767.64012415076
2019-12-14,138767.64012415076
2019-12-15,138767.64012415076
2019-12-16,137128.80057336323
2019-12-17,135559.9917889859
2019-12-18,135559.9917889859
2019-12-19,135559.9917889859
2019-12-20,135559.9917889859
2019-12-21,135559.9917889859
2019-12-22,135559.9917889859
2019-12-23,135968.27178053596
2019-12-24,139119.3364790497
2019-12-25,139119.3364790497
2019-12-26,139119.3364790497
2019-12-27,139119.3364790497
2019-12-28,139119.3364790497
2019-12-29,139119.3364790497
2019-12-30,139119.3364790497
2019-12-31,139119.3364790497
2020-01-01,139119.3364790497
2020-01-02,139119.3364790497
2020-01-03,139119.3364790497
2020-01-04,139119.3364790497
2020-01-05,139119.3364790497
2020-01-06,139119.3364790497
2020-01-07,139119.3364790497
2020-01-08,139119.3364790497
2020-01-09,139119.3364790497
2020-01-10,139119.3364790497
2020-01-11,139119.3364790497
2020-01-12,139119.3364790497
2020-01-13,139119.3364790497
2020-01-14,139119.3364790497
2020-01-15,139119.3364790497
2020-01-16,139119.3364790497
2020-01-17,139119.3364790497
2020-01-18,139119.3364790497
2020-01-19,139119.3364790497
2020-01-20,138622.76172926536
2020-01-21,138622.76172926536
2020-01-22,138622.76172926536
2020-01-23,138622.76172926536
2020-01-24,138622.76172926536
2020-01-25,138622.76172926536
2020-01-26,138622.76172926536
2020-01-27,138622.76172926536
2020-01-28,138622.76172926536
2020-01-29,138622.76172926536
2020-01-30,138622.76172926536
2020-01-31,138622.76172926536
2020-02-01,138622.76172926536
2020-02-02,138622.76172926536
2020-02-03,138622.76172926536
2020-02-04,138622.76172926536
2020-02-05,138622.76172926536
2020-02-06,138622.76172926536
2020-02-07,138622.76172926536
2020-02-08,138622.76172926536
2020-02-09,138622.76172926536
2020-02-10,138622.76172926536
2020-02-11,138622.76172926536
2020-02-12,138622.76172926536
2020-02-13,138622.76172926536
2020-02-14,138622.76172926536
2020-02-15,138622.76172926536
2020-02-16,138622.76172926536
2020-02-17,138622.76172926536
2020-02-18,138622.76172926536
2020-02-19,139554.20173709915
2020-02-20,139554.20173709915
2020-02-21,141910.40422364383
2020-02-22,141910.40422364383
2020-02-23,141910.40422364383
2020-02-24,141910.40422364383
2020-02-25,141910.40422364383
2020-02-26,141910.40422364383
2020-02-27,141910.40422364383
2020-02-28,141910.40422364383
2020-02-29,141910.40422364383
2020-03-01,141910.40422364383
2020-03-02,141910.40422364383
2020-03-03,141910.40422364383
2020-03-04,141910.40422364383
2020-03-05,141910.40422364383
2020-03-06,141910.40422364383
2020-03-07,141910.40422364383
2020-03-08,141910.40422364383
2020-03-09,141910.40422364383
2020-03-10,141910.40422364383
2020-03-11,141910.40422364383
2020-03-12,141910.40422364383
2020-03-13,141910.40422364383
2020-03-14,141910.40422364383
2020-03-15,141910.40422364383
2020-03-16,141910.40422364383
2020-03-17,141910.40422364383
2020-03-18,141910.40422364383
2020-03-19,141910.40422364383
2020-03-20,141910.40422364383
2020-03-21,141910.40422364383
2020-03-22,141910.40422364383
2020-03-23,141910.40422364383
2020-03-24,141910.40422364383
2020-03-25,141910.40422364383
2020-03-26,141910.40422364383
2020-03-27,141910.40422364383
2020-03-28,141910.40422364383
2020-03-29,141910.40422364383
2020-03-30,141910.40422364383
2020-03-31,141910.40422364383
2020-04-01,141910.40422364383
2020-04-02,141910.40422364383
2020-04-03,141910.40422364383
2020-04-04,141910.40422364383
2020-04-05,141910.40422364383
2020-04-06,141910.40422364383
2020-04-07,141910.40422364383
2020-04-08,141910.40422364383
2020-04-09,141910.40422364383
2020-04-10,141910.40422364383
2020-04-11,141910.40422364383
2020-04-12,141910.40422364383
2020-04-13,141910.40422364383
2020-04-14,141910.40422364383
2020-04-15,141910.40422364383
2020-04-16,141910.40422364383
2020-04-17,141910.40422364383
2020-04-18,141910.40422364383
2020-04-19,141910.40422364383
2020-04-20,141910.40422364383
2020-04-21,141910.40422364383
2020-04-22,141910.40422364383
2020-04-23,141910.40422364383
2020-04-24,141910.40422364383
2020-04-25,141910.40422364383
2020-04-26,141910.40422364383
2020-04-27,141910.40422364383
2020-04-28,141910.40422364383
2020-04-29,141910.40422364383
2020-04-30,141910.40422364383
2020-05-01,141910.40422364383
2020-05-02,141910.40422364383
2020-05-03,141910.40422364383
2020-05-04,141910.40422364383
2020-05-05,141910.40422364383
2020-05-06,141910.40422364383
2020-05-07,141910.40422364383
2020-05-08,141910.40422364383
2020-05-09,141910.40422364383
2020-05-10,141910.40422364383
2020-05-11,141910.40422364383
2020-05-12,141910.40422364383
2020-05-13,141910.40422364383
2020-05-14,141910.40422364383
2020-05-15,144117.6062687177
2020-05-16,144117.6062687177
2020-05-17,144117.6062687177
2020-05-18,144117.6062687177
2020-05-19,144117.6062687177
2020-05-20,144117.6062687177
2020-05-21,144117.6062687177
2020-05-22,144117.6062687177
2020-05-23,144117.6062687177
2020-05-24,144117.6062687177
2020-05-25,144117.6062687177
2020-05-26,144117.6062687177
2020-05-27,144117.6062687177
2020-05-28,145277.19870069524
2020-05-29,145277.19870069524
2020-05-30,145277.19870069524
2020-05-31,145277.19870069524
2020-06-01,145277.19870069524
2020-06-02,145277.19870069524
2020-06-03,145277.19870069524
2020-06-04,145277.19870069524
2020-06-05,145277.19870069524
2020-06-06,145277.19870069524
2020-06-07,145277.19870069524
2020-06-08,145277.19870069524
2020-06-09,145277.19870069524
2020-06-10,145277.19870069524
2020-06-11,145277.19870069524
2020-06-12,145277.19870069524
2020-06-13,145277.19870069524
2020-06-14,145277.19870069524
2020-06-15,145277.19870069524
2020-06-16,145277.19870069524
2020-06-17,145277.19870069524
2020-06-18,145277.19870069524
2020-06-19,145277.19870069524
2020-06-20,145277.19870069524
2020-06-21,145277.19870069524
2020-06-22,145277.19870069524
2020-06-23,145277.19870069524
2020-06-24,145277.19870069524
2020-06-25,145277.19870069524
2020-06-26,145277.19870069524
2020-06-27,145277.19870069524
2020-06-28,145277.19870069524
2020-06-29,145277.19870069524
2020-06-30,145277.19870069524
2020-07-01,145277.19870069524
2020-07-02,145277.19870069524
2020-07-03,145277.19870069524
2020-07-04,145277.19870069524
2020-07-05,145277.19870069524
2020-07-06,145277.19870069524
2020-07-07,145277.19870069524
2020-07-08,145277.19870069524
2020-07-09,145277.19870069524
2020-07-10,145277.19870069524
2020-07-11,145277.19870069524
2020-07-12,145277.19870069524
2020-07-13,145526.33108689683
2020-07-14,145526.33108689683
2020-07-15,145526.33108689683
2020-07-16,145526.33108689683
2020-07-17,145526.33108689683
2020-07-18,145526.33108689683
2020-07-19,145526.33108689683
2020-07-20,148840.22348519095
2020-07-21,148840.22348519095
2020-07-22,148840.22348519095
2020-07-23,148840.22348519095
2020-07-24,148840.22348519095
2020-07-25,148840.22348519095
2020-07-26,148840.22348519095
2020-07-27,148840.22348519095
2020-07-28,148840.22348519095
2020-07-29,148840.22348519095
2020-07-30,148840.22348519095
2020-07-31,148840.22348519095
2020-08-01,148840.22348519095
2020-08-02,148840.22348519095
2020-08-03,148840.22348519095
2020-08-04,148840.22348519095
2020-08-05,148840.22348519095
2020-08-06,148840.22348519095
2020-08-07,148840.22348519095
2020-08-08,148840.22348519095
2020-08-09,148840.22348519095
2020-08-10,148840.22348519095
2020-08-11,148840.22348519095
2020-08-12,148840.22348519095
2020-08-13,148840.22348519095
2020-08-14,148840.22348519095
2020-08-15,148840.22348519095
2020-08-16,148840.22348519095
2020-08-17,148840.22348519095
2020-08-18,148840.22348519095
2020-08-19,148840.22348519095
2020-08-20,148840.22348519095
2020-08-21,148840.22348519095
2020-08-22,148840.22348519095
2020-08-23,148840.22348519095
2020-08-24,148840.22348519095
2020-08-25,148840.22348519095
2020-08-26,148840.22348519095
2020-08-27,148840.22348519095
2020-08-28,148840.22348519095
2020-08-29,148840.22348519095
2020-08-30,148840.22348519095
2020-08-31,148840.22348519095
2020-09-01,148840.22348519095
2020-09-02,148840.22348519095
2020-09-03,148840.22348519095
2020-09-04,148840.22348519095
2020-09-05,148840.22348519095
2020-09-06,148840.22348519095
2020-09-07,148840.22348519095
2020-09-08,148840.22348519095
2020-09-09,148840.22348519095
2020-09-10,148840.22348519095
2020-09-11,148840.22348519095
2020-09-12,148840.22348519095
2020-09-13,148840.22348519095
2020-09-14,148840.22348519095
2020-09-15,148840.22348519095
2020-09-16,148840.22348519095
2020-09-17,148840.22348519095
2020-09-18,148840.22348519095
2020-09-19,148840.22348519095
2020-09-20,148840.22348519095
2020-09-21,148840.22348519095
2020-09-22,148840.22348519095
2020-09-23,148840.22348519095
2020-09-24,148840.22348519095
2020-09-25,148840.22348519095
2020-09-26,148840.22348519095
2020-09-27,148840.22348519095
2020-09-28,148840.22348519095
2020-09-29,148840.22348519095
2020-09-30,148840.22348519095
2020-10-01,148840.22348519095
2020-10-02,148840.22348519095
2020-10-03,148840.22348519095
2020-10-04,148840.22348519095
2020-10-05,148840.22348519095
2020-10-06,148840.22348519095
2020-10-07,148840.22348519095
2020-10-08,148840.22348519095
2020-10-09,148840.22348519095
2020-10-10,148840.22348519095
2020-10-11,148840.22348519095
2020-10-12,148840.22348519095
2020-10-13,148840.22348519095
2020-10-14,148840.22348519095
2020-10-15,148840.22348519095
2020-10-16,148840.22348519095
2020-10-17,148840.22348519095
2020-10-18,148840.22348519095
2020-10-19,148840.22348519095
2020-10-20,148840.22348519095
2020-10-21,148840.22348519095
2020-10-22,148840.22348519095
2020-10-23,148840.22348519095
2020-10-24,148840.22348519095
2020-10-25,148840.22348519095
2020-10-26,148840.22348519095
2020-10-27,148840.22348519095
2020-10-28,148840.22348519095
2020-10-29,148840.22348519095
2020-10-30,148840.22348519095
2020-10-31,148840.22348519095
2020-11-01,148840.22348519095
2020-11-02,148840.22348519095
2020-11-03,148840.22348519095
2020-11-04,148840.22348519095
2020-11-05,148840.22348519095
2020-11-06,148840.22348519095
2020-11-07,148840.22348519095
2020-11-08,148840.22348519095
2020-11-09,148840.22348519095
2020-11-10,148840.22348519095
2020-11-11,148840.22348519095
2020-11-12,148840.22348519095
2020-11-13,148840.22348519095
2020-11-14,148840.22348519095
2020-11-15,148840.22348519095
2020-11-16,148840.22348519095
2020-11-17,148840.22348519095
2020-11-18,148840.22348519095
2020-11-19,148840.22348519095
2020-11-20,148840.22348519095
2020-11-21,148840.22348519095
2020-11-22,148840.22348519095
2020-11-23,148840.22348519095
2020-11-24,148840.22348519095
2020-11-25,148840.22348519095
2020-11-26,148840.22348519095
2020-11-27,148840.22348519095
2020-11-28,148840.22348519095
2020-11-29,148840.22348519095
2020-11-30,148840.22348519095
2020-12-01,148840.22348519095
2020-12-02,148840.22348519095
2020-12-03,148840.22348519095
2020-12-04,148840.22348519095
2020-12-05,148840.22348519095
2020-12-06,148840.22348519095
2020-12-07,148840.22348519095
2020-12-08,148840.22348519095
2020-12-09,148840.22348519095
2020-12-10,148840.22348519095
2020-12-11,148840.22348519095
2020-12-12,148840.22348519095
2020-12-13,148840.22348519095
2020-12-14,147225.22952294355
2020-12-15,147225.22952294355
2020-12-16,145663.3832952492
2020-12-17,148645.01969386116
2020-12-18,148645.01969386116
2020-12-19,148645.01969386116
2020-12-20,148645.01969386116
2020-12-21,147097.39870692507
2020-12-22,147097.39870692507
2020-12-23,147097.39870692507
2020-12-24,147097.39870692507
2020-12-25,147097.39870692507
2020-12-26,147097.39870692507
2020-12-27,147097.39870692507
2020-12-28,147097.39870692507
2020-12-29,147097.39870692507
2020-12-30,147097.39870692507
2020-12-31,147097.39870692507
2021-01-01,147097.39870692507
2021-01-02,147097.39870692507
2021-01-03,147097.39870692507
2021-01-04,149163.33950816735
2021-01-05,149163.33950816735
2021-01-06,149163.33950816735
2021-01-07,149163.33950816735
2021-01-08,149163.33950816735
2021-01-09,149163.33950816735
2021-01-10,149163.33950816735
2021-01-11,149163.33950816735
2021-01-12,149163.33950816735
2021-01-13,149163.33950816735
2021-01-14,149163.33950816735
2021-01-15,149163.33950816735
2021-01-16,149163.33950816735
2021-01-17,149163.33950816735
2021-01-18,149163.33950816735
2021-01-19,149163.33950816735
2021-01-20,149163.33950816735
2021-01-21,149163.33950816735
2021-01-22,149163.33950816735
2021-01-23,149163.33950816735
2021-01-24,149163.33950816735
2021-01-25,149163.33950816735
2021-01-26,149163.33950816735
2021-01-27,149163.33950816735
2021-01-28,149163.33950816735
2021-01-29,149163.33950816735
2021-01-30,149163.33950816735
2021-01-31,149163.33950816735
2021-02-01,149163.33950816735
2021-02-02,149163.33950816735
2021-02-03,149163.33950816735
2021-02-04,149163.33950816735
2021-02-05,149163.33950816735
2021-02-06,149163.33950816735
2021-02-07,149163.33950816735
2021-02-08,149163.33950816735
2021-02-09,149163.33950816735
2021-02-10,149163.33950816735
2021-02-11,149163.33950816735
2021-02-12,149163.33950816735
2021-02-13,149163.33950816735
2021-02-14,149163.33950816735
2021-02-15,149163.33950816735
2021-02-16,149163.33950816735
2021-02-17,149163.33950816735
2021-02-18,149163.33950816735
2021-02-19,149163.33950816735
2021-02-20,149163.33950816735
2021-02-21,149163.33950816735
2021-02-22,149163.33950816735
2021-02-23,149163.33950816735
2021-02-24,149163.33950816735
2021-02-25,149163.33950816735
2021-02-26,149163.33950816735
2021-02-27,149163.33950816735
2021-02-28,149163.33950816735
2021-03-01,149163.33950816735
2021-03-02,149163.33950816735
2021-03-03,149163.33950816735
2021-03-04,149163.33950816735
2021-03-05,149163.33950816735
2021-03-06,149163.33950816735
2021-03-07,149163.33950816735
2021-03-08,149163.33950816735
2021-03-09,149163.33950816735
2021-03-10,149163.33950816735
2021-03-11,149163.33950816735
2021-03-12,149163.33950816735
2021-03-13,149163.33950816735
2021-03-14,149163.33950816735
2021-03-15,149163.33950816735
2021-03-16,149163.33950816735
2021-03-17,149163.33950816735
2021-03-18,149163.33950816735
2021-03-19,149163.33950816735
2021-03-20,149163.33950816735
2021-03-21,149163.33950816735
2021-03-22,149163.33950816735
2021-03-23,149163.33950816735
2021-03-24,149163.33950816735
2021-03-25,149163.33950816735
2021-03-26,149163.33950816735
2021-03-27,149163.33950816735
2021-03-28,149163.33950816735
2021-03-29,152609.21886740442
2021-03-30,155542.15028776665
2021-03-31,155542.15028776665
2021-04-01,155542.15028776665
2021-04-02,155542.15028776665
2021-04-03,155542.15028776665
2021-04-04,155542.15028776665
2021-04-05,153885.39839382202
2021-04-06,153885.39839382202
2021-04-07,153885.39839382202
2021-04-08,153885.39839382202
2021-04-09,153885.39839382202
2021-04-10,153885.39839382202
2021-04-11,153885.39839382202
2021-04-12,153885.39839382202
2021-04-13,153885.39839382202
2021-04-14,153885.39839382202
2021-04-15,153885.39839382202
2021-04-16,153885.39839382202
2021-04-17,153885.39839382202
2021-04-18,153885.39839382202
2021-04-19,153885.39839382202
2021-04-20,153885.39839382202
2021-04-21,153885.39839382202
2021-04-22,153885.39839382202
2021-04-23,153885.39839382202
2021-04-24,153885.39839382202
2021-04-25,153885.39839382202
2021-04-26,153885.39839382202
2021-04-27,153885.39839382202
2021-04-28,153885.39839382202
2021-04-29,153885.39839382202
2021-04-30,153885.39839382202
2021-05-01,153885.39839382202
2021-05-02,153885.39839382202
2021-05-03,153885.39839382202
2021-05-04,153885.39839382202
2021-05-05,153885.39839382202
2021-05-06,153885.39839382202
2021-05-07,153885.39839382202
2021-05-08,153885.39839382202
2021-05-09,153885.39839382202
2021-05-10,154653.5763159989
2021-05-11,154653.5763159989
2021-05-12,154653.5763159989
2021-05-13,154653.5763159989
2021-05-14,154653.5763159989
2021-05-15,154653.5763159989
2021-05-16,154653.5763159989
2021-05-17,156173.03575786774
2021-05-18,156173.03575786774
2021-05-19,156173.03575786774
2021-05-20,156173.03575786774
2021-05-21,156173.03575786774
2021-05-22,156173.03575786774
2021-05-23,156173.03575786774
2021-05-24,156173.03575786774
2021-05-25,156173.03575786774
2021-05-26,156173.03575786774
2021-05-27,156173.03575786774
2021-05-28,156173.03575786774
2021-05-29,156173.03575786774
2021-05-30,156173.03575786774
2021-05-31,156173.03575786774
2021-06-01,156173.03575786774
2021-06-02,156173.03575786774
2021-06-03,156173.03575786774
2021-06-04,156173.03575786774
2021-06-05,156173.03575786774
2021-06-06,156173.03575786774
2021-06-07,156173.03575786774
2021-06-08,156173.03575786774
2021-06-09,156173.03575786774
2021-06-10,156173.03575786774
2021-06-11,156173.03575786774
2021-06-12,156173.03575786774
2021-06-13,156173.03575786774
2021-06-14,156173.03575786774
2021-06-15,156173.03575786774
2021-06-16,156173.03575786774
2021-06-17,156173.03575786774
2021-06-18,156173.03575786774
2021-06-19,156173.03575786774
2021-06-20,156173.03575786774
2021-06-21,154510.05869963564
2021-06-22,154510.05869963564
2021-06-23,154510.05869963564
2021-06-24,154510.05869963564
2021-06-25,154510.05869963564
2021-06-26,154510.05869963564
2021-06-27,154510.05869963564
2021-06-28,154510.05869963564
2021-06-29,154510.05869963564
2021-06-30,154510.05869963564
2021-07-01,154510.05869963564
2021-07-02,154510.05869963564
2021-07-03,154510.05869963564
2021-07-04,154510.05869963564
2021-07-05,154510.05869963564
2021-07-06,154510.05869963564
2021-07-07,154510.05869963564
2021-07-08,154510.05869963564
2021-07-09,154510.05869963564
2021-07-10,154510.05869963564
2021-07-11,154510.05869963564
2021-07-12,154033.97240138505
2021-07-13,154033.97240138505
2021-07-14,154033.97240138505
2021-07-15,152380.9317646941
2021-07-16,152380.9317646941
2021-07-17,152380.9317646941
2021-07-18,152380.9317646941
2021-07-19,152380.9317646941
2021-07-20,152380.9317646941
2021-07-21,152380.9317646941
2021-07-22,152380.9317646941
2021-07-23,152380.9317646941
2021-07-24,152380.9317646941
2021-07-25,152380.9317646941
2021-07-26,152380.9317646941
2021-07-27,152380.9317646941
2021-07-28,152380.9317646941
2021-07-29,152380.9317646941
2021-07-30,152380.9317646941
2021-07-31,152380.9317646941
2021-08-01,152380.9317646941
2021-08-02,152380.9317646941
2021-08-03,152380.9317646941
2021-08-04,152380.9317646941
2021-08-05,152380.9317646941
2021-08-06,167894.84799272506
2021-08-07,167894.84799272506
2021-08-08,167894.84799272506
2021-08-09,167894.84799272506
2021-08-10,167894.84799272506
2021-08-11,167894.84799272506
2021-08-12,167894.84799272506
2021-08-13,167894.84799272506
2021-08-14,167894.84799272506
2021-08-15,167894.84799272506
2021-08-16,167894.84799272506
2021-08-17,167894.84799272506
2021-08-18,167894.84799272506
2021-08-19,167894.84799272506
2021-08-20,167894.84799272506
2021-08-21,167894.84799272506
2021-08-22,167894.84799272506
2021-08-23,167894.84799272506
2021-08-24,167894.84799272506
2021-08-25,167894.84799272506
2021-08-26,167894.84799272506
2021-08-27,167894.84799272506
2021-08-28,167894.84799272506
2021-08-29,167894.84799272506
2021-08-30,167894.84799272506
2021-08-31,166062.92015243994
2021-09-01,166062.92015243994
2021-09-02,166062.92015243994
2021-09-03,166062.92015243994
2021-09-04,166062.92015243994
2021-09-05,166062.92015243994
2021-09-06,166062.92015243994
2021-09-07,166062.92015243994
2021-09-08,166062.92015243994
2021-09-09,166062.92015243994
2021-09-10,166062.92015243994
2021-09-11,166062.92015243994
2021-09-12,166062.92015243994
2021-09-13,166062.92015243994
2021-09-14,166062.92015243994
2021-09-15,166062.92015243994
2021-09-16,174288.08081081897
2021-09-17,174288.08081081897
2021-09-18,174288.08081081897
2021-09-19,174288.08081081897
2021-09-20,174288.08081081897
2021-09-21,174288.08081081897
2021-09-22,174288.08081081897
2021-09-23,174288.08081081897
2021-09-24,174288.08081081897
2021-09-25,174288.08081081897
2021-09-26,174288.08081081897
2021-09-27,174288.08081081897
2021-09-28,174288.08081081897
2021-09-29,174288.08081081897
2021-09-30,174288.08081081897
2021-10-01,174288.08081081897
2021-10-02,174288.08081081897
2021-10-03,174288.08081081897
2021-10-04,174288.08081081897
2021-10-05,174288.08081081897
2021-10-06,174288.08081081897
2021-10-07,174288.08081081897
2021-10-08,174288.08081081897
2021-10-09,174288.08081081897
2021-10-10,174288.08081081897
2021-10-11,173234.03924315216
2021-10-12,173234.03924315216
2021-10-13,173234.03924315216
2021-10-14,173234.03924315216
2021-10-15,173234.03924315216
2021-10-16,173234.03924315216
2021-10-17,173234.03924315216
2021-10-18,173234.03924315216
2021-10-19,173234.03924315216
2021-10-20,173234.03924315216
2021-10-21,173234.03924315216
2021-10-22,173234.03924315216
2021-10-23,173234.03924315216
2021-10-24,173234.03924315216
2021-10-25,173234.03924315216
2021-10-26,173234.03924315216
2021-10-27,173234.03924315216
2021-10-28,173234.03924315216
2021-10-29,173234.03924315216
2021-10-30,173234.03924315216
2021-10-31,173234.03924315216
2021-11-01,173234.03924315216
2021-11-02,173234.03924315216
2021-11-03,173234.03924315216
2021-11-04,173234.03924315216
2021-11-05,173234.03924315216
2021-11-06,173234.03924315216
2021-11-07,173234.03924315216
2021-11-08,173234.03924315216
2021-11-09,173234.03924315216
2021-11-10,173234.03924315216
2021-11-11,173234.03924315216
2021-11-12,173234.03924315216
2021-11-13,173234.03924315216
2021-11-14,173234.03924315216
2021-11-15,173234.03924315216
2021-11-16,173234.03924315216
2021-11-17,173234.03924315216
2021-11-18,173234.03924315216
2021-11-19,173234.03924315216
2021-11-20,173234.03924315216
2021-11-21,173234.03924315216
2021-11-22,173234.03924315216
2021-11-23,173234.03924315216
2021-11-24,173234.03924315216
2021-11-25,173234.03924315216
2021-11-26,173234.03924315216
2021-11-27,173234.03924315216
2021-11-28,173234.03924315216
2021-11-29,173234.03924315216
2021-11-30,173234.03924315216
2021-12-01,173234.03924315216
2021-12-02,173234.03924315216
2021-12-03,173234.03924315216
2021-12-04,173234.03924315216
2021-12-05,173234.03924315216
2021-12-06,173234.03924315216
2021-12-07,173234.03924315216
2021-12-08,173234.03924315216
2021-12-09,173234.03924315216
2021-12-10,173234.03924315216
2021-12-11,173234.03924315216
2021-12-12,173234.03924315216
2021-12-13,171320.77557213767
2021-12-14,171320.77557213767
2021-12-15,171320.77557213767
2021-12-16,171320.77557213767
2021-12-17,171320.77557213767
2021-12-18,171320.77557213767
2021-12-19,171320.77557213767
2021-12-20,171320.77557213767
2021-12-21,171320.77557213767
2021-12-22,171320.77557213767
2021-12-23,171320.77557213767
2021-12-24,171320.77557213767
2021-12-25,171320.77557213767
2021-12-26,171320.77557213767
2021-12-27,171320.77557213767
2021-12-28,169940.0318957444
2021-12-29,169940.0318957444
2021-12-30,169940.0318957444
2021-12-31,169940.0318957444
2022-01-01,169940.0318957444
2022-01-02,169940.0318957444
2022-01-03,169940.0318957444
2022-01-04,169940.0318957444
2022-01-05,169940.0318957444
2022-01-06,169940.0318957444
2022-01-07,169940.0318957444
2022-01-08,169940.0318957444
2022-01-09,169940.0318957444
2022-01-10,169940.0318957444
2022-01-11,169940.0318957444
2022-01-12,169940.0318957444
2022-01-13,169940.0318957444
2022-01-14,169940.0318957444
2022-01-15,169940.0318957444
2022-01-16,169940.0318957444
2022-01-17,169940.0318957444
2022-01-18,169940.0318957444
2022-01-19,169940.0318957444
2022-01-20,169940.0318957444
2022-01-21,169940.0318957444
2022-01-22,169940.0318957444
2022-01-23,169940.0318957444
2022-01-24,169940.0318957444
2022-01-25,169940.0318957444
2022-01-26,169940.0318957444
2022-01-27,169940.0318957444
2022-01-28,169940.0318957444
2022-01-29,169940.0318957444
2022-01-30,169940.0318957444
2022-01-31,169940.0318957444
2022-02-01,169940.0318957444
2022-02-02,169940.0318957444
2022-02-03,169940.0318957444
2022-02-04,169940.0318957444
2022-02-05,169940.0318957444
2022-02-06,169940.0318957444
2022-02-07,169940.0318957444
2022-02-08,169940.0318957444
2022-02-09,169940.0318957444
2022-02-10,167725.66178316335
2022-02-11,167725.66178316335
2022-02-12,167725.66178316335
2022-02-13,167725.66178316335
2022-02-14,167725.66178316335
2022-02-15,167725.66178316335
2022-02-16,167725.66178316335
2022-02-17,171419.72779285748
2022-02-18,171419.72779285748
2022-02-19,171419.72779285748
2022-02-20,171419.72779285748
2022-02-21,171419.72779285748
2022-02-22,171419.72779285748
2022-02-23,171419.72779285748
2022-02-24,171419.72779285748
2022-02-25,171419.72779285748
2022-02-26,171419.72779285748
2022-02-27,171419.72779285748
2022-02-28,171419.72779285748
2022-03-01,171419.72779285748
2022-03-02,171419.72779285748
2022-03-03,171419.72779285748
2022-03-04,171419.72779285748
2022-03-05,171419.72779285748
2022-03-06,171419.72779285748
2022-03-07,171419.72779285748
2022-03-08,171419.72779285748
2022-03-09,171419.72779285748
2022-03-10,171419.72779285748
2022-03-11,171419.72779285748
2022-03-12,171419.72779285748
2022-03-13,171419.72779285748
2022-03-14,171419.72779285748
2022-03-15,171419.72779285748
2022-03-16,171419.72779285748
2022-03-17,171419.72779285748
2022-03-18,171419.72779285748
2022-03-19,171419.72779285748
2022-03-20,171419.72779285748
2022-03-21,171419.72779285748
2022-03-22,171419.72779285748
2022-03-23,171419.72779285748
2022-03-24,171419.72779285748
2022-03-25,171419.72779285748
2022-03-26,171419.72779285748
2022-03-27,171419.72779285748
2022-03-28,171419.72779285748
2022-03-29,171419.72779285748
2022-03-30,171419.72779285748
2022-03-31,171419.72779285748
2022-04-01,171419.72779285748
2022-04-02,171419.72779285748
2022-04-03,171419.72779285748
2022-04-04,171419.72779285748
2022-04-05,171419.72779285748
2022-04-06,171419.72779285748
2022-04-07,171419.72779285748
2022-04-08,171419.72779285748
2022-04-09,171419.72779285748
2022-04-10,171419.72779285748
2022-04-11,171419.72779285748
2022-04-12,171419.72779285748
2022-04-13,171419.72779285748
2022-04-14,171419.72779285748
2022-04-15,171419.72779285748
2022-04-16,171419.72779285748
2022-04-17,171419.72779285748
2022-04-18,171419.72779285748
2022-04-19,171419.72779285748
2022-04-20,171419.72779285748
2022-04-21,171419.72779285748
2022-04-22,171419.72779285748
2022-04-23,171419.72779285748
2022-04-24,171419.72779285748
2022-04-25,171419.72779285748
2022-04-26,171419.72779285748
2022-04-27,171419.72779285748
2022-04-28,171419.72779285748
2022-04-29,171419.72779285748
2022-04-30,171419.72779285748
2022-05-01,171419.72779285748
2022-05-02,171419.72779285748
2022-05-03,171419.72779285748
2022-05-04,171419.72779285748
2022-05-05,171419.72779285748
2022-05-06,171419.72779285748
2022-05-07,171419.72779285748
2022-05-08,171419.72779285748
2022-05-09,171419.72779285748
2022-05-10,171419.72779285748
2022-05-11,171419.72779285748
2022-05-12,171419.72779285748
2022-05-13,171419.72779285748
2022-05-14,171419.72779285748
2022-05-15,171419.72779285748
2022-05-16,170531.79349686272
2022-05-17,170531.79349686272
2022-05-18,170531.79349686272
2022-05-19,170531.79349686272
2022-05-20,170531.79349686272
2022-05-21,170531.79349686272
2022-05-22,170531.79349686272
2022-05-23,170080.21509202762
2022-05-24,170080.21509202762
2022-05-25,170080.21509202762
2022-05-26,170080.21509202762
2022-05-27,170080.21509202762
2022-05-28,170080.21509202762
2022-05-29,170080.21509202762
2022-05-30,169427.83506578917
2022-05-31,169427.83506578917
2022-06-01,169427.83506578917
2022-06-02,169427.83506578917
2022-06-03,169427.83506578917
2022-06-04,169427.83506578917
2022-06-05,169427.83506578917
2022-06-06,169427.83506578917
2022-06-07,169427.83506578917
2022-06-08,169427.83506578917
2022-06-09,169427.83506578917
2022-06-10,169427.83506578917
2022-06-11,169427.83506578917
2022-06-12,169427.83506578917
2022-06-13,169427.83506578917
2022-06-14,169427.83506578917
2022-06-15,169427.83506578917
2022-06-16,169427.83506578917
2022-06-17,169427.83506578917
2022-06-18,169427.83506578917
2022-06-19,169427.83506578917
2022-06-20,169427.83506578917
2022-06-21,169427.83506578917
2022-06-22,169427.83506578917
2022-06-23,169427.83506578917
2022-06-24,169427.83506578917
2022-06-25,169427.83506578917
2022-06-26,169427.83506578917
2022-06-27,169427.83506578917
2022-06-28,169427.83506578917
2022-06-29,169427.83506578917
2022-06-30,169427.83506578917
2022-07-01,167623.89468596247
2022-07-02,167623.89468596247
2022-07-03,167623.89468596247
2022-07-04,167623.89468596247
2022-07-05,167623.89468596247
2022-07-06,174320.66900280176
2022-07-07,174320.66900280176
2022-07-08,174320.66900280176
2022-07-09,174320.66900280176
2022-07-10,174320.66900280176
2022-07-11,174320.66900280176
2022-07-12,174320.66900280176
2022-07-13,174320.66900280176
2022-07-14,174320.66900280176
2022-07-15,174320.66900280176
2022-07-16,174320.66900280176
2022-07-17,174320.66900280176
2022-07-18,174320.66900280176
2022-07-19,174320.66900280176
2022-07-20,172400.03669546806
2022-07-21,172400.03669546806
2022-07-22,172400.03669546806
2022-07-23,172400.03669546806
2022-07-24,172400.03669546806
2022-07-25,172400.03669546806
2022-07-26,172400.03669546806
2022-07-27,172400.03669546806
2022-07-28,172400.03669546806
2022-07-29,172400.03669546806
2022-07-30,172400.03669546806
2022-07-31,172400.03669546806
2022-08-01,172400.03669546806
2022-08-02,172400.03669546806
2022-08-03,172400.03669546806
2022-08-04,172400.03669546806
2022-08-05,172400.03669546806
2022-08-06,172400.03669546806
2022-08-07,172400.03669546806
2022-08-08,172400.03669546806
2022-08-09,172400.03669546806
2022-08-10,172400.03669546806
2022-08-11,172400.03669546806
2022-08-12,172400.03669546806
2022-08-13,172400.03669546806
2022-08-14,172400.03669546806
2022-08-15,172400.03669546806
2022-08-16,172400.03669546806
2022-08-17,172400.03669546806
2022-08-18,172400.03669546806
2022-08-19,172400.03669546806
2022-08-20,172400.03669546806
2022-08-21,172400.03669546806
2022-08-22,174844.25652074118
2022-08-23,174844.25652074118
2022-08-24,174844.25652074118
2022-08-25,174844.25652074118
2022-08-26,174844.25652074118
2022-08-27,174844.25652074118
2022-08-28,174844.25652074118
2022-08-29,174844.25652074118
2022-08-30,174844.25652074118
2022-08-31,174844.25652074118
2022-09-01,174844.25652074118
2022-09-02,174844.25652074118
2022-09-03,174844.25652074118
2022-09-04,174844.25652074118
2022-09-05,174844.25652074118
2022-09-06,174844.25652074118
2022-09-07,174844.25652074118
2022-09-08,174844.25652074118
2022-09-09,174844.25652074118
2022-09-10,174844.25652074118
2022-09-11,174844.25652074118
2022-09-12,174844.25652074118
2022-09-13,174844.25652074118
2022-09-14,174844.25652074118
2022-09-15,174844.25652074118
2022-09-16,174844.25652074118
2022-09-17,174844.25652074118
2022-09-18,174844.25652074118
2022-09-19,174844.25652074118
2022-09-20,174844.25652074118
2022-09-21,174844.25652074118
2022-09-22,174844.25652074118
2022-09-23,174844.25652074118
2022-09-24,174844.25652074118
2022-09-25,174844.25652074118
2022-09-26,174844.25652074118
2022-09-27,174844.25652074118
2022-09-28,174844.25652074118
2022-09-29,174844.25652074118
2022-09-30,174844.25652074118
2022-10-01,174844.25652074118
2022-10-02,174844.25652074118
2022-10-03,174844.25652074118
2022-10-04,174844.25652074118
2022-10-05,174844.25652074118
2022-10-06,174844.25652074118
2022-10-07,174844.25652074118
2022-10-08,174844.25652074118
2022-10-09,174844.25652074118
2022-10-10,174844.25652074118
2022-10-11,174844.25652074118
2022-10-12,174844.25652074118
2022-10-13,174844.25652074118
2022-10-14,174844.25652074118
2022-10-15,174844.25652074118
2022-10-16,174844.25652074118
2022-10-17,174844.25652074118
2022-10-18,174844.25652074118
2022-10-19,177299.59725787592
2022-10-20,177299.59725787592
2022-10-21,177299.59725787592
2022-10-22,177299.59725787592
2022-10-23,177299.59725787592
2022-10-24,177299.59725787592
2022-10-25,177299.59725787592
2022-10-26,177299.59725787592
2022-10-27,177299.59725787592
2022-10-28,177299.59725787592
2022-10-29,177299.59725787592
2022-10-30,177299.59725787592
2022-10-31,177299.59725787592
2022-11-01,177299.59725787592
2022-11-02,177299.59725787592
2022-11-03,177299.59725787592
2022-11-04,177299.59725787592
2022-11-05,177299.59725787592
2022-11-06,177299.59725787592
2022-11-07,177299.59725787592
2022-11-08,177299.59725787592
2022-11-09,177299.59725787592
2022-11-10,177299.59725787592
2022-11-11,177299.59725787592
2022-11-12,177299.59725787592
2022-11-13,177299.59725787592
2022-11-14,177299.59725787592
2022-11-15,177299.59725787592
2022-11-16,177299.59725787592
2022-11-17,177299.59725787592
2022-11-18,177299.59725787592
2022-11-19,177299.59725787592
2022-11-20,177299.59725787592
2022-11-21,177299.59725787592
2022-11-22,177299.59725787592
2022-11-23,177299.59725787592
2022-11-24,177299.59725787592
2022-11-25,177299.59725787592
2022-11-26,177299.59725787592
2022-11-27,177299.59725787592
2022-11-28,177299.59725787592
2022-11-29,177299.59725787592
2022-11-30,177299.59725787592
2022-12-01,179979.42945128292
2022-12-02,179979.42945128292
2022-12-03,179979.42945128292
2022-12-04,179979.42945128292
2022-12-05,179979.42945128292
2022-12-06,179979.42945128292
2022-12-07,179979.42945128292
2022-12-08,179979.42945128292
2022-12-09,179979.42945128292
2022-12-10,179979.42945128292
2022-12-11,179979.42945128292
2022-12-12,179979.42945128292
2022-12-13,179979.42945128292
2022-12-14,179979.42945128292
2022-12-15,179979.42945128292
2022-12-16,179979.42945128292
2022-12-17,179979.42945128292
2022-12-18,179979.42945128292
2022-12-19,179979.42945128292
2022-12-20,179979.42945128292
2022-12-21,179979.42945128292
2022-12-22,179979.42945128292
2022-12-23,179979.42945128292
2022-12-24,179979.42945128292
2022-12-25,179979.42945128292
2022-12-26,179979.42945128292
2022-12-27,179979.42945128292
2022-12-28,179979.42945128292
2022-12-29,179979.42945128292
2022-12-30,177982.93632676866
2022-12-31,177982.93632676866
2023-01-01,177982.93632676866
2023-01-02,177982.93632676866
2023-01-03,176155.13312621613
2023-01-04,176155.13312621613
2023-01-05,176155.13312621613
2023-01-06,176155.13312621613
2023-01-07,176155.13312621613
2023-01-08,176155.13312621613
2023-01-09,176155.13312621613
2023-01-10,176155.13312621613
2023-01-11,176155.13312621613
2023-01-12,176155.13312621613
2023-01-13,176155.13312621613
2023-01-14,176155.13312621613
2023-01-15,176155.13312621613
2023-01-16,176155.13312621613
2023-01-17,176155.13312621613
2023-01-18,176155.13312621613
2023-01-19,176155.13312621613
2023-01-20,176155.13312621613
2023-01-21,176155.13312621613
2023-01-22,176155.13312621613
2023-01-23,176155.13312621613
2023-01-24,176155.13312621613
2023-01-25,176155.13312621613
2023-01-26,176155.13312621613
2023-01-27,176155.13312621613
2023-01-28,176155.13312621613
2023-01-29,176155.13312621613
2023-01-30,176155.13312621613
2023-01-31,176155.13312621613
2023-02-01,176155.13312621613
2023-02-02,176155.13312621613
2023-02-03,176155.13312621613
2023-02-04,176155.13312621613
2023-02-05,176155.13312621613
2023-02-06,176155.13312621613
2023-02-07,176155.13312621613
2023-02-08,176155.13312621613
2023-02-09,176155.13312621613
2023-02-10,176155.13312621613
2023-02-11,176155.13312621613
2023-02-12,176155.13312621613
2023-02-13,176155.13312621613
2023-02-14,176155.13312621613
2023-02-15,176155.13312621613
2023-02-16,176155.13312621613
2023-02-17,176155.13312621613
2023-02-18,176155.13312621613
2023-02-19,176155.13312621613
2023-02-20,176155.13312621613
2023-02-21,176155.13312621613
2023-02-22,176155.13312621613
2023-02-23,176155.13312621613
2023-02-24,176155.13312621613
2023-02-25,176155.13312621613
2023-02-26,176155.13312621613
2023-02-27,176155.13312621613
2023-02-28,176155.13312621613
2023-03-01,176155.13312621613
2023-03-02,176155.13312621613
2023-03-03,178643.93041992592
2023-03-04,178643.93041992592
2023-03-05,178643.93041992592
2023-03-06,178643.93041992592
2023-03-07,178643.93041992592
2023-03-08,178643.93041992592
2023-03-09,178643.93041992592
2023-03-10,178643.93041992592
2023-03-11,178643.93041992592
2023-03-12,178643.93041992592
2023-03-13,178643.93041992592
2023-03-14,178643.93041992592
2023-03-15,178643.93041992592
2023-03-16,178643.93041992592
2023-03-17,178643.93041992592
2023-03-18,178643.93041992592
2023-03-19,178643.93041992592
2023-03-20,178643.93041992592
2023-03-21,178643.93041992592
2023-03-22,178643.93041992592
2023-03-23,179196.8578698465
2023-03-24,179196.8578698465
2023-03-25,179196.8578698465
2023-03-26,179196.8578698465
2023-03-27,179196.8578698465
2023-03-28,179196.8578698465
2023-03-29,179196.8578698465
2023-03-30,179196.8578698465
2023-03-31,179196.8578698465
2023-04-01,179196.8578698465
2023-04-02,179196.8578698465
2023-04-03,179196.8578698465
2023-04-04,179196.8578698465
2023-04-05,179196.8578698465
2023-04-06,179196.8578698465
2023-04-07,179196.8578698465
2023-04-08,179196.8578698465
2023-04-09,179196.8578698465
2023-04-10,179196.8578698465
2023-04-11,179196.8578698465
2023-04-12,179196.8578698465
2023-04-13,179196.8578698465
2023-04-14,179196.8578698465
2023-04-15,179196.8578698465
2023-04-16,179196.8578698465
2023-04-17,177339.14707052257
2023-04-18,177339.14707052257
2023-04-19,177339.14707052257
2023-04-20,177339.14707052257
2023-04-21,177339.14707052257
2023-04-22,177339.14707052257
2023-04-23,177339.14707052257
2023-04-24,177339.14707052257
2023-04-25,177339.14707052257
2023-04-26,177339.14707052257
2023-04-27,177339.14707052257
2023-04-28,177339.14707052257
2023-04-29,177339.14707052257
2023-04-30,177339.14707052257
2023-05-01,177339.14707052257
2023-05-02,177339.14707052257
2023-05-03,177339.14707052257
2023-05-04,177339.14707052257
2023-05-05,177339.14707052257
2023-05-06,177339.14707052257
2023-05-07,177339.14707052257
2023-05-08,177339.14707052257
2023-05-09,177003.090531604
2023-05-10,177003.090531604
2023-05-11,177003.090531604
2023-05-12,177003.090531604
2023-05-13,177003.090531604
2023-05-14,177003.090531604
2023-05-15,177003.090531604
2023-05-16,177003.090531604
2023-05-17,177003.090531604
2023-05-18,177003.090531604
2023-05-19,177003.090531604
2023-05-20,177003.090531604
2023-05-21,177003.090531604
2023-05-22,177003.090531604
2023-05-23,177003.090531604
2023-05-24,177003.090531604
2023-05-25,177003.090531604
2023-05-26,177003.090531604
2023-05-27,177003.090531604
2023-05-28,177003.090531604
2023-05-29,177003.090531604
2023-05-30,177003.090531604
2023-05-31,179709.71001147234
2023-06-01,179709.71001147234
2023-06-02,179709.71001147234
2023-06-03,179709.71001147234
2023-06-04,179709.71001147234
2023-06-05,179709.71001147234
2023-06-06,179709.71001147234
2023-06-07,179709.71001147234
2023-06-08,179709.71001147234
2023-06-09,179709.71001147234
2023-06-10,179709.71001147234
2023-06-11,179709.71001147234
2023-06-12,177775.429926616
2023-06-13,177775.429926616
2023-06-14,177775.429926616
2023-06-15,177775.429926616
2023-06-16,177775.429926616
2023-06-17,177775.429926616
2023-06-18,177775.429926616
2023-06-19,177775.429926616
2023-06-20,177775.429926616
2023-06-21,177775.429926616
2023-06-22,177775.429926616
2023-06-23,177775.429926616
2023-06-24,177775.429926616
2023-06-25,177775.429926616
2023-06-26,177775.429926616
2023-06-27,177775.429926616
2023-06-28,177775.429926616
2023-06-29,177775.429926616
2023-06-30,177775.429926616
2023-07-01,177775.429926616
2023-07-02,177775.429926616
2023-07-03,177775.429926616
2023-07-04,177775.429926616
2023-07-05,177775.429926616
2023-07-06,177775.429926616
2023-07-07,177775.429926616
2023-07-08,177775.429926616
2023-07-09,177775.429926616
2023-07-10,177775.429926616
2023-07-11,178650.43973333004
2023-07-12,178650.43973333004
2023-07-13,178650.43973333004
2023-07-14,178650.43973333004
2023-07-15,178650.43973333004
2023-07-16,178650.43973333004
2023-07-17,176721.86739187478
2023-07-18,183104.8216191984
2023-07-19,183104.8216191984
2023-07-20,183104.8216191984
2023-07-21,183104.8216191984
2023-07-22,183104.8216191984
2023-07-23,183104.8216191984
2023-07-24,183104.8216191984
2023-07-25,183104.8216191984
2023-07-26,183104.8216191984
2023-07-27,183104.8216191984
2023-07-28,183104.8216191984
2023-07-29,183104.8216191984
2023-07-30,183104.8216191984
2023-07-31,183104.8216191984
2023-08-01,183104.8216191984
2023-08-02,183104.8216191984
2023-08-03,183104.8216191984
2023-08-04,183104.8216191984
2023-08-05,183104.8216191984
2023-08-06,183104.8216191984
2023-08-07,183104.8216191984
2023-08-08,183104.8216191984
2023-08-09,183104.8216191984
2023-08-10,183104.8216191984
2023-08-11,183104.8216191984
2023-08-12,183104.8216191984
2023-08-13,183104.8216191984
2023-08-14,183104.8216191984
2023-08-15,183104.8216191984
2023-08-16,183104.8216191984
2023-08-17,183104.8216191984
2023-08-18,183104.8216191984
2023-08-19,183104.8216191984
2023-08-20,183104.8216191984
2023-08-21,183104.8216191984
2023-08-22,183104.8216191984
2023-08-23,183104.8216191984
2023-08-24,183104.8216191984
2023-08-25,183104.8216191984
2023-08-26,183104.8216191984
2023-08-27,183104.8216191984
2023-08-28,183104.8216191984
2023-08-29,183104.8216191984
2023-08-30,183104.8216191984
2023-08-31,183104.8216191984
2023-09-01,183104.8216191984
2023-09-02,183104.8216191984
2023-09-03,183104.8216191984
2023-09-04,183104.8216191984
2023-09-05,183104.8216191984
2023-09-06,183104.8216191984
2023-09-07,183104.8216191984
2023-09-08,183104.8216191984
2023-09-09,183104.8216191984
2023-09-10,183104.8216191984
2023-09-11,183104.8216191984
2023-09-12,186188.92451827822
2023-09-13,186188.92451827822
2023-09-14,186188.92451827822
2023-09-15,186188.92451827822
2023-09-16,186188.92451827822
2023-09-17,186188.92451827822
2023-09-18,186188.92451827822
2023-09-19,186188.92451827822
2023-09-20,186188.92451827822
2023-09-21,186188.92451827822
2023-09-22,186188.92451827822
2023-09-23,186188.92451827822
2023-09-24,186188.92451827822
2023-09-25,186188.92451827822
2023-09-26,186188.92451827822
2023-09-27,189428.8651231608
2023-09-28,189428.8651231608
2023-09-29,189428.8651231608
2023-09-30,189428.8651231608
2023-10-01,189428.8651231608
2023-10-02,193840.0142468704
2023-10-03,193840.0142468704
2023-10-04,193840.0142468704
2023-10-05,193840.0142468704
2023-10-06,193840.0142468704
2023-10-07,193840.0142468704
2023-10-08,193840.0142468704
2023-10-09,193840.0142468704
2023-10-10,193840.0142468704
2023-10-11,193840.0142468704
2023-10-12,193840.0142468704
2023-10-13,193840.0142468704
2023-10-14,193840.0142468704
2023-10-15,193840.0142468704
2023-10-16,193840.0142468704
2023-10-17,193840.0142468704
2023-10-18,193840.0142468704
2023-10-19,193840.0142468704
2023-10-20,193840.0142468704
2023-10-21,193840.0142468704
2023-10-22,193840.0142468704
2023-10-23,193840.0142468704
2023-10-24,193840.0142468704
2023-10-25,193840.0142468704
2023-10-26,193840.0142468704
2023-10-27,193840.0142468704
2023-10-28,193840.0142468704
2023-10-29,193840.0142468704
2023-10-30,193840.0142468704
2023-10-31,193840.0142468704
2023-11-01,193840.0142468704
2023-11-02,193840.0142468704
2023-11-03,193840.0142468704
2023-11-04,193840.0142468704
2023-11-05,193840.0142468704
2023-11-06,193840.0142468704
2023-11-07,193840.0142468704
2023-11-08,193840.0142468704
2023-11-09,193840.0142468704
2023-11-10,193840.0142468704
2023-11-11,193840.0142468704
2023-11-12,193840.0142468704
2023-11-13,193840.0142468704
2023-11-14,193840.0142468704
2023-11-15,193840.0142468704
2023-11-16,193840.0142468704
2023-11-17,193840.0142468704
2023-11-18,193840.0142468704
2023-11-19,193840.0142468704
2023-11-20,193840.0142468704
2023-11-21,193840.0142468704
2023-11-22,193840.0142468704
2023-11-23,193840.0142468704
2023-11-24,193840.0142468704
2023-11-25,193840.0142468704
2023-11-26,193840.0142468704
2023-11-27,193840.0142468704
2023-11-28,193840.0142468704
2023-11-29,193840.0142468704
2023-11-30,193840.0142468704
2023-12-01,191711.90036400835
2023-12-02,191711.90036400835
2023-12-03,191711.90036400835
2023-12-04,191711.90036400835
2023-12-05,191711.90036400835
2023-12-06,191711.90036400835
2023-12-07,191711.90036400835
2023-12-08,191711.90036400835
2023-12-09,191711.90036400835
2023-12-10,191711.90036400835
2023-12-11,191711.90036400835
2023-12-12,191711.90036400835
2023-12-13,191711.90036400835
2023-12-14,189665.02711308296
2023-12-15,189665.02711308296
2023-12-16,189665.02711308296
2023-12-17,189665.02711308296
2023-12-18,189665.02711308296
2023-12-19,189665.02711308296
2023-12-20,189665.02711308296
2023-12-21,189665.02711308296
2023-12-22,189665.02711308296
2023-12-23,189665.02711308296
2023-12-24,189665.02711308296
2023-12-25,189665.02711308296
2023-12-26,189665.02711308296
2023-12-27,187529.05188660434
2023-12-28,187529.05188660434
2023-12-29,187529.05188660434
2023-12-30,187529.05188660434
2023-12-31,187529.05188660434
2024-01-01,187529.05188660434
2024-01-02,187529.05188660434
2024-01-03,187529.05188660434
2024-01-04,187529.05188660434
2024-01-05,187529.05188660434
2024-01-06,187529.05188660434
2024-01-07,187529.05188660434
2024-01-08,187529.05188660434
2024-01-09,187529.05188660434
2024-01-10,187529.05188660434
2024-01-11,187529.05188660434
2024-01-12,187529.05188660434
2024-01-13,187529.05188660434
2024-01-14,187529.05188660434
2024-01-15,187529.05188660434
2024-01-16,187529.05188660434
2024-01-17,187529.05188660434
2024-01-18,187529.05188660434
2024-01-19,187529.05188660434
2024-01-20,187529.05188660434
2024-01-21,187529.05188660434
2024-01-22,187529.05188660434
2024-01-23,187529.05188660434
2024-01-24,187529.05188660434
2024-01-25,187529.05188660434
2024-01-26,187529.05188660434
2024-01-27,187529.05188660434
2024-01-28,187529.05188660434
2024-01-29,185528.53328634487
2024-01-30,185528.53328634487
2024-01-31,185528.53328634487
2024-02-01,185528.53328634487
2024-02-02,185528.53328634487
2024-02-03,185528.53328634487
2024-02-04,185528.53328634487
2024-02-05,185528.53328634487
2024-02-06,185528.53328634487
2024-02-07,185528.53328634487
2024-02-08,185528.53328634487
2024-02-09,185528.53328634487
2024-02-10,185528.53328634487
2024-02-11,185528.53328634487
2024-02-12,185528.53328634487
2024-02-13,185528.53328634487
2024-02-14,185528.53328634487
2024-02-15,185528.53328634487
2024-02-16,185528.53328634487
2024-02-17,185528.53328634487
2024-02-18,185528.53328634487
2024-02-19,185528.53328634487
2024-02-20,189628.01256136596
2024-02-21,189628.01256136596
2024-02-22,189628.01256136596
2024-02-23,189628.01256136596
2024-02-24,189628.01256136596
2024-02-25,189628.01256136596
2024-02-26,189628.01256136596
2024-02-27,189628.01256136596
2024-02-28,189628.01256136596
2024-02-29,189628.01256136596
2024-03-01,189628.01256136596
2024-03-02,189628.01256136596
2024-03-03,189628.01256136596
2024-03-04,189628.01256136596
2024-03-05,189628.01256136596
2024-03-06,189628.01256136596
2024-03-07,189628.01256136596
2024-03-08,189628.01256136596
2024-03-09,189628.01256136596
2024-03-10,189628.01256136596
2024-03-11,189628.01256136596
2024-03-12,189628.01256136596
2024-03-13,189628.01256136596
2024-03-14,189628.01256136596
2024-03-15,189628.01256136596
2024-03-16,189628.01256136596
2024-03-17,189628.01256136596
2024-03-18,189628.01256136596
2024-03-19,189628.01256136596
2024-03-20,189628.01256136596
2024-03-21,189628.01256136596
2024-03-22,189628.01256136596
2024-03-23,189628.01256136596
2024-03-24,189628.01256136596
2024-03-25,189628.01256136596
2024-03-26,189628.01256136596
2024-03-27,189628.01256136596
2024-03-28,189628.01256136596
2024-03-29,189628.01256136596
2024-03-30,189628.01256136596
2024-03-31,189628.01256136596
2024-04-01,189628.01256136596
2024-04-02,189628.01256136596
2024-04-03,189628.01256136596
2024-04-04,189628.01256136596
2024-04-05,189628.01256136596
2024-04-06,189628.01256136596
2024-04-07,189628.01256136596
2024-04-08,189628.01256136596
2024-04-09,189628.01256136596
2024-04-10,189628.01256136596
2024-04-11,189628.01256136596
2024-04-12,189628.01256136596
2024-04-13,189628.01256136596
2024-04-14,189628.01256136596
2024-04-15,189628.01256136596
2024-04-16,189628.01256136596
2024-04-17,189628.01256136596
2024-04-18,189628.01256136596
2024-04-19,189628.01256136596
2024-04-20,189628.01256136596
2024-04-21,189628.01256136596
2024-04-22,189628.01256136596
2024-04-23,189628.01256136596
2024-04-24,189628.01256136596
2024-04-25,189628.01256136596
2024-04-26,189628.01256136596
2024-04-27,189628.01256136596
2024-04-28,189628.01256136596
2024-04-29,189628.01256136596
2024-04-30,189628.01256136596
2024-05-01,189628.01256136596
2024-05-02,189628.01256136596
2024-05-03,189628.01256136596
2024-05-04,189628.01256136596
2024-05-05,189628.01256136596
2024-05-06,189628.01256136596
2024-05-07,189628.01256136596
2024-05-08,187670.41375747861
2024-05-09,185692.67574977866
2024-05-10,186931.7117016503
2024-05-11,186931.7117016503
2024-05-12,186931.7117016503
2024-05-13,186931.7117016503
2024-05-14,186931.7117016503
2024-05-15,186931.7117016503
2024-05-16,186931.7117016503
2024-05-17,186931.7117016503
2024-05-18,186931.7117016503
2024-05-19,186931.7117016503
2024-05-20,185012.64562609707
2024-05-21,185012.64562609707
2024-05-22,185012.64562609707
2024-05-23,185012.64562609707
2024-05-24,185012.64562609707
2024-05-25,185012.64562609707
2024-05-26,185012.64562609707
2024-05-27,185012.64562609707
2024-05-28,185012.64562609707
2024-05-29,185012.64562609707
2024-05-30,185012.64562609707
2024-05-31,185012.64562609707
2024-06-01,185012.64562609707
2024-06-02,185012.64562609707
2024-06-03,185012.64562609707
2024-06-04,185012.64562609707
2024-06-05,185012.64562609707
2024-06-06,185012.64562609707
2024-06-07,185012.64562609707
2024-06-08,185012.64562609707
2024-06-09,185012.64562609707
2024-06-10,185012.64562609707
2024-06-11,185012.64562609707
2024-06-12,185012.64562609707
2024-06-13,185012.64562609707
2024-06-14,185012.64562609707
2024-06-15,185012.64562609707
2024-06-16,185012.64562609707
2024-06-17,185012.64562609707
2024-06-18,185012.64562609707
2024-06-19,185012.64562609707
2024-06-20,187703.18251820933
2024-06-21,187703.18251820933
2024-06-22,187703.18251820933
2024-06-23,187703.18251820933
2024-06-24,187703.18251820933
2024-06-25,187703.18251820933
2024-06-26,187703.18251820933
2024-06-27,187703.18251820933
2024-06-28,187703.18251820933
2024-06-29,187703.18251820933
2024-06-30,187703.18251820933
2024-07-01,187703.18251820933
2024-07-02,187703.18251820933
2024-07-03,193750.48651234177
2024-07-04,193750.48651234177
2024-07-05,191713.5331747367
2024-07-06,191713.5331747367
2024-07-07,191713.5331747367
2024-07-08,191713.5331747367
2024-07-09,191713.5331747367
2024-07-10,193456.1343909599
2024-07-11,200803.76695539415
2024-07-12,200803.76695539415
2024-07-13,200803.76695539415
2024-07-14,200803.76695539415
2024-07-15,200803.76695539415
2024-07-16,200803.76695539415
2024-07-17,200803.76695539415
2024-07-18,200803.76695539415
2024-07-19,200803.76695539415
2024-07-20,200803.76695539415
2024-07-21,200803.76695539415
2024-07-22,200803.76695539415
2024-07-23,200803.76695539415
2024-07-24,200803.76695539415
2024-07-25,200803.76695539415
2024-07-26,200803.76695539415
2024-07-27,200803.76695539415
2024-07-28,200803.76695539415
2024-07-29,200803.76695539415
2024-07-30,200803.76695539415
2024-07-31,200803.76695539415
2024-08-01,200803.76695539415
2024-08-02,200803.76695539415
2024-08-03,200803.76695539415
2024-08-04,200803.76695539415
2024-08-05,200803.76695539415
2024-08-06,200803.76695539415
2024-08-07,200803.76695539415
2024-08-08,200803.76695539415
2024-08-09,200803.76695539415
2024-08-10,200803.76695539415
2024-08-11,200803.76695539415
2024-08-12,206002.10220921092
2024-08-13,206002.10220921092
2024-08-14,206002.10220921092
2024-08-15,206002.10220921092
2024-08-16,206002.10220921092
2024-08-17,206002.10220921092
2024-08-18,206002.10220921092
2024-08-19,206002.10220921092
2024-08-20,206002.10220921092
2024-08-21,206002.10220921092
2024-08-22,206002.10220921092
2024-08-23,206002.10220921092
2024-08-24,206002.10220921092
2024-08-25,206002.10220921092
2024-08-26,206002.10220921092
2024-08-27,206002.10220921092
2024-08-28,206002.10220921092
2024-08-29,206002.10220921092
2024-08-30,206002.10220921092
2024-08-31,206002.10220921092
2024-09-01,206002.10220921092
2024-09-02,206002.10220921092
2024-09-03,206002.10220921092
2024-09-04,206002.10220921092
2024-09-05,206002.10220921092
2024-09-06,206002.10220921092
2024-09-07,206002.10220921092
2024-09-08,206002.10220921092
2024-09-09,206002.10220921092
2024-09-10,206002.10220921092
2024-09-11,206002.10220921092
2024-09-12,206002.10220921092
2024-09-13,206866.70216528105
2024-09-14,206866.70216528105
2024-09-15,206866.70216528105
2024-09-16,204707.10472509402
2024-09-17,204707.10472509402
2024-09-18,204707.10472509402
2024-09-19,204707.10472509402
2024-09-20,208811.30981920054
2024-09-21,208811.30981920054
2024-09-22,208811.30981920054
2024-09-23,206667.84581051968
2024-09-24,206667.84581051968
2024-09-25,206667.84581051968
2024-09-26,206667.84581051968
2024-09-27,206667.84581051968
2024-09-28,206667.84581051968
2024-09-29,206667.84581051968
2024-09-30,206667.84581051968
2024-10-01,206667.84581051968
2024-10-02,206667.84581051968
2024-10-03,206667.84581051968
2024-10-04,206667.84581051968
2024-10-05,206667.84581051968
2024-10-06,206667.84581051968
2024-10-07,206667.84581051968
2024-10-08,206667.84581051968
2024-10-09,206667.84581051968
2024-10-10,206667.84581051968
2024-10-11,206667.84581051968
2024-10-12,206667.84581051968
2024-10-13,206667.84581051968
2024-10-14,206667.84581051968
2024-10-15,206667.84581051968
2024-10-16,206854.7709962629
2024-10-17,206854.7709962629
2024-10-18,207500.51385430474
2024-10-19,207500.51385430474
2024-10-20,207500.51385430474
2024-10-21,207500.51385430474
2024-10-22,207500.51385430474
2024-10-23,207500.51385430474
2024-10-24,207500.51385430474
2024-10-25,207500.51385430474
2024-10-26,207500.51385430474
2024-10-27,207500.51385430474
2024-10-28,207500.51385430474
2024-10-29,207500.51385430474
2024-10-30,205288.99521980487
2024-10-31,205288.99521980487
2024-11-01,205288.99521980487
2024-11-02,205288.99521980487
2024-11-03,205288.99521980487
2024-11-04,205288.99521980487
2024-11-05,205288.99521980487
2024-11-06,205288.99521980487
2024-11-07,205288.99521980487
2024-11-08,205288.99521980487
2024-11-09,205288.99521980487
2024-11-10,205288.99521980487
2024-11-11,205288.99521980487
2024-11-12,205288.99521980487
2024-11-13,205288.99521980487
2024-11-14,205288.99521980487
2024-11-15,205288.99521980487
2024-11-16,205288.99521980487
2024-11-17,205288.99521980487
2024-11-18,205288.99521980487
2024-11-19,205115.78977767166
2024-11-20,205115.78977767166
2024-11-21,207345.25677866657
2024-11-22,209199.0284807907
2024-11-23,209199.0284807907
2024-11-24,209199.0284807907
2024-11-25,209199.0284807907
2024-11-26,209199.0284807907
2024-11-27,209199.0284807907
2024-11-28,209199.0284807907
2024-11-29,209199.0284807907
2024-11-30,209199.0284807907
2024-12-01,209199.0284807907
2024-12-02,209199.0284807907
2024-12-03,209199.0284807907
2024-12-04,209199.0284807907
2024-12-05,209199.0284807907
2024-12-06,209199.0284807907
2024-12-07,209199.0284807907
2024-12-08,209199.0284807907
2024-12-09,209199.0284807907
2024-12-10,209199.0284807907
2024-12-11,209199.0284807907
2024-12-12,207042.82239413157
2024-12-13,207042.82239413157
2024-12-14,207042.82239413157
2024-12-15,207042.82239413157
2024-12-16,207042.82239413157
2024-12-17,207042.82239413157
2024-12-18,207042.82239413157
2024-12-19,207042.82239413157
2024-12-20,207042.82239413157
2024-12-21,207042.82239413157
2024-12-22,207042.82239413157
2024-12-23,207042.82239413157
2024-12-24,207042.82239413157
2024-12-25,207042.82239413157
2024-12-26,207042.82239413157
2024-12-27,207042.82239413157
2024-12-28,207042.82239413157
2024-12-29,207042.82239413157
2024-12-30,207042.82239413157
2024-12-31,207042.82239413157
2025-01-01,207042.82239413157
2025-01-02,207042.82239413157
2025-01-03,207042.82239413157
2025-01-04,207042.82239413157
2025-01-05,207042.82239413157
2025-01-06,207042.82239413157
2025-01-07,207551.27134095159
2025-01-08,207551.27134095159
2025-01-09,207551.27134095159
2025-01-10,205323.14739861488
2025-01-11,205323.14739861488
2025-01-12,205323.14739861488
2025-01-13,205323.14739861488
2025-01-14,205323.14739861488
2025-01-15,205323.14739861488
2025-01-16,205323.14739861488
2025-01-17,205323.14739861488
2025-01-18,205323.14739861488
2025-01-19,205323.14739861488
2025-01-20,205131.53211389252
2025-01-21,203007.66806344717
2025-01-22,203007.66806344717
2025-01-23,200827.49329182305
2025-01-24,200364.14794493298
2025-01-25,200364.14794493298
2025-01-26,200364.14794493298
2025-01-27,200364.14794493298
2025-01-28,200364.14794493298
2025-01-29,200364.14794493298
2025-01-30,200364.14794493298
2025-01-31,200364.14794493298
2025-02-01,200364.14794493298
2025-02-02,200364.14794493298
2025-02-03,200364.14794493298
2025-02-04,200364.14794493298
2025-02-05,201276.97140405787
2025-02-06,201276.97140405787
2025-02-07,201276.97140405787
2025-02-08,201276.97140405787
2025-02-09,201276.97140405787
2025-02-10,207724.0954086049
2025-02-11,207724.0954086049
2025-02-12,207724.0954086049
2025-02-13,207724.0954086049
2025-02-14,207724.0954086049
2025-02-15,207724.0954086049
2025-02-16,207724.0954086049
2025-02-17,207724.0954086049
2025-02-18,207724.0954086049
2025-02-19,207724.0954086049
2025-02-20,207724.0954086049
2025-02-21,207724.0954086049
2025-02-22,207724.0954086049
2025-02-23,207724.0954086049
2025-02-24,207724.0954086049
2025-02-25,207724.0954086049
2025-02-26,207724.0954086049
2025-02-27,207724.0954086049
2025-02-28,207724.0954086049
2025-03-01,207724.0954086049
2025-03-02,207724.0954086049
2025-03-03,207724.0954086049
2025-03-04,207724.0954086049
2025-03-05,207724.0954086049
2025-03-06,207724.0954086049
2025-03-07,207724.0954086049
2025-03-08,207724.0954086049
2025-03-09,207724.0954086049
2025-03-10,207724.0954086049
2025-03-11,207724.0954086049
2025-03-12,207724.0954086049
2025-03-13,207724.0954086049
2025-03-14,207724.0954086049
2025-03-15,207724.0954086049
2025-03-16,207724.0954086049
2025-03-17,207724.0954086049
2025-03-18,207724.0954086049
2025-03-19,205575.34874181362
2025-03-20,205575.34874181362
2025-03-21,205575.34874181362
2025-03-22,205575.34874181362
2025-03-23,205575.34874181362
2025-03-24,205575.34874181362
2025-03-25,205575.34874181362
2025-03-26,205575.34874181362
2025-03-27,205575.34874181362
2025-03-28,205174.13048330293
2025-03-29,205174.13048330293
2025-03-30,205174.13048330293
2025-03-31,205628.96803276718
2025-04-01,205628.96803276718
2025-04-02,205628.96803276718
2025-04-03,205628.96803276718
2025-04-04,205628.96803276718
2025-04-05,205628.96803276718
2025-04-06,205628.96803276718
2025-04-07,205628.96803276718
2025-04-08,205628.96803276718
2025-04-09,205628.96803276718
2025-04-10,205628.96803276718
2025-04-11,205628.96803276718
2025-04-12,205628.96803276718
2025-04-13,205628.96803276718
2025-04-14,205628.96803276718
2025-04-15,205628.96803276718
2025-04-16,206978.78655616485
2025-04-17,206978.78655616485
2025-04-18,206978.78655616485
2025-04-19,206978.78655616485
2025-04-20,206978.78655616485
2025-04-21,209973.4464081652
2025-04-22,209973.4464081652
2025-04-23,209973.4464081652
2025-04-24,209973.4464081652
2025-04-25,209973.4464081652
2025-04-26,209973.4464081652
2025-04-27,209973.4464081652
2025-04-28,209973.4464081652
2025-04-29,209973.4464081652
2025-04-30,209973.4464081652
2025-05-01,209973.4464081652
2025-05-02,209973.4464081652
2025-05-03,209973.4464081652
2025-05-04,209973.4464081652
2025-05-05,209973.4464081652
2025-05-06,209973.4464081652
2025-05-07,209973.4464081652
2025-05-08,209973.4464081652
2025-05-09,209973.4464081652
2025-05-10,209973.4464081652
2025-05-11,209973.4464081652
2025-05-12,209973.4464081652
2025-05-13,209973.4464081652
2025-05-14,209973.4464081652
2025-05-15,209973.4464081652
2025-05-16,209973.4464081652
2025-05-17,209973.4464081652
2025-05-18,209973.4464081652
2025-05-19,209973.4464081652
2025-05-20,209973.4464081652
2025-05-21,209764.04470701615
2025-05-22,209764.04470701615
2025-05-23,209764.04470701615
2025-05-24,209764.04470701615
2025-05-25,209764.04470701615
2025-05-26,209764.04470701615
2025-05-27,209764.04470701615
2025-05-28,209764.04470701615
2025-05-29,209764.04470701615
2025-05-30,209764.04470701615
2025-05-31,209764.04470701615
2025-06-01,209764.04470701615
2025-06-02,209764.04470701615
2025-06-03,209764.04470701615
2025-06-04,209764.04470701615
2025-06-05,209764.04470701615
2025-06-06,209764.04470701615
2025-06-07,209764.04470701615
2025-06-08,209764.04470701615
2025-06-09,210740.88604638242
2025-06-10,210740.88604638242
2025-06-11,210740.88604638242
2025-06-12,210740.88604638242
2025-06-13,210740.88604638242
2025-06-14,210740.88604638242
2025-06-15,210740.88604638242
2025-06-16,210740.88604638242
2025-06-17,210740.88604638242
2025-06-18,210740.88604638242
2025-06-19,210740.88604638242
2025-06-20,210740.88604638242
2025-06-21,210740.88604638242
2025-06-22,210740.88604638242
2025-06-23,210740.88604638242
2025-06-24,210740.88604638242
2025-06-25,210740.88604638242
2025-06-26,210740.88604638242
2025-06-27,210740.88604638242
2025-06-28,210740.88604638242
2025-06-29,210740.88604638242
2025-06-30,210740.88604638242
2025-07-01,215084.99546722308
2025-07-02,215084.99546722308
2025-07-03,215084.99546722308
2025-07-04,215084.99546722308
2025-07-05,215084.99546722308
2025-07-06,215084.99546722308
2025-07-07,215084.99546722308
2025-07-08,215084.99546722308
2025-07-09,215084.99546722308
2025-07-10,215084.99546722308
2025-07-11,220683.26683560674
2025-07-12,220683.26683560674
2025-07-13,220683.26683560674
2025-07-14,220683.26683560674
2025-07-15,220683.26683560674
2025-07-16,220683.26683560674
2025-07-17,220683.26683560674
2025-07-18,220683.26683560674
2025-07-19,220683.26683560674
2025-07-20,220683.26683560674
2025-07-21,220683.26683560674
2025-07-22,220683.26683560674
2025-07-23,220683.26683560674
2025-07-24,220683.26683560674
2025-07-25,220683.26683560674
2025-07-26,220683.26683560674
2025-07-27,220683.26683560674
2025-07-28,220683.26683560674
2025-07-29,220683.26683560674
2025-07-30,220683.26683560674
2025-07-31,220683.26683560674
2025-08-01,220683.26683560674
2025-08-02,220683.26683560674
2025-08-03,220683.26683560674
2025-08-04,220683.26683560674
2025-08-05,220683.26683560674
2025-08-06,220683.26683560674
2025-08-07,220683.26683560674
2025-08-08,220683.26683560674
2025-08-09,220683.26683560674
2025-08-10,220683.26683560674
2025-08-11,220683.26683560674
2025-08-12,220683.26683560674
2025-08-13,220683.26683560674
2025-08-14,220683.26683560674
2025-08-15,220683.26683560674
2025-08-16,220683.26683560674
2025-08-17,220683.26683560674
2025-08-18,220683.26683560674
2025-08-19,220683.26683560674
2025-08-20,220683.26683560674
2025-08-21,220683.26683560674
2025-08-22,220683.26683560674
2025-08-23,220683.26683560674
2025-08-24,220683.26683560674
2025-08-25,220683.26683560674
2025-08-26,220683.26683560674
2025-08-27,220683.26683560674
2025-08-28,220683.26683560674
2025-08-29,220683.26683560674
2025-08-30,220683.26683560674
2025-08-31,220683.26683560674
2025-09-01,220683.26683560674
2025-09-02,220683.26683560674
2025-09-03,220683.26683560674
2025-09-04,220683.26683560674
2025-09-05,218410.8034559241
2025-09-06,218410.8034559241
2025-09-07,218410.8034559241
2025-09-08,218410.8034559241
2025-09-09,218410.8034559241
2025-09-10,218410.8034559241
2025-09-11,218410.8034559241
2025-09-12,217018.18054681882
2025-09-13,217018.18054681882
2025-09-14,217018.18054681882
2025-09-15,217018.18054681882
2025-09-16,217018.18054681882
2025-09-17,217018.18054681882
2025-09-18,217018.18054681882
2025-09-19,217018.18054681882
2025-09-20,217018.18054681882
2025-09-21,217018.18054681882
2025-09-22,221930.30705265087
2025-09-23,221930.30705265087
2025-09-24,221930.30705265087
2025-09-25,221930.30705265087
2025-09-26,221930.30705265087
2025-09-27,221930.30705265087
2025-09-28,221930.30705265087
2025-09-29,222720.64023077075
2025-09-30,222720.64023077075
2025-10-01,222720.64023077075
2025-10-02,222720.64023077075
2025-10-03,222720.64023077075
2025-10-04,222720.64023077075
2025-10-05,222720.64023077075
2025-10-06,223495.10684968365
2025-10-07,223495.10684968365
2025-10-08,224099.6811103693
2025-10-09,224099.6811103693
2025-10-10,224099.6811103693
2025-10-11,224099.6811103693
2025-10-12,224099.6811103693
2025-10-13,224099.6811103693
2025-10-14,224099.6811103693
2025-10-15,224684.6615084016
2025-10-16,224684.6615084016
2025-10-17,224684.6615084016
2025-10-18,224684.6615084016
2025-10-19,224684.6615084016
2025-10-20,224684.6615084016
2025-10-21,224684.6615084016
2025-10-22,224684.6615084016
2025-10-23,224684.6615084016
2025-10-24,224684.6615084016
2025-10-25,224684.6615084016
2025-10-26,224684.6615084016
2025-10-27,224684.6615084016
2025-10-28,224684.6615084016
2025-10-29,224684.6615084016
2025-10-30,224684.6615084016
2025-10-31,224684.6615084016
2025-11-01,224684.6615084016
2025-11-02,224684.6615084016
2025-11-03,224684.6615084016
2025-11-04,224684.6615084016
2025-11-05,224684.6615084016
2025-11-06,224684.6615084016
2025-11-07,224684.6615084016
2025-11-08,224684.6615084016
2025-11-09,224684.6615084016
2025-11-10,226138.70815614337
2025-11-11,226138.70815614337
2025-11-12,226138.70815614337
2025-11-13,226138.70815614337
2025-11-14,226138.70815614337
2025-11-15,226138.70815614337
2025-11-16,226138.70815614337
2025-11-17,226138.70815614337
2025-11-18,226138.70815614337
2025-11-19,226138.70815614337
2025-11-20,226138.70815614337
2025-11-21,226138.70815614337
2025-11-22,226138.70815614337
2025-11-23,226138.70815614337
2025-11-24,226138.70815614337
2025-11-25,226138.70815614337
2025-11-26,226138.70815614337
2025-11-27,225925.55826922157
2025-11-28,225925.55826922157
2025-11-29,225925.55826922157
2025-11-30,225925.55826922157
2025-12-01,225925.55826922157
2025-12-02,225925.55826922157
2025-12-03,225925.55826922157
2025-12-04,225925.55826922157
2025-12-05,224240.96546309555
2025-12-06,224240.96546309555
2025-12-07,224240.96546309555
2025-12-08,221950.69220857925
2025-12-09,221950.69220857925
2025-12-10,221950.69220857925
2025-12-11,221950.69220857925
2025-12-12,222750.74702933116
2025-12-13,222750.74702933116
2025-12-14,222750.74702933116
2025-12-15,220487.7272837044
2025-12-16,220487.7272837044
2025-12-17,220487.7272837044
2025-12-18,220487.7272837044
2025-12-19,220487.7272837044
2025-12-20,220487.7272837044
2025-12-21,220487.7272837044
2025-12-22,222502.7995874235
2025-12-23,222502.7995874235
2025-12-24,222502.7995874235
2025-12-25,222502.7995874235
2025-12-26,224826.58861705713
2025-12-27,224826.58861705713
2025-12-28,224826.58861705713
2025-12-29,224826.58861705713
2025-12-30,224826.58861705713
2025-12-31,224826.58861705713
2026-01-01,224826.58861705713
2026-01-02,224826.58861705713
2026-01-03,224826.58861705713
2026-01-04,224826.58861705713
2026-01-05,227557.05862282607
2026-01-06,227557.05862282607
2026-01-07,227557.05862282607
2026-01-08,227557.05862282607
2026-01-09,227557.05862282607
2026-01-10,227557.05862282607
2026-01-11,227557.05862282607
2026-01-12,227557.05862282607
2026-01-13,227557.05862282607
2026-01-14,227557.05862282607
2026-01-15,227557.05862282607
2026-01-16,227557.05862282607
2026-01-17,227557.05862282607
2026-01-18,227557.05862282607
2026-01-19,227310.50289795804
2026-01-20,227310.50289795804
2026-01-21,225022.50690907688
2026-01-22,225022.50690907688
2026-01-23,225022.50690907688
2026-01-24,225022.50690907688
2026-01-25,225022.50690907688
2026-01-26,225022.50690907688
2026-01-27,225022.50690907688
2026-01-28,225618.80616992636
2026-01-29,225618.80616992636
2026-01-30,225618.80616992636
2026-01-31,225618.80616992636
2026-02-01,225618.80616992636
2026-02-02,225618.80616992636
2026-02-03,225618.80616992636
2026-02-04,225618.80616992636
2026-02-05,225618.80616992636
2026-02-06,225618.80616992636
2026-02-07,225618.80616992636
2026-02-08,225618.80616992636
2026-02-09,225618.80616992636
2026-02-10,225618.80616992636
2026-02-11,225618.80616992636
2026-02-12,225618.80616992636
2026-02-13,225618.80616992636
2026-02-14,225618.80616992636
2026-02-15,225618.80616992636
2026-02-16,225618.80616992636
2026-02-17,225618.80616992636
2026-02-18,225618.80616992636
2026-02-19,225618.80616992636
2026-02-20,225618.80616992636
2026-02-21,225618.80616992636
2026-02-22,225618.80616992636
2026-02-23,225618.80616992636
2026-02-24,225618.80616992636
2026-02-25,225618.80616992636
2026-02-26,225618.80616992636
2026-02-27,225618.80616992636
2026-02-28,225618.80616992636
2026-03-01,225618.80616992636
2026-03-02,225618.80616992636
2026-03-03,225618.80616992636
2026-03-04,225618.80616992636
2026-03-05,225618.80616992636
2026-03-06,225618.80616992636
2026-03-07,225618.80616992636
2026-03-08,225618.80616992636
2026-03-09,225618.80616992636
2026-03-10,225618.80616992636
2026-03-11,225618.80616992636
2026-03-12,225618.80616992636
2026-03-13,225618.80616992636
2026-03-14,225618.80616992636
2026-03-15,225618.80616992636
2026-03-16,225618.80616992636
2026-03-17,225618.80616992636
2026-03-18,225618.80616992636
2026-03-19,225618.80616992636
2026-03-20,225618.80616992636
2026-03-21,225618.80616992636
2026-03-22,225618.80616992636
2026-03-23,225618.80616992636
2026-03-24,225618.80616992636
2026-03-25,225618.80616992636
2026-03-26,225618.80616992636
2026-03-27,225618.80616992636
2026-03-28,225618.80616992636
2026-03-29,225618.80616992636
2026-03-30,225618.80616992636
2026-03-31,225618.80616992636
2026-04-01,225618.80616992636
2026-04-02,225618.80616992636
2026-04-03,225618.80616992636
2026-04-04,225618.80616992636
2026-04-05,225618.80616992636
2026-04-06,225618.80616992636
2026-04-07,225618.80616992636
2026-04-08,225618.80616992636
2026-04-09,225618.80616992636
2026-04-10,225618.80616992636
2026-04-11,225618.80616992636
2026-04-12,225618.80616992636
2026-04-13,224258.44790459922
2026-04-14,224258.44790459922
2026-04-15,224258.44790459922
2026-04-16,224258.44790459922
2026-04-17,224258.44790459922
2026-04-18,224258.44790459922
2026-04-19,224258.44790459922
2026-04-20,224258.44790459922
2026-04-21,224258.44790459922
2026-04-22,224258.44790459922
2026-04-23,224258.44790459922
2026-04-24,224258.44790459922
2026-04-25,224258.44790459922
2026-04-26,224258.44790459922
2026-04-27,224258.44790459922
2026-04-28,224258.44790459922
2026-04-29,224258.44790459922
2026-04-30,224258.44790459922
2026-05-01,224258.44790459922
2026-05-02,224258.44790459922
2026-05-03,224258.44790459922
2026-05-04,224258.44790459922
2026-05-05,224258.44790459922
2026-05-06,226441.99021397452
2026-05-07,226441.99021397452
2026-05-08,226441.99021397452
2026-05-09,226441.99021397452
2026-05-10,226441.99021397452
2026-05-11,226441.99021397452
2026-05-12,226441.99021397452
2026-05-13,226441.99021397452
2026-05-14,226441.99021397452
2026-05-15,226441.99021397452
2026-05-16,226441.99021397452
2026-05-17,226441.99021397452
2026-05-18,226441.99021397452
2026-05-19,226441.99021397452
2026-05-20,226441.99021397452
2026-05-21,226441.99021397452
2026-05-22,226441.99021397452
2026-05-23,226441.99021397452
2026-05-24,226441.99021397452
2026-05-25,226441.99021397452
2026-05-26,226441.99021397452
2026-05-27,226441.99021397452
2026-05-28,226441.99021397452
2026-05-29,226441.99021397452
2026-05-30,226441.99021397452
2026-05-31,226441.99021397452
2026-06-01,226441.99021397452
2026-06-02,226441.99021397452
2026-06-03,226441.99021397452
2026-06-04,226441.99021397452
2026-06-05,226441.99021397452
2026-06-06,226441.99021397452
2026-06-07,226441.99021397452
2026-06-08,226441.99021397452
2026-06-09,226441.99021397452
2026-06-10,226441.99021397452
2026-06-11,226441.99021397452
2026-06-12,226441.99021397452
2026-06-13,226441.99021397452
2026-06-14,226441.99021397452
2026-06-15,226441.99021397452
2026-06-16,226441.99021397452
2026-06-17,226441.99021397452
2026-06-18,226441.99021397452
2026-06-19,226441.99021397452
2026-06-20,226441.99021397452
2026-06-21,226441.99021397452
2026-06-22,226441.99021397452
2026-06-23,226441.99021397452
2026-06-24,226441.99021397452
2026-06-25,226441.99021397452
2026-06-26,226441.99021397452
2026-06-27,226441.99021397452
2026-06-28,226441.99021397452
2026-06-29,226441.99021397452
2026-06-30,226441.99021397452
2026-07-01,226441.99021397452
2026-07-02,226441.99021397452
2026-07-03,226441.99021397452
2026-07-04,226441.99021397452
2026-07-05,226441.99021397452
2026-07-06,226441.99021397452
2026-07-07,226441.99021397452
2026-07-08,226441.99021397452
2026-07-09,226441.99021397452
2026-07-10,226441.99021397452
2026-07-11,226441.99021397452
2026-07-12,226441.99021397452
2026-07-13,226441.99021397452
2026-07-14,226441.99021397452
2026-07-15,226441.99021397452
2026-07-16,226441.99021397452
2026-07-17,226441.99021397452
2026-07-18,226441.99021397452
2026-07-19,226441.99021397452
2026-07-20,226441.99021397452
2026-07-21,226441.99021397452
2026-07-22,226441.99021397452
2026-07-23,226441.99021397452
2026-07-24,226441.99021397452
2026-07-25,226441.99021397452
2026-07-26,226441.99021397452
2026-07-27,226441.99021397452
2026-07-28,227154.67340087218
