date,equity
2016-01-01,100000.0
2016-01-02,100000.0
2016-01-03,100000.0
2016-01-04,100000.0
2016-01-05,100000.0
2016-01-06,100000.0
2016-01-07,100000.0
2016-01-08,100000.0
2016-01-09,100000.0
2016-01-10,100000.0
2016-01-11,100000.0
2016-01-12,100000.0
2016-01-13,100000.0
2016-01-14,100000.0
2016-01-15,100000.0
2016-01-16,100000.0
2016-01-17,100000.0
2016-01-18,100000.0
2016-01-19,100000.0
2016-01-20,100000.0
2016-01-21,100000.0
2016-01-22,100000.0
2016-01-23,100000.0
2016-01-24,100000.0
2016-01-25,100000.0
2016-01-26,100000.0
2016-01-27,100000.0
2016-01-28,100000.0
2016-01-29,100000.0
2016-01-30,100000.0
2016-01-31,100000.0
2016-02-01,100000.0
2016-02-02,100000.0
2016-02-03,100000.0
2016-02-04,100000.0
2016-02-05,100000.0
2016-02-06,100000.0
2016-02-07,100000.0
2016-02-08,100000.0
2016-02-09,100000.0
2016-02-10,100000.0
2016-02-11,100000.0
2016-02-12,100000.0
2016-02-13,100000.0
2016-02-14,100000.0
2016-02-15,100000.0
2016-02-16,100000.0
2016-02-17,100000.0
2016-02-18,100000.0
2016-02-19,100000.0
2016-02-20,100000.0
2016-02-21,100000.0
2016-02-22,100000.0
2016-02-23,100000.0
2016-02-24,100000.0
2016-02-25,100000.0
2016-02-26,100000.0
2016-02-27,100000.0
2016-02-28,100000.0
2016-02-29,100000.0
2016-03-01,100000.0
2016-03-02,100000.0
2016-03-03,100000.0
2016-03-04,100000.0
2016-03-05,100000.0
2016-03-06,100000.0
2016-03-07,100000.0
2016-03-08,100000.0
2016-03-09,100000.0
2016-03-10,100000.0
2016-03-11,100000.0
2016-03-12,100000.0
2016-03-13,100000.0
2016-03-14,100000.0
2016-03-15,100000.0
2016-03-16,100000.0
2016-03-17,100000.0
2016-03-18,100000.0
2016-03-19,100000.0
2016-03-20,100000.0
2016-03-21,100000.0
2016-03-22,100000.0
2016-03-23,100000.0
2016-03-24,100000.0
2016-03-25,100000.0
2016-03-26,100000.0
2016-03-27,100000.0
2016-03-28,100000.0
2016-03-29,100000.0
2016-03-30,100000.0
2016-03-31,100000.0
2016-04-01,100000.0
2016-04-02,100000.0
2016-04-03,100000.0
2016-04-04,100000.0
2016-04-05,100000.0
2016-04-06,100000.0
2016-04-07,100000.0
2016-04-08,100000.0
2016-04-09,100000.0
2016-04-10,100000.0
2016-04-11,100000.0
2016-04-12,100000.0
2016-04-13,100000.0
2016-04-14,100000.0
2016-04-15,100000.0
2016-04-16,100000.0
2016-04-17,100000.0
2016-04-18,100000.0
2016-04-19,100000.0
2016-04-20,100000.0
2016-04-21,100000.0
2016-04-22,100000.0
2016-04-23,100000.0
2016-04-24,100000.0
2016-04-25,100000.0
2016-04-26,100000.0
2016-04-27,100000.0
2016-04-28,100000.0
2016-04-29,100000.0
2016-04-30,100000.0
2016-05-01,100000.0
2016-05-02,100000.0
2016-05-03,100000.0
2016-05-04,100000.0
2016-05-05,100000.0
2016-05-06,100000.0
2016-05-07,100000.0
2016-05-08,100000.0
2016-05-09,100000.0
2016-05-10,100000.0
2016-05-11,100000.0
2016-05-12,100000.0
2016-05-13,100000.0
2016-05-14,100000.0
2016-05-15,100000.0
2016-05-16,100000.0
2016-05-17,100000.0
2016-05-18,100000.0
2016-05-19,100000.0
2016-05-20,100000.0
2016-05-21,100000.0
2016-05-22,100000.0
2016-05-23,100000.0
2016-05-24,100000.0
2016-05-25,100000.0
2016-05-26,100000.0
2016-05-27,100000.0
2016-05-28,100000.0
2016-05-29,100000.0
2016-05-30,100000.0
2016-05-31,100000.0
2016-06-01,100000.0
2016-06-02,100000.0
2016-06-03,100000.0
2016-06-04,100000.0
2016-06-05,100000.0
2016-06-06,100000.0
2016-06-07,100000.0
2016-06-08,100000.0
2016-06-09,100000.0
2016-06-10,100000.0
2016-06-11,100000.0
2016-06-12,100000.0
2016-06-13,100000.0
2016-06-14,100000.0
2016-06-15,100000.0
2016-06-16,100000.0
2016-06-17,100000.0
2016-06-18,100000.0
2016-06-19,100000.0
2016-06-20,100000.0
2016-06-21,100000.0
2016-06-22,100000.0
2016-06-23,100000.0
2016-06-24,100000.0
2016-06-25,100000.0
2016-06-26,100000.0
2016-06-27,100000.0
2016-06-28,100000.0
2016-06-29,100000.0
2016-06-30,100000.0
2016-07-01,100000.0
2016-07-02,100000.0
2016-07-03,100000.0
2016-07-04,100000.0
2016-07-05,100000.0
2016-07-06,100000.0
2016-07-07,100000.0
2016-07-08,100000.0
2016-07-09,100000.0
2016-07-10,100000.0
2016-07-11,100000.0
2016-07-12,100000.0
2016-07-13,100000.0
2016-07-14,100000.0
2016-07-15,100000.0
2016-07-16,100000.0
2016-07-17,100000.0
2016-07-18,100000.0
2016-07-19,100000.0
2016-07-20,100000.0
2016-07-21,100000.0
2016-07-22,100000.0
2016-07-23,100000.0
2016-07-24,100000.0
2016-07-25,100000.0
2016-07-26,100000.0
2016-07-27,100000.0
2016-07-28,100000.0
2016-07-29,100000.0
2016-07-30,100000.0
2016-07-31,100000.0
2016-08-01,100000.0
2016-08-02,100000.0
2016-08-03,100000.0
2016-08-04,100000.0
2016-08-05,100000.0
2016-08-06,100000.0
2016-08-07,100000.0
2016-08-08,100000.0
2016-08-09,100000.0
2016-08-10,100000.0
2016-08-11,100000.0
2016-08-12,100000.0
2016-08-13,100000.0
2016-08-14,100000.0
2016-08-15,100000.0
2016-08-16,100000.0
2016-08-17,100000.0
2016-08-18,100000.0
2016-08-19,100000.0
2016-08-20,100000.0
2016-08-21,100000.0
2016-08-22,100000.0
2016-08-23,100000.0
2016-08-24,100000.0
2016-08-25,100000.0
2016-08-26,100000.0
2016-08-27,100000.0
2016-08-28,100000.0
2016-08-29,100000.0
2016-08-30,100000.0
2016-08-31,100000.0
2016-09-01,100000.0
2016-09-02,100000.0
2016-09-03,100000.0
2016-09-04,100000.0
2016-09-05,100000.0
2016-09-06,100000.0
2016-09-07,100000.0
2016-09-08,100000.0
2016-09-09,100000.0
2016-09-10,100000.0
2016-09-11,100000.0
2016-09-12,100000.0
2016-09-13,100000.0
2016-09-14,100000.0
2016-09-15,100000.0
2016-09-16,100000.0
2016-09-17,100000.0
2016-09-18,100000.0
2016-09-19,100000.0
2016-09-20,100000.0
2016-09-21,100000.0
2016-09-22,100000.0
2016-09-23,100000.0
2016-09-24,100000.0
2016-09-25,100000.0
2016-09-26,100000.0
2016-09-27,100000.0
2016-09-28,100000.0
2016-09-29,100000.0
2016-09-30,100000.0
2016-10-01,100000.0
2016-10-02,100000.0
2016-10-03,100000.0
2016-10-04,100000.0
2016-10-05,100000.0
2016-10-06,100000.0
2016-10-07,100000.0
2016-10-08,100000.0
2016-10-09,100000.0
2016-10-10,100000.0
2016-10-11,100000.0
2016-10-12,100000.0
2016-10-13,100000.0
2016-10-14,100000.0
2016-10-15,100000.0
2016-10-16,100000.0
2016-10-17,100000.0
2016-10-18,100000.0
2016-10-19,100000.0
2016-10-20,100000.0
2016-10-21,100000.0
2016-10-22,100000.0
2016-10-23,100000.0
2016-10-24,100000.0
2016-10-25,100000.0
2016-10-26,100000.0
2016-10-27,100000.0
2016-10-28,100000.0
2016-10-29,100000.0
2016-10-30,100000.0
2016-10-31,100000.0
2016-11-01,100000.0
2016-11-02,100000.0
2016-11-03,100000.0
2016-11-04,100000.0
2016-11-05,100000.0
2016-11-06,100000.0
2016-11-07,100000.0
2016-11-08,100000.0
2016-11-09,100000.0
2016-11-10,100000.0
2016-11-11,100000.0
2016-11-12,100000.0
2016-11-13,100000.0
2016-11-14,100000.0
2016-11-15,100000.0
2016-11-16,100000.0
2016-11-17,100000.0
2016-11-18,100000.0
2016-11-19,100000.0
2016-11-20,100000.0
2016-11-21,100000.0
2016-11-22,100000.0
2016-11-23,100000.0
2016-11-24,100000.0
2016-11-25,100000.0
2016-11-26,100000.0
2016-11-27,100000.0
2016-11-28,100000.0
2016-11-29,100000.0
2016-11-30,100000.0
2016-12-01,100000.0
2016-12-02,100000.0
2016-12-03,100000.0
2016-12-04,100000.0
2016-12-05,100000.0
2016-12-06,100000.0
2016-12-07,100000.0
2016-12-08,100000.0
2016-12-09,100000.0
2016-12-10,100000.0
2016-12-11,100000.0
2016-12-12,100000.0
2016-12-13,100000.0
2016-12-14,100000.0
2016-12-15,107614.85932805284
2016-12-16,107614.85932805284
2016-12-17,107614.85932805284
2016-12-18,107614.85932805284
2016-12-19,107614.85932805284
2016-12-20,110877.68396165199
2016-12-21,110877.68396165199
2016-12-22,110877.68396165199
2016-12-23,110877.68396165199
2016-12-24,110877.68396165199
2016-12-25,110877.68396165199
2016-12-26,110877.68396165199
2016-12-27,110877.68396165199
2016-12-28,110877.68396165199
2016-12-29,110877.68396165199
2016-12-30,110877.68396165199
2016-12-31,110877.68396165199
2017-01-01,110877.68396165199
2017-01-02,110877.68396165199
2017-01-03,110877.68396165199
2017-01-04,110877.68396165199
2017-01-05,110877.68396165199
2017-01-06,110877.68396165199
2017-01-07,110877.68396165199
2017-01-08,110877.68396165199
2017-01-09,110877.68396165199
2017-01-10,110877.68396165199
2017-01-11,110877.68396165199
2017-01-12,110877.68396165199
2017-01-13,110877.68396165199
2017-01-14,110877.68396165199
2017-01-15,110877.68396165199
2017-01-16,110877.68396165199
2017-01-17,110877.68396165199
2017-01-18,110877.68396165199
2017-01-19,110877.68396165199
2017-01-20,110877.68396165199
2017-01-21,110877.68396165199
2017-01-22,110877.68396165199
2017-01-23,110877.68396165199
2017-01-24,110877.68396165199
2017-01-25,110877.68396165199
2017-01-26,110877.68396165199
2017-01-27,108419.8101871349
2017-01-28,108419.8101871349
2017-01-29,108419.8101871349
2017-01-30,105927.89347556033
2017-01-31,105927.89347556033
2017-02-01,105927.89347556033
2017-02-02,105927.89347556033
2017-02-03,105927.89347556033
2017-02-04,105927.89347556033
2017-02-05,105927.89347556033
2017-02-06,105927.89347556033
2017-02-07,105927.89347556033
2017-02-08,105927.89347556033
2017-02-09,105927.89347556033
2017-02-10,105927.89347556033
2017-02-11,105927.89347556033
2017-02-12,105927.89347556033
2017-02-13,105927.89347556033
2017-02-14,105927.89347556033
2017-02-15,105927.89347556033
2017-02-16,105927.89347556033
2017-02-17,105927.89347556033
2017-02-18,105927.89347556033
2017-02-19,105927.89347556033
2017-02-20,105927.89347556033
2017-02-21,105927.89347556033
2017-02-22,105927.89347556033
2017-02-23,103313.76651376569
2017-02-24,103313.76651376569
2017-02-25,103313.76651376569
2017-02-26,103313.76651376569
2017-02-27,103313.76651376569
2017-02-28,103313.76651376569
2017-03-01,103313.76651376569
2017-03-02,103313.76651376569
2017-03-03,103313.76651376569
2017-03-04,103313.76651376569
2017-03-05,103313.76651376569
2017-03-06,103313.76651376569
2017-03-07,103313.76651376569
2017-03-08,103313.76651376569
2017-03-09,103313.76651376569
2017-03-10,103313.76651376569
2017-03-11,103313.76651376569
2017-03-12,103313.76651376569
2017-03-13,103313.76651376569
2017-03-14,103313.76651376569
2017-03-15,103313.76651376569
2017-03-16,103313.76651376569
2017-03-17,103313.76651376569
2017-03-18,103313.76651376569
2017-03-19,103313.76651376569
2017-03-20,103313.76651376569
2017-03-21,103313.76651376569
2017-03-22,103313.76651376569
2017-03-23,103313.76651376569
2017-03-24,103313.76651376569
2017-03-25,103313.76651376569
2017-03-26,103313.76651376569
2017-03-27,103313.76651376569
2017-03-28,103313.76651376569
2017-03-29,103313.76651376569
2017-03-30,103313.76651376569
2017-03-31,103313.76651376569
2017-04-01,103313.76651376569
2017-04-02,103313.76651376569
2017-04-03,103313.76651376569
2017-04-04,103313.76651376569
2017-04-05,103313.76651376569
2017-04-06,103313.76651376569
2017-04-07,103313.76651376569
2017-04-08,103313.76651376569
2017-04-09,103313.76651376569
2017-04-10,103313.76651376569
2017-04-11,103313.76651376569
2017-04-12,103313.76651376569
2017-04-13,103313.76651376569
2017-04-14,103313.76651376569
2017-04-15,103313.76651376569
2017-04-16,103313.76651376569
2017-04-17,103313.76651376569
2017-04-18,103313.76651376569
2017-04-19,103313.76651376569
2017-04-20,103313.76651376569
2017-04-21,103313.76651376569
2017-04-22,103313.76651376569
2017-04-23,103313.76651376569
2017-04-24,103313.76651376569
2017-04-25,103313.76651376569
2017-04-26,103313.76651376569
2017-04-27,103313.76651376569
2017-04-28,103313.76651376569
2017-04-29,103313.76651376569
2017-04-30,103313.76651376569
2017-05-01,103313.76651376569
2017-05-02,103313.76651376569
2017-05-03,103313.76651376569
2017-05-04,103313.76651376569
2017-05-05,103313.76651376569
2017-05-06,103313.76651376569
2017-05-07,103313.76651376569
2017-05-08,103313.76651376569
2017-05-09,103313.76651376569
2017-05-10,103313.76651376569
2017-05-11,103313.76651376569
2017-05-12,103313.76651376569
2017-05-13,103313.76651376569
2017-05-14,103313.76651376569
2017-05-15,103313.76651376569
2017-05-16,103313.76651376569
2017-05-17,103313.76651376569
2017-05-18,103313.76651376569
2017-05-19,103313.76651376569
2017-05-20,103313.76651376569
2017-05-21,103313.76651376569
2017-05-22,103313.76651376569
2017-05-23,103313.76651376569
2017-05-24,103313.76651376569
2017-05-25,103313.76651376569
2017-05-26,107755.14812845392
2017-05-27,107755.14812845392
2017-05-28,107755.14812845392
2017-05-29,107755.14812845392
2017-05-30,107755.14812845392
2017-05-31,107755.14812845392
2017-06-01,107755.14812845392
2017-06-02,107755.14812845392
2017-06-03,107755.14812845392
2017-06-04,107755.14812845392
2017-06-05,107755.14812845392
2017-06-06,112607.45715035257
2017-06-07,112607.45715035257
2017-06-08,110103.24878596807
2017-06-09,110103.24878596807
2017-06-10,110103.24878596807
2017-06-11,110103.24878596807
2017-06-12,110103.24878596807
2017-06-13,110103.24878596807
2017-06-14,110103.24878596807
2017-06-15,110103.24878596807
2017-06-16,110103.24878596807
2017-06-17,110103.24878596807
2017-06-18,110103.24878596807
2017-06-19,110103.24878596807
2017-06-20,110103.24878596807
2017-06-21,110103.24878596807
2017-06-22,110103.24878596807
2017-06-23,110103.24878596807
2017-06-24,110103.24878596807
2017-06-25,110103.24878596807
2017-06-26,110103.24878596807
2017-06-27,110103.24878596807
2017-06-28,110103.24878596807
2017-06-29,110103.24878596807
2017-06-30,110103.24878596807
2017-07-01,110103.24878596807
2017-07-02,110103.24878596807
2017-07-03,110103.24878596807
2017-07-04,110103.24878596807
2017-07-05,110103.24878596807
2017-07-06,110103.24878596807
2017-07-07,110103.24878596807
2017-07-08,110103.24878596807
2017-07-09,110103.24878596807
2017-07-10,110103.24878596807
2017-07-11,110103.24878596807
2017-07-12,110103.24878596807
2017-07-13,110103.24878596807
2017-07-14,110103.24878596807
2017-07-15,110103.24878596807
2017-07-16,110103.24878596807
2017-07-17,110103.24878596807
2017-07-18,112314.03082766937
2017-07-19,112314.03082766937
2017-07-20,112314.03082766937
2017-07-21,117284.1847231929
2017-07-22,117284.1847231929
2017-07-23,117284.1847231929
2017-07-24,117284.1847231929
2017-07-25,114651.30375974045
2017-07-26,114651.30375974045
2017-07-27,114651.30375974045
2017-07-28,114651.30375974045
2017-07-29,114651.30375974045
2017-07-30,114651.30375974045
2017-07-31,114651.30375974045
2017-08-01,114651.30375974045
2017-08-02,114651.30375974045
2017-08-03,114651.30375974045
2017-08-04,114651.30375974045
2017-08-05,114651.30375974045
2017-08-06,114651.30375974045
2017-08-07,114651.30375974045
2017-08-08,114651.30375974045
2017-08-09,114651.30375974045
2017-08-10,121257.8020751422
2017-08-11,121257.8020751422
2017-08-12,121257.8020751422
2017-08-13,121257.8020751422
2017-08-14,121257.8020751422
2017-08-15,121257.8020751422
2017-08-16,121257.8020751422
2017-08-17,121257.8020751422
2017-08-18,121257.8020751422
2017-08-19,121257.8020751422
2017-08-20,121257.8020751422
2017-08-21,121257.8020751422
2017-08-22,121257.8020751422
2017-08-23,121257.8020751422
2017-08-24,118319.38549575506
2017-08-25,118319.38549575506
2017-08-26,118319.38549575506
2017-08-27,118319.38549575506
2017-08-28,136887.0274938556
2017-08-29,136887.0274938556
2017-08-30,136887.0274938556
2017-08-31,136887.0274938556
2017-09-01,136887.0274938556
2017-09-02,136887.0274938556
2017-09-03,136887.0274938556
2017-09-04,136571.1891960441
2017-09-05,136571.1891960441
2017-09-06,136571.1891960441
2017-09-07,136571.1891960441
2017-09-08,133669.23794005072
2017-09-09,133669.23794005072
2017-09-10,133669.23794005072
2017-09-11,133669.23794005072
2017-09-12,133669.23794005072
2017-09-13,133669.23794005072
2017-09-14,133669.23794005072
2017-09-15,133669.23794005072
2017-09-16,133669.23794005072
2017-09-17,133669.23794005072
2017-09-18,133669.23794005072
2017-09-19,133669.23794005072
2017-09-20,133669.23794005072
2017-09-21,133669.23794005072
2017-09-22,133669.23794005072
2017-09-23,133669.23794005072
2017-09-24,133669.23794005072
2017-09-25,133669.23794005072
2017-09-26,133669.23794005072
2017-09-27,133669.23794005072
2017-09-28,133669.23794005072
2017-09-29,133669.23794005072
2017-09-30,133669.23794005072
2017-10-01,133669.23794005072
2017-10-02,133669.23794005072
2017-10-03,133669.23794005072
2017-10-04,133669.23794005072
2017-10-05,133669.23794005072
2017-10-06,133669.23794005072
2017-10-07,133669.23794005072
2017-10-08,133669.23794005072
2017-10-09,133669.23794005072
2017-10-10,133669.23794005072
2017-10-11,133669.23794005072
2017-10-12,130703.12011157529
2017-10-13,130703.12011157529
2017-10-14,130703.12011157529
2017-10-15,130703.12011157529
2017-10-16,131071.03506466864
2017-10-17,131071.03506466864
2017-10-18,131071.03506466864
2017-10-19,131071.03506466864
2017-10-20,131071.03506466864
2017-10-21,131071.03506466864
2017-10-22,131071.03506466864
2017-10-23,131071.03506466864
2017-10-24,131071.03506466864
2017-10-25,131071.03506466864
2017-10-26,131071.03506466864
2017-10-27,131071.03506466864
2017-10-28,131071.03506466864
2017-10-29,131071.03506466864
2017-10-30,131071.03506466864
2017-10-31,131071.03506466864
2017-11-01,131071.03506466864
2017-11-02,131071.03506466864
2017-11-03,131071.03506466864
2017-11-04,131071.03506466864
2017-11-05,131071.03506466864
2017-11-06,131071.03506466864
2017-11-07,131071.03506466864
2017-11-08,131071.03506466864
2017-11-09,131071.03506466864
2017-11-10,131071.03506466864
2017-11-11,131071.03506466864
2017-11-12,131071.03506466864
2017-11-13,131071.03506466864
2017-11-14,131071.03506466864
2017-11-15,131071.03506466864
2017-11-16,131071.03506466864
2017-11-17,131071.03506466864
2017-11-18,131071.03506466864
2017-11-19,131071.03506466864
2017-11-20,131071.03506466864
2017-11-21,131071.03506466864
2017-11-22,131071.03506466864
2017-11-23,131071.03506466864
2017-11-24,131071.03506466864
2017-11-25,131071.03506466864
2017-11-26,131071.03506466864
2017-11-27,137348.01490905008
2017-11-28,137348.01490905008
2017-11-29,137348.01490905008
2017-11-30,137348.01490905008
2017-12-01,137348.01490905008
2017-12-02,137348.01490905008
2017-12-03,137348.01490905008
2017-12-04,137348.01490905008
2017-12-05,137348.01490905008
2017-12-06,137348.01490905008
2017-12-07,141462.40478297762
2017-12-08,141462.40478297762
2017-12-09,141462.40478297762
2017-12-10,141462.40478297762
2017-12-11,141462.40478297762
2017-12-12,141462.40478297762
2017-12-13,141462.40478297762
2017-12-14,141462.40478297762
2017-12-15,141462.40478297762
2017-12-16,141462.40478297762
2017-12-17,141462.40478297762
2017-12-18,141462.40478297762
2017-12-19,141462.40478297762
2017-12-20,141462.40478297762
2017-12-21,141462.40478297762
2017-12-22,141462.40478297762
2017-12-23,141462.40478297762
2017-12-24,141462.40478297762
2017-12-25,141462.40478297762
2017-12-26,137926.28645729672
2017-12-27,137926.28645729672
2017-12-28,137926.28645729672
2017-12-29,137926.28645729672
2017-12-30,137926.28645729672
2017-12-31,137926.28645729672
2018-01-01,137926.28645729672
2018-01-02,144093.56183745846
2018-01-03,144093.56183745846
2018-01-04,144093.56183745846
2018-01-05,144093.56183745846
2018-01-06,144093.56183745846
2018-01-07,144093.56183745846
2018-01-08,144093.56183745846
2018-01-09,144093.56183745846
2018-01-10,144093.56183745846
2018-01-11,144093.56183745846
2018-01-12,144093.56183745846
2018-01-13,144093.56183745846
2018-01-14,144093.56183745846
2018-01-15,144093.56183745846
2018-01-16,144093.56183745846
2018-01-17,144093.56183745846
2018-01-18,140889.78373259984
2018-01-19,140889.78373259984
2018-01-20,140889.78373259984
2018-01-21,140889.78373259984
2018-01-22,140889.78373259984
2018-01-23,140889.78373259984
2018-01-24,153953.4082762327
2018-01-25,153953.4082762327
2018-01-26,153953.4082762327
2018-01-27,153953.4082762327
2018-01-28,153953.4082762327
2018-01-29,153953.4082762327
2018-01-30,153953.4082762327
2018-01-31,153953.4082762327
2018-02-01,153953.4082762327
2018-02-02,153953.4082762327
2018-02-03,153953.4082762327
2018-02-04,153953.4082762327
2018-02-05,153953.4082762327
2018-02-06,153953.4082762327
2018-02-07,153953.4082762327
2018-02-08,153953.4082762327
2018-02-09,153953.4082762327
2018-02-10,153953.4082762327
2018-02-11,153953.4082762327
2018-02-12,153953.4082762327
2018-02-13,153953.4082762327
2018-02-14,153953.4082762327
2018-02-15,153953.4082762327
2018-02-16,153953.4082762327
2018-02-17,153953.4082762327
2018-02-18,153953.4082762327
2018-02-19,153953.4082762327
2018-02-20,153953.4082762327
2018-02-21,153953.4082762327
2018-02-22,153953.4082762327
2018-02-23,153953.4082762327
2018-02-24,153953.4082762327
2018-02-25,153953.4082762327
2018-02-26,153953.4082762327
2018-02-27,153953.4082762327
2018-02-28,153953.4082762327
2018-03-01,153953.4082762327
2018-03-02,153953.4082762327
2018-03-03,153953.4082762327
2018-03-04,153953.4082762327
2018-03-05,153953.4082762327
2018-03-06,150410.2755793553
2018-03-07,150410.2755793553
2018-03-08,150410.2755793553
2018-03-09,150410.2755793553
2018-03-10,150410.2755793553
2018-03-11,150410.2755793553
2018-03-12,150410.2755793553
2018-03-13,150410.2755793553
2018-03-14,147149.27968864318
2018-03-15,143422.02078540367
2018-03-16,143422.02078540367
2018-03-17,143422.02078540367
2018-03-18,143422.02078540367
2018-03-19,143422.02078540367
2018-03-20,143422.02078540367
2018-03-21,143422.02078540367
2018-03-22,143422.02078540367
2018-03-23,149588.86056564096
2018-03-24,149588.86056564096
2018-03-25,149588.86056564096
2018-03-26,149588.86056564096
2018-03-27,149588.86056564096
2018-03-28,149588.86056564096
2018-03-29,149588.86056564096
2018-03-30,149588.86056564096
2018-03-31,149588.86056564096
2018-04-01,149588.86056564096
2018-04-02,149588.86056564096
2018-04-03,149588.86056564096
2018-04-04,149588.86056564096
2018-04-05,149588.86056564096
2018-04-06,149588.86056564096
2018-04-07,149588.86056564096
2018-04-08,149588.86056564096
2018-04-09,149588.86056564096
2018-04-10,149588.86056564096
2018-04-11,173219.31543583816
2018-04-12,173219.31543583816
2018-04-13,173219.31543583816
2018-04-14,173219.31543583816
2018-04-15,173219.31543583816
2018-04-16,173219.31543583816
2018-04-17,173219.31543583816
2018-04-18,173219.31543583816
2018-04-19,173219.31543583816
2018-04-20,173219.31543583816
2018-04-21,173219.31543583816
2018-04-22,173219.31543583816
2018-04-23,169213.40723439492
2018-04-24,169213.40723439492
2018-04-25,169213.40723439492
2018-04-26,169213.40723439492
2018-04-27,169213.40723439492
2018-04-28,169213.40723439492
2018-04-29,169213.40723439492
2018-04-30,169213.40723439492
2018-05-01,169213.40723439492
2018-05-02,169213.40723439492
2018-05-03,169213.40723439492
2018-05-04,169213.40723439492
2018-05-05,169213.40723439492
2018-05-06,169213.40723439492
2018-05-07,169213.40723439492
2018-05-08,169213.40723439492
2018-05-09,169213.40723439492
2018-05-10,169213.40723439492
2018-05-11,169213.40723439492
2018-05-12,169213.40723439492
2018-05-13,169213.40723439492
2018-05-14,169213.40723439492
2018-05-15,169213.40723439492
2018-05-16,169213.40723439492
2018-05-17,169213.40723439492
2018-05-18,169213.40723439492
2018-05-19,169213.40723439492
2018-05-20,169213.40723439492
2018-05-21,167768.28776844082
2018-05-22,167768.28776844082
2018-05-23,167768.28776844082
2018-05-24,167768.28776844082
2018-05-25,167768.28776844082
2018-05-26,167768.28776844082
2018-05-27,167768.28776844082
2018-05-28,163871.95212103336
2018-05-29,163871.95212103336
2018-05-30,163871.95212103336
2018-05-31,163871.95212103336
2018-06-01,163871.95212103336
2018-06-02,163871.95212103336
2018-06-03,163871.95212103336
2018-06-04,160191.50797041453
2018-06-05,160191.50797041453
2018-06-06,160191.50797041453
2018-06-07,160191.50797041453
2018-06-08,160191.50797041453
2018-06-09,160191.50797041453
2018-06-10,160191.50797041453
2018-06-11,160191.50797041453
2018-06-12,160191.50797041453
2018-06-13,160191.50797041453
2018-06-14,160191.50797041453
2018-06-15,160191.50797041453
2018-06-16,160191.50797041453
2018-06-17,160191.50797041453
2018-06-18,160191.50797041453
2018-06-19,160191.50797041453
2018-06-20,160191.50797041453
2018-06-21,157940.84797145848
2018-06-22,157940.84797145848
2018-06-23,157940.84797145848
2018-06-24,157940.84797145848
2018-06-25,157922.89674797232
2018-06-26,157922.89674797232
2018-06-27,157922.89674797232
2018-06-28,154151.14601010797
2018-06-29,154151.14601010797
2018-06-30,154151.14601010797
2018-07-01,154151.14601010797
2018-07-02,160947.53006035366
2018-07-03,160947.53006035366
2018-07-04,160947.53006035366
2018-07-05,160947.53006035366
2018-07-06,160947.53006035366
2018-07-07,160947.53006035366
2018-07-08,160947.53006035366
2018-07-09,160947.53006035366
2018-07-10,160947.53006035366
2018-07-11,160947.53006035366
2018-07-12,160947.53006035366
2018-07-13,163086.45066879748
2018-07-14,163086.45066879748
2018-07-15,163086.45066879748
2018-07-16,163086.45066879748
2018-07-17,163086.45066879748
2018-07-18,162948.05889672335
2018-07-19,162948.05889672335
2018-07-20,162948.05889672335
2018-07-21,162948.05889672335
2018-07-22,162948.05889672335
2018-07-23,162948.05889672335
2018-07-24,162948.05889672335
2018-07-25,162948.05889672335
2018-07-26,162948.05889672335
2018-07-27,162948.05889672335
2018-07-28,162948.05889672335
2018-07-29,162948.05889672335
2018-07-30,162948.05889672335
2018-07-31,162948.05889672335
2018-08-01,162948.05889672335
2018-08-02,167002.9379861006
2018-08-03,167002.9379861006
2018-08-04,167002.9379861006
2018-08-05,167002.9379861006
2018-08-06,170190.36498054152
2018-08-07,170190.36498054152
2018-08-08,170190.36498054152
2018-08-09,170190.36498054152
2018-08-10,170190.36498054152
2018-08-11,170190.36498054152
2018-08-12,170190.36498054152
2018-08-13,170190.36498054152
2018-08-14,170190.36498054152
2018-08-15,174321.61980862136
2018-08-16,174321.61980862136
2018-08-17,174321.61980862136
2018-08-18,174321.61980862136
2018-08-19,174321.61980862136
2018-08-20,174321.61980862136
2018-08-21,174321.61980862136
2018-08-22,174321.61980862136
2018-08-23,174321.61980862136
2018-08-24,174321.61980862136
2018-08-25,174321.61980862136
2018-08-26,174321.61980862136
2018-08-27,174321.61980862136
2018-08-28,174321.61980862136
2018-08-29,174321.61980862136
2018-08-30,174321.61980862136
2018-08-31,174321.61980862136
2018-09-01,174321.61980862136
2018-09-02,174321.61980862136
2018-09-03,174321.61980862136
2018-09-04,174321.61980862136
2018-09-05,174321.61980862136
2018-09-06,170321.15388555275
2018-09-07,170321.15388555275
2018-09-08,170321.15388555275
2018-09-09,170321.15388555275
2018-09-10,166557.38246504473
2018-09-11,166557.38246504473
2018-09-12,166557.38246504473
2018-09-13,166557.38246504473
2018-09-14,166557.38246504473
2018-09-15,166557.38246504473
2018-09-16,166557.38246504473
2018-09-17,166557.38246504473
2018-09-18,166557.38246504473
2018-09-19,166557.38246504473
2018-09-20,166557.38246504473
2018-09-21,166557.38246504473
2018-09-22,166557.38246504473
2018-09-23,166557.38246504473
2018-09-24,166557.38246504473
2018-09-25,166557.38246504473
2018-09-26,166557.38246504473
2018-09-27,166557.38246504473
2018-09-28,166557.38246504473
2018-09-29,166557.38246504473
2018-09-30,166557.38246504473
2018-10-01,166557.38246504473
2018-10-02,166557.38246504473
2018-10-03,166557.38246504473
2018-10-04,166557.38246504473
2018-10-05,166557.38246504473
2018-10-06,166557.38246504473
2018-10-07,166557.38246504473
2018-10-08,166557.38246504473
2018-10-09,166557.38246504473
2018-10-10,166557.38246504473
2018-10-11,166557.38246504473
2018-10-12,166557.38246504473
2018-10-13,166557.38246504473
2018-10-14,166557.38246504473
2018-10-15,166557.38246504473
2018-10-16,166557.38246504473
2018-10-17,166557.38246504473
2018-10-18,166557.38246504473
2018-10-19,166557.38246504473
2018-10-20,166557.38246504473
2018-10-21,166557.38246504473
2018-10-22,166557.38246504473
2018-10-23,166557.38246504473
2018-10-24,166557.38246504473
2018-10-25,166557.38246504473
2018-10-26,166557.38246504473
2018-10-27,166557.38246504473
2018-10-28,166557.38246504473
2018-10-29,166557.38246504473
2018-10-30,166965.3469038762
2018-10-31,166965.3469038762
2018-11-01,166965.3469038762
2018-11-02,166965.3469038762
2018-11-03,166965.3469038762
2018-11-04,166965.3469038762
2018-11-05,166965.3469038762
2018-11-06,166965.3469038762
2018-11-07,166965.3469038762
2018-11-08,166965.3469038762
2018-11-09,166965.3469038762
2018-11-10,166965.3469038762
2018-11-11,166965.3469038762
2018-11-12,170859.96477288194
2018-11-13,168672.123760546
2018-11-14,168672.123760546
2018-11-15,168672.123760546
2018-11-16,168672.123760546
2018-11-17,168672.123760546
2018-11-18,168672.123760546
2018-11-19,168672.123760546
2018-11-20,168672.123760546
2018-11-21,168672.123760546
2018-11-22,168672.123760546
2018-11-23,168672.123760546
2018-11-24,168672.123760546
2018-11-25,168672.123760546
2018-11-26,168672.123760546
2018-11-27,168672.123760546
2018-11-28,168672.123760546
2018-11-29,168672.123760546
2018-11-30,168672.123760546
2018-12-01,168672.123760546
2018-12-02,168672.123760546
2018-12-03,168672.123760546
2018-12-04,168672.123760546
2018-12-05,168672.123760546
2018-12-06,168672.123760546
2018-12-07,168672.123760546
2018-12-08,168672.123760546
2018-12-09,168672.123760546
2018-12-10,168672.123760546
2018-12-11,168672.123760546
2018-12-12,168672.123760546
2018-12-13,168672.123760546
2018-12-14,168672.123760546
2018-12-15,168672.123760546
2018-12-16,168672.123760546
2018-12-17,168672.123760546
2018-12-18,168672.123760546
2018-12-19,168672.123760546
2018-12-20,168672.123760546
2018-12-21,168672.123760546
2018-12-22,168672.123760546
2018-12-23,168672.123760546
2018-12-24,168672.123760546
2018-12-25,168672.123760546
2018-12-26,174599.35441683707
2018-12-27,174599.35441683707
2018-12-28,170277.42387316164
2018-12-29,170277.42387316164
2018-12-30,170277.42387316164
2018-12-31,170277.42387316164
2019-01-01,170277.42387316164
2019-01-02,170326.82977012175
2019-01-03,166411.85487689797
2019-01-04,166411.85487689797
2019-01-05,166411.85487689797
2019-01-06,166411.85487689797
2019-01-07,166411.85487689797
2019-01-08,166411.85487689797
2019-01-09,166411.85487689797
2019-01-10,166411.85487689797
2019-01-11,166411.85487689797
2019-01-12,166411.85487689797
2019-01-13,166411.85487689797
2019-01-14,166411.85487689797
2019-01-15,166411.85487689797
2019-01-16,166411.85487689797
2019-01-17,166411.85487689797
2019-01-18,166411.85487689797
2019-01-19,166411.85487689797
2019-01-20,166411.85487689797
2019-01-21,166411.85487689797
2019-01-22,166411.85487689797
2019-01-23,166411.85487689797
2019-01-24,166411.85487689797
2019-01-25,182921.57609477045
2019-01-26,182921.57609477045
2019-01-27,182921.57609477045
2019-01-28,182921.57609477045
2019-01-29,196166.17215329793
2019-01-30,191673.6323964029
2019-01-31,191673.6323964029
2019-02-01,191673.6323964029
2019-02-02,191673.6323964029
2019-02-03,191673.6323964029
2019-02-04,191673.6323964029
2019-02-05,191673.6323964029
2019-02-06,191673.6323964029
2019-02-07,191673.6323964029
2019-02-08,191673.6323964029
2019-02-09,191673.6323964029
2019-02-10,191673.6323964029
2019-02-11,191673.6323964029
2019-02-12,191673.6323964029
2019-02-13,191673.6323964029
2019-02-14,191673.6323964029
2019-02-15,191673.6323964029
2019-02-16,191673.6323964029
2019-02-17,191673.6323964029
2019-02-18,191673.6323964029
2019-02-19,191673.6323964029
2019-02-20,191673.6323964029
2019-02-21,191673.6323964029
2019-02-22,191673.6323964029
2019-02-23,191673.6323964029
2019-02-24,191673.6323964029
2019-02-25,187033.1128752267
2019-02-26,187033.1128752267
2019-02-27,187033.1128752267
2019-02-28,187033.1128752267
2019-03-01,187033.1128752267
2019-03-02,187033.1128752267
2019-03-03,187033.1128752267
2019-03-04,187033.1128752267
2019-03-05,187033.1128752267
2019-03-06,187033.1128752267
2019-03-07,187033.1128752267
2019-03-08,187033.1128752267
2019-03-09,187033.1128752267
2019-03-10,187033.1128752267
2019-03-11,187033.1128752267
2019-03-12,186675.06459868964
2019-03-13,186675.06459868964
2019-03-14,186675.06459868964
2019-03-15,186675.06459868964
2019-03-16,186675.06459868964
2019-03-17,186675.06459868964
2019-03-18,186675.06459868964
2019-03-19,186675.06459868964
2019-03-20,186675.06459868964
2019-03-21,186675.06459868964
2019-03-22,186675.06459868964
2019-03-23,186675.06459868964
2019-03-24,186675.06459868964
2019-03-25,191460.76423546026
2019-03-26,191460.76423546026
2019-03-27,191460.76423546026
2019-03-28,191460.76423546026
2019-03-29,191460.76423546026
2019-03-30,191460.76423546026
2019-03-31,191460.76423546026
2019-04-01,191460.76423546026
2019-04-02,191460.76423546026
2019-04-03,191460.76423546026
2019-04-04,187051.36481670404
2019-04-05,187051.36481670404
2019-04-06,187051.36481670404
2019-04-07,187051.36481670404
2019-04-08,187051.36481670404
2019-04-09,187051.36481670404
2019-04-10,187051.36481670404
2019-04-11,187051.36481670404
2019-04-12,187051.36481670404
2019-04-13,187051.36481670404
2019-04-14,187051.36481670404
2019-04-15,187051.36481670404
2019-04-16,187051.36481670404
2019-04-17,187051.36481670404
2019-04-18,187051.36481670404
2019-04-19,187051.36481670404
2019-04-20,187051.36481670404
2019-04-21,187051.36481670404
2019-04-22,187051.36481670404
2019-04-23,187051.36481670404
2019-04-24,187051.36481670404
2019-04-25,187051.36481670404
2019-04-26,187051.36481670404
2019-04-27,187051.36481670404
2019-04-28,187051.36481670404
2019-04-29,187051.36481670404
2019-04-30,182879.96337066218
2019-05-01,182879.96337066218
2019-05-02,182879.96337066218
2019-05-03,182879.96337066218
2019-05-04,182879.96337066218
2019-05-05,182879.96337066218
2019-05-06,182879.96337066218
2019-05-07,182879.96337066218
2019-05-08,178526.67237383116
2019-05-09,178526.67237383116
2019-05-10,178526.67237383116
2019-05-11,178526.67237383116
2019-05-12,178526.67237383116
2019-05-13,178526.67237383116
2019-05-14,178526.67237383116
2019-05-15,178526.67237383116
2019-05-16,178526.67237383116
2019-05-17,178526.67237383116
2019-05-18,178526.67237383116
2019-05-19,178526.67237383116
2019-05-20,178526.67237383116
2019-05-21,178526.67237383116
2019-05-22,178526.67237383116
2019-05-23,178526.67237383116
2019-05-24,178526.67237383116
2019-05-25,178526.67237383116
2019-05-26,178526.67237383116
2019-05-27,178526.67237383116
2019-05-28,178526.67237383116
2019-05-29,178526.67237383116
2019-05-30,178526.67237383116
2019-05-31,178526.67237383116
2019-06-01,178526.67237383116
2019-06-02,178526.67237383116
2019-06-03,178526.67237383116
2019-06-04,178526.67237383116
2019-06-05,178526.67237383116
2019-06-06,178526.67237383116
2019-06-07,178526.67237383116
2019-06-08,178526.67237383116
2019-06-09,178526.67237383116
2019-06-10,178526.67237383116
2019-06-11,178526.67237383116
2019-06-12,178526.67237383116
2019-06-13,178526.67237383116
2019-06-14,178526.67237383116
2019-06-15,178526.67237383116
2019-06-16,178526.67237383116
2019-06-17,178526.67237383116
2019-06-18,184702.67449637936
2019-06-19,184702.67449637936
2019-06-20,184702.67449637936
2019-06-21,184702.67449637936
2019-06-22,184702.67449637936
2019-06-23,184702.67449637936
2019-06-24,184702.67449637936
2019-06-25,184702.67449637936
2019-06-26,184702.67449637936
2019-06-27,184702.67449637936
2019-06-28,184702.67449637936
2019-06-29,184702.67449637936
2019-06-30,184702.67449637936
2019-07-01,184702.67449637936
2019-07-02,184702.67449637936
2019-07-03,184702.67449637936
2019-07-04,184702.67449637936
2019-07-05,184702.67449637936
2019-07-06,184702.67449637936
2019-07-07,184702.67449637936
2019-07-08,184702.67449637936
2019-07-09,184702.67449637936
2019-07-10,184702.67449637936
2019-07-11,184702.67449637936
2019-07-12,184702.67449637936
2019-07-13,184702.67449637936
2019-07-14,184702.67449637936
2019-07-15,184702.67449637936
2019-07-16,184702.67449637936
2019-07-17,184702.67449637936
2019-07-18,184702.67449637936
2019-07-19,184702.67449637936
2019-07-20,184702.67449637936
2019-07-21,184702.67449637936
2019-07-22,183292.90191621846
2019-07-23,183292.90191621846
2019-07-24,183292.90191621846
2019-07-25,183292.90191621846
2019-07-26,183292.90191621846
2019-07-27,183292.90191621846
2019-07-28,183292.90191621846
2019-07-29,183292.90191621846
2019-07-30,183292.90191621846
2019-07-31,183292.90191621846
2019-08-01,183292.90191621846
2019-08-02,183292.90191621846
2019-08-03,183292.90191621846
2019-08-04,183292.90191621846
2019-08-05,183292.90191621846
2019-08-06,183292.90191621846
2019-08-07,183292.90191621846
2019-08-08,183292.90191621846
2019-08-09,183292.90191621846
2019-08-10,183292.90191621846
2019-08-11,183292.90191621846
2019-08-12,183292.90191621846
2019-08-13,183292.90191621846
2019-08-14,183292.90191621846
2019-08-15,183292.90191621846
2019-08-16,183292.90191621846
2019-08-17,183292.90191621846
2019-08-18,183292.90191621846
2019-08-19,183292.90191621846
2019-08-20,183292.90191621846
2019-08-21,183292.90191621846
2019-08-22,183292.90191621846
2019-08-23,183292.90191621846
2019-08-24,183292.90191621846
2019-08-25,183292.90191621846
2019-08-26,183292.90191621846
2019-08-27,183292.90191621846
2019-08-28,183292.90191621846
2019-08-29,183292.90191621846
2019-08-30,183292.90191621846
2019-08-31,183292.90191621846
2019-09-01,183292.90191621846
2019-09-02,183292.90191621846
2019-09-03,183292.90191621846
2019-09-04,183292.90191621846
2019-09-05,183292.90191621846
2019-09-06,183292.90191621846
2019-09-07,183292.90191621846
2019-09-08,183292.90191621846
2019-09-09,183292.90191621846
2019-09-10,183292.90191621846
2019-09-11,183292.90191621846
2019-09-12,183292.90191621846
2019-09-13,183292.90191621846
2019-09-14,183292.90191621846
2019-09-15,183292.90191621846
2019-09-16,183292.90191621846
2019-09-17,183292.90191621846
2019-09-18,183292.90191621846
2019-09-19,183292.90191621846
2019-09-20,179375.22467553618
2019-09-21,179375.22467553618
2019-09-22,179375.22467553618
2019-09-23,179375.22467553618
2019-09-24,179375.22467553618
2019-09-25,179375.22467553618
2019-09-26,179375.22467553618
2019-09-27,179375.22467553618
2019-09-28,179375.22467553618
2019-09-29,179375.22467553618
2019-09-30,179375.22467553618
2019-10-01,179375.22467553618
2019-10-02,179375.22467553618
2019-10-03,179375.22467553618
2019-10-04,179375.22467553618
2019-10-05,179375.22467553618
2019-10-06,179375.22467553618
2019-10-07,179375.22467553618
2019-10-08,179375.22467553618
2019-10-09,179375.22467553618
2019-10-10,179375.22467553618
2019-10-11,179375.22467553618
2019-10-12,179375.22467553618
2019-10-13,179375.22467553618
2019-10-14,179375.22467553618
2019-10-15,179375.22467553618
2019-10-16,179375.22467553618
2019-10-17,179375.22467553618
2019-10-18,179375.22467553618
2019-10-19,179375.22467553618
2019-10-20,179375.22467553618
2019-10-21,179375.22467553618
2019-10-22,178207.2620174702
2019-10-23,183497.03413889417
2019-10-24,183497.03413889417
2019-10-25,191479.51776629602
2019-10-26,191479.51776629602
2019-10-27,191479.51776629602
2019-10-28,191479.51776629602
2019-10-29,191479.51776629602
2019-10-30,191479.51776629602
2019-10-31,191479.51776629602
2019-11-01,191479.51776629602
2019-11-02,191479.51776629602
2019-11-03,191479.51776629602
2019-11-04,191479.51776629602
2019-11-05,191479.51776629602
2019-11-06,191479.51776629602
2019-11-07,191479.51776629602
2019-11-08,191479.51776629602
2019-11-09,191479.51776629602
2019-11-10,191479.51776629602
2019-11-11,191479.51776629602
2019-11-12,191479.51776629602
2019-11-13,191479.51776629602
2019-11-14,191479.51776629602
2019-11-15,191479.51776629602
2019-11-16,191479.51776629602
2019-11-17,191479.51776629602
2019-11-18,191479.51776629602
2019-11-19,187242.52418168003
2019-11-20,187242.52418168003
2019-11-21,187242.52418168003
2019-11-22,187242.52418168003
2019-11-23,187242.52418168003
2019-11-24,187242.52418168003
2019-11-25,187242.52418168003
2019-11-26,187242.52418168003
2019-11-27,187242.52418168003
2019-11-28,187242.52418168003
2019-11-29,187242.52418168003
2019-11-30,187242.52418168003
2019-12-01,187242.52418168003
2019-12-02,187242.52418168003
2019-12-03,187242.52418168003
2019-12-04,187242.52418168003
2019-12-05,187242.52418168003
2019-12-06,187242.52418168003
2019-12-07,187242.52418168003
2019-12-08,187242.52418168003
2019-12-09,187242.52418168003
2019-12-10,187242.52418168003
2019-12-11,187242.52418168003
2019-12-12,187242.52418168003
2019-12-13,187242.52418168003
2019-12-14,187242.52418168003
2019-12-15,187242.52418168003
2019-12-16,182819.8727055334
2019-12-17,178636.8065507945
2019-12-18,178636.8065507945
2019-12-19,178636.8065507945
2019-12-20,178636.8065507945
2019-12-21,178636.8065507945
2019-12-22,178636.8065507945
2019-12-23,179712.84429477158
2019-12-24,188042.53462783378
2019-12-25,188042.53462783378
2019-12-26,188042.53462783378
2019-12-27,188042.53462783378
2019-12-28,188042.53462783378
2019-12-29,188042.53462783378
2019-12-30,188042.53462783378
2019-12-31,188042.53462783378
2020-01-01,188042.53462783378
2020-01-02,188042.53462783378
2020-01-03,188042.53462783378
2020-01-04,188042.53462783378
2020-01-05,188042.53462783378
2020-01-06,188042.53462783378
2020-01-07,188042.53462783378
2020-01-08,188042.53462783378
2020-01-09,188042.53462783378
2020-01-10,188042.53462783378
2020-01-11,188042.53462783378
2020-01-12,188042.53462783378
2020-01-13,188042.53462783378
2020-01-14,188042.53462783378
2020-01-15,188042.53462783378
2020-01-16,188042.53462783378
2020-01-17,188042.53462783378
2020-01-18,188042.53462783378
2020-01-19,188042.53462783378
2020-01-20,186700.13066092454
2020-01-21,186700.13066092454
2020-01-22,186700.13066092454
2020-01-23,186700.13066092454
2020-01-24,186700.13066092454
2020-01-25,186700.13066092454
2020-01-26,186700.13066092454
2020-01-27,186700.13066092454
2020-01-28,186700.13066092454
2020-01-29,186700.13066092454
2020-01-30,186700.13066092454
2020-01-31,186700.13066092454
2020-02-01,186700.13066092454
2020-02-02,186700.13066092454
2020-02-03,186700.13066092454
2020-02-04,186700.13066092454
2020-02-05,186700.13066092454
2020-02-06,186700.13066092454
2020-02-07,186700.13066092454
2020-02-08,186700.13066092454
2020-02-09,186700.13066092454
2020-02-10,186700.13066092454
2020-02-11,186700.13066092454
2020-02-12,186700.13066092454
2020-02-13,186700.13066092454
2020-02-14,186700.13066092454
2020-02-15,186700.13066092454
2020-02-16,186700.13066092454
2020-02-17,186700.13066092454
2020-02-18,186700.13066092454
2020-02-19,189209.09771649385
2020-02-20,189209.09771649385
2020-02-21,195598.2274018376
2020-02-22,195598.2274018376
2020-02-23,195598.2274018376
2020-02-24,195598.2274018376
2020-02-25,195598.2274018376
2020-02-26,195598.2274018376
2020-02-27,195598.2274018376
2020-02-28,195598.2274018376
2020-02-29,195598.2274018376
2020-03-01,195598.2274018376
2020-03-02,195598.2274018376
2020-03-03,195598.2274018376
2020-03-04,195598.2274018376
2020-03-05,195598.2274018376
2020-03-06,195598.2274018376
2020-03-07,195598.2274018376
2020-03-08,195598.2274018376
2020-03-09,195598.2274018376
2020-03-10,195598.2274018376
2020-03-11,195598.2274018376
2020-03-12,195598.2274018376
2020-03-13,195598.2274018376
2020-03-14,195598.2274018376
2020-03-15,195598.2274018376
2020-03-16,195598.2274018376
2020-03-17,195598.2274018376
2020-03-18,195598.2274018376
2020-03-19,195598.2274018376
2020-03-20,195598.2274018376
2020-03-21,195598.2274018376
2020-03-22,195598.2274018376
2020-03-23,195598.2274018376
2020-03-24,195598.2274018376
2020-03-25,195598.2274018376
2020-03-26,195598.2274018376
2020-03-27,195598.2274018376
2020-03-28,195598.2274018376
2020-03-29,195598.2274018376
2020-03-30,195598.2274018376
2020-03-31,195598.2274018376
2020-04-01,195598.2274018376
2020-04-02,195598.2274018376
2020-04-03,195598.2274018376
2020-04-04,195598.2274018376
2020-04-05,195598.2274018376
2020-04-06,195598.2274018376
2020-04-07,195598.2274018376
2020-04-08,195598.2274018376
2020-04-09,195598.2274018376
2020-04-10,195598.2274018376
2020-04-11,195598.2274018376
2020-04-12,195598.2274018376
2020-04-13,195598.2274018376
2020-04-14,195598.2274018376
2020-04-15,195598.2274018376
2020-04-16,195598.2274018376
2020-04-17,195598.2274018376
2020-04-18,195598.2274018376
2020-04-19,195598.2274018376
2020-04-20,195598.2274018376
2020-04-21,195598.2274018376
2020-04-22,195598.2274018376
2020-04-23,195598.2274018376
2020-04-24,195598.2274018376
2020-04-25,195598.2274018376
2020-04-26,195598.2274018376
2020-04-27,195598.2274018376
2020-04-28,195598.2274018376
2020-04-29,195598.2274018376
2020-04-30,195598.2274018376
2020-05-01,195598.2274018376
2020-05-02,195598.2274018376
2020-05-03,195598.2274018376
2020-05-04,195598.2274018376
2020-05-05,195598.2274018376
2020-05-06,195598.2274018376
2020-05-07,195598.2274018376
2020-05-08,195598.2274018376
2020-05-09,195598.2274018376
2020-05-10,195598.2274018376
2020-05-11,195598.2274018376
2020-05-12,195598.2274018376
2020-05-13,195598.2274018376
2020-05-14,195598.2274018376
2020-05-15,201682.69752784446
2020-05-16,201682.69752784446
2020-05-17,201682.69752784446
2020-05-18,201682.69752784446
2020-05-19,201682.69752784446
2020-05-20,201682.69752784446
2020-05-21,201682.69752784446
2020-05-22,201682.69752784446
2020-05-23,201682.69752784446
2020-05-24,201682.69752784446
2020-05-25,201682.69752784446
2020-05-26,201682.69752784446
2020-05-27,201682.69752784446
2020-05-28,204928.23755267716
2020-05-29,204928.23755267716
2020-05-30,204928.23755267716
2020-05-31,204928.23755267716
2020-06-01,204928.23755267716
2020-06-02,204928.23755267716
2020-06-03,204928.23755267716
2020-06-04,204928.23755267716
2020-06-05,204928.23755267716
2020-06-06,204928.23755267716
2020-06-07,204928.23755267716
2020-06-08,204928.23755267716
2020-06-09,204928.23755267716
2020-06-10,204928.23755267716
2020-06-11,204928.23755267716
2020-06-12,204928.23755267716
2020-06-13,204928.23755267716
2020-06-14,204928.23755267716
2020-06-15,204928.23755267716
2020-06-16,204928.23755267716
2020-06-17,204928.23755267716
2020-06-18,204928.23755267716
2020-06-19,204928.23755267716
2020-06-20,204928.23755267716
2020-06-21,204928.23755267716
2020-06-22,204928.23755267716
2020-06-23,204928.23755267716
2020-06-24,204928.23755267716
2020-06-25,204928.23755267716
2020-06-26,204928.23755267716
2020-06-27,204928.23755267716
2020-06-28,204928.23755267716
2020-06-29,204928.23755267716
2020-06-30,204928.23755267716
2020-07-01,204928.23755267716
2020-07-02,204928.23755267716
2020-07-03,204928.23755267716
2020-07-04,204928.23755267716
2020-07-05,204928.23755267716
2020-07-06,204928.23755267716
2020-07-07,204928.23755267716
2020-07-08,204928.23755267716
2020-07-09,204928.23755267716
2020-07-10,204928.23755267716
2020-07-11,204928.23755267716
2020-07-12,204928.23755267716
2020-07-13,205631.09059882883
2020-07-14,205631.09059882883
2020-07-15,205631.09059882883
2020-07-16,205631.09059882883
2020-07-17,205631.09059882883
2020-07-18,205631.09059882883
2020-07-19,205631.09059882883
2020-07-20,214996.25912742296
2020-07-21,214996.25912742296
2020-07-22,214996.25912742296
2020-07-23,214996.25912742296
2020-07-24,214996.25912742296
2020-07-25,214996.25912742296
2020-07-26,214996.25912742296
2020-07-27,214996.25912742296
2020-07-28,214996.25912742296
2020-07-29,214996.25912742296
2020-07-30,214996.25912742296
2020-07-31,214996.25912742296
2020-08-01,214996.25912742296
2020-08-02,214996.25912742296
2020-08-03,214996.25912742296
2020-08-04,214996.25912742296
2020-08-05,214996.25912742296
2020-08-06,214996.25912742296
2020-08-07,214996.25912742296
2020-08-08,214996.25912742296
2020-08-09,214996.25912742296
2020-08-10,214996.25912742296
2020-08-11,214996.25912742296
2020-08-12,214996.25912742296
2020-08-13,214996.25912742296
2020-08-14,214996.25912742296
2020-08-15,214996.25912742296
2020-08-16,214996.25912742296
2020-08-17,214996.25912742296
2020-08-18,214996.25912742296
2020-08-19,214996.25912742296
2020-08-20,214996.25912742296
2020-08-21,214996.25912742296
2020-08-22,214996.25912742296
2020-08-23,214996.25912742296
2020-08-24,214996.25912742296
2020-08-25,214996.25912742296
2020-08-26,214996.25912742296
2020-08-27,214996.25912742296
2020-08-28,214996.25912742296
2020-08-29,214996.25912742296
2020-08-30,214996.25912742296
2020-08-31,214996.25912742296
2020-09-01,214996.25912742296
2020-09-02,214996.25912742296
2020-09-03,214996.25912742296
2020-09-04,214996.25912742296
2020-09-05,214996.25912742296
2020-09-06,214996.25912742296
2020-09-07,214996.25912742296
2020-09-08,214996.25912742296
2020-09-09,214996.25912742296
2020-09-10,214996.25912742296
2020-09-11,214996.25912742296
2020-09-12,214996.25912742296
2020-09-13,214996.25912742296
2020-09-14,214996.25912742296
2020-09-15,214996.25912742296
2020-09-16,214996.25912742296
2020-09-17,214996.25912742296
2020-09-18,214996.25912742296
2020-09-19,214996.25912742296
2020-09-20,214996.25912742296
2020-09-21,214996.25912742296
2020-09-22,214996.25912742296
2020-09-23,214996.25912742296
2020-09-24,214996.25912742296
2020-09-25,214996.25912742296
2020-09-26,214996.25912742296
2020-09-27,214996.25912742296
2020-09-28,214996.25912742296
2020-09-29,214996.25912742296
2020-09-30,214996.25912742296
2020-10-01,214996.25912742296
2020-10-02,214996.25912742296
2020-10-03,214996.25912742296
2020-10-04,214996.25912742296
2020-10-05,214996.25912742296
2020-10-06,214996.25912742296
2020-10-07,214996.25912742296
2020-10-08,214996.25912742296
2020-10-09,214996.25912742296
2020-10-10,214996.25912742296
2020-10-11,214996.25912742296
2020-10-12,214996.25912742296
2020-10-13,214996.25912742296
2020-10-14,214996.25912742296
2020-10-15,214996.25912742296
2020-10-16,214996.25912742296
2020-10-17,214996.25912742296
2020-10-18,214996.25912742296
2020-10-19,214996.25912742296
2020-10-20,214996.25912742296
2020-10-21,214996.25912742296
2020-10-22,214996.25912742296
2020-10-23,214996.25912742296
2020-10-24,214996.25912742296
2020-10-25,214996.25912742296
2020-10-26,214996.25912742296
2020-10-27,214996.25912742296
2020-10-28,214996.25912742296
2020-10-29,214996.25912742296
2020-10-30,214996.25912742296
2020-10-31,214996.25912742296
2020-11-01,214996.25912742296
2020-11-02,214996.25912742296
2020-11-03,214996.25912742296
2020-11-04,214996.25912742296
2020-11-05,214996.25912742296
2020-11-06,214996.25912742296
2020-11-07,214996.25912742296
2020-11-08,214996.25912742296
2020-11-09,214996.25912742296
2020-11-10,214996.25912742296
2020-11-11,214996.25912742296
2020-11-12,214996.25912742296
2020-11-13,214996.25912742296
2020-11-14,214996.25912742296
2020-11-15,214996.25912742296
2020-11-16,214996.25912742296
2020-11-17,214996.25912742296
2020-11-18,214996.25912742296
2020-11-19,214996.25912742296
2020-11-20,214996.25912742296
2020-11-21,214996.25912742296
2020-11-22,214996.25912742296
2020-11-23,214996.25912742296
2020-11-24,214996.25912742296
2020-11-25,214996.25912742296
2020-11-26,214996.25912742296
2020-11-27,214996.25912742296
2020-11-28,214996.25912742296
2020-11-29,214996.25912742296
2020-11-30,214996.25912742296
2020-12-01,214996.25912742296
2020-12-02,214996.25912742296
2020-12-03,214996.25912742296
2020-12-04,214996.25912742296
2020-12-05,214996.25912742296
2020-12-06,214996.25912742296
2020-12-07,214996.25912742296
2020-12-08,214996.25912742296
2020-12-09,214996.25912742296
2020-12-10,214996.25912742296
2020-12-11,214996.25912742296
2020-12-12,214996.25912742296
2020-12-13,214996.25912742296
2020-12-14,210330.61630230173
2020-12-15,210330.61630230173
2020-12-16,205868.0105287555
2020-12-17,214295.9838411451
2020-12-18,214295.9838411451
2020-12-19,214295.9838411451
2020-12-20,214295.9838411451
2020-12-21,209833.68886897963
2020-12-22,209833.68886897963
2020-12-23,209833.68886897963
2020-12-24,209833.68886897963
2020-12-25,209833.68886897963
2020-12-26,209833.68886897963
2020-12-27,209833.68886897963
2020-12-28,209833.68886897963
2020-12-29,209833.68886897963
2020-12-30,209833.68886897963
2020-12-31,209833.68886897963
2021-01-01,209833.68886897963
2021-01-02,209833.68886897963
2021-01-03,209833.68886897963
2021-01-04,215727.79689699865
2021-01-05,215727.79689699865
2021-01-06,215727.79689699865
2021-01-07,215727.79689699865
2021-01-08,215727.79689699865
2021-01-09,215727.79689699865
2021-01-10,215727.79689699865
2021-01-11,215727.79689699865
2021-01-12,215727.79689699865
2021-01-13,215727.79689699865
2021-01-14,215727.79689699865
2021-01-15,215727.79689699865
2021-01-16,215727.79689699865
2021-01-17,215727.79689699865
2021-01-18,215727.79689699865
2021-01-19,215727.79689699865
2021-01-20,215727.79689699865
2021-01-21,215727.79689699865
2021-01-22,215727.79689699865
2021-01-23,215727.79689699865
2021-01-24,215727.79689699865
2021-01-25,215727.79689699865
2021-01-26,215727.79689699865
2021-01-27,215727.79689699865
2021-01-28,215727.79689699865
2021-01-29,215727.79689699865
2021-01-30,215727.79689699865
2021-01-31,215727.79689699865
2021-02-01,215727.79689699865
2021-02-02,215727.79689699865
2021-02-03,215727.79689699865
2021-02-04,215727.79689699865
2021-02-05,215727.79689699865
2021-02-06,215727.79689699865
2021-02-07,215727.79689699865
2021-02-08,215727.79689699865
2021-02-09,215727.79689699865
2021-02-10,215727.79689699865
2021-02-11,215727.79689699865
2021-02-12,215727.79689699865
2021-02-13,215727.79689699865
2021-02-14,215727.79689699865
2021-02-15,215727.79689699865
2021-02-16,215727.79689699865
2021-02-17,215727.79689699865
2021-02-18,215727.79689699865
2021-02-19,215727.79689699865
2021-02-20,215727.79689699865
2021-02-21,215727.79689699865
2021-02-22,215727.79689699865
2021-02-23,215727.79689699865
2021-02-24,215727.79689699865
2021-02-25,215727.79689699865
2021-02-26,215727.79689699865
2021-02-27,215727.79689699865
2021-02-28,215727.79689699865
2021-03-01,215727.79689699865
2021-03-02,215727.79689699865
2021-03-03,215727.79689699865
2021-03-04,215727.79689699865
2021-03-05,215727.79689699865
2021-03-06,215727.79689699865
2021-03-07,215727.79689699865
2021-03-08,215727.79689699865
2021-03-09,215727.79689699865
2021-03-10,215727.79689699865
2021-03-11,215727.79689699865
2021-03-12,215727.79689699865
2021-03-13,215727.79689699865
2021-03-14,215727.79689699865
2021-03-15,215727.79689699865
2021-03-16,215727.79689699865
2021-03-17,215727.79689699865
2021-03-18,215727.79689699865
2021-03-19,215727.79689699865
2021-03-20,215727.79689699865
2021-03-21,215727.79689699865
2021-03-22,215727.79689699865
2021-03-23,215727.79689699865
2021-03-24,215727.79689699865
2021-03-25,215727.79689699865
2021-03-26,215727.79689699865
2021-03-27,215727.79689699865
2021-03-28,215727.79689699865
2021-03-29,225695.01759602773
2021-03-30,234370.08995979803
2021-03-31,234370.08995979803
2021-04-01,234370.08995979803
2021-04-02,234370.08995979803
2021-04-03,234370.08995979803
2021-04-04,234370.08995979803
2021-04-05,229377.31996521464
2021-04-06,229377.31996521464
2021-04-07,229377.31996521464
2021-04-08,229377.31996521464
2021-04-09,229377.31996521464
2021-04-10,229377.31996521464
2021-04-11,229377.31996521464
2021-04-12,229377.31996521464
2021-04-13,229377.31996521464
2021-04-14,229377.31996521464
2021-04-15,229377.31996521464
2021-04-16,229377.31996521464
2021-04-17,229377.31996521464
2021-04-18,229377.31996521464
2021-04-19,229377.31996521464
2021-04-20,229377.31996521464
2021-04-21,229377.31996521464
2021-04-22,229377.31996521464
2021-04-23,229377.31996521464
2021-04-24,229377.31996521464
2021-04-25,229377.31996521464
2021-04-26,229377.31996521464
2021-04-27,229377.31996521464
2021-04-28,229377.31996521464
2021-04-29,229377.31996521464
2021-04-30,229377.31996521464
2021-05-01,229377.31996521464
2021-05-02,229377.31996521464
2021-05-03,229377.31996521464
2021-05-04,229377.31996521464
2021-05-05,229377.31996521464
2021-05-06,229377.31996521464
2021-05-07,229377.31996521464
2021-05-08,229377.31996521464
2021-05-09,229377.31996521464
2021-05-10,231667.3695070749
2021-05-11,231667.3695070749
2021-05-12,231667.3695070749
2021-05-13,231667.3695070749
2021-05-14,231667.3695070749
2021-05-15,231667.3695070749
2021-05-16,231667.3695070749
2021-05-17,236219.59752993286
2021-05-18,236219.59752993286
2021-05-19,236219.59752993286
2021-05-20,236219.59752993286
2021-05-21,236219.59752993286
2021-05-22,236219.59752993286
2021-05-23,236219.59752993286
2021-05-24,236219.59752993286
2021-05-25,236219.59752993286
2021-05-26,236219.59752993286
2021-05-27,236219.59752993286
2021-05-28,236219.59752993286
2021-05-29,236219.59752993286
2021-05-30,236219.59752993286
2021-05-31,236219.59752993286
2021-06-01,236219.59752993286
2021-06-02,236219.59752993286
2021-06-03,236219.59752993286
2021-06-04,236219.59752993286
2021-06-05,236219.59752993286
2021-06-06,236219.59752993286
2021-06-07,236219.59752993286
2021-06-08,236219.59752993286
2021-06-09,236219.59752993286
2021-06-10,236219.59752993286
2021-06-11,236219.59752993286
2021-06-12,236219.59752993286
2021-06-13,236219.59752993286
2021-06-14,236219.59752993286
2021-06-15,236219.59752993286
2021-06-16,236219.59752993286
2021-06-17,236219.59752993286
2021-06-18,236219.59752993286
2021-06-19,236219.59752993286
2021-06-20,236219.59752993286
2021-06-21,231188.92409145093
2021-06-22,231188.92409145093
2021-06-23,231188.92409145093
2021-06-24,231188.92409145093
2021-06-25,231188.92409145093
2021-06-26,231188.92409145093
2021-06-27,231188.92409145093
2021-06-28,231188.92409145093
2021-06-29,231188.92409145093
2021-06-30,231188.92409145093
2021-07-01,231188.92409145093
2021-07-02,231188.92409145093
2021-07-03,231188.92409145093
2021-07-04,231188.92409145093
2021-07-05,231188.92409145093
2021-07-06,231188.92409145093
2021-07-07,231188.92409145093
2021-07-08,231188.92409145093
2021-07-09,231188.92409145093
2021-07-10,231188.92409145093
2021-07-11,231188.92409145093
2021-07-12,229764.21582334774
2021-07-13,229764.21582334774
2021-07-14,229764.21582334774
2021-07-15,224832.71169224987
2021-07-16,224832.71169224987
2021-07-17,224832.71169224987
2021-07-18,224832.71169224987
2021-07-19,224832.71169224987
2021-07-20,224832.71169224987
2021-07-21,224832.71169224987
2021-07-22,224832.71169224987
2021-07-23,224832.71169224987
2021-07-24,224832.71169224987
2021-07-25,224832.71169224987
2021-07-26,224832.71169224987
2021-07-27,224832.71169224987
2021-07-28,224832.71169224987
2021-07-29,224832.71169224987
2021-07-30,224832.71169224987
2021-07-31,224832.71169224987
2021-08-01,224832.71169224987
2021-08-02,224832.71169224987
2021-08-03,224832.71169224987
2021-08-04,224832.71169224987
2021-08-05,224832.71169224987
2021-08-06,270613.1884765867
2021-08-07,270613.1884765867
2021-08-08,270613.1884765867
2021-08-09,270613.1884765867
2021-08-10,270613.1884765867
2021-08-11,270613.1884765867
2021-08-12,270613.1884765867
2021-08-13,270613.1884765867
2021-08-14,270613.1884765867
2021-08-15,270613.1884765867
2021-08-16,270613.1884765867
2021-08-17,270613.1884765867
2021-08-18,270613.1884765867
2021-08-19,270613.1884765867
2021-08-20,270613.1884765867
2021-08-21,270613.1884765867
2021-08-22,270613.1884765867
2021-08-23,270613.1884765867
2021-08-24,270613.1884765867
2021-08-25,270613.1884765867
2021-08-26,270613.1884765867
2021-08-27,270613.1884765867
2021-08-28,270613.1884765867
2021-08-29,270613.1884765867
2021-08-30,270613.1884765867
2021-08-31,264707.7799444552
2021-09-01,264707.7799444552
2021-09-02,264707.7799444552
2021-09-03,264707.7799444552
2021-09-04,264707.7799444552
2021-09-05,264707.7799444552
2021-09-06,264707.7799444552
2021-09-07,264707.7799444552
2021-09-08,264707.7799444552
2021-09-09,264707.7799444552
2021-09-10,264707.7799444552
2021-09-11,264707.7799444552
2021-09-12,264707.7799444552
2021-09-13,264707.7799444552
2021-09-14,264707.7799444552
2021-09-15,264707.7799444552
2021-09-16,290929.93737210165
2021-09-17,290929.93737210165
2021-09-18,290929.93737210165
2021-09-19,290929.93737210165
2021-09-20,290929.93737210165
2021-09-21,290929.93737210165
2021-09-22,290929.93737210165
2021-09-23,290929.93737210165
2021-09-24,290929.93737210165
2021-09-25,290929.93737210165
2021-09-26,290929.93737210165
2021-09-27,290929.93737210165
2021-09-28,290929.93737210165
2021-09-29,290929.93737210165
2021-09-30,290929.93737210165
2021-10-01,290929.93737210165
2021-10-02,290929.93737210165
2021-10-03,290929.93737210165
2021-10-04,290929.93737210165
2021-10-05,290929.93737210165
2021-10-06,290929.93737210165
2021-10-07,290929.93737210165
2021-10-08,290929.93737210165
2021-10-09,290929.93737210165
2021-10-10,290929.93737210165
2021-10-11,287411.02493882115
2021-10-12,287411.02493882115
2021-10-13,287411.02493882115
2021-10-14,287411.02493882115
2021-10-15,287411.02493882115
2021-10-16,287411.02493882115
2021-10-17,287411.02493882115
2021-10-18,287411.02493882115
2021-10-19,287411.02493882115
2021-10-20,287411.02493882115
2021-10-21,287411.02493882115
2021-10-22,287411.02493882115
2021-10-23,287411.02493882115
2021-10-24,287411.02493882115
2021-10-25,287411.02493882115
2021-10-26,287411.02493882115
2021-10-27,287411.02493882115
2021-10-28,287411.02493882115
2021-10-29,287411.02493882115
2021-10-30,287411.02493882115
2021-10-31,287411.02493882115
2021-11-01,287411.02493882115
2021-11-02,287411.02493882115
2021-11-03,287411.02493882115
2021-11-04,287411.02493882115
2021-11-05,287411.02493882115
2021-11-06,287411.02493882115
2021-11-07,287411.02493882115
2021-11-08,287411.02493882115
2021-11-09,287411.02493882115
2021-11-10,287411.02493882115
2021-11-11,287411.02493882115
2021-11-12,287411.02493882115
2021-11-13,287411.02493882115
2021-11-14,287411.02493882115
2021-11-15,287411.02493882115
2021-11-16,287411.02493882115
2021-11-17,287411.02493882115
2021-11-18,287411.02493882115
2021-11-19,287411.02493882115
2021-11-20,287411.02493882115
2021-11-21,287411.02493882115
2021-11-22,287411.02493882115
2021-11-23,287411.02493882115
2021-11-24,287411.02493882115
2021-11-25,287411.02493882115
2021-11-26,287411.02493882115
2021-11-27,287411.02493882115
2021-11-28,287411.02493882115
2021-11-29,287411.02493882115
2021-11-30,287411.02493882115
2021-12-01,287411.02493882115
2021-12-02,287411.02493882115
2021-12-03,287411.02493882115
2021-12-04,287411.02493882115
2021-12-05,287411.02493882115
2021-12-06,287411.02493882115
2021-12-07,287411.02493882115
2021-12-08,287411.02493882115
2021-12-09,287411.02493882115
2021-12-10,287411.02493882115
2021-12-11,287411.02493882115
2021-12-12,287411.02493882115
2021-12-13,281062.4680955249
2021-12-14,281062.4680955249
2021-12-15,281062.4680955249
2021-12-16,281062.4680955249
2021-12-17,281062.4680955249
2021-12-18,281062.4680955249
2021-12-19,281062.4680955249
2021-12-20,281062.4680955249
2021-12-21,281062.4680955249
2021-12-22,281062.4680955249
2021-12-23,281062.4680955249
2021-12-24,281062.4680955249
2021-12-25,281062.4680955249
2021-12-26,281062.4680955249
2021-12-27,281062.4680955249
2021-12-28,276532.0750454307
2021-12-29,276532.0750454307
2021-12-30,276532.0750454307
2021-12-31,276532.0750454307
2022-01-01,276532.0750454307
2022-01-02,276532.0750454307
2022-01-03,276532.0750454307
2022-01-04,276532.0750454307
2022-01-05,276532.0750454307
2022-01-06,276532.0750454307
2022-01-07,276532.0750454307
2022-01-08,276532.0750454307
2022-01-09,276532.0750454307
2022-01-10,276532.0750454307
2022-01-11,276532.0750454307
2022-01-12,276532.0750454307
2022-01-13,276532.0750454307
2022-01-14,276532.0750454307
2022-01-15,276532.0750454307
2022-01-16,276532.0750454307
2022-01-17,276532.0750454307
2022-01-18,276532.0750454307
2022-01-19,276532.0750454307
2022-01-20,276532.0750454307
2022-01-21,276532.0750454307
2022-01-22,276532.0750454307
2022-01-23,276532.0750454307
2022-01-24,276532.0750454307
2022-01-25,276532.0750454307
2022-01-26,276532.0750454307
2022-01-27,276532.0750454307
2022-01-28,276532.0750454307
2022-01-29,276532.0750454307
2022-01-30,276532.0750454307
2022-01-31,276532.0750454307
2022-02-01,276532.0750454307
2022-02-02,276532.0750454307
2022-02-03,276532.0750454307
2022-02-04,276532.0750454307
2022-02-05,276532.0750454307
2022-02-06,276532.0750454307
2022-02-07,276532.0750454307
2022-02-08,276532.0750454307
2022-02-09,276532.0750454307
2022-02-10,269325.4815745493
2022-02-11,269325.4815745493
2022-02-12,269325.4815745493
2022-02-13,269325.4815745493
2022-02-14,269325.4815745493
2022-02-15,269325.4815745493
2022-02-16,269325.4815745493
2022-02-17,281188.9745720044
2022-02-18,281188.9745720044
2022-02-19,281188.9745720044
2022-02-20,281188.9745720044
2022-02-21,281188.9745720044
2022-02-22,281188.9745720044
2022-02-23,281188.9745720044
2022-02-24,281188.9745720044
2022-02-25,281188.9745720044
2022-02-26,281188.9745720044
2022-02-27,281188.9745720044
2022-02-28,281188.9745720044
2022-03-01,281188.9745720044
2022-03-02,281188.9745720044
2022-03-03,281188.9745720044
2022-03-04,281188.9745720044
2022-03-05,281188.9745720044
2022-03-06,281188.9745720044
2022-03-07,281188.9745720044
2022-03-08,281188.9745720044
2022-03-09,281188.9745720044
2022-03-10,281188.9745720044
2022-03-11,281188.9745720044
2022-03-12,281188.9745720044
2022-03-13,281188.9745720044
2022-03-14,281188.9745720044
2022-03-15,281188.9745720044
2022-03-16,281188.9745720044
2022-03-17,281188.9745720044
2022-03-18,281188.9745720044
2022-03-19,281188.9745720044
2022-03-20,281188.9745720044
2022-03-21,281188.9745720044
2022-03-22,281188.9745720044
2022-03-23,281188.9745720044
2022-03-24,281188.9745720044
2022-03-25,281188.9745720044
2022-03-26,281188.9745720044
2022-03-27,281188.9745720044
2022-03-28,281188.9745720044
2022-03-29,281188.9745720044
2022-03-30,281188.9745720044
2022-03-31,281188.9745720044
2022-04-01,281188.9745720044
2022-04-02,281188.9745720044
2022-04-03,281188.9745720044
2022-04-04,281188.9745720044
2022-04-05,281188.9745720044
2022-04-06,281188.9745720044
2022-04-07,281188.9745720044
2022-04-08,281188.9745720044
2022-04-09,281188.9745720044
2022-04-10,281188.9745720044
2022-04-11,281188.9745720044
2022-04-12,281188.9745720044
2022-04-13,281188.9745720044
2022-04-14,281188.9745720044
2022-04-15,281188.9745720044
2022-04-16,281188.9745720044
2022-04-17,281188.9745720044
2022-04-18,281188.9745720044
2022-04-19,281188.9745720044
2022-04-20,281188.9745720044
2022-04-21,281188.9745720044
2022-04-22,281188.9745720044
2022-04-23,281188.9745720044
2022-04-24,281188.9745720044
2022-04-25,281188.9745720044
2022-04-26,281188.9745720044
2022-04-27,281188.9745720044
2022-04-28,281188.9745720044
2022-04-29,281188.9745720044
2022-04-30,281188.9745720044
2022-05-01,281188.9745720044
2022-05-02,281188.9745720044
2022-05-03,281188.9745720044
2022-05-04,281188.9745720044
2022-05-05,281188.9745720044
2022-05-06,281188.9745720044
2022-05-07,281188.9745720044
2022-05-08,281188.9745720044
2022-05-09,281188.9745720044
2022-05-10,281188.9745720044
2022-05-11,281188.9745720044
2022-05-12,281188.9745720044
2022-05-13,281188.9745720044
2022-05-14,281188.9745720044
2022-05-15,281188.9745720044
2022-05-16,278275.92206173803
2022-05-17,278275.92206173803
2022-05-18,278275.92206173803
2022-05-19,278275.92206173803
2022-05-20,278275.92206173803
2022-05-21,278275.92206173803
2022-05-22,278275.92206173803
2022-05-23,276802.1394384295
2022-05-24,276802.1394384295
2022-05-25,276802.1394384295
2022-05-26,276802.1394384295
2022-05-27,276802.1394384295
2022-05-28,276802.1394384295
2022-05-29,276802.1394384295
2022-05-30,274678.66861741734
2022-05-31,274678.66861741734
2022-06-01,274678.66861741734
2022-06-02,274678.66861741734
2022-06-03,274678.66861741734
2022-06-04,274678.66861741734
2022-06-05,274678.66861741734
2022-06-06,274678.66861741734
2022-06-07,274678.66861741734
2022-06-08,274678.66861741734
2022-06-09,274678.66861741734
2022-06-10,274678.66861741734
2022-06-11,274678.66861741734
2022-06-12,274678.66861741734
2022-06-13,274678.66861741734
2022-06-14,274678.66861741734
2022-06-15,274678.66861741734
2022-06-16,274678.66861741734
2022-06-17,274678.66861741734
2022-06-18,274678.66861741734
2022-06-19,274678.66861741734
2022-06-20,274678.66861741734
2022-06-21,274678.66861741734
2022-06-22,274678.66861741734
2022-06-23,274678.66861741734
2022-06-24,274678.66861741734
2022-06-25,274678.66861741734
2022-06-26,274678.66861741734
2022-06-27,274678.66861741734
2022-06-28,274678.66861741734
2022-06-29,274678.66861741734
2022-06-30,274678.66861741734
2022-07-01,268829.52415300754
2022-07-02,268829.52415300754
2022-07-03,268829.52415300754
2022-07-04,268829.52415300754
2022-07-05,268829.52415300754
2022-07-06,290309.6437544375
2022-07-07,290309.6437544375
2022-07-08,290309.6437544375
2022-07-09,290309.6437544375
2022-07-10,290309.6437544375
2022-07-11,290309.6437544375
2022-07-12,290309.6437544375
2022-07-13,290309.6437544375
2022-07-14,290309.6437544375
2022-07-15,290309.6437544375
2022-07-16,290309.6437544375
2022-07-17,290309.6437544375
2022-07-18,290309.6437544375
2022-07-19,290309.6437544375
2022-07-20,283912.4897724694
2022-07-21,283912.4897724694
2022-07-22,283912.4897724694
2022-07-23,283912.4897724694
2022-07-24,283912.4897724694
2022-07-25,283912.4897724694
2022-07-26,283912.4897724694
2022-07-27,283912.4897724694
2022-07-28,283912.4897724694
2022-07-29,283912.4897724694
2022-07-30,283912.4897724694
2022-07-31,283912.4897724694
2022-08-01,283912.4897724694
2022-08-02,283912.4897724694
2022-08-03,283912.4897724694
2022-08-04,283912.4897724694
2022-08-05,283912.4897724694
2022-08-06,283912.4897724694
2022-08-07,283912.4897724694
2022-08-08,283912.4897724694
2022-08-09,283912.4897724694
2022-08-10,283912.4897724694
2022-08-11,283912.4897724694
2022-08-12,283912.4897724694
2022-08-13,283912.4897724694
2022-08-14,283912.4897724694
2022-08-15,283912.4897724694
2022-08-16,283912.4897724694
2022-08-17,283912.4897724694
2022-08-18,283912.4897724694
2022-08-19,283912.4897724694
2022-08-20,283912.4897724694
2022-08-21,283912.4897724694
2022-08-22,291962.8887102645
2022-08-23,291962.8887102645
2022-08-24,291962.8887102645
2022-08-25,291962.8887102645
2022-08-26,291962.8887102645
2022-08-27,291962.8887102645
2022-08-28,291962.8887102645
2022-08-29,291962.8887102645
2022-08-30,291962.8887102645
2022-08-31,291962.8887102645
2022-09-01,291962.8887102645
2022-09-02,291962.8887102645
2022-09-03,291962.8887102645
2022-09-04,291962.8887102645
2022-09-05,291962.8887102645
2022-09-06,291962.8887102645
2022-09-07,291962.8887102645
2022-09-08,291962.8887102645
2022-09-09,291962.8887102645
2022-09-10,291962.8887102645
2022-09-11,291962.8887102645
2022-09-12,291962.8887102645
2022-09-13,291962.8887102645
2022-09-14,291962.8887102645
2022-09-15,291962.8887102645
2022-09-16,291962.8887102645
2022-09-17,291962.8887102645
2022-09-18,291962.8887102645
2022-09-19,291962.8887102645
2022-09-20,291962.8887102645
2022-09-21,291962.8887102645
2022-09-22,291962.8887102645
2022-09-23,291962.8887102645
2022-09-24,291962.8887102645
2022-09-25,291962.8887102645
2022-09-26,291962.8887102645
2022-09-27,291962.8887102645
2022-09-28,291962.8887102645
2022-09-29,291962.8887102645
2022-09-30,291962.8887102645
2022-10-01,291962.8887102645
2022-10-02,291962.8887102645
2022-10-03,291962.8887102645
2022-10-04,291962.8887102645
2022-10-05,291962.8887102645
2022-10-06,291962.8887102645
2022-10-07,291962.8887102645
2022-10-08,291962.8887102645
2022-10-09,291962.8887102645
2022-10-10,291962.8887102645
2022-10-11,291962.8887102645
2022-10-12,291962.8887102645
2022-10-13,291962.8887102645
2022-10-14,291962.8887102645
2022-10-15,291962.8887102645
2022-10-16,291962.8887102645
2022-10-17,291962.8887102645
2022-10-18,291962.8887102645
2022-10-19,300162.967896701
2022-10-20,300162.967896701
2022-10-21,300162.967896701
2022-10-22,300162.967896701
2022-10-23,300162.967896701
2022-10-24,300162.967896701
2022-10-25,300162.967896701
2022-10-26,300162.967896701
2022-10-27,300162.967896701
2022-10-28,300162.967896701
2022-10-29,300162.967896701
2022-10-30,300162.967896701
2022-10-31,300162.967896701
2022-11-01,300162.967896701
2022-11-02,300162.967896701
2022-11-03,300162.967896701
2022-11-04,300162.967896701
2022-11-05,300162.967896701
2022-11-06,300162.967896701
2022-11-07,300162.967896701
2022-11-08,300162.967896701
2022-11-09,300162.967896701
2022-11-10,300162.967896701
2022-11-11,300162.967896701
2022-11-12,300162.967896701
2022-11-13,300162.967896701
2022-11-14,300162.967896701
2022-11-15,300162.967896701
2022-11-16,300162.967896701
2022-11-17,300162.967896701
2022-11-18,300162.967896701
2022-11-19,300162.967896701
2022-11-20,300162.967896701
2022-11-21,300162.967896701
2022-11-22,300162.967896701
2022-11-23,300162.967896701
2022-11-24,300162.967896701
2022-11-25,300162.967896701
2022-11-26,300162.967896701
2022-11-27,300162.967896701
2022-11-28,300162.967896701
2022-11-29,300162.967896701
2022-11-30,300162.967896701
2022-12-01,309236.72099122405
2022-12-02,309236.72099122405
2022-12-03,309236.72099122405
2022-12-04,309236.72099122405
2022-12-05,309236.72099122405
2022-12-06,309236.72099122405
2022-12-07,309236.72099122405
2022-12-08,309236.72099122405
2022-12-09,309236.72099122405
2022-12-10,309236.72099122405
2022-12-11,309236.72099122405
2022-12-12,309236.72099122405
2022-12-13,309236.72099122405
2022-12-14,309236.72099122405
2022-12-15,309236.72099122405
2022-12-16,309236.72099122405
2022-12-17,309236.72099122405
2022-12-18,309236.72099122405
2022-12-19,309236.72099122405
2022-12-20,309236.72099122405
2022-12-21,309236.72099122405
2022-12-22,309236.72099122405
2022-12-23,309236.72099122405
2022-12-24,309236.72099122405
2022-12-25,309236.72099122405
2022-12-26,309236.72099122405
2022-12-27,309236.72099122405
2022-12-28,309236.72099122405
2022-12-29,309236.72099122405
2022-12-30,302376.0593124022
2022-12-31,302376.0593124022
2023-01-01,302376.0593124022
2023-01-02,302376.0593124022
2023-01-03,296165.5321642606
2023-01-04,296165.5321642606
2023-01-05,296165.5321642606
2023-01-06,296165.5321642606
2023-01-07,296165.5321642606
2023-01-08,296165.5321642606
2023-01-09,296165.5321642606
2023-01-10,296165.5321642606
2023-01-11,296165.5321642606
2023-01-12,296165.5321642606
2023-01-13,296165.5321642606
2023-01-14,296165.5321642606
2023-01-15,296165.5321642606
2023-01-16,296165.5321642606
2023-01-17,296165.5321642606
2023-01-18,296165.5321642606
2023-01-19,296165.5321642606
2023-01-20,296165.5321642606
2023-01-21,296165.5321642606
2023-01-22,296165.5321642606
2023-01-23,296165.5321642606
2023-01-24,296165.5321642606
2023-01-25,296165.5321642606
2023-01-26,296165.5321642606
2023-01-27,296165.5321642606
2023-01-28,296165.5321642606
2023-01-29,296165.5321642606
2023-01-30,296165.5321642606
2023-01-31,296165.5321642606
2023-02-01,296165.5321642606
2023-02-02,296165.5321642606
2023-02-03,296165.5321642606
2023-02-04,296165.5321642606
2023-02-05,296165.5321642606
2023-02-06,296165.5321642606
2023-02-07,296165.5321642606
2023-02-08,296165.5321642606
2023-02-09,296165.5321642606
2023-02-10,296165.5321642606
2023-02-11,296165.5321642606
2023-02-12,296165.5321642606
2023-02-13,296165.5321642606
2023-02-14,296165.5321642606
2023-02-15,296165.5321642606
2023-02-16,296165.5321642606
2023-02-17,296165.5321642606
2023-02-18,296165.5321642606
2023-02-19,296165.5321642606
2023-02-20,296165.5321642606
2023-02-21,296165.5321642606
2023-02-22,296165.5321642606
2023-02-23,296165.5321642606
2023-02-24,296165.5321642606
2023-02-25,296165.5321642606
2023-02-26,296165.5321642606
2023-02-27,296165.5321642606
2023-02-28,296165.5321642606
2023-03-01,296165.5321642606
2023-03-02,296165.5321642606
2023-03-03,304534.2462841313
2023-03-04,304534.2462841313
2023-03-05,304534.2462841313
2023-03-06,304534.2462841313
2023-03-07,304534.2462841313
2023-03-08,304534.2462841313
2023-03-09,304534.2462841313
2023-03-10,304534.2462841313
2023-03-11,304534.2462841313
2023-03-12,304534.2462841313
2023-03-13,304534.2462841313
2023-03-14,304534.2462841313
2023-03-15,304534.2462841313
2023-03-16,304534.2462841313
2023-03-17,304534.2462841313
2023-03-18,304534.2462841313
2023-03-19,304534.2462841313
2023-03-20,304534.2462841313
2023-03-21,304534.2462841313
2023-03-22,304534.2462841313
2023-03-23,306419.3967486959
2023-03-24,306419.3967486959
2023-03-25,306419.3967486959
2023-03-26,306419.3967486959
2023-03-27,306419.3967486959
2023-03-28,306419.3967486959
2023-03-29,306419.3967486959
2023-03-30,306419.3967486959
2023-03-31,306419.3967486959
2023-04-01,306419.3967486959
2023-04-02,306419.3967486959
2023-04-03,306419.3967486959
2023-04-04,306419.3967486959
2023-04-05,306419.3967486959
2023-04-06,306419.3967486959
2023-04-07,306419.3967486959
2023-04-08,306419.3967486959
2023-04-09,306419.3967486959
2023-04-10,306419.3967486959
2023-04-11,306419.3967486959
2023-04-12,306419.3967486959
2023-04-13,306419.3967486959
2023-04-14,306419.3967486959
2023-04-15,306419.3967486959
2023-04-16,306419.3967486959
2023-04-17,300066.17572429794
2023-04-18,300066.17572429794
2023-04-19,300066.17572429794
2023-04-20,300066.17572429794
2023-04-21,300066.17572429794
2023-04-22,300066.17572429794
2023-04-23,300066.17572429794
2023-04-24,300066.17572429794
2023-04-25,300066.17572429794
2023-04-26,300066.17572429794
2023-04-27,300066.17572429794
2023-04-28,300066.17572429794
2023-04-29,300066.17572429794
2023-04-30,300066.17572429794
2023-05-01,300066.17572429794
2023-05-02,300066.17572429794
2023-05-03,300066.17572429794
2023-05-04,300066.17572429794
2023-05-05,300066.17572429794
2023-05-06,300066.17572429794
2023-05-07,300066.17572429794
2023-05-08,300066.17572429794
2023-05-09,298928.9287923462
2023-05-10,298928.9287923462
2023-05-11,298928.9287923462
2023-05-12,298928.9287923462
2023-05-13,298928.9287923462
2023-05-14,298928.9287923462
2023-05-15,298928.9287923462
2023-05-16,298928.9287923462
2023-05-17,298928.9287923462
2023-05-18,298928.9287923462
2023-05-19,298928.9287923462
2023-05-20,298928.9287923462
2023-05-21,298928.9287923462
2023-05-22,298928.9287923462
2023-05-23,298928.9287923462
2023-05-24,298928.9287923462
2023-05-25,298928.9287923462
2023-05-26,298928.9287923462
2023-05-27,298928.9287923462
2023-05-28,298928.9287923462
2023-05-29,298928.9287923462
2023-05-30,298928.9287923462
2023-05-31,308070.99359285977
2023-06-01,308070.99359285977
2023-06-02,308070.99359285977
2023-06-03,308070.99359285977
2023-06-04,308070.99359285977
2023-06-05,308070.99359285977
2023-06-06,308070.99359285977
2023-06-07,308070.99359285977
2023-06-08,308070.99359285977
2023-06-09,308070.99359285977
2023-06-10,308070.99359285977
2023-06-11,308070.99359285977
2023-06-12,301439.2363262042
2023-06-13,301439.2363262042
2023-06-14,301439.2363262042
2023-06-15,301439.2363262042
2023-06-16,301439.2363262042
2023-06-17,301439.2363262042
2023-06-18,301439.2363262042
2023-06-19,301439.2363262042
2023-06-20,301439.2363262042
2023-06-21,301439.2363262042
2023-06-22,301439.2363262042
2023-06-23,301439.2363262042
2023-06-24,301439.2363262042
2023-06-25,301439.2363262042
2023-06-26,301439.2363262042
2023-06-27,301439.2363262042
2023-06-28,301439.2363262042
2023-06-29,301439.2363262042
2023-06-30,301439.2363262042
2023-07-01,301439.2363262042
2023-07-02,301439.2363262042
2023-07-03,301439.2363262042
2023-07-04,301439.2363262042
2023-07-05,301439.2363262042
2023-07-06,301439.2363262042
2023-07-07,301439.2363262042
2023-07-08,301439.2363262042
2023-07-09,301439.2363262042
2023-07-10,301439.2363262042
2023-07-11,304406.6012542227
2023-07-12,304406.6012542227
2023-07-13,304406.6012542227
2023-07-14,304406.6012542227
2023-07-15,304406.6012542227
2023-07-16,304406.6012542227
2023-07-17,297834.32354125864
2023-07-18,319349.0673875785
2023-07-19,319349.0673875785
2023-07-20,319349.0673875785
2023-07-21,319349.0673875785
2023-07-22,319349.0673875785
2023-07-23,319349.0673875785
2023-07-24,319349.0673875785
2023-07-25,319349.0673875785
2023-07-26,319349.0673875785
2023-07-27,319349.0673875785
2023-07-28,319349.0673875785
2023-07-29,319349.0673875785
2023-07-30,319349.0673875785
2023-07-31,319349.0673875785
2023-08-01,319349.0673875785
2023-08-02,319349.0673875785
2023-08-03,319349.0673875785
2023-08-04,319349.0673875785
2023-08-05,319349.0673875785
2023-08-06,319349.0673875785
2023-08-07,319349.0673875785
2023-08-08,319349.0673875785
2023-08-09,319349.0673875785
2023-08-10,319349.0673875785
2023-08-11,319349.0673875785
2023-08-12,319349.0673875785
2023-08-13,319349.0673875785
2023-08-14,319349.0673875785
2023-08-15,319349.0673875785
2023-08-16,319349.0673875785
2023-08-17,319349.0673875785
2023-08-18,319349.0673875785
2023-08-19,319349.0673875785
2023-08-20,319349.0673875785
2023-08-21,319349.0673875785
2023-08-22,319349.0673875785
2023-08-23,319349.0673875785
2023-08-24,319349.0673875785
2023-08-25,319349.0673875785
2023-08-26,319349.0673875785
2023-08-27,319349.0673875785
2023-08-28,319349.0673875785
2023-08-29,319349.0673875785
2023-08-30,319349.0673875785
2023-08-31,319349.0673875785
2023-09-01,319349.0673875785
2023-09-02,319349.0673875785
2023-09-03,319349.0673875785
2023-09-04,319349.0673875785
2023-09-05,319349.0673875785
2023-09-06,319349.0673875785
2023-09-07,319349.0673875785
2023-09-08,319349.0673875785
2023-09-09,319349.0673875785
2023-09-10,319349.0673875785
2023-09-11,319349.0673875785
2023-09-12,330106.89862150163
2023-09-13,330106.89862150163
2023-09-14,330106.89862150163
2023-09-15,330106.89862150163
2023-09-16,330106.89862150163
2023-09-17,330106.89862150163
2023-09-18,330106.89862150163
2023-09-19,330106.89862150163
2023-09-20,330106.89862150163
2023-09-21,330106.89862150163
2023-09-22,330106.89862150163
2023-09-23,330106.89862150163
2023-09-24,330106.89862150163
2023-09-25,330106.89862150163
2023-09-26,330106.89862150163
2023-09-27,341595.51694359374
2023-09-28,341595.51694359374
2023-09-29,341595.51694359374
2023-09-30,341595.51694359374
2023-10-01,341595.51694359374
2023-10-02,357504.6949270988
2023-10-03,357504.6949270988
2023-10-04,357504.6949270988
2023-10-05,357504.6949270988
2023-10-06,357504.6949270988
2023-10-07,357504.6949270988
2023-10-08,357504.6949270988
2023-10-09,357504.6949270988
2023-10-10,357504.6949270988
2023-10-11,357504.6949270988
2023-10-12,357504.6949270988
2023-10-13,357504.6949270988
2023-10-14,357504.6949270988
2023-10-15,357504.6949270988
2023-10-16,357504.6949270988
2023-10-17,357504.6949270988
2023-10-18,357504.6949270988
2023-10-19,357504.6949270988
2023-10-20,357504.6949270988
2023-10-21,357504.6949270988
2023-10-22,357504.6949270988
2023-10-23,357504.6949270988
2023-10-24,357504.6949270988
2023-10-25,357504.6949270988
2023-10-26,357504.6949270988
2023-10-27,357504.6949270988
2023-10-28,357504.6949270988
2023-10-29,357504.6949270988
2023-10-30,357504.6949270988
2023-10-31,357504.6949270988
2023-11-01,357504.6949270988
2023-11-02,357504.6949270988
2023-11-03,357504.6949270988
2023-11-04,357504.6949270988
2023-11-05,357504.6949270988
2023-11-06,357504.6949270988
2023-11-07,357504.6949270988
2023-11-08,357504.6949270988
2023-11-09,357504.6949270988
2023-11-10,357504.6949270988
2023-11-11,357504.6949270988
2023-11-12,357504.6949270988
2023-11-13,357504.6949270988
2023-11-14,357504.6949270988
2023-11-15,357504.6949270988
2023-11-16,357504.6949270988
2023-11-17,357504.6949270988
2023-11-18,357504.6949270988
2023-11-19,357504.6949270988
2023-11-20,357504.6949270988
2023-11-21,357504.6949270988
2023-11-22,357504.6949270988
2023-11-23,357504.6949270988
2023-11-24,357504.6949270988
2023-11-25,357504.6949270988
2023-11-26,357504.6949270988
2023-11-27,357504.6949270988
2023-11-28,357504.6949270988
2023-11-29,357504.6949270988
2023-11-30,357504.6949270988
2023-12-01,349654.8120490077
2023-12-02,349654.8120490077
2023-12-03,349654.8120490077
2023-12-04,349654.8120490077
2023-12-05,349654.8120490077
2023-12-06,349654.8120490077
2023-12-07,349654.8120490077
2023-12-08,349654.8120490077
2023-12-09,349654.8120490077
2023-12-10,349654.8120490077
2023-12-11,349654.8120490077
2023-12-12,349654.8120490077
2023-12-13,349654.8120490077
2023-12-14,342188.4098018697
2023-12-15,342188.4098018697
2023-12-16,342188.4098018697
2023-12-17,342188.4098018697
2023-12-18,342188.4098018697
2023-12-19,342188.4098018697
2023-12-20,342188.4098018697
2023-12-21,342188.4098018697
2023-12-22,342188.4098018697
2023-12-23,342188.4098018697
2023-12-24,342188.4098018697
2023-12-25,342188.4098018697
2023-12-26,342188.4098018697
2023-12-27,334481.0746410325
2023-12-28,334481.0746410325
2023-12-29,334481.0746410325
2023-12-30,334481.0746410325
2023-12-31,334481.0746410325
2024-01-01,334481.0746410325
2024-01-02,334481.0746410325
2024-01-03,334481.0746410325
2024-01-04,334481.0746410325
2024-01-05,334481.0746410325
2024-01-06,334481.0746410325
2024-01-07,334481.0746410325
2024-01-08,334481.0746410325
2024-01-09,334481.0746410325
2024-01-10,334481.0746410325
2024-01-11,334481.0746410325
2024-01-12,334481.0746410325
2024-01-13,334481.0746410325
2024-01-14,334481.0746410325
2024-01-15,334481.0746410325
2024-01-16,334481.0746410325
2024-01-17,334481.0746410325
2024-01-18,334481.0746410325
2024-01-19,334481.0746410325
2024-01-20,334481.0746410325
2024-01-21,334481.0746410325
2024-01-22,334481.0746410325
2024-01-23,334481.0746410325
2024-01-24,334481.0746410325
2024-01-25,334481.0746410325
2024-01-26,334481.0746410325
2024-01-27,334481.0746410325
2024-01-28,334481.0746410325
2024-01-29,327344.7338498598
2024-01-30,327344.7338498598
2024-01-31,327344.7338498598
2024-02-01,327344.7338498598
2024-02-02,327344.7338498598
2024-02-03,327344.7338498598
2024-02-04,327344.7338498598
2024-02-05,327344.7338498598
2024-02-06,327344.7338498598
2024-02-07,327344.7338498598
2024-02-08,327344.7338498598
2024-02-09,327344.7338498598
2024-02-10,327344.7338498598
2024-02-11,327344.7338498598
2024-02-12,327344.7338498598
2024-02-13,327344.7338498598
2024-02-14,327344.7338498598
2024-02-15,327344.7338498598
2024-02-16,327344.7338498598
2024-02-17,327344.7338498598
2024-02-18,327344.7338498598
2024-02-19,327344.7338498598
2024-02-20,341810.8963148391
2024-02-21,341810.8963148391
2024-02-22,341810.8963148391
2024-02-23,341810.8963148391
2024-02-24,341810.8963148391
2024-02-25,341810.8963148391
2024-02-26,341810.8963148391
2024-02-27,341810.8963148391
2024-02-28,341810.8963148391
2024-02-29,341810.8963148391
2024-03-01,341810.8963148391
2024-03-02,341810.8963148391
2024-03-03,341810.8963148391
2024-03-04,341810.8963148391
2024-03-05,341810.8963148391
2024-03-06,341810.8963148391
2024-03-07,341810.8963148391
2024-03-08,341810.8963148391
2024-03-09,341810.8963148391
2024-03-10,341810.8963148391
2024-03-11,341810.8963148391
2024-03-12,341810.8963148391
2024-03-13,341810.8963148391
2024-03-14,341810.8963148391
2024-03-15,341810.8963148391
2024-03-16,341810.8963148391
2024-03-17,341810.8963148391
2024-03-18,341810.8963148391
2024-03-19,341810.8963148391
2024-03-20,341810.8963148391
2024-03-21,341810.8963148391
2024-03-22,341810.8963148391
2024-03-23,341810.8963148391
2024-03-24,341810.8963148391
2024-03-25,341810.8963148391
2024-03-26,341810.8963148391
2024-03-27,341810.8963148391
2024-03-28,341810.8963148391
2024-03-29,341810.8963148391
2024-03-30,341810.8963148391
2024-03-31,341810.8963148391
2024-04-01,341810.8963148391
2024-04-02,341810.8963148391
2024-04-03,341810.8963148391
2024-04-04,341810.8963148391
2024-04-05,341810.8963148391
2024-04-06,341810.8963148391
2024-04-07,341810.8963148391
2024-04-08,341810.8963148391
2024-04-09,341810.8963148391
2024-04-10,341810.8963148391
2024-04-11,341810.8963148391
2024-04-12,341810.8963148391
2024-04-13,341810.8963148391
2024-04-14,341810.8963148391
2024-04-15,341810.8963148391
2024-04-16,341810.8963148391
2024-04-17,341810.8963148391
2024-04-18,341810.8963148391
2024-04-19,341810.8963148391
2024-04-20,341810.8963148391
2024-04-21,341810.8963148391
2024-04-22,341810.8963148391
2024-04-23,341810.8963148391
2024-04-24,341810.8963148391
2024-04-25,341810.8963148391
2024-04-26,341810.8963148391
2024-04-27,341810.8963148391
2024-04-28,341810.8963148391
2024-04-29,341810.8963148391
2024-04-30,341810.8963148391
2024-05-01,341810.8963148391
2024-05-02,341810.8963148391
2024-05-03,341810.8963148391
2024-05-04,341810.8963148391
2024-05-05,341810.8963148391
2024-05-06,341810.8963148391
2024-05-07,341810.8963148391
2024-05-08,334753.6204119441
2024-05-09,327698.1134191432
2024-05-10,332071.250294331
2024-05-11,332071.250294331
2024-05-12,332071.250294331
2024-05-13,332071.250294331
2024-05-14,332071.250294331
2024-05-15,332071.250294331
2024-05-16,332071.250294331
2024-05-17,332071.250294331
2024-05-18,332071.250294331
2024-05-19,332071.250294331
2024-05-20,325253.0741239497
2024-05-21,325253.0741239497
2024-05-22,325253.0741239497
2024-05-23,325253.0741239497
2024-05-24,325253.0741239497
2024-05-25,325253.0741239497
2024-05-26,325253.0741239497
2024-05-27,325253.0741239497
2024-05-28,325253.0741239497
2024-05-29,325253.0741239497
2024-05-30,325253.0741239497
2024-05-31,325253.0741239497
2024-06-01,325253.0741239497
2024-06-02,325253.0741239497
2024-06-03,325253.0741239497
2024-06-04,325253.0741239497
2024-06-05,325253.0741239497
2024-06-06,325253.0741239497
2024-06-07,325253.0741239497
2024-06-08,325253.0741239497
2024-06-09,325253.0741239497
2024-06-10,325253.0741239497
2024-06-11,325253.0741239497
2024-06-12,325253.0741239497
2024-06-13,325253.0741239497
2024-06-14,325253.0741239497
2024-06-15,325253.0741239497
2024-06-16,325253.0741239497
2024-06-17,325253.0741239497
2024-06-18,325253.0741239497
2024-06-19,325253.0741239497
2024-06-20,334713.0263584792
2024-06-21,334713.0263584792
2024-06-22,334713.0263584792
2024-06-23,334713.0263584792
2024-06-24,334713.0263584792
2024-06-25,334713.0263584792
2024-06-26,334713.0263584792
2024-06-27,334713.0263584792
2024-06-28,334713.0263584792
2024-06-29,334713.0263584792
2024-06-30,334713.0263584792
2024-07-01,334713.0263584792
2024-07-02,334713.0263584792
2024-07-03,356280.17715507717
2024-07-04,356280.17715507717
2024-07-05,348788.8298140491
2024-07-06,348788.8298140491
2024-07-07,348788.8298140491
2024-07-08,348788.8298140491
2024-07-09,348788.8298140491
2024-07-10,355129.53856813646
2024-07-11,382105.79724704125
2024-07-12,382105.79724704125
2024-07-13,382105.79724704125
2024-07-14,382105.79724704125
2024-07-15,382105.79724704125
2024-07-16,382105.79724704125
2024-07-17,382105.79724704125
2024-07-18,382105.79724704125
2024-07-19,382105.79724704125
2024-07-20,382105.79724704125
2024-07-21,382105.79724704125
2024-07-22,382105.79724704125
2024-07-23,382105.79724704125
2024-07-24,382105.79724704125
2024-07-25,382105.79724704125
2024-07-26,382105.79724704125
2024-07-27,382105.79724704125
2024-07-28,382105.79724704125
2024-07-29,382105.79724704125
2024-07-30,382105.79724704125
2024-07-31,382105.79724704125
2024-08-01,382105.79724704125
2024-08-02,382105.79724704125
2024-08-03,382105.79724704125
2024-08-04,382105.79724704125
2024-08-05,382105.79724704125
2024-08-06,382105.79724704125
2024-08-07,382105.79724704125
2024-08-08,382105.79724704125
2024-08-09,382105.79724704125
2024-08-10,382105.79724704125
2024-08-11,382105.79724704125
2024-08-12,401889.4304590446
2024-08-13,401889.4304590446
2024-08-14,401889.4304590446
2024-08-15,401889.4304590446
2024-08-16,401889.4304590446
2024-08-17,401889.4304590446
2024-08-18,401889.4304590446
2024-08-19,401889.4304590446
2024-08-20,401889.4304590446
2024-08-21,401889.4304590446
2024-08-22,401889.4304590446
2024-08-23,401889.4304590446
2024-08-24,401889.4304590446
2024-08-25,401889.4304590446
2024-08-26,401889.4304590446
2024-08-27,401889.4304590446
2024-08-28,401889.4304590446
2024-08-29,401889.4304590446
2024-08-30,401889.4304590446
2024-08-31,401889.4304590446
2024-09-01,401889.4304590446
2024-09-02,401889.4304590446
2024-09-03,401889.4304590446
2024-09-04,401889.4304590446
2024-09-05,401889.4304590446
2024-09-06,401889.4304590446
2024-09-07,401889.4304590446
2024-09-08,401889.4304590446
2024-09-09,401889.4304590446
2024-09-10,401889.4304590446
2024-09-11,401889.4304590446
2024-09-12,401889.4304590446
2024-09-13,405262.9259738336
2024-09-14,405262.9259738336
2024-09-15,405262.9259738336
2024-09-16,396801.3923545996
2024-09-17,396801.3923545996
2024-09-18,396801.3923545996
2024-09-19,396801.3923545996
2024-09-20,412712.4600045215
2024-09-21,412712.4600045215
2024-09-22,412712.4600045215
2024-09-23,404239.41029548226
2024-09-24,404239.41029548226
2024-09-25,404239.41029548226
2024-09-26,404239.41029548226
2024-09-27,404239.41029548226
2024-09-28,404239.41029548226
2024-09-29,404239.41029548226
2024-09-30,404239.41029548226
2024-10-01,404239.41029548226
2024-10-02,404239.41029548226
2024-10-03,404239.41029548226
2024-10-04,404239.41029548226
2024-10-05,404239.41029548226
2024-10-06,404239.41029548226
2024-10-07,404239.41029548226
2024-10-08,404239.41029548226
2024-10-09,404239.41029548226
2024-10-10,404239.41029548226
2024-10-11,404239.41029548226
2024-10-12,404239.41029548226
2024-10-13,404239.41029548226
2024-10-14,404239.41029548226
2024-10-15,404239.41029548226
2024-10-16,404970.6563832118
2024-10-17,404970.6563832118
2024-10-18,407499.0670920051
2024-10-19,407499.0670920051
2024-10-20,407499.0670920051
2024-10-21,407499.0670920051
2024-10-22,407499.0670920051
2024-10-23,407499.0670920051
2024-10-24,407499.0670920051
2024-10-25,407499.0670920051
2024-10-26,407499.0670920051
2024-10-27,407499.0670920051
2024-10-28,407499.0670920051
2024-10-29,407499.0670920051
2024-10-30,398812.9027671491
2024-10-31,398812.9027671491
2024-11-01,398812.9027671491
2024-11-02,398812.9027671491
2024-11-03,398812.9027671491
2024-11-04,398812.9027671491
2024-11-05,398812.9027671491
2024-11-06,398812.9027671491
2024-11-07,398812.9027671491
2024-11-08,398812.9027671491
2024-11-09,398812.9027671491
2024-11-10,398812.9027671491
2024-11-11,398812.9027671491
2024-11-12,398812.9027671491
2024-11-13,398812.9027671491
2024-11-14,398812.9027671491
2024-11-15,398812.9027671491
2024-11-16,398812.9027671491
2024-11-17,398812.9027671491
2024-11-18,398812.9027671491
2024-11-19,398139.9337648092
2024-11-20,398139.9337648092
2024-11-21,406794.94608803483
2024-11-22,414068.8521454093
2024-11-23,414068.8521454093
2024-11-24,414068.8521454093
2024-11-25,414068.8521454093
2024-11-26,414068.8521454093
2024-11-27,414068.8521454093
2024-11-28,414068.8521454093
2024-11-29,414068.8521454093
2024-11-30,414068.8521454093
2024-12-01,414068.8521454093
2024-12-02,414068.8521454093
2024-12-03,414068.8521454093
2024-12-04,414068.8521454093
2024-12-05,414068.8521454093
2024-12-06,414068.8521454093
2024-12-07,414068.8521454093
2024-12-08,414068.8521454093
2024-12-09,414068.8521454093
2024-12-10,414068.8521454093
2024-12-11,414068.8521454093
2024-12-12,405533.2696833342
2024-12-13,405533.2696833342
2024-12-14,405533.2696833342
2024-12-15,405533.2696833342
2024-12-16,405533.2696833342
2024-12-17,405533.2696833342
2024-12-18,405533.2696833342
2024-12-19,405533.2696833342
2024-12-20,405533.2696833342
2024-12-21,405533.2696833342
2024-12-22,405533.2696833342
2024-12-23,405533.2696833342
2024-12-24,405533.2696833342
2024-12-25,405533.2696833342
2024-12-26,405533.2696833342
2024-12-27,405533.2696833342
2024-12-28,405533.2696833342
2024-12-29,405533.2696833342
2024-12-30,405533.2696833342
2024-12-31,405533.2696833342
2025-01-01,405533.2696833342
2025-01-02,405533.2696833342
2025-01-03,405533.2696833342
2025-01-04,405533.2696833342
2025-01-05,405533.2696833342
2025-01-06,405533.2696833342
2025-01-07,407525.06018818397
2025-01-08,407525.06018818397
2025-01-09,407525.06018818397
2025-01-10,398775.25742531987
2025-01-11,398775.25742531987
2025-01-12,398775.25742531987
2025-01-13,398775.25742531987
2025-01-14,398775.25742531987
2025-01-15,398775.25742531987
2025-01-16,398775.25742531987
2025-01-17,398775.25742531987
2025-01-18,398775.25742531987
2025-01-19,398775.25742531987
2025-01-20,398030.9532836788
2025-01-21,389788.79154547915
2025-01-22,389788.79154547915
2025-01-23,381416.6182409347
2025-01-24,379656.62400516856
2025-01-25,379656.62400516856
2025-01-26,379656.62400516856
2025-01-27,379656.62400516856
2025-01-28,379656.62400516856
2025-01-29,379656.62400516856
2025-01-30,379656.62400516856
2025-01-31,379656.62400516856
2025-02-01,379656.62400516856
2025-02-02,379656.62400516856
2025-02-03,379656.62400516856
2025-02-04,379656.62400516856
2025-02-05,383115.9202551077
2025-02-06,383115.9202551077
2025-02-07,383115.9202551077
2025-02-08,383115.9202551077
2025-02-09,383115.9202551077
2025-02-10,407659.1735520025
2025-02-11,407659.1735520025
2025-02-12,407659.1735520025
2025-02-13,407659.1735520025
2025-02-14,407659.1735520025
2025-02-15,407659.1735520025
2025-02-16,407659.1735520025
2025-02-17,407659.1735520025
2025-02-18,407659.1735520025
2025-02-19,407659.1735520025
2025-02-20,407659.1735520025
2025-02-21,407659.1735520025
2025-02-22,407659.1735520025
2025-02-23,407659.1735520025
2025-02-24,407659.1735520025
2025-02-25,407659.1735520025
2025-02-26,407659.1735520025
2025-02-27,407659.1735520025
2025-02-28,407659.1735520025
2025-03-01,407659.1735520025
2025-03-02,407659.1735520025
2025-03-03,407659.1735520025
2025-03-04,407659.1735520025
2025-03-05,407659.1735520025
2025-03-06,407659.1735520025
2025-03-07,407659.1735520025
2025-03-08,407659.1735520025
2025-03-09,407659.1735520025
2025-03-10,407659.1735520025
2025-03-11,407659.1735520025
2025-03-12,407659.1735520025
2025-03-13,407659.1735520025
2025-03-14,407659.1735520025
2025-03-15,407659.1735520025
2025-03-16,407659.1735520025
2025-03-17,407659.1735520025
2025-03-18,407659.1735520025
2025-03-19,399225.32972051355
2025-03-20,399225.32972051355
2025-03-21,399225.32972051355
2025-03-22,399225.32972051355
2025-03-23,399225.32972051355
2025-03-24,399225.32972051355
2025-03-25,399225.32972051355
2025-03-26,399225.32972051355
2025-03-27,399225.32972051355
2025-03-28,397667.00580157916
2025-03-29,397667.00580157916
2025-03-30,397667.00580157916
2025-03-31,399430.1314548525
2025-04-01,399430.1314548525
2025-04-02,399430.1314548525
2025-04-03,399430.1314548525
2025-04-04,399430.1314548525
2025-04-05,399430.1314548525
2025-04-06,399430.1314548525
2025-04-07,399430.1314548525
2025-04-08,399430.1314548525
2025-04-09,399430.1314548525
2025-04-10,399430.1314548525
2025-04-11,399430.1314548525
2025-04-12,399430.1314548525
2025-04-13,399430.1314548525
2025-04-14,399430.1314548525
2025-04-15,399430.1314548525
2025-04-16,404674.1220793156
2025-04-17,404674.1220793156
2025-04-18,404674.1220793156
2025-04-19,404674.1220793156
2025-04-20,404674.1220793156
2025-04-21,416384.1274059298
2025-04-22,416384.1274059298
2025-04-23,416384.1274059298
2025-04-24,416384.1274059298
2025-04-25,416384.1274059298
2025-04-26,416384.1274059298
2025-04-27,416384.1274059298
2025-04-28,416384.1274059298
2025-04-29,416384.1274059298
2025-04-30,416384.1274059298
2025-05-01,416384.1274059298
2025-05-02,416384.1274059298
2025-05-03,416384.1274059298
2025-05-04,416384.1274059298
2025-05-05,416384.1274059298
2025-05-06,416384.1274059298
2025-05-07,416384.1274059298
2025-05-08,416384.1274059298
2025-05-09,416384.1274059298
2025-05-10,416384.1274059298
2025-05-11,416384.1274059298
2025-05-12,416384.1274059298
2025-05-13,416384.1274059298
2025-05-14,416384.1274059298
2025-05-15,416384.1274059298
2025-05-16,416384.1274059298
2025-05-17,416384.1274059298
2025-05-18,416384.1274059298
2025-05-19,416384.1274059298
2025-05-20,416384.1274059298
2025-05-21,415553.62672975584
2025-05-22,415553.62672975584
2025-05-23,415553.62672975584
2025-05-24,415553.62672975584
2025-05-25,415553.62672975584
2025-05-26,415553.62672975584
2025-05-27,415553.62672975584
2025-05-28,415553.62672975584
2025-05-29,415553.62672975584
2025-05-30,415553.62672975584
2025-05-31,415553.62672975584
2025-06-01,415553.62672975584
2025-06-02,415553.62672975584
2025-06-03,415553.62672975584
2025-06-04,415553.62672975584
2025-06-05,415553.62672975584
2025-06-06,415553.62672975584
2025-06-07,415553.62672975584
2025-06-08,415553.62672975584
2025-06-09,419423.9750716767
2025-06-10,419423.9750716767
2025-06-11,419423.9750716767
2025-06-12,419423.9750716767
2025-06-13,419423.9750716767
2025-06-14,419423.9750716767
2025-06-15,419423.9750716767
2025-06-16,419423.9750716767
2025-06-17,419423.9750716767
2025-06-18,419423.9750716767
2025-06-19,419423.9750716767
2025-06-20,419423.9750716767
2025-06-21,419423.9750716767
2025-06-22,419423.9750716767
2025-06-23,419423.9750716767
2025-06-24,419423.9750716767
2025-06-25,419423.9750716767
2025-06-26,419423.9750716767
2025-06-27,419423.9750716767
2025-06-28,419423.9750716767
2025-06-29,419423.9750716767
2025-06-30,419423.9750716767
2025-07-01,436715.57591494446
2025-07-02,436715.57591494446
2025-07-03,436715.57591494446
2025-07-04,436715.57591494446
2025-07-05,436715.57591494446
2025-07-06,436715.57591494446
2025-07-07,436715.57591494446
2025-07-08,436715.57591494446
2025-07-09,436715.57591494446
2025-07-10,436715.57591494446
2025-07-11,459449.4007404367
2025-07-12,459449.4007404367
2025-07-13,459449.4007404367
2025-07-14,459449.4007404367
2025-07-15,459449.4007404367
2025-07-16,459449.4007404367
2025-07-17,459449.4007404367
2025-07-18,459449.4007404367
2025-07-19,459449.4007404367
2025-07-20,459449.4007404367
2025-07-21,459449.4007404367
2025-07-22,459449.4007404367
2025-07-23,459449.4007404367
2025-07-24,459449.4007404367
2025-07-25,459449.4007404367
2025-07-26,459449.4007404367
2025-07-27,459449.4007404367
2025-07-28,459449.4007404367
2025-07-29,459449.4007404367
2025-07-30,459449.4007404367
2025-07-31,459449.4007404367
2025-08-01,459449.4007404367
2025-08-02,459449.4007404367
2025-08-03,459449.4007404367
2025-08-04,459449.4007404367
2025-08-05,459449.4007404367
2025-08-06,459449.4007404367
2025-08-07,459449.4007404367
2025-08-08,459449.4007404367
2025-08-09,459449.4007404367
2025-08-10,459449.4007404367
2025-08-11,459449.4007404367
2025-08-12,459449.4007404367
2025-08-13,459449.4007404367
2025-08-14,459449.4007404367
2025-08-15,459449.4007404367
2025-08-16,459449.4007404367
2025-08-17,459449.4007404367
2025-08-18,459449.4007404367
2025-08-19,459449.4007404367
2025-08-20,459449.4007404367
2025-08-21,459449.4007404367
2025-08-22,459449.4007404367
2025-08-23,459449.4007404367
2025-08-24,459449.4007404367
2025-08-25,459449.4007404367
2025-08-26,459449.4007404367
2025-08-27,459449.4007404367
2025-08-28,459449.4007404367
2025-08-29,459449.4007404367
2025-08-30,459449.4007404367
2025-08-31,459449.4007404367
2025-09-01,459449.4007404367
2025-09-02,459449.4007404367
2025-09-03,459449.4007404367
2025-09-04,459449.4007404367
2025-09-05,449987.1342716559
2025-09-06,449987.1342716559
2025-09-07,449987.1342716559
2025-09-08,449987.1342716559
2025-09-09,449987.1342716559
2025-09-10,449987.1342716559
2025-09-11,449987.1342716559
2025-09-12,444248.7515353294
2025-09-13,444248.7515353294
2025-09-14,444248.7515353294
2025-09-15,444248.7515353294
2025-09-16,444248.7515353294
2025-09-17,444248.7515353294
2025-09-18,444248.7515353294
2025-09-19,444248.7515353294
2025-09-20,444248.7515353294
2025-09-21,444248.7515353294
2025-09-22,464359.5649436899
2025-09-23,464359.5649436899
2025-09-24,464359.5649436899
2025-09-25,464359.5649436899
2025-09-26,464359.5649436899
2025-09-27,464359.5649436899
2025-09-28,464359.5649436899
2025-09-29,467666.89845416206
2025-09-30,467666.89845416206
2025-10-01,467666.89845416206
2025-10-02,467666.89845416206
2025-10-03,467666.89845416206
2025-10-04,467666.89845416206
2025-10-05,467666.89845416206
2025-10-06,470919.33523997583
2025-10-07,470919.33523997583
2025-10-08,473467.0931122479
2025-10-09,473467.0931122479
2025-10-10,473467.0931122479
2025-10-11,473467.0931122479
2025-10-12,473467.0931122479
2025-10-13,473467.0931122479
2025-10-14,473467.0931122479
2025-10-15,475938.9303519233
2025-10-16,475938.9303519233
2025-10-17,475938.9303519233
2025-10-18,475938.9303519233
2025-10-19,475938.9303519233
2025-10-20,475938.9303519233
2025-10-21,475938.9303519233
2025-10-22,475938.9303519233
2025-10-23,475938.9303519233
2025-10-24,475938.9303519233
2025-10-25,475938.9303519233
2025-10-26,475938.9303519233
2025-10-27,475938.9303519233
2025-10-28,475938.9303519233
2025-10-29,475938.9303519233
2025-10-30,475938.9303519233
2025-10-31,475938.9303519233
2025-11-01,475938.9303519233
2025-11-02,475938.9303519233
2025-11-03,475938.9303519233
2025-11-04,475938.9303519233
2025-11-05,475938.9303519233
2025-11-06,475938.9303519233
2025-11-07,475938.9303519233
2025-11-08,475938.9303519233
2025-11-09,475938.9303519233
2025-11-10,482099.0073377049
2025-11-11,482099.0073377049
2025-11-12,482099.0073377049
2025-11-13,482099.0073377049
2025-11-14,482099.0073377049
2025-11-15,482099.0073377049
2025-11-16,482099.0073377049
2025-11-17,482099.0073377049
2025-11-18,482099.0073377049
2025-11-19,482099.0073377049
2025-11-20,482099.0073377049
2025-11-21,482099.0073377049
2025-11-22,482099.0073377049
2025-11-23,482099.0073377049
2025-11-24,482099.0073377049
2025-11-25,482099.0073377049
2025-11-26,482099.0073377049
2025-11-27,481190.1903577459
2025-11-28,481190.1903577459
2025-11-29,481190.1903577459
2025-11-30,481190.1903577459
2025-12-01,481190.1903577459
2025-12-02,481190.1903577459
2025-12-03,481190.1903577459
2025-12-04,481190.1903577459
2025-12-05,474014.29101050063
2025-12-06,474014.29101050063
2025-12-07,474014.29101050063
2025-12-08,464331.65117064916
2025-12-09,464331.65117064916
2025-12-10,464331.65117064916
2025-12-11,464331.65117064916
2025-12-12,467679.15842327505
2025-12-13,467679.15842327505
2025-12-14,467679.15842327505
2025-12-15,458176.4547579031
2025-12-16,458176.4547579031
2025-12-17,458176.4547579031
2025-12-18,458176.4547579031
2025-12-19,458176.4547579031
2025-12-20,458176.4547579031
2025-12-21,458176.4547579031
2025-12-22,466551.1493095948
2025-12-23,466551.1493095948
2025-12-24,466551.1493095948
2025-12-25,466551.1493095948
2025-12-26,476296.3430288551
2025-12-27,476296.3430288551
2025-12-28,476296.3430288551
2025-12-29,476296.3430288551
2025-12-30,476296.3430288551
2025-12-31,476296.3430288551
2026-01-01,476296.3430288551
2026-01-02,476296.3430288551
2026-01-03,476296.3430288551
2026-01-04,476296.3430288551
2026-01-05,487865.3739561789
2026-01-06,487865.3739561789
2026-01-07,487865.3739561789
2026-01-08,487865.3739561789
2026-01-09,487865.3739561789
2026-01-10,487865.3739561789
2026-01-11,487865.3739561789
2026-01-12,487865.3739561789
2026-01-13,487865.3739561789
2026-01-14,487865.3739561789
2026-01-15,487865.3739561789
2026-01-16,487865.3739561789
2026-01-17,487865.3739561789
2026-01-18,487865.3739561789
2026-01-19,486808.1797593322
2026-01-20,486808.1797593322
2026-01-21,477008.2352038103
2026-01-22,477008.2352038103
2026-01-23,477008.2352038103
2026-01-24,477008.2352038103
2026-01-25,477008.2352038103
2026-01-26,477008.2352038103
2026-01-27,477008.2352038103
2026-01-28,479536.33483240503
2026-01-29,479536.33483240503
2026-01-30,479536.33483240503
2026-01-31,479536.33483240503
2026-02-01,479536.33483240503
2026-02-02,479536.33483240503
2026-02-03,479536.33483240503
2026-02-04,479536.33483240503
2026-02-05,479536.33483240503
2026-02-06,479536.33483240503
2026-02-07,479536.33483240503
2026-02-08,479536.33483240503
2026-02-09,479536.33483240503
2026-02-10,479536.33483240503
2026-02-11,479536.33483240503
2026-02-12,479536.33483240503
2026-02-13,479536.33483240503
2026-02-14,479536.33483240503
2026-02-15,479536.33483240503
2026-02-16,479536.33483240503
2026-02-17,479536.33483240503
2026-02-18,479536.33483240503
2026-02-19,479536.33483240503
2026-02-20,479536.33483240503
2026-02-21,479536.33483240503
2026-02-22,479536.33483240503
2026-02-23,479536.33483240503
2026-02-24,479536.33483240503
2026-02-25,479536.33483240503
2026-02-26,479536.33483240503
2026-02-27,479536.33483240503
2026-02-28,479536.33483240503
2026-03-01,479536.33483240503
2026-03-02,479536.33483240503
2026-03-03,479536.33483240503
2026-03-04,479536.33483240503
2026-03-05,479536.33483240503
2026-03-06,479536.33483240503
2026-03-07,479536.33483240503
2026-03-08,479536.33483240503
2026-03-09,479536.33483240503
2026-03-10,479536.33483240503
2026-03-11,479536.33483240503
2026-03-12,479536.33483240503
2026-03-13,479536.33483240503
2026-03-14,479536.33483240503
2026-03-15,479536.33483240503
2026-03-16,479536.33483240503
2026-03-17,479536.33483240503
2026-03-18,479536.33483240503
2026-03-19,479536.33483240503
2026-03-20,479536.33483240503
2026-03-21,479536.33483240503
2026-03-22,479536.33483240503
2026-03-23,479536.33483240503
2026-03-24,479536.33483240503
2026-03-25,479536.33483240503
2026-03-26,479536.33483240503
2026-03-27,479536.33483240503
2026-03-28,479536.33483240503
2026-03-29,479536.33483240503
2026-03-30,479536.33483240503
2026-03-31,479536.33483240503
2026-04-01,479536.33483240503
2026-04-02,479536.33483240503
2026-04-03,479536.33483240503
2026-04-04,479536.33483240503
2026-04-05,479536.33483240503
2026-04-06,479536.33483240503
2026-04-07,479536.33483240503
2026-04-08,479536.33483240503
2026-04-09,479536.33483240503
2026-04-10,479536.33483240503
2026-04-11,479536.33483240503
2026-04-12,479536.33483240503
2026-04-13,473753.6500669992
2026-04-14,473753.6500669992
2026-04-15,473753.6500669992
2026-04-16,473753.6500669992
2026-04-17,473753.6500669992
2026-04-18,473753.6500669992
2026-04-19,473753.6500669992
2026-04-20,473753.6500669992
2026-04-21,473753.6500669992
2026-04-22,473753.6500669992
2026-04-23,473753.6500669992
2026-04-24,473753.6500669992
2026-04-25,473753.6500669992
2026-04-26,473753.6500669992
2026-04-27,473753.6500669992
2026-04-28,473753.6500669992
2026-04-29,473753.6500669992
2026-04-30,473753.6500669992
2026-05-01,473753.6500669992
2026-05-02,473753.6500669992
2026-05-03,473753.6500669992
2026-05-04,473753.6500669992
2026-05-05,473753.6500669992
2026-05-06,482979.2658581362
2026-05-07,482979.2658581362
2026-05-08,482979.2658581362
2026-05-09,482979.2658581362
2026-05-10,482979.2658581362
2026-05-11,482979.2658581362
2026-05-12,482979.2658581362
2026-05-13,482979.2658581362
2026-05-14,482979.2658581362
2026-05-15,482979.2658581362
2026-05-16,482979.2658581362
2026-05-17,482979.2658581362
2026-05-18,482979.2658581362
2026-05-19,482979.2658581362
2026-05-20,482979.2658581362
2026-05-21,482979.2658581362
2026-05-22,482979.2658581362
2026-05-23,482979.2658581362
2026-05-24,482979.2658581362
2026-05-25,482979.2658581362
2026-05-26,482979.2658581362
2026-05-27,482979.2658581362
2026-05-28,482979.2658581362
2026-05-29,482979.2658581362
2026-05-30,482979.2658581362
2026-05-31,482979.2658581362
2026-06-01,482979.2658581362
2026-06-02,482979.2658581362
2026-06-03,482979.2658581362
2026-06-04,482979.2658581362
2026-06-05,482979.2658581362
2026-06-06,482979.2658581362
2026-06-07,482979.2658581362
2026-06-08,482979.2658581362
2026-06-09,482979.2658581362
2026-06-10,482979.2658581362
2026-06-11,482979.2658581362
2026-06-12,482979.2658581362
2026-06-13,482979.2658581362
2026-06-14,482979.2658581362
2026-06-15,482979.2658581362
2026-06-16,482979.2658581362
2026-06-17,482979.2658581362
2026-06-18,482979.2658581362
2026-06-19,482979.2658581362
2026-06-20,482979.2658581362
2026-06-21,482979.2658581362
2026-06-22,482979.2658581362
2026-06-23,482979.2658581362
2026-06-24,482979.2658581362
2026-06-25,482979.2658581362
2026-06-26,482979.2658581362
2026-06-27,482979.2658581362
2026-06-28,482979.2658581362
2026-06-29,482979.2658581362
2026-06-30,482979.2658581362
2026-07-01,482979.2658581362
2026-07-02,482979.2658581362
2026-07-03,482979.2658581362
2026-07-04,482979.2658581362
2026-07-05,482979.2658581362
2026-07-06,482979.2658581362
2026-07-07,482979.2658581362
2026-07-08,482979.2658581362
2026-07-09,482979.2658581362
2026-07-10,482979.2658581362
2026-07-11,482979.2658581362
2026-07-12,482979.2658581362
2026-07-13,482979.2658581362
2026-07-14,482979.2658581362
2026-07-15,482979.2658581362
2026-07-16,482979.2658581362
2026-07-17,482979.2658581362
2026-07-18,482979.2658581362
2026-07-19,482979.2658581362
2026-07-20,482979.2658581362
2026-07-21,482979.2658581362
2026-07-22,482979.2658581362
2026-07-23,482979.2658581362
2026-07-24,482979.2658581362
2026-07-25,482979.2658581362
2026-07-26,482979.2658581362
2026-07-27,482979.2658581362
2026-07-28,486019.4370037087
2026-07-29,486019.4370037087
