date,equity
2016-07-28,100842.99695582624
2016-07-29,100842.99695582624
2016-07-30,100842.99695582624
2016-07-31,100842.99695582624
2016-08-01,100842.99695582624
2016-08-02,100842.99695582624
2016-08-03,100842.99695582624
2016-08-04,100842.99695582624
2016-08-05,100842.99695582624
2016-08-06,100842.99695582624
2016-08-07,100842.99695582624
2016-08-08,100842.99695582624
2016-08-09,100842.99695582624
2016-08-10,100842.99695582624
2016-08-11,100842.99695582624
2016-08-12,100842.99695582624
2016-08-13,100842.99695582624
2016-08-14,100842.99695582624
2016-08-15,100842.99695582624
2016-08-16,100842.99695582624
2016-08-17,100842.99695582624
2016-08-18,100842.99695582624
2016-08-19,100842.99695582624
2016-08-20,100842.99695582624
2016-08-21,100842.99695582624
2016-08-22,100842.99695582624
2016-08-23,100842.99695582624
2016-08-24,100842.99695582624
2016-08-25,100842.99695582624
2016-08-26,100842.99695582624
2016-08-27,100842.99695582624
2016-08-28,100842.99695582624
2016-08-29,100842.99695582624
2016-08-30,100842.99695582624
2016-08-31,100842.99695582624
2016-09-01,100842.99695582624
2016-09-02,100842.99695582624
2016-09-03,100842.99695582624
2016-09-04,100842.99695582624
2016-09-05,100842.99695582624
2016-09-06,100842.99695582624
2016-09-07,100842.99695582624
2016-09-08,100842.99695582624
2016-09-09,100842.99695582624
2016-09-10,100842.99695582624
2016-09-11,100842.99695582624
2016-09-12,100842.99695582624
2016-09-13,100842.99695582624
2016-09-14,100842.99695582624
2016-09-15,100842.99695582624
2016-09-16,100842.99695582624
2016-09-17,100842.99695582624
2016-09-18,100842.99695582624
2016-09-19,100842.99695582624
2016-09-20,100842.99695582624
2016-09-21,100842.99695582624
2016-09-22,100842.99695582624
2016-09-23,100842.99695582624
2016-09-24,100842.99695582624
2016-09-25,100842.99695582624
2016-09-26,100842.99695582624
2016-09-27,100842.99695582624
2016-09-28,100842.99695582624
2016-09-29,100842.99695582624
2016-09-30,100842.99695582624
2016-10-01,100767.86543119689
2016-10-02,100767.86543119689
2016-10-03,100767.86543119689
2016-10-04,100767.86543119689
2016-10-05,100767.86543119689
2016-10-06,100767.86543119689
2016-10-07,100767.86543119689
2016-10-08,100767.86543119689
2016-10-09,100767.86543119689
2016-10-10,100767.86543119689
2016-10-11,100767.86543119689
2016-10-12,100767.86543119689
2016-10-13,100767.86543119689
2016-10-14,100767.86543119689
2016-10-15,100767.86543119689
2016-10-16,100767.86543119689
2016-10-17,100767.86543119689
2016-10-18,100767.86543119689
2016-10-19,100767.86543119689
2016-10-20,100767.86543119689
2016-10-21,100767.86543119689
2016-10-22,100767.86543119689
2016-10-23,100767.86543119689
2016-10-24,100767.86543119689
2016-10-25,100927.32305205529
2016-10-26,100927.32305205529
2016-10-27,100927.32305205529
2016-10-28,100927.32305205529
2016-10-29,100927.32305205529
2016-10-30,100927.32305205529
2016-10-31,100927.32305205529
2016-11-01,100927.32305205529
2016-11-02,100927.32305205529
2016-11-03,100927.32305205529
2016-11-04,100927.32305205529
2016-11-05,100927.32305205529
2016-11-06,100927.32305205529
2016-11-07,100927.32305205529
2016-11-08,100927.32305205529
2016-11-09,100927.32305205529
2016-11-10,102838.18662496834
2016-11-11,102838.18662496834
2016-11-12,102838.18662496834
2016-11-13,102838.18662496834
2016-11-14,102838.18662496834
2016-11-15,102838.18662496834
2016-11-16,102703.3389823045
2016-11-17,102703.3389823045
2016-11-18,102703.3389823045
2016-11-19,102703.3389823045
2016-11-20,102703.3389823045
2016-11-21,102703.3389823045
2016-11-22,102703.3389823045
2016-11-23,102703.3389823045
2016-11-24,102703.3389823045
2016-11-25,102703.3389823045
2016-11-26,102703.3389823045
2016-11-27,102703.3389823045
2016-11-28,102703.3389823045
2016-11-29,102703.3389823045
2016-11-30,102703.3389823045
2016-12-01,102703.3389823045
2016-12-02,102703.3389823045
2016-12-03,102703.3389823045
2016-12-04,102703.3389823045
2016-12-05,102703.3389823045
2016-12-06,102703.3389823045
2016-12-07,102703.3389823045
2016-12-08,102952.23402725693
2016-12-09,102952.23402725693
2016-12-10,102952.23402725693
2016-12-11,102952.23402725693
2016-12-12,102952.23402725693
2016-12-13,102952.23402725693
2016-12-14,102571.43202631973
2016-12-15,102571.43202631973
2016-12-16,102571.43202631973
2016-12-17,102571.43202631973
2016-12-18,102571.43202631973
2016-12-19,102571.43202631973
2016-12-20,102571.43202631973
2016-12-21,102571.43202631973
2016-12-22,102571.43202631973
2016-12-23,102571.43202631973
2016-12-24,102571.43202631973
2016-12-25,102571.43202631973
2016-12-26,102571.43202631973
2016-12-27,102571.43202631973
2016-12-28,101906.30472426192
2016-12-29,101906.30472426192
2016-12-30,101906.30472426192
2016-12-31,101906.30472426192
2017-01-01,101906.30472426192
2017-01-02,101906.30472426192
2017-01-03,101906.30472426192
2017-01-04,101906.30472426192
2017-01-05,101906.30472426192
2017-01-06,101906.30472426192
2017-01-07,101778.24830182327
2017-01-08,101778.24830182327
2017-01-09,101778.24830182327
2017-01-10,101778.24830182327
2017-01-11,101778.24830182327
2017-01-12,101778.24830182327
2017-01-13,101778.24830182327
2017-01-14,101778.24830182327
2017-01-15,101778.24830182327
2017-01-16,101778.24830182327
2017-01-17,101778.24830182327
2017-01-18,101778.24830182327
2017-01-19,101778.24830182327
2017-01-20,101778.24830182327
2017-01-21,101778.24830182327
2017-01-22,101778.24830182327
2017-01-23,101778.24830182327
2017-01-24,101778.24830182327
2017-01-25,101639.90065679743
2017-01-26,101943.3750559275
2017-01-27,101943.3750559275
2017-01-28,101943.3750559275
2017-01-29,101943.3750559275
2017-01-30,101943.3750559275
2017-01-31,101943.3750559275
2017-02-01,101943.3750559275
2017-02-02,101943.3750559275
2017-02-03,101943.3750559275
2017-02-04,102190.33004984216
2017-02-05,102190.33004984216
2017-02-06,102190.33004984216
2017-02-07,102190.33004984216
2017-02-08,102190.33004984216
2017-02-09,102190.33004984216
2017-02-10,102054.18266993869
2017-02-11,102054.18266993869
2017-02-12,102054.18266993869
2017-02-13,102054.18266993869
2017-02-14,102054.18266993869
2017-02-15,102054.18266993869
2017-02-16,102054.18266993869
2017-02-17,102054.18266993869
2017-02-18,102054.18266993869
2017-02-19,102054.18266993869
2017-02-20,102054.18266993869
2017-02-21,102054.18266993869
2017-02-22,102054.18266993869
2017-02-23,102054.18266993869
2017-02-24,102054.18266993869
2017-02-25,102054.18266993869
2017-02-26,102054.18266993869
2017-02-27,102054.18266993869
2017-02-28,102054.18266993869
2017-03-01,102054.18266993869
2017-03-02,103621.1516433399
2017-03-03,103621.1516433399
2017-03-04,103621.1516433399
2017-03-05,103621.1516433399
2017-03-06,103621.1516433399
2017-03-07,103621.1516433399
2017-03-08,103621.1516433399
2017-03-09,103621.1516433399
2017-03-10,103621.1516433399
2017-03-11,103621.1516433399
2017-03-12,103621.1516433399
2017-03-13,103621.1516433399
2017-03-14,103621.1516433399
2017-03-15,103621.1516433399
2017-03-16,103442.40000178842
2017-03-17,103442.40000178842
2017-03-18,103442.40000178842
2017-03-19,103442.40000178842
2017-03-20,103442.40000178842
2017-03-21,103442.40000178842
2017-03-22,103442.40000178842
2017-03-23,103440.35413223726
2017-03-24,103440.35413223726
2017-03-25,103440.35413223726
2017-03-26,103440.35413223726
2017-03-27,103440.35413223726
2017-03-28,103440.35413223726
2017-03-29,103440.35413223726
2017-03-30,103440.35413223726
2017-03-31,103440.35413223726
2017-04-01,103440.35413223726
2017-04-02,103440.35413223726
2017-04-03,103440.35413223726
2017-04-04,103440.35413223726
2017-04-05,103440.35413223726
2017-04-06,102074.49685710805
2017-04-07,102074.49685710805
2017-04-08,102074.49685710805
2017-04-09,102074.49685710805
2017-04-10,102074.49685710805
2017-04-11,102074.49685710805
2017-04-12,102074.49685710805
2017-04-13,102074.49685710805
2017-04-14,102074.49685710805
2017-04-15,102074.49685710805
2017-04-16,102074.49685710805
2017-04-17,102074.49685710805
2017-04-18,102074.49685710805
2017-04-19,102074.49685710805
2017-04-20,102074.49685710805
2017-04-21,102026.82263158966
2017-04-22,102026.82263158966
2017-04-23,102026.82263158966
2017-04-24,102026.82263158966
2017-04-25,102026.82263158966
2017-04-26,102026.82263158966
2017-04-27,102026.82263158966
2017-04-28,102026.82263158966
2017-04-29,102026.82263158966
2017-04-30,102026.82263158966
2017-05-01,102026.82263158966
2017-05-02,101854.54559016801
2017-05-03,101854.54559016801
2017-05-04,101854.54559016801
2017-05-05,101854.54559016801
2017-05-06,101854.54559016801
2017-05-07,101854.54559016801
2017-05-08,101854.54559016801
2017-05-09,101854.54559016801
2017-05-10,101854.54559016801
2017-05-11,101854.54559016801
2017-05-12,101854.54559016801
2017-05-13,101854.54559016801
2017-05-14,101854.54559016801
2017-05-15,101854.54559016801
2017-05-16,101854.54559016801
2017-05-17,101854.54559016801
2017-05-18,101854.54559016801
2017-05-19,101854.54559016801
2017-05-20,101770.211280794
2017-05-21,101770.211280794
2017-05-22,101770.211280794
2017-05-23,101770.211280794
2017-05-24,101770.211280794
2017-05-25,101770.211280794
2017-05-26,101770.211280794
2017-05-27,101770.211280794
2017-05-28,101770.211280794
2017-05-29,101770.211280794
2017-05-30,101770.211280794
2017-05-31,101770.211280794
2017-06-01,101770.211280794
2017-06-02,101764.86532747031
2017-06-03,101795.82549150793
2017-06-04,101795.82549150793
2017-06-05,101795.82549150793
2017-06-06,101795.82549150793
2017-06-07,101795.82549150793
2017-06-08,101795.82549150793
2017-06-09,101795.82549150793
2017-06-10,101795.82549150793
2017-06-11,101795.82549150793
2017-06-12,101795.82549150793
2017-06-13,101795.82549150793
2017-06-14,101795.82549150793
2017-06-15,101795.82549150793
2017-06-16,101795.82549150793
2017-06-17,101795.82549150793
2017-06-18,101795.82549150793
2017-06-19,101795.82549150793
2017-06-20,101975.3616612626
2017-06-21,101975.3616612626
2017-06-22,102026.1436174832
2017-06-23,102026.1436174832
2017-06-24,102026.1436174832
2017-06-25,102026.1436174832
2017-06-26,102026.1436174832
2017-06-27,102026.1436174832
2017-06-28,102026.1436174832
2017-06-29,102293.12084973624
2017-06-30,102293.12084973624
2017-07-01,102293.12084973624
2017-07-02,102293.12084973624
2017-07-03,102293.12084973624
2017-07-04,102293.12084973624
2017-07-05,102293.12084973624
2017-07-06,102117.94044278393
2017-07-07,102117.94044278393
2017-07-08,102117.94044278393
2017-07-09,102117.94044278393
2017-07-10,102117.94044278393
2017-07-11,102117.94044278393
2017-07-12,102117.94044278393
2017-07-13,102121.10794001207
2017-07-14,102121.10794001207
2017-07-15,102121.10794001207
2017-07-16,102121.10794001207
2017-07-17,102121.10794001207
2017-07-18,102121.10794001207
2017-07-19,102121.10794001207
2017-07-20,102121.10794001207
2017-07-21,102121.10794001207
2017-07-22,102121.10794001207
2017-07-23,102121.10794001207
2017-07-24,102121.10794001207
2017-07-25,102121.10794001207
2017-07-26,102121.10794001207
2017-07-27,102121.10794001207
2017-07-28,102121.10794001207
2017-07-29,102121.10794001207
2017-07-30,102121.10794001207
2017-07-31,102121.10794001207
2017-08-01,102121.10794001207
2017-08-02,102121.10794001207
2017-08-03,102121.10794001207
2017-08-04,102121.10794001207
2017-08-05,102121.10794001207
2017-08-06,102121.10794001207
2017-08-07,102121.10794001207
2017-08-08,102121.10794001207
2017-08-09,101052.86609527314
2017-08-10,101052.86609527314
2017-08-11,101052.86609527314
2017-08-12,100909.7224856549
2017-08-13,100909.7224856549
2017-08-14,100909.7224856549
2017-08-15,100909.7224856549
2017-08-16,100909.7224856549
2017-08-17,100909.7224856549
2017-08-18,100909.7224856549
2017-08-19,100909.7224856549
2017-08-20,100909.7224856549
2017-08-21,100909.7224856549
2017-08-22,100909.7224856549
2017-08-23,100987.78334435562
2017-08-24,100987.78334435562
2017-08-25,100987.78334435562
2017-08-26,100987.78334435562
2017-08-27,100987.78334435562
2017-08-28,100987.78334435562
2017-08-29,100987.78334435562
2017-08-30,100905.21488880276
2017-08-31,100905.21488880276
2017-09-01,100905.21488880276
2017-09-02,100905.21488880276
2017-09-03,100905.21488880276
2017-09-04,100905.21488880276
2017-09-05,100905.21488880276
2017-09-06,100905.21488880276
2017-09-07,100905.21488880276
2017-09-08,100905.21488880276
2017-09-09,100905.21488880276
2017-09-10,100905.21488880276
2017-09-11,100905.21488880276
2017-09-12,100905.21488880276
2017-09-13,100905.21488880276
2017-09-14,100905.21488880276
2017-09-15,100905.21488880276
2017-09-16,100905.21488880276
2017-09-17,100905.21488880276
2017-09-18,100905.21488880276
2017-09-19,100905.21488880276
2017-09-20,100905.21488880276
2017-09-21,100905.21488880276
2017-09-22,100905.21488880276
2017-09-23,100905.21488880276
2017-09-24,100905.21488880276
2017-09-25,100905.21488880276
2017-09-26,100905.21488880276
2017-09-27,100905.21488880276
2017-09-28,100652.66046444185
2017-09-29,100652.66046444185
2017-09-30,100652.66046444185
2017-10-01,100652.66046444185
2017-10-02,100652.66046444185
2017-10-03,100652.66046444185
2017-10-04,100652.66046444185
2017-10-05,100652.66046444185
2017-10-06,100866.28553595678
2017-10-07,100866.28553595678
2017-10-08,100866.28553595678
2017-10-09,100866.28553595678
2017-10-10,100866.28553595678
2017-10-11,100866.28553595678
2017-10-12,100866.28553595678
2017-10-13,100866.28553595678
2017-10-14,100866.28553595678
2017-10-15,100866.28553595678
2017-10-16,100866.28553595678
2017-10-17,100866.28553595678
2017-10-18,100866.28553595678
2017-10-19,100866.28553595678
2017-10-20,100866.28553595678
2017-10-21,100866.28553595678
2017-10-22,100866.28553595678
2017-10-23,100866.28553595678
2017-10-24,100866.28553595678
2017-10-25,100866.28553595678
2017-10-26,100866.28553595678
2017-10-27,100866.28553595678
2017-10-28,101809.58637476826
2017-10-29,101809.58637476826
2017-10-30,101809.58637476826
2017-10-31,101809.58637476826
2017-11-01,101809.58637476826
2017-11-02,101809.58637476826
2017-11-03,101809.58637476826
2017-11-04,101809.58637476826
2017-11-05,101809.58637476826
2017-11-06,101809.58637476826
2017-11-07,101809.58637476826
2017-11-08,101809.58637476826
2017-11-09,101809.58637476826
2017-11-10,101809.58637476826
2017-11-11,101809.58637476826
2017-11-12,101809.58637476826
2017-11-13,101809.58637476826
2017-11-14,101809.58637476826
2017-11-15,101809.58637476826
2017-11-16,101809.58637476826
2017-11-17,101723.8910009951
2017-11-18,101723.8910009951
2017-11-19,101723.8910009951
2017-11-20,101723.8910009951
2017-11-21,101723.8910009951
2017-11-22,102096.758163941
2017-11-23,102096.758163941
2017-11-24,102096.758163941
2017-11-25,102096.758163941
2017-11-26,102096.758163941
2017-11-27,102096.758163941
2017-11-28,102096.758163941
2017-11-29,102925.2987226778
2017-11-30,102925.2987226778
2017-12-01,103356.95036108325
2017-12-02,103356.95036108325
2017-12-03,103356.95036108325
2017-12-04,103356.95036108325
2017-12-05,103356.95036108325
2017-12-06,102739.09069066946
2017-12-07,102739.09069066946
2017-12-08,102739.09069066946
2017-12-09,102739.09069066946
2017-12-10,102739.09069066946
2017-12-11,102739.09069066946
2017-12-12,102739.09069066946
2017-12-13,102739.09069066946
2017-12-14,102739.09069066946
2017-12-15,102739.09069066946
2017-12-16,102800.69177958905
2017-12-17,102800.69177958905
2017-12-18,102800.69177958905
2017-12-19,102800.69177958905
2017-12-20,102800.69177958905
2017-12-21,102800.69177958905
2017-12-22,102800.69177958905
2017-12-23,102800.69177958905
2017-12-24,102800.69177958905
2017-12-25,102800.69177958905
2017-12-26,102800.69177958905
2017-12-27,102800.69177958905
2017-12-28,102800.69177958905
2017-12-29,102800.69177958905
2017-12-30,102800.69177958905
2017-12-31,102800.69177958905
2018-01-01,102800.69177958905
2018-01-02,102800.69177958905
2018-01-03,103380.39096526266
2018-01-04,103479.93917808193
2018-01-05,103479.93917808193
2018-01-06,103479.93917808193
2018-01-07,103479.93917808193
2018-01-08,103479.93917808193
2018-01-09,103479.93917808193
2018-01-10,103479.93917808193
2018-01-11,103479.93917808193
2018-01-12,103479.93917808193
2018-01-13,103500.91947751878
2018-01-14,103500.91947751878
2018-01-15,103500.91947751878
2018-01-16,103500.91947751878
2018-01-17,103500.91947751878
2018-01-18,103500.91947751878
2018-01-19,103500.91947751878
2018-01-20,103500.91947751878
2018-01-21,103500.91947751878
2018-01-22,103500.91947751878
2018-01-23,103835.24253200402
2018-01-24,103835.24253200402
2018-01-25,103835.24253200402
2018-01-26,103835.24253200402
2018-01-27,104059.94773900489
2018-01-28,104059.94773900489
2018-01-29,104059.94773900489
2018-01-30,104059.94773900489
2018-01-31,104059.94773900489
2018-02-01,104059.94773900489
2018-02-02,104059.94773900489
2018-02-03,104059.94773900489
2018-02-04,104059.94773900489
2018-02-05,104059.94773900489
2018-02-06,104059.94773900489
2018-02-07,105088.55943471097
2018-02-08,103882.92532667567
2018-02-09,103882.92532667567
2018-02-10,103882.92532667567
2018-02-11,103882.92532667567
2018-02-12,103882.92532667567
2018-02-13,103882.92532667567
2018-02-14,103882.92532667567
2018-02-15,103882.92532667567
2018-02-16,103882.92532667567
2018-02-17,103882.92532667567
2018-02-18,103882.92532667567
2018-02-19,103882.92532667567
2018-02-20,103882.92532667567
2018-02-21,103882.92532667567
2018-02-22,103882.92532667567
2018-02-23,103882.92532667567
2018-02-24,103882.92532667567
2018-02-25,103882.92532667567
2018-02-26,103882.92532667567
2018-02-27,103882.92532667567
2018-02-28,103882.92532667567
2018-03-01,103882.92532667567
2018-03-02,103882.92532667567
2018-03-03,103882.92532667567
2018-03-04,103882.92532667567
2018-03-05,103882.92532667567
2018-03-06,103828.2391884853
2018-03-07,103828.2391884853
2018-03-08,103828.2391884853
2018-03-09,103828.2391884853
2018-03-10,104208.90710438314
2018-03-11,104208.90710438314
2018-03-12,104208.90710438314
2018-03-13,104208.90710438314
2018-03-14,104208.90710438314
2018-03-15,104208.90710438314
2018-03-16,104208.90710438314
2018-03-17,104208.90710438314
2018-03-18,104208.90710438314
2018-03-19,104208.90710438314
2018-03-20,104208.90710438314
2018-03-21,104208.90710438314
2018-03-22,104208.90710438314
2018-03-23,104208.90710438314
2018-03-24,104208.90710438314
2018-03-25,104208.90710438314
2018-03-26,104208.90710438314
2018-03-27,104208.90710438314
2018-03-28,104208.90710438314
2018-03-29,104208.90710438314
2018-03-30,104013.91463481789
2018-03-31,104013.91463481789
2018-04-01,104013.91463481789
2018-04-02,104013.91463481789
2018-04-03,104013.91463481789
2018-04-04,104013.91463481789
2018-04-05,104013.91463481789
2018-04-06,104013.91463481789
2018-04-07,104013.91463481789
2018-04-08,104013.91463481789
2018-04-09,104013.91463481789
2018-04-10,104013.91463481789
2018-04-11,104013.91463481789
2018-04-12,104013.91463481789
2018-04-13,104013.91463481789
2018-04-14,104013.91463481789
2018-04-15,104013.91463481789
2018-04-16,104013.91463481789
2018-04-17,104013.91463481789
2018-04-18,104013.91463481789
2018-04-19,104013.91463481789
2018-04-20,104013.91463481789
2018-04-21,104013.91463481789
2018-04-22,104013.91463481789
2018-04-23,104013.91463481789
2018-04-24,104013.91463481789
2018-04-25,104013.91463481789
2018-04-26,104013.91463481789
2018-04-27,104013.91463481789
2018-04-28,104013.91463481789
2018-04-29,104013.91463481789
2018-04-30,104013.91463481789
2018-05-01,104013.91463481789
2018-05-02,104013.91463481789
2018-05-03,104013.91463481789
2018-05-04,104013.91463481789
2018-05-05,103948.17965524984
2018-05-06,103948.17965524984
2018-05-07,103948.17965524984
2018-05-08,103948.17965524984
2018-05-09,103948.17965524984
2018-05-10,103948.17965524984
2018-05-11,103948.17965524984
2018-05-12,103948.17965524984
2018-05-13,103948.17965524984
2018-05-14,103948.17965524984
2018-05-15,103948.17965524984
2018-05-16,103948.17965524984
2018-05-17,103948.17965524984
2018-05-18,103948.17965524984
2018-05-19,103948.17965524984
2018-05-20,103948.17965524984
2018-05-21,103948.17965524984
2018-05-22,103948.17965524984
2018-05-23,103948.17965524984
2018-05-24,103948.17965524984
2018-05-25,103948.17965524984
2018-05-26,103948.17965524984
2018-05-27,103948.17965524984
2018-05-28,103948.17965524984
2018-05-29,103948.17965524984
2018-05-30,103948.17965524984
2018-05-31,103948.17965524984
2018-06-01,103948.17965524984
2018-06-02,104133.00356912814
2018-06-03,104133.00356912814
2018-06-04,104133.00356912814
2018-06-05,104133.00356912814
2018-06-06,104133.00356912814
2018-06-07,104133.00356912814
2018-06-08,104133.00356912814
2018-06-09,104133.00356912814
2018-06-10,104133.00356912814
2018-06-11,104133.00356912814
2018-06-12,104133.00356912814
2018-06-13,104133.00356912814
2018-06-14,104133.00356912814
2018-06-15,104133.00356912814
2018-06-16,104133.00356912814
2018-06-17,104133.00356912814
2018-06-18,104133.00356912814
2018-06-19,104133.00356912814
2018-06-20,104133.00356912814
2018-06-21,104133.00356912814
2018-06-22,104133.00356912814
2018-06-23,104133.00356912814
2018-06-24,104133.00356912814
2018-06-25,104133.00356912814
2018-06-26,104133.00356912814
2018-06-27,104133.00356912814
2018-06-28,104133.00356912814
2018-06-29,104133.00356912814
2018-06-30,104133.00356912814
2018-07-01,104133.00356912814
2018-07-02,104133.00356912814
2018-07-03,104133.00356912814
2018-07-04,104133.00356912814
2018-07-05,104133.00356912814
2018-07-06,104133.00356912814
2018-07-07,104590.51040723032
2018-07-08,104590.51040723032
2018-07-09,104590.51040723032
2018-07-10,104590.51040723032
2018-07-11,104590.51040723032
2018-07-12,104590.51040723032
2018-07-13,104590.51040723032
2018-07-14,104590.51040723032
2018-07-15,104590.51040723032
2018-07-16,104590.51040723032
2018-07-17,104590.51040723032
2018-07-18,104696.28980144813
2018-07-19,104696.28980144813
2018-07-20,104696.28980144813
2018-07-21,104696.28980144813
2018-07-22,104696.28980144813
2018-07-23,104696.28980144813
2018-07-24,104696.28980144813
2018-07-25,104696.28980144813
2018-07-26,103403.75265430601
2018-07-27,103403.75265430601
2018-07-28,103403.75265430601
2018-07-29,103403.75265430601
2018-07-30,103403.75265430601
2018-07-31,103403.75265430601
2018-08-01,103403.75265430601
2018-08-02,103403.75265430601
2018-08-03,103403.75265430601
2018-08-04,103403.75265430601
2018-08-05,103403.75265430601
2018-08-06,103403.75265430601
2018-08-07,103403.75265430601
2018-08-08,103403.75265430601
2018-08-09,103403.75265430601
2018-08-10,103403.75265430601
2018-08-11,103403.75265430601
2018-08-12,103403.75265430601
2018-08-13,103403.75265430601
2018-08-14,103403.75265430601
2018-08-15,103403.75265430601
2018-08-16,103403.75265430601
2018-08-17,103387.59593839142
2018-08-18,103387.59593839142
2018-08-19,103387.59593839142
2018-08-20,103387.59593839142
2018-08-21,103387.59593839142
2018-08-22,103387.59593839142
2018-08-23,103368.68699114455
2018-08-24,103368.68699114455
2018-08-25,103368.68699114455
2018-08-26,103368.68699114455
2018-08-27,103368.68699114455
2018-08-28,103368.68699114455
2018-08-29,103368.68699114455
2018-08-30,103632.80234122244
2018-08-31,103632.80234122244
2018-09-01,103632.80234122244
2018-09-02,103632.80234122244
2018-09-03,103632.80234122244
2018-09-04,103632.80234122244
2018-09-05,103632.80234122244
2018-09-06,103632.80234122244
2018-09-07,103632.80234122244
2018-09-08,103632.80234122244
2018-09-09,103632.80234122244
2018-09-10,103632.80234122244
2018-09-11,103632.80234122244
2018-09-12,103632.80234122244
2018-09-13,103632.80234122244
2018-09-14,103627.47620917842
2018-09-15,103627.47620917842
2018-09-16,103627.47620917842
2018-09-17,103627.47620917842
2018-09-18,103627.47620917842
2018-09-19,104352.1199175381
2018-09-20,104352.1199175381
2018-09-21,104613.5723213648
2018-09-22,104613.5723213648
2018-09-23,104613.5723213648
2018-09-24,104613.5723213648
2018-09-25,104613.5723213648
2018-09-26,104613.5723213648
2018-09-27,104613.5723213648
2018-09-28,104059.54946599723
2018-09-29,104059.54946599723
2018-09-30,104059.54946599723
2018-10-01,104059.54946599723
2018-10-02,104059.54946599723
2018-10-03,104059.54946599723
2018-10-04,104059.54946599723
2018-10-05,104059.54946599723
2018-10-06,104059.54946599723
2018-10-07,104059.54946599723
2018-10-08,104059.54946599723
2018-10-09,104059.54946599723
2018-10-10,104059.54946599723
2018-10-11,104059.54946599723
2018-10-12,104059.54946599723
2018-10-13,104059.54946599723
2018-10-14,104059.54946599723
2018-10-15,104059.54946599723
2018-10-16,104059.54946599723
2018-10-17,105829.96013961392
2018-10-18,105829.96013961392
2018-10-19,105829.96013961392
2018-10-20,105829.96013961392
2018-10-21,105829.96013961392
2018-10-22,105829.96013961392
2018-10-23,105829.96013961392
2018-10-24,105829.96013961392
2018-10-25,105829.96013961392
2018-10-26,105829.96013961392
2018-10-27,105829.96013961392
2018-10-28,105829.96013961392
2018-10-29,105829.96013961392
2018-10-30,105829.96013961392
2018-10-31,105829.96013961392
2018-11-01,105216.55762785886
2018-11-02,105216.55762785886
2018-11-03,105216.55762785886
2018-11-04,105216.55762785886
2018-11-05,105216.55762785886
2018-11-06,105216.55762785886
2018-11-07,105216.55762785886
2018-11-08,105994.17693196502
2018-11-09,105994.17693196502
2018-11-10,105994.17693196502
2018-11-11,105994.17693196502
2018-11-12,105994.17693196502
2018-11-13,105994.17693196502
2018-11-14,105994.17693196502
2018-11-15,105994.17693196502
2018-11-16,105994.17693196502
2018-11-17,105994.17693196502
2018-11-18,105994.17693196502
2018-11-19,105994.17693196502
2018-11-20,105994.17693196502
2018-11-21,105994.17693196502
2018-11-22,105994.17693196502
2018-11-23,105994.17693196502
2018-11-24,105994.17693196502
2018-11-25,105994.17693196502
2018-11-26,105994.17693196502
2018-11-27,105994.17693196502
2018-11-28,105994.17693196502
2018-11-29,106543.19342033492
2018-11-30,106543.19342033492
2018-12-01,106543.19342033492
2018-12-02,106543.19342033492
2018-12-03,106543.19342033492
2018-12-04,106543.19342033492
2018-12-05,106543.19342033492
2018-12-06,106543.19342033492
2018-12-07,106543.19342033492
2018-12-08,106543.19342033492
2018-12-09,106543.19342033492
2018-12-10,106543.19342033492
2018-12-11,106543.19342033492
2018-12-12,106543.19342033492
2018-12-13,106018.30355279596
2018-12-14,106018.30355279596
2018-12-15,106018.30355279596
2018-12-16,106018.30355279596
2018-12-17,106018.30355279596
2018-12-18,106018.30355279596
2018-12-19,106018.30355279596
2018-12-20,106018.30355279596
2018-12-21,106018.30355279596
2018-12-22,106018.30355279596
2018-12-23,106018.30355279596
2018-12-24,106018.30355279596
2018-12-25,106018.30355279596
2018-12-26,106018.30355279596
2018-12-27,106740.42911620886
2018-12-28,106740.42911620886
2018-12-29,106740.42911620886
2018-12-30,106740.42911620886
2018-12-31,106740.42911620886
2019-01-01,106740.42911620886
2019-01-02,106740.42911620886
2019-01-03,106740.42911620886
2019-01-04,106740.42911620886
2019-01-05,107283.08191235407
2019-01-06,107283.08191235407
2019-01-07,107283.08191235407
2019-01-08,107283.08191235407
2019-01-09,107283.08191235407
2019-01-10,107283.08191235407
2019-01-11,107283.08191235407
2019-01-12,107283.08191235407
2019-01-13,107283.08191235407
2019-01-14,107283.08191235407
2019-01-15,107283.08191235407
2019-01-16,107369.40826338355
2019-01-17,107369.40826338355
2019-01-18,107369.40826338355
2019-01-19,107264.65004937793
2019-01-20,107264.65004937793
2019-01-21,107264.65004937793
2019-01-22,107264.65004937793
2019-01-23,107264.65004937793
2019-01-24,107264.65004937793
2019-01-25,107264.65004937793
2019-01-26,107135.05442429348
2019-01-27,107135.05442429348
2019-01-28,107135.05442429348
2019-01-29,107135.05442429348
2019-01-30,107135.05442429348
2019-01-31,107929.17814086942
2019-02-01,107929.17814086942
2019-02-02,107929.17814086942
2019-02-03,107929.17814086942
2019-02-04,107929.17814086942
2019-02-05,107929.17814086942
2019-02-06,107929.17814086942
2019-02-07,107929.17814086942
2019-02-08,107929.17814086942
2019-02-09,107929.17814086942
2019-02-10,107929.17814086942
2019-02-11,107929.17814086942
2019-02-12,107929.17814086942
2019-02-13,108510.66187822993
2019-02-14,108510.66187822993
2019-02-15,108510.66187822993
2019-02-16,108736.6007998434
2019-02-17,108736.6007998434
2019-02-18,108736.6007998434
2019-02-19,108736.6007998434
2019-02-20,108736.6007998434
2019-02-21,108736.6007998434
2019-02-22,108736.6007998434
2019-02-23,108736.6007998434
2019-02-24,108736.6007998434
2019-02-25,108736.6007998434
2019-02-26,108736.6007998434
2019-02-27,108736.6007998434
2019-02-28,108736.6007998434
2019-03-01,108736.6007998434
2019-03-02,108736.6007998434
2019-03-03,108736.6007998434
2019-03-04,108736.6007998434
2019-03-05,108736.6007998434
2019-03-06,108736.6007998434
2019-03-07,108736.6007998434
2019-03-08,108736.6007998434
2019-03-09,108736.6007998434
2019-03-10,108736.6007998434
2019-03-11,108736.6007998434
2019-03-12,109992.74104395823
2019-03-13,109992.74104395823
2019-03-14,109468.47907271853
2019-03-15,109468.47907271853
2019-03-16,109281.26581547523
2019-03-17,109281.26581547523
2019-03-18,109281.26581547523
2019-03-19,109281.26581547523
2019-03-20,109281.26581547523
2019-03-21,108990.60051494959
2019-03-22,109153.49536665369
2019-03-23,109153.49536665369
2019-03-24,109153.49536665369
2019-03-25,109153.49536665369
2019-03-26,109153.49536665369
2019-03-27,109153.49536665369
2019-03-28,109153.49536665369
2019-03-29,109153.49536665369
2019-03-30,109153.49536665369
2019-03-31,109153.49536665369
2019-04-01,109153.49536665369
2019-04-02,109153.49536665369
2019-04-03,109153.49536665369
2019-04-04,109153.49536665369
2019-04-05,109153.49536665369
2019-04-06,109153.49536665369
2019-04-07,109153.49536665369
2019-04-08,109153.49536665369
2019-04-09,109153.49536665369
2019-04-10,109153.49536665369
2019-04-11,109153.49536665369
2019-04-12,109153.49536665369
2019-04-13,109153.49536665369
2019-04-14,109153.49536665369
2019-04-15,109153.49536665369
2019-04-16,109153.49536665369
2019-04-17,109153.49536665369
2019-04-18,109153.49536665369
2019-04-19,109153.49536665369
2019-04-20,109153.49536665369
2019-04-21,109153.49536665369
2019-04-22,109153.49536665369
2019-04-23,109153.49536665369
2019-04-24,109931.69770252319
2019-04-25,109931.69770252319
2019-04-26,109931.69770252319
2019-04-27,109931.69770252319
2019-04-28,109931.69770252319
2019-04-29,109931.69770252319
2019-04-30,109931.69770252319
2019-05-01,109931.69770252319
2019-05-02,109931.69770252319
2019-05-03,109931.69770252319
2019-05-04,111000.05692904591
2019-05-05,111000.05692904591
2019-05-06,111000.05692904591
2019-05-07,110681.53514893915
2019-05-08,110681.53514893915
2019-05-09,110681.53514893915
2019-05-10,110681.53514893915
2019-05-11,110681.53514893915
2019-05-12,110681.53514893915
2019-05-13,110681.53514893915
2019-05-14,110681.53514893915
2019-05-15,110801.8187020945
2019-05-16,110801.8187020945
2019-05-17,110600.1948065554
2019-05-18,110600.1948065554
2019-05-19,110600.1948065554
2019-05-20,110600.1948065554
2019-05-21,110600.1948065554
2019-05-22,110600.1948065554
2019-05-23,110600.1948065554
2019-05-24,110600.1948065554
2019-05-25,110600.1948065554
2019-05-26,110600.1948065554
2019-05-27,110600.1948065554
2019-05-28,110600.1948065554
2019-05-29,110600.1948065554
2019-05-30,110600.1948065554
2019-05-31,110600.1948065554
2019-06-01,110600.1948065554
2019-06-02,110600.1948065554
2019-06-03,110600.1948065554
2019-06-04,110600.1948065554
2019-06-05,112101.12271838952
2019-06-06,112101.12271838952
2019-06-07,112101.12271838952
2019-06-08,112184.0834128597
2019-06-09,112184.0834128597
2019-06-10,112184.0834128597
2019-06-11,111495.37821276879
2019-06-12,111495.37821276879
2019-06-13,111495.37821276879
2019-06-14,111495.37821276879
2019-06-15,111495.37821276879
2019-06-16,111495.37821276879
2019-06-17,111495.37821276879
2019-06-18,111495.37821276879
2019-06-19,111671.9155430781
2019-06-20,111671.9155430781
2019-06-21,111671.9155430781
2019-06-22,111671.9155430781
2019-06-23,111671.9155430781
2019-06-24,111671.9155430781
2019-06-25,111671.9155430781
2019-06-26,111671.9155430781
2019-06-27,111671.9155430781
2019-06-28,111671.9155430781
2019-06-29,111671.9155430781
2019-06-30,111671.9155430781
2019-07-01,111671.9155430781
2019-07-02,111671.9155430781
2019-07-03,111671.9155430781
2019-07-04,111534.73599264593
2019-07-05,111534.73599264593
2019-07-06,111534.73599264593
2019-07-07,111534.73599264593
2019-07-08,111534.73599264593
2019-07-09,111534.73599264593
2019-07-10,111534.73599264593
2019-07-11,111056.63664308708
2019-07-12,111056.63664308708
2019-07-13,111056.63664308708
2019-07-14,111056.63664308708
2019-07-15,111056.63664308708
2019-07-16,111056.63664308708
2019-07-17,111056.63664308708
2019-07-18,111056.63664308708
2019-07-19,110807.13109153198
2019-07-20,110807.13109153198
2019-07-21,110807.13109153198
2019-07-22,110807.13109153198
2019-07-23,110864.72602703975
2019-07-24,110864.72602703975
2019-07-25,110983.28140792232
2019-07-26,110983.28140792232
2019-07-27,110983.28140792232
2019-07-28,110983.28140792232
2019-07-29,110983.28140792232
2019-07-30,110983.28140792232
2019-07-31,110983.28140792232
2019-08-01,110983.28140792232
2019-08-02,110983.28140792232
2019-08-03,110983.28140792232
2019-08-04,110983.28140792232
2019-08-05,110983.28140792232
2019-08-06,110983.28140792232
2019-08-07,112244.22656077906
2019-08-08,112244.22656077906
2019-08-09,112732.12549472395
2019-08-10,112732.12549472395
2019-08-11,112732.12549472395
2019-08-12,112732.12549472395
2019-08-13,112732.12549472395
2019-08-14,112720.50164093095
2019-08-15,112720.50164093095
2019-08-16,112720.50164093095
2019-08-17,112720.50164093095
2019-08-18,112720.50164093095
2019-08-19,112720.50164093095
2019-08-20,112720.50164093095
2019-08-21,112720.50164093095
2019-08-22,112720.50164093095
2019-08-23,112720.50164093095
2019-08-24,112720.50164093095
2019-08-25,112720.50164093095
2019-08-26,112720.50164093095
2019-08-27,112720.50164093095
2019-08-28,112720.50164093095
2019-08-29,112720.50164093095
2019-08-30,112720.50164093095
2019-08-31,112720.50164093095
2019-09-01,112720.50164093095
2019-09-02,112720.50164093095
2019-09-03,112720.50164093095
2019-09-04,112720.50164093095
2019-09-05,112720.50164093095
2019-09-06,112720.50164093095
2019-09-07,112720.50164093095
2019-09-08,112720.50164093095
2019-09-09,112720.50164093095
2019-09-10,112720.50164093095
2019-09-11,112720.50164093095
2019-09-12,112808.07266416131
2019-09-13,112808.07266416131
2019-09-14,112808.07266416131
2019-09-15,112808.07266416131
2019-09-16,112808.07266416131
2019-09-17,112808.07266416131
2019-09-18,112808.07266416131
2019-09-19,112808.07266416131
2019-09-20,112808.07266416131
2019-09-21,112808.07266416131
2019-09-22,112808.07266416131
2019-09-23,112808.07266416131
2019-09-24,112808.07266416131
2019-09-25,112808.07266416131
2019-09-26,112808.07266416131
2019-09-27,112808.07266416131
2019-09-28,112808.07266416131
2019-09-29,112808.07266416131
2019-09-30,112808.07266416131
2019-10-01,112808.07266416131
2019-10-02,112808.07266416131
2019-10-03,112808.07266416131
2019-10-04,112808.07266416131
2019-10-05,113021.14204013205
2019-10-06,113021.14204013205
2019-10-07,113021.14204013205
2019-10-08,113021.14204013205
2019-10-09,113021.14204013205
2019-10-10,112530.84203252426
2019-10-11,112594.10370660992
2019-10-12,111635.28898780308
2019-10-13,111635.28898780308
2019-10-14,111635.28898780308
2019-10-15,111635.28898780308
2019-10-16,111635.28898780308
2019-10-17,111635.28898780308
2019-10-18,111635.28898780308
2019-10-19,111635.28898780308
2019-10-20,111635.28898780308
2019-10-21,111635.28898780308
2019-10-22,111635.28898780308
2019-10-23,111635.28898780308
2019-10-24,111635.28898780308
2019-10-25,111635.28898780308
2019-10-26,111645.35277308075
2019-10-27,111645.35277308075
2019-10-28,111645.35277308075
2019-10-29,111645.35277308075
2019-10-30,111645.35277308075
2019-10-31,111645.35277308075
2019-11-01,111645.35277308075
2019-11-02,111688.28396700384
2019-11-03,111688.28396700384
2019-11-04,111688.28396700384
2019-11-05,111688.28396700384
2019-11-06,111688.28396700384
2019-11-07,111688.28396700384
2019-11-08,111688.28396700384
2019-11-09,111688.28396700384
2019-11-10,111688.28396700384
2019-11-11,111688.28396700384
2019-11-12,111688.28396700384
2019-11-13,111688.28396700384
2019-11-14,111688.28396700384
2019-11-15,111688.28396700384
2019-11-16,111688.28396700384
2019-11-17,111688.28396700384
2019-11-18,111688.28396700384
2019-11-19,111688.28396700384
2019-11-20,111688.28396700384
2019-11-21,111688.28396700384
2019-11-22,111688.28396700384
2019-11-23,111688.28396700384
2019-11-24,111688.28396700384
2019-11-25,111688.28396700384
2019-11-26,111610.34167112091
2019-11-27,111610.34167112091
2019-11-28,111610.34167112091
2019-11-29,111610.34167112091
2019-11-30,111610.34167112091
2019-12-01,111610.34167112091
2019-12-02,111610.34167112091
2019-12-03,111610.34167112091
2019-12-04,111610.34167112091
2019-12-05,111610.34167112091
2019-12-06,111610.34167112091
2019-12-07,111968.33506784597
2019-12-08,111968.33506784597
2019-12-09,111968.33506784597
2019-12-10,111968.33506784597
2019-12-11,111968.33506784597
2019-12-12,111968.33506784597
2019-12-13,112140.489891467
2019-12-14,112140.489891467
2019-12-15,112140.489891467
2019-12-16,112140.489891467
2019-12-17,111801.7249010336
2019-12-18,111801.7249010336
2019-12-19,111801.7249010336
2019-12-20,111801.7249010336
2019-12-21,111801.7249010336
2019-12-22,111801.7249010336
2019-12-23,111801.7249010336
2019-12-24,111801.7249010336
2019-12-25,111801.7249010336
2019-12-26,111801.7249010336
2019-12-27,111869.00186315787
2019-12-28,111869.00186315787
2019-12-29,111869.00186315787
2019-12-30,111869.00186315787
2019-12-31,111869.00186315787
2020-01-01,111869.00186315787
2020-01-02,111869.00186315787
2020-01-03,112007.32383451398
2020-01-04,112007.32383451398
2020-01-05,112007.32383451398
2020-01-06,112007.32383451398
2020-01-07,112047.19554769376
2020-01-08,112047.19554769376
2020-01-09,112612.76903049258
2020-01-10,112612.76903049258
2020-01-11,112612.76903049258
2020-01-12,112612.76903049258
2020-01-13,112612.76903049258
2020-01-14,112915.85955405021
2020-01-15,112915.85955405021
2020-01-16,112915.85955405021
2020-01-17,112896.71070103935
2020-01-18,112896.71070103935
2020-01-19,112896.71070103935
2020-01-20,112896.71070103935
2020-01-21,112896.71070103935
2020-01-22,112896.71070103935
2020-01-23,112896.71070103935
2020-01-24,112896.71070103935
2020-01-25,112896.71070103935
2020-01-26,112896.71070103935
2020-01-27,112896.71070103935
2020-01-28,112896.71070103935
2020-01-29,112896.71070103935
2020-01-30,112896.71070103935
2020-01-31,112896.71070103935
2020-02-01,112896.71070103935
2020-02-02,112896.71070103935
2020-02-03,112896.71070103935
2020-02-04,112896.71070103935
2020-02-05,114786.35757827063
2020-02-06,114939.1812333952
2020-02-07,114939.1812333952
2020-02-08,114939.1812333952
2020-02-09,114939.1812333952
2020-02-10,114939.1812333952
2020-02-11,114939.1812333952
2020-02-12,114939.1812333952
2020-02-13,114939.1812333952
2020-02-14,114939.1812333952
2020-02-15,114939.1812333952
2020-02-16,114939.1812333952
2020-02-17,114939.1812333952
2020-02-18,114939.1812333952
2020-02-19,114939.1812333952
2020-02-20,114939.1812333952
2020-02-21,114939.1812333952
2020-02-22,114939.1812333952
2020-02-23,114939.1812333952
2020-02-24,114939.1812333952
2020-02-25,114939.1812333952
2020-02-26,114939.1812333952
2020-02-27,114939.1812333952
2020-02-28,114939.1812333952
2020-02-29,114939.1812333952
2020-03-01,114939.1812333952
2020-03-02,114939.1812333952
2020-03-03,114939.1812333952
2020-03-04,114939.1812333952
2020-03-05,115661.20529814984
2020-03-06,115661.20529814984
2020-03-07,115661.20529814984
2020-03-08,115661.20529814984
2020-03-09,115661.20529814984
2020-03-10,115661.20529814984
2020-03-11,115661.20529814984
2020-03-12,115661.20529814984
2020-03-13,115661.20529814984
2020-03-14,117361.43292083254
2020-03-15,117361.43292083254
2020-03-16,117361.43292083254
2020-03-17,117361.43292083254
2020-03-18,117361.43292083254
2020-03-19,117361.43292083254
2020-03-20,117361.43292083254
2020-03-21,117361.43292083254
2020-03-22,117361.43292083254
2020-03-23,117361.43292083254
2020-03-24,117361.43292083254
2020-03-25,117372.36324749011
2020-03-26,117372.36324749011
2020-03-27,117372.36324749011
2020-03-28,116491.4731780324
2020-03-29,116491.4731780324
2020-03-30,116491.4731780324
2020-03-31,116491.4731780324
2020-04-01,116491.4731780324
2020-04-02,116491.4731780324
2020-04-03,116491.4731780324
2020-04-04,116491.4731780324
2020-04-05,116491.4731780324
2020-04-06,116491.4731780324
2020-04-07,116606.77630558399
2020-04-08,116606.77630558399
2020-04-09,116606.77630558399
2020-04-10,116606.77630558399
2020-04-11,116606.77630558399
2020-04-12,116606.77630558399
2020-04-13,116606.77630558399
2020-04-14,116606.77630558399
2020-04-15,116606.77630558399
2020-04-16,116606.77630558399
2020-04-17,116539.6402230532
2020-04-18,116539.6402230532
2020-04-19,116539.6402230532
2020-04-20,116539.6402230532
2020-04-21,116539.6402230532
2020-04-22,116539.6402230532
2020-04-23,116539.6402230532
2020-04-24,116539.6402230532
2020-04-25,116539.6402230532
2020-04-26,116539.6402230532
2020-04-27,116539.6402230532
2020-04-28,116539.6402230532
2020-04-29,116539.6402230532
2020-04-30,116568.04825756366
2020-05-01,116568.04825756366
2020-05-02,116568.04825756366
2020-05-03,116568.04825756366
2020-05-04,116568.04825756366
2020-05-05,116568.04825756366
2020-05-06,116568.04825756366
2020-05-07,116568.04825756366
2020-05-08,116568.04825756366
2020-05-09,116568.04825756366
2020-05-10,116568.04825756366
2020-05-11,116568.04825756366
2020-05-12,116568.04825756366
2020-05-13,116568.04825756366
2020-05-14,116568.04825756366
2020-05-15,116568.04825756366
2020-05-16,116568.04825756366
2020-05-17,116568.04825756366
2020-05-18,116568.04825756366
2020-05-19,116568.04825756366
2020-05-20,116568.04825756366
2020-05-21,116568.04825756366
2020-05-22,116568.04825756366
2020-05-23,116568.04825756366
2020-05-24,116568.04825756366
2020-05-25,116568.04825756366
2020-05-26,116568.04825756366
2020-05-27,116568.04825756366
2020-05-28,116568.04825756366
2020-05-29,116568.04825756366
2020-05-30,116568.04825756366
2020-05-31,116568.04825756366
2020-06-01,116568.04825756366
2020-06-02,116568.04825756366
2020-06-03,116568.04825756366
2020-06-04,116568.04825756366
2020-06-05,116568.04825756366
2020-06-06,116780.35238866688
2020-06-07,116780.35238866688
2020-06-08,116780.35238866688
2020-06-09,116780.35238866688
2020-06-10,116780.35238866688
2020-06-11,116780.35238866688
2020-06-12,116780.35238866688
2020-06-13,116780.35238866688
2020-06-14,116780.35238866688
2020-06-15,116780.35238866688
2020-06-16,117184.30824091443
2020-06-17,117184.30824091443
2020-06-18,117184.30824091443
2020-06-19,117184.30824091443
2020-06-20,117184.30824091443
2020-06-21,117184.30824091443
2020-06-22,117184.30824091443
2020-06-23,117184.30824091443
2020-06-24,117184.30824091443
2020-06-25,117184.30824091443
2020-06-26,117184.30824091443
2020-06-27,117184.30824091443
2020-06-28,117184.30824091443
2020-06-29,117184.30824091443
2020-06-30,117184.30824091443
2020-07-01,117184.30824091443
2020-07-02,117184.30824091443
2020-07-03,117184.30824091443
2020-07-04,117184.30824091443
2020-07-05,117184.30824091443
2020-07-06,117184.30824091443
2020-07-07,117547.79664017046
2020-07-08,117547.79664017046
2020-07-09,117547.79664017046
2020-07-10,117547.79664017046
2020-07-11,117547.79664017046
2020-07-12,117547.79664017046
2020-07-13,117547.79664017046
2020-07-14,117547.79664017046
2020-07-15,117547.79664017046
2020-07-16,117547.79664017046
2020-07-17,117547.79664017046
2020-07-18,117547.79664017046
2020-07-19,117547.79664017046
2020-07-20,117547.79664017046
2020-07-21,118205.1207417604
2020-07-22,118205.1207417604
2020-07-23,118205.1207417604
2020-07-24,118205.1207417604
2020-07-25,118205.1207417604
2020-07-26,118205.1207417604
2020-07-27,118205.1207417604
2020-07-28,118205.1207417604
2020-07-29,118205.1207417604
2020-07-30,118205.1207417604
2020-07-31,118205.1207417604
2020-08-01,118205.1207417604
2020-08-02,118205.1207417604
2020-08-03,118205.1207417604
2020-08-04,118205.1207417604
2020-08-05,118205.1207417604
2020-08-06,118205.1207417604
2020-08-07,118205.1207417604
2020-08-08,118205.1207417604
2020-08-09,118205.1207417604
2020-08-10,118205.1207417604
2020-08-11,118205.1207417604
2020-08-12,118205.1207417604
2020-08-13,117951.30796746217
2020-08-14,117951.30796746217
2020-08-15,117951.30796746217
2020-08-16,117951.30796746217
2020-08-17,117951.30796746217
2020-08-18,117951.30796746217
2020-08-19,117951.30796746217
2020-08-20,117951.30796746217
2020-08-21,117951.30796746217
2020-08-22,117951.30796746217
2020-08-23,117951.30796746217
2020-08-24,117951.30796746217
2020-08-25,117951.30796746217
2020-08-26,117951.30796746217
2020-08-27,118048.74449722521
2020-08-28,118048.74449722521
2020-08-29,118048.74449722521
2020-08-30,118048.74449722521
2020-08-31,118048.74449722521
2020-09-01,118048.74449722521
2020-09-02,118158.69385697962
2020-09-03,118158.69385697962
2020-09-04,118158.69385697962
2020-09-05,118158.69385697962
2020-09-06,118158.69385697962
2020-09-07,118158.69385697962
2020-09-08,118158.69385697962
2020-09-09,118158.69385697962
2020-09-10,118158.69385697962
2020-09-11,118158.69385697962
2020-09-12,118158.69385697962
2020-09-13,118158.69385697962
2020-09-14,118158.69385697962
2020-09-15,118158.69385697962
2020-09-16,118158.69385697962
2020-09-17,118158.69385697962
2020-09-18,118158.69385697962
2020-09-19,118158.69385697962
2020-09-20,118158.69385697962
2020-09-21,118158.69385697962
2020-09-22,118158.69385697962
2020-09-23,118158.69385697962
2020-09-24,118158.69385697962
2020-09-25,118158.69385697962
2020-09-26,118158.69385697962
2020-09-27,118158.69385697962
2020-09-28,118158.69385697962
2020-09-29,118158.69385697962
2020-09-30,118158.69385697962
2020-10-01,118158.69385697962
2020-10-02,118158.69385697962
2020-10-03,118158.69385697962
2020-10-04,118158.69385697962
2020-10-05,118158.69385697962
2020-10-06,118158.69385697962
2020-10-07,118158.69385697962
2020-10-08,118387.02926839574
2020-10-09,118387.02926839574
2020-10-10,118387.02926839574
2020-10-11,118387.02926839574
2020-10-12,118387.02926839574
2020-10-13,118963.48637991845
2020-10-14,118963.48637991845
2020-10-15,118963.48637991845
2020-10-16,118963.48637991845
2020-10-17,118963.48637991845
2020-10-18,118963.48637991845
2020-10-19,118963.48637991845
2020-10-20,118963.48637991845
2020-10-21,118963.48637991845
2020-10-22,118963.48637991845
2020-10-23,118963.48637991845
2020-10-24,118963.48637991845
2020-10-25,118963.48637991845
2020-10-26,118963.48637991845
2020-10-27,118963.48637991845
2020-10-28,118963.48637991845
2020-10-29,118963.48637991845
2020-10-30,118963.48637991845
2020-10-31,118963.48637991845
2020-11-01,118963.48637991845
2020-11-02,118963.48637991845
2020-11-03,118963.48637991845
2020-11-04,118963.48637991845
2020-11-05,118963.48637991845
2020-11-06,118984.59003154244
2020-11-07,118984.59003154244
2020-11-08,118984.59003154244
2020-11-09,118984.59003154244
2020-11-10,118984.59003154244
2020-11-11,118984.59003154244
2020-11-12,119047.73029638708
2020-11-13,119047.73029638708
2020-11-14,119047.73029638708
2020-11-15,119047.73029638708
2020-11-16,119047.73029638708
2020-11-17,119047.73029638708
2020-11-18,119047.73029638708
2020-11-19,119047.73029638708
2020-11-20,119047.73029638708
2020-11-21,119047.73029638708
2020-11-22,119047.73029638708
2020-11-23,119047.73029638708
2020-11-24,119047.73029638708
2020-11-25,119047.73029638708
2020-11-26,119047.73029638708
2020-11-27,119047.73029638708
2020-11-28,119047.73029638708
2020-11-29,119047.73029638708
2020-11-30,119047.73029638708
2020-12-01,119047.73029638708
2020-12-02,119047.73029638708
2020-12-03,119047.73029638708
2020-12-04,119047.73029638708
2020-12-05,119047.73029638708
2020-12-06,119047.73029638708
2020-12-07,119047.73029638708
2020-12-08,119047.73029638708
2020-12-09,119047.73029638708
2020-12-10,119047.73029638708
2020-12-11,119047.73029638708
2020-12-12,119047.73029638708
2020-12-13,119047.73029638708
2020-12-14,119047.73029638708
2020-12-15,119047.73029638708
2020-12-16,118983.04796107125
2020-12-17,118983.04796107125
2020-12-18,118983.04796107125
2020-12-19,118983.04796107125
2020-12-20,118983.04796107125
2020-12-21,118983.04796107125
2020-12-22,118983.04796107125
2020-12-23,118983.04796107125
2020-12-24,118983.04796107125
2020-12-25,118983.04796107125
2020-12-26,118983.04796107125
2020-12-27,118983.04796107125
2020-12-28,118983.04796107125
2020-12-29,118983.04796107125
2020-12-30,118983.04796107125
2020-12-31,118983.04796107125
2021-01-01,118983.04796107125
2021-01-02,118983.04796107125
2021-01-03,118983.04796107125
2021-01-04,118983.04796107125
2021-01-05,118983.04796107125
2021-01-06,118983.04796107125
2021-01-07,118983.04796107125
2021-01-08,118983.04796107125
2021-01-09,118983.04796107125
2021-01-10,118983.04796107125
2021-01-11,118983.04796107125
2021-01-12,118983.04796107125
2021-01-13,118983.04796107125
2021-01-14,118983.04796107125
2021-01-15,118983.04796107125
2021-01-16,118983.04796107125
2021-01-17,118983.04796107125
2021-01-18,118983.04796107125
2021-01-19,118983.04796107125
2021-01-20,119384.80272689008
2021-01-21,120101.99243096515
2021-01-22,120101.99243096515
2021-01-23,120101.99243096515
2021-01-24,120101.99243096515
2021-01-25,120101.99243096515
2021-01-26,120101.99243096515
2021-01-27,120101.99243096515
2021-01-28,120101.99243096515
2021-01-29,120101.99243096515
2021-01-30,120101.99243096515
2021-01-31,120101.99243096515
2021-02-01,120101.99243096515
2021-02-02,120101.99243096515
2021-02-03,120343.91847895557
2021-02-04,120343.91847895557
2021-02-05,120343.91847895557
2021-02-06,120343.91847895557
2021-02-07,120343.91847895557
2021-02-08,120343.91847895557
2021-02-09,120343.91847895557
2021-02-10,120343.91847895557
2021-02-11,120343.91847895557
2021-02-12,120343.91847895557
2021-02-13,120343.91847895557
2021-02-14,120343.91847895557
2021-02-15,120343.91847895557
2021-02-16,120343.91847895557
2021-02-17,120343.91847895557
2021-02-18,120343.91847895557
2021-02-19,120343.91847895557
2021-02-20,120343.91847895557
2021-02-21,120343.91847895557
2021-02-22,120343.91847895557
2021-02-23,120343.91847895557
2021-02-24,120343.91847895557
2021-02-25,120343.91847895557
2021-02-26,120343.91847895557
2021-02-27,120343.91847895557
2021-02-28,120343.91847895557
2021-03-01,120343.91847895557
2021-03-02,120597.38893095247
2021-03-03,120597.38893095247
2021-03-04,120597.38893095247
2021-03-05,120597.38893095247
2021-03-06,120597.38893095247
2021-03-07,120597.38893095247
2021-03-08,120597.38893095247
2021-03-09,120597.38893095247
2021-03-10,120994.63591160142
2021-03-11,120994.63591160142
2021-03-12,120994.63591160142
2021-03-13,120994.63591160142
2021-03-14,120994.63591160142
2021-03-15,120994.63591160142
2021-03-16,120994.63591160142
2021-03-17,120994.63591160142
2021-03-18,120994.63591160142
2021-03-19,120994.63591160142
2021-03-20,120994.63591160142
2021-03-21,120994.63591160142
2021-03-22,120994.63591160142
2021-03-23,120994.63591160142
2021-03-24,120994.63591160142
2021-03-25,120994.63591160142
2021-03-26,120994.63591160142
2021-03-27,120994.63591160142
2021-03-28,120994.63591160142
2021-03-29,120994.63591160142
2021-03-30,120994.63591160142
2021-03-31,120994.63591160142
2021-04-01,120994.63591160142
2021-04-02,120994.63591160142
2021-04-03,120994.63591160142
2021-04-04,120994.63591160142
2021-04-05,120994.63591160142
2021-04-06,121257.97376181313
2021-04-07,121257.97376181313
2021-04-08,121257.97376181313
2021-04-09,121257.97376181313
2021-04-10,121257.97376181313
2021-04-11,121257.97376181313
2021-04-12,121257.97376181313
2021-04-13,121257.97376181313
2021-04-14,121257.97376181313
2021-04-15,121257.97376181313
2021-04-16,121314.61932126331
2021-04-17,121314.61932126331
2021-04-18,121314.61932126331
2021-04-19,121314.61932126331
2021-04-20,121314.61932126331
2021-04-21,121314.61932126331
2021-04-22,120974.03437830221
2021-04-23,120974.03437830221
2021-04-24,120568.54266832626
2021-04-25,120568.54266832626
2021-04-26,120568.54266832626
2021-04-27,120568.54266832626
2021-04-28,120568.54266832626
2021-04-29,120568.54266832626
2021-04-30,120568.54266832626
2021-05-01,120568.54266832626
2021-05-02,120568.54266832626
2021-05-03,120568.54266832626
2021-05-04,120568.54266832626
2021-05-05,120568.54266832626
2021-05-06,120568.54266832626
2021-05-07,120568.54266832626
2021-05-08,120594.47146788791
2021-05-09,120594.47146788791
2021-05-10,120594.47146788791
2021-05-11,120594.47146788791
2021-05-12,120594.47146788791
2021-05-13,120594.47146788791
2021-05-14,120648.20968900545
2021-05-15,121297.86343753987
2021-05-16,121297.86343753987
2021-05-17,121297.86343753987
2021-05-18,121297.86343753987
2021-05-19,121297.86343753987
2021-05-20,121297.86343753987
2021-05-21,121558.23668239632
2021-05-22,121558.23668239632
2021-05-23,121558.23668239632
2021-05-24,121558.23668239632
2021-05-25,121847.9671997164
2021-05-26,121847.9671997164
2021-05-27,121847.9671997164
2021-05-28,121847.9671997164
2021-05-29,121847.9671997164
2021-05-30,121847.9671997164
2021-05-31,121847.9671997164
2021-06-01,121847.9671997164
2021-06-02,121847.9671997164
2021-06-03,121847.9671997164
2021-06-04,121847.9671997164
2021-06-05,122345.40473951008
2021-06-06,122345.40473951008
2021-06-07,122345.40473951008
2021-06-08,122345.40473951008
2021-06-09,122345.40473951008
2021-06-10,122345.40473951008
2021-06-11,122345.40473951008
2021-06-12,122345.40473951008
2021-06-13,122345.40473951008
2021-06-14,122345.40473951008
2021-06-15,122345.40473951008
2021-06-16,122345.40473951008
2021-06-17,122345.40473951008
2021-06-18,122345.40473951008
2021-06-19,122345.40473951008
2021-06-20,122345.40473951008
2021-06-21,122345.40473951008
2021-06-22,122345.40473951008
2021-06-23,122345.40473951008
2021-06-24,122345.40473951008
2021-06-25,122345.40473951008
2021-06-26,122345.40473951008
2021-06-27,122345.40473951008
2021-06-28,122345.40473951008
2021-06-29,122210.03717910135
2021-06-30,122210.03717910135
2021-07-01,122210.03717910135
2021-07-02,122210.03717910135
2021-07-03,122507.76132711876
2021-07-04,122507.76132711876
2021-07-05,122507.76132711876
2021-07-06,122507.76132711876
2021-07-07,122507.76132711876
2021-07-08,122507.76132711876
2021-07-09,122507.76132711876
2021-07-10,123093.22887599518
2021-07-11,123093.22887599518
2021-07-12,123093.22887599518
2021-07-13,123093.22887599518
2021-07-14,123093.22887599518
2021-07-15,122695.14457671679
2021-07-16,122695.14457671679
2021-07-17,122695.14457671679
2021-07-18,122695.14457671679
2021-07-19,122695.14457671679
2021-07-20,122695.14457671679
2021-07-21,122687.21555871864
2021-07-22,122687.21555871864
2021-07-23,122687.21555871864
2021-07-24,122687.21555871864
2021-07-25,122687.21555871864
2021-07-26,122687.21555871864
2021-07-27,122687.21555871864
2021-07-28,122687.21555871864
2021-07-29,122687.21555871864
2021-07-30,122687.21555871864
2021-07-31,122687.21555871864
2021-08-01,122687.21555871864
2021-08-02,122687.21555871864
2021-08-03,122687.21555871864
2021-08-04,122687.21555871864
2021-08-05,122687.21555871864
2021-08-06,122687.21555871864
2021-08-07,122687.21555871864
2021-08-08,122687.21555871864
2021-08-09,122687.21555871864
2021-08-10,122687.21555871864
2021-08-11,122687.21555871864
2021-08-12,122687.21555871864
2021-08-13,122687.21555871864
2021-08-14,122687.21555871864
2021-08-15,122687.21555871864
2021-08-16,122687.21555871864
2021-08-17,122687.21555871864
2021-08-18,122687.21555871864
2021-08-19,122687.21555871864
2021-08-20,122687.21555871864
2021-08-21,122895.46862080834
2021-08-22,122895.46862080834
2021-08-23,122895.46862080834
2021-08-24,123478.15152138384
2021-08-25,123478.15152138384
2021-08-26,123478.15152138384
2021-08-27,123478.15152138384
2021-08-28,123478.15152138384
2021-08-29,123478.15152138384
2021-08-30,123478.15152138384
2021-08-31,123524.71417093065
2021-09-01,123524.71417093065
2021-09-02,123524.71417093065
2021-09-03,123524.71417093065
2021-09-04,123524.71417093065
2021-09-05,123524.71417093065
2021-09-06,123524.71417093065
2021-09-07,123524.71417093065
2021-09-08,123524.71417093065
2021-09-09,123524.71417093065
2021-09-10,123524.71417093065
2021-09-11,123524.71417093065
2021-09-12,123524.71417093065
2021-09-13,123524.71417093065
2021-09-14,123524.71417093065
2021-09-15,123524.71417093065
2021-09-16,123582.2687915152
2021-09-17,123582.2687915152
2021-09-18,123582.2687915152
2021-09-19,123582.2687915152
2021-09-20,123582.2687915152
2021-09-21,123582.2687915152
2021-09-22,123582.2687915152
2021-09-23,123582.2687915152
2021-09-24,123582.2687915152
2021-09-25,123582.2687915152
2021-09-26,123582.2687915152
2021-09-27,123582.2687915152
2021-09-28,123582.2687915152
2021-09-29,123582.2687915152
2021-09-30,123582.2687915152
2021-10-01,123582.2687915152
2021-10-02,123335.29859298986
2021-10-03,123335.29859298986
2021-10-04,123335.29859298986
2021-10-05,123335.29859298986
2021-10-06,122966.71248591601
2021-10-07,122966.71248591601
2021-10-08,122966.71248591601
2021-10-09,122966.71248591601
2021-10-10,122966.71248591601
2021-10-11,122966.71248591601
2021-10-12,122966.71248591601
2021-10-13,122966.71248591601
2021-10-14,122966.71248591601
2021-10-15,123479.31744537292
2021-10-16,123479.31744537292
2021-10-17,123479.31744537292
2021-10-18,123479.31744537292
2021-10-19,123525.08001536128
2021-10-20,123525.08001536128
2021-10-21,123525.08001536128
2021-10-22,123525.08001536128
2021-10-23,123525.08001536128
2021-10-24,123525.08001536128
2021-10-25,123525.08001536128
2021-10-26,123525.08001536128
2021-10-27,123525.08001536128
2021-10-28,123525.08001536128
2021-10-29,123525.08001536128
2021-10-30,123525.08001536128
2021-10-31,123525.08001536128
2021-11-01,123525.08001536128
2021-11-02,123525.08001536128
2021-11-03,123525.08001536128
2021-11-04,123916.31731271718
2021-11-05,123916.31731271718
2021-11-06,123916.31731271718
2021-11-07,123916.31731271718
2021-11-08,123916.31731271718
2021-11-09,123916.31731271718
2021-11-10,123916.31731271718
2021-11-11,123916.31731271718
2021-11-12,123916.31731271718
2021-11-13,123916.31731271718
2021-11-14,123916.31731271718
2021-11-15,123916.31731271718
2021-11-16,123916.31731271718
2021-11-17,123916.31731271718
2021-11-18,123916.31731271718
2021-11-19,123916.31731271718
2021-11-20,123916.31731271718
2021-11-21,123916.31731271718
2021-11-22,123916.31731271718
2021-11-23,120967.93552836252
2021-11-24,120967.93552836252
2021-11-25,120967.93552836252
2021-11-26,120967.93552836252
2021-11-27,120967.93552836252
2021-11-28,120967.93552836252
2021-11-29,120967.93552836252
2021-11-30,121234.71775040316
2021-12-01,121234.71775040316
2021-12-02,121234.71775040316
2021-12-03,121234.71775040316
2021-12-04,121234.71775040316
2021-12-05,121234.71775040316
2021-12-06,121234.71775040316
2021-12-07,121234.71775040316
2021-12-08,123823.61668931344
2021-12-09,123823.61668931344
2021-12-10,123823.61668931344
2021-12-11,123823.61668931344
2021-12-12,123823.61668931344
2021-12-13,123823.61668931344
2021-12-14,123823.61668931344
2021-12-15,123823.61668931344
2021-12-16,124279.99813992514
2021-12-17,124279.99813992514
2021-12-18,124279.99813992514
2021-12-19,124279.99813992514
2021-12-20,124279.99813992514
2021-12-21,124279.99813992514
2021-12-22,124279.99813992514
2021-12-23,124279.99813992514
2021-12-24,124279.99813992514
2021-12-25,124279.99813992514
2021-12-26,124279.99813992514
2021-12-27,124279.99813992514
2021-12-28,124279.99813992514
2021-12-29,124279.99813992514
2021-12-30,124279.99813992514
2021-12-31,124279.99813992514
2022-01-01,124279.99813992514
2022-01-02,124279.99813992514
2022-01-03,124279.99813992514
2022-01-04,124279.99813992514
2022-01-05,124279.99813992514
2022-01-06,124279.99813992514
2022-01-07,124279.99813992514
2022-01-08,124279.99813992514
2022-01-09,124279.99813992514
2022-01-10,124279.99813992514
2022-01-11,124279.99813992514
2022-01-12,124279.99813992514
2022-01-13,124279.99813992514
2022-01-14,124279.99813992514
2022-01-15,124279.99813992514
2022-01-16,124279.99813992514
2022-01-17,124279.99813992514
2022-01-18,124279.99813992514
2022-01-19,124279.99813992514
2022-01-20,124279.99813992514
2022-01-21,124279.99813992514
2022-01-22,124279.99813992514
2022-01-23,124279.99813992514
2022-01-24,124279.99813992514
2022-01-25,124279.99813992514
2022-01-26,124279.99813992514
2022-01-27,124279.99813992514
2022-01-28,124279.99813992514
2022-01-29,124279.99813992514
2022-01-30,124279.99813992514
2022-01-31,124279.99813992514
2022-02-01,124526.29890195045
2022-02-02,124526.29890195045
2022-02-03,124526.29890195045
2022-02-04,124526.29890195045
2022-02-05,124526.29890195045
2022-02-06,124526.29890195045
2022-02-07,124526.29890195045
2022-02-08,124526.29890195045
2022-02-09,124526.29890195045
2022-02-10,124526.29890195045
2022-02-11,124526.29890195045
2022-02-12,124526.29890195045
2022-02-13,124526.29890195045
2022-02-14,124526.29890195045
2022-02-15,124526.29890195045
2022-02-16,124526.29890195045
2022-02-17,124526.29890195045
2022-02-18,124526.29890195045
2022-02-19,124526.29890195045
2022-02-20,124526.29890195045
2022-02-21,124526.29890195045
2022-02-22,124526.29890195045
2022-02-23,124122.05023530373
2022-02-24,124122.05023530373
2022-02-25,124122.05023530373
2022-02-26,124331.62451090528
2022-02-27,124331.62451090528
2022-02-28,124331.62451090528
2022-03-01,124331.62451090528
2022-03-02,124331.62451090528
2022-03-03,124331.62451090528
2022-03-04,124331.62451090528
2022-03-05,124331.62451090528
2022-03-06,124331.62451090528
2022-03-07,124331.62451090528
2022-03-08,124331.62451090528
2022-03-09,124331.62451090528
2022-03-10,124365.49562213627
2022-03-11,124365.49562213627
2022-03-12,124365.49562213627
2022-03-13,124365.49562213627
2022-03-14,124365.49562213627
2022-03-15,124365.49562213627
2022-03-16,124365.49562213627
2022-03-17,124453.42877635133
2022-03-18,124453.42877635133
2022-03-19,124453.42877635133
2022-03-20,124453.42877635133
2022-03-21,124453.42877635133
2022-03-22,124453.42877635133
2022-03-23,124453.42877635133
2022-03-24,124453.42877635133
2022-03-25,124453.42877635133
2022-03-26,124453.42877635133
2022-03-27,124453.42877635133
2022-03-28,124453.42877635133
2022-03-29,124453.42877635133
2022-03-30,124453.42877635133
2022-03-31,124453.42877635133
2022-04-01,124453.42877635133
2022-04-02,124453.42877635133
2022-04-03,124453.42877635133
2022-04-04,124453.42877635133
2022-04-05,124562.53312118766
2022-04-06,124562.53312118766
2022-04-07,124562.53312118766
2022-04-08,124562.53312118766
2022-04-09,124562.53312118766
2022-04-10,124562.53312118766
2022-04-11,124562.53312118766
2022-04-12,124562.53312118766
2022-04-13,124562.53312118766
2022-04-14,124562.53312118766
2022-04-15,124562.53312118766
2022-04-16,124562.53312118766
2022-04-17,124562.53312118766
2022-04-18,124562.53312118766
2022-04-19,124562.53312118766
2022-04-20,124562.53312118766
2022-04-21,124562.53312118766
2022-04-22,124562.53312118766
2022-04-23,124562.53312118766
2022-04-24,124562.53312118766
2022-04-25,124562.53312118766
2022-04-26,124562.53312118766
2022-04-27,124562.53312118766
2022-04-28,124562.53312118766
2022-04-29,123943.6731724363
2022-04-30,123943.6731724363
2022-05-01,123943.6731724363
2022-05-02,123943.6731724363
2022-05-03,123943.6731724363
2022-05-04,123943.6731724363
2022-05-05,124123.4301941109
2022-05-06,124123.4301941109
2022-05-07,124123.4301941109
2022-05-08,124123.4301941109
2022-05-09,124123.4301941109
2022-05-10,124123.4301941109
2022-05-11,124123.4301941109
2022-05-12,124123.4301941109
2022-05-13,124123.4301941109
2022-05-14,124123.4301941109
2022-05-15,124123.4301941109
2022-05-16,124123.4301941109
2022-05-17,124123.4301941109
2022-05-18,124123.4301941109
2022-05-19,124123.4301941109
2022-05-20,124123.4301941109
2022-05-21,124123.4301941109
2022-05-22,124123.4301941109
2022-05-23,124123.4301941109
2022-05-24,124123.4301941109
2022-05-25,124123.4301941109
2022-05-26,124123.4301941109
2022-05-27,123950.24230880669
2022-05-28,124016.8593218461
2022-05-29,124016.8593218461
2022-05-30,124102.47756138592
2022-05-31,124102.47756138592
2022-06-01,124102.47756138592
2022-06-02,124102.47756138592
2022-06-03,124184.61245099566
2022-06-04,124184.61245099566
2022-06-05,124184.61245099566
2022-06-06,124184.61245099566
2022-06-07,124184.61245099566
2022-06-08,124184.61245099566
2022-06-09,124184.61245099566
2022-06-10,124184.61245099566
2022-06-11,124184.61245099566
2022-06-12,124184.61245099566
2022-06-13,124184.61245099566
2022-06-14,124184.61245099566
2022-06-15,124184.61245099566
2022-06-16,124302.03991080755
2022-06-17,124302.03991080755
2022-06-18,124302.03991080755
2022-06-19,124302.03991080755
2022-06-20,124302.03991080755
2022-06-21,124302.03991080755
2022-06-22,124302.03991080755
2022-06-23,124302.03991080755
2022-06-24,124302.03991080755
2022-06-25,125053.38400678664
2022-06-26,125053.38400678664
2022-06-27,125053.38400678664
2022-06-28,125053.38400678664
2022-06-29,125053.38400678664
2022-06-30,125053.38400678664
2022-07-01,125053.38400678664
2022-07-02,125053.38400678664
2022-07-03,125053.38400678664
2022-07-04,125053.38400678664
2022-07-05,125053.38400678664
2022-07-06,125053.38400678664
2022-07-07,125053.38400678664
2022-07-08,125053.38400678664
2022-07-09,125053.38400678664
2022-07-10,125053.38400678664
2022-07-11,125053.38400678664
2022-07-12,125053.38400678664
2022-07-13,125053.38400678664
2022-07-14,125053.38400678664
2022-07-15,125053.38400678664
2022-07-16,125053.38400678664
2022-07-17,125053.38400678664
2022-07-18,125053.38400678664
2022-07-19,125053.38400678664
2022-07-20,125889.39926559148
2022-07-21,125889.39926559148
2022-07-22,125889.39926559148
2022-07-23,125889.39926559148
2022-07-24,125889.39926559148
2022-07-25,125889.39926559148
2022-07-26,125889.39926559148
2022-07-27,125889.39926559148
2022-07-28,125906.98286498102
2022-07-29,125814.1626189122
2022-07-30,125814.1626189122
2022-07-31,125814.1626189122
2022-08-01,125814.1626189122
2022-08-02,125814.1626189122
2022-08-03,125814.1626189122
2022-08-04,125904.01582373984
2022-08-05,125904.01582373984
2022-08-06,125904.01582373984
2022-08-07,125904.01582373984
2022-08-08,125904.01582373984
2022-08-09,125904.01582373984
2022-08-10,125904.01582373984
2022-08-11,126427.01981635606
2022-08-12,126427.01981635606
2022-08-13,126462.0162108778
2022-08-14,126462.0162108778
2022-08-15,126462.0162108778
2022-08-16,126462.0162108778
2022-08-17,126462.0162108778
2022-08-18,126462.0162108778
2022-08-19,126462.0162108778
2022-08-20,126462.0162108778
2022-08-21,126462.0162108778
2022-08-22,126462.0162108778
2022-08-23,126462.0162108778
2022-08-24,126462.0162108778
2022-08-25,126462.0162108778
2022-08-26,126462.0162108778
2022-08-27,126462.0162108778
2022-08-28,126462.0162108778
2022-08-29,126462.0162108778
2022-08-30,126462.0162108778
2022-08-31,126462.0162108778
2022-09-01,126462.0162108778
2022-09-02,126462.0162108778
2022-09-03,126462.0162108778
2022-09-04,126462.0162108778
2022-09-05,126462.0162108778
2022-09-06,126462.0162108778
2022-09-07,126462.0162108778
2022-09-08,126447.46868304454
2022-09-09,126447.46868304454
2022-09-10,126447.46868304454
2022-09-11,126447.46868304454
2022-09-12,126447.46868304454
2022-09-13,126447.46868304454
2022-09-14,126447.46868304454
2022-09-15,126447.46868304454
2022-09-16,126447.46868304454
2022-09-17,126447.46868304454
2022-09-18,126447.46868304454
2022-09-19,126447.46868304454
2022-09-20,126447.46868304454
2022-09-21,126447.46868304454
2022-09-22,126447.46868304454
2022-09-23,126447.46868304454
2022-09-24,126447.46868304454
2022-09-25,126447.46868304454
2022-09-26,126447.46868304454
2022-09-27,126447.46868304454
2022-09-28,126447.46868304454
2022-09-29,126212.38120072833
2022-09-30,126212.38120072833
2022-10-01,126212.38120072833
2022-10-02,126212.38120072833
2022-10-03,126212.38120072833
2022-10-04,126571.41926990967
2022-10-05,126402.08723790466
2022-10-06,126402.08723790466
2022-10-07,126402.08723790466
2022-10-08,126402.08723790466
2022-10-09,126402.08723790466
2022-10-10,126402.08723790466
2022-10-11,126402.08723790466
2022-10-12,126402.08723790466
2022-10-13,126402.08723790466
2022-10-14,126402.08723790466
2022-10-15,126402.08723790466
2022-10-16,126402.08723790466
2022-10-17,126402.08723790466
2022-10-18,126895.1593688278
2022-10-19,126895.1593688278
2022-10-20,126895.1593688278
2022-10-21,126895.1593688278
2022-10-22,127088.6982448645
2022-10-23,127088.6982448645
2022-10-24,127088.6982448645
2022-10-25,127088.6982448645
2022-10-26,127088.6982448645
2022-10-27,127088.6982448645
2022-10-28,127088.6982448645
2022-10-29,127856.36061250119
2022-10-30,127856.36061250119
2022-10-31,127856.36061250119
2022-11-01,127856.36061250119
2022-11-02,127856.36061250119
2022-11-03,127856.36061250119
2022-11-04,127856.36061250119
2022-11-05,127856.36061250119
2022-11-06,127856.36061250119
2022-11-07,127856.36061250119
2022-11-08,127856.36061250119
2022-11-09,127856.36061250119
2022-11-10,127856.36061250119
2022-11-11,127856.36061250119
2022-11-12,127856.36061250119
2022-11-13,127856.36061250119
2022-11-14,127856.36061250119
2022-11-15,127856.36061250119
2022-11-16,126992.70798806217
2022-11-17,126992.70798806217
2022-11-18,126992.70798806217
2022-11-19,126992.70798806217
2022-11-20,126992.70798806217
2022-11-21,126992.70798806217
2022-11-22,126992.70798806217
2022-11-23,126992.70798806217
2022-11-24,126992.70798806217
2022-11-25,126992.70798806217
2022-11-26,126992.70798806217
2022-11-27,126992.70798806217
2022-11-28,126992.70798806217
2022-11-29,126992.70798806217
2022-11-30,126992.70798806217
2022-12-01,127839.71455048848
2022-12-02,127839.71455048848
2022-12-03,127839.71455048848
2022-12-04,127839.71455048848
2022-12-05,127839.71455048848
2022-12-06,127839.71455048848
2022-12-07,127839.71455048848
2022-12-08,127839.71455048848
2022-12-09,127839.71455048848
2022-12-10,127839.71455048848
2022-12-11,127839.71455048848
2022-12-12,127839.71455048848
2022-12-13,127839.71455048848
2022-12-14,126360.89301419555
2022-12-15,126360.89301419555
2022-12-16,126360.89301419555
2022-12-17,126360.89301419555
2022-12-18,126360.89301419555
2022-12-19,126360.89301419555
2022-12-20,126360.89301419555
2022-12-21,126360.89301419555
2022-12-22,126360.89301419555
2022-12-23,126360.89301419555
2022-12-24,126360.89301419555
2022-12-25,126360.89301419555
2022-12-26,126360.89301419555
2022-12-27,126360.89301419555
2022-12-28,126360.89301419555
2022-12-29,126360.89301419555
2022-12-30,126087.01777490808
2022-12-31,126087.01777490808
2023-01-01,126087.01777490808
2023-01-02,126087.01777490808
2023-01-03,126087.01777490808
2023-01-04,126087.01777490808
2023-01-05,126087.01777490808
2023-01-06,126087.01777490808
2023-01-07,126275.87426773677
2023-01-08,126275.87426773677
2023-01-09,126275.87426773677
2023-01-10,125163.85935143434
2023-01-11,125163.85935143434
2023-01-12,125163.85935143434
2023-01-13,125163.85935143434
2023-01-14,125163.85935143434
2023-01-15,125163.85935143434
2023-01-16,125163.85935143434
2023-01-17,125163.85935143434
2023-01-18,125163.85935143434
2023-01-19,125163.85935143434
2023-01-20,125163.85935143434
2023-01-21,125552.68101276844
2023-01-22,125552.68101276844
2023-01-23,125552.68101276844
2023-01-24,125867.91686094739
2023-01-25,125867.91686094739
2023-01-26,125867.91686094739
2023-01-27,125867.91686094739
2023-01-28,125676.3771468798
2023-01-29,125676.3771468798
2023-01-30,125676.3771468798
2023-01-31,125676.3771468798
2023-02-01,125676.3771468798
2023-02-02,125676.3771468798
2023-02-03,125317.93113478803
2023-02-04,125317.93113478803
2023-02-05,125317.93113478803
2023-02-06,125317.93113478803
2023-02-07,125317.93113478803
2023-02-08,125233.65766338118
2023-02-09,125233.65766338118
2023-02-10,125233.65766338118
2023-02-11,125233.65766338118
2023-02-12,125233.65766338118
2023-02-13,125233.65766338118
2023-02-14,125210.30937073902
2023-02-15,125210.30937073902
2023-02-16,125210.30937073902
2023-02-17,125210.30937073902
2023-02-18,125210.30937073902
2023-02-19,125210.30937073902
2023-02-20,125210.30937073902
2023-02-21,125210.30937073902
2023-02-22,125210.30937073902
2023-02-23,125210.30937073902
2023-02-24,125210.30937073902
2023-02-25,125210.30937073902
2023-02-26,125210.30937073902
2023-02-27,125210.30937073902
2023-02-28,125210.30937073902
2023-03-01,125210.30937073902
2023-03-02,125210.30937073902
2023-03-03,125210.30937073902
2023-03-04,126048.15857775729
2023-03-05,126048.15857775729
2023-03-06,126048.15857775729
2023-03-07,126048.15857775729
2023-03-08,126048.15857775729
2023-03-09,126048.15857775729
2023-03-10,126048.15857775729
2023-03-11,126048.15857775729
2023-03-12,126048.15857775729
2023-03-13,126048.15857775729
2023-03-14,126048.15857775729
2023-03-15,126048.15857775729
2023-03-16,126048.15857775729
2023-03-17,126098.77372787739
2023-03-18,126098.77372787739
2023-03-19,126098.77372787739
2023-03-20,126098.77372787739
2023-03-21,126098.77372787739
2023-03-22,126098.77372787739
2023-03-23,126098.77372787739
2023-03-24,126098.77372787739
2023-03-25,126098.77372787739
2023-03-26,126098.77372787739
2023-03-27,126098.77372787739
2023-03-28,126098.77372787739
2023-03-29,126098.77372787739
2023-03-30,126098.77372787739
2023-03-31,126098.77372787739
2023-04-01,126098.77372787739
2023-04-02,126098.77372787739
2023-04-03,126098.77372787739
2023-04-04,126098.77372787739
2023-04-05,126098.77372787739
2023-04-06,126098.77372787739
2023-04-07,126098.77372787739
2023-04-08,126098.77372787739
2023-04-09,126098.77372787739
2023-04-10,126098.77372787739
2023-04-11,126098.77372787739
2023-04-12,126098.77372787739
2023-04-13,126098.77372787739
2023-04-14,126457.55834135521
2023-04-15,126457.55834135521
2023-04-16,126457.55834135521
2023-04-17,126457.55834135521
2023-04-18,126457.55834135521
2023-04-19,126457.55834135521
2023-04-20,126457.55834135521
2023-04-21,126457.55834135521
2023-04-22,126457.55834135521
2023-04-23,126457.55834135521
2023-04-24,126457.55834135521
2023-04-25,126457.55834135521
2023-04-26,126457.55834135521
2023-04-27,126457.55834135521
2023-04-28,127082.7067742735
2023-04-29,127082.7067742735
2023-04-30,127082.7067742735
2023-05-01,126910.73347567208
2023-05-02,126910.73347567208
2023-05-03,126910.73347567208
2023-05-04,126910.73347567208
2023-05-05,126910.73347567208
2023-05-06,127622.83085632733
2023-05-07,127622.83085632733
2023-05-08,127622.83085632733
2023-05-09,127622.83085632733
2023-05-10,127622.83085632733
2023-05-11,127622.83085632733
2023-05-12,127622.83085632733
2023-05-13,127622.83085632733
2023-05-14,127622.83085632733
2023-05-15,127622.83085632733
2023-05-16,127622.83085632733
2023-05-17,127622.83085632733
2023-05-18,127653.53352181277
2023-05-19,127813.35085726803
2023-05-20,127813.35085726803
2023-05-21,127813.35085726803
2023-05-22,127813.35085726803
2023-05-23,127813.35085726803
2023-05-24,127813.35085726803
2023-05-25,127813.35085726803
2023-05-26,127813.35085726803
2023-05-27,128113.24305018832
2023-05-28,128113.24305018832
2023-05-29,128113.24305018832
2023-05-30,128113.24305018832
2023-05-31,127201.64071676551
2023-06-01,127201.64071676551
2023-06-02,127042.36384432265
2023-06-03,127503.00315618311
2023-06-04,127503.00315618311
2023-06-05,127503.00315618311
2023-06-06,127503.00315618311
2023-06-07,127503.00315618311
2023-06-08,127503.00315618311
2023-06-09,127503.00315618311
2023-06-10,127503.00315618311
2023-06-11,127503.00315618311
2023-06-12,127503.00315618311
2023-06-13,127762.6984522143
2023-06-14,127762.6984522143
2023-06-15,127762.6984522143
2023-06-16,127991.71566832202
2023-06-17,127991.71566832202
2023-06-18,127991.71566832202
2023-06-19,127991.71566832202
2023-06-20,127991.71566832202
2023-06-21,127991.71566832202
2023-06-22,127991.71566832202
2023-06-23,127991.71566832202
2023-06-24,127991.71566832202
2023-06-25,127991.71566832202
2023-06-26,127991.71566832202
2023-06-27,127991.71566832202
2023-06-28,127641.27099435854
2023-06-29,127641.27099435854
2023-06-30,127641.27099435854
2023-07-01,127898.16429765365
2023-07-02,127898.16429765365
2023-07-03,127898.16429765365
2023-07-04,127898.16429765365
2023-07-05,127898.16429765365
2023-07-06,127898.16429765365
2023-07-07,127898.16429765365
2023-07-08,127898.16429765365
2023-07-09,127898.16429765365
2023-07-10,127898.16429765365
2023-07-11,127898.16429765365
2023-07-12,127898.16429765365
2023-07-13,128545.00345617253
2023-07-14,128353.82351870128
2023-07-15,128353.82351870128
2023-07-16,128353.82351870128
2023-07-17,128353.82351870128
2023-07-18,128165.69686433673
2023-07-19,127962.26341789885
2023-07-20,127962.26341789885
2023-07-21,127962.26341789885
2023-07-22,127962.26341789885
2023-07-23,127962.26341789885
2023-07-24,127962.26341789885
2023-07-25,127962.26341789885
2023-07-26,127962.26341789885
2023-07-27,127962.26341789885
2023-07-28,124599.62485474967
2023-07-29,125139.7114837716
2023-07-30,125139.7114837716
2023-07-31,125139.7114837716
2023-08-01,125139.7114837716
2023-08-02,125139.7114837716
2023-08-03,125139.7114837716
2023-08-04,125139.7114837716
2023-08-05,125139.7114837716
2023-08-06,125139.7114837716
2023-08-07,125139.7114837716
2023-08-08,125139.7114837716
2023-08-09,125139.7114837716
2023-08-10,125139.7114837716
2023-08-11,124280.16248405451
2023-08-12,124280.16248405451
2023-08-13,124280.16248405451
2023-08-14,124280.16248405451
2023-08-15,124280.16248405451
2023-08-16,124280.16248405451
2023-08-17,124280.16248405451
2023-08-18,124280.16248405451
2023-08-19,124280.16248405451
2023-08-20,124280.16248405451
2023-08-21,124280.16248405451
2023-08-22,124144.39120863739
2023-08-23,124144.39120863739
2023-08-24,125689.06062448776
2023-08-25,125689.06062448776
2023-08-26,125689.06062448776
2023-08-27,125689.06062448776
2023-08-28,125689.06062448776
2023-08-29,125689.06062448776
2023-08-30,126692.98983479376
2023-08-31,126692.98983479376
2023-09-01,126692.98983479376
2023-09-02,126692.98983479376
2023-09-03,126692.98983479376
2023-09-04,126692.98983479376
2023-09-05,126692.98983479376
2023-09-06,126692.98983479376
2023-09-07,126692.98983479376
2023-09-08,126692.98983479376
2023-09-09,126692.98983479376
2023-09-10,126692.98983479376
2023-09-11,126692.98983479376
2023-09-12,126692.98983479376
2023-09-13,126692.98983479376
2023-09-14,126692.98983479376
2023-09-15,126692.98983479376
2023-09-16,126692.98983479376
2023-09-17,126692.98983479376
2023-09-18,126692.98983479376
2023-09-19,126692.98983479376
2023-09-20,126692.98983479376
2023-09-21,126692.98983479376
2023-09-22,126692.98983479376
2023-09-23,126692.98983479376
2023-09-24,126692.98983479376
2023-09-25,126692.98983479376
2023-09-26,126692.98983479376
2023-09-27,126692.98983479376
2023-09-28,126692.98983479376
2023-09-29,126692.98983479376
2023-09-30,126692.98983479376
2023-10-01,126692.98983479376
2023-10-02,126692.98983479376
2023-10-03,126692.98983479376
2023-10-04,126692.98983479376
2023-10-05,126697.21784602816
2023-10-06,126697.21784602816
2023-10-07,126988.42554061153
2023-10-08,126988.42554061153
2023-10-09,126988.42554061153
2023-10-10,126988.42554061153
2023-10-11,126988.42554061153
2023-10-12,126988.42554061153
2023-10-13,126988.42554061153
2023-10-14,126988.42554061153
2023-10-15,126988.42554061153
2023-10-16,126988.42554061153
2023-10-17,126988.42554061153
2023-10-18,126988.42554061153
2023-10-19,126988.42554061153
2023-10-20,126988.42554061153
2023-10-21,126988.42554061153
2023-10-22,126988.42554061153
2023-10-23,126988.42554061153
2023-10-24,126988.42554061153
2023-10-25,126988.42554061153
2023-10-26,126988.42554061153
2023-10-27,126988.42554061153
2023-10-28,126988.42554061153
2023-10-29,126988.42554061153
2023-10-30,126988.42554061153
2023-10-31,126988.42554061153
2023-11-01,126988.42554061153
2023-11-02,127549.20075285446
2023-11-03,127706.25913262907
2023-11-04,127609.95061443231
2023-11-05,127609.95061443231
2023-11-06,127609.95061443231
2023-11-07,127609.95061443231
2023-11-08,127609.95061443231
2023-11-09,127609.95061443231
2023-11-10,127609.95061443231
2023-11-11,129026.79996715992
2023-11-12,129026.79996715992
2023-11-13,129026.79996715992
2023-11-14,129026.79996715992
2023-11-15,129026.79996715992
2023-11-16,129026.79996715992
2023-11-17,129026.79996715992
2023-11-18,129026.79996715992
2023-11-19,129026.79996715992
2023-11-20,129026.79996715992
2023-11-21,129287.14173175262
2023-11-22,129287.14173175262
2023-11-23,128754.10160422199
2023-11-24,128754.10160422199
2023-11-25,128754.10160422199
2023-11-26,128754.10160422199
2023-11-27,128754.10160422199
2023-11-28,128754.10160422199
2023-11-29,128754.10160422199
2023-11-30,128754.10160422199
2023-12-01,128754.10160422199
2023-12-02,128678.70208204177
2023-12-03,128678.70208204177
2023-12-04,128678.70208204177
2023-12-05,128678.70208204177
2023-12-06,128678.70208204177
2023-12-07,128678.70208204177
2023-12-08,128519.68397804428
2023-12-09,128519.68397804428
2023-12-10,128519.68397804428
2023-12-11,128519.68397804428
2023-12-12,128519.68397804428
2023-12-13,128519.68397804428
2023-12-14,129275.48600958241
2023-12-15,129275.48600958241
2023-12-16,129275.48600958241
2023-12-17,129275.48600958241
2023-12-18,129275.48600958241
2023-12-19,129275.48600958241
2023-12-20,129275.48600958241
2023-12-21,129275.48600958241
2023-12-22,129275.48600958241
2023-12-23,129275.48600958241
2023-12-24,129275.48600958241
2023-12-25,129275.48600958241
2023-12-26,129275.48600958241
2023-12-27,129275.48600958241
2023-12-28,129275.48600958241
2023-12-29,129275.48600958241
2023-12-30,129275.48600958241
2023-12-31,129275.48600958241
2024-01-01,129275.48600958241
2024-01-02,129275.48600958241
2024-01-03,129275.48600958241
2024-01-04,129275.48600958241
2024-01-05,129275.48600958241
2024-01-06,129275.48600958241
2024-01-07,129275.48600958241
2024-01-08,129275.48600958241
2024-01-09,129275.48600958241
2024-01-10,129275.48600958241
2024-01-11,129275.48600958241
2024-01-12,129275.48600958241
2024-01-13,129275.48600958241
2024-01-14,129275.48600958241
2024-01-15,129275.48600958241
2024-01-16,129275.48600958241
2024-01-17,129275.48600958241
2024-01-18,129275.48600958241
2024-01-19,129275.48600958241
2024-01-20,129275.48600958241
2024-01-21,129275.48600958241
2024-01-22,129275.48600958241
2024-01-23,129275.48600958241
2024-01-24,129275.48600958241
2024-01-25,128343.42348750327
2024-01-26,128343.42348750327
2024-01-27,128343.42348750327
2024-01-28,128343.42348750327
2024-01-29,128343.42348750327
2024-01-30,128679.76971079016
2024-01-31,128679.76971079016
2024-02-01,128679.76971079016
2024-02-02,128679.76971079016
2024-02-03,128408.0908838315
2024-02-04,128408.0908838315
2024-02-05,128408.0908838315
2024-02-06,128408.0908838315
2024-02-07,128408.0908838315
2024-02-08,128310.46069291614
2024-02-09,128310.46069291614
2024-02-10,128003.43441411904
2024-02-11,128003.43441411904
2024-02-12,128003.43441411904
2024-02-13,128003.43441411904
2024-02-14,128003.43441411904
2024-02-15,128003.43441411904
2024-02-16,128003.43441411904
2024-02-17,128003.43441411904
2024-02-18,128003.43441411904
2024-02-19,128003.43441411904
2024-02-20,128003.43441411904
2024-02-21,128003.43441411904
2024-02-22,128003.43441411904
2024-02-23,129382.9857368514
2024-02-24,129382.9857368514
2024-02-25,129382.9857368514
2024-02-26,129382.9857368514
2024-02-27,129382.9857368514
2024-02-28,129382.9857368514
2024-02-29,129382.9857368514
2024-03-01,129382.9857368514
2024-03-02,129891.84112148953
2024-03-03,129891.84112148953
2024-03-04,129891.84112148953
2024-03-05,129891.84112148953
2024-03-06,129891.84112148953
2024-03-07,128842.10192361177
2024-03-08,129145.87920193245
2024-03-09,129145.87920193245
2024-03-10,129145.87920193245
2024-03-11,129145.87920193245
2024-03-12,129145.87920193245
2024-03-13,129145.87920193245
2024-03-14,129145.87920193245
2024-03-15,129145.87920193245
2024-03-16,129145.87920193245
2024-03-17,129145.87920193245
2024-03-18,129145.87920193245
2024-03-19,128210.89143141737
2024-03-20,128210.89143141737
2024-03-21,129176.68999908103
2024-03-22,129176.68999908103
2024-03-23,129176.68999908103
2024-03-24,129176.68999908103
2024-03-25,129176.68999908103
2024-03-26,129176.68999908103
2024-03-27,129176.68999908103
2024-03-28,129176.68999908103
2024-03-29,129176.68999908103
2024-03-30,129176.68999908103
2024-03-31,129176.68999908103
2024-04-01,129176.68999908103
2024-04-02,129176.68999908103
2024-04-03,129176.68999908103
2024-04-04,129176.68999908103
2024-04-05,129176.68999908103
2024-04-06,129213.98883622211
2024-04-07,129213.98883622211
2024-04-08,129213.98883622211
2024-04-09,129213.98883622211
2024-04-10,129213.98883622211
2024-04-11,129213.98883622211
2024-04-12,129115.55541779034
2024-04-13,129115.55541779034
2024-04-14,129115.55541779034
2024-04-15,129115.55541779034
2024-04-16,129115.55541779034
2024-04-17,129115.55541779034
2024-04-18,129115.55541779034
2024-04-19,129115.55541779034
2024-04-20,129115.55541779034
2024-04-21,129115.55541779034
2024-04-22,129115.55541779034
2024-04-23,129115.55541779034
2024-04-24,129966.72846996934
2024-04-25,129966.72846996934
2024-04-26,129918.54498354139
2024-04-27,129918.54498354139
2024-04-28,129918.54498354139
2024-04-29,129918.54498354139
2024-04-30,129918.54498354139
2024-05-01,129918.54498354139
2024-05-02,128786.07075911132
2024-05-03,128786.07075911132
2024-05-04,128786.07075911132
2024-05-05,128786.07075911132
2024-05-06,128786.07075911132
2024-05-07,128786.07075911132
2024-05-08,128786.07075911132
2024-05-09,128786.07075911132
2024-05-10,128786.07075911132
2024-05-11,128786.07075911132
2024-05-12,128786.07075911132
2024-05-13,128786.07075911132
2024-05-14,128786.07075911132
2024-05-15,128786.07075911132
2024-05-16,129846.63409639678
2024-05-17,129846.63409639678
2024-05-18,129846.63409639678
2024-05-19,129846.63409639678
2024-05-20,129846.63409639678
2024-05-21,129846.63409639678
2024-05-22,129846.63409639678
2024-05-23,129846.63409639678
2024-05-24,129846.63409639678
2024-05-25,129598.76660430332
2024-05-26,129598.76660430332
2024-05-27,129598.76660430332
2024-05-28,129598.76660430332
2024-05-29,129598.76660430332
2024-05-30,129598.76660430332
2024-05-31,129598.76660430332
2024-06-01,129603.79931978679
2024-06-02,129603.79931978679
2024-06-03,129603.79931978679
2024-06-04,129603.79931978679
2024-06-05,129603.79931978679
2024-06-06,130698.97949402139
2024-06-07,130698.97949402139
2024-06-08,130698.97949402139
2024-06-09,130698.97949402139
2024-06-10,130698.97949402139
2024-06-11,130698.97949402139
2024-06-12,130698.97949402139
2024-06-13,131794.72252932753
2024-06-14,131794.72252932753
2024-06-15,131794.72252932753
2024-06-16,131794.72252932753
2024-06-17,131794.72252932753
2024-06-18,131803.99257482335
2024-06-19,131803.99257482335
2024-06-20,131803.99257482335
2024-06-21,131803.99257482335
2024-06-22,131803.99257482335
2024-06-23,131803.99257482335
2024-06-24,131803.99257482335
2024-06-25,131803.99257482335
2024-06-26,131803.99257482335
2024-06-27,131803.99257482335
2024-06-28,131803.99257482335
2024-06-29,131803.99257482335
2024-06-30,131803.99257482335
2024-07-01,131803.99257482335
2024-07-02,131803.99257482335
2024-07-03,131679.2317833624
2024-07-04,131679.2317833624
2024-07-05,131679.2317833624
2024-07-06,131753.8019472481
2024-07-07,131753.8019472481
2024-07-08,131753.8019472481
2024-07-09,131753.8019472481
2024-07-10,131753.8019472481
2024-07-11,132406.5162302865
2024-07-12,132406.5162302865
2024-07-13,131668.40160459958
2024-07-14,131668.40160459958
2024-07-15,131668.40160459958
2024-07-16,131186.74631415066
2024-07-17,131186.74631415066
2024-07-18,131186.74631415066
2024-07-19,131186.74631415066
2024-07-20,131186.74631415066
2024-07-21,131186.74631415066
2024-07-22,131186.74631415066
2024-07-23,131186.74631415066
2024-07-24,131186.74631415066
2024-07-25,131186.74631415066
2024-07-26,131186.74631415066
2024-07-27,131059.06669560973
2024-07-28,131059.06669560973
2024-07-29,131059.06669560973
2024-07-30,131059.06669560973
2024-07-31,131059.06669560973
2024-08-01,134373.4552830873
2024-08-02,134373.4552830873
2024-08-03,134373.4552830873
2024-08-04,134373.4552830873
2024-08-05,134373.4552830873
2024-08-06,134373.4552830873
2024-08-07,134373.4552830873
2024-08-08,134373.4552830873
2024-08-09,134997.65929306066
2024-08-10,134997.65929306066
2024-08-11,134997.65929306066
2024-08-12,134997.65929306066
2024-08-13,134997.65929306066
2024-08-14,135198.76851598814
2024-08-15,135198.76851598814
2024-08-16,135669.02395217412
2024-08-17,135669.02395217412
2024-08-18,135669.02395217412
2024-08-19,135669.02395217412
2024-08-20,135669.02395217412
2024-08-21,135669.02395217412
2024-08-22,135669.02395217412
2024-08-23,135669.02395217412
2024-08-24,135669.02395217412
2024-08-25,135669.02395217412
2024-08-26,135669.02395217412
2024-08-27,135669.02395217412
2024-08-28,135669.02395217412
2024-08-29,135669.02395217412
2024-08-30,135181.81445095682
2024-08-31,135181.81445095682
2024-09-01,135181.81445095682
2024-09-02,135181.81445095682
2024-09-03,135181.81445095682
2024-09-04,135181.81445095682
2024-09-05,135181.81445095682
2024-09-06,135181.81445095682
2024-09-07,135181.81445095682
2024-09-08,135181.81445095682
2024-09-09,135181.81445095682
2024-09-10,135181.81445095682
2024-09-11,135181.81445095682
2024-09-12,135421.98390888853
2024-09-13,135421.98390888853
2024-09-14,135421.98390888853
2024-09-15,135421.98390888853
2024-09-16,135421.98390888853
2024-09-17,135421.98390888853
2024-09-18,135421.98390888853
2024-09-19,135421.98390888853
2024-09-20,135346.31051438028
2024-09-21,135346.31051438028
2024-09-22,135346.31051438028
2024-09-23,135346.31051438028
2024-09-24,135346.31051438028
2024-09-25,135346.31051438028
2024-09-26,135346.31051438028
2024-09-27,135346.31051438028
2024-09-28,135346.31051438028
2024-09-29,135346.31051438028
2024-09-30,135346.31051438028
2024-10-01,135346.31051438028
2024-10-02,135346.31051438028
2024-10-03,135346.31051438028
2024-10-04,135346.31051438028
2024-10-05,135346.31051438028
2024-10-06,135346.31051438028
2024-10-07,135346.31051438028
2024-10-08,135346.31051438028
2024-10-09,135429.9873533021
2024-10-10,135429.9873533021
2024-10-11,135429.9873533021
2024-10-12,135429.9873533021
2024-10-13,135429.9873533021
2024-10-14,135429.9873533021
2024-10-15,135429.9873533021
2024-10-16,135429.9873533021
2024-10-17,135429.9873533021
2024-10-18,135429.9873533021
2024-10-19,135429.9873533021
2024-10-20,135429.9873533021
2024-10-21,135429.9873533021
2024-10-22,135429.9873533021
2024-10-23,135429.9873533021
2024-10-24,135429.9873533021
2024-10-25,135429.9873533021
2024-10-26,134375.67939924076
2024-10-27,134375.67939924076
2024-10-28,134375.67939924076
2024-10-29,134375.67939924076
2024-10-30,134466.04104484693
2024-10-31,134466.04104484693
2024-11-01,134466.04104484693
2024-11-02,133706.8598545455
2024-11-03,133706.8598545455
2024-11-04,133706.8598545455
2024-11-05,133706.8598545455
2024-11-06,134061.78648291563
2024-11-07,136611.28805836017
2024-11-08,136611.28805836017
2024-11-09,136611.28805836017
2024-11-10,136611.28805836017
2024-11-11,136611.28805836017
2024-11-12,136611.28805836017
2024-11-13,136611.28805836017
2024-11-14,136611.28805836017
2024-11-15,136611.28805836017
2024-11-16,136611.28805836017
2024-11-17,136611.28805836017
2024-11-18,136611.28805836017
2024-11-19,136611.28805836017
2024-11-20,136611.28805836017
2024-11-21,136611.28805836017
2024-11-22,136611.28805836017
2024-11-23,136611.28805836017
2024-11-24,136611.28805836017
2024-11-25,136611.28805836017
2024-11-26,136611.28805836017
2024-11-27,136611.28805836017
2024-11-28,136611.28805836017
2024-11-29,136611.28805836017
2024-11-30,136611.28805836017
2024-12-01,136611.28805836017
2024-12-02,136611.28805836017
2024-12-03,136535.548449838
2024-12-04,136535.548449838
2024-12-05,136535.548449838
2024-12-06,136535.548449838
2024-12-07,136535.548449838
2024-12-08,136535.548449838
2024-12-09,136535.548449838
2024-12-10,136535.548449838
2024-12-11,136535.548449838
2024-12-12,136735.04783372438
2024-12-13,136735.04783372438
2024-12-14,136735.04783372438
2024-12-15,136735.04783372438
2024-12-16,136735.04783372438
2024-12-17,137375.68309210605
2024-12-18,137375.68309210605
2024-12-19,137375.68309210605
2024-12-20,136517.29770342057
2024-12-21,136517.29770342057
2024-12-22,136517.29770342057
2024-12-23,136517.29770342057
2024-12-24,136517.29770342057
2024-12-25,136501.28109234062
2024-12-26,136514.92897233376
2024-12-27,136514.92897233376
2024-12-28,136514.92897233376
2024-12-29,136514.92897233376
2024-12-30,136514.92897233376
2024-12-31,136514.92897233376
2025-01-01,136514.92897233376
2025-01-02,136514.92897233376
2025-01-03,136514.92897233376
2025-01-04,136700.13000909565
2025-01-05,136700.13000909565
2025-01-06,136700.13000909565
2025-01-07,136654.2199485068
2025-01-08,136654.2199485068
2025-01-09,136654.2199485068
2025-01-10,136654.2199485068
2025-01-11,136654.2199485068
2025-01-12,136654.2199485068
2025-01-13,136654.2199485068
2025-01-14,136654.2199485068
2025-01-15,136654.2199485068
2025-01-16,137061.0441342285
2025-01-17,137061.0441342285
2025-01-18,136657.15682123986
2025-01-19,136657.15682123986
2025-01-20,136657.15682123986
2025-01-21,136657.15682123986
2025-01-22,136657.15682123986
2025-01-23,136657.15682123986
2025-01-24,136657.15682123986
2025-01-25,136657.15682123986
2025-01-26,136657.15682123986
2025-01-27,136657.15682123986
2025-01-28,136657.15682123986
2025-01-29,136657.15682123986
2025-01-30,136657.15682123986
2025-01-31,136657.15682123986
2025-02-01,136657.15682123986
2025-02-02,136657.15682123986
2025-02-03,136657.15682123986
2025-02-04,136845.344191732
2025-02-05,136845.344191732
2025-02-06,136845.344191732
2025-02-07,136845.344191732
2025-02-08,136845.344191732
2025-02-09,136845.344191732
2025-02-10,136845.344191732
2025-02-11,136845.344191732
2025-02-12,136845.344191732
2025-02-13,136845.344191732
2025-02-14,136845.344191732
2025-02-15,136845.344191732
2025-02-16,136845.344191732
2025-02-17,136845.344191732
2025-02-18,136845.344191732
2025-02-19,136845.344191732
2025-02-20,136845.344191732
2025-02-21,136845.344191732
2025-02-22,136845.344191732
2025-02-23,136845.344191732
2025-02-24,136845.344191732
2025-02-25,136845.344191732
2025-02-26,136845.344191732
2025-02-27,136845.344191732
2025-02-28,136845.344191732
2025-03-01,136845.344191732
2025-03-02,136845.344191732
2025-03-03,136845.344191732
2025-03-04,136845.344191732
2025-03-05,136845.344191732
2025-03-06,136845.344191732
2025-03-07,136845.344191732
2025-03-08,136845.344191732
2025-03-09,136845.344191732
2025-03-10,136845.344191732
2025-03-11,136845.344191732
2025-03-12,136845.344191732
2025-03-13,136845.344191732
2025-03-14,136845.344191732
2025-03-15,136845.344191732
2025-03-16,136845.344191732
2025-03-17,136845.344191732
2025-03-18,136845.344191732
2025-03-19,136845.344191732
2025-03-20,136700.4983478024
2025-03-21,136700.4983478024
2025-03-22,136700.4983478024
2025-03-23,136700.4983478024
2025-03-24,136700.4983478024
2025-03-25,136700.4983478024
2025-03-26,136700.4983478024
2025-03-27,136700.4983478024
2025-03-28,136700.4983478024
2025-03-29,136700.4983478024
2025-03-30,136700.4983478024
2025-03-31,136700.4983478024
2025-04-01,136700.4983478024
2025-04-02,136700.4983478024
2025-04-03,136700.4983478024
2025-04-04,136700.4983478024
2025-04-05,136700.4983478024
2025-04-06,136700.4983478024
2025-04-07,136700.4983478024
2025-04-08,137053.17055152194
2025-04-09,134637.11417171507
2025-04-10,135167.4495134196
2025-04-11,135167.4495134196
2025-04-12,135167.4495134196
2025-04-13,135167.4495134196
2025-04-14,135167.4495134196
2025-04-15,135167.4495134196
2025-04-16,135167.4495134196
2025-04-17,135167.4495134196
2025-04-18,135167.4495134196
2025-04-19,135167.4495134196
2025-04-20,135167.4495134196
2025-04-21,135167.4495134196
2025-04-22,135167.4495134196
2025-04-23,135306.42222460557
2025-04-24,135306.42222460557
2025-04-25,135306.42222460557
2025-04-26,135306.42222460557
2025-04-27,135306.42222460557
2025-04-28,135306.42222460557
2025-04-29,135306.42222460557
2025-04-30,135306.42222460557
2025-05-01,135306.42222460557
2025-05-02,135306.42222460557
2025-05-03,135306.42222460557
2025-05-04,135306.42222460557
2025-05-05,135306.42222460557
2025-05-06,135306.42222460557
2025-05-07,135306.42222460557
2025-05-08,135306.42222460557
2025-05-09,135306.42222460557
2025-05-10,135306.42222460557
2025-05-11,135306.42222460557
2025-05-12,135306.42222460557
2025-05-13,135225.90533548506
2025-05-14,135225.90533548506
2025-05-15,135225.90533548506
2025-05-16,135225.90533548506
2025-05-17,135225.90533548506
2025-05-18,135225.90533548506
2025-05-19,135225.90533548506
2025-05-20,135225.90533548506
2025-05-21,135225.90533548506
2025-05-22,135225.90533548506
2025-05-23,135225.90533548506
2025-05-24,135225.90533548506
2025-05-25,135225.90533548506
2025-05-26,135225.90533548506
2025-05-27,135225.90533548506
2025-05-28,135225.90533548506
2025-05-29,135225.90533548506
2025-05-30,135225.90533548506
2025-05-31,135225.90533548506
2025-06-01,135225.90533548506
2025-06-02,135225.90533548506
2025-06-03,135225.90533548506
2025-06-04,135225.90533548506
2025-06-05,135225.90533548506
2025-06-06,135225.90533548506
2025-06-07,135225.90533548506
2025-06-08,135225.90533548506
2025-06-09,135225.90533548506
2025-06-10,135225.90533548506
2025-06-11,135225.90533548506
2025-06-12,135225.90533548506
2025-06-13,135225.90533548506
2025-06-14,135225.90533548506
2025-06-15,135225.90533548506
2025-06-16,135225.90533548506
2025-06-17,135225.90533548506
2025-06-18,135225.90533548506
2025-06-19,135225.90533548506
2025-06-20,135225.90533548506
2025-06-21,135225.90533548506
2025-06-22,135225.90533548506
2025-06-23,135225.90533548506
2025-06-24,135225.90533548506
2025-06-25,135225.90533548506
2025-06-26,135225.90533548506
2025-06-27,135225.90533548506
2025-06-28,135225.90533548506
2025-06-29,135225.90533548506
2025-06-30,135225.90533548506
2025-07-01,135225.90533548506
2025-07-02,135225.90533548506
2025-07-03,135225.90533548506
2025-07-04,135225.90533548506
2025-07-05,135225.90533548506
2025-07-06,135225.90533548506
2025-07-07,135225.90533548506
2025-07-08,135225.90533548506
2025-07-09,135225.90533548506
2025-07-10,135225.90533548506
2025-07-11,135225.90533548506
2025-07-12,135225.90533548506
2025-07-13,135225.90533548506
2025-07-14,135225.90533548506
2025-07-15,135225.90533548506
2025-07-16,135225.90533548506
2025-07-17,135225.90533548506
2025-07-18,135348.92264880278
2025-07-19,135348.92264880278
2025-07-20,135348.92264880278
2025-07-21,135348.92264880278
2025-07-22,135348.92264880278
2025-07-23,135348.92264880278
2025-07-24,135348.92264880278
2025-07-25,135348.92264880278
2025-07-26,135348.92264880278
2025-07-27,135348.92264880278
2025-07-28,135348.92264880278
2025-07-29,135348.92264880278
2025-07-30,135348.92264880278
2025-07-31,135348.92264880278
2025-08-01,135348.92264880278
2025-08-02,135348.92264880278
2025-08-03,135348.92264880278
2025-08-04,135348.92264880278
2025-08-05,135348.92264880278
2025-08-06,135348.92264880278
2025-08-07,135525.82810221578
2025-08-08,135525.82810221578
2025-08-09,135525.82810221578
2025-08-10,135525.82810221578
2025-08-11,135525.82810221578
2025-08-12,135525.82810221578
2025-08-13,136151.80641075363
2025-08-14,136151.80641075363
2025-08-15,136151.80641075363
2025-08-16,136151.80641075363
2025-08-17,136151.80641075363
2025-08-18,136151.80641075363
2025-08-19,136151.80641075363
2025-08-20,136151.80641075363
2025-08-21,136151.80641075363
2025-08-22,136151.80641075363
2025-08-23,136226.47981316823
2025-08-24,136226.47981316823
2025-08-25,136226.47981316823
2025-08-26,136226.47981316823
2025-08-27,136226.47981316823
2025-08-28,136226.47981316823
2025-08-29,136226.47981316823
2025-08-30,136226.47981316823
2025-08-31,136226.47981316823
2025-09-01,136226.47981316823
2025-09-02,136226.47981316823
2025-09-03,136226.47981316823
2025-09-04,136226.47981316823
2025-09-05,136372.53459903676
2025-09-06,136372.53459903676
2025-09-07,136372.53459903676
2025-09-08,136372.53459903676
2025-09-09,136372.53459903676
2025-09-10,136372.53459903676
2025-09-11,136372.53459903676
2025-09-12,136394.22148606775
2025-09-13,136394.22148606775
2025-09-14,136394.22148606775
2025-09-15,136394.22148606775
2025-09-16,136394.22148606775
2025-09-17,136394.22148606775
2025-09-18,136394.22148606775
2025-09-19,136394.22148606775
2025-09-20,136394.22148606775
2025-09-21,136394.22148606775
2025-09-22,136394.22148606775
2025-09-23,136394.22148606775
2025-09-24,136394.22148606775
2025-09-25,136394.22148606775
2025-09-26,136394.22148606775
2025-09-27,136394.22148606775
2025-09-28,136394.22148606775
2025-09-29,136394.22148606775
2025-09-30,136394.22148606775
2025-10-01,136394.22148606775
2025-10-02,136196.43300910358
2025-10-03,136196.43300910358
2025-10-04,136196.43300910358
2025-10-05,136196.43300910358
2025-10-06,136196.43300910358
2025-10-07,136196.43300910358
2025-10-08,136196.43300910358
2025-10-09,137033.04793630593
2025-10-10,137033.04793630593
2025-10-11,137033.04793630593
2025-10-12,137033.04793630593
2025-10-13,137033.04793630593
2025-10-14,137033.04793630593
2025-10-15,137033.04793630593
2025-10-16,135610.39481595237
2025-10-17,135610.39481595237
2025-10-18,135610.39481595237
2025-10-19,135610.39481595237
2025-10-20,135610.39481595237
2025-10-21,135610.39481595237
2025-10-22,135610.39481595237
2025-10-23,135610.39481595237
2025-10-24,135610.39481595237
2025-10-25,135610.39481595237
2025-10-26,135610.39481595237
2025-10-27,135610.39481595237
2025-10-28,135610.39481595237
2025-10-29,135610.39481595237
2025-10-30,135610.39481595237
2025-10-31,135610.39481595237
2025-11-01,135610.39481595237
2025-11-02,135610.39481595237
2025-11-03,135610.39481595237
2025-11-04,135610.39481595237
2025-11-05,135610.39481595237
2025-11-06,135280.62731300565
2025-11-07,135280.62731300565
2025-11-08,135280.62731300565
2025-11-09,135280.62731300565
2025-11-10,135280.62731300565
2025-11-11,135467.68720613027
2025-11-12,135467.68720613027
2025-11-13,135467.68720613027
2025-11-14,135467.68720613027
2025-11-15,135467.68720613027
2025-11-16,135467.68720613027
2025-11-17,135467.68720613027
2025-11-18,135467.68720613027
2025-11-19,135467.68720613027
2025-11-20,135467.68720613027
2025-11-21,135467.68720613027
2025-11-22,135467.68720613027
2025-11-23,135467.68720613027
2025-11-24,135467.68720613027
2025-11-25,135565.3256093937
2025-11-26,135565.3256093937
2025-11-27,135565.3256093937
2025-11-28,135565.3256093937
2025-11-29,135565.3256093937
2025-11-30,135565.3256093937
2025-12-01,135565.3256093937
2025-12-02,135565.3256093937
2025-12-03,135565.3256093937
2025-12-04,135565.3256093937
2025-12-05,135565.3256093937
2025-12-06,135565.3256093937
2025-12-07,135565.3256093937
2025-12-08,135565.3256093937
2025-12-09,135565.3256093937
2025-12-10,135565.3256093937
2025-12-11,135565.3256093937
2025-12-12,135565.3256093937
2025-12-13,135565.3256093937
2025-12-14,135565.3256093937
2025-12-15,135565.3256093937
2025-12-16,135565.3256093937
2025-12-17,135565.3256093937
2025-12-18,135565.3256093937
2025-12-19,135254.5687181318
2025-12-20,135254.5687181318
2025-12-21,135254.5687181318
2025-12-22,135254.5687181318
2025-12-23,135254.5687181318
2025-12-24,135254.5687181318
2025-12-25,135254.5687181318
2025-12-26,135254.5687181318
2025-12-27,135254.5687181318
2025-12-28,135254.5687181318
2025-12-29,135254.5687181318
2025-12-30,135254.5687181318
2025-12-31,135254.5687181318
2026-01-01,135254.5687181318
2026-01-02,135254.5687181318
2026-01-03,132244.22928149533
2026-01-04,132244.22928149533
2026-01-05,132244.22928149533
2026-01-06,132244.22928149533
2026-01-07,132262.61702861515
2026-01-08,132262.61702861515
2026-01-09,132262.61702861515
2026-01-10,132121.1458296242
2026-01-11,132121.1458296242
2026-01-12,132121.1458296242
2026-01-13,132121.1458296242
2026-01-14,132121.1458296242
2026-01-15,132121.1458296242
2026-01-16,131902.56720160192
2026-01-17,131902.56720160192
2026-01-18,131902.56720160192
2026-01-19,131902.56720160192
2026-01-20,131902.56720160192
2026-01-21,131902.56720160192
2026-01-22,132674.49623216997
2026-01-23,132674.49623216997
2026-01-24,132674.49623216997
2026-01-25,132674.49623216997
2026-01-26,132674.49623216997
2026-01-27,132870.75353835977
2026-01-28,132870.75353835977
2026-01-29,132870.75353835977
2026-01-30,132870.75353835977
2026-01-31,132870.75353835977
2026-02-01,132870.75353835977
2026-02-02,132870.75353835977
2026-02-03,132870.75353835977
2026-02-04,132870.75353835977
2026-02-05,132870.75353835977
2026-02-06,132870.75353835977
2026-02-07,132870.75353835977
2026-02-08,132870.75353835977
2026-02-09,132870.75353835977
2026-02-10,132870.75353835977
2026-02-11,132870.75353835977
2026-02-12,132870.75353835977
2026-02-13,132870.75353835977
2026-02-14,132870.75353835977
2026-02-15,132870.75353835977
2026-02-16,132870.75353835977
2026-02-17,132870.75353835977
2026-02-18,132870.75353835977
2026-02-19,132870.75353835977
2026-02-20,132870.75353835977
2026-02-21,132870.75353835977
2026-02-22,132870.75353835977
2026-02-23,132870.75353835977
2026-02-24,132870.75353835977
2026-02-25,132870.75353835977
2026-02-26,132870.75353835977
2026-02-27,132870.75353835977
2026-02-28,132870.75353835977
2026-03-01,132870.75353835977
2026-03-02,132870.75353835977
2026-03-03,132870.75353835977
2026-03-04,132870.75353835977
2026-03-05,132940.1860170171
2026-03-06,132940.1860170171
2026-03-07,132940.1860170171
2026-03-08,132940.1860170171
2026-03-09,132940.1860170171
2026-03-10,133439.52178055438
2026-03-11,133439.52178055438
2026-03-12,133439.52178055438
2026-03-13,133439.52178055438
2026-03-14,133439.52178055438
2026-03-15,133439.52178055438
2026-03-16,133439.52178055438
2026-03-17,133439.52178055438
2026-03-18,133439.52178055438
2026-03-19,133439.52178055438
2026-03-20,133439.52178055438
2026-03-21,133439.52178055438
2026-03-22,133439.52178055438
2026-03-23,133439.52178055438
2026-03-24,133345.46232353203
2026-03-25,133345.46232353203
2026-03-26,133345.46232353203
2026-03-27,133345.46232353203
2026-03-28,133345.46232353203
2026-03-29,133345.46232353203
2026-03-30,133345.46232353203
2026-03-31,133345.46232353203
2026-04-01,133345.46232353203
2026-04-02,133345.46232353203
2026-04-03,133345.46232353203
2026-04-04,133345.46232353203
2026-04-05,133345.46232353203
2026-04-06,133345.46232353203
2026-04-07,133345.46232353203
2026-04-08,134048.86257921223
2026-04-09,134048.86257921223
2026-04-10,134048.86257921223
2026-04-11,134048.86257921223
2026-04-12,134048.86257921223
2026-04-13,134048.86257921223
2026-04-14,134668.8421372888
2026-04-15,134668.8421372888
2026-04-16,134668.8421372888
2026-04-17,134668.8421372888
2026-04-18,134668.8421372888
2026-04-19,134668.8421372888
2026-04-20,134668.8421372888
2026-04-21,134668.8421372888
2026-04-22,134668.8421372888
2026-04-23,134668.8421372888
2026-04-24,134668.8421372888
2026-04-25,134668.8421372888
2026-04-26,134668.8421372888
2026-04-27,134668.8421372888
2026-04-28,134668.8421372888
2026-04-29,134668.8421372888
2026-04-30,134668.8421372888
2026-05-01,134668.8421372888
2026-05-02,134668.8421372888
2026-05-03,134668.8421372888
2026-05-04,134668.8421372888
2026-05-05,134668.8421372888
2026-05-06,135829.02389600943
2026-05-07,135639.11321605684
2026-05-08,135639.11321605684
2026-05-09,136567.12147908018
2026-05-10,136567.12147908018
2026-05-11,136567.12147908018
2026-05-12,136567.12147908018
2026-05-13,136567.12147908018
2026-05-14,136567.12147908018
2026-05-15,136567.12147908018
2026-05-16,136567.12147908018
2026-05-17,136567.12147908018
2026-05-18,136567.12147908018
2026-05-19,136567.12147908018
2026-05-20,136567.12147908018
2026-05-21,135740.56400571164
2026-05-22,135740.56400571164
2026-05-23,135740.56400571164
2026-05-24,135740.56400571164
2026-05-25,135740.56400571164
2026-05-26,135740.56400571164
2026-05-27,135740.56400571164
2026-05-28,135740.56400571164
2026-05-29,135740.56400571164
2026-05-30,135740.56400571164
2026-05-31,135740.56400571164
2026-06-01,135740.56400571164
2026-06-02,135740.56400571164
2026-06-03,135740.56400571164
2026-06-04,135740.56400571164
2026-06-05,135191.59271765297
2026-06-06,135191.59271765297
2026-06-07,135191.59271765297
2026-06-08,135191.59271765297
2026-06-09,134770.73154217706
2026-06-10,134770.73154217706
2026-06-11,134770.73154217706
2026-06-12,134770.73154217706
2026-06-13,134770.73154217706
2026-06-14,134770.73154217706
2026-06-15,134770.73154217706
2026-06-16,134770.73154217706
2026-06-17,134770.73154217706
2026-06-18,134770.73154217706
2026-06-19,134770.73154217706
2026-06-20,134770.73154217706
2026-06-21,134770.73154217706
2026-06-22,134770.73154217706
2026-06-23,133731.20644083346
2026-06-24,133731.20644083346
2026-06-25,133731.20644083346
2026-06-26,133731.20644083346
2026-06-27,133731.20644083346
2026-06-28,133731.20644083346
2026-06-29,133731.20644083346
2026-06-30,133731.20644083346
2026-07-01,133731.20644083346
2026-07-02,133731.20644083346
2026-07-03,133731.20644083346
2026-07-04,133731.20644083346
2026-07-05,133731.20644083346
2026-07-06,133731.20644083346
2026-07-07,133731.20644083346
2026-07-08,133731.20644083346
2026-07-09,133731.20644083346
2026-07-10,133731.20644083346
2026-07-11,133731.20644083346
2026-07-12,133731.20644083346
2026-07-13,133731.20644083346
2026-07-14,133731.20644083346
2026-07-15,133731.20644083346
2026-07-16,133731.20644083346
2026-07-17,133731.20644083346
2026-07-18,133731.20644083346
2026-07-19,133731.20644083346
2026-07-20,133731.20644083346
2026-07-21,133731.20644083346
2026-07-22,133635.63369500768
2026-07-23,133635.63369500768
2026-07-24,133635.63369500768
2026-07-25,133635.63369500768
2026-07-26,133635.63369500768
2026-07-27,133635.63369500768
