date,equity
2016-07-28,100000.0
2016-07-29,100000.0
2016-07-30,100000.0
2016-07-31,100000.0
2016-08-01,100000.0
2016-08-02,100000.0
2016-08-03,100000.0
2016-08-04,100000.0
2016-08-05,100000.0
2016-08-06,100000.0
2016-08-07,100000.0
2016-08-08,100000.0
2016-08-09,100000.0
2016-08-10,100000.0
2016-08-11,100000.0
2016-08-12,100000.0
2016-08-13,100000.0
2016-08-14,100000.0
2016-08-15,100000.0
2016-08-16,100000.0
2016-08-17,100000.0
2016-08-18,100000.0
2016-08-19,100000.0
2016-08-20,100000.0
2016-08-21,100000.0
2016-08-22,100000.0
2016-08-23,100000.0
2016-08-24,100000.0
2016-08-25,100000.0
2016-08-26,100000.0
2016-08-27,100000.0
2016-08-28,100000.0
2016-08-29,99530.56000971
2016-08-30,99530.56000971
2016-08-31,99530.56000971
2016-09-01,99530.56000971
2016-09-02,99530.56000971
2016-09-03,99530.56000971
2016-09-04,99530.56000971
2016-09-05,99530.56000971
2016-09-06,99530.56000971
2016-09-07,99530.56000971
2016-09-08,99530.56000971
2016-09-09,99530.56000971
2016-09-10,99530.56000971
2016-09-11,99530.56000971
2016-09-12,103404.95186159897
2016-09-13,103404.95186159897
2016-09-14,103404.95186159897
2016-09-15,103404.95186159897
2016-09-16,103404.95186159897
2016-09-17,103404.95186159897
2016-09-18,103404.95186159897
2016-09-19,103404.95186159897
2016-09-20,103404.95186159897
2016-09-21,103404.95186159897
2016-09-22,103404.95186159897
2016-09-23,103404.95186159897
2016-09-24,103404.95186159897
2016-09-25,103404.95186159897
2016-09-26,103404.95186159897
2016-09-27,103404.95186159897
2016-09-28,103404.95186159897
2016-09-29,103404.95186159897
2016-09-30,102956.55869323786
2016-10-01,102956.55869323786
2016-10-02,102956.55869323786
2016-10-03,102956.55869323786
2016-10-04,102956.55869323786
2016-10-05,102956.55869323786
2016-10-06,102956.55869323786
2016-10-07,102956.55869323786
2016-10-08,102956.55869323786
2016-10-09,102956.55869323786
2016-10-10,102956.55869323786
2016-10-11,102956.55869323786
2016-10-12,102956.55869323786
2016-10-13,102956.55869323786
2016-10-14,102956.55869323786
2016-10-15,102956.55869323786
2016-10-16,102956.55869323786
2016-10-17,102956.55869323786
2016-10-18,102956.55869323786
2016-10-19,102956.55869323786
2016-10-20,102956.55869323786
2016-10-21,102956.55869323786
2016-10-22,102956.55869323786
2016-10-23,102956.55869323786
2016-10-24,103281.16464169841
2016-10-25,103281.16464169841
2016-10-26,103281.16464169841
2016-10-27,103281.16464169841
2016-10-28,103281.16464169841
2016-10-29,103281.16464169841
2016-10-30,103281.16464169841
2016-10-31,103281.16464169841
2016-11-01,103281.16464169841
2016-11-02,103281.16464169841
2016-11-03,103281.16464169841
2016-11-04,103281.16464169841
2016-11-05,103281.16464169841
2016-11-06,103281.16464169841
2016-11-07,103273.2075466936
2016-11-08,103273.2075466936
2016-11-09,107185.7886561171
2016-11-10,107185.7886561171
2016-11-11,107185.7886561171
2016-11-12,107185.7886561171
2016-11-13,107185.7886561171
2016-11-14,107185.7886561171
2016-11-15,106906.48127495949
2016-11-16,106906.48127495949
2016-11-17,106906.48127495949
2016-11-18,106906.48127495949
2016-11-19,106906.48127495949
2016-11-20,106906.48127495949
2016-11-21,106906.48127495949
2016-11-22,106906.48127495949
2016-11-23,106906.48127495949
2016-11-24,106906.48127495949
2016-11-25,106906.48127495949
2016-11-26,106906.48127495949
2016-11-27,106906.48127495949
2016-11-28,106906.48127495949
2016-11-29,106906.48127495949
2016-11-30,106906.48127495949
2016-12-01,106906.48127495949
2016-12-02,106906.48127495949
2016-12-03,106906.48127495949
2016-12-04,106906.48127495949
2016-12-05,106906.48127495949
2016-12-06,106906.48127495949
2016-12-07,107430.94940004667
2016-12-08,107430.94940004667
2016-12-09,107430.94940004667
2016-12-10,107430.94940004667
2016-12-11,107430.94940004667
2016-12-12,107430.94940004667
2016-12-13,106627.86820186075
2016-12-14,106627.86820186075
2016-12-15,106627.86820186075
2016-12-16,106627.86820186075
2016-12-17,106627.86820186075
2016-12-18,106627.86820186075
2016-12-19,106627.86820186075
2016-12-20,106627.86820186075
2016-12-21,106627.86820186075
2016-12-22,106627.86820186075
2016-12-23,106627.86820186075
2016-12-24,106627.86820186075
2016-12-25,106627.86820186075
2016-12-26,106627.86820186075
2016-12-27,105256.14326553527
2016-12-28,105256.14326553527
2016-12-29,105256.14326553527
2016-12-30,105256.14326553527
2016-12-31,105256.14326553527
2017-01-01,105256.14326553527
2017-01-02,105256.14326553527
2017-01-03,105256.14326553527
2017-01-04,105256.14326553527
2017-01-05,105256.14326553527
2017-01-06,104995.4955514591
2017-01-07,104995.4955514591
2017-01-08,104995.4955514591
2017-01-09,104995.4955514591
2017-01-10,104995.4955514591
2017-01-11,104995.4955514591
2017-01-12,104995.4955514591
2017-01-13,104995.4955514591
2017-01-14,104995.4955514591
2017-01-15,104995.4955514591
2017-01-16,104995.4955514591
2017-01-17,104995.4955514591
2017-01-18,104995.4955514591
2017-01-19,104995.4955514591
2017-01-20,104995.4955514591
2017-01-21,104995.4955514591
2017-01-22,104995.4955514591
2017-01-23,104995.4955514591
2017-01-24,104705.51336383184
2017-01-25,105339.87697322955
2017-01-26,105339.87697322955
2017-01-27,105339.87697322955
2017-01-28,105339.87697322955
2017-01-29,105339.87697322955
2017-01-30,105339.87697322955
2017-01-31,105339.87697322955
2017-02-01,105339.87697322955
2017-02-02,105339.87697322955
2017-02-03,105859.15893734511
2017-02-04,105859.15893734511
2017-02-05,105859.15893734511
2017-02-06,105859.15893734511
2017-02-07,105859.15893734511
2017-02-08,105859.15893734511
2017-02-09,105571.5008649759
2017-02-10,105571.5008649759
2017-02-11,105571.5008649759
2017-02-12,105571.5008649759
2017-02-13,105124.2843211152
2017-02-14,105124.2843211152
2017-02-15,105124.2843211152
2017-02-16,105124.2843211152
2017-02-17,105124.2843211152
2017-02-18,105124.2843211152
2017-02-19,105124.2843211152
2017-02-20,105124.2843211152
2017-02-21,105124.2843211152
2017-02-22,105124.2843211152
2017-02-23,105124.2843211152
2017-02-24,105124.2843211152
2017-02-25,105124.2843211152
2017-02-26,105124.2843211152
2017-02-27,105124.2843211152
2017-02-28,105124.2843211152
2017-03-01,108372.26395101118
2017-03-02,108372.26395101118
2017-03-03,108372.26395101118
2017-03-04,108372.26395101118
2017-03-05,108372.26395101118
2017-03-06,108372.26395101118
2017-03-07,108372.26395101118
2017-03-08,108372.26395101118
2017-03-09,108372.26395101118
2017-03-10,108372.26395101118
2017-03-11,108372.26395101118
2017-03-12,108372.26395101118
2017-03-13,108372.26395101118
2017-03-14,108372.26395101118
2017-03-15,108006.17647787413
2017-03-16,108006.17647787413
2017-03-17,108006.17647787413
2017-03-18,108006.17647787413
2017-03-19,108006.17647787413
2017-03-20,108006.17647787413
2017-03-21,108006.17647787413
2017-03-22,108002.00115676186
2017-03-23,108002.00115676186
2017-03-24,108002.00115676186
2017-03-25,108002.00115676186
2017-03-26,108002.00115676186
2017-03-27,108002.00115676186
2017-03-28,108002.00115676186
2017-03-29,108002.00115676186
2017-03-30,108002.00115676186
2017-03-31,108002.00115676186
2017-04-01,108002.00115676186
2017-04-02,108002.00115676186
2017-04-03,108002.00115676186
2017-04-04,108002.00115676186
2017-04-05,105086.66661985355
2017-04-06,105086.66661985355
2017-04-07,105086.66661985355
2017-04-08,105086.66661985355
2017-04-09,105086.66661985355
2017-04-10,105086.66661985355
2017-04-11,105086.66661985355
2017-04-12,105086.66661985355
2017-04-13,105086.66661985355
2017-04-14,105086.66661985355
2017-04-15,105086.66661985355
2017-04-16,105086.66661985355
2017-04-17,105290.17042210285
2017-04-18,105290.17042210285
2017-04-19,105290.17042210285
2017-04-20,105010.2354785114
2017-04-21,105010.2354785114
2017-04-22,105010.2354785114
2017-04-23,105010.2354785114
2017-04-24,105010.2354785114
2017-04-25,105010.2354785114
2017-04-26,105010.2354785114
2017-04-27,105010.2354785114
2017-04-28,105010.2354785114
2017-04-29,105010.2354785114
2017-04-30,105010.2354785114
2017-05-01,104659.87535216627
2017-05-02,104659.87535216627
2017-05-03,104659.87535216627
2017-05-04,104659.87535216627
2017-05-05,104659.87535216627
2017-05-06,104659.87535216627
2017-05-07,104659.87535216627
2017-05-08,104659.87535216627
2017-05-09,104659.87535216627
2017-05-10,104659.87535216627
2017-05-11,104659.87535216627
2017-05-12,104659.87535216627
2017-05-13,104659.87535216627
2017-05-14,104659.87535216627
2017-05-15,104659.87535216627
2017-05-16,104659.87535216627
2017-05-17,104659.87535216627
2017-05-18,104659.87535216627
2017-05-19,104484.18061033452
2017-05-20,104484.18061033452
2017-05-21,104484.18061033452
2017-05-22,104484.18061033452
2017-05-23,104484.18061033452
2017-05-24,104484.18061033452
2017-05-25,104484.18061033452
2017-05-26,104484.18061033452
2017-05-27,104484.18061033452
2017-05-28,104484.18061033452
2017-05-29,104484.18061033452
2017-05-30,104484.18061033452
2017-05-31,104484.18061033452
2017-06-01,104473.06177820728
2017-06-02,104535.81237405418
2017-06-03,104535.81237405418
2017-06-04,104535.81237405418
2017-06-05,104535.81237405418
2017-06-06,104535.81237405418
2017-06-07,104535.81237405418
2017-06-08,104535.81237405418
2017-06-09,104535.81237405418
2017-06-10,104535.81237405418
2017-06-11,104535.81237405418
2017-06-12,104535.81237405418
2017-06-13,104535.81237405418
2017-06-14,104535.81237405418
2017-06-15,104535.81237405418
2017-06-16,104535.81237405418
2017-06-17,104535.81237405418
2017-06-18,104535.81237405418
2017-06-19,105175.68745144462
2017-06-20,105175.68745144462
2017-06-21,105279.03760617552
2017-06-22,105279.03760617552
2017-06-23,105279.03760617552
2017-06-24,105279.03760617552
2017-06-25,105279.03760617552
2017-06-26,105279.03760617552
2017-06-27,105279.03760617552
2017-06-28,105826.80573150476
2017-06-29,105826.80573150476
2017-06-30,105826.80573150476
2017-07-01,105826.80573150476
2017-07-02,105826.80573150476
2017-07-03,105826.80573150476
2017-07-04,105826.80573150476
2017-07-05,105468.57998674049
2017-07-06,105468.57998674049
2017-07-07,105468.57998674049
2017-07-08,105468.57998674049
2017-07-09,105468.57998674049
2017-07-10,105468.57998674049
2017-07-11,105468.57998674049
2017-07-12,105475.21105538138
2017-07-13,105475.21105538138
2017-07-14,105475.21105538138
2017-07-15,105475.21105538138
2017-07-16,105475.21105538138
2017-07-17,105475.21105538138
2017-07-18,105475.21105538138
2017-07-19,105475.21105538138
2017-07-20,105475.21105538138
2017-07-21,105475.21105538138
2017-07-22,105475.21105538138
2017-07-23,105475.21105538138
2017-07-24,105475.21105538138
2017-07-25,105475.21105538138
2017-07-26,105475.21105538138
2017-07-27,105475.21105538138
2017-07-28,105475.21105538138
2017-07-29,105475.21105538138
2017-07-30,105475.21105538138
2017-07-31,105475.21105538138
2017-08-01,105475.21105538138
2017-08-02,105475.21105538138
2017-08-03,105475.21105538138
2017-08-04,105475.21105538138
2017-08-05,105475.21105538138
2017-08-06,105475.21105538138
2017-08-07,105475.21105538138
2017-08-08,103238.73699792608
2017-08-09,103238.73699792608
2017-08-10,103238.73699792608
2017-08-11,102947.02525512417
2017-08-12,102947.02525512417
2017-08-13,102947.02525512417
2017-08-14,102938.85929401187
2017-08-15,102938.85929401187
2017-08-16,102938.85929401187
2017-08-17,102938.85929401187
2017-08-18,102938.85929401187
2017-08-19,102938.85929401187
2017-08-20,102938.85929401187
2017-08-21,102938.85929401187
2017-08-22,103098.7622436495
2017-08-23,103098.7622436495
2017-08-24,103098.7622436495
2017-08-25,103098.7622436495
2017-08-26,103098.7622436495
2017-08-27,103098.7622436495
2017-08-28,103098.7622436495
2017-08-29,102929.3614815821
2017-08-30,102929.3614815821
2017-08-31,102929.3614815821
2017-09-01,102929.3614815821
2017-09-02,102929.3614815821
2017-09-03,102929.3614815821
2017-09-04,102929.3614815821
2017-09-05,102929.3614815821
2017-09-06,102929.3614815821
2017-09-07,102929.3614815821
2017-09-08,102929.3614815821
2017-09-09,102929.3614815821
2017-09-10,102929.3614815821
2017-09-11,102929.3614815821
2017-09-12,102929.3614815821
2017-09-13,102929.3614815821
2017-09-14,102929.3614815821
2017-09-15,102929.3614815821
2017-09-16,102929.3614815821
2017-09-17,102929.3614815821
2017-09-18,102929.3614815821
2017-09-19,102929.3614815821
2017-09-20,102929.3614815821
2017-09-21,102929.3614815821
2017-09-22,102929.3614815821
2017-09-23,102929.3614815821
2017-09-24,102929.3614815821
2017-09-25,102929.3614815821
2017-09-26,102929.3614815821
2017-09-27,102416.12568275383
2017-09-28,102416.12568275383
2017-09-29,102416.12568275383
2017-09-30,102416.12568275383
2017-10-01,102416.12568275383
2017-10-02,102416.12568275383
2017-10-03,102416.12568275383
2017-10-04,102416.12568275383
2017-10-05,102967.81328234426
2017-10-06,102967.81328234426
2017-10-07,102967.81328234426
2017-10-08,102967.81328234426
2017-10-09,102967.81328234426
2017-10-10,102967.81328234426
2017-10-11,102967.81328234426
2017-10-12,102967.81328234426
2017-10-13,102967.81328234426
2017-10-14,102967.81328234426
2017-10-15,102967.81328234426
2017-10-16,102967.81328234426
2017-10-17,102967.81328234426
2017-10-18,102967.81328234426
2017-10-19,102967.81328234426
2017-10-20,102967.81328234426
2017-10-21,102967.81328234426
2017-10-22,102967.81328234426
2017-10-23,102967.81328234426
2017-10-24,102967.81328234426
2017-10-25,102967.81328234426
2017-10-26,102967.81328234426
2017-10-27,104879.47527160074
2017-10-28,104879.47527160074
2017-10-29,104879.47527160074
2017-10-30,104879.47527160074
2017-10-31,104879.47527160074
2017-11-01,104879.47527160074
2017-11-02,104879.47527160074
2017-11-03,104879.47527160074
2017-11-04,104879.47527160074
2017-11-05,104879.47527160074
2017-11-06,104879.47527160074
2017-11-07,104879.47527160074
2017-11-08,104879.47527160074
2017-11-09,104879.47527160074
2017-11-10,104879.47527160074
2017-11-11,104879.47527160074
2017-11-12,104879.47527160074
2017-11-13,104879.47527160074
2017-11-14,104879.47527160074
2017-11-15,104879.47527160074
2017-11-16,104916.17266610931
2017-11-17,104916.17266610931
2017-11-18,104916.17266610931
2017-11-19,104916.17266610931
2017-11-20,104916.17266610931
2017-11-21,105684.94295529403
2017-11-22,105684.94295529403
2017-11-23,105684.94295529403
2017-11-24,105684.94295529403
2017-11-25,105684.94295529403
2017-11-26,105684.94295529403
2017-11-27,105684.94295529403
2017-11-28,107393.20229481293
2017-11-29,107393.20229481293
2017-11-30,108297.61620389676
2017-12-01,108297.61620389676
2017-12-02,108297.61620389676
2017-12-03,108297.61620389676
2017-12-04,108297.61620389676
2017-12-05,107013.37343279786
2017-12-06,107013.37343279786
2017-12-07,107013.37343279786
2017-12-08,107013.37343279786
2017-12-09,107013.37343279786
2017-12-10,107013.37343279786
2017-12-11,107013.37343279786
2017-12-12,107013.37343279786
2017-12-13,107013.37343279786
2017-12-14,107013.37343279786
2017-12-15,107142.95777722762
2017-12-16,107142.95777722762
2017-12-17,107142.95777722762
2017-12-18,107142.95777722762
2017-12-19,107142.95777722762
2017-12-20,107142.95777722762
2017-12-21,107142.95777722762
2017-12-22,107142.95777722762
2017-12-23,107142.95777722762
2017-12-24,107142.95777722762
2017-12-25,107142.95777722762
2017-12-26,107142.95777722762
2017-12-27,107142.95777722762
2017-12-28,107142.95777722762
2017-12-29,107142.95777722762
2017-12-30,107142.95777722762
2017-12-31,107142.95777722762
2018-01-01,107142.95777722762
2018-01-02,108333.58413711595
2018-01-03,108543.72692344965
2018-01-04,108543.72692344965
2018-01-05,108543.72692344965
2018-01-06,108543.72692344965
2018-01-07,108543.72692344965
2018-01-08,108543.72692344965
2018-01-09,108543.72692344965
2018-01-10,108543.72692344965
2018-01-11,108543.72692344965
2018-01-12,108588.17578575882
2018-01-13,108588.17578575882
2018-01-14,108588.17578575882
2018-01-15,108588.17578575882
2018-01-16,108588.17578575882
2018-01-17,108588.17578575882
2018-01-18,108588.17578575882
2018-01-19,108588.17578575882
2018-01-20,108588.17578575882
2018-01-21,108588.17578575882
2018-01-22,110217.71479088269
2018-01-23,110217.71479088269
2018-01-24,110217.71479088269
2018-01-25,110217.71479088269
2018-01-26,110702.1078551657
2018-01-27,110702.1078551657
2018-01-28,110702.1078551657
2018-01-29,110702.1078551657
2018-01-30,110702.1078551657
2018-01-31,110702.1078551657
2018-02-01,110702.1078551657
2018-02-02,110702.1078551657
2018-02-03,110702.1078551657
2018-02-04,110702.1078551657
2018-02-05,110702.1078551657
2018-02-06,112888.55170917622
2018-02-07,110306.40440383909
2018-02-08,110306.40440383909
2018-02-09,110306.40440383909
2018-02-10,110306.40440383909
2018-02-11,110306.40440383909
2018-02-12,110306.40440383909
2018-02-13,110306.40440383909
2018-02-14,110306.40440383909
2018-02-15,110306.40440383909
2018-02-16,110306.40440383909
2018-02-17,110306.40440383909
2018-02-18,110306.40440383909
2018-02-19,110306.40440383909
2018-02-20,110306.40440383909
2018-02-21,110306.40440383909
2018-02-22,110306.40440383909
2018-02-23,110306.40440383909
2018-02-24,110306.40440383909
2018-02-25,110306.40440383909
2018-02-26,110306.40440383909
2018-02-27,110306.40440383909
2018-02-28,110306.40440383909
2018-03-01,110306.40440383909
2018-03-02,110306.40440383909
2018-03-03,110306.40440383909
2018-03-04,110306.40440383909
2018-03-05,110263.67919851682
2018-03-06,110263.67919851682
2018-03-07,110263.67919851682
2018-03-08,110263.67919851682
2018-03-09,111074.14529884922
2018-03-10,111074.14529884922
2018-03-11,111074.14529884922
2018-03-12,111074.14529884922
2018-03-13,111074.14529884922
2018-03-14,111074.14529884922
2018-03-15,111074.14529884922
2018-03-16,111074.14529884922
2018-03-17,111074.14529884922
2018-03-18,111074.14529884922
2018-03-19,111074.14529884922
2018-03-20,111074.14529884922
2018-03-21,111074.14529884922
2018-03-22,111074.14529884922
2018-03-23,111074.14529884922
2018-03-24,111074.14529884922
2018-03-25,111074.14529884922
2018-03-26,111074.14529884922
2018-03-27,111074.14529884922
2018-03-28,111074.14529884922
2018-03-29,110649.83596656448
2018-03-30,110649.83596656448
2018-03-31,110649.83596656448
2018-04-01,110649.83596656448
2018-04-02,110649.83596656448
2018-04-03,110649.83596656448
2018-04-04,110649.83596656448
2018-04-05,110649.83596656448
2018-04-06,110649.83596656448
2018-04-07,110649.83596656448
2018-04-08,110649.83596656448
2018-04-09,110649.83596656448
2018-04-10,110649.83596656448
2018-04-11,110649.83596656448
2018-04-12,110649.83596656448
2018-04-13,110649.83596656448
2018-04-14,110649.83596656448
2018-04-15,110649.83596656448
2018-04-16,110649.83596656448
2018-04-17,110649.83596656448
2018-04-18,110649.83596656448
2018-04-19,110649.83596656448
2018-04-20,110649.83596656448
2018-04-21,110649.83596656448
2018-04-22,110649.83596656448
2018-04-23,110649.83596656448
2018-04-24,110649.83596656448
2018-04-25,110649.83596656448
2018-04-26,110713.48631075828
2018-04-27,110713.48631075828
2018-04-28,110713.48631075828
2018-04-29,110713.48631075828
2018-04-30,110713.48631075828
2018-05-01,110713.48631075828
2018-05-02,110713.48631075828
2018-05-03,110713.48631075828
2018-05-04,110575.67143250161
2018-05-05,110575.67143250161
2018-05-06,110575.67143250161
2018-05-07,110575.67143250161
2018-05-08,110575.67143250161
2018-05-09,110575.67143250161
2018-05-10,110575.67143250161
2018-05-11,110575.67143250161
2018-05-12,110575.67143250161
2018-05-13,110575.67143250161
2018-05-14,110575.67143250161
2018-05-15,110575.67143250161
2018-05-16,110575.67143250161
2018-05-17,110575.67143250161
2018-05-18,110575.67143250161
2018-05-19,110575.67143250161
2018-05-20,110575.67143250161
2018-05-21,110575.67143250161
2018-05-22,110575.67143250161
2018-05-23,110575.67143250161
2018-05-24,110575.67143250161
2018-05-25,110575.67143250161
2018-05-26,110575.67143250161
2018-05-27,110575.67143250161
2018-05-28,110575.67143250161
2018-05-29,110575.67143250161
2018-05-30,110575.67143250161
2018-05-31,110575.67143250161
2018-06-01,110961.50692176094
2018-06-02,110961.50692176094
2018-06-03,110961.50692176094
2018-06-04,110961.50692176094
2018-06-05,110961.50692176094
2018-06-06,110961.50692176094
2018-06-07,110961.50692176094
2018-06-08,110961.50692176094
2018-06-09,110961.50692176094
2018-06-10,110961.50692176094
2018-06-11,110961.50692176094
2018-06-12,110961.50692176094
2018-06-13,110961.50692176094
2018-06-14,111025.65338487203
2018-06-15,111025.65338487203
2018-06-16,111025.65338487203
2018-06-17,111025.65338487203
2018-06-18,111025.65338487203
2018-06-19,111025.65338487203
2018-06-20,111025.65338487203
2018-06-21,111025.65338487203
2018-06-22,111025.65338487203
2018-06-23,111025.65338487203
2018-06-24,111025.65338487203
2018-06-25,111025.65338487203
2018-06-26,111025.65338487203
2018-06-27,111025.65338487203
2018-06-28,111025.65338487203
2018-06-29,111025.65338487203
2018-06-30,111025.65338487203
2018-07-01,111025.65338487203
2018-07-02,111025.65338487203
2018-07-03,111025.65338487203
2018-07-04,111025.65338487203
2018-07-05,111025.65338487203
2018-07-06,111994.80763596654
2018-07-07,111994.80763596654
2018-07-08,111994.80763596654
2018-07-09,112087.00807561354
2018-07-10,112087.00807561354
2018-07-11,112087.00807561354
2018-07-12,113477.03838155497
2018-07-13,113477.03838155497
2018-07-14,113477.03838155497
2018-07-15,113477.03838155497
2018-07-16,113477.03838155497
2018-07-17,113705.84872705955
2018-07-18,113705.84872705955
2018-07-19,113705.84872705955
2018-07-20,113705.84872705955
2018-07-21,113705.84872705955
2018-07-22,113705.84872705955
2018-07-23,113705.84872705955
2018-07-24,113705.84872705955
2018-07-25,110902.33650661762
2018-07-26,110902.33650661762
2018-07-27,110902.33650661762
2018-07-28,110902.33650661762
2018-07-29,110902.33650661762
2018-07-30,110902.33650661762
2018-07-31,110902.33650661762
2018-08-01,110902.33650661762
2018-08-02,111159.17265163275
2018-08-03,111159.17265163275
2018-08-04,111159.17265163275
2018-08-05,111159.17265163275
2018-08-06,111159.17265163275
2018-08-07,111159.17265163275
2018-08-08,111159.17265163275
2018-08-09,111159.17265163275
2018-08-10,111159.17265163275
2018-08-11,111159.17265163275
2018-08-12,111159.17265163275
2018-08-13,111159.17265163275
2018-08-14,111159.17265163275
2018-08-15,111159.17265163275
2018-08-16,111124.14807454674
2018-08-17,111124.14807454674
2018-08-18,111124.14807454674
2018-08-19,111124.14807454674
2018-08-20,111124.14807454674
2018-08-21,111124.14807454674
2018-08-22,111083.83143623013
2018-08-23,111083.83143623013
2018-08-24,111083.83143623013
2018-08-25,111083.83143623013
2018-08-26,111083.83143623013
2018-08-27,111083.83143623013
2018-08-28,111083.83143623013
2018-08-29,111646.75759676425
2018-08-30,111646.75759676425
2018-08-31,111646.75759676425
2018-09-01,111646.75759676425
2018-09-02,111646.75759676425
2018-09-03,111646.75759676425
2018-09-04,111646.75759676425
2018-09-05,111646.75759676425
2018-09-06,111646.75759676425
2018-09-07,111646.75759676425
2018-09-08,111646.75759676425
2018-09-09,111646.75759676425
2018-09-10,111646.75759676425
2018-09-11,111646.75759676425
2018-09-12,111646.75759676425
2018-09-13,111597.06168732094
2018-09-14,111597.06168732094
2018-09-15,111597.06168732094
2018-09-16,111597.06168732094
2018-09-17,111597.06168732094
2018-09-18,113167.29461997312
2018-09-19,113167.29461997312
2018-09-20,113741.6585556771
2018-09-21,113741.6585556771
2018-09-22,113741.6585556771
2018-09-23,113741.6585556771
2018-09-24,113741.6585556771
2018-09-25,113741.6585556771
2018-09-26,113741.6585556771
2018-09-27,111781.51073178006
2018-09-28,111781.51073178006
2018-09-29,111781.51073178006
2018-09-30,111781.51073178006
2018-10-01,111781.51073178006
2018-10-02,111781.51073178006
2018-10-03,111781.51073178006
2018-10-04,111781.51073178006
2018-10-05,111781.51073178006
2018-10-06,111781.51073178006
2018-10-07,111781.51073178006
2018-10-08,111781.51073178006
2018-10-09,111781.51073178006
2018-10-10,111781.51073178006
2018-10-11,111781.51073178006
2018-10-12,111781.51073178006
2018-10-13,111781.51073178006
2018-10-14,111781.51073178006
2018-10-15,111781.51073178006
2018-10-16,115579.86830784434
2018-10-17,115579.86830784434
2018-10-18,115579.86830784434
2018-10-19,115579.86830784434
2018-10-20,115579.86830784434
2018-10-21,115579.86830784434
2018-10-22,115579.86830784434
2018-10-23,115579.86830784434
2018-10-24,115579.86830784434
2018-10-25,115579.86830784434
2018-10-26,115579.86830784434
2018-10-27,115579.86830784434
2018-10-28,115579.86830784434
2018-10-29,115579.86830784434
2018-10-30,115579.86830784434
2018-10-31,114232.7313673918
2018-11-01,114232.7313673918
2018-11-02,114232.7313673918
2018-11-03,114232.7313673918
2018-11-04,114232.7313673918
2018-11-05,114232.7313673918
2018-11-06,114232.7313673918
2018-11-07,115922.14034427059
2018-11-08,115922.14034427059
2018-11-09,115922.14034427059
2018-11-10,115922.14034427059
2018-11-11,115922.14034427059
2018-11-12,115922.14034427059
2018-11-13,115922.14034427059
2018-11-14,115922.14034427059
2018-11-15,115922.14034427059
2018-11-16,115922.14034427059
2018-11-17,115922.14034427059
2018-11-18,115922.14034427059
2018-11-19,115922.14034427059
2018-11-20,115922.14034427059
2018-11-21,115922.14034427059
2018-11-22,115922.14034427059
2018-11-23,115922.14034427059
2018-11-24,115922.14034427059
2018-11-25,115922.14034427059
2018-11-26,115922.14034427059
2018-11-27,115922.14034427059
2018-11-28,117128.66510905884
2018-11-29,117128.66510905884
2018-11-30,117128.66510905884
2018-12-01,117128.66510905884
2018-12-02,117128.66510905884
2018-12-03,117128.66510905884
2018-12-04,117128.66510905884
2018-12-05,117128.66510905884
2018-12-06,117128.66510905884
2018-12-07,117128.66510905884
2018-12-08,117128.66510905884
2018-12-09,117128.66510905884
2018-12-10,117128.66510905884
2018-12-11,117128.66510905884
2018-12-12,115992.36943954189
2018-12-13,115992.36943954189
2018-12-14,115992.36943954189
2018-12-15,115992.36943954189
2018-12-16,115992.36943954189
2018-12-17,115992.36943954189
2018-12-18,115992.36943954189
2018-12-19,115992.36943954189
2018-12-20,115992.36943954189
2018-12-21,115992.36943954189
2018-12-22,115992.36943954189
2018-12-23,115992.36943954189
2018-12-24,115992.36943954189
2018-12-25,115992.36943954189
2018-12-26,117540.06159439107
2018-12-27,117540.06159439107
2018-12-28,117540.06159439107
2018-12-29,117540.06159439107
2018-12-30,117540.06159439107
2018-12-31,117540.06159439107
2019-01-01,117540.06159439107
2019-01-02,117540.06159439107
2019-01-03,117540.06159439107
2019-01-04,118731.322638482
2019-01-05,118731.322638482
2019-01-06,118731.322638482
2019-01-07,118731.322638482
2019-01-08,118731.322638482
2019-01-09,118731.322638482
2019-01-10,118731.322638482
2019-01-11,118731.322638482
2019-01-12,118731.322638482
2019-01-13,118731.322638482
2019-01-14,118731.322638482
2019-01-15,118920.01513327795
2019-01-16,118920.01513327795
2019-01-17,118920.01513327795
2019-01-18,118685.24073955131
2019-01-19,118685.24073955131
2019-01-20,118685.24073955131
2019-01-21,118685.24073955131
2019-01-22,118685.24073955131
2019-01-23,118685.24073955131
2019-01-24,118685.24073955131
2019-01-25,118401.51551291891
2019-01-26,118401.51551291891
2019-01-27,118401.51551291891
2019-01-28,118401.51551291891
2019-01-29,118401.51551291891
2019-01-30,120147.49174515401
2019-01-31,120147.49174515401
2019-02-01,120147.49174515401
2019-02-02,120147.49174515401
2019-02-03,120147.49174515401
2019-02-04,120147.49174515401
2019-02-05,120147.49174515401
2019-02-06,120147.49174515401
2019-02-07,120147.49174515401
2019-02-08,120147.49174515401
2019-02-09,120147.49174515401
2019-02-10,120147.49174515401
2019-02-11,120147.49174515401
2019-02-12,121446.14541212274
2019-02-13,121446.14541212274
2019-02-14,121446.14541212274
2019-02-15,121957.26736814062
2019-02-16,121957.26736814062
2019-02-17,121957.26736814062
2019-02-18,121957.26736814062
2019-02-19,121957.26736814062
2019-02-20,121957.26736814062
2019-02-21,121957.26736814062
2019-02-22,121957.26736814062
2019-02-23,121957.26736814062
2019-02-24,121957.26736814062
2019-02-25,121957.26736814062
2019-02-26,121957.26736814062
2019-02-27,121957.26736814062
2019-02-28,121957.26736814062
2019-03-01,121957.26736814062
2019-03-02,121957.26736814062
2019-03-03,121957.26736814062
2019-03-04,121957.26736814062
2019-03-05,121957.26736814062
2019-03-06,121957.26736814062
2019-03-07,121957.26736814062
2019-03-08,121957.26736814062
2019-03-09,121957.26736814062
2019-03-10,121957.26736814062
2019-03-11,126904.47767267542
2019-03-12,126904.47767267542
2019-03-13,125699.36163931497
2019-03-14,125699.36163931497
2019-03-15,125277.8139750543
2019-03-16,125277.8139750543
2019-03-17,125277.8139750543
2019-03-18,125277.8139750543
2019-03-19,125277.8139750543
2019-03-20,124625.54421000645
2019-03-21,125981.21982522173
2019-03-22,125981.21982522173
2019-03-23,125981.21982522173
2019-03-24,125981.21982522173
2019-03-25,125981.21982522173
2019-03-26,125981.21982522173
2019-03-27,125981.21982522173
2019-03-28,125981.21982522173
2019-03-29,125981.21982522173
2019-03-30,125981.21982522173
2019-03-31,125981.21982522173
2019-04-01,125981.21982522173
2019-04-02,125981.21982522173
2019-04-03,125981.21982522173
2019-04-04,125981.21982522173
2019-04-05,125981.21982522173
2019-04-06,125981.21982522173
2019-04-07,125981.21982522173
2019-04-08,125981.21982522173
2019-04-09,125981.21982522173
2019-04-10,125981.21982522173
2019-04-11,125981.21982522173
2019-04-12,125981.21982522173
2019-04-13,125981.21982522173
2019-04-14,125981.21982522173
2019-04-15,125981.21982522173
2019-04-16,125981.21982522173
2019-04-17,125981.21982522173
2019-04-18,125981.21982522173
2019-04-19,125981.21982522173
2019-04-20,125981.21982522173
2019-04-21,125981.21982522173
2019-04-22,125981.21982522173
2019-04-23,127779.6518282534
2019-04-24,127779.6518282534
2019-04-25,127779.6518282534
2019-04-26,127779.6518282534
2019-04-27,127779.6518282534
2019-04-28,127779.6518282534
2019-04-29,127779.6518282534
2019-04-30,127779.6518282534
2019-05-01,127779.6518282534
2019-05-02,127779.6518282534
2019-05-03,130242.71297211121
2019-05-04,130242.71297211121
2019-05-05,130242.71297211121
2019-05-06,129362.28153065832
2019-05-07,129362.28153065832
2019-05-08,129362.28153065832
2019-05-09,129362.28153065832
2019-05-10,129362.28153065832
2019-05-11,129362.28153065832
2019-05-12,129362.28153065832
2019-05-13,129362.28153065832
2019-05-14,129647.87910376111
2019-05-15,129647.87910376111
2019-05-16,129168.10420671472
2019-05-17,129168.10420671472
2019-05-18,129168.10420671472
2019-05-19,129168.10420671472
2019-05-20,129168.10420671472
2019-05-21,129168.10420671472
2019-05-22,129168.10420671472
2019-05-23,129168.10420671472
2019-05-24,129168.10420671472
2019-05-25,129168.10420671472
2019-05-26,129168.10420671472
2019-05-27,129168.10420671472
2019-05-28,129168.10420671472
2019-05-29,129168.10420671472
2019-05-30,129168.10420671472
2019-05-31,129168.10420671472
2019-06-01,129168.10420671472
2019-06-02,129168.10420671472
2019-06-03,129168.10420671472
2019-06-04,132677.52528681554
2019-06-05,132677.52528681554
2019-06-06,132677.52528681554
2019-06-07,132861.08220058322
2019-06-08,132861.08220058322
2019-06-09,132861.08220058322
2019-06-10,131250.37911923142
2019-06-11,131250.37911923142
2019-06-12,131250.37911923142
2019-06-13,131250.37911923142
2019-06-14,131250.37911923142
2019-06-15,131250.37911923142
2019-06-16,131250.37911923142
2019-06-17,131250.37911923142
2019-06-18,131670.90489245573
2019-06-19,131670.90489245573
2019-06-20,131670.90489245573
2019-06-21,131670.90489245573
2019-06-22,131670.90489245573
2019-06-23,131670.90489245573
2019-06-24,131670.90489245573
2019-06-25,131670.90489245573
2019-06-26,131670.90489245573
2019-06-27,131670.90489245573
2019-06-28,131670.90489245573
2019-06-29,131670.90489245573
2019-06-30,131670.90489245573
2019-07-01,131670.90489245573
2019-07-02,131670.90489245573
2019-07-03,131340.95435532977
2019-07-04,131340.95435532977
2019-07-05,131340.95435532977
2019-07-06,131340.95435532977
2019-07-07,131340.95435532977
2019-07-08,131340.95435532977
2019-07-09,131340.95435532977
2019-07-10,130209.59374307402
2019-07-11,130209.59374307402
2019-07-12,130209.59374307402
2019-07-13,130209.59374307402
2019-07-14,130209.59374307402
2019-07-15,130209.59374307402
2019-07-16,130209.59374307402
2019-07-17,130209.59374307402
2019-07-18,129115.91795638221
2019-07-19,129115.91795638221
2019-07-20,129115.91795638221
2019-07-21,129115.91795638221
2019-07-22,129247.58372419924
2019-07-23,129247.58372419924
2019-07-24,129518.88849809104
2019-07-25,129518.88849809104
2019-07-26,129518.88849809104
2019-07-27,129518.88849809104
2019-07-28,129518.88849809104
2019-07-29,129518.88849809104
2019-07-30,129518.88849809104
2019-07-31,129518.88849809104
2019-08-01,129518.88849809104
2019-08-02,129518.88849809104
2019-08-03,129518.88849809104
2019-08-04,129518.88849809104
2019-08-05,129518.88849809104
2019-08-06,132470.68504443156
2019-08-07,132470.68504443156
2019-08-08,133644.88740694846
2019-08-09,133644.88740694846
2019-08-10,133644.88740694846
2019-08-11,133644.88740694846
2019-08-12,133644.88740694846
2019-08-13,133616.67010955623
2019-08-14,133616.67010955623
2019-08-15,133616.67010955623
2019-08-16,133616.67010955623
2019-08-17,133616.67010955623
2019-08-18,133616.67010955623
2019-08-19,133616.67010955623
2019-08-20,133616.67010955623
2019-08-21,133616.67010955623
2019-08-22,133616.67010955623
2019-08-23,133616.67010955623
2019-08-24,133616.67010955623
2019-08-25,133616.67010955623
2019-08-26,134291.433885201
2019-08-27,134291.433885201
2019-08-28,134291.433885201
2019-08-29,134291.433885201
2019-08-30,134291.433885201
2019-08-31,134291.433885201
2019-09-01,134291.433885201
2019-09-02,134291.433885201
2019-09-03,134291.433885201
2019-09-04,134291.433885201
2019-09-05,134291.433885201
2019-09-06,134291.433885201
2019-09-07,134291.433885201
2019-09-08,134291.433885201
2019-09-09,134291.433885201
2019-09-10,134291.433885201
2019-09-11,134500.61738979738
2019-09-12,134500.61738979738
2019-09-13,134500.61738979738
2019-09-14,134500.61738979738
2019-09-15,134500.61738979738
2019-09-16,134500.61738979738
2019-09-17,134500.61738979738
2019-09-18,134500.61738979738
2019-09-19,134500.61738979738
2019-09-20,134500.61738979738
2019-09-21,134500.61738979738
2019-09-22,134500.61738979738
2019-09-23,134500.61738979738
2019-09-24,134500.61738979738
2019-09-25,134500.61738979738
2019-09-26,134500.61738979738
2019-09-27,134500.61738979738
2019-09-28,134500.61738979738
2019-09-29,134500.61738979738
2019-09-30,134500.61738979738
2019-10-01,134500.61738979738
2019-10-02,134500.61738979738
2019-10-03,134500.61738979738
2019-10-04,135022.0756515546
2019-10-05,135022.0756515546
2019-10-06,135022.0756515546
2019-10-07,135022.0756515546
2019-10-08,135022.0756515546
2019-10-09,133814.9690076666
2019-10-10,134102.21329987986
2019-10-11,131789.3764241172
2019-10-12,131789.3764241172
2019-10-13,131789.3764241172
2019-10-14,131789.3764241172
2019-10-15,131789.3764241172
2019-10-16,131789.3764241172
2019-10-17,131789.3764241172
2019-10-18,131789.3764241172
2019-10-19,131789.3764241172
2019-10-20,131789.3764241172
2019-10-21,131789.3764241172
2019-10-22,131789.3764241172
2019-10-23,131789.3764241172
2019-10-24,131789.3764241172
2019-10-25,131812.63802233982
2019-10-26,131812.63802233982
2019-10-27,131812.63802233982
2019-10-28,131812.63802233982
2019-10-29,131812.63802233982
2019-10-30,131812.63802233982
2019-10-31,131812.63802233982
2019-11-01,131916.17115865406
2019-11-02,131916.17115865406
2019-11-03,131916.17115865406
2019-11-04,131916.17115865406
2019-11-05,131916.17115865406
2019-11-06,131916.17115865406
2019-11-07,131916.17115865406
2019-11-08,131916.17115865406
2019-11-09,131916.17115865406
2019-11-10,131916.17115865406
2019-11-11,131916.17115865406
2019-11-12,131916.17115865406
2019-11-13,131916.17115865406
2019-11-14,131916.17115865406
2019-11-15,131916.17115865406
2019-11-16,131916.17115865406
2019-11-17,131916.17115865406
2019-11-18,131916.17115865406
2019-11-19,131916.17115865406
2019-11-20,131916.17115865406
2019-11-21,131916.17115865406
2019-11-22,131916.17115865406
2019-11-23,131916.17115865406
2019-11-24,131916.17115865406
2019-11-25,131735.9818659893
2019-11-26,131735.9818659893
2019-11-27,131735.9818659893
2019-11-28,131735.9818659893
2019-11-29,131735.9818659893
2019-11-30,131735.9818659893
2019-12-01,131735.9818659893
2019-12-02,131735.9818659893
2019-12-03,131735.9818659893
2019-12-04,131735.9818659893
2019-12-05,131735.9818659893
2019-12-06,132576.70694834652
2019-12-07,132576.70694834652
2019-12-08,132576.70694834652
2019-12-09,132576.70694834652
2019-12-10,132576.70694834652
2019-12-11,132576.70694834652
2019-12-12,133336.20051758515
2019-12-13,133336.20051758515
2019-12-14,133336.20051758515
2019-12-15,133336.20051758515
2019-12-16,131587.9820338931
2019-12-17,131587.9820338931
2019-12-18,131587.9820338931
2019-12-19,131587.9820338931
2019-12-20,131587.9820338931
2019-12-21,131587.9820338931
2019-12-22,131587.9820338931
2019-12-23,131587.9820338931
2019-12-24,131587.9820338931
2019-12-25,131587.9820338931
2019-12-26,132977.24679566006
2019-12-27,132977.24679566006
2019-12-28,132977.24679566006
2019-12-29,132977.24679566006
2019-12-30,132977.24679566006
2019-12-31,132977.24679566006
2020-01-01,132977.24679566006
2020-01-02,135614.95030370384
2020-01-03,135614.95030370384
2020-01-04,135614.95030370384
2020-01-05,135614.95030370384
2020-01-06,135316.19212757098
2020-01-07,135316.19212757098
2020-01-08,136666.2502222798
2020-01-09,136666.2502222798
2020-01-10,136666.2502222798
2020-01-11,136666.2502222798
2020-01-12,136666.2502222798
2020-01-13,137406.84683109727
2020-01-14,135101.7233949202
2020-01-15,135101.7233949202
2020-01-16,135057.1198730038
2020-01-17,135057.1198730038
2020-01-18,135057.1198730038
2020-01-19,135057.1198730038
2020-01-20,135057.1198730038
2020-01-21,135057.1198730038
2020-01-22,135057.1198730038
2020-01-23,135300.79854572035
2020-01-24,135300.79854572035
2020-01-25,135300.79854572035
2020-01-26,135300.79854572035
2020-01-27,135300.79854572035
2020-01-28,135300.79854572035
2020-01-29,135300.79854572035
2020-01-30,135300.79854572035
2020-01-31,135300.79854572035
2020-02-01,135300.79854572035
2020-02-02,135300.79854572035
2020-02-03,135300.79854572035
2020-02-04,139875.85715125455
2020-02-05,140235.51303477277
2020-02-06,140235.51303477277
2020-02-07,140235.51303477277
2020-02-08,140235.51303477277
2020-02-09,140235.51303477277
2020-02-10,140889.55072698602
2020-02-11,140889.55072698602
2020-02-12,140889.55072698602
2020-02-13,140889.55072698602
2020-02-14,140889.55072698602
2020-02-15,140889.55072698602
2020-02-16,140889.55072698602
2020-02-17,140889.55072698602
2020-02-18,140889.55072698602
2020-02-19,140889.55072698602
2020-02-20,140889.55072698602
2020-02-21,140889.55072698602
2020-02-22,140889.55072698602
2020-02-23,140889.55072698602
2020-02-24,140889.55072698602
2020-02-25,140889.55072698602
2020-02-26,140889.55072698602
2020-02-27,140889.55072698602
2020-02-28,140889.55072698602
2020-02-29,140889.55072698602
2020-03-01,140889.55072698602
2020-03-02,140889.55072698602
2020-03-03,140889.55072698602
2020-03-04,142609.819938982
2020-03-05,142609.819938982
2020-03-06,142609.819938982
2020-03-07,142609.819938982
2020-03-08,142609.819938982
2020-03-09,142609.819938982
2020-03-10,142609.819938982
2020-03-11,142609.819938982
2020-03-12,142609.819938982
2020-03-13,146801.36036371937
2020-03-14,146801.36036371937
2020-03-15,146801.36036371937
2020-03-16,146377.24339699175
2020-03-17,146377.24339699175
2020-03-18,146377.24339699175
2020-03-19,146377.24339699175
2020-03-20,146377.24339699175
2020-03-21,146377.24339699175
2020-03-22,146377.24339699175
2020-03-23,146377.24339699175
2020-03-24,146403.83948492754
2020-03-25,146403.83948492754
2020-03-26,146403.83948492754
2020-03-27,144260.0256261084
2020-03-28,144260.0256261084
2020-03-29,144260.0256261084
2020-03-30,144260.0256261084
2020-03-31,144260.0256261084
2020-04-01,144260.0256261084
2020-04-02,144260.0256261084
2020-04-03,144260.0256261084
2020-04-04,144260.0256261084
2020-04-05,144260.0256261084
2020-04-06,145066.78443188814
2020-04-07,145066.78443188814
2020-04-08,145066.78443188814
2020-04-09,145066.78443188814
2020-04-10,145066.78443188814
2020-04-11,145066.78443188814
2020-04-12,145066.78443188814
2020-04-13,145066.78443188814
2020-04-14,145066.78443188814
2020-04-15,145066.78443188814
2020-04-16,144904.6941548658
2020-04-17,144904.6941548658
2020-04-18,144904.6941548658
2020-04-19,144904.6941548658
2020-04-20,144904.6941548658
2020-04-21,144904.6941548658
2020-04-22,144904.6941548658
2020-04-23,144904.6941548658
2020-04-24,144904.6941548658
2020-04-25,144904.6941548658
2020-04-26,144904.6941548658
2020-04-27,144904.6941548658
2020-04-28,144904.6941548658
2020-04-29,144977.44487348705
2020-04-30,144977.44487348705
2020-05-01,144977.44487348705
2020-05-02,144977.44487348705
2020-05-03,144977.44487348705
2020-05-04,144977.44487348705
2020-05-05,144977.44487348705
2020-05-06,144977.44487348705
2020-05-07,144977.44487348705
2020-05-08,144977.44487348705
2020-05-09,144977.44487348705
2020-05-10,144977.44487348705
2020-05-11,144977.44487348705
2020-05-12,144977.44487348705
2020-05-13,144977.44487348705
2020-05-14,144977.44487348705
2020-05-15,144977.44487348705
2020-05-16,144977.44487348705
2020-05-17,144977.44487348705
2020-05-18,145370.0804491599
2020-05-19,145370.0804491599
2020-05-20,145370.0804491599
2020-05-21,145370.0804491599
2020-05-22,145370.0804491599
2020-05-23,145370.0804491599
2020-05-24,145370.0804491599
2020-05-25,145370.0804491599
2020-05-26,145370.0804491599
2020-05-27,145370.0804491599
2020-05-28,145370.0804491599
2020-05-29,145370.0804491599
2020-05-30,145370.0804491599
2020-05-31,145370.0804491599
2020-06-01,145370.0804491599
2020-06-02,145370.0804491599
2020-06-03,145370.0804491599
2020-06-04,145370.0804491599
2020-06-05,145884.58894349117
2020-06-06,145884.58894349117
2020-06-07,145884.58894349117
2020-06-08,145884.58894349117
2020-06-09,145884.58894349117
2020-06-10,145884.58894349117
2020-06-11,145884.58894349117
2020-06-12,145884.58894349117
2020-06-13,145884.58894349117
2020-06-14,145884.58894349117
2020-06-15,147745.27078281573
2020-06-16,147745.27078281573
2020-06-17,147745.27078281573
2020-06-18,147745.27078281573
2020-06-19,147745.27078281573
2020-06-20,147745.27078281573
2020-06-21,147745.27078281573
2020-06-22,147745.27078281573
2020-06-23,147745.27078281573
2020-06-24,147745.27078281573
2020-06-25,147745.27078281573
2020-06-26,147745.27078281573
2020-06-27,147745.27078281573
2020-06-28,147745.27078281573
2020-06-29,147745.27078281573
2020-06-30,147745.27078281573
2020-07-01,147745.27078281573
2020-07-02,147745.27078281573
2020-07-03,147745.27078281573
2020-07-04,147745.27078281573
2020-07-05,147745.27078281573
2020-07-06,148682.90684028587
2020-07-07,148682.90684028587
2020-07-08,148682.90684028587
2020-07-09,148682.90684028587
2020-07-10,148682.90684028587
2020-07-11,148682.90684028587
2020-07-12,148682.90684028587
2020-07-13,148682.90684028587
2020-07-14,148682.90684028587
2020-07-15,148682.90684028587
2020-07-16,148682.90684028587
2020-07-17,148682.90684028587
2020-07-18,148682.90684028587
2020-07-19,148682.90684028587
2020-07-20,150388.86601730948
2020-07-21,150388.86601730948
2020-07-22,150388.86601730948
2020-07-23,150388.86601730948
2020-07-24,150388.86601730948
2020-07-25,150388.86601730948
2020-07-26,150388.86601730948
2020-07-27,150388.86601730948
2020-07-28,150388.86601730948
2020-07-29,150388.86601730948
2020-07-30,150434.65184007052
2020-07-31,150434.65184007052
2020-08-01,150434.65184007052
2020-08-02,150434.65184007052
2020-08-03,150434.65184007052
2020-08-04,150434.65184007052
2020-08-05,150434.65184007052
2020-08-06,150434.65184007052
2020-08-07,150434.65184007052
2020-08-08,150434.65184007052
2020-08-09,150434.65184007052
2020-08-10,150434.65184007052
2020-08-11,150434.65184007052
2020-08-12,149805.18697492732
2020-08-13,149805.18697492732
2020-08-14,149805.18697492732
2020-08-15,149805.18697492732
2020-08-16,149805.18697492732
2020-08-17,149805.18697492732
2020-08-18,149805.18697492732
2020-08-19,149805.18697492732
2020-08-20,150219.3459572161
2020-08-21,150219.3459572161
2020-08-22,150219.3459572161
2020-08-23,150219.3459572161
2020-08-24,150219.3459572161
2020-08-25,151540.25343266345
2020-08-26,151805.48004227845
2020-08-27,151805.48004227845
2020-08-28,151805.48004227845
2020-08-29,151805.48004227845
2020-08-30,151805.48004227845
2020-08-31,151805.48004227845
2020-09-01,152079.9179413057
2020-09-02,152079.9179413057
2020-09-03,152079.9179413057
2020-09-04,152079.9179413057
2020-09-05,152079.9179413057
2020-09-06,152079.9179413057
2020-09-07,152079.9179413057
2020-09-08,152079.9179413057
2020-09-09,152079.9179413057
2020-09-10,152079.9179413057
2020-09-11,152079.9179413057
2020-09-12,152079.9179413057
2020-09-13,152079.9179413057
2020-09-14,152079.9179413057
2020-09-15,152079.9179413057
2020-09-16,152079.9179413057
2020-09-17,152079.9179413057
2020-09-18,152079.9179413057
2020-09-19,152079.9179413057
2020-09-20,152079.9179413057
2020-09-21,152079.9179413057
2020-09-22,152079.9179413057
2020-09-23,152079.9179413057
2020-09-24,152079.9179413057
2020-09-25,152079.9179413057
2020-09-26,152079.9179413057
2020-09-27,152079.9179413057
2020-09-28,152079.9179413057
2020-09-29,152079.9179413057
2020-09-30,152079.9179413057
2020-10-01,152079.9179413057
2020-10-02,152079.9179413057
2020-10-03,152079.9179413057
2020-10-04,152079.9179413057
2020-10-05,152079.9179413057
2020-10-06,152079.9179413057
2020-10-07,152650.93473212537
2020-10-08,152650.93473212537
2020-10-09,152650.93473212537
2020-10-10,152650.93473212537
2020-10-11,152650.93473212537
2020-10-12,154309.00664852228
2020-10-13,154309.00664852228
2020-10-14,154309.00664852228
2020-10-15,154309.00664852228
2020-10-16,154309.00664852228
2020-10-17,154309.00664852228
2020-10-18,154309.00664852228
2020-10-19,154309.00664852228
2020-10-20,154309.00664852228
2020-10-21,154309.00664852228
2020-10-22,154309.00664852228
2020-10-23,154309.00664852228
2020-10-24,154309.00664852228
2020-10-25,154309.00664852228
2020-10-26,154309.00664852228
2020-10-27,154309.00664852228
2020-10-28,154309.00664852228
2020-10-29,151549.62202782728
2020-10-30,151549.62202782728
2020-10-31,151549.62202782728
2020-11-01,151549.62202782728
2020-11-02,151168.93303500683
2020-11-03,151168.93303500683
2020-11-04,151168.93303500683
2020-11-05,151167.84188428335
2020-11-06,151167.84188428335
2020-11-07,151167.84188428335
2020-11-08,151167.84188428335
2020-11-09,148719.62616945713
2020-11-10,148719.62616945713
2020-11-11,148882.35240525426
2020-11-12,148882.35240525426
2020-11-13,148882.35240525426
2020-11-14,148882.35240525426
2020-11-15,148882.35240525426
2020-11-16,148882.35240525426
2020-11-17,148882.35240525426
2020-11-18,148882.35240525426
2020-11-19,148882.35240525426
2020-11-20,148882.35240525426
2020-11-21,148882.35240525426
2020-11-22,148882.35240525426
2020-11-23,148882.35240525426
2020-11-24,148882.35240525426
2020-11-25,148882.35240525426
2020-11-26,148882.35240525426
2020-11-27,148882.35240525426
2020-11-28,148882.35240525426
2020-11-29,148882.35240525426
2020-11-30,148882.35240525426
2020-12-01,148882.35240525426
2020-12-02,148882.35240525426
2020-12-03,148882.35240525426
2020-12-04,148882.35240525426
2020-12-05,148882.35240525426
2020-12-06,148882.35240525426
2020-12-07,148882.35240525426
2020-12-08,148882.35240525426
2020-12-09,148882.35240525426
2020-12-10,148882.35240525426
2020-12-11,148882.35240525426
2020-12-12,148882.35240525426
2020-12-13,148882.35240525426
2020-12-14,148882.35240525426
2020-12-15,148725.90041084605
2020-12-16,148725.90041084605
2020-12-17,148725.90041084605
2020-12-18,148725.90041084605
2020-12-19,148725.90041084605
2020-12-20,148725.90041084605
2020-12-21,148725.90041084605
2020-12-22,148725.90041084605
2020-12-23,148725.90041084605
2020-12-24,148725.90041084605
2020-12-25,148725.90041084605
2020-12-26,148725.90041084605
2020-12-27,148725.90041084605
2020-12-28,148725.90041084605
2020-12-29,148725.90041084605
2020-12-30,148725.90041084605
2020-12-31,148725.90041084605
2021-01-01,148725.90041084605
2021-01-02,148725.90041084605
2021-01-03,148725.90041084605
2021-01-04,148725.90041084605
2021-01-05,148725.90041084605
2021-01-06,148725.90041084605
2021-01-07,149579.18186623792
2021-01-08,149579.18186623792
2021-01-09,149579.18186623792
2021-01-10,149579.18186623792
2021-01-11,149579.18186623792
2021-01-12,149579.18186623792
2021-01-13,149579.18186623792
2021-01-14,149579.18186623792
2021-01-15,149579.18186623792
2021-01-16,149579.18186623792
2021-01-17,149579.18186623792
2021-01-18,149579.18186623792
2021-01-19,150626.91915111017
2021-01-20,152489.30876900963
2021-01-21,152489.30876900963
2021-01-22,152489.30876900963
2021-01-23,152489.30876900963
2021-01-24,152489.30876900963
2021-01-25,152489.30876900963
2021-01-26,152489.30876900963
2021-01-27,152489.30876900963
2021-01-28,151648.1432100368
2021-01-29,151648.1432100368
2021-01-30,151648.1432100368
2021-01-31,151648.1432100368
2021-02-01,151648.1432100368
2021-02-02,152233.62891660165
2021-02-03,152233.62891660165
2021-02-04,152233.62891660165
2021-02-05,152233.62891660165
2021-02-06,152233.62891660165
2021-02-07,152233.62891660165
2021-02-08,152233.62891660165
2021-02-09,152233.62891660165
2021-02-10,152233.62891660165
2021-02-11,152233.62891660165
2021-02-12,152233.62891660165
2021-02-13,152233.62891660165
2021-02-14,152233.62891660165
2021-02-15,152233.62891660165
2021-02-16,152233.62891660165
2021-02-17,152233.62891660165
2021-02-18,152233.62891660165
2021-02-19,152233.62891660165
2021-02-20,152233.62891660165
2021-02-21,152233.62891660165
2021-02-22,152233.62891660165
2021-02-23,152233.62891660165
2021-02-24,152233.62891660165
2021-02-25,152233.62891660165
2021-02-26,152233.62891660165
2021-02-27,152233.62891660165
2021-02-28,152233.62891660165
2021-03-01,153588.21793845991
2021-03-02,153588.21793845991
2021-03-03,153588.21793845991
2021-03-04,153588.21793845991
2021-03-05,153588.21793845991
2021-03-06,153588.21793845991
2021-03-07,153588.21793845991
2021-03-08,153588.21793845991
2021-03-09,154634.8896299158
2021-03-10,154634.8896299158
2021-03-11,154634.8896299158
2021-03-12,154634.8896299158
2021-03-13,154634.8896299158
2021-03-14,154634.8896299158
2021-03-15,154634.8896299158
2021-03-16,154634.8896299158
2021-03-17,154634.8896299158
2021-03-18,154634.8896299158
2021-03-19,154634.8896299158
2021-03-20,154634.8896299158
2021-03-21,154634.8896299158
2021-03-22,154634.8896299158
2021-03-23,154634.8896299158
2021-03-24,154634.8896299158
2021-03-25,154634.8896299158
2021-03-26,154634.8896299158
2021-03-27,154634.8896299158
2021-03-28,154634.8896299158
2021-03-29,154634.8896299158
2021-03-30,154634.8896299158
2021-03-31,154634.8896299158
2021-04-01,154634.8896299158
2021-04-02,154634.8896299158
2021-04-03,154634.8896299158
2021-04-04,154634.8896299158
2021-04-05,155333.13926702595
2021-04-06,155333.13926702595
2021-04-07,155333.13926702595
2021-04-08,155333.13926702595
2021-04-09,155333.13926702595
2021-04-10,155333.13926702595
2021-04-11,155333.13926702595
2021-04-12,155333.13926702595
2021-04-13,155333.13926702595
2021-04-14,155333.13926702595
2021-04-15,155266.8317265972
2021-04-16,155266.8317265972
2021-04-17,155266.8317265972
2021-04-18,155266.8317265972
2021-04-19,155266.8317265972
2021-04-20,155266.8317265972
2021-04-21,154430.3158418379
2021-04-22,154430.3158418379
2021-04-23,153357.2030080297
2021-04-24,153357.2030080297
2021-04-25,153357.2030080297
2021-04-26,153357.2030080297
2021-04-27,153357.2030080297
2021-04-28,153357.2030080297
2021-04-29,153357.2030080297
2021-04-30,153357.2030080297
2021-05-01,153357.2030080297
2021-05-02,153357.2030080297
2021-05-03,153357.2030080297
2021-05-04,153357.2030080297
2021-05-05,153357.2030080297
2021-05-06,153357.2030080297
2021-05-07,153420.49400906533
2021-05-08,153420.49400906533
2021-05-09,153420.49400906533
2021-05-10,153420.49400906533
2021-05-11,153420.49400906533
2021-05-12,153420.49400906533
2021-05-13,153551.72503611192
2021-05-14,155207.7948321441
2021-05-15,155207.7948321441
2021-05-16,155207.7948321441
2021-05-17,155207.7948321441
2021-05-18,155207.7948321441
2021-05-19,155207.7948321441
2021-05-20,157390.13086405204
2021-05-21,157390.13086405204
2021-05-22,157390.13086405204
2021-05-23,157390.13086405204
2021-05-24,158621.22864891274
2021-05-25,158621.22864891274
2021-05-26,158621.22864891274
2021-05-27,158621.22864891274
2021-05-28,158621.22864891274
2021-05-29,158621.22864891274
2021-05-30,158621.22864891274
2021-05-31,158621.22864891274
2021-06-01,158621.22864891274
2021-06-02,158621.22864891274
2021-06-03,158621.22864891274
2021-06-04,159974.6263235729
2021-06-05,159974.6263235729
2021-06-06,159974.6263235729
2021-06-07,159974.6263235729
2021-06-08,159974.6263235729
2021-06-09,159974.6263235729
2021-06-10,159974.6263235729
2021-06-11,159974.6263235729
2021-06-12,159974.6263235729
2021-06-13,159974.6263235729
2021-06-14,159974.6263235729
2021-06-15,159974.6263235729
2021-06-16,159974.6263235729
2021-06-17,159974.6263235729
2021-06-18,159974.6263235729
2021-06-19,159974.6263235729
2021-06-20,159974.6263235729
2021-06-21,161895.72665202717
2021-06-22,161895.72665202717
2021-06-23,161895.72665202717
2021-06-24,161895.72665202717
2021-06-25,161895.72665202717
2021-06-26,161895.72665202717
2021-06-27,161895.72665202717
2021-06-28,161525.1563396001
2021-06-29,161525.1563396001
2021-06-30,161525.1563396001
2021-07-01,161525.1563396001
2021-07-02,162326.1441545764
2021-07-03,162326.1441545764
2021-07-04,162326.1441545764
2021-07-05,162326.1441545764
2021-07-06,162326.1441545764
2021-07-07,162326.1441545764
2021-07-08,162326.1441545764
2021-07-09,163819.60942389164
2021-07-10,163819.60942389164
2021-07-11,163819.60942389164
2021-07-12,163819.60942389164
2021-07-13,163819.60942389164
2021-07-14,162728.23382727354
2021-07-15,162728.23382727354
2021-07-16,162728.23382727354
2021-07-17,162728.23382727354
2021-07-18,162728.23382727354
2021-07-19,162728.23382727354
2021-07-20,162706.63255669526
2021-07-21,162706.63255669526
2021-07-22,162706.63255669526
2021-07-23,162706.63255669526
2021-07-24,162706.63255669526
2021-07-25,162706.63255669526
2021-07-26,162706.63255669526
2021-07-27,162706.63255669526
2021-07-28,162706.63255669526
2021-07-29,162706.63255669526
2021-07-30,162706.63255669526
2021-07-31,162706.63255669526
2021-08-01,162706.63255669526
2021-08-02,162706.63255669526
2021-08-03,162706.63255669526
2021-08-04,162706.63255669526
2021-08-05,162706.63255669526
2021-08-06,162706.63255669526
2021-08-07,162706.63255669526
2021-08-08,162706.63255669526
2021-08-09,162706.63255669526
2021-08-10,162706.63255669526
2021-08-11,162706.63255669526
2021-08-12,162706.63255669526
2021-08-13,162706.63255669526
2021-08-14,162706.63255669526
2021-08-15,162706.63255669526
2021-08-16,162706.63255669526
2021-08-17,162706.63255669526
2021-08-18,162706.63255669526
2021-08-19,162048.7831072209
2021-08-20,162600.6723237044
2021-08-21,162600.6723237044
2021-08-22,162600.6723237044
2021-08-23,164909.79103261238
2021-08-24,164909.79103261238
2021-08-25,164909.79103261238
2021-08-26,164909.79103261238
2021-08-27,164909.79103261238
2021-08-28,164909.79103261238
2021-08-29,164909.79103261238
2021-08-30,165037.0481251718
2021-08-31,165037.0481251718
2021-09-01,165037.0481251718
2021-09-02,165037.0481251718
2021-09-03,165037.0481251718
2021-09-04,165037.0481251718
2021-09-05,165037.0481251718
2021-09-06,165037.0481251718
2021-09-07,165037.0481251718
2021-09-08,165037.0481251718
2021-09-09,165037.0481251718
2021-09-10,165037.0481251718
2021-09-11,165037.0481251718
2021-09-12,165037.0481251718
2021-09-13,165037.0481251718
2021-09-14,165037.0481251718
2021-09-15,165186.9430956472
2021-09-16,165186.9430956472
2021-09-17,165186.9430956472
2021-09-18,165186.9430956472
2021-09-19,165186.9430956472
2021-09-20,165186.9430956472
2021-09-21,165186.9430956472
2021-09-22,165186.9430956472
2021-09-23,165186.9430956472
2021-09-24,165186.9430956472
2021-09-25,165186.9430956472
2021-09-26,165186.9430956472
2021-09-27,165186.9430956472
2021-09-28,165186.9430956472
2021-09-29,165186.9430956472
2021-09-30,165186.9430956472
2021-10-01,164543.11323304952
2021-10-02,164543.11323304952
2021-10-03,164543.11323304952
2021-10-04,164543.11323304952
2021-10-05,163535.02428314416
2021-10-06,163535.02428314416
2021-10-07,163535.02428314416
2021-10-08,163535.02428314416
2021-10-09,163535.02428314416
2021-10-10,163535.02428314416
2021-10-11,163535.02428314416
2021-10-12,163535.02428314416
2021-10-13,163535.02428314416
2021-10-14,165628.66849679427
2021-10-15,165628.66849679427
2021-10-16,165628.66849679427
2021-10-17,165628.66849679427
2021-10-18,165754.2018633647
2021-10-19,165754.2018633647
2021-10-20,165754.2018633647
2021-10-21,165754.2018633647
2021-10-22,165754.2018633647
2021-10-23,165754.2018633647
2021-10-24,165754.2018633647
2021-10-25,165754.2018633647
2021-10-26,165754.2018633647
2021-10-27,165754.2018633647
2021-10-28,165754.2018633647
2021-10-29,165754.2018633647
2021-10-30,165754.2018633647
2021-10-31,165754.2018633647
2021-11-01,165754.2018633647
2021-11-02,165754.2018633647
2021-11-03,166819.625664477
2021-11-04,166343.96160868625
2021-11-05,166343.96160868625
2021-11-06,166343.96160868625
2021-11-07,166343.96160868625
2021-11-08,166343.96160868625
2021-11-09,166343.96160868625
2021-11-10,166343.96160868625
2021-11-11,166343.96160868625
2021-11-12,166343.96160868625
2021-11-13,166343.96160868625
2021-11-14,166343.96160868625
2021-11-15,166343.96160868625
2021-11-16,166343.96160868625
2021-11-17,166343.96160868625
2021-11-18,166343.96160868625
2021-11-19,166343.96160868625
2021-11-20,166343.96160868625
2021-11-21,166343.96160868625
2021-11-22,158253.20618997156
2021-11-23,158253.20618997156
2021-11-24,158253.20618997156
2021-11-25,158253.20618997156
2021-11-26,158253.20618997156
2021-11-27,158253.20618997156
2021-11-28,158253.20618997156
2021-11-29,158949.9699331117
2021-11-30,158949.9699331117
2021-12-01,158949.9699331117
2021-12-02,158949.9699331117
2021-12-03,158949.9699331117
2021-12-04,158949.9699331117
2021-12-05,158949.9699331117
2021-12-06,158949.9699331117
2021-12-07,165738.73404139
2021-12-08,165738.73404139
2021-12-09,165738.73404139
2021-12-10,165738.73404139
2021-12-11,165738.73404139
2021-12-12,165738.73404139
2021-12-13,165738.73404139
2021-12-14,165738.73404139
2021-12-15,166960.6920719663
2021-12-16,166960.6920719663
2021-12-17,166960.6920719663
2021-12-18,166960.6920719663
2021-12-19,166960.6920719663
2021-12-20,166960.6920719663
2021-12-21,166960.6920719663
2021-12-22,166960.6920719663
2021-12-23,166960.6920719663
2021-12-24,166960.6920719663
2021-12-25,166960.6920719663
2021-12-26,166960.6920719663
2021-12-27,166960.6920719663
2021-12-28,166960.6920719663
2021-12-29,166960.6920719663
2021-12-30,166960.6920719663
2021-12-31,166960.6920719663
2022-01-01,166960.6920719663
2022-01-02,166960.6920719663
2022-01-03,166960.6920719663
2022-01-04,166960.6920719663
2022-01-05,166960.6920719663
2022-01-06,166960.6920719663
2022-01-07,166960.6920719663
2022-01-08,166960.6920719663
2022-01-09,166960.6920719663
2022-01-10,166960.6920719663
2022-01-11,166960.6920719663
2022-01-12,166960.6920719663
2022-01-13,166960.6920719663
2022-01-14,166960.6920719663
2022-01-15,166960.6920719663
2022-01-16,166960.6920719663
2022-01-17,166960.6920719663
2022-01-18,166960.6920719663
2022-01-19,166960.6920719663
2022-01-20,166960.6920719663
2022-01-21,166960.6920719663
2022-01-22,166960.6920719663
2022-01-23,166960.6920719663
2022-01-24,166960.6920719663
2022-01-25,166960.6920719663
2022-01-26,166960.6920719663
2022-01-27,166960.6920719663
2022-01-28,166960.6920719663
2022-01-29,166960.6920719663
2022-01-30,166960.6920719663
2022-01-31,167338.61245137767
2022-02-01,167338.61245137767
2022-02-02,167338.61245137767
2022-02-03,167338.61245137767
2022-02-04,167338.61245137767
2022-02-05,167338.61245137767
2022-02-06,167338.61245137767
2022-02-07,167338.61245137767
2022-02-08,167338.61245137767
2022-02-09,167338.61245137767
2022-02-10,167338.61245137767
2022-02-11,167338.61245137767
2022-02-12,167338.61245137767
2022-02-13,167338.61245137767
2022-02-14,167338.61245137767
2022-02-15,167338.61245137767
2022-02-16,167338.61245137767
2022-02-17,167338.61245137767
2022-02-18,167338.61245137767
2022-02-19,167338.61245137767
2022-02-20,167338.61245137767
2022-02-21,167338.61245137767
2022-02-22,166253.83820228488
2022-02-23,166253.83820228488
2022-02-24,166253.83820228488
2022-02-25,166811.35981920274
2022-02-26,166811.35981920274
2022-02-27,166811.35981920274
2022-02-28,166858.22226615727
2022-03-01,166858.22226615727
2022-03-02,166858.22226615727
2022-03-03,166858.22226615727
2022-03-04,166858.22226615727
2022-03-05,166858.22226615727
2022-03-06,166858.22226615727
2022-03-07,166858.22226615727
2022-03-08,166858.22226615727
2022-03-09,166949.86241213523
2022-03-10,166949.86241213523
2022-03-11,166949.86241213523
2022-03-12,166949.86241213523
2022-03-13,166949.86241213523
2022-03-14,166949.86241213523
2022-03-15,166949.86241213523
2022-03-16,167185.966854525
2022-03-17,167185.966854525
2022-03-18,167185.966854525
2022-03-19,167185.966854525
2022-03-20,167185.966854525
2022-03-21,167185.966854525
2022-03-22,167185.966854525
2022-03-23,167185.966854525
2022-03-24,167185.966854525
2022-03-25,167185.966854525
2022-03-26,167185.966854525
2022-03-27,167185.966854525
2022-03-28,167185.966854525
2022-03-29,167185.966854525
2022-03-30,167185.966854525
2022-03-31,167185.966854525
2022-04-01,167185.966854525
2022-04-02,167185.966854525
2022-04-03,167185.966854525
2022-04-04,167480.6279957389
2022-04-05,167480.6279957389
2022-04-06,167480.6279957389
2022-04-07,167480.6279957389
2022-04-08,167480.6279957389
2022-04-09,167480.6279957389
2022-04-10,167480.6279957389
2022-04-11,167480.6279957389
2022-04-12,167480.6279957389
2022-04-13,167480.6279957389
2022-04-14,167480.6279957389
2022-04-15,167480.6279957389
2022-04-16,167480.6279957389
2022-04-17,167480.6279957389
2022-04-18,167480.6279957389
2022-04-19,167480.6279957389
2022-04-20,167480.6279957389
2022-04-21,167480.6279957389
2022-04-22,167480.6279957389
2022-04-23,167480.6279957389
2022-04-24,167480.6279957389
2022-04-25,167480.6279957389
2022-04-26,167480.6279957389
2022-04-27,167480.6279957389
2022-04-28,163758.0981648806
2022-04-29,163758.0981648806
2022-04-30,163758.0981648806
2022-05-01,163758.0981648806
2022-05-02,163758.0981648806
2022-05-03,163758.0981648806
2022-05-04,164233.5276208548
2022-05-05,164233.5276208548
2022-05-06,164233.5276208548
2022-05-07,164233.5276208548
2022-05-08,164233.5276208548
2022-05-09,164233.5276208548
2022-05-10,164233.5276208548
2022-05-11,164233.5276208548
2022-05-12,164233.5276208548
2022-05-13,164233.5276208548
2022-05-14,164233.5276208548
2022-05-15,164233.5276208548
2022-05-16,164233.5276208548
2022-05-17,164233.5276208548
2022-05-18,164233.5276208548
2022-05-19,164233.5276208548
2022-05-20,164233.5276208548
2022-05-21,164233.5276208548
2022-05-22,164233.5276208548
2022-05-23,164233.5276208548
2022-05-24,164233.5276208548
2022-05-25,164233.5276208548
2022-05-26,163618.58867279335
2022-05-27,163794.79135413084
2022-05-28,163794.79135413084
2022-05-29,164020.42455878563
2022-05-30,164020.42455878563
2022-05-31,164020.42455878563
2022-06-01,164020.42455878563
2022-06-02,164484.346999312
2022-06-03,164484.346999312
2022-06-04,164484.346999312
2022-06-05,164484.346999312
2022-06-06,164484.346999312
2022-06-07,164484.346999312
2022-06-08,164484.346999312
2022-06-09,164484.346999312
2022-06-10,164484.346999312
2022-06-11,164484.346999312
2022-06-12,164484.346999312
2022-06-13,164484.346999312
2022-06-14,164484.346999312
2022-06-15,164795.13859564095
2022-06-16,164795.13859564095
2022-06-17,164795.13859564095
2022-06-18,164795.13859564095
2022-06-19,164795.13859564095
2022-06-20,164795.13859564095
2022-06-21,164795.13859564095
2022-06-22,164795.13859564095
2022-06-23,164795.13859564095
2022-06-24,166787.33973344142
2022-06-25,166787.33973344142
2022-06-26,166787.33973344142
2022-06-27,166787.33973344142
2022-06-28,166787.33973344142
2022-06-29,166787.33973344142
2022-06-30,166787.33973344142
2022-07-01,166787.33973344142
2022-07-02,166787.33973344142
2022-07-03,166787.33973344142
2022-07-04,166787.33973344142
2022-07-05,166787.33973344142
2022-07-06,166787.33973344142
2022-07-07,166787.33973344142
2022-07-08,166787.33973344142
2022-07-09,166787.33973344142
2022-07-10,166787.33973344142
2022-07-11,166787.33973344142
2022-07-12,166787.33973344142
2022-07-13,166787.33973344142
2022-07-14,166787.33973344142
2022-07-15,166787.33973344142
2022-07-16,166787.33973344142
2022-07-17,166787.33973344142
2022-07-18,166787.33973344142
2022-07-19,169018.0780439223
2022-07-20,169018.0780439223
2022-07-21,169018.0780439223
2022-07-22,169018.0780439223
2022-07-23,169018.0780439223
2022-07-24,169018.0780439223
2022-07-25,169018.0780439223
2022-07-26,169018.0780439223
2022-07-27,169066.59859379742
2022-07-28,168747.9908970968
2022-07-29,168747.9908970968
2022-07-30,168747.9908970968
2022-07-31,168747.9908970968
2022-08-01,168747.9908970968
2022-08-02,168747.9908970968
2022-08-03,168985.33454371296
2022-08-04,168985.33454371296
2022-08-05,168985.33454371296
2022-08-06,168985.33454371296
2022-08-07,168985.33454371296
2022-08-08,168985.33454371296
2022-08-09,168985.33454371296
2022-08-10,170389.45091389824
2022-08-11,170389.45091389824
2022-08-12,170483.94157330308
2022-08-13,170483.94157330308
2022-08-14,170483.94157330308
2022-08-15,170483.94157330308
2022-08-16,170483.94157330308
2022-08-17,170483.94157330308
2022-08-18,170483.94157330308
2022-08-19,170483.94157330308
2022-08-20,170483.94157330308
2022-08-21,170483.94157330308
2022-08-22,170483.94157330308
2022-08-23,170483.94157330308
2022-08-24,170483.94157330308
2022-08-25,170483.94157330308
2022-08-26,170483.94157330308
2022-08-27,170483.94157330308
2022-08-28,170483.94157330308
2022-08-29,170483.94157330308
2022-08-30,170483.94157330308
2022-08-31,170483.94157330308
2022-09-01,170483.94157330308
2022-09-02,170483.94157330308
2022-09-03,170483.94157330308
2022-09-04,170483.94157330308
2022-09-05,170483.94157330308
2022-09-06,170483.94157330308
2022-09-07,170445.35837954655
2022-09-08,170445.35837954655
2022-09-09,170445.35837954655
2022-09-10,170445.35837954655
2022-09-11,170445.35837954655
2022-09-12,170445.35837954655
2022-09-13,170445.35837954655
2022-09-14,170445.35837954655
2022-09-15,170445.35837954655
2022-09-16,170445.35837954655
2022-09-17,170445.35837954655
2022-09-18,170445.35837954655
2022-09-19,170445.35837954655
2022-09-20,170445.35837954655
2022-09-21,170445.35837954655
2022-09-22,170445.35837954655
2022-09-23,170445.35837954655
2022-09-24,170445.35837954655
2022-09-25,170445.35837954655
2022-09-26,170445.35837954655
2022-09-27,170445.35837954655
2022-09-28,169809.7056418247
2022-09-29,169809.7056418247
2022-09-30,169809.7056418247
2022-10-01,169809.7056418247
2022-10-02,169809.7056418247
2022-10-03,171966.09085878945
2022-10-04,171509.28636648634
2022-10-05,171509.28636648634
2022-10-06,171509.28636648634
2022-10-07,171509.28636648634
2022-10-08,171509.28636648634
2022-10-09,171509.28636648634
2022-10-10,171509.28636648634
2022-10-11,171509.28636648634
2022-10-12,171509.28636648634
2022-10-13,171509.28636648634
2022-10-14,171509.28636648634
2022-10-15,171509.28636648634
2022-10-16,171509.28636648634
2022-10-17,173351.71718813764
2022-10-18,173351.71718813764
2022-10-19,173351.71718813764
2022-10-20,173351.71718813764
2022-10-21,173884.69099940034
2022-10-22,173884.69099940034
2022-10-23,173884.69099940034
2022-10-24,173884.69099940034
2022-10-25,173884.69099940034
2022-10-26,173884.69099940034
2022-10-27,173884.69099940034
2022-10-28,175983.97340456757
2022-10-29,175983.97340456757
2022-10-30,175983.97340456757
2022-10-31,175983.97340456757
2022-11-01,175983.97340456757
2022-11-02,175983.97340456757
2022-11-03,175983.97340456757
2022-11-04,175983.97340456757
2022-11-05,175983.97340456757
2022-11-06,175983.97340456757
2022-11-07,175983.97340456757
2022-11-08,175983.97340456757
2022-11-09,175983.97340456757
2022-11-10,175983.97340456757
2022-11-11,175983.97340456757
2022-11-12,175983.97340456757
2022-11-13,175983.97340456757
2022-11-14,175983.97340456757
2022-11-15,173624.62718144816
2022-11-16,173624.62718144816
2022-11-17,173624.62718144816
2022-11-18,173624.62718144816
2022-11-19,173624.62718144816
2022-11-20,173624.62718144816
2022-11-21,173624.62718144816
2022-11-22,173624.62718144816
2022-11-23,173624.62718144816
2022-11-24,173624.62718144816
2022-11-25,173624.62718144816
2022-11-26,173624.62718144816
2022-11-27,173624.62718144816
2022-11-28,173624.62718144816
2022-11-29,173624.62718144816
2022-11-30,175975.01627666125
2022-12-01,175975.01627666125
2022-12-02,175975.01627666125
2022-12-03,175975.01627666125
2022-12-04,175975.01627666125
2022-12-05,175975.01627666125
2022-12-06,175975.01627666125
2022-12-07,175975.01627666125
2022-12-08,175975.01627666125
2022-12-09,175975.01627666125
2022-12-10,175975.01627666125
2022-12-11,175975.01627666125
2022-12-12,176419.73079022515
2022-12-13,172304.4978128628
2022-12-14,172304.4978128628
2022-12-15,172304.4978128628
2022-12-16,172304.4978128628
2022-12-17,172304.4978128628
2022-12-18,172304.4978128628
2022-12-19,172304.4978128628
2022-12-20,172304.4978128628
2022-12-21,172304.4978128628
2022-12-22,172304.4978128628
2022-12-23,172304.4978128628
2022-12-24,172304.4978128628
2022-12-25,172304.4978128628
2022-12-26,172304.4978128628
2022-12-27,172304.4978128628
2022-12-28,172304.4978128628
2022-12-29,171212.27561994013
2022-12-30,171212.27561994013
2022-12-31,171212.27561994013
2023-01-01,171212.27561994013
2023-01-02,171212.27561994013
2023-01-03,171212.27561994013
2023-01-04,171212.27561994013
2023-01-05,171212.27561994013
2023-01-06,171734.4347998044
2023-01-07,171734.4347998044
2023-01-08,171734.4347998044
2023-01-09,168771.20696469746
2023-01-10,168771.20696469746
2023-01-11,168771.20696469746
2023-01-12,168771.20696469746
2023-01-13,168771.20696469746
2023-01-14,168771.20696469746
2023-01-15,168771.20696469746
2023-01-16,168771.20696469746
2023-01-17,168771.20696469746
2023-01-18,168771.20696469746
2023-01-19,168771.20696469746
2023-01-20,169793.92793791718
2023-01-21,169793.92793791718
2023-01-22,169793.92793791718
2023-01-23,170025.6095837799
2023-01-24,170025.6095837799
2023-01-25,170025.6095837799
2023-01-26,170025.6095837799
2023-01-27,169518.8802986069
2023-01-28,169518.8802986069
2023-01-29,169518.8802986069
2023-01-30,169518.8802986069
2023-01-31,169518.8802986069
2023-02-01,169518.8802986069
2023-02-02,166863.7353305681
2023-02-03,166863.7353305681
2023-02-04,166863.7353305681
2023-02-05,166863.7353305681
2023-02-06,166863.7353305681
2023-02-07,166632.5563862201
2023-02-08,166632.5563862201
2023-02-09,166632.5563862201
2023-02-10,166632.5563862201
2023-02-11,166632.5563862201
2023-02-12,166632.5563862201
2023-02-13,166897.66826292663
2023-02-14,166897.66826292663
2023-02-15,166897.66826292663
2023-02-16,166897.66826292663
2023-02-17,166897.66826292663
2023-02-18,166897.66826292663
2023-02-19,166897.66826292663
2023-02-20,166897.66826292663
2023-02-21,166897.66826292663
2023-02-22,166897.66826292663
2023-02-23,166897.66826292663
2023-02-24,166897.66826292663
2023-02-25,166897.66826292663
2023-02-26,166897.66826292663
2023-02-27,166897.66826292663
2023-02-28,166897.66826292663
2023-03-01,166897.66826292663
2023-03-02,166897.66826292663
2023-03-03,169149.57477294153
2023-03-04,169149.57477294153
2023-03-05,169149.57477294153
2023-03-06,169149.57477294153
2023-03-07,169149.57477294153
2023-03-08,169149.57477294153
2023-03-09,169149.57477294153
2023-03-10,169149.57477294153
2023-03-11,169149.57477294153
2023-03-12,169149.57477294153
2023-03-13,169149.57477294153
2023-03-14,169149.57477294153
2023-03-15,169149.57477294153
2023-03-16,169880.2045332355
2023-03-17,169880.2045332355
2023-03-18,169880.2045332355
2023-03-19,169880.2045332355
2023-03-20,169880.2045332355
2023-03-21,169880.2045332355
2023-03-22,169880.2045332355
2023-03-23,168035.540122421
2023-03-24,168035.540122421
2023-03-25,168035.540122421
2023-03-26,168035.540122421
2023-03-27,168035.540122421
2023-03-28,168035.540122421
2023-03-29,168035.540122421
2023-03-30,168035.540122421
2023-03-31,168035.540122421
2023-04-01,168035.540122421
2023-04-02,168035.540122421
2023-04-03,168035.540122421
2023-04-04,168035.540122421
2023-04-05,168035.540122421
2023-04-06,168035.540122421
2023-04-07,168035.540122421
2023-04-08,168035.540122421
2023-04-09,168035.540122421
2023-04-10,168035.540122421
2023-04-11,168035.540122421
2023-04-12,168035.540122421
2023-04-13,169994.43049315506
2023-04-14,169994.43049315506
2023-04-15,169994.43049315506
2023-04-16,169994.43049315506
2023-04-17,169994.43049315506
2023-04-18,169994.43049315506
2023-04-19,169994.43049315506
2023-04-20,169994.43049315506
2023-04-21,169994.43049315506
2023-04-22,169994.43049315506
2023-04-23,169994.43049315506
2023-04-24,169994.43049315506
2023-04-25,169994.43049315506
2023-04-26,169994.43049315506
2023-04-27,172823.83922741862
2023-04-28,172823.83922741862
2023-04-29,172823.83922741862
2023-04-30,172339.06612660873
2023-05-01,172339.06612660873
2023-05-02,172339.06612660873
2023-05-03,172339.06612660873
2023-05-04,172339.06612660873
2023-05-05,174282.36965392018
2023-05-06,174282.36965392018
2023-05-07,174282.36965392018
2023-05-08,174282.36965392018
2023-05-09,174282.36965392018
2023-05-10,174282.36965392018
2023-05-11,174282.36965392018
2023-05-12,174282.36965392018
2023-05-13,174282.36965392018
2023-05-14,174282.36965392018
2023-05-15,174282.36965392018
2023-05-16,174282.36965392018
2023-05-17,174369.22902390925
2023-05-18,176949.0437335474
2023-05-19,176949.0437335474
2023-05-20,176949.0437335474
2023-05-21,176949.0437335474
2023-05-22,176949.0437335474
2023-05-23,176949.0437335474
2023-05-24,176949.0437335474
2023-05-25,176354.93503269902
2023-05-26,177205.88622897718
2023-05-27,177205.88622897718
2023-05-28,177205.88622897718
2023-05-29,177205.88622897718
2023-05-30,174760.76757828565
2023-05-31,174760.76757828565
2023-06-01,174306.69652025274
2023-06-02,175616.62173456693
2023-06-03,175616.62173456693
2023-06-04,175616.62173456693
2023-06-05,175616.62173456693
2023-06-06,175616.62173456693
2023-06-07,175616.62173456693
2023-06-08,175682.2147501965
2023-06-09,175682.2147501965
2023-06-10,175682.2147501965
2023-06-11,175682.2147501965
2023-06-12,176369.27326099033
2023-06-13,176369.27326099033
2023-06-14,176369.27326099033
2023-06-15,176234.68543548865
2023-06-16,176234.68543548865
2023-06-17,176234.68543548865
2023-06-18,176234.68543548865
2023-06-19,176234.68543548865
2023-06-20,176234.68543548865
2023-06-21,176234.68543548865
2023-06-22,176151.7387714648
2023-06-23,176151.7387714648
2023-06-24,176151.7387714648
2023-06-25,176151.7387714648
2023-06-26,176151.7387714648
2023-06-27,175197.4253634422
2023-06-28,175197.4253634422
2023-06-29,175197.4253634422
2023-06-30,175928.87736077953
2023-07-01,175928.87736077953
2023-07-02,175928.87736077953
2023-07-03,175928.87736077953
2023-07-04,175928.87736077953
2023-07-05,175928.87736077953
2023-07-06,175928.87736077953
2023-07-07,175928.87736077953
2023-07-08,175928.87736077953
2023-07-09,175928.87736077953
2023-07-10,175928.87736077953
2023-07-11,175928.87736077953
2023-07-12,177714.0144889453
2023-07-13,178431.7687846387
2023-07-14,178431.7687846387
2023-07-15,178431.7687846387
2023-07-16,178431.7687846387
2023-07-17,176291.1055651775
2023-07-18,175754.78862893273
2023-07-19,175754.78862893273
2023-07-20,175754.78862893273
2023-07-21,175754.78862893273
2023-07-22,175754.78862893273
2023-07-23,175754.78862893273
2023-07-24,175754.78862893273
2023-07-25,175754.78862893273
2023-07-26,175754.78862893273
2023-07-27,159902.2046705957
2023-07-28,161268.67252932227
2023-07-29,161268.67252932227
2023-07-30,161268.67252932227
2023-07-31,161268.67252932227
2023-08-01,161268.67252932227
2023-08-02,161268.67252932227
2023-08-03,161268.67252932227
2023-08-04,161268.67252932227
2023-08-05,161268.67252932227
2023-08-06,161268.67252932227
2023-08-07,161268.67252932227
2023-08-08,161268.67252932227
2023-08-09,161268.67252932227
2023-08-10,156993.86326600792
2023-08-11,156993.86326600792
2023-08-12,156993.86326600792
2023-08-13,156993.86326600792
2023-08-14,156993.86326600792
2023-08-15,156993.86326600792
2023-08-16,156993.86326600792
2023-08-17,156993.86326600792
2023-08-18,156993.86326600792
2023-08-19,156993.86326600792
2023-08-20,156993.86326600792
2023-08-21,156667.00190378004
2023-08-22,156667.00190378004
2023-08-23,160559.25041249074
2023-08-24,160559.25041249074
2023-08-25,160559.25041249074
2023-08-26,160559.25041249074
2023-08-27,160559.25041249074
2023-08-28,160559.25041249074
2023-08-29,163087.73357728418
2023-08-30,163087.73357728418
2023-08-31,163087.73357728418
2023-09-01,163087.73357728418
2023-09-02,163087.73357728418
2023-09-03,163087.73357728418
2023-09-04,163087.73357728418
2023-09-05,163087.73357728418
2023-09-06,163087.73357728418
2023-09-07,163087.73357728418
2023-09-08,163087.73357728418
2023-09-09,163087.73357728418
2023-09-10,163087.73357728418
2023-09-11,163087.73357728418
2023-09-12,163087.73357728418
2023-09-13,163087.73357728418
2023-09-14,163087.73357728418
2023-09-15,163087.73357728418
2023-09-16,163087.73357728418
2023-09-17,163087.73357728418
2023-09-18,163087.73357728418
2023-09-19,163087.73357728418
2023-09-20,163087.73357728418
2023-09-21,163087.73357728418
2023-09-22,163087.73357728418
2023-09-23,163087.73357728418
2023-09-24,163087.73357728418
2023-09-25,163087.73357728418
2023-09-26,163087.73357728418
2023-09-27,163087.73357728418
2023-09-28,163087.73357728418
2023-09-29,163087.73357728418
2023-09-30,163087.73357728418
2023-10-01,163087.73357728418
2023-10-02,163087.73357728418
2023-10-03,163087.73357728418
2023-10-04,163098.1237729298
2023-10-05,163098.1237729298
2023-10-06,163842.82361572966
2023-10-07,163842.82361572966
2023-10-08,163842.82361572966
2023-10-09,163842.82361572966
2023-10-10,163842.82361572966
2023-10-11,163842.82361572966
2023-10-12,163842.82361572966
2023-10-13,163842.82361572966
2023-10-14,163842.82361572966
2023-10-15,163842.82361572966
2023-10-16,163842.82361572966
2023-10-17,163842.82361572966
2023-10-18,163842.82361572966
2023-10-19,163842.82361572966
2023-10-20,163842.82361572966
2023-10-21,163842.82361572966
2023-10-22,163842.82361572966
2023-10-23,163842.82361572966
2023-10-24,163842.82361572966
2023-10-25,163842.82361572966
2023-10-26,163842.82361572966
2023-10-27,163842.82361572966
2023-10-28,163842.82361572966
2023-10-29,163842.82361572966
2023-10-30,163842.82361572966
2023-10-31,163842.82361572966
2023-11-01,165271.8879685268
2023-11-02,165697.72096687966
2023-11-03,165431.60334766598
2023-11-04,165431.60334766598
2023-11-05,165431.60334766598
2023-11-06,165431.60334766598
2023-11-07,165431.60334766598
2023-11-08,165431.60334766598
2023-11-09,165431.60334766598
2023-11-10,169063.63889513095
2023-11-11,169063.63889513095
2023-11-12,169063.63889513095
2023-11-13,169063.63889513095
2023-11-14,169063.63889513095
2023-11-15,169063.63889513095
2023-11-16,169063.63889513095
2023-11-17,169063.63889513095
2023-11-18,169063.63889513095
2023-11-19,169063.63889513095
2023-11-20,169021.03208826386
2023-11-21,169021.03208826386
2023-11-22,167676.72083527397
2023-11-23,167676.72083527397
2023-11-24,167676.72083527397
2023-11-25,167676.72083527397
2023-11-26,167676.72083527397
2023-11-27,167676.72083527397
2023-11-28,167676.72083527397
2023-11-29,167676.72083527397
2023-11-30,167676.72083527397
2023-12-01,167472.15164502745
2023-12-02,167472.15164502745
2023-12-03,167472.15164502745
2023-12-04,167472.15164502745
2023-12-05,167472.15164502745
2023-12-06,167472.15164502745
2023-12-07,167403.59922698903
2023-12-08,167403.59922698903
2023-12-09,167403.59922698903
2023-12-10,167403.59922698903
2023-12-11,167403.59922698903
2023-12-12,167403.59922698903
2023-12-13,169391.5768548419
2023-12-14,169391.5768548419
2023-12-15,169391.5768548419
2023-12-16,169391.5768548419
2023-12-17,169391.5768548419
2023-12-18,169391.5768548419
2023-12-19,169391.5768548419
2023-12-20,169391.5768548419
2023-12-21,169391.5768548419
2023-12-22,169391.5768548419
2023-12-23,169391.5768548419
2023-12-24,169391.5768548419
2023-12-25,169391.5768548419
2023-12-26,169391.5768548419
2023-12-27,169391.5768548419
2023-12-28,169391.5768548419
2023-12-29,169391.5768548419
2023-12-30,169391.5768548419
2023-12-31,169391.5768548419
2024-01-01,169391.5768548419
2024-01-02,169391.5768548419
2024-01-03,169391.5768548419
2024-01-04,169391.5768548419
2024-01-05,169391.5768548419
2024-01-06,169391.5768548419
2024-01-07,169391.5768548419
2024-01-08,171211.0188138979
2024-01-09,171211.0188138979
2024-01-10,171211.0188138979
2024-01-11,171211.0188138979
2024-01-12,171211.0188138979
2024-01-13,171211.0188138979
2024-01-14,171211.0188138979
2024-01-15,171211.0188138979
2024-01-16,171211.0188138979
2024-01-17,171211.0188138979
2024-01-18,174555.28605302388
2024-01-19,174555.28605302388
2024-01-20,174555.28605302388
2024-01-21,174555.28605302388
2024-01-22,174555.28605302388
2024-01-23,174555.28605302388
2024-01-24,172109.25844168407
2024-01-25,172109.25844168407
2024-01-26,172109.25844168407
2024-01-27,172109.25844168407
2024-01-28,172109.25844168407
2024-01-29,173790.75454594044
2024-01-30,173790.75454594044
2024-01-31,173790.75454594044
2024-02-01,173863.83220436022
2024-02-02,173101.32041897543
2024-02-03,173101.32041897543
2024-02-04,173101.32041897543
2024-02-05,173101.32041897543
2024-02-06,173101.32041897543
2024-02-07,172849.46326686008
2024-02-08,172849.46326686008
2024-02-09,172051.79164784058
2024-02-10,172051.79164784058
2024-02-11,172051.79164784058
2024-02-12,172051.79164784058
2024-02-13,172051.79164784058
2024-02-14,172051.79164784058
2024-02-15,172051.79164784058
2024-02-16,172051.79164784058
2024-02-17,172051.79164784058
2024-02-18,172051.79164784058
2024-02-19,172051.79164784058
2024-02-20,172051.79164784058
2024-02-21,172051.79164784058
2024-02-22,179078.6842041625
2024-02-23,179078.6842041625
2024-02-24,179078.6842041625
2024-02-25,179078.6842041625
2024-02-26,179078.6842041625
2024-02-27,179078.6842041625
2024-02-28,179078.6842041625
2024-02-29,179334.743136927
2024-03-01,180731.64185857098
2024-03-02,180731.64185857098
2024-03-03,180731.64185857098
2024-03-04,180731.64185857098
2024-03-05,180731.64185857098
2024-03-06,177823.46910261092
2024-03-07,179057.3269008461
2024-03-08,179057.3269008461
2024-03-09,179057.3269008461
2024-03-10,179057.3269008461
2024-03-11,179057.3269008461
2024-03-12,179057.3269008461
2024-03-13,179057.3269008461
2024-03-14,179057.3269008461
2024-03-15,179057.3269008461
2024-03-16,179057.3269008461
2024-03-17,179057.3269008461
2024-03-18,174394.44177168002
2024-03-19,174394.44177168002
2024-03-20,177024.37714661716
2024-03-21,177024.37714661716
2024-03-22,177024.37714661716
2024-03-23,177024.37714661716
2024-03-24,177024.37714661716
2024-03-25,177024.37714661716
2024-03-26,177024.37714661716
2024-03-27,177024.37714661716
2024-03-28,177024.37714661716
2024-03-29,177024.37714661716
2024-03-30,177024.37714661716
2024-03-31,177024.37714661716
2024-04-01,177024.37714661716
2024-04-02,177024.37714661716
2024-04-03,177024.37714661716
2024-04-04,177024.37714661716
2024-04-05,177123.98076346965
2024-04-06,177123.98076346965
2024-04-07,177123.98076346965
2024-04-08,177123.98076346965
2024-04-09,177123.98076346965
2024-04-10,177123.98076346965
2024-04-11,177876.5352314213
2024-04-12,177876.5352314213
2024-04-13,177876.5352314213
2024-04-14,177876.5352314213
2024-04-15,177876.5352314213
2024-04-16,177876.5352314213
2024-04-17,177876.5352314213
2024-04-18,177876.5352314213
2024-04-19,177876.5352314213
2024-04-20,177876.5352314213
2024-04-21,177876.5352314213
2024-04-22,177876.5352314213
2024-04-23,180203.6010385429
2024-04-24,180203.6010385429
2024-04-25,180022.34508199955
2024-04-26,180022.34508199955
2024-04-27,180022.34508199955
2024-04-28,180022.34508199955
2024-04-29,180022.34508199955
2024-04-30,180022.34508199955
2024-05-01,176885.07818066317
2024-05-02,176885.07818066317
2024-05-03,176885.07818066317
2024-05-04,176885.07818066317
2024-05-05,176885.07818066317
2024-05-06,176885.07818066317
2024-05-07,176885.07818066317
2024-05-08,176885.07818066317
2024-05-09,176885.07818066317
2024-05-10,176885.07818066317
2024-05-11,176885.07818066317
2024-05-12,176885.07818066317
2024-05-13,176885.07818066317
2024-05-14,176885.07818066317
2024-05-15,179799.39287889295
2024-05-16,179799.39287889295
2024-05-17,179799.39287889295
2024-05-18,179799.39287889295
2024-05-19,179799.39287889295
2024-05-20,179799.39287889295
2024-05-21,179799.39287889295
2024-05-22,179799.39287889295
2024-05-23,179799.39287889295
2024-05-24,179124.0903048687
2024-05-25,179124.0903048687
2024-05-26,179124.0903048687
2024-05-27,179124.0903048687
2024-05-28,179124.0903048687
2024-05-29,179124.0903048687
2024-05-30,179124.0903048687
2024-05-31,179138.25603450404
2024-06-01,179138.25603450404
2024-06-02,179138.25603450404
2024-06-03,179138.25603450404
2024-06-04,179138.25603450404
2024-06-05,182143.36108458153
2024-06-06,182143.36108458153
2024-06-07,182143.36108458153
2024-06-08,182143.36108458153
2024-06-09,182143.36108458153
2024-06-10,182143.36108458153
2024-06-11,182143.36108458153
2024-06-12,185187.3164657936
2024-06-13,185187.3164657936
2024-06-14,185187.3164657936
2024-06-15,185187.3164657936
2024-06-16,185187.3164657936
2024-06-17,185649.5870821371
2024-06-18,185649.5870821371
2024-06-19,185649.5870821371
2024-06-20,185649.5870821371
2024-06-21,185649.5870821371
2024-06-22,185649.5870821371
2024-06-23,185649.5870821371
2024-06-24,185649.5870821371
2024-06-25,185649.5870821371
2024-06-26,185649.5870821371
2024-06-27,185649.5870821371
2024-06-28,185649.5870821371
2024-06-29,185649.5870821371
2024-06-30,185649.5870821371
2024-07-01,185649.5870821371
2024-07-02,185284.880481939
2024-07-03,185284.880481939
2024-07-04,185284.880481939
2024-07-05,185492.02660326945
2024-07-06,185492.02660326945
2024-07-07,185492.02660326945
2024-07-08,185492.02660326945
2024-07-09,185492.02660326945
2024-07-10,187349.8523232432
2024-07-11,187349.8523232432
2024-07-12,185266.5077065609
2024-07-13,185266.5077065609
2024-07-14,185266.5077065609
2024-07-15,181904.6811396757
2024-07-16,181904.6811396757
2024-07-17,181904.6811396757
2024-07-18,181904.6811396757
2024-07-19,181904.6811396757
2024-07-20,181904.6811396757
2024-07-21,181904.6811396757
2024-07-22,181904.6811396757
2024-07-23,181904.6811396757
2024-07-24,181904.6811396757
2024-07-25,181904.6811396757
2024-07-26,181546.9298270112
2024-07-27,181546.9298270112
2024-07-28,181546.9298270112
2024-07-29,181546.9298270112
2024-07-30,181546.9298270112
2024-07-31,190724.23947769156
2024-08-01,190724.23947769156
2024-08-02,190724.23947769156
2024-08-03,190724.23947769156
2024-08-04,190724.23947769156
2024-08-05,190724.23947769156
2024-08-06,190724.23947769156
2024-08-07,190724.23947769156
2024-08-08,192510.3797759802
2024-08-09,192510.3797759802
2024-08-10,192510.3797759802
2024-08-11,192510.3797759802
2024-08-12,192510.3797759802
2024-08-13,193074.72765283438
2024-08-14,193074.72765283438
2024-08-15,195296.00189319742
2024-08-16,195296.00189319742
2024-08-17,195296.00189319742
2024-08-18,195296.00189319742
2024-08-19,195296.00189319742
2024-08-20,195296.00189319742
2024-08-21,195296.00189319742
2024-08-22,195296.00189319742
2024-08-23,195296.00189319742
2024-08-24,195296.00189319742
2024-08-25,195296.00189319742
2024-08-26,195296.00189319742
2024-08-27,195296.00189319742
2024-08-28,195296.00189319742
2024-08-29,192706.42883342155
2024-08-30,192706.42883342155
2024-08-31,192706.42883342155
2024-09-01,192706.42883342155
2024-09-02,192706.42883342155
2024-09-03,192706.42883342155
2024-09-04,192706.42883342155
2024-09-05,192706.42883342155
2024-09-06,192706.42883342155
2024-09-07,192706.42883342155
2024-09-08,192706.42883342155
2024-09-09,192808.34100594273
2024-09-10,192808.34100594273
2024-09-11,193484.78353709477
2024-09-12,193484.78353709477
2024-09-13,193484.78353709477
2024-09-14,193484.78353709477
2024-09-15,193484.78353709477
2024-09-16,193484.78353709477
2024-09-17,193484.78353709477
2024-09-18,193484.78353709477
2024-09-19,192373.61940389575
2024-09-20,192373.61940389575
2024-09-21,192373.61940389575
2024-09-22,192373.61940389575
2024-09-23,192373.61940389575
2024-09-24,192373.61940389575
2024-09-25,192373.61940389575
2024-09-26,192373.61940389575
2024-09-27,192373.61940389575
2024-09-28,192373.61940389575
2024-09-29,192373.61940389575
2024-09-30,192373.61940389575
2024-10-01,192373.61940389575
2024-10-02,192373.61940389575
2024-10-03,192373.61940389575
2024-10-04,192373.61940389575
2024-10-05,192373.61940389575
2024-10-06,192373.61940389575
2024-10-07,192373.61940389575
2024-10-08,192601.52763603325
2024-10-09,192601.52763603325
2024-10-10,192601.52763603325
2024-10-11,192601.52763603325
2024-10-12,192601.52763603325
2024-10-13,192601.52763603325
2024-10-14,193504.2793889593
2024-10-15,193504.2793889593
2024-10-16,193504.2793889593
2024-10-17,190022.73585357683
2024-10-18,190022.73585357683
2024-10-19,190022.73585357683
2024-10-20,190022.73585357683
2024-10-21,190022.73585357683
2024-10-22,190022.73585357683
2024-10-23,190022.73585357683
2024-10-24,190022.73585357683
2024-10-25,187171.428873528
2024-10-26,187171.428873528
2024-10-27,187171.428873528
2024-10-28,187171.428873528
2024-10-29,187411.96145071567
2024-10-30,187411.96145071567
2024-10-31,187411.96145071567
2024-11-01,185203.45319883048
2024-11-02,185203.45319883048
2024-11-03,185203.45319883048
2024-11-04,185203.45319883048
2024-11-05,186241.47234630224
2024-11-06,193354.43784658762
2024-11-07,193864.6247008649
2024-11-08,193864.6247008649
2024-11-09,193864.6247008649
2024-11-10,193864.6247008649
2024-11-11,193864.6247008649
2024-11-12,193864.6247008649
2024-11-13,193864.6247008649
2024-11-14,193864.6247008649
2024-11-15,193864.6247008649
2024-11-16,193864.6247008649
2024-11-17,193864.6247008649
2024-11-18,193864.6247008649
2024-11-19,193864.6247008649
2024-11-20,193864.6247008649
2024-11-21,193864.6247008649
2024-11-22,193864.6247008649
2024-11-23,193864.6247008649
2024-11-24,193864.6247008649
2024-11-25,193864.6247008649
2024-11-26,193864.6247008649
2024-11-27,193864.6247008649
2024-11-28,193864.6247008649
2024-11-29,193864.6247008649
2024-11-30,193864.6247008649
2024-12-01,193864.6247008649
2024-12-02,193658.4597755898
2024-12-03,193658.4597755898
2024-12-04,193658.4597755898
2024-12-05,193658.4597755898
2024-12-06,193658.4597755898
2024-12-07,193658.4597755898
2024-12-08,193658.4597755898
2024-12-09,193658.4597755898
2024-12-10,193658.4597755898
2024-12-11,194156.29073993128
2024-12-12,194156.29073993128
2024-12-13,194156.29073993128
2024-12-14,194156.29073993128
2024-12-15,194156.29073993128
2024-12-16,195908.07842357561
2024-12-17,195908.07842357561
2024-12-18,195908.07842357561
2024-12-19,193379.5375984089
2024-12-20,193379.5375984089
2024-12-21,193379.5375984089
2024-12-22,193379.5375984089
2024-12-23,193379.5375984089
2024-12-24,193332.9585167885
2024-12-25,193370.62387693673
2024-12-26,193370.62387693673
2024-12-27,193370.62387693673
2024-12-28,193370.62387693673
2024-12-29,193370.62387693673
2024-12-30,193370.62387693673
2024-12-31,193370.62387693673
2025-01-01,193370.62387693673
2025-01-02,193370.62387693673
2025-01-03,193909.09255959245
2025-01-04,193909.09255959245
2025-01-05,193909.09255959245
2025-01-06,192326.40272251485
2025-01-07,192326.40272251485
2025-01-08,192326.40272251485
2025-01-09,192326.40272251485
2025-01-10,192326.40272251485
2025-01-11,192326.40272251485
2025-01-12,192326.40272251485
2025-01-13,192326.40272251485
2025-01-14,192326.40272251485
2025-01-15,193494.94445486937
2025-01-16,193494.94445486937
2025-01-17,192337.97615382465
2025-01-18,192337.97615382465
2025-01-19,192337.97615382465
2025-01-20,192337.97615382465
2025-01-21,192337.97615382465
2025-01-22,192337.97615382465
2025-01-23,192337.97615382465
2025-01-24,192337.97615382465
2025-01-25,192337.97615382465
2025-01-26,192337.97615382465
2025-01-27,192337.97615382465
2025-01-28,192337.97615382465
2025-01-29,192337.97615382465
2025-01-30,192337.97615382465
2025-01-31,192337.97615382465
2025-02-01,192337.97615382465
2025-02-02,192337.97615382465
2025-02-03,193327.39057151508
2025-02-04,193327.39057151508
2025-02-05,193327.39057151508
2025-02-06,193327.39057151508
2025-02-07,193327.39057151508
2025-02-08,193327.39057151508
2025-02-09,193327.39057151508
2025-02-10,193327.39057151508
2025-02-11,193327.39057151508
2025-02-12,193327.39057151508
2025-02-13,193327.39057151508
2025-02-14,193327.39057151508
2025-02-15,193327.39057151508
2025-02-16,193327.39057151508
2025-02-17,193327.39057151508
2025-02-18,193327.39057151508
2025-02-19,193327.39057151508
2025-02-20,193327.39057151508
2025-02-21,193327.39057151508
2025-02-22,193327.39057151508
2025-02-23,193327.39057151508
2025-02-24,193327.39057151508
2025-02-25,193327.39057151508
2025-02-26,193327.39057151508
2025-02-27,193327.39057151508
2025-02-28,193327.39057151508
2025-03-01,193327.39057151508
2025-03-02,193327.39057151508
2025-03-03,193327.39057151508
2025-03-04,193327.39057151508
2025-03-05,193327.39057151508
2025-03-06,193327.39057151508
2025-03-07,193327.39057151508
2025-03-08,193327.39057151508
2025-03-09,193327.39057151508
2025-03-10,193327.39057151508
2025-03-11,193327.39057151508
2025-03-12,193327.39057151508
2025-03-13,193327.39057151508
2025-03-14,193327.39057151508
2025-03-15,193327.39057151508
2025-03-16,193327.39057151508
2025-03-17,192431.38001712863
2025-03-18,192431.38001712863
2025-03-19,192016.68552208156
2025-03-20,192016.68552208156
2025-03-21,192016.68552208156
2025-03-22,192016.68552208156
2025-03-23,192016.68552208156
2025-03-24,192016.68552208156
2025-03-25,192016.68552208156
2025-03-26,192016.68552208156
2025-03-27,192016.68552208156
2025-03-28,192016.68552208156
2025-03-29,192016.68552208156
2025-03-30,192016.68552208156
2025-03-31,192016.68552208156
2025-04-01,192016.68552208156
2025-04-02,192016.68552208156
2025-04-03,192016.68552208156
2025-04-04,192016.68552208156
2025-04-05,192016.68552208156
2025-04-06,192016.68552208156
2025-04-07,192991.09199884528
2025-04-08,186088.753035208
2025-04-09,187547.5995047657
2025-04-10,187547.5995047657
2025-04-11,187547.5995047657
2025-04-12,187547.5995047657
2025-04-13,187547.5995047657
2025-04-14,187547.5995047657
2025-04-15,187547.5995047657
2025-04-16,187547.5995047657
2025-04-17,187547.5995047657
2025-04-18,187547.5995047657
2025-04-19,187547.5995047657
2025-04-20,187547.5995047657
2025-04-21,187547.5995047657
2025-04-22,187932.97577054938
2025-04-23,187932.97577054938
2025-04-24,187932.97577054938
2025-04-25,187932.97577054938
2025-04-26,187932.97577054938
2025-04-27,187932.97577054938
2025-04-28,187932.97577054938
2025-04-29,187932.97577054938
2025-04-30,187932.97577054938
2025-05-01,187932.97577054938
2025-05-02,187932.97577054938
2025-05-03,187932.97577054938
2025-05-04,187932.97577054938
2025-05-05,187932.97577054938
2025-05-06,187932.97577054938
2025-05-07,187932.97577054938
2025-05-08,187932.97577054938
2025-05-09,187932.97577054938
2025-05-10,187932.97577054938
2025-05-11,187932.97577054938
2025-05-12,187592.3318377741
2025-05-13,187592.3318377741
2025-05-14,187592.3318377741
2025-05-15,187592.3318377741
2025-05-16,187592.3318377741
2025-05-17,187592.3318377741
2025-05-18,187592.3318377741
2025-05-19,187592.3318377741
2025-05-20,187592.3318377741
2025-05-21,187592.3318377741
2025-05-22,187592.3318377741
2025-05-23,187592.3318377741
2025-05-24,187592.3318377741
2025-05-25,187592.3318377741
2025-05-26,187592.3318377741
2025-05-27,187592.3318377741
2025-05-28,187592.3318377741
2025-05-29,187592.3318377741
2025-05-30,187592.3318377741
2025-05-31,187592.3318377741
2025-06-01,187592.3318377741
2025-06-02,187592.3318377741
2025-06-03,187592.3318377741
2025-06-04,187592.3318377741
2025-06-05,187592.3318377741
2025-06-06,187592.3318377741
2025-06-07,187592.3318377741
2025-06-08,187592.3318377741
2025-06-09,187592.3318377741
2025-06-10,187592.3318377741
2025-06-11,187592.3318377741
2025-06-12,187592.3318377741
2025-06-13,187592.3318377741
2025-06-14,187592.3318377741
2025-06-15,187592.3318377741
2025-06-16,187592.3318377741
2025-06-17,187592.3318377741
2025-06-18,187592.3318377741
2025-06-19,187592.3318377741
2025-06-20,187592.3318377741
2025-06-21,187592.3318377741
2025-06-22,187592.3318377741
2025-06-23,187592.3318377741
2025-06-24,187592.3318377741
2025-06-25,187592.3318377741
2025-06-26,187592.3318377741
2025-06-27,187592.3318377741
2025-06-28,187592.3318377741
2025-06-29,187592.3318377741
2025-06-30,187592.3318377741
2025-07-01,187592.3318377741
2025-07-02,187592.3318377741
2025-07-03,187592.3318377741
2025-07-04,187592.3318377741
2025-07-05,187592.3318377741
2025-07-06,187592.3318377741
2025-07-07,187592.3318377741
2025-07-08,187592.3318377741
2025-07-09,187592.3318377741
2025-07-10,187592.3318377741
2025-07-11,187592.3318377741
2025-07-12,187592.3318377741
2025-07-13,187592.3318377741
2025-07-14,187592.3318377741
2025-07-15,187592.3318377741
2025-07-16,187592.3318377741
2025-07-17,188795.04882931456
2025-07-18,188795.04882931456
2025-07-19,188795.04882931456
2025-07-20,188795.04882931456
2025-07-21,188795.04882931456
2025-07-22,188795.04882931456
2025-07-23,188795.04882931456
2025-07-24,188795.04882931456
2025-07-25,188795.04882931456
2025-07-26,188795.04882931456
2025-07-27,188795.04882931456
2025-07-28,188795.04882931456
2025-07-29,188795.04882931456
2025-07-30,188795.04882931456
2025-07-31,188795.04882931456
2025-08-01,188795.04882931456
2025-08-02,188795.04882931456
2025-08-03,188795.04882931456
2025-08-04,188795.04882931456
2025-08-05,188795.04882931456
2025-08-06,189286.9378659255
2025-08-07,189286.9378659255
2025-08-08,189286.9378659255
2025-08-09,189286.9378659255
2025-08-10,189286.9378659255
2025-08-11,189286.9378659255
2025-08-12,191035.29464839143
2025-08-13,191035.29464839143
2025-08-14,191035.29464839143
2025-08-15,191035.29464839143
2025-08-16,191035.29464839143
2025-08-17,191035.29464839143
2025-08-18,191035.29464839143
2025-08-19,191035.29464839143
2025-08-20,191035.29464839143
2025-08-21,191035.29464839143
2025-08-22,191244.50770410994
2025-08-23,191244.50770410994
2025-08-24,191244.50770410994
2025-08-25,191244.50770410994
2025-08-26,191244.50770410994
2025-08-27,191244.50770410994
2025-08-28,191205.93372084905
2025-08-29,191205.93372084905
2025-08-30,191205.93372084905
2025-08-31,191205.93372084905
2025-09-01,191205.93372084905
2025-09-02,191205.93372084905
2025-09-03,191205.93372084905
2025-09-04,191676.84703150307
2025-09-05,191676.84703150307
2025-09-06,191676.84703150307
2025-09-07,191676.84703150307
2025-09-08,191676.84703150307
2025-09-09,191676.84703150307
2025-09-10,191676.84703150307
2025-09-11,191737.8090393726
2025-09-12,191737.8090393726
2025-09-13,191737.8090393726
2025-09-14,191737.8090393726
2025-09-15,191737.8090393726
2025-09-16,191737.8090393726
2025-09-17,191737.8090393726
2025-09-18,191287.6907936319
2025-09-19,191287.6907936319
2025-09-20,191287.6907936319
2025-09-21,191287.6907936319
2025-09-22,191287.6907936319
2025-09-23,191287.6907936319
2025-09-24,191287.6907936319
2025-09-25,191287.6907936319
2025-09-26,191287.6907936319
2025-09-27,191287.6907936319
2025-09-28,191287.6907936319
2025-09-29,191287.6907936319
2025-09-30,191287.6907936319
2025-10-01,190731.5248510936
2025-10-02,190731.5248510936
2025-10-03,190731.5248510936
2025-10-04,190731.5248510936
2025-10-05,190731.5248510936
2025-10-06,190731.5248510936
2025-10-07,190731.5248510936
2025-10-08,193073.15352038175
2025-10-09,193073.15352038175
2025-10-10,193073.15352038175
2025-10-11,193073.15352038175
2025-10-12,193073.15352038175
2025-10-13,193073.15352038175
2025-10-14,193073.15352038175
2025-10-15,189067.3193940979
2025-10-16,189067.3193940979
2025-10-17,189067.3193940979
2025-10-18,189067.3193940979
2025-10-19,189067.3193940979
2025-10-20,189145.45463736606
2025-10-21,189145.45463736606
2025-10-22,189145.45463736606
2025-10-23,189145.45463736606
2025-10-24,189145.45463736606
2025-10-25,189145.45463736606
2025-10-26,189145.45463736606
2025-10-27,189145.45463736606
2025-10-28,189145.45463736606
2025-10-29,189145.45463736606
2025-10-30,189145.45463736606
2025-10-31,189145.45463736606
2025-11-01,189145.45463736606
2025-11-02,189145.45463736606
2025-11-03,189145.45463736606
2025-11-04,189145.45463736606
2025-11-05,188220.76389775352
2025-11-06,188220.76389775352
2025-11-07,188220.76389775352
2025-11-08,188220.76389775352
2025-11-09,188220.76389775352
2025-11-10,189051.82431673433
2025-11-11,189051.82431673433
2025-11-12,189051.82431673433
2025-11-13,189051.82431673433
2025-11-14,189051.82431673433
2025-11-15,189051.82431673433
2025-11-16,189051.82431673433
2025-11-17,189051.82431673433
2025-11-18,189051.82431673433
2025-11-19,189051.82431673433
2025-11-20,189051.82431673433
2025-11-21,189051.82431673433
2025-11-22,189051.82431673433
2025-11-23,189051.82431673433
2025-11-24,189325.04232962063
2025-11-25,189325.04232962063
2025-11-26,189325.04232962063
2025-11-27,189325.04232962063
2025-11-28,189325.04232962063
2025-11-29,189325.04232962063
2025-11-30,189325.04232962063
2025-12-01,189325.04232962063
2025-12-02,189325.04232962063
2025-12-03,189325.04232962063
2025-12-04,189325.04232962063
2025-12-05,189325.04232962063
2025-12-06,189325.04232962063
2025-12-07,189325.04232962063
2025-12-08,189325.04232962063
2025-12-09,189325.04232962063
2025-12-10,189325.04232962063
2025-12-11,189325.04232962063
2025-12-12,189325.04232962063
2025-12-13,189325.04232962063
2025-12-14,189325.04232962063
2025-12-15,189325.04232962063
2025-12-16,189325.04232962063
2025-12-17,189325.04232962063
2025-12-18,189028.29854612442
2025-12-19,189028.29854612442
2025-12-20,189028.29854612442
2025-12-21,189028.29854612442
2025-12-22,189028.29854612442
2025-12-23,189028.29854612442
2025-12-24,189028.29854612442
2025-12-25,189028.29854612442
2025-12-26,189028.29854612442
2025-12-27,189028.29854612442
2025-12-28,189028.29854612442
2025-12-29,189028.29854612442
2025-12-30,189028.29854612442
2025-12-31,189028.29854612442
2026-01-01,189028.29854612442
2026-01-02,180543.85437949066
2026-01-03,180543.85437949066
2026-01-04,180543.85437949066
2026-01-05,179760.0469026071
2026-01-06,179806.5730658532
2026-01-07,179806.5730658532
2026-01-08,179806.5730658532
2026-01-09,179418.37771626835
2026-01-10,179418.37771626835
2026-01-11,179418.37771626835
2026-01-12,179418.37771626835
2026-01-13,179418.37771626835
2026-01-14,179418.37771626835
2026-01-15,176289.92829361756
2026-01-16,176289.92829361756
2026-01-17,176289.92829361756
2026-01-18,176289.92829361756
2026-01-19,176289.92829361756
2026-01-20,176289.92829361756
2026-01-21,178364.56724837024
2026-01-22,178364.56724837024
2026-01-23,178364.56724837024
2026-01-24,178364.56724837024
2026-01-25,178364.56724837024
2026-01-26,178880.76104944025
2026-01-27,178880.76104944025
2026-01-28,178880.76104944025
2026-01-29,178880.76104944025
2026-01-30,178880.76104944025
2026-01-31,178880.76104944025
2026-02-01,178880.76104944025
2026-02-02,178880.76104944025
2026-02-03,178880.76104944025
2026-02-04,178880.76104944025
2026-02-05,178880.76104944025
2026-02-06,178880.76104944025
2026-02-07,178880.76104944025
2026-02-08,178880.76104944025
2026-02-09,178880.76104944025
2026-02-10,178880.76104944025
2026-02-11,178880.76104944025
2026-02-12,178880.76104944025
2026-02-13,178880.76104944025
2026-02-14,178880.76104944025
2026-02-15,178880.76104944025
2026-02-16,178880.76104944025
2026-02-17,178880.76104944025
2026-02-18,178880.76104944025
2026-02-19,178880.76104944025
2026-02-20,178880.76104944025
2026-02-21,178880.76104944025
2026-02-22,178880.76104944025
2026-02-23,178880.76104944025
2026-02-24,178880.76104944025
2026-02-25,178880.76104944025
2026-02-26,178880.76104944025
2026-02-27,178880.76104944025
2026-02-28,178880.76104944025
2026-03-01,178880.76104944025
2026-03-02,178542.41656391398
2026-03-03,178542.41656391398
2026-03-04,178725.5685692474
2026-03-05,178725.5685692474
2026-03-06,178725.5685692474
2026-03-07,178725.5685692474
2026-03-08,178725.5685692474
2026-03-09,181127.31990407401
2026-03-10,181127.31990407401
2026-03-11,181127.31990407401
2026-03-12,181127.31990407401
2026-03-13,181127.31990407401
2026-03-14,181127.31990407401
2026-03-15,181127.31990407401
2026-03-16,181127.31990407401
2026-03-17,181127.31990407401
2026-03-18,181127.31990407401
2026-03-19,181127.31990407401
2026-03-20,181127.31990407401
2026-03-21,181127.31990407401
2026-03-22,181127.31990407401
2026-03-23,180877.12693686847
2026-03-24,180877.12693686847
2026-03-25,180877.12693686847
2026-03-26,180877.12693686847
2026-03-27,180877.12693686847
2026-03-28,180877.12693686847
2026-03-29,180877.12693686847
2026-03-30,177119.50877436716
2026-03-31,177119.50877436716
2026-04-01,177119.50877436716
2026-04-02,177119.50877436716
2026-04-03,177119.50877436716
2026-04-04,177119.50877436716
2026-04-05,177119.50877436716
2026-04-06,177119.50877436716
2026-04-07,178988.08534782688
2026-04-08,178988.08534782688
2026-04-09,178988.08534782688
2026-04-10,178988.08534782688
2026-04-11,178988.08534782688
2026-04-12,178988.08534782688
2026-04-13,182357.70842040202
2026-04-14,182357.70842040202
2026-04-15,182357.70842040202
2026-04-16,182357.70842040202
2026-04-17,182357.70842040202
2026-04-18,182357.70842040202
2026-04-19,182357.70842040202
2026-04-20,182357.70842040202
2026-04-21,182357.70842040202
2026-04-22,182357.70842040202
2026-04-23,182357.70842040202
2026-04-24,182357.70842040202
2026-04-25,182357.70842040202
2026-04-26,182357.70842040202
2026-04-27,182357.70842040202
2026-04-28,182357.70842040202
2026-04-29,182357.70842040202
2026-04-30,182357.70842040202
2026-05-01,182357.70842040202
2026-05-02,182357.70842040202
2026-05-03,182357.70842040202
2026-05-04,182357.70842040202
2026-05-05,185485.45449187577
2026-05-06,184969.89230259325
2026-05-07,184969.89230259325
2026-05-08,187516.82512789196
2026-05-09,187516.82512789196
2026-05-10,187516.82512789196
2026-05-11,187516.82512789196
2026-05-12,187516.82512789196
2026-05-13,187516.82512789196
2026-05-14,187516.82512789196
2026-05-15,187516.82512789196
2026-05-16,187516.82512789196
2026-05-17,187516.82512789196
2026-05-18,187516.82512789196
2026-05-19,187516.82512789196
2026-05-20,185228.29146352032
2026-05-21,185228.29146352032
2026-05-22,185228.29146352032
2026-05-23,185228.29146352032
2026-05-24,185228.29146352032
2026-05-25,185228.29146352032
2026-05-26,185228.29146352032
2026-05-27,185228.29146352032
2026-05-28,185228.29146352032
2026-05-29,185228.29146352032
2026-05-30,185228.29146352032
2026-05-31,185228.29146352032
2026-06-01,185228.29146352032
2026-06-02,185228.29146352032
2026-06-03,185228.29146352032
2026-06-04,183744.17917533533
2026-06-05,183744.17917533533
2026-06-06,183744.17917533533
2026-06-07,183744.17917533533
2026-06-08,180826.44660826723
2026-06-09,180826.44660826723
2026-06-10,180826.44660826723
2026-06-11,184303.0806315685
2026-06-12,184303.0806315685
2026-06-13,184303.0806315685
2026-06-14,184303.0806315685
2026-06-15,184303.0806315685
2026-06-16,184303.0806315685
2026-06-17,184303.0806315685
2026-06-18,184303.0806315685
2026-06-19,184303.0806315685
2026-06-20,184303.0806315685
2026-06-21,184303.0806315685
2026-06-22,181355.24156039604
2026-06-23,181355.24156039604
2026-06-24,181355.24156039604
2026-06-25,181355.24156039604
2026-06-26,181355.24156039604
2026-06-27,181355.24156039604
2026-06-28,181355.24156039604
2026-06-29,181355.24156039604
2026-06-30,181355.24156039604
2026-07-01,181355.24156039604
2026-07-02,181355.24156039604
2026-07-03,181355.24156039604
2026-07-04,181355.24156039604
2026-07-05,181355.24156039604
2026-07-06,181355.24156039604
2026-07-07,181355.24156039604
2026-07-08,181355.24156039604
2026-07-09,181355.24156039604
2026-07-10,181355.24156039604
2026-07-11,181355.24156039604
2026-07-12,181355.24156039604
2026-07-13,181355.24156039604
2026-07-14,181355.24156039604
2026-07-15,181355.24156039604
2026-07-16,181355.24156039604
2026-07-17,181355.24156039604
2026-07-18,181355.24156039604
2026-07-19,181355.24156039604
2026-07-20,181355.24156039604
2026-07-21,181088.30530519426
2026-07-22,181088.30530519426
2026-07-23,181088.30530519426
2026-07-24,181088.30530519426
2026-07-25,181088.30530519426
2026-07-26,181088.30530519426
2026-07-27,181088.30530519426
