date,equity
2016-07-28,102528.99086747869
2016-07-29,102528.99086747869
2016-07-30,102528.99086747869
2016-07-31,102528.99086747869
2016-08-01,102528.99086747869
2016-08-02,102528.99086747869
2016-08-03,102528.99086747869
2016-08-04,102528.99086747869
2016-08-05,102528.99086747869
2016-08-06,102528.99086747869
2016-08-07,102528.99086747869
2016-08-08,102528.99086747869
2016-08-09,102528.99086747869
2016-08-10,102528.99086747869
2016-08-11,102528.99086747869
2016-08-12,102528.99086747869
2016-08-13,102528.99086747869
2016-08-14,102528.99086747869
2016-08-15,102528.99086747869
2016-08-16,102528.99086747869
2016-08-17,102528.99086747869
2016-08-18,102528.99086747869
2016-08-19,102528.99086747869
2016-08-20,102528.99086747869
2016-08-21,102528.99086747869
2016-08-22,102528.99086747869
2016-08-23,102528.99086747869
2016-08-24,102528.99086747869
2016-08-25,102528.99086747869
2016-08-26,102528.99086747869
2016-08-27,102528.99086747869
2016-08-28,102528.99086747869
2016-08-29,102528.99086747869
2016-08-30,102528.99086747869
2016-08-31,102528.99086747869
2016-09-01,102528.99086747869
2016-09-02,102528.99086747869
2016-09-03,102528.99086747869
2016-09-04,102528.99086747869
2016-09-05,102528.99086747869
2016-09-06,102528.99086747869
2016-09-07,102528.99086747869
2016-09-08,102528.99086747869
2016-09-09,102528.99086747869
2016-09-10,102528.99086747869
2016-09-11,102528.99086747869
2016-09-12,102528.99086747869
2016-09-13,102528.99086747869
2016-09-14,102528.99086747869
2016-09-15,102528.99086747869
2016-09-16,102528.99086747869
2016-09-17,102528.99086747869
2016-09-18,102528.99086747869
2016-09-19,102528.99086747869
2016-09-20,102528.99086747869
2016-09-21,102528.99086747869
2016-09-22,102528.99086747869
2016-09-23,102528.99086747869
2016-09-24,102528.99086747869
2016-09-25,102528.99086747869
2016-09-26,102528.99086747869
2016-09-27,102528.99086747869
2016-09-28,102528.99086747869
2016-09-29,102528.99086747869
2016-09-30,102528.99086747869
2016-10-01,102294.87432064157
2016-10-02,102294.87432064157
2016-10-03,102294.87432064157
2016-10-04,102294.87432064157
2016-10-05,102294.87432064157
2016-10-06,102294.87432064157
2016-10-07,102294.87432064157
2016-10-08,102294.87432064157
2016-10-09,102294.87432064157
2016-10-10,102294.87432064157
2016-10-11,102294.87432064157
2016-10-12,102294.87432064157
2016-10-13,102294.87432064157
2016-10-14,102294.87432064157
2016-10-15,102294.87432064157
2016-10-16,102294.87432064157
2016-10-17,102294.87432064157
2016-10-18,102294.87432064157
2016-10-19,102294.87432064157
2016-10-20,102294.87432064157
2016-10-21,102294.87432064157
2016-10-22,102294.87432064157
2016-10-23,102294.87432064157
2016-10-24,102294.87432064157
2016-10-25,102790.29198567728
2016-10-26,102790.29198567728
2016-10-27,102790.29198567728
2016-10-28,102790.29198567728
2016-10-29,102790.29198567728
2016-10-30,102790.29198567728
2016-10-31,102790.29198567728
2016-11-01,102790.29198567728
2016-11-02,102790.29198567728
2016-11-03,102790.29198567728
2016-11-04,102790.29198567728
2016-11-05,102790.29198567728
2016-11-06,102790.29198567728
2016-11-07,102790.29198567728
2016-11-08,102790.29198567728
2016-11-09,102790.29198567728
2016-11-10,108596.38290962586
2016-11-11,108596.38290962586
2016-11-12,108596.38290962586
2016-11-13,108596.38290962586
2016-11-14,108596.38290962586
2016-11-15,108596.38290962586
2016-11-16,108162.73771506618
2016-11-17,108162.73771506618
2016-11-18,108162.73771506618
2016-11-19,108162.73771506618
2016-11-20,108162.73771506618
2016-11-21,108162.73771506618
2016-11-22,108162.73771506618
2016-11-23,108162.73771506618
2016-11-24,108162.73771506618
2016-11-25,108162.73771506618
2016-11-26,108162.73771506618
2016-11-27,108162.73771506618
2016-11-28,108162.73771506618
2016-11-29,108162.73771506618
2016-11-30,108162.73771506618
2016-12-01,108162.73771506618
2016-12-02,108162.73771506618
2016-12-03,108162.73771506618
2016-12-04,108162.73771506618
2016-12-05,108162.73771506618
2016-12-06,108162.73771506618
2016-12-07,108162.73771506618
2016-12-08,108933.49643417812
2016-12-09,108933.49643417812
2016-12-10,108933.49643417812
2016-12-11,108933.49643417812
2016-12-12,108933.49643417812
2016-12-13,108933.49643417812
2016-12-14,107730.2739160826
2016-12-15,107730.2739160826
2016-12-16,107730.2739160826
2016-12-17,107730.2739160826
2016-12-18,107730.2739160826
2016-12-19,107730.2739160826
2016-12-20,107730.2739160826
2016-12-21,107730.2739160826
2016-12-22,107730.2739160826
2016-12-23,107730.2739160826
2016-12-24,107730.2739160826
2016-12-25,107730.2739160826
2016-12-26,107730.2739160826
2016-12-27,107730.2739160826
2016-12-28,105609.77272526943
2016-12-29,105609.77272526943
2016-12-30,105609.77272526943
2016-12-31,105609.77272526943
2017-01-01,105609.77272526943
2017-01-02,105609.77272526943
2017-01-03,105609.77272526943
2017-01-04,105609.77272526943
2017-01-05,105609.77272526943
2017-01-06,105609.77272526943
2017-01-07,105212.17889399972
2017-01-08,105212.17889399972
2017-01-09,105212.17889399972
2017-01-10,105212.17889399972
2017-01-11,105212.17889399972
2017-01-12,105212.17889399972
2017-01-13,105212.17889399972
2017-01-14,105212.17889399972
2017-01-15,105212.17889399972
2017-01-16,105212.17889399972
2017-01-17,105212.17889399972
2017-01-18,105212.17889399972
2017-01-19,105212.17889399972
2017-01-20,105212.17889399972
2017-01-21,105212.17889399972
2017-01-22,105212.17889399972
2017-01-23,105212.17889399972
2017-01-24,105212.17889399972
2017-01-25,104781.47314345013
2017-01-26,105721.11212849926
2017-01-27,105721.11212849926
2017-01-28,105721.11212849926
2017-01-29,105721.11212849926
2017-01-30,105721.11212849926
2017-01-31,105721.11212849926
2017-02-01,105721.11212849926
2017-02-02,105721.11212849926
2017-02-03,105721.11212849926
2017-02-04,106494.82552972416
2017-02-05,106494.82552972416
2017-02-06,106494.82552972416
2017-02-07,106494.82552972416
2017-02-08,106494.82552972416
2017-02-09,106494.82552972416
2017-02-10,106064.17462273879
2017-02-11,106064.17462273879
2017-02-12,106064.17462273879
2017-02-13,106064.17462273879
2017-02-14,106064.17462273879
2017-02-15,106064.17462273879
2017-02-16,106064.17462273879
2017-02-17,106064.17462273879
2017-02-18,106064.17462273879
2017-02-19,106064.17462273879
2017-02-20,106064.17462273879
2017-02-21,106064.17462273879
2017-02-22,106064.17462273879
2017-02-23,106064.17462273879
2017-02-24,106064.17462273879
2017-02-25,106064.17462273879
2017-02-26,106064.17462273879
2017-02-27,106064.17462273879
2017-02-28,106064.17462273879
2017-03-01,106064.17462273879
2017-03-02,110968.77295433474
2017-03-03,110968.77295433474
2017-03-04,110968.77295433474
2017-03-05,110968.77295433474
2017-03-06,110968.77295433474
2017-03-07,110968.77295433474
2017-03-08,110968.77295433474
2017-03-09,110968.77295433474
2017-03-10,110968.77295433474
2017-03-11,110968.77295433474
2017-03-12,110968.77295433474
2017-03-13,110968.77295433474
2017-03-14,110968.77295433474
2017-03-15,110968.77295433474
2017-03-16,110406.92669414968
2017-03-17,110406.92669414968
2017-03-18,110406.92669414968
2017-03-19,110406.92669414968
2017-03-20,110406.92669414968
2017-03-21,110406.92669414968
2017-03-22,110406.92669414968
2017-03-23,110400.54120366895
2017-03-24,110400.54120366895
2017-03-25,110400.54120366895
2017-03-26,110400.54120366895
2017-03-27,110400.54120366895
2017-03-28,110400.54120366895
2017-03-29,110400.54120366895
2017-03-30,110400.54120366895
2017-03-31,110400.54120366895
2017-04-01,110400.54120366895
2017-04-02,110400.54120366895
2017-04-03,110400.54120366895
2017-04-04,110400.54120366895
2017-04-05,110400.54120366895
2017-04-06,105919.46402240149
2017-04-07,105919.46402240149
2017-04-08,105919.46402240149
2017-04-09,105919.46402240149
2017-04-10,105919.46402240149
2017-04-11,105919.46402240149
2017-04-12,105919.46402240149
2017-04-13,105919.46402240149
2017-04-14,105919.46402240149
2017-04-15,105919.46402240149
2017-04-16,105919.46402240149
2017-04-17,105919.46402240149
2017-04-18,105919.46402240149
2017-04-19,105919.46402240149
2017-04-20,105919.46402240149
2017-04-21,105771.4312927087
2017-04-22,105771.4312927087
2017-04-23,105771.4312927087
2017-04-24,105771.4312927087
2017-04-25,105771.4312927087
2017-04-26,105771.4312927087
2017-04-27,105771.4312927087
2017-04-28,105771.4312927087
2017-04-29,105771.4312927087
2017-04-30,105771.4312927087
2017-05-01,105771.4312927087
2017-05-02,105233.76980882997
2017-05-03,105233.76980882997
2017-05-04,105233.76980882997
2017-05-05,105233.76980882997
2017-05-06,105233.76980882997
2017-05-07,105233.76980882997
2017-05-08,105233.76980882997
2017-05-09,105233.76980882997
2017-05-10,105233.76980882997
2017-05-11,105233.76980882997
2017-05-12,105233.76980882997
2017-05-13,105233.76980882997
2017-05-14,105233.76980882997
2017-05-15,105233.76980882997
2017-05-16,105233.76980882997
2017-05-17,105233.76980882997
2017-05-18,105233.76980882997
2017-05-19,105233.76980882997
2017-05-20,104972.39417362623
2017-05-21,104972.39417362623
2017-05-22,104972.39417362623
2017-05-23,104972.39417362623
2017-05-24,104972.39417362623
2017-05-25,104972.39417362623
2017-05-26,104972.39417362623
2017-05-27,104972.39417362623
2017-05-28,104972.39417362623
2017-05-29,104972.39417362623
2017-05-30,104972.39417362623
2017-05-31,104972.39417362623
2017-06-01,104972.39417362623
2017-06-02,104955.88049408741
2017-06-03,105051.85025808425
2017-06-04,105051.85025808425
2017-06-05,105051.85025808425
2017-06-06,105051.85025808425
2017-06-07,105051.85025808425
2017-06-08,105051.85025808425
2017-06-09,105051.85025808425
2017-06-10,105051.85025808425
2017-06-11,105051.85025808425
2017-06-12,105051.85025808425
2017-06-13,105051.85025808425
2017-06-14,105051.85025808425
2017-06-15,105051.85025808425
2017-06-16,105051.85025808425
2017-06-17,105051.85025808425
2017-06-18,105051.85025808425
2017-06-19,105051.85025808425
2017-06-20,105609.04999385745
2017-06-21,105609.04999385745
2017-06-22,105767.76183287508
2017-06-23,105767.76183287508
2017-06-24,105767.76183287508
2017-06-25,105767.76183287508
2017-06-26,105767.76183287508
2017-06-27,105767.76183287508
2017-06-28,105767.76183287508
2017-06-29,106600.66935015823
2017-06-30,106600.66935015823
2017-07-01,106600.66935015823
2017-07-02,106600.66935015823
2017-07-03,106600.66935015823
2017-07-04,106600.66935015823
2017-07-05,106600.66935015823
2017-07-06,106047.93308542372
2017-07-07,106047.93308542372
2017-07-08,106047.93308542372
2017-07-09,106047.93308542372
2017-07-10,106047.93308542372
2017-07-11,106047.93308542372
2017-07-12,106047.93308542372
2017-07-13,106057.74343214025
2017-07-14,106057.74343214025
2017-07-15,106057.74343214025
2017-07-16,106057.74343214025
2017-07-17,106057.74343214025
2017-07-18,106057.74343214025
2017-07-19,106057.74343214025
2017-07-20,106057.74343214025
2017-07-21,106057.74343214025
2017-07-22,106057.74343214025
2017-07-23,106057.74343214025
2017-07-24,106057.74343214025
2017-07-25,106057.74343214025
2017-07-26,106057.74343214025
2017-07-27,106057.74343214025
2017-07-28,106057.74343214025
2017-07-29,106057.74343214025
2017-07-30,106057.74343214025
2017-07-31,106057.74343214025
2017-08-01,106057.74343214025
2017-08-02,106057.74343214025
2017-08-03,106057.74343214025
2017-08-04,106057.74343214025
2017-08-05,106057.74343214025
2017-08-06,106057.74343214025
2017-08-07,106057.74343214025
2017-08-08,106057.74343214025
2017-08-09,102748.78207817636
2017-08-10,102748.78207817636
2017-08-11,102748.78207817636
2017-08-12,102300.22198203238
2017-08-13,102300.22198203238
2017-08-14,102300.22198203238
2017-08-15,102300.22198203238
2017-08-16,102300.22198203238
2017-08-17,102300.22198203238
2017-08-18,102300.22198203238
2017-08-19,102300.22198203238
2017-08-20,102300.22198203238
2017-08-21,102300.22198203238
2017-08-22,102300.22198203238
2017-08-23,102531.66493131383
2017-08-24,102531.66493131383
2017-08-25,102531.66493131383
2017-08-26,102531.66493131383
2017-08-27,102531.66493131383
2017-08-28,102531.66493131383
2017-08-29,102531.66493131383
2017-08-30,102286.09237528295
2017-08-31,102286.09237528295
2017-09-01,102286.09237528295
2017-09-02,102286.09237528295
2017-09-03,102286.09237528295
2017-09-04,102286.09237528295
2017-09-05,102286.09237528295
2017-09-06,102286.09237528295
2017-09-07,102286.09237528295
2017-09-08,102286.09237528295
2017-09-09,102286.09237528295
2017-09-10,102286.09237528295
2017-09-11,102286.09237528295
2017-09-12,102286.09237528295
2017-09-13,102286.09237528295
2017-09-14,102286.09237528295
2017-09-15,102286.09237528295
2017-09-16,102286.09237528295
2017-09-17,102286.09237528295
2017-09-18,102286.09237528295
2017-09-19,102286.09237528295
2017-09-20,102286.09237528295
2017-09-21,102286.09237528295
2017-09-22,102286.09237528295
2017-09-23,102286.09237528295
2017-09-24,102286.09237528295
2017-09-25,102286.09237528295
2017-09-26,102286.09237528295
2017-09-27,102286.09237528295
2017-09-28,101499.11863387658
2017-09-29,101499.11863387658
2017-09-30,101499.11863387658
2017-10-01,101499.11863387658
2017-10-02,101499.11863387658
2017-10-03,101499.11863387658
2017-10-04,101499.11863387658
2017-10-05,101499.11863387658
2017-10-06,102132.37214290013
2017-10-07,102132.37214290013
2017-10-08,102132.37214290013
2017-10-09,102132.37214290013
2017-10-10,102132.37214290013
2017-10-11,102132.37214290013
2017-10-12,102132.37214290013
2017-10-13,102132.37214290013
2017-10-14,102132.37214290013
2017-10-15,102132.37214290013
2017-10-16,102132.37214290013
2017-10-17,102132.37214290013
2017-10-18,102132.37214290013
2017-10-19,102132.37214290013
2017-10-20,102132.37214290013
2017-10-21,102132.37214290013
2017-10-22,102132.37214290013
2017-10-23,102132.37214290013
2017-10-24,102132.37214290013
2017-10-25,102132.37214290013
2017-10-26,102132.37214290013
2017-10-27,102132.37214290013
2017-10-28,105042.50995450828
2017-10-29,105042.50995450828
2017-10-30,105042.50995450828
2017-10-31,105042.50995450828
2017-11-01,105042.50995450828
2017-11-02,105042.50995450828
2017-11-03,105042.50995450828
2017-11-04,105042.50995450828
2017-11-05,105042.50995450828
2017-11-06,105042.50995450828
2017-11-07,105042.50995450828
2017-11-08,105042.50995450828
2017-11-09,105042.50995450828
2017-11-10,105042.50995450828
2017-11-11,105042.50995450828
2017-11-12,105042.50995450828
2017-11-13,105042.50995450828
2017-11-14,105042.50995450828
2017-11-15,105042.50995450828
2017-11-16,105042.50995450828
2017-11-17,104786.3145176798
2017-11-18,104786.3145176798
2017-11-19,104786.3145176798
2017-11-20,104786.3145176798
2017-11-21,104786.3145176798
2017-11-22,105934.22318412003
2017-11-23,105934.22318412003
2017-11-24,105934.22318412003
2017-11-25,105934.22318412003
2017-11-26,105934.22318412003
2017-11-27,105934.22318412003
2017-11-28,105934.22318412003
2017-11-29,108422.73517044696
2017-11-30,108422.73517044696
2017-12-01,109761.28988977504
2017-12-02,109761.28988977504
2017-12-03,109761.28988977504
2017-12-04,109761.28988977504
2017-12-05,109761.28988977504
2017-12-06,107772.71338651632
2017-12-07,107772.71338651632
2017-12-08,107772.71338651632
2017-12-09,107772.71338651632
2017-12-10,107772.71338651632
2017-12-11,107772.71338651632
2017-12-12,107772.71338651632
2017-12-13,107772.71338651632
2017-12-14,107772.71338651632
2017-12-15,107772.71338651632
2017-12-16,107966.8272525403
2017-12-17,107966.8272525403
2017-12-18,107966.8272525403
2017-12-19,107966.8272525403
2017-12-20,107966.8272525403
2017-12-21,107966.8272525403
2017-12-22,107966.8272525403
2017-12-23,107966.8272525403
2017-12-24,107966.8272525403
2017-12-25,107966.8272525403
2017-12-26,107966.8272525403
2017-12-27,107966.8272525403
2017-12-28,107966.8272525403
2017-12-29,107966.8272525403
2017-12-30,107966.8272525403
2017-12-31,107966.8272525403
2018-01-01,107966.8272525403
2018-01-02,107966.8272525403
2018-01-03,109788.29527231901
2018-01-04,110103.3575766425
2018-01-05,110103.3575766425
2018-01-06,110103.3575766425
2018-01-07,110103.3575766425
2018-01-08,110103.3575766425
2018-01-09,110103.3575766425
2018-01-10,110103.3575766425
2018-01-11,110103.3575766425
2018-01-12,110103.3575766425
2018-01-13,110169.87155098576
2018-01-14,110169.87155098576
2018-01-15,110169.87155098576
2018-01-16,110169.87155098576
2018-01-17,110169.87155098576
2018-01-18,110169.87155098576
2018-01-19,110169.87155098576
2018-01-20,110169.87155098576
2018-01-21,110169.87155098576
2018-01-22,110169.87155098576
2018-01-23,111244.26057485855
2018-01-24,111244.26057485855
2018-01-25,111244.26057485855
2018-01-26,111244.26057485855
2018-01-27,111957.22385710309
2018-01-28,111957.22385710309
2018-01-29,111957.22385710309
2018-01-30,111957.22385710309
2018-01-31,111957.22385710309
2018-02-01,111957.22385710309
2018-02-02,111957.22385710309
2018-02-03,111957.22385710309
2018-02-04,111957.22385710309
2018-02-05,111957.22385710309
2018-02-06,111957.22385710309
2018-02-07,115278.77638394592
2018-02-08,111304.23916204163
2018-02-09,111304.23916204163
2018-02-10,111304.23916204163
2018-02-11,111304.23916204163
2018-02-12,111304.23916204163
2018-02-13,111304.23916204163
2018-02-14,111304.23916204163
2018-02-15,111304.23916204163
2018-02-16,111304.23916204163
2018-02-17,111304.23916204163
2018-02-18,111304.23916204163
2018-02-19,111304.23916204163
2018-02-20,111304.23916204163
2018-02-21,111304.23916204163
2018-02-22,111304.23916204163
2018-02-23,111304.23916204163
2018-02-24,111304.23916204163
2018-02-25,111304.23916204163
2018-02-26,111304.23916204163
2018-02-27,111304.23916204163
2018-02-28,111304.23916204163
2018-03-01,111304.23916204163
2018-03-02,111304.23916204163
2018-03-03,111304.23916204163
2018-03-04,111304.23916204163
2018-03-05,111304.23916204163
2018-03-06,111127.57560924868
2018-03-07,111127.57560924868
2018-03-08,111127.57560924868
2018-03-09,111127.57560924868
2018-03-10,112349.2882842219
2018-03-11,112349.2882842219
2018-03-12,112349.2882842219
2018-03-13,112349.2882842219
2018-03-14,112349.2882842219
2018-03-15,112349.2882842219
2018-03-16,112349.2882842219
2018-03-17,112349.2882842219
2018-03-18,112349.2882842219
2018-03-19,112349.2882842219
2018-03-20,112349.2882842219
2018-03-21,112349.2882842219
2018-03-22,112349.2882842219
2018-03-23,112349.2882842219
2018-03-24,112349.2882842219
2018-03-25,112349.2882842219
2018-03-26,112349.2882842219
2018-03-27,112349.2882842219
2018-03-28,112349.2882842219
2018-03-29,112349.2882842219
2018-03-30,111720.59431591239
2018-03-31,111720.59431591239
2018-04-01,111720.59431591239
2018-04-02,111720.59431591239
2018-04-03,111720.59431591239
2018-04-04,111720.59431591239
2018-04-05,111720.59431591239
2018-04-06,111720.59431591239
2018-04-07,111720.59431591239
2018-04-08,111720.59431591239
2018-04-09,111720.59431591239
2018-04-10,111720.59431591239
2018-04-11,111720.59431591239
2018-04-12,111720.59431591239
2018-04-13,111720.59431591239
2018-04-14,111720.59431591239
2018-04-15,111720.59431591239
2018-04-16,111720.59431591239
2018-04-17,111720.59431591239
2018-04-18,111720.59431591239
2018-04-19,111720.59431591239
2018-04-20,111720.59431591239
2018-04-21,111720.59431591239
2018-04-22,111720.59431591239
2018-04-23,111720.59431591239
2018-04-24,111720.59431591239
2018-04-25,111720.59431591239
2018-04-26,111720.59431591239
2018-04-27,111720.59431591239
2018-04-28,111720.59431591239
2018-04-29,111720.59431591239
2018-04-30,111720.59431591239
2018-05-01,111720.59431591239
2018-05-02,111720.59431591239
2018-05-03,111720.59431591239
2018-05-04,111720.59431591239
2018-05-05,111507.56348234451
2018-05-06,111507.56348234451
2018-05-07,111507.56348234451
2018-05-08,111507.56348234451
2018-05-09,111507.56348234451
2018-05-10,111507.56348234451
2018-05-11,111507.56348234451
2018-05-12,111507.56348234451
2018-05-13,111507.56348234451
2018-05-14,111507.56348234451
2018-05-15,111507.56348234451
2018-05-16,111507.56348234451
2018-05-17,111507.56348234451
2018-05-18,111507.56348234451
2018-05-19,111507.56348234451
2018-05-20,111507.56348234451
2018-05-21,111507.56348234451
2018-05-22,111507.56348234451
2018-05-23,111507.56348234451
2018-05-24,111507.56348234451
2018-05-25,111507.56348234451
2018-05-26,111507.56348234451
2018-05-27,111507.56348234451
2018-05-28,111507.56348234451
2018-05-29,111507.56348234451
2018-05-30,111507.56348234451
2018-05-31,111507.56348234451
2018-06-01,111507.56348234451
2018-06-02,112105.8348329284
2018-06-03,112105.8348329284
2018-06-04,112105.8348329284
2018-06-05,112105.8348329284
2018-06-06,112105.8348329284
2018-06-07,112105.8348329284
2018-06-08,112105.8348329284
2018-06-09,112105.8348329284
2018-06-10,112105.8348329284
2018-06-11,112105.8348329284
2018-06-12,112105.8348329284
2018-06-13,112105.8348329284
2018-06-14,112105.8348329284
2018-06-15,112105.8348329284
2018-06-16,112105.8348329284
2018-06-17,112105.8348329284
2018-06-18,112105.8348329284
2018-06-19,112105.8348329284
2018-06-20,112105.8348329284
2018-06-21,112105.8348329284
2018-06-22,112105.8348329284
2018-06-23,112105.8348329284
2018-06-24,112105.8348329284
2018-06-25,112105.8348329284
2018-06-26,112105.8348329284
2018-06-27,112105.8348329284
2018-06-28,112105.8348329284
2018-06-29,112105.8348329284
2018-06-30,112105.8348329284
2018-07-01,112105.8348329284
2018-07-02,112105.8348329284
2018-07-03,112105.8348329284
2018-07-04,112105.8348329284
2018-07-05,112105.8348329284
2018-07-06,112105.8348329284
2018-07-07,113588.98707327628
2018-07-08,113588.98707327628
2018-07-09,113588.98707327628
2018-07-10,113588.98707327628
2018-07-11,113588.98707327628
2018-07-12,113588.98707327628
2018-07-13,113588.98707327628
2018-07-14,113588.98707327628
2018-07-15,113588.98707327628
2018-07-16,113588.98707327628
2018-07-17,113588.98707327628
2018-07-18,113938.02598692116
2018-07-19,113938.02598692116
2018-07-20,113938.02598692116
2018-07-21,113938.02598692116
2018-07-22,113938.02598692116
2018-07-23,113938.02598692116
2018-07-24,113938.02598692116
2018-07-25,113938.02598692116
2018-07-26,109676.78145987708
2018-07-27,109676.78145987708
2018-07-28,109676.78145987708
2018-07-29,109676.78145987708
2018-07-30,109676.78145987708
2018-07-31,109676.78145987708
2018-08-01,109676.78145987708
2018-08-02,109676.78145987708
2018-08-03,109676.78145987708
2018-08-04,109676.78145987708
2018-08-05,109676.78145987708
2018-08-06,109676.78145987708
2018-08-07,109676.78145987708
2018-08-08,109676.78145987708
2018-08-09,109676.78145987708
2018-08-10,109676.78145987708
2018-08-11,109676.78145987708
2018-08-12,109676.78145987708
2018-08-13,109676.78145987708
2018-08-14,109676.78145987708
2018-08-15,109676.78145987708
2018-08-16,109676.78145987708
2018-08-17,109625.25244969374
2018-08-18,109625.25244969374
2018-08-19,109625.25244969374
2018-08-20,109625.25244969374
2018-08-21,109625.25244969374
2018-08-22,109625.25244969374
2018-08-23,109565.22326145836
2018-08-24,109565.22326145836
2018-08-25,109565.22326145836
2018-08-26,109565.22326145836
2018-08-27,109565.22326145836
2018-08-28,109565.22326145836
2018-08-29,109565.22326145836
2018-08-30,110403.08114091064
2018-08-31,110403.08114091064
2018-09-01,110403.08114091064
2018-09-02,110403.08114091064
2018-09-03,110403.08114091064
2018-09-04,110403.08114091064
2018-09-05,110403.08114091064
2018-09-06,110403.08114091064
2018-09-07,110403.08114091064
2018-09-08,110403.08114091064
2018-09-09,110403.08114091064
2018-09-10,110403.08114091064
2018-09-11,110403.08114091064
2018-09-12,110403.08114091064
2018-09-13,110403.08114091064
2018-09-14,110386.10498063304
2018-09-15,110386.10498063304
2018-09-16,110386.10498063304
2018-09-17,110386.10498063304
2018-09-18,110386.10498063304
2018-09-19,112695.3109926665
2018-09-20,112695.3109926665
2018-09-21,113551.48133192646
2018-09-22,113551.48133192646
2018-09-23,113551.48133192646
2018-09-24,113551.48133192646
2018-09-25,113551.48133192646
2018-09-26,113551.48133192646
2018-09-27,113551.48133192646
2018-09-28,111719.25427954624
2018-09-29,111719.25427954624
2018-09-30,111719.25427954624
2018-10-01,111719.25427954624
2018-10-02,111719.25427954624
2018-10-03,111719.25427954624
2018-10-04,111719.25427954624
2018-10-05,111719.25427954624
2018-10-06,111719.25427954624
2018-10-07,111719.25427954624
2018-10-08,111719.25427954624
2018-10-09,111719.25427954624
2018-10-10,111719.25427954624
2018-10-11,111719.25427954624
2018-10-12,111719.25427954624
2018-10-13,111719.25427954624
2018-10-14,111719.25427954624
2018-10-15,111719.25427954624
2018-10-16,111719.25427954624
2018-10-17,117419.0976969509
2018-10-18,117419.0976969509
2018-10-19,117419.0976969509
2018-10-20,117419.0976969509
2018-10-21,117419.0976969509
2018-10-22,117419.0976969509
2018-10-23,117419.0976969509
2018-10-24,117419.0976969509
2018-10-25,117419.0976969509
2018-10-26,117419.0976969509
2018-10-27,117419.0976969509
2018-10-28,117419.0976969509
2018-10-29,117419.0976969509
2018-10-30,117419.0976969509
2018-10-31,117419.0976969509
2018-11-01,115375.63651087499
2018-11-02,115375.63651087499
2018-11-03,115375.63651087499
2018-11-04,115375.63651087499
2018-11-05,115375.63651087499
2018-11-06,115375.63651087499
2018-11-07,115375.63651087499
2018-11-08,117933.55803919809
2018-11-09,117933.55803919809
2018-11-10,117933.55803919809
2018-11-11,117933.55803919809
2018-11-12,117933.55803919809
2018-11-13,117933.55803919809
2018-11-14,117933.55803919809
2018-11-15,117933.55803919809
2018-11-16,117933.55803919809
2018-11-17,117933.55803919809
2018-11-18,117933.55803919809
2018-11-19,117933.55803919809
2018-11-20,117933.55803919809
2018-11-21,117933.55803919809
2018-11-22,117933.55803919809
2018-11-23,117933.55803919809
2018-11-24,117933.55803919809
2018-11-25,117933.55803919809
2018-11-26,117933.55803919809
2018-11-27,117933.55803919809
2018-11-28,117933.55803919809
2018-11-29,119765.36384358135
2018-11-30,119765.36384358135
2018-12-01,119765.36384358135
2018-12-02,119765.36384358135
2018-12-03,119765.36384358135
2018-12-04,119765.36384358135
2018-12-05,119765.36384358135
2018-12-06,119765.36384358135
2018-12-07,119765.36384358135
2018-12-08,119765.36384358135
2018-12-09,119765.36384358135
2018-12-10,119765.36384358135
2018-12-11,119765.36384358135
2018-12-12,119765.36384358135
2018-12-13,117999.32368281874
2018-12-14,117999.32368281874
2018-12-15,117999.32368281874
2018-12-16,117999.32368281874
2018-12-17,117999.32368281874
2018-12-18,117999.32368281874
2018-12-19,117999.32368281874
2018-12-20,117999.32368281874
2018-12-21,117999.32368281874
2018-12-22,117999.32368281874
2018-12-23,117999.32368281874
2018-12-24,117999.32368281874
2018-12-25,117999.32368281874
2018-12-26,117999.32368281874
2018-12-27,120380.53789651097
2018-12-28,120380.53789651097
2018-12-29,120380.53789651097
2018-12-30,120380.53789651097
2018-12-31,120380.53789651097
2019-01-01,120380.53789651097
2019-01-02,120380.53789651097
2019-01-03,120380.53789651097
2019-01-04,120380.53789651097
2019-01-05,122216.96078110204
2019-01-06,122216.96078110204
2019-01-07,122216.96078110204
2019-01-08,122216.96078110204
2019-01-09,122216.96078110204
2019-01-10,122216.96078110204
2019-01-11,122216.96078110204
2019-01-12,122216.96078110204
2019-01-13,122216.96078110204
2019-01-14,122216.96078110204
2019-01-15,122216.96078110204
2019-01-16,122512.97582075138
2019-01-17,122512.97582075138
2019-01-18,122512.97582075138
2019-01-19,122156.15335550977
2019-01-20,122156.15335550977
2019-01-21,122156.15335550977
2019-01-22,122156.15335550977
2019-01-23,122156.15335550977
2019-01-24,122156.15335550977
2019-01-25,122156.15335550977
2019-01-26,121710.34073860248
2019-01-27,121710.34073860248
2019-01-28,121710.34073860248
2019-01-29,121710.34073860248
2019-01-30,121710.34073860248
2019-01-31,124422.22211723862
2019-02-01,124422.22211723862
2019-02-02,124422.22211723862
2019-02-03,124422.22211723862
2019-02-04,124422.22211723862
2019-02-05,124422.22211723862
2019-02-06,124422.22211723862
2019-02-07,124422.22211723862
2019-02-08,124422.22211723862
2019-02-09,124422.22211723862
2019-02-10,124422.22211723862
2019-02-11,124422.22211723862
2019-02-12,124422.22211723862
2019-02-13,126425.41589186728
2019-02-14,126425.41589186728
2019-02-15,126425.41589186728
2019-02-16,127209.5047812245
2019-02-17,127209.5047812245
2019-02-18,127209.5047812245
2019-02-19,127209.5047812245
2019-02-20,127209.5047812245
2019-02-21,127209.5047812245
2019-02-22,127209.5047812245
2019-02-23,127209.5047812245
2019-02-24,127209.5047812245
2019-02-25,127209.5047812245
2019-02-26,127209.5047812245
2019-02-27,127209.5047812245
2019-02-28,127209.5047812245
2019-03-01,127209.5047812245
2019-03-02,127209.5047812245
2019-03-03,127209.5047812245
2019-03-04,127209.5047812245
2019-03-05,127209.5047812245
2019-03-06,127209.5047812245
2019-03-07,127209.5047812245
2019-03-08,127209.5047812245
2019-03-09,127209.5047812245
2019-03-10,127209.5047812245
2019-03-11,127209.5047812245
2019-03-12,131631.1997674611
2019-03-13,131631.1997674611
2019-03-14,129739.42026585882
2019-03-15,129739.42026585882
2019-03-16,129058.61605053453
2019-03-17,129058.61605053453
2019-03-18,129058.61605053453
2019-03-19,129058.61605053453
2019-03-20,129058.61605053453
2019-03-21,128008.77939039226
2019-03-22,128574.45635538101
2019-03-23,128574.45635538101
2019-03-24,128574.45635538101
2019-03-25,128574.45635538101
2019-03-26,128574.45635538101
2019-03-27,128574.45635538101
2019-03-28,128574.45635538101
2019-03-29,128574.45635538101
2019-03-30,128574.45635538101
2019-03-31,128574.45635538101
2019-04-01,128574.45635538101
2019-04-02,128574.45635538101
2019-04-03,128574.45635538101
2019-04-04,128574.45635538101
2019-04-05,128574.45635538101
2019-04-06,128574.45635538101
2019-04-07,128574.45635538101
2019-04-08,128574.45635538101
2019-04-09,128574.45635538101
2019-04-10,128574.45635538101
2019-04-11,128574.45635538101
2019-04-12,128574.45635538101
2019-04-13,128574.45635538101
2019-04-14,128574.45635538101
2019-04-15,128574.45635538101
2019-04-16,128574.45635538101
2019-04-17,128574.45635538101
2019-04-18,128574.45635538101
2019-04-19,128574.45635538101
2019-04-20,128574.45635538101
2019-04-21,128574.45635538101
2019-04-22,128574.45635538101
2019-04-23,128574.45635538101
2019-04-24,131322.4048308157
2019-04-25,131322.4048308157
2019-04-26,131322.4048308157
2019-04-27,131322.4048308157
2019-04-28,131322.4048308157
2019-04-29,131322.4048308157
2019-04-30,131322.4048308157
2019-05-01,131322.4048308157
2019-05-02,131322.4048308157
2019-05-03,131322.4048308157
2019-05-04,135169.31723393913
2019-05-05,135169.31723393913
2019-05-06,135169.31723393913
2019-05-07,133983.8546926605
2019-05-08,133983.8546926605
2019-05-09,133983.8546926605
2019-05-10,133983.8546926605
2019-05-11,133983.8546926605
2019-05-12,133983.8546926605
2019-05-13,133983.8546926605
2019-05-14,133983.8546926605
2019-05-15,134414.87313877098
2019-05-16,134414.87313877098
2019-05-17,133689.22838630975
2019-05-18,133689.22838630975
2019-05-19,133689.22838630975
2019-05-20,133689.22838630975
2019-05-21,133689.22838630975
2019-05-22,133689.22838630975
2019-05-23,133689.22838630975
2019-05-24,133689.22838630975
2019-05-25,133689.22838630975
2019-05-26,133689.22838630975
2019-05-27,133689.22838630975
2019-05-28,133689.22838630975
2019-05-29,133689.22838630975
2019-05-30,133689.22838630975
2019-05-31,133689.22838630975
2019-06-01,133689.22838630975
2019-06-02,133689.22838630975
2019-06-03,133689.22838630975
2019-06-04,133689.22838630975
2019-06-05,139126.49368728994
2019-06-06,139126.49368728994
2019-06-07,139126.49368728994
2019-06-08,139451.88542102417
2019-06-09,139451.88542102417
2019-06-10,139451.88542102417
2019-06-11,136835.17716415593
2019-06-12,136835.17716415593
2019-06-13,136835.17716415593
2019-06-14,136835.17716415593
2019-06-15,136835.17716415593
2019-06-16,136835.17716415593
2019-06-17,136835.17716415593
2019-06-18,136835.17716415593
2019-06-19,137482.50095126568
2019-06-20,137482.50095126568
2019-06-21,137482.50095126568
2019-06-22,137482.50095126568
2019-06-23,137482.50095126568
2019-06-24,137482.50095126568
2019-06-25,137482.50095126568
2019-06-26,137482.50095126568
2019-06-27,137482.50095126568
2019-06-28,137482.50095126568
2019-06-29,137482.50095126568
2019-06-30,137482.50095126568
2019-07-01,137482.50095126568
2019-07-02,137482.50095126568
2019-07-03,137482.50095126568
2019-07-04,136978.18609396007
2019-07-05,136978.18609396007
2019-07-06,136978.18609396007
2019-07-07,136978.18609396007
2019-07-08,136978.18609396007
2019-07-09,136978.18609396007
2019-07-10,136978.18609396007
2019-07-11,135219.8764340811
2019-07-12,135219.8764340811
2019-07-13,135219.8764340811
2019-07-14,135219.8764340811
2019-07-15,135219.8764340811
2019-07-16,135219.8764340811
2019-07-17,135219.8764340811
2019-07-18,135219.8764340811
2019-07-19,134317.02643921282
2019-07-20,134317.02643921282
2019-07-21,134317.02643921282
2019-07-22,134317.02643921282
2019-07-23,134529.3540648751
2019-07-24,134529.3540648751
2019-07-25,134967.3178372619
2019-07-26,134967.3178372619
2019-07-27,134967.3178372619
2019-07-28,134967.3178372619
2019-07-29,134967.3178372619
2019-07-30,134967.3178372619
2019-07-31,134967.3178372619
2019-08-01,134967.3178372619
2019-08-02,134967.3178372619
2019-08-03,134967.3178372619
2019-08-04,134967.3178372619
2019-08-05,134967.3178372619
2019-08-06,134967.3178372619
2019-08-07,139554.4854099243
2019-08-08,139554.4854099243
2019-08-09,141349.84797886695
2019-08-10,141349.84797886695
2019-08-11,141349.84797886695
2019-08-12,141349.84797886695
2019-08-13,141349.84797886695
2019-08-14,141306.3324077818
2019-08-15,141306.3324077818
2019-08-16,141306.3324077818
2019-08-17,141306.3324077818
2019-08-18,141306.3324077818
2019-08-19,141306.3324077818
2019-08-20,141306.3324077818
2019-08-21,141306.3324077818
2019-08-22,141306.3324077818
2019-08-23,141306.3324077818
2019-08-24,141306.3324077818
2019-08-25,141306.3324077818
2019-08-26,141306.3324077818
2019-08-27,141306.3324077818
2019-08-28,141306.3324077818
2019-08-29,141306.3324077818
2019-08-30,141306.3324077818
2019-08-31,141306.3324077818
2019-09-01,141306.3324077818
2019-09-02,141306.3324077818
2019-09-03,141306.3324077818
2019-09-04,141306.3324077818
2019-09-05,141306.3324077818
2019-09-06,141306.3324077818
2019-09-07,141306.3324077818
2019-09-08,141306.3324077818
2019-09-09,141306.3324077818
2019-09-10,141306.3324077818
2019-09-11,141306.3324077818
2019-09-12,141635.52552569465
2019-09-13,141635.52552569465
2019-09-14,141635.52552569465
2019-09-15,141635.52552569465
2019-09-16,141635.52552569465
2019-09-17,141635.52552569465
2019-09-18,141635.52552569465
2019-09-19,141635.52552569465
2019-09-20,141635.52552569465
2019-09-21,141635.52552569465
2019-09-22,141635.52552569465
2019-09-23,141635.52552569465
2019-09-24,141635.52552569465
2019-09-25,141635.52552569465
2019-09-26,141635.52552569465
2019-09-27,141635.52552569465
2019-09-28,141635.52552569465
2019-09-29,141635.52552569465
2019-09-30,141635.52552569465
2019-10-01,141635.52552569465
2019-10-02,141635.52552569465
2019-10-03,141635.52552569465
2019-10-04,141635.52552569465
2019-10-05,142434.52400075918
2019-10-06,142434.52400075918
2019-10-07,142434.52400075918
2019-10-08,142434.52400075918
2019-10-09,142434.52400075918
2019-10-10,140583.38803343673
2019-10-11,140818.0495191546
2019-10-12,137236.76292774375
2019-10-13,137236.76292774375
2019-10-14,137236.76292774375
2019-10-15,137236.76292774375
2019-10-16,137236.76292774375
2019-10-17,137236.76292774375
2019-10-18,137236.76292774375
2019-10-19,137236.76292774375
2019-10-20,137236.76292774375
2019-10-21,137236.76292774375
2019-10-22,137236.76292774375
2019-10-23,137236.76292774375
2019-10-24,137236.76292774375
2019-10-25,137236.76292774375
2019-10-26,137274.53359558366
2019-10-27,137274.53359558366
2019-10-28,137274.53359558366
2019-10-29,137274.53359558366
2019-10-30,137274.53359558366
2019-10-31,137274.53359558366
2019-11-01,137274.53359558366
2019-11-02,137430.01765287668
2019-11-03,137430.01765287668
2019-11-04,137430.01765287668
2019-11-05,137430.01765287668
2019-11-06,137430.01765287668
2019-11-07,137430.01765287668
2019-11-08,137430.01765287668
2019-11-09,137430.01765287668
2019-11-10,137430.01765287668
2019-11-11,137430.01765287668
2019-11-12,137430.01765287668
2019-11-13,137430.01765287668
2019-11-14,137430.01765287668
2019-11-15,137430.01765287668
2019-11-16,137430.01765287668
2019-11-17,137430.01765287668
2019-11-18,137430.01765287668
2019-11-19,137430.01765287668
2019-11-20,137430.01765287668
2019-11-21,137430.01765287668
2019-11-22,137430.01765287668
2019-11-23,137430.01765287668
2019-11-24,137430.01765287668
2019-11-25,137430.01765287668
2019-11-26,137137.38574546867
2019-11-27,137137.38574546867
2019-11-28,137137.38574546867
2019-11-29,137137.38574546867
2019-11-30,137137.38574546867
2019-12-01,137137.38574546867
2019-12-02,137137.38574546867
2019-12-03,137137.38574546867
2019-12-04,137137.38574546867
2019-12-05,137137.38574546867
2019-12-06,137137.38574546867
2019-12-07,138461.86649429722
2019-12-08,138461.86649429722
2019-12-09,138461.86649429722
2019-12-10,138461.86649429722
2019-12-11,138461.86649429722
2019-12-12,138461.86649429722
2019-12-13,139089.38567774522
2019-12-14,139089.38567774522
2019-12-15,139089.38567774522
2019-12-16,139089.38567774522
2019-12-17,137811.05185968676
2019-12-18,137811.05185968676
2019-12-19,137811.05185968676
2019-12-20,137811.05185968676
2019-12-21,137811.05185968676
2019-12-22,137811.05185968676
2019-12-23,137811.05185968676
2019-12-24,137811.05185968676
2019-12-25,137811.05185968676
2019-12-26,137811.05185968676
2019-12-27,138057.79870489705
2019-12-28,138057.79870489705
2019-12-29,138057.79870489705
2019-12-30,138057.79870489705
2019-12-31,138057.79870489705
2020-01-01,138057.79870489705
2020-01-02,138057.79870489705
2020-01-03,138566.33672482817
2020-01-04,138566.33672482817
2020-01-05,138566.33672482817
2020-01-06,138566.33672482817
2020-01-07,138714.9768271182
2020-01-08,138714.9768271182
2020-01-09,140804.59020794535
2020-01-10,140804.59020794535
2020-01-11,140804.59020794535
2020-01-12,140804.59020794535
2020-01-13,140804.59020794535
2020-01-14,141936.10344643804
2020-01-15,141936.10344643804
2020-01-16,141936.10344643804
2020-01-17,141863.9368390867
2020-01-18,141863.9368390867
2020-01-19,141863.9368390867
2020-01-20,141863.9368390867
2020-01-21,141863.9368390867
2020-01-22,141863.9368390867
2020-01-23,141863.9368390867
2020-01-24,141863.9368390867
2020-01-25,141863.9368390867
2020-01-26,141863.9368390867
2020-01-27,141863.9368390867
2020-01-28,141863.9368390867
2020-01-29,141863.9368390867
2020-01-30,141863.9368390867
2020-01-31,141863.9368390867
2020-02-01,141863.9368390867
2020-02-02,141863.9368390867
2020-02-03,141863.9368390867
2020-02-04,141863.9368390867
2020-02-05,148989.82398163536
2020-02-06,149577.68664199294
2020-02-07,149577.68664199294
2020-02-08,149577.68664199294
2020-02-09,149577.68664199294
2020-02-10,149577.68664199294
2020-02-11,149577.68664199294
2020-02-12,149577.68664199294
2020-02-13,149577.68664199294
2020-02-14,149577.68664199294
2020-02-15,149577.68664199294
2020-02-16,149577.68664199294
2020-02-17,149577.68664199294
2020-02-18,149577.68664199294
2020-02-19,149577.68664199294
2020-02-20,149577.68664199294
2020-02-21,149577.68664199294
2020-02-22,149577.68664199294
2020-02-23,149577.68664199294
2020-02-24,149577.68664199294
2020-02-25,149577.68664199294
2020-02-26,149577.68664199294
2020-02-27,149577.68664199294
2020-02-28,149577.68664199294
2020-02-29,149577.68664199294
2020-03-01,149577.68664199294
2020-03-02,149577.68664199294
2020-03-03,149577.68664199294
2020-03-04,149577.68664199294
2020-03-05,152369.9203754253
2020-03-06,152369.9203754253
2020-03-07,152369.9203754253
2020-03-08,152369.9203754253
2020-03-09,152369.9203754253
2020-03-10,152369.9203754253
2020-03-11,152369.9203754253
2020-03-12,152369.9203754253
2020-03-13,152369.9203754253
2020-03-14,159089.72395670865
2020-03-15,159089.72395670865
2020-03-16,159089.72395670865
2020-03-17,159089.72395670865
2020-03-18,159089.72395670865
2020-03-19,159089.72395670865
2020-03-20,159089.72395670865
2020-03-21,159089.72395670865
2020-03-22,159089.72395670865
2020-03-23,159089.72395670865
2020-03-24,159089.72395670865
2020-03-25,159134.31962482663
2020-03-26,159134.31962482663
2020-03-27,159134.31962482663
2020-03-28,155538.9568735541
2020-03-29,155538.9568735541
2020-03-30,155538.9568735541
2020-03-31,155538.9568735541
2020-04-01,155538.9568735541
2020-04-02,155538.9568735541
2020-04-03,155538.9568735541
2020-04-04,155538.9568735541
2020-04-05,155538.9568735541
2020-04-06,155538.9568735541
2020-04-07,156006.31326408242
2020-04-08,156006.31326408242
2020-04-09,156006.31326408242
2020-04-10,156006.31326408242
2020-04-11,156006.31326408242
2020-04-12,156006.31326408242
2020-04-13,156006.31326408242
2020-04-14,156006.31326408242
2020-04-15,156006.31326408242
2020-04-16,156006.31326408242
2020-04-17,155740.63345426432
2020-04-18,155740.63345426432
2020-04-19,155740.63345426432
2020-04-20,155740.63345426432
2020-04-21,155740.63345426432
2020-04-22,155740.63345426432
2020-04-23,155740.63345426432
2020-04-24,155740.63345426432
2020-04-25,155740.63345426432
2020-04-26,155740.63345426432
2020-04-27,155740.63345426432
2020-04-28,155740.63345426432
2020-04-29,155740.63345426432
2020-04-30,155856.23165612813
2020-05-01,155856.23165612813
2020-05-02,155856.23165612813
2020-05-03,155856.23165612813
2020-05-04,155856.23165612813
2020-05-05,155856.23165612813
2020-05-06,155856.23165612813
2020-05-07,155856.23165612813
2020-05-08,155856.23165612813
2020-05-09,155856.23165612813
2020-05-10,155856.23165612813
2020-05-11,155856.23165612813
2020-05-12,155856.23165612813
2020-05-13,155856.23165612813
2020-05-14,155856.23165612813
2020-05-15,155856.23165612813
2020-05-16,155856.23165612813
2020-05-17,155856.23165612813
2020-05-18,155856.23165612813
2020-05-19,155856.23165612813
2020-05-20,155856.23165612813
2020-05-21,155856.23165612813
2020-05-22,155856.23165612813
2020-05-23,155856.23165612813
2020-05-24,155856.23165612813
2020-05-25,155856.23165612813
2020-05-26,155856.23165612813
2020-05-27,155856.23165612813
2020-05-28,155856.23165612813
2020-05-29,155856.23165612813
2020-05-30,155856.23165612813
2020-05-31,155856.23165612813
2020-06-01,155856.23165612813
2020-06-02,155856.23165612813
2020-06-03,155856.23165612813
2020-06-04,155856.23165612813
2020-06-05,155856.23165612813
2020-06-06,156694.11429719932
2020-06-07,156694.11429719932
2020-06-08,156694.11429719932
2020-06-09,156694.11429719932
2020-06-10,156694.11429719932
2020-06-11,156694.11429719932
2020-06-12,156694.11429719932
2020-06-13,156694.11429719932
2020-06-14,156694.11429719932
2020-06-15,156694.11429719932
2020-06-16,158339.33923200276
2020-06-17,158339.33923200276
2020-06-18,158339.33923200276
2020-06-19,158339.33923200276
2020-06-20,158339.33923200276
2020-06-21,158339.33923200276
2020-06-22,158339.33923200276
2020-06-23,158339.33923200276
2020-06-24,158339.33923200276
2020-06-25,158339.33923200276
2020-06-26,158339.33923200276
2020-06-27,158339.33923200276
2020-06-28,158339.33923200276
2020-06-29,158339.33923200276
2020-06-30,158339.33923200276
2020-07-01,158339.33923200276
2020-07-02,158339.33923200276
2020-07-03,158339.33923200276
2020-07-04,158339.33923200276
2020-07-05,158339.33923200276
2020-07-06,158339.33923200276
2020-07-07,159839.9761894347
2020-07-08,159839.9761894347
2020-07-09,159839.9761894347
2020-07-10,159839.9761894347
2020-07-11,159839.9761894347
2020-07-12,159839.9761894347
2020-07-13,159839.9761894347
2020-07-14,159839.9761894347
2020-07-15,159839.9761894347
2020-07-16,159839.9761894347
2020-07-17,159839.9761894347
2020-07-18,159839.9761894347
2020-07-19,159839.9761894347
2020-07-20,159839.9761894347
2020-07-21,162586.8536739017
2020-07-22,162586.8536739017
2020-07-23,162586.8536739017
2020-07-24,162586.8536739017
2020-07-25,162586.8536739017
2020-07-26,162586.8536739017
2020-07-27,162586.8536739017
2020-07-28,162586.8536739017
2020-07-29,162586.8536739017
2020-07-30,162586.8536739017
2020-07-31,162586.8536739017
2020-08-01,162586.8536739017
2020-08-02,162586.8536739017
2020-08-03,162586.8536739017
2020-08-04,162586.8536739017
2020-08-05,162586.8536739017
2020-08-06,162586.8536739017
2020-08-07,162586.8536739017
2020-08-08,162586.8536739017
2020-08-09,162586.8536739017
2020-08-10,162586.8536739017
2020-08-11,162586.8536739017
2020-08-12,162586.8536739017
2020-08-13,161569.35495578853
2020-08-14,161569.35495578853
2020-08-15,161569.35495578853
2020-08-16,161569.35495578853
2020-08-17,161569.35495578853
2020-08-18,161569.35495578853
2020-08-19,161569.35495578853
2020-08-20,161569.35495578853
2020-08-21,161569.35495578853
2020-08-22,161569.35495578853
2020-08-23,161569.35495578853
2020-08-24,161569.35495578853
2020-08-25,161569.35495578853
2020-08-26,161569.35495578853
2020-08-27,162003.93570501427
2020-08-28,162003.93570501427
2020-08-29,162003.93570501427
2020-08-30,162003.93570501427
2020-08-31,162003.93570501427
2020-09-01,162003.93570501427
2020-09-02,162436.9334057037
2020-09-03,162436.9334057037
2020-09-04,162436.9334057037
2020-09-05,162436.9334057037
2020-09-06,162436.9334057037
2020-09-07,162436.9334057037
2020-09-08,162436.9334057037
2020-09-09,162436.9334057037
2020-09-10,162436.9334057037
2020-09-11,162436.9334057037
2020-09-12,162436.9334057037
2020-09-13,162436.9334057037
2020-09-14,162436.9334057037
2020-09-15,162436.9334057037
2020-09-16,162436.9334057037
2020-09-17,162436.9334057037
2020-09-18,162436.9334057037
2020-09-19,162436.9334057037
2020-09-20,162436.9334057037
2020-09-21,162436.9334057037
2020-09-22,162436.9334057037
2020-09-23,162436.9334057037
2020-09-24,162436.9334057037
2020-09-25,162436.9334057037
2020-09-26,162436.9334057037
2020-09-27,162436.9334057037
2020-09-28,162436.9334057037
2020-09-29,162436.9334057037
2020-09-30,162436.9334057037
2020-10-01,162436.9334057037
2020-10-02,162436.9334057037
2020-10-03,162436.9334057037
2020-10-04,162436.9334057037
2020-10-05,162436.9334057037
2020-10-06,162436.9334057037
2020-10-07,162436.9334057037
2020-10-08,163339.57023656915
2020-10-09,163339.57023656915
2020-10-10,163339.57023656915
2020-10-11,163339.57023656915
2020-10-12,163339.57023656915
2020-10-13,165811.693604555
2020-10-14,165811.693604555
2020-10-15,165811.693604555
2020-10-16,165811.693604555
2020-10-17,165811.693604555
2020-10-18,165811.693604555
2020-10-19,165811.693604555
2020-10-20,165811.693604555
2020-10-21,165811.693604555
2020-10-22,165811.693604555
2020-10-23,165811.693604555
2020-10-24,165811.693604555
2020-10-25,165811.693604555
2020-10-26,165811.693604555
2020-10-27,165811.693604555
2020-10-28,165811.693604555
2020-10-29,165811.693604555
2020-10-30,165811.693604555
2020-10-31,165811.693604555
2020-11-01,165811.693604555
2020-11-02,165811.693604555
2020-11-03,165811.693604555
2020-11-04,165811.693604555
2020-11-05,165811.693604555
2020-11-06,165895.77448233106
2020-11-07,165895.77448233106
2020-11-08,165895.77448233106
2020-11-09,165895.77448233106
2020-11-10,165895.77448233106
2020-11-11,165895.77448233106
2020-11-12,166171.67986568832
2020-11-13,166171.67986568832
2020-11-14,166171.67986568832
2020-11-15,166171.67986568832
2020-11-16,166171.67986568832
2020-11-17,166171.67986568832
2020-11-18,166171.67986568832
2020-11-19,166171.67986568832
2020-11-20,166171.67986568832
2020-11-21,166171.67986568832
2020-11-22,166171.67986568832
2020-11-23,166171.67986568832
2020-11-24,166171.67986568832
2020-11-25,166171.67986568832
2020-11-26,166171.67986568832
2020-11-27,166171.67986568832
2020-11-28,166171.67986568832
2020-11-29,166171.67986568832
2020-11-30,166171.67986568832
2020-12-01,166171.67986568832
2020-12-02,166171.67986568832
2020-12-03,166171.67986568832
2020-12-04,166171.67986568832
2020-12-05,166171.67986568832
2020-12-06,166171.67986568832
2020-12-07,166171.67986568832
2020-12-08,166171.67986568832
2020-12-09,166171.67986568832
2020-12-10,166171.67986568832
2020-12-11,166171.67986568832
2020-12-12,166171.67986568832
2020-12-13,166171.67986568832
2020-12-14,166171.67986568832
2020-12-15,166171.67986568832
2020-12-16,165913.78627393307
2020-12-17,165913.78627393307
2020-12-18,165913.78627393307
2020-12-19,165913.78627393307
2020-12-20,165913.78627393307
2020-12-21,165913.78627393307
2020-12-22,165913.78627393307
2020-12-23,165913.78627393307
2020-12-24,165913.78627393307
2020-12-25,165913.78627393307
2020-12-26,165913.78627393307
2020-12-27,165913.78627393307
2020-12-28,165913.78627393307
2020-12-29,165913.78627393307
2020-12-30,165913.78627393307
2020-12-31,165913.78627393307
2021-01-01,165913.78627393307
2021-01-02,165913.78627393307
2021-01-03,165913.78627393307
2021-01-04,165913.78627393307
2021-01-05,165913.78627393307
2021-01-06,165913.78627393307
2021-01-07,165913.78627393307
2021-01-08,165913.78627393307
2021-01-09,165913.78627393307
2021-01-10,165913.78627393307
2021-01-11,165913.78627393307
2021-01-12,165913.78627393307
2021-01-13,165913.78627393307
2021-01-14,165913.78627393307
2021-01-15,165913.78627393307
2021-01-16,165913.78627393307
2021-01-17,165913.78627393307
2021-01-18,165913.78627393307
2021-01-19,165913.78627393307
2021-01-20,167672.98186869136
2021-01-21,170810.21046708015
2021-01-22,170810.21046708015
2021-01-23,170810.21046708015
2021-01-24,170810.21046708015
2021-01-25,170810.21046708015
2021-01-26,170810.21046708015
2021-01-27,170810.21046708015
2021-01-28,170810.21046708015
2021-01-29,170810.21046708015
2021-01-30,170810.21046708015
2021-01-31,170810.21046708015
2021-02-01,170810.21046708015
2021-02-02,170810.21046708015
2021-02-03,171775.8438209813
2021-02-04,171775.8438209813
2021-02-05,171775.8438209813
2021-02-06,171775.8438209813
2021-02-07,171775.8438209813
2021-02-08,171775.8438209813
2021-02-09,171775.8438209813
2021-02-10,171775.8438209813
2021-02-11,171775.8438209813
2021-02-12,171775.8438209813
2021-02-13,171775.8438209813
2021-02-14,171775.8438209813
2021-02-15,171775.8438209813
2021-02-16,171775.8438209813
2021-02-17,171775.8438209813
2021-02-18,171775.8438209813
2021-02-19,171775.8438209813
2021-02-20,171775.8438209813
2021-02-21,171775.8438209813
2021-02-22,171775.8438209813
2021-02-23,171775.8438209813
2021-02-24,171775.8438209813
2021-02-25,171775.8438209813
2021-02-26,171775.8438209813
2021-02-27,171775.8438209813
2021-02-28,171775.8438209813
2021-03-01,171775.8438209813
2021-03-02,172922.8016589008
2021-03-03,172922.8016589008
2021-03-04,172922.8016589008
2021-03-05,172922.8016589008
2021-03-06,172922.8016589008
2021-03-07,172922.8016589008
2021-03-08,172922.8016589008
2021-03-09,172922.8016589008
2021-03-10,174735.00200485752
2021-03-11,174735.00200485752
2021-03-12,174735.00200485752
2021-03-13,174735.00200485752
2021-03-14,174735.00200485752
2021-03-15,174735.00200485752
2021-03-16,174735.00200485752
2021-03-17,174735.00200485752
2021-03-18,174735.00200485752
2021-03-19,174735.00200485752
2021-03-20,174735.00200485752
2021-03-21,174735.00200485752
2021-03-22,174735.00200485752
2021-03-23,174735.00200485752
2021-03-24,174735.00200485752
2021-03-25,174735.00200485752
2021-03-26,174735.00200485752
2021-03-27,174735.00200485752
2021-03-28,174735.00200485752
2021-03-29,174735.00200485752
2021-03-30,174735.00200485752
2021-03-31,174735.00200485752
2021-04-01,174735.00200485752
2021-04-02,174735.00200485752
2021-04-03,174735.00200485752
2021-04-04,174735.00200485752
2021-04-05,174735.00200485752
2021-04-06,175951.57097648433
2021-04-07,175951.57097648433
2021-04-08,175951.57097648433
2021-04-09,175951.57097648433
2021-04-10,175951.57097648433
2021-04-11,175951.57097648433
2021-04-12,175951.57097648433
2021-04-13,175951.57097648433
2021-04-14,175951.57097648433
2021-04-15,175951.57097648433
2021-04-16,176179.54152389895
2021-04-17,176179.54152389895
2021-04-18,176179.54152389895
2021-04-19,176179.54152389895
2021-04-20,176179.54152389895
2021-04-21,176179.54152389895
2021-04-22,174806.19810304884
2021-04-23,174806.19810304884
2021-04-24,172929.5189073353
2021-04-25,172929.5189073353
2021-04-26,172929.5189073353
2021-04-27,172929.5189073353
2021-04-28,172929.5189073353
2021-04-29,172929.5189073353
2021-04-30,172929.5189073353
2021-05-01,172929.5189073353
2021-05-02,172929.5189073353
2021-05-03,172929.5189073353
2021-05-04,172929.5189073353
2021-05-05,172929.5189073353
2021-05-06,172929.5189073353
2021-05-07,172929.5189073353
2021-05-08,173032.78139792097
2021-05-09,173032.78139792097
2021-05-10,173032.78139792097
2021-05-11,173032.78139792097
2021-05-12,173032.78139792097
2021-05-13,173032.78139792097
2021-05-14,173246.98696800496
2021-05-15,176053.13027496543
2021-05-16,176053.13027496543
2021-05-17,176053.13027496543
2021-05-18,176053.13027496543
2021-05-19,176053.13027496543
2021-05-20,176053.13027496543
2021-05-21,177103.6209338019
2021-05-22,177103.6209338019
2021-05-23,177103.6209338019
2021-05-24,177103.6209338019
2021-05-25,178451.40134774498
2021-05-26,178451.40134774498
2021-05-27,178451.40134774498
2021-05-28,178451.40134774498
2021-05-29,178451.40134774498
2021-05-30,178451.40134774498
2021-05-31,178451.40134774498
2021-06-01,178451.40134774498
2021-06-02,178451.40134774498
2021-06-03,178451.40134774498
2021-06-04,178451.40134774498
2021-06-05,180793.199969406
2021-06-06,180793.199969406
2021-06-07,180793.199969406
2021-06-08,180793.199969406
2021-06-09,180793.199969406
2021-06-10,180793.199969406
2021-06-11,180793.199969406
2021-06-12,180793.199969406
2021-06-13,180793.199969406
2021-06-14,180793.199969406
2021-06-15,180793.199969406
2021-06-16,180793.199969406
2021-06-17,180793.199969406
2021-06-18,180793.199969406
2021-06-19,180793.199969406
2021-06-20,180793.199969406
2021-06-21,180793.199969406
2021-06-22,180793.199969406
2021-06-23,180793.199969406
2021-06-24,180793.199969406
2021-06-25,180793.199969406
2021-06-26,180793.199969406
2021-06-27,180793.199969406
2021-06-28,180793.199969406
2021-06-29,180147.56138949294
2021-06-30,180147.56138949294
2021-07-01,180147.56138949294
2021-07-02,180147.56138949294
2021-07-03,181515.96005584107
2021-07-04,181515.96005584107
2021-07-05,181515.96005584107
2021-07-06,181515.96005584107
2021-07-07,181515.96005584107
2021-07-08,181515.96005584107
2021-07-09,181515.96005584107
2021-07-10,183903.57604016413
2021-07-11,183903.57604016413
2021-07-12,183903.57604016413
2021-07-13,183903.57604016413
2021-07-14,183903.57604016413
2021-07-15,181999.3056427691
2021-07-16,181999.3056427691
2021-07-17,181999.3056427691
2021-07-18,181999.3056427691
2021-07-19,181999.3056427691
2021-07-20,181999.3056427691
2021-07-21,181961.85347239109
2021-07-22,181961.85347239109
2021-07-23,181961.85347239109
2021-07-24,181961.85347239109
2021-07-25,181961.85347239109
2021-07-26,181961.85347239109
2021-07-27,181961.85347239109
2021-07-28,181961.85347239109
2021-07-29,181961.85347239109
2021-07-30,181961.85347239109
2021-07-31,181961.85347239109
2021-08-01,181961.85347239109
2021-08-02,181961.85347239109
2021-08-03,181961.85347239109
2021-08-04,181961.85347239109
2021-08-05,181961.85347239109
2021-08-06,181961.85347239109
2021-08-07,181961.85347239109
2021-08-08,181961.85347239109
2021-08-09,181961.85347239109
2021-08-10,181961.85347239109
2021-08-11,181961.85347239109
2021-08-12,181961.85347239109
2021-08-13,181961.85347239109
2021-08-14,181961.85347239109
2021-08-15,181961.85347239109
2021-08-16,181961.85347239109
2021-08-17,181961.85347239109
2021-08-18,181961.85347239109
2021-08-19,181961.85347239109
2021-08-20,181961.85347239109
2021-08-21,182896.24064792687
2021-08-22,182896.24064792687
2021-08-23,182896.24064792687
2021-08-24,185658.33524601214
2021-08-25,185658.33524601214
2021-08-26,185658.33524601214
2021-08-27,185658.33524601214
2021-08-28,185658.33524601214
2021-08-29,185658.33524601214
2021-08-30,185658.33524601214
2021-08-31,185883.07494417933
2021-09-01,185883.07494417933
2021-09-02,185883.07494417933
2021-09-03,185883.07494417933
2021-09-04,185883.07494417933
2021-09-05,185883.07494417933
2021-09-06,185883.07494417933
2021-09-07,185883.07494417933
2021-09-08,185883.07494417933
2021-09-09,185883.07494417933
2021-09-10,185883.07494417933
2021-09-11,185883.07494417933
2021-09-12,185883.07494417933
2021-09-13,185883.07494417933
2021-09-14,185883.07494417933
2021-09-15,185883.07494417933
2021-09-16,186123.11891122232
2021-09-17,186123.11891122232
2021-09-18,186123.11891122232
2021-09-19,186123.11891122232
2021-09-20,186123.11891122232
2021-09-21,186123.11891122232
2021-09-22,186123.11891122232
2021-09-23,186123.11891122232
2021-09-24,186123.11891122232
2021-09-25,186123.11891122232
2021-09-26,186123.11891122232
2021-09-27,186123.11891122232
2021-09-28,186123.11891122232
2021-09-29,186123.11891122232
2021-09-30,186123.11891122232
2021-10-01,186123.11891122232
2021-10-02,185091.08457664994
2021-10-03,185091.08457664994
2021-10-04,185091.08457664994
2021-10-05,185091.08457664994
2021-10-06,183309.47719813965
2021-10-07,183309.47719813965
2021-10-08,183309.47719813965
2021-10-09,183309.47719813965
2021-10-10,183309.47719813965
2021-10-11,183309.47719813965
2021-10-12,183309.47719813965
2021-10-13,183309.47719813965
2021-10-14,183309.47719813965
2021-10-15,185433.69267918926
2021-10-16,185433.69267918926
2021-10-17,185433.69267918926
2021-10-18,185433.69267918926
2021-10-19,185652.3314410007
2021-10-20,185652.3314410007
2021-10-21,185652.3314410007
2021-10-22,185652.3314410007
2021-10-23,185652.3314410007
2021-10-24,185652.3314410007
2021-10-25,185652.3314410007
2021-10-26,185652.3314410007
2021-10-27,185652.3314410007
2021-10-28,185652.3314410007
2021-10-29,185652.3314410007
2021-10-30,185652.3314410007
2021-10-31,185652.3314410007
2021-11-01,185652.3314410007
2021-11-02,185652.3314410007
2021-11-03,185652.3314410007
2021-11-04,187485.74215459684
2021-11-05,187485.74215459684
2021-11-06,187485.74215459684
2021-11-07,187485.74215459684
2021-11-08,187485.74215459684
2021-11-09,187485.74215459684
2021-11-10,187485.74215459684
2021-11-11,187485.74215459684
2021-11-12,187485.74215459684
2021-11-13,187485.74215459684
2021-11-14,187485.74215459684
2021-11-15,187485.74215459684
2021-11-16,187485.74215459684
2021-11-17,187485.74215459684
2021-11-18,187485.74215459684
2021-11-19,187485.74215459684
2021-11-20,187485.74215459684
2021-11-21,187485.74215459684
2021-11-22,187485.74215459684
2021-11-23,173236.5365331351
2021-11-24,173236.5365331351
2021-11-25,173236.5365331351
2021-11-26,173236.5365331351
2021-11-27,173236.5365331351
2021-11-28,173236.5365331351
2021-11-29,173236.5365331351
2021-11-30,174401.4478377854
2021-12-01,174401.4478377854
2021-12-02,174401.4478377854
2021-12-03,174401.4478377854
2021-12-04,174401.4478377854
2021-12-05,174401.4478377854
2021-12-06,174401.4478377854
2021-12-07,174401.4478377854
2021-12-08,185592.99366070225
2021-12-09,185592.99366070225
2021-12-10,185592.99366070225
2021-12-11,185592.99366070225
2021-12-12,185592.99366070225
2021-12-13,185592.99366070225
2021-12-14,185592.99366070225
2021-12-15,185592.99366070225
2021-12-16,187649.62362319234
2021-12-17,187649.62362319234
2021-12-18,187649.62362319234
2021-12-19,187649.62362319234
2021-12-20,187649.62362319234
2021-12-21,187649.62362319234
2021-12-22,187649.62362319234
2021-12-23,187649.62362319234
2021-12-24,187649.62362319234
2021-12-25,187649.62362319234
2021-12-26,187649.62362319234
2021-12-27,187649.62362319234
2021-12-28,187649.62362319234
2021-12-29,187649.62362319234
2021-12-30,187649.62362319234
2021-12-31,187649.62362319234
2022-01-01,187649.62362319234
2022-01-02,187649.62362319234
2022-01-03,187649.62362319234
2022-01-04,187649.62362319234
2022-01-05,187649.62362319234
2022-01-06,187649.62362319234
2022-01-07,187649.62362319234
2022-01-08,187649.62362319234
2022-01-09,187649.62362319234
2022-01-10,187649.62362319234
2022-01-11,187649.62362319234
2022-01-12,187649.62362319234
2022-01-13,187649.62362319234
2022-01-14,187649.62362319234
2022-01-15,187649.62362319234
2022-01-16,187649.62362319234
2022-01-17,187649.62362319234
2022-01-18,187649.62362319234
2022-01-19,187649.62362319234
2022-01-20,187649.62362319234
2022-01-21,187649.62362319234
2022-01-22,187649.62362319234
2022-01-23,187649.62362319234
2022-01-24,187649.62362319234
2022-01-25,187649.62362319234
2022-01-26,187649.62362319234
2022-01-27,187649.62362319234
2022-01-28,187649.62362319234
2022-01-29,187649.62362319234
2022-01-30,187649.62362319234
2022-01-31,187649.62362319234
2022-02-01,188792.4229254059
2022-02-02,188792.4229254059
2022-02-03,188792.4229254059
2022-02-04,188792.4229254059
2022-02-05,188792.4229254059
2022-02-06,188792.4229254059
2022-02-07,188792.4229254059
2022-02-08,188792.4229254059
2022-02-09,188792.4229254059
2022-02-10,188792.4229254059
2022-02-11,188792.4229254059
2022-02-12,188792.4229254059
2022-02-13,188792.4229254059
2022-02-14,188792.4229254059
2022-02-15,188792.4229254059
2022-02-16,188792.4229254059
2022-02-17,188792.4229254059
2022-02-18,188792.4229254059
2022-02-19,188792.4229254059
2022-02-20,188792.4229254059
2022-02-21,188792.4229254059
2022-02-22,188792.4229254059
2022-02-23,186967.41152485687
2022-02-24,186967.41152485687
2022-02-25,186967.41152485687
2022-02-26,187885.32243767037
2022-02-27,187885.32243767037
2022-02-28,187885.32243767037
2022-03-01,187885.32243767037
2022-03-02,187885.32243767037
2022-03-03,187885.32243767037
2022-03-04,187885.32243767037
2022-03-05,187885.32243767037
2022-03-06,187885.32243767037
2022-03-07,187885.32243767037
2022-03-08,187885.32243767037
2022-03-09,187885.32243767037
2022-03-10,188045.69531555893
2022-03-11,188045.69531555893
2022-03-12,188045.69531555893
2022-03-13,188045.69531555893
2022-03-14,188045.69531555893
2022-03-15,188045.69531555893
2022-03-16,188045.69531555893
2022-03-17,188444.7412513105
2022-03-18,188444.7412513105
2022-03-19,188444.7412513105
2022-03-20,188444.7412513105
2022-03-21,188444.7412513105
2022-03-22,188444.7412513105
2022-03-23,188444.7412513105
2022-03-24,188444.7412513105
2022-03-25,188444.7412513105
2022-03-26,188444.7412513105
2022-03-27,188444.7412513105
2022-03-28,188444.7412513105
2022-03-29,188444.7412513105
2022-03-30,188444.7412513105
2022-03-31,188444.7412513105
2022-04-01,188444.7412513105
2022-04-02,188444.7412513105
2022-04-03,188444.7412513105
2022-04-04,188444.7412513105
2022-04-05,188953.89241335244
2022-04-06,188953.89241335244
2022-04-07,188953.89241335244
2022-04-08,188953.89241335244
2022-04-09,188953.89241335244
2022-04-10,188953.89241335244
2022-04-11,188953.89241335244
2022-04-12,188953.89241335244
2022-04-13,188953.89241335244
2022-04-14,188953.89241335244
2022-04-15,188953.89241335244
2022-04-16,188953.89241335244
2022-04-17,188953.89241335244
2022-04-18,188953.89241335244
2022-04-19,188953.89241335244
2022-04-20,188953.89241335244
2022-04-21,188953.89241335244
2022-04-22,188953.89241335244
2022-04-23,188953.89241335244
2022-04-24,188953.89241335244
2022-04-25,188953.89241335244
2022-04-26,188953.89241335244
2022-04-27,188953.89241335244
2022-04-28,188953.89241335244
2022-04-29,186222.00977684034
2022-04-30,186222.00977684034
2022-05-01,186222.00977684034
2022-05-02,186222.00977684034
2022-05-03,186222.00977684034
2022-05-04,186222.00977684034
2022-05-05,187001.04009685753
2022-05-06,187001.04009685753
2022-05-07,187001.04009685753
2022-05-08,187001.04009685753
2022-05-09,187001.04009685753
2022-05-10,187001.04009685753
2022-05-11,187001.04009685753
2022-05-12,187001.04009685753
2022-05-13,187001.04009685753
2022-05-14,187001.04009685753
2022-05-15,187001.04009685753
2022-05-16,187001.04009685753
2022-05-17,187001.04009685753
2022-05-18,187001.04009685753
2022-05-19,187001.04009685753
2022-05-20,187001.04009685753
2022-05-21,187001.04009685753
2022-05-22,187001.04009685753
2022-05-23,187001.04009685753
2022-05-24,187001.04009685753
2022-05-25,187001.04009685753
2022-05-26,187001.04009685753
2022-05-27,186247.82423358288
2022-05-28,186535.8942795985
2022-05-29,186535.8942795985
2022-05-30,186936.88143995713
2022-05-31,186936.88143995713
2022-06-01,186936.88143995713
2022-06-02,186936.88143995713
2022-06-03,187292.83487723407
2022-06-04,187292.83487723407
2022-06-05,187292.83487723407
2022-06-06,187292.83487723407
2022-06-07,187292.83487723407
2022-06-08,187292.83487723407
2022-06-09,187292.83487723407
2022-06-10,187292.83487723407
2022-06-11,187292.83487723407
2022-06-12,187292.83487723407
2022-06-13,187292.83487723407
2022-06-14,187292.83487723407
2022-06-15,187292.83487723407
2022-06-16,187844.28314743532
2022-06-17,187844.28314743532
2022-06-18,187844.28314743532
2022-06-19,187844.28314743532
2022-06-20,187844.28314743532
2022-06-21,187844.28314743532
2022-06-22,187844.28314743532
2022-06-23,187844.28314743532
2022-06-24,187844.28314743532
2022-06-25,191203.96487341227
2022-06-26,191203.96487341227
2022-06-27,191203.96487341227
2022-06-28,191203.96487341227
2022-06-29,191203.96487341227
2022-06-30,191203.96487341227
2022-07-01,191203.96487341227
2022-07-02,191203.96487341227
2022-07-03,191203.96487341227
2022-07-04,191203.96487341227
2022-07-05,191203.96487341227
2022-07-06,191203.96487341227
2022-07-07,191203.96487341227
2022-07-08,191203.96487341227
2022-07-09,191203.96487341227
2022-07-10,191203.96487341227
2022-07-11,191203.96487341227
2022-07-12,191203.96487341227
2022-07-13,191203.96487341227
2022-07-14,191203.96487341227
2022-07-15,191203.96487341227
2022-07-16,191203.96487341227
2022-07-17,191203.96487341227
2022-07-18,191203.96487341227
2022-07-19,191203.96487341227
2022-07-20,195016.47854120826
2022-07-21,195016.47854120826
2022-07-22,195016.47854120826
2022-07-23,195016.47854120826
2022-07-24,195016.47854120826
2022-07-25,195016.47854120826
2022-07-26,195016.47854120826
2022-07-27,195016.47854120826
2022-07-28,195072.40572908515
2022-07-29,194655.03862550337
2022-07-30,194655.03862550337
2022-07-31,194655.03862550337
2022-08-01,194655.03862550337
2022-08-02,194655.03862550337
2022-08-03,194655.03862550337
2022-08-04,195126.24669460038
2022-08-05,195126.24669460038
2022-08-06,195126.24669460038
2022-08-07,195126.24669460038
2022-08-08,195126.24669460038
2022-08-09,195126.24669460038
2022-08-10,195126.24669460038
2022-08-11,197547.09912666553
2022-08-12,197547.09912666553
2022-08-13,197704.76772209373
2022-08-14,197704.76772209373
2022-08-15,197704.76772209373
2022-08-16,197704.76772209373
2022-08-17,197704.76772209373
2022-08-18,197704.76772209373
2022-08-19,197704.76772209373
2022-08-20,197704.76772209373
2022-08-21,197704.76772209373
2022-08-22,197704.76772209373
2022-08-23,197704.76772209373
2022-08-24,197704.76772209373
2022-08-25,197704.76772209373
2022-08-26,197704.76772209373
2022-08-27,197704.76772209373
2022-08-28,197704.76772209373
2022-08-29,197704.76772209373
2022-08-30,197704.76772209373
2022-08-31,197704.76772209373
2022-09-01,197704.76772209373
2022-09-02,197704.76772209373
2022-09-03,197704.76772209373
2022-09-04,197704.76772209373
2022-09-05,197704.76772209373
2022-09-06,197704.76772209373
2022-09-07,197704.76772209373
2022-09-08,197614.9624785061
2022-09-09,197614.9624785061
2022-09-10,197614.9624785061
2022-09-11,197614.9624785061
2022-09-12,197614.9624785061
2022-09-13,197614.9624785061
2022-09-14,197614.9624785061
2022-09-15,197614.9624785061
2022-09-16,197614.9624785061
2022-09-17,197614.9624785061
2022-09-18,197614.9624785061
2022-09-19,197614.9624785061
2022-09-20,197614.9624785061
2022-09-21,197614.9624785061
2022-09-22,197614.9624785061
2022-09-23,197614.9624785061
2022-09-24,197614.9624785061
2022-09-25,197614.9624785061
2022-09-26,197614.9624785061
2022-09-27,197614.9624785061
2022-09-28,197614.9624785061
2022-09-29,196552.77638299234
2022-09-30,196552.77638299234
2022-10-01,196552.77638299234
2022-10-02,196552.77638299234
2022-10-03,196552.77638299234
2022-10-04,198294.84996257717
2022-10-05,197450.8025357086
2022-10-06,197450.8025357086
2022-10-07,197450.8025357086
2022-10-08,197450.8025357086
2022-10-09,197450.8025357086
2022-10-10,197450.8025357086
2022-10-11,197450.8025357086
2022-10-12,197450.8025357086
2022-10-13,197450.8025357086
2022-10-14,197450.8025357086
2022-10-15,197450.8025357086
2022-10-16,197450.8025357086
2022-10-17,197450.8025357086
2022-10-18,199854.6733439564
2022-10-19,199854.6733439564
2022-10-20,199854.6733439564
2022-10-21,199854.6733439564
2022-10-22,200714.2030437739
2022-10-23,200714.2030437739
2022-10-24,200714.2030437739
2022-10-25,200714.2030437739
2022-10-26,200714.2030437739
2022-10-27,200714.2030437739
2022-10-28,200714.2030437739
2022-10-29,204364.26000179007
2022-10-30,204364.26000179007
2022-10-31,204364.26000179007
2022-11-01,204364.26000179007
2022-11-02,204364.26000179007
2022-11-03,204364.26000179007
2022-11-04,204364.26000179007
2022-11-05,204364.26000179007
2022-11-06,204364.26000179007
2022-11-07,204364.26000179007
2022-11-08,204364.26000179007
2022-11-09,204364.26000179007
2022-11-10,204364.26000179007
2022-11-11,204364.26000179007
2022-11-12,204364.26000179007
2022-11-13,204364.26000179007
2022-11-14,204364.26000179007
2022-11-15,204364.26000179007
2022-11-16,200037.34555074386
2022-11-17,200037.34555074386
2022-11-18,200037.34555074386
2022-11-19,200037.34555074386
2022-11-20,200037.34555074386
2022-11-21,200037.34555074386
2022-11-22,200037.34555074386
2022-11-23,200037.34555074386
2022-11-24,200037.34555074386
2022-11-25,200037.34555074386
2022-11-26,200037.34555074386
2022-11-27,200037.34555074386
2022-11-28,200037.34555074386
2022-11-29,200037.34555074386
2022-11-30,200037.34555074386
2022-12-01,203907.53968981083
2022-12-02,203907.53968981083
2022-12-03,203907.53968981083
2022-12-04,203907.53968981083
2022-12-05,203907.53968981083
2022-12-06,203907.53968981083
2022-12-07,203907.53968981083
2022-12-08,203907.53968981083
2022-12-09,203907.53968981083
2022-12-10,203907.53968981083
2022-12-11,203907.53968981083
2022-12-12,203907.53968981083
2022-12-13,203907.53968981083
2022-12-14,196878.69882167026
2022-12-15,196878.69882167026
2022-12-16,196878.69882167026
2022-12-17,196878.69882167026
2022-12-18,196878.69882167026
2022-12-19,196878.69882167026
2022-12-20,196878.69882167026
2022-12-21,196878.69882167026
2022-12-22,196878.69882167026
2022-12-23,196878.69882167026
2022-12-24,196878.69882167026
2022-12-25,196878.69882167026
2022-12-26,196878.69882167026
2022-12-27,196878.69882167026
2022-12-28,196878.69882167026
2022-12-29,196878.69882167026
2022-12-30,195634.56402544977
2022-12-31,195634.56402544977
2023-01-01,195634.56402544977
2023-01-02,195634.56402544977
2023-01-03,195634.56402544977
2023-01-04,195634.56402544977
2023-01-05,195634.56402544977
2023-01-06,195634.56402544977
2023-01-07,196487.14484370587
2023-01-08,196487.14484370587
2023-01-09,196487.14484370587
2023-01-10,191146.4330257168
2023-01-11,191146.4330257168
2023-01-12,191146.4330257168
2023-01-13,191146.4330257168
2023-01-14,191146.4330257168
2023-01-15,191146.4330257168
2023-01-16,191146.4330257168
2023-01-17,191146.4330257168
2023-01-18,191146.4330257168
2023-01-19,191146.4330257168
2023-01-20,191146.4330257168
2023-01-21,192944.7902988652
2023-01-22,192944.7902988652
2023-01-23,192944.7902988652
2023-01-24,194421.8950483454
2023-01-25,194421.8950483454
2023-01-26,194421.8950483454
2023-01-27,194421.8950483454
2023-01-28,193515.51836485486
2023-01-29,193515.51836485486
2023-01-30,193515.51836485486
2023-01-31,193515.51836485486
2023-02-01,193515.51836485486
2023-02-02,193515.51836485486
2023-02-03,191890.58293172962
2023-02-04,191890.58293172962
2023-02-05,191890.58293172962
2023-02-06,191890.58293172962
2023-02-07,191890.58293172962
2023-02-08,191512.98219769727
2023-02-09,191512.98219769727
2023-02-10,191512.98219769727
2023-02-11,191512.98219769727
2023-02-12,191512.98219769727
2023-02-13,191512.98219769727
2023-02-14,191403.16271929845
2023-02-15,191403.16271929845
2023-02-16,191403.16271929845
2023-02-17,191403.16271929845
2023-02-18,191403.16271929845
2023-02-19,191403.16271929845
2023-02-20,191403.16271929845
2023-02-21,191403.16271929845
2023-02-22,191403.16271929845
2023-02-23,191403.16271929845
2023-02-24,191403.16271929845
2023-02-25,191403.16271929845
2023-02-26,191403.16271929845
2023-02-27,191403.16271929845
2023-02-28,191403.16271929845
2023-03-01,191403.16271929845
2023-03-02,191403.16271929845
2023-03-03,191403.16271929845
2023-03-04,195219.93219538883
2023-03-05,195219.93219538883
2023-03-06,195219.93219538883
2023-03-07,195219.93219538883
2023-03-08,195219.93219538883
2023-03-09,195219.93219538883
2023-03-10,195219.93219538883
2023-03-11,195219.93219538883
2023-03-12,195219.93219538883
2023-03-13,195219.93219538883
2023-03-14,195219.93219538883
2023-03-15,195219.93219538883
2023-03-16,195219.93219538883
2023-03-17,195449.9058859054
2023-03-18,195449.9058859054
2023-03-19,195449.9058859054
2023-03-20,195449.9058859054
2023-03-21,195449.9058859054
2023-03-22,195449.9058859054
2023-03-23,195449.9058859054
2023-03-24,195449.9058859054
2023-03-25,195449.9058859054
2023-03-26,195449.9058859054
2023-03-27,195449.9058859054
2023-03-28,195449.9058859054
2023-03-29,195449.9058859054
2023-03-30,195449.9058859054
2023-03-31,195449.9058859054
2023-04-01,195449.9058859054
2023-04-02,195449.9058859054
2023-04-03,195449.9058859054
2023-04-04,195449.9058859054
2023-04-05,195449.9058859054
2023-04-06,195449.9058859054
2023-04-07,195449.9058859054
2023-04-08,195449.9058859054
2023-04-09,195449.9058859054
2023-04-10,195449.9058859054
2023-04-11,195449.9058859054
2023-04-12,195449.9058859054
2023-04-13,195449.9058859054
2023-04-14,197082.72125698556
2023-04-15,197082.72125698556
2023-04-16,197082.72125698556
2023-04-17,197082.72125698556
2023-04-18,197082.72125698556
2023-04-19,197082.72125698556
2023-04-20,197082.72125698556
2023-04-21,197082.72125698556
2023-04-22,197082.72125698556
2023-04-23,197082.72125698556
2023-04-24,197082.72125698556
2023-04-25,197082.72125698556
2023-04-26,197082.72125698556
2023-04-27,197082.72125698556
2023-04-28,199960.35449484043
2023-04-29,199960.35449484043
2023-04-30,199960.35449484043
2023-05-01,199153.08912315717
2023-05-02,199153.08912315717
2023-05-03,199153.08912315717
2023-05-04,199153.08912315717
2023-05-05,199153.08912315717
2023-05-06,202501.61033099025
2023-05-07,202501.61033099025
2023-05-08,202501.61033099025
2023-05-09,202501.61033099025
2023-05-10,202501.61033099025
2023-05-11,202501.61033099025
2023-05-12,202501.61033099025
2023-05-13,202501.61033099025
2023-05-14,202501.61033099025
2023-05-15,202501.61033099025
2023-05-16,202501.61033099025
2023-05-17,202501.61033099025
2023-05-18,202646.76701822528
2023-05-19,203403.08535764815
2023-05-20,203403.08535764815
2023-05-21,203403.08535764815
2023-05-22,203403.08535764815
2023-05-23,203403.08535764815
2023-05-24,203403.08535764815
2023-05-25,203403.08535764815
2023-05-26,203403.08535764815
2023-05-27,204829.41891616228
2023-05-28,204829.41891616228
2023-05-29,204829.41891616228
2023-05-30,204829.41891616228
2023-05-31,200460.8850357518
2023-06-01,200460.8850357518
2023-06-02,199696.23552002417
2023-06-03,201896.61090937414
2023-06-04,201896.61090937414
2023-06-05,201896.61090937414
2023-06-06,201896.61090937414
2023-06-07,201896.61090937414
2023-06-08,201896.61090937414
2023-06-09,201896.61090937414
2023-06-10,201896.61090937414
2023-06-11,201896.61090937414
2023-06-12,201896.61090937414
2023-06-13,203105.2327741591
2023-06-14,203105.2327741591
2023-06-15,203105.2327741591
2023-06-16,204214.8831134598
2023-06-17,204214.8831134598
2023-06-18,204214.8831134598
2023-06-19,204214.8831134598
2023-06-20,204214.8831134598
2023-06-21,204214.8831134598
2023-06-22,204214.8831134598
2023-06-23,204214.8831134598
2023-06-24,204214.8831134598
2023-06-25,204214.8831134598
2023-06-26,204214.8831134598
2023-06-27,204214.8831134598
2023-06-28,202545.32537510336
2023-06-29,202545.32537510336
2023-06-30,202545.32537510336
2023-07-01,203789.32071205403
2023-07-02,203789.32071205403
2023-07-03,203789.32071205403
2023-07-04,203789.32071205403
2023-07-05,203789.32071205403
2023-07-06,203789.32071205403
2023-07-07,203789.32071205403
2023-07-08,203789.32071205403
2023-07-09,203789.32071205403
2023-07-10,203789.32071205403
2023-07-11,203789.32071205403
2023-07-12,203789.32071205403
2023-07-13,206886.34199399003
2023-07-14,205940.5358231368
2023-07-15,205940.5358231368
2023-07-16,205940.5358231368
2023-07-17,205940.5358231368
2023-07-18,205055.0251478874
2023-07-19,204111.41153557177
2023-07-20,204111.41153557177
2023-07-21,204111.41153557177
2023-07-22,204111.41153557177
2023-07-23,204111.41153557177
2023-07-24,204111.41153557177
2023-07-25,204111.41153557177
2023-07-26,204111.41153557177
2023-07-27,204111.41153557177
2023-07-28,187556.33253150526
2023-07-29,190017.960493154
2023-07-30,190017.960493154
2023-07-31,190017.960493154
2023-08-01,190017.960493154
2023-08-02,190017.960493154
2023-08-03,190017.960493154
2023-08-04,190017.960493154
2023-08-05,190017.960493154
2023-08-06,190017.960493154
2023-08-07,190017.960493154
2023-08-08,190017.960493154
2023-08-09,190017.960493154
2023-08-10,190017.960493154
2023-08-11,186227.69310568657
2023-08-12,186227.69310568657
2023-08-13,186227.69310568657
2023-08-14,186227.69310568657
2023-08-15,186227.69310568657
2023-08-16,186227.69310568657
2023-08-17,186227.69310568657
2023-08-18,186227.69310568657
2023-08-19,186227.69310568657
2023-08-20,186227.69310568657
2023-08-21,186227.69310568657
2023-08-22,185590.02759319462
2023-08-23,185590.02759319462
2023-08-24,192527.7601324107
2023-08-25,192527.7601324107
2023-08-26,192527.7601324107
2023-08-27,192527.7601324107
2023-08-28,192527.7601324107
2023-08-29,192527.7601324107
2023-08-30,197200.7532853597
2023-08-31,197200.7532853597
2023-09-01,197200.7532853597
2023-09-02,197200.7532853597
2023-09-03,197200.7532853597
2023-09-04,197200.7532853597
2023-09-05,197200.7532853597
2023-09-06,197200.7532853597
2023-09-07,197200.7532853597
2023-09-08,197200.7532853597
2023-09-09,197200.7532853597
2023-09-10,197200.7532853597
2023-09-11,197200.7532853597
2023-09-12,197200.7532853597
2023-09-13,197200.7532853597
2023-09-14,197200.7532853597
2023-09-15,197200.7532853597
2023-09-16,197200.7532853597
2023-09-17,197200.7532853597
2023-09-18,197200.7532853597
2023-09-19,197200.7532853597
2023-09-20,197200.7532853597
2023-09-21,197200.7532853597
2023-09-22,197200.7532853597
2023-09-23,197200.7532853597
2023-09-24,197200.7532853597
2023-09-25,197200.7532853597
2023-09-26,197200.7532853597
2023-09-27,197200.7532853597
2023-09-28,197200.7532853597
2023-09-29,197200.7532853597
2023-09-30,197200.7532853597
2023-10-01,197200.7532853597
2023-10-02,197200.7532853597
2023-10-03,197200.7532853597
2023-10-04,197200.7532853597
2023-10-05,197221.4390186335
2023-10-06,197221.4390186335
2023-10-07,198590.9848424718
2023-10-08,198590.9848424718
2023-10-09,198590.9848424718
2023-10-10,198590.9848424718
2023-10-11,198590.9848424718
2023-10-12,198590.9848424718
2023-10-13,198590.9848424718
2023-10-14,198590.9848424718
2023-10-15,198590.9848424718
2023-10-16,198590.9848424718
2023-10-17,198590.9848424718
2023-10-18,198590.9848424718
2023-10-19,198590.9848424718
2023-10-20,198590.9848424718
2023-10-21,198590.9848424718
2023-10-22,198590.9848424718
2023-10-23,198590.9848424718
2023-10-24,198590.9848424718
2023-10-25,198590.9848424718
2023-10-26,198590.9848424718
2023-10-27,198590.9848424718
2023-10-28,198590.9848424718
2023-10-29,198590.9848424718
2023-10-30,198590.9848424718
2023-10-31,198590.9848424718
2023-11-01,198590.9848424718
2023-11-02,201256.99839854508
2023-11-03,201960.81959030638
2023-11-04,201535.5278843916
2023-11-05,201535.5278843916
2023-11-06,201535.5278843916
2023-11-07,201535.5278843916
2023-11-08,201535.5278843916
2023-11-09,201535.5278843916
2023-11-10,201535.5278843916
2023-11-11,208334.92184724688
2023-11-12,208334.92184724688
2023-11-13,208334.92184724688
2023-11-14,208334.92184724688
2023-11-15,208334.92184724688
2023-11-16,208334.92184724688
2023-11-17,208334.92184724688
2023-11-18,208334.92184724688
2023-11-19,208334.92184724688
2023-11-20,208334.92184724688
2023-11-21,209665.68253689964
2023-11-22,209665.68253689964
2023-11-23,206919.69736117925
2023-11-24,206919.69736117925
2023-11-25,206919.69736117925
2023-11-26,206919.69736117925
2023-11-27,206919.69736117925
2023-11-28,206919.69736117925
2023-11-29,206919.69736117925
2023-11-30,206919.69736117925
2023-12-01,206919.69736117925
2023-12-02,206575.81487318574
2023-12-03,206575.81487318574
2023-12-04,206575.81487318574
2023-12-05,206575.81487318574
2023-12-06,206575.81487318574
2023-12-07,206575.81487318574
2023-12-08,205852.31110950175
2023-12-09,205852.31110950175
2023-12-10,205852.31110950175
2023-12-11,205852.31110950175
2023-12-12,205852.31110950175
2023-12-13,205852.31110950175
2023-12-14,209429.88851823547
2023-12-15,209429.88851823547
2023-12-16,209429.88851823547
2023-12-17,209429.88851823547
2023-12-18,209429.88851823547
2023-12-19,209429.88851823547
2023-12-20,209429.88851823547
2023-12-21,209429.88851823547
2023-12-22,209429.88851823547
2023-12-23,209429.88851823547
2023-12-24,209429.88851823547
2023-12-25,209429.88851823547
2023-12-26,209429.88851823547
2023-12-27,209429.88851823547
2023-12-28,209429.88851823547
2023-12-29,209429.88851823547
2023-12-30,209429.88851823547
2023-12-31,209429.88851823547
2024-01-01,209429.88851823547
2024-01-02,209429.88851823547
2024-01-03,209429.88851823547
2024-01-04,209429.88851823547
2024-01-05,209429.88851823547
2024-01-06,209429.88851823547
2024-01-07,209429.88851823547
2024-01-08,209429.88851823547
2024-01-09,209429.88851823547
2024-01-10,209429.88851823547
2024-01-11,209429.88851823547
2024-01-12,209429.88851823547
2024-01-13,209429.88851823547
2024-01-14,209429.88851823547
2024-01-15,209429.88851823547
2024-01-16,209429.88851823547
2024-01-17,209429.88851823547
2024-01-18,209429.88851823547
2024-01-19,209429.88851823547
2024-01-20,209429.88851823547
2024-01-21,209429.88851823547
2024-01-22,209429.88851823547
2024-01-23,209429.88851823547
2024-01-24,209429.88851823547
2024-01-25,204664.71305634477
2024-01-26,204664.71305634477
2024-01-27,204664.71305634477
2024-01-28,204664.71305634477
2024-01-29,204664.71305634477
2024-01-30,206335.28871050826
2024-01-31,206335.28871050826
2024-02-01,206335.28871050826
2024-02-02,206335.28871050826
2024-02-03,205087.22820909476
2024-02-04,205087.22820909476
2024-02-05,205087.22820909476
2024-02-06,205087.22820909476
2024-02-07,205087.22820909476
2024-02-08,204592.0119342935
2024-02-09,204592.0119342935
2024-02-10,203056.58679053956
2024-02-11,203056.58679053956
2024-02-12,203056.58679053956
2024-02-13,203056.58679053956
2024-02-14,203056.58679053956
2024-02-15,203056.58679053956
2024-02-16,203056.58679053956
2024-02-17,203056.58679053956
2024-02-18,203056.58679053956
2024-02-19,203056.58679053956
2024-02-20,203056.58679053956
2024-02-21,203056.58679053956
2024-02-22,203056.58679053956
2024-02-23,209341.42834792272
2024-02-24,209341.42834792272
2024-02-25,209341.42834792272
2024-02-26,209341.42834792272
2024-02-27,209341.42834792272
2024-02-28,209341.42834792272
2024-02-29,209341.42834792272
2024-03-01,209341.42834792272
2024-03-02,211828.26500407676
2024-03-03,211828.26500407676
2024-03-04,211828.26500407676
2024-03-05,211828.26500407676
2024-03-06,211828.26500407676
2024-03-07,206673.65220375056
2024-03-08,208104.91348714542
2024-03-09,208104.91348714542
2024-03-10,208104.91348714542
2024-03-11,208104.91348714542
2024-03-12,208104.91348714542
2024-03-13,208104.91348714542
2024-03-14,208104.91348714542
2024-03-15,208104.91348714542
2024-03-16,208104.91348714542
2024-03-17,208104.91348714542
2024-03-18,208104.91348714542
2024-03-19,203513.23432611523
2024-03-20,203513.23432611523
2024-03-21,208112.1502094395
2024-03-22,208112.1502094395
2024-03-23,208112.1502094395
2024-03-24,208112.1502094395
2024-03-25,208112.1502094395
2024-03-26,208112.1502094395
2024-03-27,208112.1502094395
2024-03-28,208112.1502094395
2024-03-29,208112.1502094395
2024-03-30,208112.1502094395
2024-03-31,208112.1502094395
2024-04-01,208112.1502094395
2024-04-02,208112.1502094395
2024-04-03,208112.1502094395
2024-04-04,208112.1502094395
2024-04-05,208112.1502094395
2024-04-06,208292.5407052444
2024-04-07,208292.5407052444
2024-04-08,208292.5407052444
2024-04-09,208292.5407052444
2024-04-10,208292.5407052444
2024-04-11,208292.5407052444
2024-04-12,207817.10368192405
2024-04-13,207817.10368192405
2024-04-14,207817.10368192405
2024-04-15,207817.10368192405
2024-04-16,207817.10368192405
2024-04-17,207817.10368192405
2024-04-18,207817.10368192405
2024-04-19,207817.10368192405
2024-04-20,207817.10368192405
2024-04-21,207817.10368192405
2024-04-22,207817.10368192405
2024-04-23,207817.10368192405
2024-04-24,211931.8014411988
2024-04-25,211931.8014411988
2024-04-26,211698.00041930706
2024-04-27,211698.00041930706
2024-04-28,211698.00041930706
2024-04-29,211698.00041930706
2024-04-30,211698.00041930706
2024-05-01,211698.00041930706
2024-05-02,206160.86650599883
2024-05-03,206160.86650599883
2024-05-04,206160.86650599883
2024-05-05,206160.86650599883
2024-05-06,206160.86650599883
2024-05-07,206160.86650599883
2024-05-08,206160.86650599883
2024-05-09,206160.86650599883
2024-05-10,206160.86650599883
2024-05-11,206160.86650599883
2024-05-12,206160.86650599883
2024-05-13,206160.86650599883
2024-05-14,206160.86650599883
2024-05-15,206160.86650599883
2024-05-16,211253.2175874862
2024-05-17,211253.2175874862
2024-05-18,211253.2175874862
2024-05-19,211253.2175874862
2024-05-20,211253.2175874862
2024-05-21,211253.2175874862
2024-05-22,211253.2175874862
2024-05-23,211253.2175874862
2024-05-24,211253.2175874862
2024-05-25,210033.6984765082
2024-05-26,210033.6984765082
2024-05-27,210033.6984765082
2024-05-28,210033.6984765082
2024-05-29,210033.6984765082
2024-05-30,210033.6984765082
2024-05-31,210033.6984765082
2024-06-01,210058.06341295317
2024-06-02,210058.06341295317
2024-06-03,210058.06341295317
2024-06-04,210058.06341295317
2024-06-05,210058.06341295317
2024-06-06,215392.14835107716
2024-06-07,215392.14835107716
2024-06-08,215392.14835107716
2024-06-09,215392.14835107716
2024-06-10,215392.14835107716
2024-06-11,215392.14835107716
2024-06-12,215392.14835107716
2024-06-13,220822.49427062902
2024-06-14,220822.49427062902
2024-06-15,220822.49427062902
2024-06-16,220822.49427062902
2024-06-17,220822.49427062902
2024-06-18,220869.75586345437
2024-06-19,220869.75586345437
2024-06-20,220869.75586345437
2024-06-21,220869.75586345437
2024-06-22,220869.75586345437
2024-06-23,220869.75586345437
2024-06-24,220869.75586345437
2024-06-25,220869.75586345437
2024-06-26,220869.75586345437
2024-06-27,220869.75586345437
2024-06-28,220869.75586345437
2024-06-29,220869.75586345437
2024-06-30,220869.75586345437
2024-07-01,220869.75586345437
2024-07-02,220869.75586345437
2024-07-03,220264.91764667892
2024-07-04,220264.91764667892
2024-07-05,220264.91764667892
2024-07-06,220646.23853657208
2024-07-07,220646.23853657208
2024-07-08,220646.23853657208
2024-07-09,220646.23853657208
2024-07-10,220646.23853657208
2024-07-11,223867.5337189279
2024-07-12,223867.5337189279
2024-07-13,220116.67228662648
2024-07-14,220116.67228662648
2024-07-15,220116.67228662648
2024-07-16,217676.83958861296
2024-07-17,217676.83958861296
2024-07-18,217676.83958861296
2024-07-19,217676.83958861296
2024-07-20,217676.83958861296
2024-07-21,217676.83958861296
2024-07-22,217676.83958861296
2024-07-23,217676.83958861296
2024-07-24,217676.83958861296
2024-07-25,217676.83958861296
2024-07-26,217676.83958861296
2024-07-27,217042.9770838482
2024-07-28,217042.9770838482
2024-07-29,217042.9770838482
2024-07-30,217042.9770838482
2024-07-31,217042.9770838482
2024-08-01,233514.0619134296
2024-08-02,233514.0619134296
2024-08-03,233514.0619134296
2024-08-04,233514.0619134296
2024-08-05,233514.0619134296
2024-08-06,233514.0619134296
2024-08-07,233514.0619134296
2024-08-08,233514.0619134296
2024-08-09,236744.2883273443
2024-08-10,236744.2883273443
2024-08-11,236744.2883273443
2024-08-12,236744.2883273443
2024-08-13,236744.2883273443
2024-08-14,237799.8918736984
2024-08-15,237799.8918736984
2024-08-16,240276.36310598374
2024-08-17,240276.36310598374
2024-08-18,240276.36310598374
2024-08-19,240276.36310598374
2024-08-20,240276.36310598374
2024-08-21,240276.36310598374
2024-08-22,240276.36310598374
2024-08-23,240276.36310598374
2024-08-24,240276.36310598374
2024-08-25,240276.36310598374
2024-08-26,240276.36310598374
2024-08-27,240276.36310598374
2024-08-28,240276.36310598374
2024-08-29,240276.36310598374
2024-08-30,237675.11967717257
2024-08-31,237675.11967717257
2024-09-01,237675.11967717257
2024-09-02,237675.11967717257
2024-09-03,237675.11967717257
2024-09-04,237675.11967717257
2024-09-05,237675.11967717257
2024-09-06,237675.11967717257
2024-09-07,237675.11967717257
2024-09-08,237675.11967717257
2024-09-09,237675.11967717257
2024-09-10,237675.11967717257
2024-09-11,237675.11967717257
2024-09-12,238944.91911914555
2024-09-13,238944.91911914555
2024-09-14,238944.91911914555
2024-09-15,238944.91911914555
2024-09-16,238944.91911914555
2024-09-17,238944.91911914555
2024-09-18,238944.91911914555
2024-09-19,238944.91911914555
2024-09-20,238546.72544603221
2024-09-21,238546.72544603221
2024-09-22,238546.72544603221
2024-09-23,238546.72544603221
2024-09-24,238546.72544603221
2024-09-25,238546.72544603221
2024-09-26,238546.72544603221
2024-09-27,238546.72544603221
2024-09-28,238546.72544603221
2024-09-29,238546.72544603221
2024-09-30,238546.72544603221
2024-10-01,238546.72544603221
2024-10-02,238546.72544603221
2024-10-03,238546.72544603221
2024-10-04,238546.72544603221
2024-10-05,238546.72544603221
2024-10-06,238546.72544603221
2024-10-07,238546.72544603221
2024-10-08,238546.72544603221
2024-10-09,238997.84098998687
2024-10-10,238997.84098998687
2024-10-11,238997.84098998687
2024-10-12,238997.84098998687
2024-10-13,238997.84098998687
2024-10-14,238997.84098998687
2024-10-15,238997.84098998687
2024-10-16,238997.84098998687
2024-10-17,238997.84098998687
2024-10-18,238997.84098998687
2024-10-19,238997.84098998687
2024-10-20,238997.84098998687
2024-10-21,238997.84098998687
2024-10-22,238997.84098998687
2024-10-23,238997.84098998687
2024-10-24,238997.84098998687
2024-10-25,238997.84098998687
2024-10-26,233357.99938557541
2024-10-27,233357.99938557541
2024-10-28,233357.99938557541
2024-10-29,233357.99938557541
2024-10-30,233826.16460538923
2024-10-31,233826.16460538923
2024-11-01,233826.16460538923
2024-11-02,229849.20204896078
2024-11-03,229849.20204896078
2024-11-04,229849.20204896078
2024-11-05,229849.20204896078
2024-11-06,231659.85886811116
2024-11-07,244876.98805067845
2024-11-08,244876.98805067845
2024-11-09,244876.98805067845
2024-11-10,244876.98805067845
2024-11-11,244876.98805067845
2024-11-12,244876.98805067845
2024-11-13,244876.98805067845
2024-11-14,244876.98805067845
2024-11-15,244876.98805067845
2024-11-16,244876.98805067845
2024-11-17,244876.98805067845
2024-11-18,244876.98805067845
2024-11-19,244876.98805067845
2024-11-20,244876.98805067845
2024-11-21,244876.98805067845
2024-11-22,244876.98805067845
2024-11-23,244876.98805067845
2024-11-24,244876.98805067845
2024-11-25,244876.98805067845
2024-11-26,244876.98805067845
2024-11-27,244876.98805067845
2024-11-28,244876.98805067845
2024-11-29,244876.98805067845
2024-11-30,244876.98805067845
2024-12-01,244876.98805067845
2024-12-02,244876.98805067845
2024-12-03,244471.26278553333
2024-12-04,244471.26278553333
2024-12-05,244471.26278553333
2024-12-06,244471.26278553333
2024-12-07,244471.26278553333
2024-12-08,244471.26278553333
2024-12-09,244471.26278553333
2024-12-10,244471.26278553333
2024-12-11,244471.26278553333
2024-12-12,245527.47027169116
2024-12-13,245527.47027169116
2024-12-14,245527.47027169116
2024-12-15,245527.47027169116
2024-12-16,245527.47027169116
2024-12-17,248990.55588231466
2024-12-18,248990.55588231466
2024-12-19,248990.55588231466
2024-12-20,244382.66316530042
2024-12-21,244382.66316530042
2024-12-22,244382.66316530042
2024-12-23,244382.66316530042
2024-12-24,244382.66316530042
2024-12-25,244298.8748128529
2024-12-26,244374.0186834725
2024-12-27,244374.0186834725
2024-12-28,244374.0186834725
2024-12-29,244374.0186834725
2024-12-30,244374.0186834725
2024-12-31,244374.0186834725
2025-01-01,244374.0186834725
2025-01-02,244374.0186834725
2025-01-03,244374.0186834725
2025-01-04,245342.40779897076
2025-01-05,245342.40779897076
2025-01-06,245342.40779897076
2025-01-07,245089.53177627912
2025-01-08,245089.53177627912
2025-01-09,245089.53177627912
2025-01-10,245089.53177627912
2025-01-11,245089.53177627912
2025-01-12,245089.53177627912
2025-01-13,245089.53177627912
2025-01-14,245089.53177627912
2025-01-15,245089.53177627912
2025-01-16,247228.41862140075
2025-01-17,247228.41862140075
2025-01-18,245065.68057834439
2025-01-19,245065.68057834439
2025-01-20,245065.68057834439
2025-01-21,245065.68057834439
2025-01-22,245065.68057834439
2025-01-23,245065.68057834439
2025-01-24,245065.68057834439
2025-01-25,245065.68057834439
2025-01-26,245065.68057834439
2025-01-27,245065.68057834439
2025-01-28,245065.68057834439
2025-01-29,245065.68057834439
2025-01-30,245065.68057834439
2025-01-31,245065.68057834439
2025-02-01,245065.68057834439
2025-02-02,245065.68057834439
2025-02-03,245065.68057834439
2025-02-04,246098.54519018828
2025-02-05,246098.54519018828
2025-02-06,246098.54519018828
2025-02-07,246098.54519018828
2025-02-08,246098.54519018828
2025-02-09,246098.54519018828
2025-02-10,246098.54519018828
2025-02-11,246098.54519018828
2025-02-12,246098.54519018828
2025-02-13,246098.54519018828
2025-02-14,246098.54519018828
2025-02-15,246098.54519018828
2025-02-16,246098.54519018828
2025-02-17,246098.54519018828
2025-02-18,246098.54519018828
2025-02-19,246098.54519018828
2025-02-20,246098.54519018828
2025-02-21,246098.54519018828
2025-02-22,246098.54519018828
2025-02-23,246098.54519018828
2025-02-24,246098.54519018828
2025-02-25,246098.54519018828
2025-02-26,246098.54519018828
2025-02-27,246098.54519018828
2025-02-28,246098.54519018828
2025-03-01,246098.54519018828
2025-03-02,246098.54519018828
2025-03-03,246098.54519018828
2025-03-04,246098.54519018828
2025-03-05,246098.54519018828
2025-03-06,246098.54519018828
2025-03-07,246098.54519018828
2025-03-08,246098.54519018828
2025-03-09,246098.54519018828
2025-03-10,246098.54519018828
2025-03-11,246098.54519018828
2025-03-12,246098.54519018828
2025-03-13,246098.54519018828
2025-03-14,246098.54519018828
2025-03-15,246098.54519018828
2025-03-16,246098.54519018828
2025-03-17,246098.54519018828
2025-03-18,246098.54519018828
2025-03-19,246098.54519018828
2025-03-20,245335.34870873918
2025-03-21,245335.34870873918
2025-03-22,245335.34870873918
2025-03-23,245335.34870873918
2025-03-24,245335.34870873918
2025-03-25,245335.34870873918
2025-03-26,245335.34870873918
2025-03-27,245335.34870873918
2025-03-28,245335.34870873918
2025-03-29,245335.34870873918
2025-03-30,245335.34870873918
2025-03-31,245335.34870873918
2025-04-01,245335.34870873918
2025-04-02,245335.34870873918
2025-04-03,245335.34870873918
2025-04-04,245335.34870873918
2025-04-05,245335.34870873918
2025-04-06,245335.34870873918
2025-04-07,245335.34870873918
2025-04-08,247281.51370249398
2025-04-09,234605.88964132936
2025-04-10,237181.65528803563
2025-04-11,237181.65528803563
2025-04-12,237181.65528803563
2025-04-13,237181.65528803563
2025-04-14,237181.65528803563
2025-04-15,237181.65528803563
2025-04-16,237181.65528803563
2025-04-17,237181.65528803563
2025-04-18,237181.65528803563
2025-04-19,237181.65528803563
2025-04-20,237181.65528803563
2025-04-21,237181.65528803563
2025-04-22,237181.65528803563
2025-04-23,237867.538562928
2025-04-24,237867.538562928
2025-04-25,237867.538562928
2025-04-26,237867.538562928
2025-04-27,237867.538562928
2025-04-28,237867.538562928
2025-04-29,237867.538562928
2025-04-30,237867.538562928
2025-05-01,237867.538562928
2025-05-02,237867.538562928
2025-05-03,237867.538562928
2025-05-04,237867.538562928
2025-05-05,237867.538562928
2025-05-06,237867.538562928
2025-05-07,237867.538562928
2025-05-08,237867.538562928
2025-05-09,237867.538562928
2025-05-10,237867.538562928
2025-05-11,237867.538562928
2025-05-12,237867.538562928
2025-05-13,237418.71349353617
2025-05-14,237418.71349353617
2025-05-15,237418.71349353617
2025-05-16,237418.71349353617
2025-05-17,237418.71349353617
2025-05-18,237418.71349353617
2025-05-19,237418.71349353617
2025-05-20,237418.71349353617
2025-05-21,237418.71349353617
2025-05-22,237418.71349353617
2025-05-23,237418.71349353617
2025-05-24,237418.71349353617
2025-05-25,237418.71349353617
2025-05-26,237418.71349353617
2025-05-27,237418.71349353617
2025-05-28,237418.71349353617
2025-05-29,237418.71349353617
2025-05-30,237418.71349353617
2025-05-31,237418.71349353617
2025-06-01,237418.71349353617
2025-06-02,237418.71349353617
2025-06-03,237418.71349353617
2025-06-04,237418.71349353617
2025-06-05,237418.71349353617
2025-06-06,237418.71349353617
2025-06-07,237418.71349353617
2025-06-08,237418.71349353617
2025-06-09,237418.71349353617
2025-06-10,237418.71349353617
2025-06-11,237418.71349353617
2025-06-12,237418.71349353617
2025-06-13,237418.71349353617
2025-06-14,237418.71349353617
2025-06-15,237418.71349353617
2025-06-16,237418.71349353617
2025-06-17,237418.71349353617
2025-06-18,237418.71349353617
2025-06-19,237418.71349353617
2025-06-20,237418.71349353617
2025-06-21,237418.71349353617
2025-06-22,237418.71349353617
2025-06-23,237418.71349353617
2025-06-24,237418.71349353617
2025-06-25,237418.71349353617
2025-06-26,237418.71349353617
2025-06-27,237418.71349353617
2025-06-28,237418.71349353617
2025-06-29,237418.71349353617
2025-06-30,237418.71349353617
2025-07-01,237418.71349353617
2025-07-02,237418.71349353617
2025-07-03,237418.71349353617
2025-07-04,237418.71349353617
2025-07-05,237418.71349353617
2025-07-06,237418.71349353617
2025-07-07,237418.71349353617
2025-07-08,237418.71349353617
2025-07-09,237418.71349353617
2025-07-10,237418.71349353617
2025-07-11,237418.71349353617
2025-07-12,237418.71349353617
2025-07-13,237418.71349353617
2025-07-14,237418.71349353617
2025-07-15,237418.71349353617
2025-07-16,237418.71349353617
2025-07-17,237418.71349353617
2025-07-18,238028.41744135274
2025-07-19,238028.41744135274
2025-07-20,238028.41744135274
2025-07-21,238028.41744135274
2025-07-22,238028.41744135274
2025-07-23,238028.41744135274
2025-07-24,238028.41744135274
2025-07-25,238028.41744135274
2025-07-26,238028.41744135274
2025-07-27,238028.41744135274
2025-07-28,238028.41744135274
2025-07-29,238028.41744135274
2025-07-30,238028.41744135274
2025-07-31,238028.41744135274
2025-08-01,238028.41744135274
2025-08-02,238028.41744135274
2025-08-03,238028.41744135274
2025-08-04,238028.41744135274
2025-08-05,238028.41744135274
2025-08-06,238028.41744135274
2025-08-07,238908.47910720238
2025-08-08,238908.47910720238
2025-08-09,238908.47910720238
2025-08-10,238908.47910720238
2025-08-11,238908.47910720238
2025-08-12,238908.47910720238
2025-08-13,242206.5914002497
2025-08-14,242206.5914002497
2025-08-15,242206.5914002497
2025-08-16,242206.5914002497
2025-08-17,242206.5914002497
2025-08-18,242206.5914002497
2025-08-19,242206.5914002497
2025-08-20,242206.5914002497
2025-08-21,242206.5914002497
2025-08-22,242206.5914002497
2025-08-23,242583.74487995962
2025-08-24,242583.74487995962
2025-08-25,242583.74487995962
2025-08-26,242583.74487995962
2025-08-27,242583.74487995962
2025-08-28,242583.74487995962
2025-08-29,242583.74487995962
2025-08-30,242583.74487995962
2025-08-31,242583.74487995962
2025-09-01,242583.74487995962
2025-09-02,242583.74487995962
2025-09-03,242583.74487995962
2025-09-04,242583.74487995962
2025-09-05,243323.08276702408
2025-09-06,243323.08276702408
2025-09-07,243323.08276702408
2025-09-08,243323.08276702408
2025-09-09,243323.08276702408
2025-09-10,243323.08276702408
2025-09-11,243323.08276702408
2025-09-12,243433.3445915574
2025-09-13,243433.3445915574
2025-09-14,243433.3445915574
2025-09-15,243433.3445915574
2025-09-16,243433.3445915574
2025-09-17,243433.3445915574
2025-09-18,243433.3445915574
2025-09-19,243433.3445915574
2025-09-20,243433.3445915574
2025-09-21,243433.3445915574
2025-09-22,243433.3445915574
2025-09-23,243433.3445915574
2025-09-24,243433.3445915574
2025-09-25,243433.3445915574
2025-09-26,243433.3445915574
2025-09-27,243433.3445915574
2025-09-28,243433.3445915574
2025-09-29,243433.3445915574
2025-09-30,243433.3445915574
2025-10-01,243433.3445915574
2025-10-02,242427.08133267984
2025-10-03,242427.08133267984
2025-10-04,242427.08133267984
2025-10-05,242427.08133267984
2025-10-06,242427.08133267984
2025-10-07,242427.08133267984
2025-10-08,242427.08133267984
2025-10-09,247059.5710423312
2025-10-10,247059.5710423312
2025-10-11,247059.5710423312
2025-10-12,247059.5710423312
2025-10-13,247059.5710423312
2025-10-14,247059.5710423312
2025-10-15,247059.5710423312
2025-10-16,239470.03096704284
2025-10-17,239470.03096704284
2025-10-18,239470.03096704284
2025-10-19,239470.03096704284
2025-10-20,239470.03096704284
2025-10-21,239470.03096704284
2025-10-22,239470.03096704284
2025-10-23,239470.03096704284
2025-10-24,239470.03096704284
2025-10-25,239470.03096704284
2025-10-26,239470.03096704284
2025-10-27,239470.03096704284
2025-10-28,239470.03096704284
2025-10-29,239470.03096704284
2025-10-30,239470.03096704284
2025-10-31,239470.03096704284
2025-11-01,239470.03096704284
2025-11-02,239470.03096704284
2025-11-03,239470.03096704284
2025-11-04,239470.03096704284
2025-11-05,239470.03096704284
2025-11-06,237612.9681649093
2025-11-07,237612.9681649093
2025-11-08,237612.9681649093
2025-11-09,237612.9681649093
2025-11-10,237612.9681649093
2025-11-11,238656.401379749
2025-11-12,238656.401379749
2025-11-13,238656.401379749
2025-11-14,238656.401379749
2025-11-15,238656.401379749
2025-11-16,238656.401379749
2025-11-17,238656.401379749
2025-11-18,238656.401379749
2025-11-19,238656.401379749
2025-11-20,238656.401379749
2025-11-21,238656.401379749
2025-11-22,238656.401379749
2025-11-23,238656.401379749
2025-11-24,238656.401379749
2025-11-25,239203.95477160075
2025-11-26,239203.95477160075
2025-11-27,239203.95477160075
2025-11-28,239203.95477160075
2025-11-29,239203.95477160075
2025-11-30,239203.95477160075
2025-12-01,239203.95477160075
2025-12-02,239203.95477160075
2025-12-03,239203.95477160075
2025-12-04,239203.95477160075
2025-12-05,239203.95477160075
2025-12-06,239203.95477160075
2025-12-07,239203.95477160075
2025-12-08,239203.95477160075
2025-12-09,239203.95477160075
2025-12-10,239203.95477160075
2025-12-11,239203.95477160075
2025-12-12,239203.95477160075
2025-12-13,239203.95477160075
2025-12-14,239203.95477160075
2025-12-15,239203.95477160075
2025-12-16,239203.95477160075
2025-12-17,239203.95477160075
2025-12-18,239203.95477160075
2025-12-19,237668.1532044678
2025-12-20,237668.1532044678
2025-12-21,237668.1532044678
2025-12-22,237668.1532044678
2025-12-23,237668.1532044678
2025-12-24,237668.1532044678
2025-12-25,237668.1532044678
2025-12-26,237668.1532044678
2025-12-27,237668.1532044678
2025-12-28,237668.1532044678
2025-12-29,237668.1532044678
2025-12-30,237668.1532044678
2025-12-31,237668.1532044678
2026-01-01,237668.1532044678
2026-01-02,237668.1532044678
2026-01-03,220739.08562463318
2026-01-04,220739.08562463318
2026-01-05,220739.08562463318
2026-01-06,220739.08562463318
2026-01-07,220845.23299933382
2026-01-08,220845.23299933382
2026-01-09,220845.23299933382
2026-01-10,220153.86145984248
2026-01-11,220153.86145984248
2026-01-12,220153.86145984248
2026-01-13,220153.86145984248
2026-01-14,220153.86145984248
2026-01-15,220153.86145984248
2026-01-16,219090.3026526161
2026-01-17,219090.3026526161
2026-01-18,219090.3026526161
2026-01-19,219090.3026526161
2026-01-20,219090.3026526161
2026-01-21,219090.3026526161
2026-01-22,222906.59260065228
2026-01-23,222906.59260065228
2026-01-24,222906.59260065228
2026-01-25,222906.59260065228
2026-01-26,222906.59260065228
2026-01-27,223921.76044722655
2026-01-28,223921.76044722655
2026-01-29,223921.76044722655
2026-01-30,223921.76044722655
2026-01-31,223921.76044722655
2026-02-01,223921.76044722655
2026-02-02,223921.76044722655
2026-02-03,223921.76044722655
2026-02-04,223921.76044722655
2026-02-05,223921.76044722655
2026-02-06,223921.76044722655
2026-02-07,223921.76044722655
2026-02-08,223921.76044722655
2026-02-09,223921.76044722655
2026-02-10,223921.76044722655
2026-02-11,223921.76044722655
2026-02-12,223921.76044722655
2026-02-13,223921.76044722655
2026-02-14,223921.76044722655
2026-02-15,223921.76044722655
2026-02-16,223921.76044722655
2026-02-17,223921.76044722655
2026-02-18,223921.76044722655
2026-02-19,223921.76044722655
2026-02-20,223921.76044722655
2026-02-21,223921.76044722655
2026-02-22,223921.76044722655
2026-02-23,223921.76044722655
2026-02-24,223921.76044722655
2026-02-25,223921.76044722655
2026-02-26,223921.76044722655
2026-02-27,223921.76044722655
2026-02-28,223921.76044722655
2026-03-01,223921.76044722655
2026-03-02,223921.76044722655
2026-03-03,223921.76044722655
2026-03-04,223921.76044722655
2026-03-05,224282.9998766939
2026-03-06,224282.9998766939
2026-03-07,224282.9998766939
2026-03-08,224282.9998766939
2026-03-09,224282.9998766939
2026-03-10,226886.2602085669
2026-03-11,226886.2602085669
2026-03-12,226886.2602085669
2026-03-13,226886.2602085669
2026-03-14,226886.2602085669
2026-03-15,226886.2602085669
2026-03-16,226886.2602085669
2026-03-17,226886.2602085669
2026-03-18,226886.2602085669
2026-03-19,226886.2602085669
2026-03-20,226886.2602085669
2026-03-21,226886.2602085669
2026-03-22,226886.2602085669
2026-03-23,226886.2602085669
2026-03-24,226388.68508914107
2026-03-25,226388.68508914107
2026-03-26,226388.68508914107
2026-03-27,226388.68508914107
2026-03-28,226388.68508914107
2026-03-29,226388.68508914107
2026-03-30,226388.68508914107
2026-03-31,226388.68508914107
2026-04-01,226388.68508914107
2026-04-02,226388.68508914107
2026-04-03,226388.68508914107
2026-04-04,226388.68508914107
2026-04-05,226388.68508914107
2026-04-06,226388.68508914107
2026-04-07,226388.68508914107
2026-04-08,229997.6879335774
2026-04-09,229997.6879335774
2026-04-10,229997.6879335774
2026-04-11,229997.6879335774
2026-04-12,229997.6879335774
2026-04-13,229997.6879335774
2026-04-14,233309.39396586077
2026-04-15,233309.39396586077
2026-04-16,233309.39396586077
2026-04-17,233309.39396586077
2026-04-18,233309.39396586077
2026-04-19,233309.39396586077
2026-04-20,233309.39396586077
2026-04-21,233309.39396586077
2026-04-22,233309.39396586077
2026-04-23,233309.39396586077
2026-04-24,233309.39396586077
2026-04-25,233309.39396586077
2026-04-26,233309.39396586077
2026-04-27,233309.39396586077
2026-04-28,233309.39396586077
2026-04-29,233309.39396586077
2026-04-30,233309.39396586077
2026-05-01,233309.39396586077
2026-05-02,233309.39396586077
2026-05-03,233309.39396586077
2026-05-04,233309.39396586077
2026-05-05,233309.39396586077
2026-05-06,239644.55493805592
2026-05-07,238722.49744075874
2026-05-08,238722.49744075874
2026-05-09,243946.65402871417
2026-05-10,243946.65402871417
2026-05-11,243946.65402871417
2026-05-12,243946.65402871417
2026-05-13,243946.65402871417
2026-05-14,243946.65402871417
2026-05-15,243946.65402871417
2026-05-16,243946.65402871417
2026-05-17,243946.65402871417
2026-05-18,243946.65402871417
2026-05-19,243946.65402871417
2026-05-20,243946.65402871417
2026-05-21,239289.02458767346
2026-05-22,239289.02458767346
2026-05-23,239289.02458767346
2026-05-24,239289.02458767346
2026-05-25,239289.02458767346
2026-05-26,239289.02458767346
2026-05-27,239289.02458767346
2026-05-28,239289.02458767346
2026-05-29,239289.02458767346
2026-05-30,239289.02458767346
2026-05-31,239289.02458767346
2026-06-01,239289.02458767346
2026-06-02,239289.02458767346
2026-06-03,239289.02458767346
2026-06-04,239289.02458767346
2026-06-05,236607.34264308185
2026-06-06,236607.34264308185
2026-06-07,236607.34264308185
2026-06-08,236607.34264308185
2026-06-09,234224.11116823024
2026-06-10,234224.11116823024
2026-06-11,234224.11116823024
2026-06-12,234224.11116823024
2026-06-13,234224.11116823024
2026-06-14,234224.11116823024
2026-06-15,234224.11116823024
2026-06-16,234224.11116823024
2026-06-17,234224.11116823024
2026-06-18,234224.11116823024
2026-06-19,234224.11116823024
2026-06-20,234224.11116823024
2026-06-21,234224.11116823024
2026-06-22,234224.11116823024
2026-06-23,228408.3118248235
2026-06-24,228408.3118248235
2026-06-25,228408.3118248235
2026-06-26,228408.3118248235
2026-06-27,228408.3118248235
2026-06-28,228408.3118248235
2026-06-29,228408.3118248235
2026-06-30,228408.3118248235
2026-07-01,228408.3118248235
2026-07-02,228408.3118248235
2026-07-03,228408.3118248235
2026-07-04,228408.3118248235
2026-07-05,228408.3118248235
2026-07-06,228408.3118248235
2026-07-07,228408.3118248235
2026-07-08,228408.3118248235
2026-07-09,228408.3118248235
2026-07-10,228408.3118248235
2026-07-11,228408.3118248235
2026-07-12,228408.3118248235
2026-07-13,228408.3118248235
2026-07-14,228408.3118248235
2026-07-15,228408.3118248235
2026-07-16,228408.3118248235
2026-07-17,228408.3118248235
2026-07-18,228408.3118248235
2026-07-19,228408.3118248235
2026-07-20,228408.3118248235
2026-07-21,228408.3118248235
2026-07-22,227889.7312882481
2026-07-23,227889.7312882481
2026-07-24,227889.7312882481
2026-07-25,227889.7312882481
2026-07-26,227889.7312882481
2026-07-27,227889.7312882481
