date,equity
2016-07-28,103371.98782330492
2016-07-29,103371.98782330492
2016-07-30,103371.98782330492
2016-07-31,103371.98782330492
2016-08-01,103371.98782330492
2016-08-02,103371.98782330492
2016-08-03,103371.98782330492
2016-08-04,103371.98782330492
2016-08-05,103371.98782330492
2016-08-06,103371.98782330492
2016-08-07,103371.98782330492
2016-08-08,103371.98782330492
2016-08-09,103371.98782330492
2016-08-10,103371.98782330492
2016-08-11,103371.98782330492
2016-08-12,103371.98782330492
2016-08-13,103371.98782330492
2016-08-14,103371.98782330492
2016-08-15,103371.98782330492
2016-08-16,103371.98782330492
2016-08-17,103371.98782330492
2016-08-18,103371.98782330492
2016-08-19,103371.98782330492
2016-08-20,103371.98782330492
2016-08-21,103371.98782330492
2016-08-22,103371.98782330492
2016-08-23,103371.98782330492
2016-08-24,103371.98782330492
2016-08-25,103371.98782330492
2016-08-26,103371.98782330492
2016-08-27,103371.98782330492
2016-08-28,103371.98782330492
2016-08-29,103371.98782330492
2016-08-30,103371.98782330492
2016-08-31,103371.98782330492
2016-09-01,103371.98782330492
2016-09-02,103371.98782330492
2016-09-03,103371.98782330492
2016-09-04,103371.98782330492
2016-09-05,103371.98782330492
2016-09-06,103371.98782330492
2016-09-07,103371.98782330492
2016-09-08,103371.98782330492
2016-09-09,103371.98782330492
2016-09-10,103371.98782330492
2016-09-11,103371.98782330492
2016-09-12,103371.98782330492
2016-09-13,103371.98782330492
2016-09-14,103371.98782330492
2016-09-15,103371.98782330492
2016-09-16,103371.98782330492
2016-09-17,103371.98782330492
2016-09-18,103371.98782330492
2016-09-19,103371.98782330492
2016-09-20,103371.98782330492
2016-09-21,103371.98782330492
2016-09-22,103371.98782330492
2016-09-23,103371.98782330492
2016-09-24,103371.98782330492
2016-09-25,103371.98782330492
2016-09-26,103371.98782330492
2016-09-27,103371.98782330492
2016-09-28,103371.98782330492
2016-09-29,103371.98782330492
2016-09-30,103371.98782330492
2016-10-01,103054.01777888939
2016-10-02,103054.01777888939
2016-10-03,103054.01777888939
2016-10-04,103054.01777888939
2016-10-05,103054.01777888939
2016-10-06,103054.01777888939
2016-10-07,103054.01777888939
2016-10-08,103054.01777888939
2016-10-09,103054.01777888939
2016-10-10,103054.01777888939
2016-10-11,103054.01777888939
2016-10-12,103054.01777888939
2016-10-13,103054.01777888939
2016-10-14,103054.01777888939
2016-10-15,103054.01777888939
2016-10-16,103054.01777888939
2016-10-17,103054.01777888939
2016-10-18,103054.01777888939
2016-10-19,103054.01777888939
2016-10-20,103054.01777888939
2016-10-21,103054.01777888939
2016-10-22,103054.01777888939
2016-10-23,103054.01777888939
2016-10-24,103054.01777888939
2016-10-25,103725.88323170244
2016-10-26,103725.88323170244
2016-10-27,103725.88323170244
2016-10-28,103725.88323170244
2016-10-29,103725.88323170244
2016-10-30,103725.88323170244
2016-10-31,103725.88323170244
2016-11-01,103725.88323170244
2016-11-02,103725.88323170244
2016-11-03,103725.88323170244
2016-11-04,103725.88323170244
2016-11-05,103725.88323170244
2016-11-06,103725.88323170244
2016-11-07,103725.88323170244
2016-11-08,103725.88323170244
2016-11-09,103725.88323170244
2016-11-10,111516.57654784198
2016-11-11,111516.57654784198
2016-11-12,111516.57654784198
2016-11-13,111516.57654784198
2016-11-14,111516.57654784198
2016-11-15,111516.57654784198
2016-11-16,110918.44853651022
2016-11-17,110918.44853651022
2016-11-18,110918.44853651022
2016-11-19,110918.44853651022
2016-11-20,110918.44853651022
2016-11-21,110918.44853651022
2016-11-22,110918.44853651022
2016-11-23,110918.44853651022
2016-11-24,110918.44853651022
2016-11-25,110918.44853651022
2016-11-26,110918.44853651022
2016-11-27,110918.44853651022
2016-11-28,110918.44853651022
2016-11-29,110918.44853651022
2016-11-30,110918.44853651022
2016-12-01,110918.44853651022
2016-12-02,110918.44853651022
2016-12-03,110918.44853651022
2016-12-04,110918.44853651022
2016-12-05,110918.44853651022
2016-12-06,110918.44853651022
2016-12-07,110918.44853651022
2016-12-08,111961.7247074472
2016-12-09,111961.7247074472
2016-12-10,111961.7247074472
2016-12-11,111961.7247074472
2016-12-12,111961.7247074472
2016-12-13,111961.7247074472
2016-12-14,110316.59747053983
2016-12-15,110316.59747053983
2016-12-16,110316.59747053983
2016-12-17,110316.59747053983
2016-12-18,110316.59747053983
2016-12-19,110316.59747053983
2016-12-20,110316.59747053983
2016-12-21,110316.59747053983
2016-12-22,110316.59747053983
2016-12-23,110316.59747053983
2016-12-24,110316.59747053983
2016-12-25,110316.59747053983
2016-12-26,110316.59747053983
2016-12-27,110316.59747053983
2016-12-28,107404.44824753789
2016-12-29,107404.44824753789
2016-12-30,107404.44824753789
2016-12-31,107404.44824753789
2017-01-01,107404.44824753789
2017-01-02,107404.44824753789
2017-01-03,107404.44824753789
2017-01-04,107404.44824753789
2017-01-05,107404.44824753789
2017-01-06,107404.44824753789
2017-01-07,106865.74344041562
2017-01-08,106865.74344041562
2017-01-09,106865.74344041562
2017-01-10,106865.74344041562
2017-01-11,106865.74344041562
2017-01-12,106865.74344041562
2017-01-13,106865.74344041562
2017-01-14,106865.74344041562
2017-01-15,106865.74344041562
2017-01-16,106865.74344041562
2017-01-17,106865.74344041562
2017-01-18,106865.74344041562
2017-01-19,106865.74344041562
2017-01-20,106865.74344041562
2017-01-21,106865.74344041562
2017-01-22,106865.74344041562
2017-01-23,106865.74344041562
2017-01-24,106865.74344041562
2017-01-25,106281.24728298114
2017-01-26,107552.91071689097
2017-01-27,107552.91071689097
2017-01-28,107552.91071689097
2017-01-29,107552.91071689097
2017-01-30,107552.91071689097
2017-01-31,107552.91071689097
2017-02-01,107552.91071689097
2017-02-02,107552.91071689097
2017-02-03,107552.91071689097
2017-02-04,108606.15826620717
2017-02-05,108606.15826620717
2017-02-06,108606.15826620717
2017-02-07,108606.15826620717
2017-02-08,108606.15826620717
2017-02-09,108606.15826620717
2017-02-10,108017.12776162982
2017-02-11,108017.12776162982
2017-02-12,108017.12776162982
2017-02-13,108017.12776162982
2017-02-14,108017.12776162982
2017-02-15,108017.12776162982
2017-02-16,108017.12776162982
2017-02-17,108017.12776162982
2017-02-18,108017.12776162982
2017-02-19,108017.12776162982
2017-02-20,108017.12776162982
2017-02-21,108017.12776162982
2017-02-22,108017.12776162982
2017-02-23,108017.12776162982
2017-02-24,108017.12776162982
2017-02-25,108017.12776162982
2017-02-26,108017.12776162982
2017-02-27,108017.12776162982
2017-02-28,108017.12776162982
2017-03-01,108017.12776162982
2017-03-02,114690.08713364089
2017-03-03,114690.08713364089
2017-03-04,114690.08713364089
2017-03-05,114690.08713364089
2017-03-06,114690.08713364089
2017-03-07,114690.08713364089
2017-03-08,114690.08713364089
2017-03-09,114690.08713364089
2017-03-10,114690.08713364089
2017-03-11,114690.08713364089
2017-03-12,114690.08713364089
2017-03-13,114690.08713364089
2017-03-14,114690.08713364089
2017-03-15,114690.08713364089
2017-03-16,113924.24228557313
2017-03-17,113924.24228557313
2017-03-18,113924.24228557313
2017-03-19,113924.24228557313
2017-03-20,113924.24228557313
2017-03-21,113924.24228557313
2017-03-22,113924.24228557313
2017-03-23,113915.56899452802
2017-03-24,113915.56899452802
2017-03-25,113915.56899452802
2017-03-26,113915.56899452802
2017-03-27,113915.56899452802
2017-03-28,113915.56899452802
2017-03-29,113915.56899452802
2017-03-30,113915.56899452802
2017-03-31,113915.56899452802
2017-04-01,113915.56899452802
2017-04-02,113915.56899452802
2017-04-03,113915.56899452802
2017-04-04,113915.56899452802
2017-04-05,113915.56899452802
2017-04-06,107677.59948409042
2017-04-07,107677.59948409042
2017-04-08,107677.59948409042
2017-04-09,107677.59948409042
2017-04-10,107677.59948409042
2017-04-11,107677.59948409042
2017-04-12,107677.59948409042
2017-04-13,107677.59948409042
2017-04-14,107677.59948409042
2017-04-15,107677.59948409042
2017-04-16,107677.59948409042
2017-04-17,107677.59948409042
2017-04-18,107677.59948409042
2017-04-19,107677.59948409042
2017-04-20,107677.59948409042
2017-04-21,107477.35760708537
2017-04-22,107477.35760708537
2017-04-23,107477.35760708537
2017-04-24,107477.35760708537
2017-04-25,107477.35760708537
2017-04-26,107477.35760708537
2017-04-27,107477.35760708537
2017-04-28,107477.35760708537
2017-04-29,107477.35760708537
2017-04-30,107477.35760708537
2017-05-01,107477.35760708537
2017-05-02,106747.09143619987
2017-05-03,106747.09143619987
2017-05-04,106747.09143619987
2017-05-05,106747.09143619987
2017-05-06,106747.09143619987
2017-05-07,106747.09143619987
2017-05-08,106747.09143619987
2017-05-09,106747.09143619987
2017-05-10,106747.09143619987
2017-05-11,106747.09143619987
2017-05-12,106747.09143619987
2017-05-13,106747.09143619987
2017-05-14,106747.09143619987
2017-05-15,106747.09143619987
2017-05-16,106747.09143619987
2017-05-17,106747.09143619987
2017-05-18,106747.09143619987
2017-05-19,106747.09143619987
2017-05-20,106393.86350054186
2017-05-21,106393.86350054186
2017-05-22,106393.86350054186
2017-05-23,106393.86350054186
2017-05-24,106393.86350054186
2017-05-25,106393.86350054186
2017-05-26,106393.86350054186
2017-05-27,106393.86350054186
2017-05-28,106393.86350054186
2017-05-29,106393.86350054186
2017-05-30,106393.86350054186
2017-05-31,106393.86350054186
2017-06-01,106393.86350054186
2017-06-02,106371.58371862641
2017-06-03,106501.48814784916
2017-06-04,106501.48814784916
2017-06-05,106501.48814784916
2017-06-06,106501.48814784916
2017-06-07,106501.48814784916
2017-06-08,106501.48814784916
2017-06-09,106501.48814784916
2017-06-10,106501.48814784916
2017-06-11,106501.48814784916
2017-06-12,106501.48814784916
2017-06-13,106501.48814784916
2017-06-14,106501.48814784916
2017-06-15,106501.48814784916
2017-06-16,106501.48814784916
2017-06-17,106501.48814784916
2017-06-18,106501.48814784916
2017-06-19,106501.48814784916
2017-06-20,107256.170301107
2017-06-21,107256.170301107
2017-06-22,107471.88266087483
2017-06-23,107471.88266087483
2017-06-24,107471.88266087483
2017-06-25,107471.88266087483
2017-06-26,107471.88266087483
2017-06-27,107471.88266087483
2017-06-28,107471.88266087483
2017-06-29,108602.46641247219
2017-06-30,108602.46641247219
2017-07-01,108602.46641247219
2017-07-02,108602.46641247219
2017-07-03,108602.46641247219
2017-07-04,108602.46641247219
2017-07-05,108602.46641247219
2017-07-06,107847.65214958295
2017-07-07,107847.65214958295
2017-07-08,107847.65214958295
2017-07-09,107847.65214958295
2017-07-10,107847.65214958295
2017-07-11,107847.65214958295
2017-07-12,107847.65214958295
2017-07-13,107860.90547364007
2017-07-14,107860.90547364007
2017-07-15,107860.90547364007
2017-07-16,107860.90547364007
2017-07-17,107860.90547364007
2017-07-18,107860.90547364007
2017-07-19,107860.90547364007
2017-07-20,107860.90547364007
2017-07-21,107860.90547364007
2017-07-22,107860.90547364007
2017-07-23,107860.90547364007
2017-07-24,107860.90547364007
2017-07-25,107860.90547364007
2017-07-26,107860.90547364007
2017-07-27,107860.90547364007
2017-07-28,107860.90547364007
2017-07-29,107860.90547364007
2017-07-30,107860.90547364007
2017-07-31,107860.90547364007
2017-08-01,107860.90547364007
2017-08-02,107860.90547364007
2017-08-03,107860.90547364007
2017-08-04,107860.90547364007
2017-08-05,107860.90547364007
2017-08-06,107860.90547364007
2017-08-07,107860.90547364007
2017-08-08,107860.90547364007
2017-08-09,103390.37405868422
2017-08-10,103390.37405868422
2017-08-11,103390.37405868422
2017-08-12,102779.9337915816
2017-08-13,102779.9337915816
2017-08-14,102779.9337915816
2017-08-15,102779.9337915816
2017-08-16,102779.9337915816
2017-08-17,102779.9337915816
2017-08-18,102779.9337915816
2017-08-19,102779.9337915816
2017-08-20,102779.9337915816
2017-08-21,102779.9337915816
2017-08-22,102779.9337915816
2017-08-23,103085.62587475157
2017-08-24,103085.62587475157
2017-08-25,103085.62587475157
2017-08-26,103085.62587475157
2017-08-27,103085.62587475157
2017-08-28,103085.62587475157
2017-08-29,103085.62587475157
2017-08-30,102760.76605090524
2017-08-31,102760.76605090524
2017-09-01,102760.76605090524
2017-09-02,102760.76605090524
2017-09-03,102760.76605090524
2017-09-04,102760.76605090524
2017-09-05,102760.76605090524
2017-09-06,102760.76605090524
2017-09-07,102760.76605090524
2017-09-08,102760.76605090524
2017-09-09,102760.76605090524
2017-09-10,102760.76605090524
2017-09-11,102760.76605090524
2017-09-12,102760.76605090524
2017-09-13,102760.76605090524
2017-09-14,102760.76605090524
2017-09-15,102760.76605090524
2017-09-16,102760.76605090524
2017-09-17,102760.76605090524
2017-09-18,102760.76605090524
2017-09-19,102760.76605090524
2017-09-20,102760.76605090524
2017-09-21,102760.76605090524
2017-09-22,102760.76605090524
2017-09-23,102760.76605090524
2017-09-24,102760.76605090524
2017-09-25,102760.76605090524
2017-09-26,102760.76605090524
2017-09-27,102760.76605090524
2017-09-28,101692.80380704881
2017-09-29,101692.80380704881
2017-09-30,101692.80380704881
2017-10-01,101692.80380704881
2017-10-02,101692.80380704881
2017-10-03,101692.80380704881
2017-10-04,101692.80380704881
2017-10-05,101692.80380704881
2017-10-06,102529.12257116794
2017-10-07,102529.12257116794
2017-10-08,102529.12257116794
2017-10-09,102529.12257116794
2017-10-10,102529.12257116794
2017-10-11,102529.12257116794
2017-10-12,102529.12257116794
2017-10-13,102529.12257116794
2017-10-14,102529.12257116794
2017-10-15,102529.12257116794
2017-10-16,102529.12257116794
2017-10-17,102529.12257116794
2017-10-18,102529.12257116794
2017-10-19,102529.12257116794
2017-10-20,102529.12257116794
2017-10-21,102529.12257116794
2017-10-22,102529.12257116794
2017-10-23,102529.12257116794
2017-10-24,102529.12257116794
2017-10-25,102529.12257116794
2017-10-26,102529.12257116794
2017-10-27,102529.12257116794
2017-10-28,106458.48296082378
2017-10-29,106458.48296082378
2017-10-30,106458.48296082378
2017-10-31,106458.48296082378
2017-11-01,106458.48296082378
2017-11-02,106458.48296082378
2017-11-03,106458.48296082378
2017-11-04,106458.48296082378
2017-11-05,106458.48296082378
2017-11-06,106458.48296082378
2017-11-07,106458.48296082378
2017-11-08,106458.48296082378
2017-11-09,106458.48296082378
2017-11-10,106458.48296082378
2017-11-11,106458.48296082378
2017-11-12,106458.48296082378
2017-11-13,106458.48296082378
2017-11-14,106458.48296082378
2017-11-15,106458.48296082378
2017-11-16,106458.48296082378
2017-11-17,106118.70261164382
2017-11-18,106118.70261164382
2017-11-19,106118.70261164382
2017-11-20,106118.70261164382
2017-11-21,106118.70261164382
2017-11-22,107665.62216255184
2017-11-23,107665.62216255184
2017-11-24,107665.62216255184
2017-11-25,107665.62216255184
2017-11-26,107665.62216255184
2017-11-27,107665.62216255184
2017-11-28,107665.62216255184
2017-11-29,110973.58115648455
2017-11-30,110973.58115648455
2017-12-01,112780.8888108769
2017-12-02,112780.8888108769
2017-12-03,112780.8888108769
2017-12-04,112780.8888108769
2017-12-05,112780.8888108769
2017-12-06,110039.73058842642
2017-12-07,110039.73058842642
2017-12-08,110039.73058842642
2017-12-09,110039.73058842642
2017-12-10,110039.73058842642
2017-12-11,110039.73058842642
2017-12-12,110039.73058842642
2017-12-13,110039.73058842642
2017-12-14,110039.73058842642
2017-12-15,110039.73058842642
2017-12-16,110303.98667794146
2017-12-17,110303.98667794146
2017-12-18,110303.98667794146
2017-12-19,110303.98667794146
2017-12-20,110303.98667794146
2017-12-21,110303.98667794146
2017-12-22,110303.98667794146
2017-12-23,110303.98667794146
2017-12-24,110303.98667794146
2017-12-25,110303.98667794146
2017-12-26,110303.98667794146
2017-12-27,110303.98667794146
2017-12-28,110303.98667794146
2017-12-29,110303.98667794146
2017-12-30,110303.98667794146
2017-12-31,110303.98667794146
2018-01-01,110303.98667794146
2018-01-02,110303.98667794146
2018-01-03,112784.25113856627
2018-01-04,113214.05064145107
2018-01-05,113214.05064145107
2018-01-06,113214.05064145107
2018-01-07,113214.05064145107
2018-01-08,113214.05064145107
2018-01-09,113214.05064145107
2018-01-10,113214.05064145107
2018-01-11,113214.05064145107
2018-01-12,113214.05064145107
2018-01-13,113304.84543226272
2018-01-14,113304.84543226272
2018-01-15,113304.84543226272
2018-01-16,113304.84543226272
2018-01-17,113304.84543226272
2018-01-18,113304.84543226272
2018-01-19,113304.84543226272
2018-01-20,113304.84543226272
2018-01-21,113304.84543226272
2018-01-22,113304.84543226272
2018-01-23,114784.11630348468
2018-01-24,114784.11630348468
2018-01-25,114784.11630348468
2018-01-26,114784.11630348468
2018-01-27,115757.74080916011
2018-01-28,115757.74080916011
2018-01-29,115757.74080916011
2018-01-30,115757.74080916011
2018-01-31,115757.74080916011
2018-02-01,115757.74080916011
2018-02-02,115757.74080916011
2018-02-03,115757.74080916011
2018-02-04,115757.74080916011
2018-02-05,115757.74080916011
2018-02-06,115757.74080916011
2018-02-07,120338.09314477548
2018-02-08,114800.42971567828
2018-02-09,114800.42971567828
2018-02-10,114800.42971567828
2018-02-11,114800.42971567828
2018-02-12,114800.42971567828
2018-02-13,114800.42971567828
2018-02-14,114800.42971567828
2018-02-15,114800.42971567828
2018-02-16,114800.42971567828
2018-02-17,114800.42971567828
2018-02-18,114800.42971567828
2018-02-19,114800.42971567828
2018-02-20,114800.42971567828
2018-02-21,114800.42971567828
2018-02-22,114800.42971567828
2018-02-23,114800.42971567828
2018-02-24,114800.42971567828
2018-02-25,114800.42971567828
2018-02-26,114800.42971567828
2018-02-27,114800.42971567828
2018-02-28,114800.42971567828
2018-03-01,114800.42971567828
2018-03-02,114800.42971567828
2018-03-03,114800.42971567828
2018-03-04,114800.42971567828
2018-03-05,114800.42971567828
2018-03-06,114556.6778769208
2018-03-07,114556.6778769208
2018-03-08,114556.6778769208
2018-03-09,114556.6778769208
2018-03-10,116235.33853682104
2018-03-11,116235.33853682104
2018-03-12,116235.33853682104
2018-03-13,116235.33853682104
2018-03-14,116235.33853682104
2018-03-15,116235.33853682104
2018-03-16,116235.33853682104
2018-03-17,116235.33853682104
2018-03-18,116235.33853682104
2018-03-19,116235.33853682104
2018-03-20,116235.33853682104
2018-03-21,116235.33853682104
2018-03-22,116235.33853682104
2018-03-23,116235.33853682104
2018-03-24,116235.33853682104
2018-03-25,116235.33853682104
2018-03-26,116235.33853682104
2018-03-27,116235.33853682104
2018-03-28,116235.33853682104
2018-03-29,116235.33853682104
2018-03-30,115370.15055640155
2018-03-31,115370.15055640155
2018-04-01,115370.15055640155
2018-04-02,115370.15055640155
2018-04-03,115370.15055640155
2018-04-04,115370.15055640155
2018-04-05,115370.15055640155
2018-04-06,115370.15055640155
2018-04-07,115370.15055640155
2018-04-08,115370.15055640155
2018-04-09,115370.15055640155
2018-04-10,115370.15055640155
2018-04-11,115370.15055640155
2018-04-12,115370.15055640155
2018-04-13,115370.15055640155
2018-04-14,115370.15055640155
2018-04-15,115370.15055640155
2018-04-16,115370.15055640155
2018-04-17,115370.15055640155
2018-04-18,115370.15055640155
2018-04-19,115370.15055640155
2018-04-20,115370.15055640155
2018-04-21,115370.15055640155
2018-04-22,115370.15055640155
2018-04-23,115370.15055640155
2018-04-24,115370.15055640155
2018-04-25,115370.15055640155
2018-04-26,115370.15055640155
2018-04-27,115370.15055640155
2018-04-28,115370.15055640155
2018-04-29,115370.15055640155
2018-04-30,115370.15055640155
2018-05-01,115370.15055640155
2018-05-02,115370.15055640155
2018-05-03,115370.15055640155
2018-05-04,115370.15055640155
2018-05-05,115075.79763370246
2018-05-06,115075.79763370246
2018-05-07,115075.79763370246
2018-05-08,115075.79763370246
2018-05-09,115075.79763370246
2018-05-10,115075.79763370246
2018-05-11,115075.79763370246
2018-05-12,115075.79763370246
2018-05-13,115075.79763370246
2018-05-14,115075.79763370246
2018-05-15,115075.79763370246
2018-05-16,115075.79763370246
2018-05-17,115075.79763370246
2018-05-18,115075.79763370246
2018-05-19,115075.79763370246
2018-05-20,115075.79763370246
2018-05-21,115075.79763370246
2018-05-22,115075.79763370246
2018-05-23,115075.79763370246
2018-05-24,115075.79763370246
2018-05-25,115075.79763370246
2018-05-26,115075.79763370246
2018-05-27,115075.79763370246
2018-05-28,115075.79763370246
2018-05-29,115075.79763370246
2018-05-30,115075.79763370246
2018-05-31,115075.79763370246
2018-06-01,115075.79763370246
2018-06-02,115902.07531537951
2018-06-03,115902.07531537951
2018-06-04,115902.07531537951
2018-06-05,115902.07531537951
2018-06-06,115902.07531537951
2018-06-07,115902.07531537951
2018-06-08,115902.07531537951
2018-06-09,115902.07531537951
2018-06-10,115902.07531537951
2018-06-11,115902.07531537951
2018-06-12,115902.07531537951
2018-06-13,115902.07531537951
2018-06-14,115902.07531537951
2018-06-15,115902.07531537951
2018-06-16,115902.07531537951
2018-06-17,115902.07531537951
2018-06-18,115902.07531537951
2018-06-19,115902.07531537951
2018-06-20,115902.07531537951
2018-06-21,115902.07531537951
2018-06-22,115902.07531537951
2018-06-23,115902.07531537951
2018-06-24,115902.07531537951
2018-06-25,115902.07531537951
2018-06-26,115902.07531537951
2018-06-27,115902.07531537951
2018-06-28,115902.07531537951
2018-06-29,115902.07531537951
2018-06-30,115902.07531537951
2018-07-01,115902.07531537951
2018-07-02,115902.07531537951
2018-07-03,115902.07531537951
2018-07-04,115902.07531537951
2018-07-05,115902.07531537951
2018-07-06,115902.07531537951
2018-07-07,117951.05425120228
2018-07-08,117951.05425120228
2018-07-09,117951.05425120228
2018-07-10,117951.05425120228
2018-07-11,117951.05425120228
2018-07-12,117951.05425120228
2018-07-13,117951.05425120228
2018-07-14,117951.05425120228
2018-07-15,117951.05425120228
2018-07-16,117951.05425120228
2018-07-17,117951.05425120228
2018-07-18,118437.72603773861
2018-07-19,118437.72603773861
2018-07-20,118437.72603773861
2018-07-21,118437.72603773861
2018-07-22,118437.72603773861
2018-07-23,118437.72603773861
2018-07-24,118437.72603773861
2018-07-25,118437.72603773861
2018-07-26,112500.03457333162
2018-07-27,112500.03457333162
2018-07-28,112500.03457333162
2018-07-29,112500.03457333162
2018-07-30,112500.03457333162
2018-07-31,112500.03457333162
2018-08-01,112500.03457333162
2018-08-02,112500.03457333162
2018-08-03,112500.03457333162
2018-08-04,112500.03457333162
2018-08-05,112500.03457333162
2018-08-06,112500.03457333162
2018-08-07,112500.03457333162
2018-08-08,112500.03457333162
2018-08-09,112500.03457333162
2018-08-10,112500.03457333162
2018-08-11,112500.03457333162
2018-08-12,112500.03457333162
2018-08-13,112500.03457333162
2018-08-14,112500.03457333162
2018-08-15,112500.03457333162
2018-08-16,112500.03457333162
2018-08-17,112429.51065431419
2018-08-18,112429.51065431419
2018-08-19,112429.51065431419
2018-08-20,112429.51065431419
2018-08-21,112429.51065431419
2018-08-22,112429.51065431419
2018-08-23,112347.47009730693
2018-08-24,112347.47009730693
2018-08-25,112347.47009730693
2018-08-26,112347.47009730693
2018-08-27,112347.47009730693
2018-08-28,112347.47009730693
2018-08-29,112347.47009730693
2018-08-30,113492.1319196634
2018-08-31,113492.1319196634
2018-09-01,113492.1319196634
2018-09-02,113492.1319196634
2018-09-03,113492.1319196634
2018-09-04,113492.1319196634
2018-09-05,113492.1319196634
2018-09-06,113492.1319196634
2018-09-07,113492.1319196634
2018-09-08,113492.1319196634
2018-09-09,113492.1319196634
2018-09-10,113492.1319196634
2018-09-11,113492.1319196634
2018-09-12,113492.1319196634
2018-09-13,113492.1319196634
2018-09-14,113468.90516918545
2018-09-15,113468.90516918545
2018-09-16,113468.90516918545
2018-09-17,113468.90516918545
2018-09-18,113468.90516918545
2018-09-19,116628.03131630862
2018-09-20,116628.03131630862
2018-09-21,117815.05800705438
2018-09-22,117815.05800705438
2018-09-23,117815.05800705438
2018-09-24,117815.05800705438
2018-09-25,117815.05800705438
2018-09-26,117815.05800705438
2018-09-27,117815.05800705438
2018-09-28,115262.32209230316
2018-09-29,115262.32209230316
2018-09-30,115262.32209230316
2018-10-01,115262.32209230316
2018-10-02,115262.32209230316
2018-10-03,115262.32209230316
2018-10-04,115262.32209230316
2018-10-05,115262.32209230316
2018-10-06,115262.32209230316
2018-10-07,115262.32209230316
2018-10-08,115262.32209230316
2018-10-09,115262.32209230316
2018-10-10,115262.32209230316
2018-10-11,115262.32209230316
2018-10-12,115262.32209230316
2018-10-13,115262.32209230316
2018-10-14,115262.32209230316
2018-10-15,115262.32209230316
2018-10-16,115262.32209230316
2018-10-17,123101.94931709894
2018-10-18,123101.94931709894
2018-10-19,123101.94931709894
2018-10-20,123101.94931709894
2018-10-21,123101.94931709894
2018-10-22,123101.94931709894
2018-10-23,123101.94931709894
2018-10-24,123101.94931709894
2018-10-25,123101.94931709894
2018-10-26,123101.94931709894
2018-10-27,123101.94931709894
2018-10-28,123101.94931709894
2018-10-29,123101.94931709894
2018-10-30,123101.94931709894
2018-10-31,123101.94931709894
2018-11-01,120244.86184144394
2018-11-02,120244.86184144394
2018-11-03,120244.86184144394
2018-11-04,120244.86184144394
2018-11-05,120244.86184144394
2018-11-06,120244.86184144394
2018-11-07,120244.86184144394
2018-11-08,123799.14256647765
2018-11-09,123799.14256647765
2018-11-10,123799.14256647765
2018-11-11,123799.14256647765
2018-11-12,123799.14256647765
2018-11-13,123799.14256647765
2018-11-14,123799.14256647765
2018-11-15,123799.14256647765
2018-11-16,123799.14256647765
2018-11-17,123799.14256647765
2018-11-18,123799.14256647765
2018-11-19,123799.14256647765
2018-11-20,123799.14256647765
2018-11-21,123799.14256647765
2018-11-22,123799.14256647765
2018-11-23,123799.14256647765
2018-11-24,123799.14256647765
2018-11-25,123799.14256647765
2018-11-26,123799.14256647765
2018-11-27,123799.14256647765
2018-11-28,123799.14256647765
2018-11-29,126361.91616226902
2018-11-30,126361.91616226902
2018-12-01,126361.91616226902
2018-12-02,126361.91616226902
2018-12-03,126361.91616226902
2018-12-04,126361.91616226902
2018-12-05,126361.91616226902
2018-12-06,126361.91616226902
2018-12-07,126361.91616226902
2018-12-08,126361.91616226902
2018-12-09,126361.91616226902
2018-12-10,126361.91616226902
2018-12-11,126361.91616226902
2018-12-12,126361.91616226902
2018-12-13,123878.67066027841
2018-12-14,123878.67066027841
2018-12-15,123878.67066027841
2018-12-16,123878.67066027841
2018-12-17,123878.67066027841
2018-12-18,123878.67066027841
2018-12-19,123878.67066027841
2018-12-20,123878.67066027841
2018-12-21,123878.67066027841
2018-12-22,123878.67066027841
2018-12-23,123878.67066027841
2018-12-24,123878.67066027841
2018-12-25,123878.67066027841
2018-12-26,123878.67066027841
2018-12-27,127192.85965289368
2018-12-28,127192.85965289368
2018-12-29,127192.85965289368
2018-12-30,127192.85965289368
2018-12-31,127192.85965289368
2019-01-01,127192.85965289368
2019-01-02,127192.85965289368
2019-01-03,127192.85965289368
2019-01-04,127192.85965289368
2019-01-05,129780.57430632936
2019-01-06,129780.57430632936
2019-01-07,129780.57430632936
2019-01-08,129780.57430632936
2019-01-09,129780.57430632936
2019-01-10,129780.57430632936
2019-01-11,129780.57430632936
2019-01-12,129780.57430632936
2019-01-13,129780.57430632936
2019-01-14,129780.57430632936
2019-01-15,129780.57430632936
2019-01-16,130200.57108776591
2019-01-17,130200.57108776591
2019-01-18,130200.57108776591
2019-01-19,129696.439984692
2019-01-20,129696.439984692
2019-01-21,129696.439984692
2019-01-22,129696.439984692
2019-01-23,129696.439984692
2019-01-24,129696.439984692
2019-01-25,129696.439984692
2019-01-26,129062.89321219217
2019-01-27,129062.89321219217
2019-01-28,129062.89321219217
2019-01-29,129062.89321219217
2019-01-30,129062.89321219217
2019-01-31,132901.73803914143
2019-02-01,132901.73803914143
2019-02-02,132901.73803914143
2019-02-03,132901.73803914143
2019-02-04,132901.73803914143
2019-02-05,132901.73803914143
2019-02-06,132901.73803914143
2019-02-07,132901.73803914143
2019-02-08,132901.73803914143
2019-02-09,132901.73803914143
2019-02-10,132901.73803914143
2019-02-11,132901.73803914143
2019-02-12,132901.73803914143
2019-02-13,135748.7294619254
2019-02-14,135748.7294619254
2019-02-15,135748.7294619254
2019-02-16,136866.7885016532
2019-02-17,136866.7885016532
2019-02-18,136866.7885016532
2019-02-19,136866.7885016532
2019-02-20,136866.7885016532
2019-02-21,136866.7885016532
2019-02-22,136866.7885016532
2019-02-23,136866.7885016532
2019-02-24,136866.7885016532
2019-02-25,136866.7885016532
2019-02-26,136866.7885016532
2019-02-27,136866.7885016532
2019-02-28,136866.7885016532
2019-03-01,136866.7885016532
2019-03-02,136866.7885016532
2019-03-03,136866.7885016532
2019-03-04,136866.7885016532
2019-03-05,136866.7885016532
2019-03-06,136866.7885016532
2019-03-07,136866.7885016532
2019-03-08,136866.7885016532
2019-03-09,136866.7885016532
2019-03-10,136866.7885016532
2019-03-11,136866.7885016532
2019-03-12,143221.9618598643
2019-03-13,143221.9618598643
2019-03-14,140470.50342452983
2019-03-15,140470.50342452983
2019-03-16,139476.70513967518
2019-03-17,139476.70513967518
2019-03-18,139476.70513967518
2019-03-19,139476.70513967518
2019-03-20,139476.70513967518
2019-03-21,137949.44994739664
2019-03-22,138756.29610725906
2019-03-23,138756.29610725906
2019-03-24,138756.29610725906
2019-03-25,138756.29610725906
2019-03-26,138756.29610725906
2019-03-27,138756.29610725906
2019-03-28,138756.29610725906
2019-03-29,138756.29610725906
2019-03-30,138756.29610725906
2019-03-31,138756.29610725906
2019-04-01,138756.29610725906
2019-04-02,138756.29610725906
2019-04-03,138756.29610725906
2019-04-04,138756.29610725906
2019-04-05,138756.29610725906
2019-04-06,138756.29610725906
2019-04-07,138756.29610725906
2019-04-08,138756.29610725906
2019-04-09,138756.29610725906
2019-04-10,138756.29610725906
2019-04-11,138756.29610725906
2019-04-12,138756.29610725906
2019-04-13,138756.29610725906
2019-04-14,138756.29610725906
2019-04-15,138756.29610725906
2019-04-16,138756.29610725906
2019-04-17,138756.29610725906
2019-04-18,138756.29610725906
2019-04-19,138756.29610725906
2019-04-20,138756.29610725906
2019-04-21,138756.29610725906
2019-04-22,138756.29610725906
2019-04-23,138756.29610725906
2019-04-24,142708.90149909272
2019-04-25,142708.90149909272
2019-04-26,142708.90149909272
2019-04-27,142708.90149909272
2019-04-28,142708.90149909272
2019-04-29,142708.90149909272
2019-04-30,142708.90149909272
2019-05-01,142708.90149909272
2019-05-02,142708.90149909272
2019-05-03,142708.90149909272
2019-05-04,148296.11103370885
2019-05-05,148296.11103370885
2019-05-06,148296.11103370885
2019-05-07,146546.18155936623
2019-05-08,146546.18155936623
2019-05-09,146546.18155936623
2019-05-10,146546.18155936623
2019-05-11,146546.18155936623
2019-05-12,146546.18155936623
2019-05-13,146546.18155936623
2019-05-14,146546.18155936623
2019-05-15,147170.5958135822
2019-05-16,147170.5958135822
2019-05-17,146117.0724967491
2019-05-18,146117.0724967491
2019-05-19,146117.0724967491
2019-05-20,146117.0724967491
2019-05-21,146117.0724967491
2019-05-22,146117.0724967491
2019-05-23,146117.0724967491
2019-05-24,146117.0724967491
2019-05-25,146117.0724967491
2019-05-26,146117.0724967491
2019-05-27,146117.0724967491
2019-05-28,146117.0724967491
2019-05-29,146117.0724967491
2019-05-30,146117.0724967491
2019-05-31,146117.0724967491
2019-06-01,146117.0724967491
2019-06-02,146117.0724967491
2019-06-03,146117.0724967491
2019-06-04,146117.0724967491
2019-06-05,154036.7240542043
2019-06-06,154036.7240542043
2019-06-07,154036.7240542043
2019-06-08,154529.14114649652
2019-06-09,154529.14114649652
2019-06-10,154529.14114649652
2019-06-11,150627.50848880727
2019-06-12,150627.50848880727
2019-06-13,150627.50848880727
2019-06-14,150627.50848880727
2019-06-15,150627.50848880727
2019-06-16,150627.50848880727
2019-06-17,150627.50848880727
2019-06-18,150627.50848880727
2019-06-19,151575.76606625147
2019-06-20,151575.76606625147
2019-06-21,151575.76606625147
2019-06-22,151575.76606625147
2019-06-23,151575.76606625147
2019-06-24,151575.76606625147
2019-06-25,151575.76606625147
2019-06-26,151575.76606625147
2019-06-27,151575.76606625147
2019-06-28,151575.76606625147
2019-06-29,151575.76606625147
2019-06-30,151575.76606625147
2019-07-01,151575.76606625147
2019-07-02,151575.76606625147
2019-07-03,151575.76606625147
2019-07-04,150836.00234753214
2019-07-05,150836.00234753214
2019-07-06,150836.00234753214
2019-07-07,150836.00234753214
2019-07-08,150836.00234753214
2019-07-09,150836.00234753214
2019-07-10,150836.00234753214
2019-07-11,148256.6287576317
2019-07-12,148256.6287576317
2019-07-13,148256.6287576317
2019-07-14,148256.6287576317
2019-07-15,148256.6287576317
2019-07-16,148256.6287576317
2019-07-17,148256.6287576317
2019-07-18,148256.6287576317
2019-07-19,146942.78136093472
2019-07-20,146942.78136093472
2019-07-21,146942.78136093472
2019-07-22,146942.78136093472
2019-07-23,147254.55383490192
2019-07-24,147254.55383490192
2019-07-25,147898.30217004917
2019-07-26,147898.30217004917
2019-07-27,147898.30217004917
2019-07-28,147898.30217004917
2019-07-29,147898.30217004917
2019-07-30,147898.30217004917
2019-07-31,147898.30217004917
2019-08-01,147898.30217004917
2019-08-02,147898.30217004917
2019-08-03,147898.30217004917
2019-08-04,147898.30217004917
2019-08-05,147898.30217004917
2019-08-06,147898.30217004917
2019-08-07,154591.07488811438
2019-08-08,154591.07488811438
2019-08-09,157225.00358214922
2019-08-10,157225.00358214922
2019-08-11,157225.00358214922
2019-08-12,157225.00358214922
2019-08-13,157225.00358214922
2019-08-14,157160.6185383615
2019-08-15,157160.6185383615
2019-08-16,157160.6185383615
2019-08-17,157160.6185383615
2019-08-18,157160.6185383615
2019-08-19,157160.6185383615
2019-08-20,157160.6185383615
2019-08-21,157160.6185383615
2019-08-22,157160.6185383615
2019-08-23,157160.6185383615
2019-08-24,157160.6185383615
2019-08-25,157160.6185383615
2019-08-26,157160.6185383615
2019-08-27,157160.6185383615
2019-08-28,157160.6185383615
2019-08-29,157160.6185383615
2019-08-30,157160.6185383615
2019-08-31,157160.6185383615
2019-09-01,157160.6185383615
2019-09-02,157160.6185383615
2019-09-03,157160.6185383615
2019-09-04,157160.6185383615
2019-09-05,157160.6185383615
2019-09-06,157160.6185383615
2019-09-07,157160.6185383615
2019-09-08,157160.6185383615
2019-09-09,157160.6185383615
2019-09-10,157160.6185383615
2019-09-11,157160.6185383615
2019-09-12,157648.68408304141
2019-09-13,157648.68408304141
2019-09-14,157648.68408304141
2019-09-15,157648.68408304141
2019-09-16,157648.68408304141
2019-09-17,157648.68408304141
2019-09-18,157648.68408304141
2019-09-19,157648.68408304141
2019-09-20,157648.68408304141
2019-09-21,157648.68408304141
2019-09-22,157648.68408304141
2019-09-23,157648.68408304141
2019-09-24,157648.68408304141
2019-09-25,157648.68408304141
2019-09-26,157648.68408304141
2019-09-27,157648.68408304141
2019-09-28,157648.68408304141
2019-09-29,157648.68408304141
2019-09-30,157648.68408304141
2019-10-01,157648.68408304141
2019-10-02,157648.68408304141
2019-10-03,157648.68408304141
2019-10-04,157648.68408304141
2019-10-05,158831.8624171773
2019-10-06,158831.8624171773
2019-10-07,158831.8624171773
2019-10-08,158831.8624171773
2019-10-09,158831.8624171773
2019-10-10,156081.3686787098
2019-10-11,156426.92993321922
2019-10-12,151134.67343787558
2019-10-13,151134.67343787558
2019-10-14,151134.67343787558
2019-10-15,151134.67343787558
2019-10-16,151134.67343787558
2019-10-17,151134.67343787558
2019-10-18,151134.67343787558
2019-10-19,151134.67343787558
2019-10-20,151134.67343787558
2019-10-21,151134.67343787558
2019-10-22,151134.67343787558
2019-10-23,151134.67343787558
2019-10-24,151134.67343787558
2019-10-25,151134.67343787558
2019-10-26,151190.6233701163
2019-10-27,151190.6233701163
2019-10-28,151190.6233701163
2019-10-29,151190.6233701163
2019-10-30,151190.6233701163
2019-10-31,151190.6233701163
2019-11-01,151190.6233701163
2019-11-02,151416.80669407768
2019-11-03,151416.80669407768
2019-11-04,151416.80669407768
2019-11-05,151416.80669407768
2019-11-06,151416.80669407768
2019-11-07,151416.80669407768
2019-11-08,151416.80669407768
2019-11-09,151416.80669407768
2019-11-10,151416.80669407768
2019-11-11,151416.80669407768
2019-11-12,151416.80669407768
2019-11-13,151416.80669407768
2019-11-14,151416.80669407768
2019-11-15,151416.80669407768
2019-11-16,151416.80669407768
2019-11-17,151416.80669407768
2019-11-18,151416.80669407768
2019-11-19,151416.80669407768
2019-11-20,151416.80669407768
2019-11-21,151416.80669407768
2019-11-22,151416.80669407768
2019-11-23,151416.80669407768
2019-11-24,151416.80669407768
2019-11-25,151416.80669407768
2019-11-26,150983.2517437578
2019-11-27,150983.2517437578
2019-11-28,150983.2517437578
2019-11-29,150983.2517437578
2019-11-30,150983.2517437578
2019-12-01,150983.2517437578
2019-12-02,150983.2517437578
2019-12-03,150983.2517437578
2019-12-04,150983.2517437578
2019-12-05,150983.2517437578
2019-12-06,150983.2517437578
2019-12-07,152931.16046769347
2019-12-08,152931.16046769347
2019-12-09,152931.16046769347
2019-12-10,152931.16046769347
2019-12-11,152931.16046769347
2019-12-12,152931.16046769347
2019-12-13,153846.9483961388
2019-12-14,153846.9483961388
2019-12-15,153846.9483961388
2019-12-16,153846.9483961388
2019-12-17,151948.25787060076
2019-12-18,151948.25787060076
2019-12-19,151948.25787060076
2019-12-20,151948.25787060076
2019-12-21,151948.25787060076
2019-12-22,151948.25787060076
2019-12-23,151948.25787060076
2019-12-24,151948.25787060076
2019-12-25,151948.25787060076
2019-12-26,151948.25787060076
2019-12-27,152309.46146568033
2019-12-28,152309.46146568033
2019-12-29,152309.46146568033
2019-12-30,152309.46146568033
2019-12-31,152309.46146568033
2020-01-01,152309.46146568033
2020-01-02,152309.46146568033
2020-01-03,153054.78777065515
2020-01-04,153054.78777065515
2020-01-05,153054.78777065515
2020-01-06,153054.78777065515
2020-01-07,153274.21188408282
2020-01-08,153274.21188408282
2020-01-09,156344.3458424057
2020-01-10,156344.3458424057
2020-01-11,156344.3458424057
2020-01-12,156344.3458424057
2020-01-13,156344.3458424057
2020-01-14,158015.88194072834
2020-01-15,158015.88194072834
2020-01-16,158015.88194072834
2020-01-17,157908.81073037052
2020-01-18,157908.81073037052
2020-01-19,157908.81073037052
2020-01-20,157908.81073037052
2020-01-21,157908.81073037052
2020-01-22,157908.81073037052
2020-01-23,157908.81073037052
2020-01-24,157908.81073037052
2020-01-25,157908.81073037052
2020-01-26,157908.81073037052
2020-01-27,157908.81073037052
2020-01-28,157908.81073037052
2020-01-29,157908.81073037052
2020-01-30,157908.81073037052
2020-01-31,157908.81073037052
2020-02-01,157908.81073037052
2020-02-02,157908.81073037052
2020-02-03,157908.81073037052
2020-02-04,157908.81073037052
2020-02-05,168487.02891593176
2020-02-06,169368.0498943571
2020-02-07,169368.0498943571
2020-02-08,169368.0498943571
2020-02-09,169368.0498943571
2020-02-10,169368.0498943571
2020-02-11,169368.0498943571
2020-02-12,169368.0498943571
2020-02-13,169368.0498943571
2020-02-14,169368.0498943571
2020-02-15,169368.0498943571
2020-02-16,169368.0498943571
2020-02-17,169368.0498943571
2020-02-18,169368.0498943571
2020-02-19,169368.0498943571
2020-02-20,169368.0498943571
2020-02-21,169368.0498943571
2020-02-22,169368.0498943571
2020-02-23,169368.0498943571
2020-02-24,169368.0498943571
2020-02-25,169368.0498943571
2020-02-26,169368.0498943571
2020-02-27,169368.0498943571
2020-02-28,169368.0498943571
2020-02-29,169368.0498943571
2020-03-01,169368.0498943571
2020-03-02,169368.0498943571
2020-03-03,169368.0498943571
2020-03-04,169368.0498943571
2020-03-05,173563.85140649317
2020-03-06,173563.85140649317
2020-03-07,173563.85140649317
2020-03-08,173563.85140649317
2020-03-09,173563.85140649317
2020-03-10,173563.85140649317
2020-03-11,173563.85140649317
2020-03-12,173563.85140649317
2020-03-13,173563.85140649317
2020-03-14,183770.03832451667
2020-03-15,183770.03832451667
2020-03-16,183770.03832451667
2020-03-17,183770.03832451667
2020-03-18,183770.03832451667
2020-03-19,183770.03832451667
2020-03-20,183770.03832451667
2020-03-21,183770.03832451667
2020-03-22,183770.03832451667
2020-03-23,183770.03832451667
2020-03-24,183770.03832451667
2020-03-25,183838.83297309518
2020-03-26,183838.83297309518
2020-03-27,183838.83297309518
2020-03-28,178291.48502018247
2020-03-29,178291.48502018247
2020-03-30,178291.48502018247
2020-03-31,178291.48502018247
2020-04-01,178291.48502018247
2020-04-02,178291.48502018247
2020-04-03,178291.48502018247
2020-04-04,178291.48502018247
2020-04-05,178291.48502018247
2020-04-06,178291.48502018247
2020-04-07,179010.14075749775
2020-04-08,179010.14075749775
2020-04-09,179010.14075749775
2020-04-10,179010.14075749775
2020-04-11,179010.14075749775
2020-04-12,179010.14075749775
2020-04-13,179010.14075749775
2020-04-14,179010.14075749775
2020-04-15,179010.14075749775
2020-04-16,179010.14075749775
2020-04-17,178606.65029060037
2020-04-18,178606.65029060037
2020-04-19,178606.65029060037
2020-04-20,178606.65029060037
2020-04-21,178606.65029060037
2020-04-22,178606.65029060037
2020-04-23,178606.65029060037
2020-04-24,178606.65029060037
2020-04-25,178606.65029060037
2020-04-26,178606.65029060037
2020-04-27,178606.65029060037
2020-04-28,178606.65029060037
2020-04-29,178606.65029060037
2020-04-30,178784.75388735352
2020-05-01,178784.75388735352
2020-05-02,178784.75388735352
2020-05-03,178784.75388735352
2020-05-04,178784.75388735352
2020-05-05,178784.75388735352
2020-05-06,178784.75388735352
2020-05-07,178784.75388735352
2020-05-08,178784.75388735352
2020-05-09,178784.75388735352
2020-05-10,178784.75388735352
2020-05-11,178784.75388735352
2020-05-12,178784.75388735352
2020-05-13,178784.75388735352
2020-05-14,178784.75388735352
2020-05-15,178784.75388735352
2020-05-16,178784.75388735352
2020-05-17,178784.75388735352
2020-05-18,178784.75388735352
2020-05-19,178784.75388735352
2020-05-20,178784.75388735352
2020-05-21,178784.75388735352
2020-05-22,178784.75388735352
2020-05-23,178784.75388735352
2020-05-24,178784.75388735352
2020-05-25,178784.75388735352
2020-05-26,178784.75388735352
2020-05-27,178784.75388735352
2020-05-28,178784.75388735352
2020-05-29,178784.75388735352
2020-05-30,178784.75388735352
2020-05-31,178784.75388735352
2020-06-01,178784.75388735352
2020-06-02,178784.75388735352
2020-06-03,178784.75388735352
2020-06-04,178784.75388735352
2020-06-05,178784.75388735352
2020-06-06,180055.5141596078
2020-06-07,180055.5141596078
2020-06-08,180055.5141596078
2020-06-09,180055.5141596078
2020-06-10,180055.5141596078
2020-06-11,180055.5141596078
2020-06-12,180055.5141596078
2020-06-13,180055.5141596078
2020-06-14,180055.5141596078
2020-06-15,180055.5141596078
2020-06-16,182591.44546132098
2020-06-17,182591.44546132098
2020-06-18,182591.44546132098
2020-06-19,182591.44546132098
2020-06-20,182591.44546132098
2020-06-21,182591.44546132098
2020-06-22,182591.44546132098
2020-06-23,182591.44546132098
2020-06-24,182591.44546132098
2020-06-25,182591.44546132098
2020-06-26,182591.44546132098
2020-06-27,182591.44546132098
2020-06-28,182591.44546132098
2020-06-29,182591.44546132098
2020-06-30,182591.44546132098
2020-07-01,182591.44546132098
2020-07-02,182591.44546132098
2020-07-03,182591.44546132098
2020-07-04,182591.44546132098
2020-07-05,182591.44546132098
2020-07-06,182591.44546132098
2020-07-07,184920.0994766172
2020-07-08,184920.0994766172
2020-07-09,184920.0994766172
2020-07-10,184920.0994766172
2020-07-11,184920.0994766172
2020-07-12,184920.0994766172
2020-07-13,184920.0994766172
2020-07-14,184920.0994766172
2020-07-15,184920.0994766172
2020-07-16,184920.0994766172
2020-07-17,184920.0994766172
2020-07-18,184920.0994766172
2020-07-19,184920.0994766172
2020-07-20,184920.0994766172
2020-07-21,189208.369391684
2020-07-22,189208.369391684
2020-07-23,189208.369391684
2020-07-24,189208.369391684
2020-07-25,189208.369391684
2020-07-26,189208.369391684
2020-07-27,189208.369391684
2020-07-28,189208.369391684
2020-07-29,189208.369391684
2020-07-30,189208.369391684
2020-07-31,189208.369391684
2020-08-01,189208.369391684
2020-08-02,189208.369391684
2020-08-03,189208.369391684
2020-08-04,189208.369391684
2020-08-05,189208.369391684
2020-08-06,189208.369391684
2020-08-07,189208.369391684
2020-08-08,189208.369391684
2020-08-09,189208.369391684
2020-08-10,189208.369391684
2020-08-11,189208.369391684
2020-08-12,189208.369391684
2020-08-13,187652.76496766016
2020-08-14,187652.76496766016
2020-08-15,187652.76496766016
2020-08-16,187652.76496766016
2020-08-17,187652.76496766016
2020-08-18,187652.76496766016
2020-08-19,187652.76496766016
2020-08-20,187652.76496766016
2020-08-21,187652.76496766016
2020-08-22,187652.76496766016
2020-08-23,187652.76496766016
2020-08-24,187652.76496766016
2020-08-25,187652.76496766016
2020-08-26,187652.76496766016
2020-08-27,188352.26248112152
2020-08-28,188352.26248112152
2020-08-29,188352.26248112152
2020-08-30,188352.26248112152
2020-08-31,188352.26248112152
2020-09-01,188352.26248112152
2020-09-02,189008.2339833002
2020-09-03,189008.2339833002
2020-09-04,189008.2339833002
2020-09-05,189008.2339833002
2020-09-06,189008.2339833002
2020-09-07,189008.2339833002
2020-09-08,189008.2339833002
2020-09-09,189008.2339833002
2020-09-10,189008.2339833002
2020-09-11,189008.2339833002
2020-09-12,189008.2339833002
2020-09-13,189008.2339833002
2020-09-14,189008.2339833002
2020-09-15,189008.2339833002
2020-09-16,189008.2339833002
2020-09-17,189008.2339833002
2020-09-18,189008.2339833002
2020-09-19,189008.2339833002
2020-09-20,189008.2339833002
2020-09-21,189008.2339833002
2020-09-22,189008.2339833002
2020-09-23,189008.2339833002
2020-09-24,189008.2339833002
2020-09-25,189008.2339833002
2020-09-26,189008.2339833002
2020-09-27,189008.2339833002
2020-09-28,189008.2339833002
2020-09-29,189008.2339833002
2020-09-30,189008.2339833002
2020-10-01,189008.2339833002
2020-10-02,189008.2339833002
2020-10-03,189008.2339833002
2020-10-04,189008.2339833002
2020-10-05,189008.2339833002
2020-10-06,189008.2339833002
2020-10-07,189008.2339833002
2020-10-08,190378.27492108147
2020-10-09,190378.27492108147
2020-10-10,190378.27492108147
2020-10-11,190378.27492108147
2020-10-12,190378.27492108147
2020-10-13,194287.18010794814
2020-10-14,194287.18010794814
2020-10-15,194287.18010794814
2020-10-16,194287.18010794814
2020-10-17,194287.18010794814
2020-10-18,194287.18010794814
2020-10-19,194287.18010794814
2020-10-20,194287.18010794814
2020-10-21,194287.18010794814
2020-10-22,194287.18010794814
2020-10-23,194287.18010794814
2020-10-24,194287.18010794814
2020-10-25,194287.18010794814
2020-10-26,194287.18010794814
2020-10-27,194287.18010794814
2020-10-28,194287.18010794814
2020-10-29,194287.18010794814
2020-10-30,194287.18010794814
2020-10-31,194287.18010794814
2020-11-01,194287.18010794814
2020-11-02,194287.18010794814
2020-11-03,194287.18010794814
2020-11-04,194287.18010794814
2020-11-05,194287.18010794814
2020-11-06,194415.29739256285
2020-11-07,194415.29739256285
2020-11-08,194415.29739256285
2020-11-09,194415.29739256285
2020-11-10,194415.29739256285
2020-11-11,194415.29739256285
2020-11-12,194855.61275191183
2020-11-13,194855.61275191183
2020-11-14,194855.61275191183
2020-11-15,194855.61275191183
2020-11-16,194855.61275191183
2020-11-17,194855.61275191183
2020-11-18,194855.61275191183
2020-11-19,194855.61275191183
2020-11-20,194855.61275191183
2020-11-21,194855.61275191183
2020-11-22,194855.61275191183
2020-11-23,194855.61275191183
2020-11-24,194855.61275191183
2020-11-25,194855.61275191183
2020-11-26,194855.61275191183
2020-11-27,194855.61275191183
2020-11-28,194855.61275191183
2020-11-29,194855.61275191183
2020-11-30,194855.61275191183
2020-12-01,194855.61275191183
2020-12-02,194855.61275191183
2020-12-03,194855.61275191183
2020-12-04,194855.61275191183
2020-12-05,194855.61275191183
2020-12-06,194855.61275191183
2020-12-07,194855.61275191183
2020-12-08,194855.61275191183
2020-12-09,194855.61275191183
2020-12-10,194855.61275191183
2020-12-11,194855.61275191183
2020-12-12,194855.61275191183
2020-12-13,194855.61275191183
2020-12-14,194855.61275191183
2020-12-15,194855.61275191183
2020-12-16,194462.5077506467
2020-12-17,194462.5077506467
2020-12-18,194462.5077506467
2020-12-19,194462.5077506467
2020-12-20,194462.5077506467
2020-12-21,194462.5077506467
2020-12-22,194462.5077506467
2020-12-23,194462.5077506467
2020-12-24,194462.5077506467
2020-12-25,194462.5077506467
2020-12-26,194462.5077506467
2020-12-27,194462.5077506467
2020-12-28,194462.5077506467
2020-12-29,194462.5077506467
2020-12-30,194462.5077506467
2020-12-31,194462.5077506467
2021-01-01,194462.5077506467
2021-01-02,194462.5077506467
2021-01-03,194462.5077506467
2021-01-04,194462.5077506467
2021-01-05,194462.5077506467
2021-01-06,194462.5077506467
2021-01-07,194462.5077506467
2021-01-08,194462.5077506467
2021-01-09,194462.5077506467
2021-01-10,194462.5077506467
2021-01-11,194462.5077506467
2021-01-12,194462.5077506467
2021-01-13,194462.5077506467
2021-01-14,194462.5077506467
2021-01-15,194462.5077506467
2021-01-16,194462.5077506467
2021-01-17,194462.5077506467
2021-01-18,194462.5077506467
2021-01-19,194462.5077506467
2021-01-20,197272.89877883665
2021-01-21,202284.32137736783
2021-01-22,202284.32137736783
2021-01-23,202284.32137736783
2021-01-24,202284.32137736783
2021-01-25,202284.32137736783
2021-01-26,202284.32137736783
2021-01-27,202284.32137736783
2021-01-28,202284.32137736783
2021-01-29,202284.32137736783
2021-01-30,202284.32137736783
2021-01-31,202284.32137736783
2021-02-01,202284.32137736783
2021-02-02,202284.32137736783
2021-02-03,203757.0239793348
2021-02-04,203757.0239793348
2021-02-05,203757.0239793348
2021-02-06,203757.0239793348
2021-02-07,203757.0239793348
2021-02-08,203757.0239793348
2021-02-09,203757.0239793348
2021-02-10,203757.0239793348
2021-02-11,203757.0239793348
2021-02-12,203757.0239793348
2021-02-13,203757.0239793348
2021-02-14,203757.0239793348
2021-02-15,203757.0239793348
2021-02-16,203757.0239793348
2021-02-17,203757.0239793348
2021-02-18,203757.0239793348
2021-02-19,203757.0239793348
2021-02-20,203757.0239793348
2021-02-21,203757.0239793348
2021-02-22,203757.0239793348
2021-02-23,203757.0239793348
2021-02-24,203757.0239793348
2021-02-25,203757.0239793348
2021-02-26,203757.0239793348
2021-02-27,203757.0239793348
2021-02-28,203757.0239793348
2021-03-01,203757.0239793348
2021-03-02,205619.29548837326
2021-03-03,205619.29548837326
2021-03-04,205619.29548837326
2021-03-05,205619.29548837326
2021-03-06,205619.29548837326
2021-03-07,205619.29548837326
2021-03-08,205619.29548837326
2021-03-09,205619.29548837326
2021-03-10,208573.59025363915
2021-03-11,208573.59025363915
2021-03-12,208573.59025363915
2021-03-13,208573.59025363915
2021-03-14,208573.59025363915
2021-03-15,208573.59025363915
2021-03-16,208573.59025363915
2021-03-17,208573.59025363915
2021-03-18,208573.59025363915
2021-03-19,208573.59025363915
2021-03-20,208573.59025363915
2021-03-21,208573.59025363915
2021-03-22,208573.59025363915
2021-03-23,208573.59025363915
2021-03-24,208573.59025363915
2021-03-25,208573.59025363915
2021-03-26,208573.59025363915
2021-03-27,208573.59025363915
2021-03-28,208573.59025363915
2021-03-29,208573.59025363915
2021-03-30,208573.59025363915
2021-03-31,208573.59025363915
2021-04-01,208573.59025363915
2021-04-02,208573.59025363915
2021-04-03,208573.59025363915
2021-04-04,208573.59025363915
2021-04-05,208573.59025363915
2021-04-06,210569.30092969094
2021-04-07,210569.30092969094
2021-04-08,210569.30092969094
2021-04-09,210569.30092969094
2021-04-10,210569.30092969094
2021-04-11,210569.30092969094
2021-04-12,210569.30092969094
2021-04-13,210569.30092969094
2021-04-14,210569.30092969094
2021-04-15,210569.30092969094
2021-04-16,210918.41080516676
2021-04-17,210918.41080516676
2021-04-18,210918.41080516676
2021-04-19,210918.41080516676
2021-04-20,210918.41080516676
2021-04-21,210918.41080516676
2021-04-22,208813.26417412155
2021-04-23,208813.26417412155
2021-04-24,205730.88442576642
2021-04-25,205730.88442576642
2021-04-26,205730.88442576642
2021-04-27,205730.88442576642
2021-04-28,205730.88442576642
2021-04-29,205730.88442576642
2021-04-30,205730.88442576642
2021-05-01,205730.88442576642
2021-05-02,205730.88442576642
2021-05-03,205730.88442576642
2021-05-04,205730.88442576642
2021-05-05,205730.88442576642
2021-05-06,205730.88442576642
2021-05-07,205730.88442576642
2021-05-08,205888.1834953085
2021-05-09,205888.1834953085
2021-05-10,205888.1834953085
2021-05-11,205888.1834953085
2021-05-12,205888.1834953085
2021-05-13,205888.1834953085
2021-05-14,206214.62685044928
2021-05-15,210674.008721386
2021-05-16,210674.008721386
2021-05-17,210674.008721386
2021-05-18,210674.008721386
2021-05-19,210674.008721386
2021-05-20,210674.008721386
2021-05-21,212284.56512163812
2021-05-22,212284.56512163812
2021-05-23,212284.56512163812
2021-05-24,212284.56512163812
2021-05-25,214502.88498518427
2021-05-26,214502.88498518427
2021-05-27,214502.88498518427
2021-05-28,214502.88498518427
2021-05-29,214502.88498518427
2021-05-30,214502.88498518427
2021-05-31,214502.88498518427
2021-06-01,214502.88498518427
2021-06-02,214502.88498518427
2021-06-03,214502.88498518427
2021-06-04,214502.88498518427
2021-06-05,218379.64854544975
2021-06-06,218379.64854544975
2021-06-07,218379.64854544975
2021-06-08,218379.64854544975
2021-06-09,218379.64854544975
2021-06-10,218379.64854544975
2021-06-11,218379.64854544975
2021-06-12,218379.64854544975
2021-06-13,218379.64854544975
2021-06-14,218379.64854544975
2021-06-15,218379.64854544975
2021-06-16,218379.64854544975
2021-06-17,218379.64854544975
2021-06-18,218379.64854544975
2021-06-19,218379.64854544975
2021-06-20,218379.64854544975
2021-06-21,218379.64854544975
2021-06-22,218379.64854544975
2021-06-23,218379.64854544975
2021-06-24,218379.64854544975
2021-06-25,218379.64854544975
2021-06-26,218379.64854544975
2021-06-27,218379.64854544975
2021-06-28,218379.64854544975
2021-06-29,217303.76438491972
2021-06-30,217303.76438491972
2021-07-01,217303.76438491972
2021-07-02,217303.76438491972
2021-07-03,219545.59934502124
2021-07-04,219545.59934502124
2021-07-05,219545.59934502124
2021-07-06,219545.59934502124
2021-07-07,219545.59934502124
2021-07-08,219545.59934502124
2021-07-09,219545.59934502124
2021-07-10,223225.76739784685
2021-07-11,223225.76739784685
2021-07-12,223225.76739784685
2021-07-13,223225.76739784685
2021-07-14,223225.76739784685
2021-07-15,220047.92338586727
2021-07-16,220047.92338586727
2021-07-17,220047.92338586727
2021-07-18,220047.92338586727
2021-07-19,220047.92338586727
2021-07-20,220047.92338586727
2021-07-21,219985.82123301306
2021-07-22,219985.82123301306
2021-07-23,219985.82123301306
2021-07-24,219985.82123301306
2021-07-25,219985.82123301306
2021-07-26,219985.82123301306
2021-07-27,219985.82123301306
2021-07-28,219985.82123301306
2021-07-29,219985.82123301306
2021-07-30,219985.82123301306
2021-07-31,219985.82123301306
2021-08-01,219985.82123301306
2021-08-02,219985.82123301306
2021-08-03,219985.82123301306
2021-08-04,219985.82123301306
2021-08-05,219985.82123301306
2021-08-06,219985.82123301306
2021-08-07,219985.82123301306
2021-08-08,219985.82123301306
2021-08-09,219985.82123301306
2021-08-10,219985.82123301306
2021-08-11,219985.82123301306
2021-08-12,219985.82123301306
2021-08-13,219985.82123301306
2021-08-14,219985.82123301306
2021-08-15,219985.82123301306
2021-08-16,219985.82123301306
2021-08-17,219985.82123301306
2021-08-18,219985.82123301306
2021-08-19,219985.82123301306
2021-08-20,219985.82123301306
2021-08-21,221498.21054111302
2021-08-22,221498.21054111302
2021-08-23,221498.21054111302
2021-08-24,226086.3877329785
2021-08-25,226086.3877329785
2021-08-26,226086.3877329785
2021-08-27,226086.3877329785
2021-08-28,226086.3877329785
2021-08-29,226086.3877329785
2021-08-30,226086.3877329785
2021-08-31,226463.04552454047
2021-09-01,226463.04552454047
2021-09-02,226463.04552454047
2021-09-03,226463.04552454047
2021-09-04,226463.04552454047
2021-09-05,226463.04552454047
2021-09-06,226463.04552454047
2021-09-07,226463.04552454047
2021-09-08,226463.04552454047
2021-09-09,226463.04552454047
2021-09-10,226463.04552454047
2021-09-11,226463.04552454047
2021-09-12,226463.04552454047
2021-09-13,226463.04552454047
2021-09-14,226463.04552454047
2021-09-15,226463.04552454047
2021-09-16,226837.16107291254
2021-09-17,226837.16107291254
2021-09-18,226837.16107291254
2021-09-19,226837.16107291254
2021-09-20,226837.16107291254
2021-09-21,226837.16107291254
2021-09-22,226837.16107291254
2021-09-23,226837.16107291254
2021-09-24,226837.16107291254
2021-09-25,226837.16107291254
2021-09-26,226837.16107291254
2021-09-27,226837.16107291254
2021-09-28,226837.16107291254
2021-09-29,226837.16107291254
2021-09-30,226837.16107291254
2021-10-01,226837.16107291254
2021-10-02,225227.15320259018
2021-10-03,225227.15320259018
2021-10-04,225227.15320259018
2021-10-05,225227.15320259018
2021-10-06,222239.05897814262
2021-10-07,222239.05897814262
2021-10-08,222239.05897814262
2021-10-09,222239.05897814262
2021-10-10,222239.05897814262
2021-10-11,222239.05897814262
2021-10-12,222239.05897814262
2021-10-13,222239.05897814262
2021-10-14,222239.05897814262
2021-10-15,225538.98377110763
2021-10-16,225538.98377110763
2021-10-17,225538.98377110763
2021-10-18,225538.98377110763
2021-10-19,225903.5354078334
2021-10-20,225903.5354078334
2021-10-21,225903.5354078334
2021-10-22,225903.5354078334
2021-10-23,225903.5354078334
2021-10-24,225903.5354078334
2021-10-25,225903.5354078334
2021-10-26,225903.5354078334
2021-10-27,225903.5354078334
2021-10-28,225903.5354078334
2021-10-29,225903.5354078334
2021-10-30,225903.5354078334
2021-10-31,225903.5354078334
2021-11-01,225903.5354078334
2021-11-02,225903.5354078334
2021-11-03,225903.5354078334
2021-11-04,228933.65523021854
2021-11-05,228933.65523021854
2021-11-06,228933.65523021854
2021-11-07,228933.65523021854
2021-11-08,228933.65523021854
2021-11-09,228933.65523021854
2021-11-10,228933.65523021854
2021-11-11,228933.65523021854
2021-11-12,228933.65523021854
2021-11-13,228933.65523021854
2021-11-14,228933.65523021854
2021-11-15,228933.65523021854
2021-11-16,228933.65523021854
2021-11-17,228933.65523021854
2021-11-18,228933.65523021854
2021-11-19,228933.65523021854
2021-11-20,228933.65523021854
2021-11-21,228933.65523021854
2021-11-22,228933.65523021854
2021-11-23,205038.99027600017
2021-11-24,205038.99027600017
2021-11-25,205038.99027600017
2021-11-26,205038.99027600017
2021-11-27,205038.99027600017
2021-11-28,205038.99027600017
2021-11-29,205038.99027600017
2021-11-30,206888.12516960767
2021-12-01,206888.12516960767
2021-12-02,206888.12516960767
2021-12-03,206888.12516960767
2021-12-04,206888.12516960767
2021-12-05,206888.12516960767
2021-12-06,206888.12516960767
2021-12-07,206888.12516960767
2021-12-08,224601.4549906986
2021-12-09,224601.4549906986
2021-12-10,224601.4549906986
2021-12-11,224601.4549906986
2021-12-12,224601.4549906986
2021-12-13,224601.4549906986
2021-12-14,224601.4549906986
2021-12-15,224601.4549906986
2021-12-16,227922.89753615155
2021-12-17,227922.89753615155
2021-12-18,227922.89753615155
2021-12-19,227922.89753615155
2021-12-20,227922.89753615155
2021-12-21,227922.89753615155
2021-12-22,227922.89753615155
2021-12-23,227922.89753615155
2021-12-24,227922.89753615155
2021-12-25,227922.89753615155
2021-12-26,227922.89753615155
2021-12-27,227922.89753615155
2021-12-28,227922.89753615155
2021-12-29,227922.89753615155
2021-12-30,227922.89753615155
2021-12-31,227922.89753615155
2022-01-01,227922.89753615155
2022-01-02,227922.89753615155
2022-01-03,227922.89753615155
2022-01-04,227922.89753615155
2022-01-05,227922.89753615155
2022-01-06,227922.89753615155
2022-01-07,227922.89753615155
2022-01-08,227922.89753615155
2022-01-09,227922.89753615155
2022-01-10,227922.89753615155
2022-01-11,227922.89753615155
2022-01-12,227922.89753615155
2022-01-13,227922.89753615155
2022-01-14,227922.89753615155
2022-01-15,227922.89753615155
2022-01-16,227922.89753615155
2022-01-17,227922.89753615155
2022-01-18,227922.89753615155
2022-01-19,227922.89753615155
2022-01-20,227922.89753615155
2022-01-21,227922.89753615155
2022-01-22,227922.89753615155
2022-01-23,227922.89753615155
2022-01-24,227922.89753615155
2022-01-25,227922.89753615155
2022-01-26,227922.89753615155
2022-01-27,227922.89753615155
2022-01-28,227922.89753615155
2022-01-29,227922.89753615155
2022-01-30,227922.89753615155
2022-01-31,227922.89753615155
2022-02-01,229791.42654536228
2022-02-02,229791.42654536228
2022-02-03,229791.42654536228
2022-02-04,229791.42654536228
2022-02-05,229791.42654536228
2022-02-06,229791.42654536228
2022-02-07,229791.42654536228
2022-02-08,229791.42654536228
2022-02-09,229791.42654536228
2022-02-10,229791.42654536228
2022-02-11,229791.42654536228
2022-02-12,229791.42654536228
2022-02-13,229791.42654536228
2022-02-14,229791.42654536228
2022-02-15,229791.42654536228
2022-02-16,229791.42654536228
2022-02-17,229791.42654536228
2022-02-18,229791.42654536228
2022-02-19,229791.42654536228
2022-02-20,229791.42654536228
2022-02-21,229791.42654536228
2022-02-22,229791.42654536228
2022-02-23,226838.84966741296
2022-02-24,226838.84966741296
2022-02-25,226838.84966741296
2022-02-26,228303.84884204215
2022-02-27,228303.84884204215
2022-02-28,228303.84884204215
2022-03-01,228303.84884204215
2022-03-02,228303.84884204215
2022-03-03,228303.84884204215
2022-03-04,228303.84884204215
2022-03-05,228303.84884204215
2022-03-06,228303.84884204215
2022-03-07,228303.84884204215
2022-03-08,228303.84884204215
2022-03-09,228303.84884204215
2022-03-10,228568.2335773148
2022-03-11,228568.2335773148
2022-03-12,228568.2335773148
2022-03-13,228568.2335773148
2022-03-14,228568.2335773148
2022-03-15,228568.2335773148
2022-03-16,228568.2335773148
2022-03-17,229215.06493509386
2022-03-18,229215.06493509386
2022-03-19,229215.06493509386
2022-03-20,229215.06493509386
2022-03-21,229215.06493509386
2022-03-22,229215.06493509386
2022-03-23,229215.06493509386
2022-03-24,229215.06493509386
2022-03-25,229215.06493509386
2022-03-26,229215.06493509386
2022-03-27,229215.06493509386
2022-03-28,229215.06493509386
2022-03-29,229215.06493509386
2022-03-30,229215.06493509386
2022-03-31,229215.06493509386
2022-04-01,229215.06493509386
2022-04-02,229215.06493509386
2022-04-03,229215.06493509386
2022-04-04,229215.06493509386
2022-04-05,230049.92289709614
2022-04-06,230049.92289709614
2022-04-07,230049.92289709614
2022-04-08,230049.92289709614
2022-04-09,230049.92289709614
2022-04-10,230049.92289709614
2022-04-11,230049.92289709614
2022-04-12,230049.92289709614
2022-04-13,230049.92289709614
2022-04-14,230049.92289709614
2022-04-15,230049.92289709614
2022-04-16,230049.92289709614
2022-04-17,230049.92289709614
2022-04-18,230049.92289709614
2022-04-19,230049.92289709614
2022-04-20,230049.92289709614
2022-04-21,230049.92289709614
2022-04-22,230049.92289709614
2022-04-23,230049.92289709614
2022-04-24,230049.92289709614
2022-04-25,230049.92289709614
2022-04-26,230049.92289709614
2022-04-27,230049.92289709614
2022-04-28,230049.92289709614
2022-04-29,225672.74149836926
2022-04-30,225672.74149836926
2022-05-01,225672.74149836926
2022-05-02,225672.74149836926
2022-05-03,225672.74149836926
2022-05-04,225672.74149836926
2022-05-05,226909.21776242374
2022-05-06,226909.21776242374
2022-05-07,226909.21776242374
2022-05-08,226909.21776242374
2022-05-09,226909.21776242374
2022-05-10,226909.21776242374
2022-05-11,226909.21776242374
2022-05-12,226909.21776242374
2022-05-13,226909.21776242374
2022-05-14,226909.21776242374
2022-05-15,226909.21776242374
2022-05-16,226909.21776242374
2022-05-17,226909.21776242374
2022-05-18,226909.21776242374
2022-05-19,226909.21776242374
2022-05-20,226909.21776242374
2022-05-21,226909.21776242374
2022-05-22,226909.21776242374
2022-05-23,226909.21776242374
2022-05-24,226909.21776242374
2022-05-25,226909.21776242374
2022-05-26,226909.21776242374
2022-05-27,225711.53316552553
2022-05-28,226168.2754682203
2022-05-29,226168.2754682203
2022-05-30,226826.95494913432
2022-05-31,226826.95494913432
2022-06-01,226826.95494913432
2022-06-02,226826.95494913432
2022-06-03,227391.94633636245
2022-06-04,227391.94633636245
2022-06-05,227391.94633636245
2022-06-06,227391.94633636245
2022-06-07,227391.94633636245
2022-06-08,227391.94633636245
2022-06-09,227391.94633636245
2022-06-10,227391.94633636245
2022-06-11,227391.94633636245
2022-06-12,227391.94633636245
2022-06-13,227391.94633636245
2022-06-14,227391.94633636245
2022-06-15,227391.94633636245
2022-06-16,228298.9994836577
2022-06-17,228298.9994836577
2022-06-18,228298.9994836577
2022-06-19,228298.9994836577
2022-06-20,228298.9994836577
2022-06-21,228298.9994836577
2022-06-22,228298.9994836577
2022-06-23,228298.9994836577
2022-06-24,228298.9994836577
2022-06-25,233709.85144464765
2022-06-26,233709.85144464765
2022-06-27,233709.85144464765
2022-06-28,233709.85144464765
2022-06-29,233709.85144464765
2022-06-30,233709.85144464765
2022-07-01,233709.85144464765
2022-07-02,233709.85144464765
2022-07-03,233709.85144464765
2022-07-04,233709.85144464765
2022-07-05,233709.85144464765
2022-07-06,233709.85144464765
2022-07-07,233709.85144464765
2022-07-08,233709.85144464765
2022-07-09,233709.85144464765
2022-07-10,233709.85144464765
2022-07-11,233709.85144464765
2022-07-12,233709.85144464765
2022-07-13,233709.85144464765
2022-07-14,233709.85144464765
2022-07-15,233709.85144464765
2022-07-16,233709.85144464765
2022-07-17,233709.85144464765
2022-07-18,233709.85144464765
2022-07-19,233709.85144464765
2022-07-20,239907.38010590745
2022-07-21,239907.38010590745
2022-07-22,239907.38010590745
2022-07-23,239907.38010590745
2022-07-24,239907.38010590745
2022-07-25,239907.38010590745
2022-07-26,239907.38010590745
2022-07-27,239907.38010590745
2022-07-28,239980.69365274743
2022-07-29,239306.02525679642
2022-07-30,239306.02525679642
2022-07-31,239306.02525679642
2022-08-01,239306.02525679642
2022-08-02,239306.02525679642
2022-08-03,239306.02525679642
2022-08-04,240116.91406491835
2022-08-05,240116.91406491835
2022-08-06,240116.91406491835
2022-08-07,240116.91406491835
2022-08-08,240116.91406491835
2022-08-09,240116.91406491835
2022-08-10,240116.91406491835
2022-08-11,244081.11627963887
2022-08-12,244081.11627963887
2022-08-13,244336.223338891
2022-08-14,244336.223338891
2022-08-15,244336.223338891
2022-08-16,244336.223338891
2022-08-17,244336.223338891
2022-08-18,244336.223338891
2022-08-19,244336.223338891
2022-08-20,244336.223338891
2022-08-21,244336.223338891
2022-08-22,244336.223338891
2022-08-23,244336.223338891
2022-08-24,244336.223338891
2022-08-25,244336.223338891
2022-08-26,244336.223338891
2022-08-27,244336.223338891
2022-08-28,244336.223338891
2022-08-29,244336.223338891
2022-08-30,244336.223338891
2022-08-31,244336.223338891
2022-09-01,244336.223338891
2022-09-02,244336.223338891
2022-09-03,244336.223338891
2022-09-04,244336.223338891
2022-09-05,244336.223338891
2022-09-06,244336.223338891
2022-09-07,244336.223338891
2022-09-08,244172.5828468554
2022-09-09,244172.5828468554
2022-09-10,244172.5828468554
2022-09-11,244172.5828468554
2022-09-12,244172.5828468554
2022-09-13,244172.5828468554
2022-09-14,244172.5828468554
2022-09-15,244172.5828468554
2022-09-16,244172.5828468554
2022-09-17,244172.5828468554
2022-09-18,244172.5828468554
2022-09-19,244172.5828468554
2022-09-20,244172.5828468554
2022-09-21,244172.5828468554
2022-09-22,244172.5828468554
2022-09-23,244172.5828468554
2022-09-24,244172.5828468554
2022-09-25,244172.5828468554
2022-09-26,244172.5828468554
2022-09-27,244172.5828468554
2022-09-28,244172.5828468554
2022-09-29,242451.49993845687
2022-09-30,242451.49993845687
2022-10-01,242451.49993845687
2022-10-02,242451.49993845687
2022-10-03,242451.49993845687
2022-10-04,245363.82109680303
2022-10-05,243935.58205702648
2022-10-06,243935.58205702648
2022-10-07,243935.58205702648
2022-10-08,243935.58205702648
2022-10-09,243935.58205702648
2022-10-10,243935.58205702648
2022-10-11,243935.58205702648
2022-10-12,243935.58205702648
2022-10-13,243935.58205702648
2022-10-14,243935.58205702648
2022-10-15,243935.58205702648
2022-10-16,243935.58205702648
2022-10-17,243935.58205702648
2022-10-18,247963.63579145423
2022-10-19,247963.63579145423
2022-10-20,247963.63579145423
2022-10-21,247963.63579145423
2022-10-22,249344.5119022905
2022-10-23,249344.5119022905
2022-10-24,249344.5119022905
2022-10-25,249344.5119022905
2022-10-26,249344.5119022905
2022-10-27,249344.5119022905
2022-10-28,249344.5119022905
2022-10-29,255399.977094975
2022-10-30,255399.977094975
2022-10-31,255399.977094975
2022-11-01,255399.977094975
2022-11-02,255399.977094975
2022-11-03,255399.977094975
2022-11-04,255399.977094975
2022-11-05,255399.977094975
2022-11-06,255399.977094975
2022-11-07,255399.977094975
2022-11-08,255399.977094975
2022-11-09,255399.977094975
2022-11-10,255399.977094975
2022-11-11,255399.977094975
2022-11-12,255399.977094975
2022-11-13,255399.977094975
2022-11-14,255399.977094975
2022-11-15,255399.977094975
2022-11-16,248051.14025260857
2022-11-17,248051.14025260857
2022-11-18,248051.14025260857
2022-11-19,248051.14025260857
2022-11-20,248051.14025260857
2022-11-21,248051.14025260857
2022-11-22,248051.14025260857
2022-11-23,248051.14025260857
2022-11-24,248051.14025260857
2022-11-25,248051.14025260857
2022-11-26,248051.14025260857
2022-11-27,248051.14025260857
2022-11-28,248051.14025260857
2022-11-29,248051.14025260857
2022-11-30,248051.14025260857
2022-12-01,254356.8573941015
2022-12-02,254356.8573941015
2022-12-03,254356.8573941015
2022-12-04,254356.8573941015
2022-12-05,254356.8573941015
2022-12-06,254356.8573941015
2022-12-07,254356.8573941015
2022-12-08,254356.8573941015
2022-12-09,254356.8573941015
2022-12-10,254356.8573941015
2022-12-11,254356.8573941015
2022-12-12,254356.8573941015
2022-12-13,254356.8573941015
2022-12-14,242696.52179128415
2022-12-15,242696.52179128415
2022-12-16,242696.52179128415
2022-12-17,242696.52179128415
2022-12-18,242696.52179128415
2022-12-19,242696.52179128415
2022-12-20,242696.52179128415
2022-12-21,242696.52179128415
2022-12-22,242696.52179128415
2022-12-23,242696.52179128415
2022-12-24,242696.52179128415
2022-12-25,242696.52179128415
2022-12-26,242696.52179128415
2022-12-27,242696.52179128415
2022-12-28,242696.52179128415
2022-12-29,242696.52179128415
2022-12-30,240676.67753686535
2022-12-31,240676.67753686535
2023-01-01,240676.67753686535
2023-01-02,240676.67753686535
2023-01-03,240676.67753686535
2023-01-04,240676.67753686535
2023-01-05,240676.67753686535
2023-01-06,240676.67753686535
2023-01-07,242056.3157402156
2023-01-08,242056.3157402156
2023-01-09,242056.3157402156
2023-01-10,233178.55527471416
2023-01-11,233178.55527471416
2023-01-12,233178.55527471416
2023-01-13,233178.55527471416
2023-01-14,233178.55527471416
2023-01-15,233178.55527471416
2023-01-16,233178.55527471416
2023-01-17,233178.55527471416
2023-01-18,233178.55527471416
2023-01-19,233178.55527471416
2023-01-20,233178.55527471416
2023-01-21,236111.77796786884
2023-01-22,236111.77796786884
2023-01-23,236111.77796786884
2023-01-24,238535.72846622206
2023-01-25,238535.72846622206
2023-01-26,238535.72846622206
2023-01-27,238535.72846622206
2023-01-28,237041.06781198498
2023-01-29,237041.06781198498
2023-01-30,237041.06781198498
2023-01-31,237041.06781198498
2023-02-01,237041.06781198498
2023-02-02,237041.06781198498
2023-02-03,234405.8482804502
2023-02-04,234405.8482804502
2023-02-05,234405.8482804502
2023-02-06,234405.8482804502
2023-02-07,234405.8482804502
2023-02-08,233797.07449416278
2023-02-09,233797.07449416278
2023-02-10,233797.07449416278
2023-02-11,233797.07449416278
2023-02-12,233797.07449416278
2023-02-13,233797.07449416278
2023-02-14,233616.52575642004
2023-02-15,233616.52575642004
2023-02-16,233616.52575642004
2023-02-17,233616.52575642004
2023-02-18,233616.52575642004
2023-02-19,233616.52575642004
2023-02-20,233616.52575642004
2023-02-21,233616.52575642004
2023-02-22,233616.52575642004
2023-02-23,233616.52575642004
2023-02-24,233616.52575642004
2023-02-25,233616.52575642004
2023-02-26,233616.52575642004
2023-02-27,233616.52575642004
2023-02-28,233616.52575642004
2023-03-01,233616.52575642004
2023-03-02,233616.52575642004
2023-03-03,233616.52575642004
2023-03-04,239811.01520445343
2023-03-05,239811.01520445343
2023-03-06,239811.01520445343
2023-03-07,239811.01520445343
2023-03-08,239811.01520445343
2023-03-09,239811.01520445343
2023-03-10,239811.01520445343
2023-03-11,239811.01520445343
2023-03-12,239811.01520445343
2023-03-13,239811.01520445343
2023-03-14,239811.01520445343
2023-03-15,239811.01520445343
2023-03-16,239811.01520445343
2023-03-17,240184.3367647698
2023-03-18,240184.3367647698
2023-03-19,240184.3367647698
2023-03-20,240184.3367647698
2023-03-21,240184.3367647698
2023-03-22,240184.3367647698
2023-03-23,240184.3367647698
2023-03-24,240184.3367647698
2023-03-25,240184.3367647698
2023-03-26,240184.3367647698
2023-03-27,240184.3367647698
2023-03-28,240184.3367647698
2023-03-29,240184.3367647698
2023-03-30,240184.3367647698
2023-03-31,240184.3367647698
2023-04-01,240184.3367647698
2023-04-02,240184.3367647698
2023-04-03,240184.3367647698
2023-04-04,240184.3367647698
2023-04-05,240184.3367647698
2023-04-06,240184.3367647698
2023-04-07,240184.3367647698
2023-04-08,240184.3367647698
2023-04-09,240184.3367647698
2023-04-10,240184.3367647698
2023-04-11,240184.3367647698
2023-04-12,240184.3367647698
2023-04-13,240184.3367647698
2023-04-14,242837.07496051316
2023-04-15,242837.07496051316
2023-04-16,242837.07496051316
2023-04-17,242837.07496051316
2023-04-18,242837.07496051316
2023-04-19,242837.07496051316
2023-04-20,242837.07496051316
2023-04-21,242837.07496051316
2023-04-22,242837.07496051316
2023-04-23,242837.07496051316
2023-04-24,242837.07496051316
2023-04-25,242837.07496051316
2023-04-26,242837.07496051316
2023-04-27,242837.07496051316
2023-04-28,247538.68141978426
2023-04-29,247538.68141978426
2023-04-30,247538.68141978426
2023-05-01,246206.94880861012
2023-05-02,246206.94880861012
2023-05-03,246206.94880861012
2023-05-04,246206.94880861012
2023-05-05,246206.94880861012
2023-05-06,251725.05689308027
2023-05-07,251725.05689308027
2023-05-08,251725.05689308027
2023-05-09,251725.05689308027
2023-05-10,251725.05689308027
2023-05-11,251725.05689308027
2023-05-12,251725.05689308027
2023-05-13,251725.05689308027
2023-05-14,251725.05689308027
2023-05-15,251725.05689308027
2023-05-16,251725.05689308027
2023-05-17,251725.05689308027
2023-05-18,251965.36033007392
2023-05-19,253218.03213617436
2023-05-20,253218.03213617436
2023-05-21,253218.03213617436
2023-05-22,253218.03213617436
2023-05-23,253218.03213617436
2023-05-24,253218.03213617436
2023-05-25,253218.03213617436
2023-05-26,253218.03213617436
2023-05-27,255586.33531108065
2023-05-28,255586.33531108065
2023-05-29,255586.33531108065
2023-05-30,255586.33531108065
2023-05-31,248337.41607118997
2023-06-01,248337.41607118997
2023-06-02,247061.8839723901
2023-06-03,250723.17877884768
2023-06-04,250723.17877884768
2023-06-05,250723.17877884768
2023-06-06,250723.17877884768
2023-06-07,250723.17877884768
2023-06-08,250723.17877884768
2023-06-09,250723.17877884768
2023-06-10,250723.17877884768
2023-06-11,250723.17877884768
2023-06-12,250723.17877884768
2023-06-13,252698.9375249447
2023-06-14,252698.9375249447
2023-06-15,252698.9375249447
2023-06-16,254558.37893625756
2023-06-17,254558.37893625756
2023-06-18,254558.37893625756
2023-06-19,254558.37893625756
2023-06-20,254558.37893625756
2023-06-21,254558.37893625756
2023-06-22,254558.37893625756
2023-06-23,254558.37893625756
2023-06-24,254558.37893625756
2023-06-25,254558.37893625756
2023-06-26,254558.37893625756
2023-06-27,254558.37893625756
2023-06-28,251791.6117544751
2023-06-29,251791.6117544751
2023-06-30,251791.6117544751
2023-07-01,253874.85188093927
2023-07-02,253874.85188093927
2023-07-03,253874.85188093927
2023-07-04,253874.85188093927
2023-07-05,253874.85188093927
2023-07-06,253874.85188093927
2023-07-07,253874.85188093927
2023-07-08,253874.85188093927
2023-07-09,253874.85188093927
2023-07-10,253874.85188093927
2023-07-11,253874.85188093927
2023-07-12,253874.85188093927
2023-07-13,259024.08506929874
2023-07-14,257422.75285480835
2023-07-15,257422.75285480835
2023-07-16,257422.75285480835
2023-07-17,257422.75285480835
2023-07-18,255967.08188748377
2023-07-19,254428.87664254592
2023-07-20,254428.87664254592
2023-07-21,254428.87664254592
2023-07-22,254428.87664254592
2023-07-23,254428.87664254592
2023-07-24,254428.87664254592
2023-07-25,254428.87664254592
2023-07-26,254428.87664254592
2023-07-27,254428.87664254592
2023-07-28,226468.03411635576
2023-07-29,230449.91609677527
2023-07-30,230449.91609677527
2023-07-31,230449.91609677527
2023-08-01,230449.91609677527
2023-08-02,230449.91609677527
2023-08-03,230449.91609677527
2023-08-04,230449.91609677527
2023-08-05,230449.91609677527
2023-08-06,230449.91609677527
2023-08-07,230449.91609677527
2023-08-08,230449.91609677527
2023-08-09,230449.91609677527
2023-08-10,230449.91609677527
2023-08-11,224424.55642954994
2023-08-12,224424.55642954994
2023-08-13,224424.55642954994
2023-08-14,224424.55642954994
2023-08-15,224424.55642954994
2023-08-16,224424.55642954994
2023-08-17,224424.55642954994
2023-08-18,224424.55642954994
2023-08-19,224424.55642954994
2023-08-20,224424.55642954994
2023-08-21,224424.55642954994
2023-08-22,223377.554909689
2023-08-23,223377.554909689
2023-08-24,234519.58254894504
2023-08-25,234519.58254894504
2023-08-26,234519.58254894504
2023-08-27,234519.58254894504
2023-08-28,234519.58254894504
2023-08-29,234519.58254894504
2023-08-30,242158.5764482225
2023-08-31,242158.5764482225
2023-09-01,242158.5764482225
2023-09-02,242158.5764482225
2023-09-03,242158.5764482225
2023-09-04,242158.5764482225
2023-09-05,242158.5764482225
2023-09-06,242158.5764482225
2023-09-07,242158.5764482225
2023-09-08,242158.5764482225
2023-09-09,242158.5764482225
2023-09-10,242158.5764482225
2023-09-11,242158.5764482225
2023-09-12,242158.5764482225
2023-09-13,242158.5764482225
2023-09-14,242158.5764482225
2023-09-15,242158.5764482225
2023-09-16,242158.5764482225
2023-09-17,242158.5764482225
2023-09-18,242158.5764482225
2023-09-19,242158.5764482225
2023-09-20,242158.5764482225
2023-09-21,242158.5764482225
2023-09-22,242158.5764482225
2023-09-23,242158.5764482225
2023-09-24,242158.5764482225
2023-09-25,242158.5764482225
2023-09-26,242158.5764482225
2023-09-27,242158.5764482225
2023-09-28,242158.5764482225
2023-09-29,242158.5764482225
2023-09-30,242158.5764482225
2023-10-01,242158.5764482225
2023-10-02,242158.5764482225
2023-10-03,242158.5764482225
2023-10-04,242158.5764482225
2023-10-05,242193.2287143367
2023-10-06,242193.2287143367
2023-10-07,244443.68539241288
2023-10-08,244443.68539241288
2023-10-09,244443.68539241288
2023-10-10,244443.68539241288
2023-10-11,244443.68539241288
2023-10-12,244443.68539241288
2023-10-13,244443.68539241288
2023-10-14,244443.68539241288
2023-10-15,244443.68539241288
2023-10-16,244443.68539241288
2023-10-17,244443.68539241288
2023-10-18,244443.68539241288
2023-10-19,244443.68539241288
2023-10-20,244443.68539241288
2023-10-21,244443.68539241288
2023-10-22,244443.68539241288
2023-10-23,244443.68539241288
2023-10-24,244443.68539241288
2023-10-25,244443.68539241288
2023-10-26,244443.68539241288
2023-10-27,244443.68539241288
2023-10-28,244443.68539241288
2023-10-29,244443.68539241288
2023-10-30,244443.68539241288
2023-10-31,244443.68539241288
2023-11-01,244443.68539241288
2023-11-02,248848.33867090507
2023-11-03,249975.59397553018
2023-11-04,249300.195027859
2023-11-05,249300.195027859
2023-11-06,249300.195027859
2023-11-07,249300.195027859
2023-11-08,249300.195027859
2023-11-09,249300.195027859
2023-11-10,249300.195027859
2023-11-11,260586.93510269892
2023-11-12,260586.93510269892
2023-11-13,260586.93510269892
2023-11-14,260586.93510269892
2023-11-15,260586.93510269892
2023-11-16,260586.93510269892
2023-11-17,260586.93510269892
2023-11-18,260586.93510269892
2023-11-19,260586.93510269892
2023-11-20,260586.93510269892
2023-11-21,262864.8195254357
2023-11-22,262864.8195254357
2023-11-23,258146.2412286239
2023-11-24,258146.2412286239
2023-11-25,258146.2412286239
2023-11-26,258146.2412286239
2023-11-27,258146.2412286239
2023-11-28,258146.2412286239
2023-11-29,258146.2412286239
2023-11-30,258146.2412286239
2023-12-01,258146.2412286239
2023-12-02,257590.66804552003
2023-12-03,257590.66804552003
2023-12-04,257590.66804552003
2023-12-05,257590.66804552003
2023-12-06,257590.66804552003
2023-12-07,257590.66804552003
2023-12-08,256423.19344945613
2023-12-09,256423.19344945613
2023-12-10,256423.19344945613
2023-12-11,256423.19344945613
2023-12-12,256423.19344945613
2023-12-13,256423.19344945613
2023-12-14,262319.9143896271
2023-12-15,262319.9143896271
2023-12-16,262319.9143896271
2023-12-17,262319.9143896271
2023-12-18,262319.9143896271
2023-12-19,262319.9143896271
2023-12-20,262319.9143896271
2023-12-21,262319.9143896271
2023-12-22,262319.9143896271
2023-12-23,262319.9143896271
2023-12-24,262319.9143896271
2023-12-25,262319.9143896271
2023-12-26,262319.9143896271
2023-12-27,262319.9143896271
2023-12-28,262319.9143896271
2023-12-29,262319.9143896271
2023-12-30,262319.9143896271
2023-12-31,262319.9143896271
2024-01-01,262319.9143896271
2024-01-02,262319.9143896271
2024-01-03,262319.9143896271
2024-01-04,262319.9143896271
2024-01-05,262319.9143896271
2024-01-06,262319.9143896271
2024-01-07,262319.9143896271
2024-01-08,262319.9143896271
2024-01-09,262319.9143896271
2024-01-10,262319.9143896271
2024-01-11,262319.9143896271
2024-01-12,262319.9143896271
2024-01-13,262319.9143896271
2024-01-14,262319.9143896271
2024-01-15,262319.9143896271
2024-01-16,262319.9143896271
2024-01-17,262319.9143896271
2024-01-18,262319.9143896271
2024-01-19,262319.9143896271
2024-01-20,262319.9143896271
2024-01-21,262319.9143896271
2024-01-22,262319.9143896271
2024-01-23,262319.9143896271
2024-01-24,262319.9143896271
2024-01-25,254163.78809608484
2024-01-26,254163.78809608484
2024-01-27,254163.78809608484
2024-01-28,254163.78809608484
2024-01-29,254163.78809608484
2024-01-30,256981.2321244417
2024-01-31,256981.2321244417
2024-02-01,256981.2321244417
2024-02-02,256981.2321244417
2024-02-03,254957.7667375204
2024-02-04,254957.7667375204
2024-02-05,254957.7667375204
2024-02-06,254957.7667375204
2024-02-07,254957.7667375204
2024-02-08,254114.10697183124
2024-02-09,254114.10697183124
2024-02-10,251515.82677303767
2024-02-11,251515.82677303767
2024-02-12,251515.82677303767
2024-02-13,251515.82677303767
2024-02-14,251515.82677303767
2024-02-15,251515.82677303767
2024-02-16,251515.82677303767
2024-02-17,251515.82677303767
2024-02-18,251515.82677303767
2024-02-19,251515.82677303767
2024-02-20,251515.82677303767
2024-02-21,251515.82677303767
2024-02-22,251515.82677303767
2024-02-23,261662.6556312499
2024-02-24,261662.6556312499
2024-02-25,261662.6556312499
2024-02-26,261662.6556312499
2024-02-27,261662.6556312499
2024-02-28,261662.6556312499
2024-02-29,261662.6556312499
2024-03-01,261662.6556312499
2024-03-02,265821.876351741
2024-03-03,265821.876351741
2024-03-04,265821.876351741
2024-03-05,265821.876351741
2024-03-06,265821.876351741
2024-03-07,257180.8049695145
2024-03-08,259529.03693532397
2024-03-09,259529.03693532397
2024-03-10,259529.03693532397
2024-03-11,259529.03693532397
2024-03-12,259529.03693532397
2024-03-13,259529.03693532397
2024-03-14,259529.03693532397
2024-03-15,259529.03693532397
2024-03-16,259529.03693532397
2024-03-17,259529.03693532397
2024-03-18,259529.03693532397
2024-03-19,251830.75956244848
2024-03-20,251830.75956244848
2024-03-21,259418.19779703408
2024-03-22,259418.19779703408
2024-03-23,259418.19779703408
2024-03-24,259418.19779703408
2024-03-25,259418.19779703408
2024-03-26,259418.19779703408
2024-03-27,259418.19779703408
2024-03-28,259418.19779703408
2024-03-29,259418.19779703408
2024-03-30,259418.19779703408
2024-03-31,259418.19779703408
2024-04-01,259418.19779703408
2024-04-02,259418.19779703408
2024-04-03,259418.19779703408
2024-04-04,259418.19779703408
2024-04-05,259418.19779703408
2024-04-06,259718.20636891708
2024-04-07,259718.20636891708
2024-04-08,259718.20636891708
2024-04-09,259718.20636891708
2024-04-10,259718.20636891708
2024-04-11,259718.20636891708
2024-04-12,258928.5178567645
2024-04-13,258928.5178567645
2024-04-14,258928.5178567645
2024-04-15,258928.5178567645
2024-04-16,258928.5178567645
2024-04-17,258928.5178567645
2024-04-18,258928.5178567645
2024-04-19,258928.5178567645
2024-04-20,258928.5178567645
2024-04-21,258928.5178567645
2024-04-22,258928.5178567645
2024-04-23,258928.5178567645
2024-04-24,265768.8920593327
2024-04-25,265768.8920593327
2024-04-26,265379.6703320256
2024-04-27,265379.6703320256
2024-04-28,265379.6703320256
2024-04-29,265379.6703320256
2024-04-30,265379.6703320256
2024-05-01,265379.6703320256
2024-05-02,256123.69340206776
2024-05-03,256123.69340206776
2024-05-04,256123.69340206776
2024-05-05,256123.69340206776
2024-05-06,256123.69340206776
2024-05-07,256123.69340206776
2024-05-08,256123.69340206776
2024-05-09,256123.69340206776
2024-05-10,256123.69340206776
2024-05-11,256123.69340206776
2024-05-12,256123.69340206776
2024-05-13,256123.69340206776
2024-05-14,256123.69340206776
2024-05-15,256123.69340206776
2024-05-16,264558.20212118723
2024-05-17,264558.20212118723
2024-05-18,264558.20212118723
2024-05-19,264558.20212118723
2024-05-20,264558.20212118723
2024-05-21,264558.20212118723
2024-05-22,264558.20212118723
2024-05-23,264558.20212118723
2024-05-24,264558.20212118723
2024-05-25,262513.2417873259
2024-05-26,262513.2417873259
2024-05-27,262513.2417873259
2024-05-28,262513.2417873259
2024-05-29,262513.2417873259
2024-05-30,262513.2417873259
2024-05-31,262513.2417873259
2024-06-01,262553.7487297121
2024-06-02,262553.7487297121
2024-06-03,262553.7487297121
2024-06-04,262553.7487297121
2024-06-05,262553.7487297121
2024-06-06,271451.6416060341
2024-06-07,271451.6416060341
2024-06-08,271451.6416060341
2024-06-09,271451.6416060341
2024-06-10,271451.6416060341
2024-06-11,271451.6416060341
2024-06-12,271451.6416060341
2024-06-13,280587.8125045736
2024-06-14,280587.8125045736
2024-06-15,280587.8125045736
2024-06-16,280587.8125045736
2024-06-17,280587.8125045736
2024-06-18,280668.45663812803
2024-06-19,280668.45663812803
2024-06-20,280668.45663812803
2024-06-21,280668.45663812803
2024-06-22,280668.45663812803
2024-06-23,280668.45663812803
2024-06-24,280668.45663812803
2024-06-25,280668.45663812803
2024-06-26,280668.45663812803
2024-06-27,280668.45663812803
2024-06-28,280668.45663812803
2024-06-29,280668.45663812803
2024-06-30,280668.45663812803
2024-07-01,280668.45663812803
2024-07-02,280668.45663812803
2024-07-03,279662.9361329046
2024-07-04,279662.9361329046
2024-07-05,279662.9361329046
2024-07-06,280314.5695104741
2024-07-07,280314.5695104741
2024-07-08,280314.5695104741
2024-07-09,280314.5695104741
2024-07-10,280314.5695104741
2024-07-11,285721.4118053324
2024-07-12,285721.4118053324
2024-07-13,279332.3648321432
2024-07-14,279332.3648321432
2024-07-15,279332.3648321432
2024-07-16,275182.8934149352
2024-07-17,275182.8934149352
2024-07-18,275182.8934149352
2024-07-19,275182.8934149352
2024-07-20,275182.8934149352
2024-07-21,275182.8934149352
2024-07-22,275182.8934149352
2024-07-23,275182.8934149352
2024-07-24,275182.8934149352
2024-07-25,275182.8934149352
2024-07-26,275182.8934149352
2024-07-27,274116.06100941054
2024-07-28,274116.06100941054
2024-07-29,274116.06100941054
2024-07-30,274116.06100941054
2024-07-31,274116.06100941054
2024-08-01,301856.46137094125
2024-08-02,301856.46137094125
2024-08-03,301856.46137094125
2024-08-04,301856.46137094125
2024-08-05,301856.46137094125
2024-08-06,301856.46137094125
2024-08-07,301856.46137094125
2024-08-08,301856.46137094125
2024-08-09,307402.99593177496
2024-08-10,307402.99593177496
2024-08-11,307402.99593177496
2024-08-12,307402.99593177496
2024-08-13,307402.99593177496
2024-08-14,309228.6821909501
2024-08-15,309228.6821909501
2024-08-16,313517.7658124438
2024-08-17,313517.7658124438
2024-08-18,313517.7658124438
2024-08-19,313517.7658124438
2024-08-20,313517.7658124438
2024-08-21,313517.7658124438
2024-08-22,313517.7658124438
2024-08-23,313517.7658124438
2024-08-24,313517.7658124438
2024-08-25,313517.7658124438
2024-08-26,313517.7658124438
2024-08-27,313517.7658124438
2024-08-28,313517.7658124438
2024-08-29,313517.7658124438
2024-08-30,308981.8533790753
2024-08-31,308981.8533790753
2024-09-01,308981.8533790753
2024-09-02,308981.8533790753
2024-09-03,308981.8533790753
2024-09-04,308981.8533790753
2024-09-05,308981.8533790753
2024-09-06,308981.8533790753
2024-09-07,308981.8533790753
2024-09-08,308981.8533790753
2024-09-09,308981.8533790753
2024-09-10,308981.8533790753
2024-09-11,308981.8533790753
2024-09-12,311185.86668598175
2024-09-13,311185.86668598175
2024-09-14,311185.86668598175
2024-09-15,311185.86668598175
2024-09-16,311185.86668598175
2024-09-17,311185.86668598175
2024-09-18,311185.86668598175
2024-09-19,311185.86668598175
2024-09-20,310496.60171889176
2024-09-21,310496.60171889176
2024-09-22,310496.60171889176
2024-09-23,310496.60171889176
2024-09-24,310496.60171889176
2024-09-25,310496.60171889176
2024-09-26,310496.60171889176
2024-09-27,310496.60171889176
2024-09-28,310496.60171889176
2024-09-29,310496.60171889176
2024-09-30,310496.60171889176
2024-10-01,310496.60171889176
2024-10-02,310496.60171889176
2024-10-03,310496.60171889176
2024-10-04,310496.60171889176
2024-10-05,310496.60171889176
2024-10-06,310496.60171889176
2024-10-07,310496.60171889176
2024-10-08,310496.60171889176
2024-10-09,311287.39878026326
2024-10-10,311287.39878026326
2024-10-11,311287.39878026326
2024-10-12,311287.39878026326
2024-10-13,311287.39878026326
2024-10-14,311287.39878026326
2024-10-15,311287.39878026326
2024-10-16,311287.39878026326
2024-10-17,311287.39878026326
2024-10-18,311287.39878026326
2024-10-19,311287.39878026326
2024-10-20,311287.39878026326
2024-10-21,311287.39878026326
2024-10-22,311287.39878026326
2024-10-23,311287.39878026326
2024-10-24,311287.39878026326
2024-10-25,311287.39878026326
2024-10-26,301441.04459963564
2024-10-27,301441.04459963564
2024-10-28,301441.04459963564
2024-10-29,301441.04459963564
2024-10-30,302245.1174613756
2024-10-31,302245.1174613756
2024-11-01,302245.1174613756
2024-11-02,295376.5023982711
2024-11-03,295376.5023982711
2024-11-04,295376.5023982711
2024-11-05,295376.5023982711
2024-11-06,298461.72764640197
2024-11-07,321166.4832890221
2024-11-08,321166.4832890221
2024-11-09,321166.4832890221
2024-11-10,321166.4832890221
2024-11-11,321166.4832890221
2024-11-12,321166.4832890221
2024-11-13,321166.4832890221
2024-11-14,321166.4832890221
2024-11-15,321166.4832890221
2024-11-16,321166.4832890221
2024-11-17,321166.4832890221
2024-11-18,321166.4832890221
2024-11-19,321166.4832890221
2024-11-20,321166.4832890221
2024-11-21,321166.4832890221
2024-11-22,321166.4832890221
2024-11-23,321166.4832890221
2024-11-24,321166.4832890221
2024-11-25,321166.4832890221
2024-11-26,321166.4832890221
2024-11-27,321166.4832890221
2024-11-28,321166.4832890221
2024-11-29,321166.4832890221
2024-11-30,321166.4832890221
2024-12-01,321166.4832890221
2024-12-02,321166.4832890221
2024-12-03,320458.21440205286
2024-12-04,320458.21440205286
2024-12-05,320458.21440205286
2024-12-06,320458.21440205286
2024-12-07,320458.21440205286
2024-12-08,320458.21440205286
2024-12-09,320458.21440205286
2024-12-10,320458.21440205286
2024-12-11,320458.21440205286
2024-12-12,322291.78112341906
2024-12-13,322291.78112341906
2024-12-14,322291.78112341906
2024-12-15,322291.78112341906
2024-12-16,322291.78112341906
2024-12-17,328364.44945642597
2024-12-18,328364.44945642597
2024-12-19,328364.44945642597
2024-12-20,320315.2727080686
2024-12-21,320315.2727080686
2024-12-22,320315.2727080686
2024-12-23,320315.2727080686
2024-12-24,320315.2727080686
2024-12-25,320170.8222591171
2024-12-26,320303.7891816631
2024-12-27,320303.7891816631
2024-12-28,320303.7891816631
2024-12-29,320303.7891816631
2024-12-30,320303.7891816631
2024-12-31,320303.7891816631
2025-01-01,320303.7891816631
2025-01-02,320303.7891816631
2025-01-03,320303.7891816631
2025-01-04,321972.88719495136
2025-01-05,321972.88719495136
2025-01-06,321972.88719495136
2025-01-07,321525.33530808415
2025-01-08,321525.33530808415
2025-01-09,321525.33530808415
2025-01-10,321525.33530808415
2025-01-11,321525.33530808415
2025-01-12,321525.33530808415
2025-01-13,321525.33530808415
2025-01-14,321525.33530808415
2025-01-15,321525.33530808415
2025-01-16,325221.9329236967
2025-01-17,325221.9329236967
2025-01-18,321449.23837167444
2025-01-19,321449.23837167444
2025-01-20,321449.23837167444
2025-01-21,321449.23837167444
2025-01-22,321449.23837167444
2025-01-23,321449.23837167444
2025-01-24,321449.23837167444
2025-01-25,321449.23837167444
2025-01-26,321449.23837167444
2025-01-27,321449.23837167444
2025-01-28,321449.23837167444
2025-01-29,321449.23837167444
2025-01-30,321449.23837167444
2025-01-31,321449.23837167444
2025-02-01,321449.23837167444
2025-02-02,321449.23837167444
2025-02-03,321449.23837167444
2025-02-04,323273.9935555027
2025-02-05,323273.9935555027
2025-02-06,323273.9935555027
2025-02-07,323273.9935555027
2025-02-08,323273.9935555027
2025-02-09,323273.9935555027
2025-02-10,323273.9935555027
2025-02-11,323273.9935555027
2025-02-12,323273.9935555027
2025-02-13,323273.9935555027
2025-02-14,323273.9935555027
2025-02-15,323273.9935555027
2025-02-16,323273.9935555027
2025-02-17,323273.9935555027
2025-02-18,323273.9935555027
2025-02-19,323273.9935555027
2025-02-20,323273.9935555027
2025-02-21,323273.9935555027
2025-02-22,323273.9935555027
2025-02-23,323273.9935555027
2025-02-24,323273.9935555027
2025-02-25,323273.9935555027
2025-02-26,323273.9935555027
2025-02-27,323273.9935555027
2025-02-28,323273.9935555027
2025-03-01,323273.9935555027
2025-03-02,323273.9935555027
2025-03-03,323273.9935555027
2025-03-04,323273.9935555027
2025-03-05,323273.9935555027
2025-03-06,323273.9935555027
2025-03-07,323273.9935555027
2025-03-08,323273.9935555027
2025-03-09,323273.9935555027
2025-03-10,323273.9935555027
2025-03-11,323273.9935555027
2025-03-12,323273.9935555027
2025-03-13,323273.9935555027
2025-03-14,323273.9935555027
2025-03-15,323273.9935555027
2025-03-16,323273.9935555027
2025-03-17,323273.9935555027
2025-03-18,323273.9935555027
2025-03-19,323273.9935555027
2025-03-20,321953.6498017728
2025-03-21,321953.6498017728
2025-03-22,321953.6498017728
2025-03-23,321953.6498017728
2025-03-24,321953.6498017728
2025-03-25,321953.6498017728
2025-03-26,321953.6498017728
2025-03-27,321953.6498017728
2025-03-28,321953.6498017728
2025-03-29,321953.6498017728
2025-03-30,321953.6498017728
2025-03-31,321953.6498017728
2025-04-01,321953.6498017728
2025-04-02,321953.6498017728
2025-04-03,321953.6498017728
2025-04-04,321953.6498017728
2025-04-05,321953.6498017728
2025-04-06,321953.6498017728
2025-04-07,321953.6498017728
2025-04-08,325401.2257459521
2025-04-09,303519.42966209643
2025-04-10,307787.6284726226
2025-04-11,307787.6284726226
2025-04-12,307787.6284726226
2025-04-13,307787.6284726226
2025-04-14,307787.6284726226
2025-04-15,307787.6284726226
2025-04-16,307787.6284726226
2025-04-17,307787.6284726226
2025-04-18,307787.6284726226
2025-04-19,307787.6284726226
2025-04-20,307787.6284726226
2025-04-21,307787.6284726226
2025-04-22,307787.6284726226
2025-04-23,308933.2192680605
2025-04-24,308933.2192680605
2025-04-25,308933.2192680605
2025-04-26,308933.2192680605
2025-04-27,308933.2192680605
2025-04-28,308933.2192680605
2025-04-29,308933.2192680605
2025-04-30,308933.2192680605
2025-05-01,308933.2192680605
2025-05-02,308933.2192680605
2025-05-03,308933.2192680605
2025-05-04,308933.2192680605
2025-05-05,308933.2192680605
2025-05-06,308933.2192680605
2025-05-07,308933.2192680605
2025-05-08,308933.2192680605
2025-05-09,308933.2192680605
2025-05-10,308933.2192680605
2025-05-11,308933.2192680605
2025-05-12,308933.2192680605
2025-05-13,308134.1477112893
2025-05-14,308134.1477112893
2025-05-15,308134.1477112893
2025-05-16,308134.1477112893
2025-05-17,308134.1477112893
2025-05-18,308134.1477112893
2025-05-19,308134.1477112893
2025-05-20,308134.1477112893
2025-05-21,308134.1477112893
2025-05-22,308134.1477112893
2025-05-23,308134.1477112893
2025-05-24,308134.1477112893
2025-05-25,308134.1477112893
2025-05-26,308134.1477112893
2025-05-27,308134.1477112893
2025-05-28,308134.1477112893
2025-05-29,308134.1477112893
2025-05-30,308134.1477112893
2025-05-31,308134.1477112893
2025-06-01,308134.1477112893
2025-06-02,308134.1477112893
2025-06-03,308134.1477112893
2025-06-04,308134.1477112893
2025-06-05,308134.1477112893
2025-06-06,308134.1477112893
2025-06-07,308134.1477112893
2025-06-08,308134.1477112893
2025-06-09,308134.1477112893
2025-06-10,308134.1477112893
2025-06-11,308134.1477112893
2025-06-12,308134.1477112893
2025-06-13,308134.1477112893
2025-06-14,308134.1477112893
2025-06-15,308134.1477112893
2025-06-16,308134.1477112893
2025-06-17,308134.1477112893
2025-06-18,308134.1477112893
2025-06-19,308134.1477112893
2025-06-20,308134.1477112893
2025-06-21,308134.1477112893
2025-06-22,308134.1477112893
2025-06-23,308134.1477112893
2025-06-24,308134.1477112893
2025-06-25,308134.1477112893
2025-06-26,308134.1477112893
2025-06-27,308134.1477112893
2025-06-28,308134.1477112893
2025-06-29,308134.1477112893
2025-06-30,308134.1477112893
2025-07-01,308134.1477112893
2025-07-02,308134.1477112893
2025-07-03,308134.1477112893
2025-07-04,308134.1477112893
2025-07-05,308134.1477112893
2025-07-06,308134.1477112893
2025-07-07,308134.1477112893
2025-07-08,308134.1477112893
2025-07-09,308134.1477112893
2025-07-10,308134.1477112893
2025-07-11,308134.1477112893
2025-07-12,308134.1477112893
2025-07-13,308134.1477112893
2025-07-14,308134.1477112893
2025-07-15,308134.1477112893
2025-07-16,308134.1477112893
2025-07-17,308134.1477112893
2025-07-18,309154.644078198
2025-07-19,309154.644078198
2025-07-20,309154.644078198
2025-07-21,309154.644078198
2025-07-22,309154.644078198
2025-07-23,309154.644078198
2025-07-24,309154.644078198
2025-07-25,309154.644078198
2025-07-26,309154.644078198
2025-07-27,309154.644078198
2025-07-28,309154.644078198
2025-07-29,309154.644078198
2025-07-30,309154.644078198
2025-07-31,309154.644078198
2025-08-01,309154.644078198
2025-08-02,309154.644078198
2025-08-03,309154.644078198
2025-08-04,309154.644078198
2025-08-05,309154.644078198
2025-08-06,309154.644078198
2025-08-07,310630.39430632617
2025-08-08,310630.39430632617
2025-08-09,310630.39430632617
2025-08-10,310630.39430632617
2025-08-11,310630.39430632617
2025-08-12,310630.39430632617
2025-08-13,316336.7748281012
2025-08-14,316336.7748281012
2025-08-15,316336.7748281012
2025-08-16,316336.7748281012
2025-08-17,316336.7748281012
2025-08-18,316336.7748281012
2025-08-19,316336.7748281012
2025-08-20,316336.7748281012
2025-08-21,316336.7748281012
2025-08-22,316336.7748281012
2025-08-23,316973.9925142624
2025-08-24,316973.9925142624
2025-08-25,316973.9925142624
2025-08-26,316973.9925142624
2025-08-27,316973.9925142624
2025-08-28,316973.9925142624
2025-08-29,316973.9925142624
2025-08-30,316973.9925142624
2025-08-31,316973.9925142624
2025-09-01,316973.9925142624
2025-09-02,316973.9925142624
2025-09-03,316973.9925142624
2025-09-04,316973.9925142624
2025-09-05,318224.53756001
2025-09-06,318224.53756001
2025-09-07,318224.53756001
2025-09-08,318224.53756001
2025-09-09,318224.53756001
2025-09-10,318224.53756001
2025-09-11,318224.53756001
2025-09-12,318411.4459669171
2025-09-13,318411.4459669171
2025-09-14,318411.4459669171
2025-09-15,318411.4459669171
2025-09-16,318411.4459669171
2025-09-17,318411.4459669171
2025-09-18,318411.4459669171
2025-09-19,318411.4459669171
2025-09-20,318411.4459669171
2025-09-21,318411.4459669171
2025-09-22,318411.4459669171
2025-09-23,318411.4459669171
2025-09-24,318411.4459669171
2025-09-25,318411.4459669171
2025-09-26,318411.4459669171
2025-09-27,318411.4459669171
2025-09-28,318411.4459669171
2025-09-29,318411.4459669171
2025-09-30,318411.4459669171
2025-10-01,318411.4459669171
2025-10-02,316705.14143525244
2025-10-03,316705.14143525244
2025-10-04,316705.14143525244
2025-10-05,316705.14143525244
2025-10-06,316705.14143525244
2025-10-07,316705.14143525244
2025-10-08,316705.14143525244
2025-10-09,324925.59408132324
2025-10-10,324925.59408132324
2025-10-11,324925.59408132324
2025-10-12,324925.59408132324
2025-10-13,324925.59408132324
2025-10-14,324925.59408132324
2025-10-15,324925.59408132324
2025-10-16,311712.8500399493
2025-10-17,311712.8500399493
2025-10-18,311712.8500399493
2025-10-19,311712.8500399493
2025-10-20,311712.8500399493
2025-10-21,311712.8500399493
2025-10-22,311712.8500399493
2025-10-23,311712.8500399493
2025-10-24,311712.8500399493
2025-10-25,311712.8500399493
2025-10-26,311712.8500399493
2025-10-27,311712.8500399493
2025-10-28,311712.8500399493
2025-10-29,311712.8500399493
2025-10-30,311712.8500399493
2025-10-31,311712.8500399493
2025-11-01,311712.8500399493
2025-11-02,311712.8500399493
2025-11-03,311712.8500399493
2025-11-04,311712.8500399493
2025-11-05,311712.8500399493
2025-11-06,308390.6544086471
2025-11-07,308390.6544086471
2025-11-08,308390.6544086471
2025-11-09,308390.6544086471
2025-11-10,308390.6544086471
2025-11-11,310248.3777279315
2025-11-12,310248.3777279315
2025-11-13,310248.3777279315
2025-11-14,310248.3777279315
2025-11-15,310248.3777279315
2025-11-16,310248.3777279315
2025-11-17,310248.3777279315
2025-11-18,310248.3777279315
2025-11-19,310248.3777279315
2025-11-20,310248.3777279315
2025-11-21,310248.3777279315
2025-11-22,310248.3777279315
2025-11-23,310248.3777279315
2025-11-24,310248.3777279315
2025-11-25,311225.83802391647
2025-11-26,311225.83802391647
2025-11-27,311225.83802391647
2025-11-28,311225.83802391647
2025-11-29,311225.83802391647
2025-11-30,311225.83802391647
2025-12-01,311225.83802391647
2025-12-02,311225.83802391647
2025-12-03,311225.83802391647
2025-12-04,311225.83802391647
2025-12-05,311225.83802391647
2025-12-06,311225.83802391647
2025-12-07,311225.83802391647
2025-12-08,311225.83802391647
2025-12-09,311225.83802391647
2025-12-10,311225.83802391647
2025-12-11,311225.83802391647
2025-12-12,311225.83802391647
2025-12-13,311225.83802391647
2025-12-14,311225.83802391647
2025-12-15,311225.83802391647
2025-12-16,311225.83802391647
2025-12-17,311225.83802391647
2025-12-18,311225.83802391647
2025-12-19,308659.8202395749
2025-12-20,308659.8202395749
2025-12-21,308659.8202395749
2025-12-22,308659.8202395749
2025-12-23,308659.8202395749
2025-12-24,308659.8202395749
2025-12-25,308659.8202395749
2025-12-26,308659.8202395749
2025-12-27,308659.8202395749
2025-12-28,308659.8202395749
2025-12-29,308659.8202395749
2025-12-30,308659.8202395749
2025-12-31,308659.8202395749
2026-01-01,308659.8202395749
2026-01-02,308659.8202395749
2026-01-03,278396.9366053253
2026-01-04,278396.9366053253
2026-01-05,278396.9366053253
2026-01-06,278396.9366053253
2026-01-07,278586.9701671192
2026-01-08,278586.9701671192
2026-01-09,278586.9701671192
2026-01-10,277438.32680999214
2026-01-11,277438.32680999214
2026-01-12,277438.32680999214
2026-01-13,277438.32680999214
2026-01-14,277438.32680999214
2026-01-15,277438.32680999214
2026-01-16,275675.18478032947
2026-01-17,275675.18478032947
2026-01-18,275675.18478032947
2026-01-19,275675.18478032947
2026-01-20,275675.18478032947
2026-01-21,275675.18478032947
2026-01-22,282052.87454807817
2026-01-23,282052.87454807817
2026-01-24,282052.87454807817
2026-01-25,282052.87454807817
2026-01-26,282052.87454807817
2026-01-27,283787.08908579615
2026-01-28,283787.08908579615
2026-01-29,283787.08908579615
2026-01-30,283787.08908579615
2026-01-31,283787.08908579615
2026-02-01,283787.08908579615
2026-02-02,283787.08908579615
2026-02-03,283787.08908579615
2026-02-04,283787.08908579615
2026-02-05,283787.08908579615
2026-02-06,283787.08908579615
2026-02-07,283787.08908579615
2026-02-08,283787.08908579615
2026-02-09,283787.08908579615
2026-02-10,283787.08908579615
2026-02-11,283787.08908579615
2026-02-12,283787.08908579615
2026-02-13,283787.08908579615
2026-02-14,283787.08908579615
2026-02-15,283787.08908579615
2026-02-16,283787.08908579615
2026-02-17,283787.08908579615
2026-02-18,283787.08908579615
2026-02-19,283787.08908579615
2026-02-20,283787.08908579615
2026-02-21,283787.08908579615
2026-02-22,283787.08908579615
2026-02-23,283787.08908579615
2026-02-24,283787.08908579615
2026-02-25,283787.08908579615
2026-02-26,283787.08908579615
2026-02-27,283787.08908579615
2026-02-28,283787.08908579615
2026-03-01,283787.08908579615
2026-03-02,283787.08908579615
2026-03-03,283787.08908579615
2026-03-04,283787.08908579615
2026-03-05,284405.9811031603
2026-03-06,284405.9811031603
2026-03-07,284405.9811031603
2026-03-08,284405.9811031603
2026-03-09,284405.9811031603
2026-03-10,288870.58436614217
2026-03-11,288870.58436614217
2026-03-12,288870.58436614217
2026-03-13,288870.58436614217
2026-03-14,288870.58436614217
2026-03-15,288870.58436614217
2026-03-16,288870.58436614217
2026-03-17,288870.58436614217
2026-03-18,288870.58436614217
2026-03-19,288870.58436614217
2026-03-20,288870.58436614217
2026-03-21,288870.58436614217
2026-03-22,288870.58436614217
2026-03-23,288870.58436614217
2026-03-24,288011.06576741533
2026-03-25,288011.06576741533
2026-03-26,288011.06576741533
2026-03-27,288011.06576741533
2026-03-28,288011.06576741533
2026-03-29,288011.06576741533
2026-03-30,288011.06576741533
2026-03-31,288011.06576741533
2026-04-01,288011.06576741533
2026-04-02,288011.06576741533
2026-04-03,288011.06576741533
2026-04-04,288011.06576741533
2026-04-05,288011.06576741533
2026-04-06,288011.06576741533
2026-04-07,288011.06576741533
2026-04-08,294154.86632172304
2026-04-09,294154.86632172304
2026-04-10,294154.86632172304
2026-04-11,294154.86632172304
2026-04-12,294154.86632172304
2026-04-13,294154.86632172304
2026-04-14,299903.055773066
2026-04-15,299903.055773066
2026-04-16,299903.055773066
2026-04-17,299903.055773066
2026-04-18,299903.055773066
2026-04-19,299903.055773066
2026-04-20,299903.055773066
2026-04-21,299903.055773066
2026-04-22,299903.055773066
2026-04-23,299903.055773066
2026-04-24,299903.055773066
2026-04-25,299903.055773066
2026-04-26,299903.055773066
2026-04-27,299903.055773066
2026-04-28,299903.055773066
2026-04-29,299903.055773066
2026-04-30,299903.055773066
2026-05-01,299903.055773066
2026-05-02,299903.055773066
2026-05-03,299903.055773066
2026-05-04,299903.055773066
2026-05-05,299903.055773066
2026-05-06,311017.4804122079
2026-05-07,309492.0029135798
2026-05-08,309492.0029135798
2026-05-09,318795.6889088927
2026-05-10,318795.6889088927
2026-05-11,318795.6889088927
2026-05-12,318795.6889088927
2026-05-13,318795.6889088927
2026-05-14,318795.6889088927
2026-05-15,318795.6889088927
2026-05-16,318795.6889088927
2026-05-17,318795.6889088927
2026-05-18,318795.6889088927
2026-05-19,318795.6889088927
2026-05-20,318795.6889088927
2026-05-21,310487.09976716625
2026-05-22,310487.09976716625
2026-05-23,310487.09976716625
2026-05-24,310487.09976716625
2026-05-25,310487.09976716625
2026-05-26,310487.09976716625
2026-05-27,310487.09976716625
2026-05-28,310487.09976716625
2026-05-29,310487.09976716625
2026-05-30,310487.09976716625
2026-05-31,310487.09976716625
2026-06-01,310487.09976716625
2026-06-02,310487.09976716625
2026-06-03,310487.09976716625
2026-06-04,310487.09976716625
2026-06-05,306033.39295786043
2026-06-06,306033.39295786043
2026-06-07,306033.39295786043
2026-06-08,306033.39295786043
2026-06-09,301778.2392059148
2026-06-10,301778.2392059148
2026-06-11,301778.2392059148
2026-06-12,301778.2392059148
2026-06-13,301778.2392059148
2026-06-14,301778.2392059148
2026-06-15,301778.2392059148
2026-06-16,301778.2392059148
2026-06-17,301778.2392059148
2026-06-18,301778.2392059148
2026-06-19,301778.2392059148
2026-06-20,301778.2392059148
2026-06-21,301778.2392059148
2026-06-22,301778.2392059148
2026-06-23,291457.5675544999
2026-06-24,291457.5675544999
2026-06-25,291457.5675544999
2026-06-26,291457.5675544999
2026-06-27,291457.5675544999
2026-06-28,291457.5675544999
2026-06-29,291457.5675544999
2026-06-30,291457.5675544999
2026-07-01,291457.5675544999
2026-07-02,291457.5675544999
2026-07-03,291457.5675544999
2026-07-04,291457.5675544999
2026-07-05,291457.5675544999
2026-07-06,291457.5675544999
2026-07-07,291457.5675544999
2026-07-08,291457.5675544999
2026-07-09,291457.5675544999
2026-07-10,291457.5675544999
2026-07-11,291457.5675544999
2026-07-12,291457.5675544999
2026-07-13,291457.5675544999
2026-07-14,291457.5675544999
2026-07-15,291457.5675544999
2026-07-16,291457.5675544999
2026-07-17,291457.5675544999
2026-07-18,291457.5675544999
2026-07-19,291457.5675544999
2026-07-20,291457.5675544999
2026-07-21,291457.5675544999
2026-07-22,290551.59951709484
2026-07-23,290551.59951709484
2026-07-24,290551.59951709484
2026-07-25,290551.59951709484
2026-07-26,290551.59951709484
2026-07-27,290551.59951709484
