date,equity
2016-07-28,101685.99391165246
2016-07-29,101685.99391165246
2016-07-30,101685.99391165246
2016-07-31,101685.99391165246
2016-08-01,101685.99391165246
2016-08-02,101685.99391165246
2016-08-03,101685.99391165246
2016-08-04,101685.99391165246
2016-08-05,101685.99391165246
2016-08-06,101685.99391165246
2016-08-07,101685.99391165246
2016-08-08,101685.99391165246
2016-08-09,101685.99391165246
2016-08-10,101685.99391165246
2016-08-11,101685.99391165246
2016-08-12,101685.99391165246
2016-08-13,101685.99391165246
2016-08-14,101685.99391165246
2016-08-15,101685.99391165246
2016-08-16,101685.99391165246
2016-08-17,101685.99391165246
2016-08-18,101685.99391165246
2016-08-19,101685.99391165246
2016-08-20,101685.99391165246
2016-08-21,101685.99391165246
2016-08-22,101685.99391165246
2016-08-23,101685.99391165246
2016-08-24,101685.99391165246
2016-08-25,101685.99391165246
2016-08-26,101685.99391165246
2016-08-27,101685.99391165246
2016-08-28,101685.99391165246
2016-08-29,101685.99391165246
2016-08-30,101685.99391165246
2016-08-31,101685.99391165246
2016-09-01,101685.99391165246
2016-09-02,101685.99391165246
2016-09-03,101685.99391165246
2016-09-04,101685.99391165246
2016-09-05,101685.99391165246
2016-09-06,101685.99391165246
2016-09-07,101685.99391165246
2016-09-08,101685.99391165246
2016-09-09,101685.99391165246
2016-09-10,101685.99391165246
2016-09-11,101685.99391165246
2016-09-12,101685.99391165246
2016-09-13,101685.99391165246
2016-09-14,101685.99391165246
2016-09-15,101685.99391165246
2016-09-16,101685.99391165246
2016-09-17,101685.99391165246
2016-09-18,101685.99391165246
2016-09-19,101685.99391165246
2016-09-20,101685.99391165246
2016-09-21,101685.99391165246
2016-09-22,101685.99391165246
2016-09-23,101685.99391165246
2016-09-24,101685.99391165246
2016-09-25,101685.99391165246
2016-09-26,101685.99391165246
2016-09-27,101685.99391165246
2016-09-28,101685.99391165246
2016-09-29,101685.99391165246
2016-09-30,101685.99391165246
2016-10-01,101532.82353807741
2016-10-02,101532.82353807741
2016-10-03,101532.82353807741
2016-10-04,101532.82353807741
2016-10-05,101532.82353807741
2016-10-06,101532.82353807741
2016-10-07,101532.82353807741
2016-10-08,101532.82353807741
2016-10-09,101532.82353807741
2016-10-10,101532.82353807741
2016-10-11,101532.82353807741
2016-10-12,101532.82353807741
2016-10-13,101532.82353807741
2016-10-14,101532.82353807741
2016-10-15,101532.82353807741
2016-10-16,101532.82353807741
2016-10-17,101532.82353807741
2016-10-18,101532.82353807741
2016-10-19,101532.82353807741
2016-10-20,101532.82353807741
2016-10-21,101532.82353807741
2016-10-22,101532.82353807741
2016-10-23,101532.82353807741
2016-10-24,101532.82353807741
2016-10-25,101857.42948653796
2016-10-26,101857.42948653796
2016-10-27,101857.42948653796
2016-10-28,101857.42948653796
2016-10-29,101857.42948653796
2016-10-30,101857.42948653796
2016-10-31,101857.42948653796
2016-11-01,101857.42948653796
2016-11-02,101857.42948653796
2016-11-03,101857.42948653796
2016-11-04,101857.42948653796
2016-11-05,101857.42948653796
2016-11-06,101857.42948653796
2016-11-07,101857.42948653796
2016-11-08,101857.42948653796
2016-11-09,101857.42948653796
2016-11-10,105703.6166672174
2016-11-11,105703.6166672174
2016-11-12,105703.6166672174
2016-11-13,105703.6166672174
2016-11-14,105703.6166672174
2016-11-15,105703.6166672174
2016-11-16,105424.30928605981
2016-11-17,105424.30928605981
2016-11-18,105424.30928605981
2016-11-19,105424.30928605981
2016-11-20,105424.30928605981
2016-11-21,105424.30928605981
2016-11-22,105424.30928605981
2016-11-23,105424.30928605981
2016-11-24,105424.30928605981
2016-11-25,105424.30928605981
2016-11-26,105424.30928605981
2016-11-27,105424.30928605981
2016-11-28,105424.30928605981
2016-11-29,105424.30928605981
2016-11-30,105424.30928605981
2016-12-01,105424.30928605981
2016-12-02,105424.30928605981
2016-12-03,105424.30928605981
2016-12-04,105424.30928605981
2016-12-05,105424.30928605981
2016-12-06,105424.30928605981
2016-12-07,105424.30928605981
2016-12-08,105930.19926099508
2016-12-09,105930.19926099508
2016-12-10,105930.19926099508
2016-12-11,105930.19926099508
2016-12-12,105930.19926099508
2016-12-13,105930.19926099508
2016-12-14,105148.37144613505
2016-12-15,105148.37144613505
2016-12-16,105148.37144613505
2016-12-17,105148.37144613505
2016-12-18,105148.37144613505
2016-12-19,105148.37144613505
2016-12-20,105148.37144613505
2016-12-21,105148.37144613505
2016-12-22,105148.37144613505
2016-12-23,105148.37144613505
2016-12-24,105148.37144613505
2016-12-25,105148.37144613505
2016-12-26,105148.37144613505
2016-12-27,105148.37144613505
2016-12-28,103776.64650980957
2016-12-29,103776.64650980957
2016-12-30,103776.64650980957
2016-12-31,103776.64650980957
2017-01-01,103776.64650980957
2017-01-02,103776.64650980957
2017-01-03,103776.64650980957
2017-01-04,103776.64650980957
2017-01-05,103776.64650980957
2017-01-06,103776.64650980957
2017-01-07,103515.99879573338
2017-01-08,103515.99879573338
2017-01-09,103515.99879573338
2017-01-10,103515.99879573338
2017-01-11,103515.99879573338
2017-01-12,103515.99879573338
2017-01-13,103515.99879573338
2017-01-14,103515.99879573338
2017-01-15,103515.99879573338
2017-01-16,103515.99879573338
2017-01-17,103515.99879573338
2017-01-18,103515.99879573338
2017-01-19,103515.99879573338
2017-01-20,103515.99879573338
2017-01-21,103515.99879573338
2017-01-22,103515.99879573338
2017-01-23,103515.99879573338
2017-01-24,103515.99879573338
2017-01-25,103234.04634128185
2017-01-26,103850.8441458226
2017-01-27,103850.8441458226
2017-01-28,103850.8441458226
2017-01-29,103850.8441458226
2017-01-30,103850.8441458226
2017-01-31,103850.8441458226
2017-02-01,103850.8441458226
2017-02-02,103850.8441458226
2017-02-03,103850.8441458226
2017-02-04,104355.74696600199
2017-02-05,104355.74696600199
2017-02-06,104355.74696600199
2017-02-07,104355.74696600199
2017-02-08,104355.74696600199
2017-02-09,104355.74696600199
2017-02-10,104076.05427104395
2017-02-11,104076.05427104395
2017-02-12,104076.05427104395
2017-02-13,104076.05427104395
2017-02-14,104076.05427104395
2017-02-15,104076.05427104395
2017-02-16,104076.05427104395
2017-02-17,104076.05427104395
2017-02-18,104076.05427104395
2017-02-19,104076.05427104395
2017-02-20,104076.05427104395
2017-02-21,104076.05427104395
2017-02-22,104076.05427104395
2017-02-23,104076.05427104395
2017-02-24,104076.05427104395
2017-02-25,104076.05427104395
2017-02-26,104076.05427104395
2017-02-27,104076.05427104395
2017-02-28,104076.05427104395
2017-03-01,104076.05427104395
2017-03-02,107278.25888176585
2017-03-03,107278.25888176585
2017-03-04,107278.25888176585
2017-03-05,107278.25888176585
2017-03-06,107278.25888176585
2017-03-07,107278.25888176585
2017-03-08,107278.25888176585
2017-03-09,107278.25888176585
2017-03-10,107278.25888176585
2017-03-11,107278.25888176585
2017-03-12,107278.25888176585
2017-03-13,107278.25888176585
2017-03-14,107278.25888176585
2017-03-15,107278.25888176585
2017-03-16,106912.17140862881
2017-03-17,106912.17140862881
2017-03-18,106912.17140862881
2017-03-19,106912.17140862881
2017-03-20,106912.17140862881
2017-03-21,106912.17140862881
2017-03-22,106912.17140862881
2017-03-23,106907.99608751654
2017-03-24,106907.99608751654
2017-03-25,106907.99608751654
2017-03-26,106907.99608751654
2017-03-27,106907.99608751654
2017-03-28,106907.99608751654
2017-03-29,106907.99608751654
2017-03-30,106907.99608751654
2017-03-31,106907.99608751654
2017-04-01,106907.99608751654
2017-04-02,106907.99608751654
2017-04-03,106907.99608751654
2017-04-04,106907.99608751654
2017-04-05,106907.99608751654
2017-04-06,104049.71937438278
2017-04-07,104049.71937438278
2017-04-08,104049.71937438278
2017-04-09,104049.71937438278
2017-04-10,104049.71937438278
2017-04-11,104049.71937438278
2017-04-12,104049.71937438278
2017-04-13,104049.71937438278
2017-04-14,104049.71937438278
2017-04-15,104049.71937438278
2017-04-16,104049.71937438278
2017-04-17,104049.71937438278
2017-04-18,104049.71937438278
2017-04-19,104049.71937438278
2017-04-20,104049.71937438278
2017-04-21,103952.62467445555
2017-04-22,103952.62467445555
2017-04-23,103952.62467445555
2017-04-24,103952.62467445555
2017-04-25,103952.62467445555
2017-04-26,103952.62467445555
2017-04-27,103952.62467445555
2017-04-28,103952.62467445555
2017-04-29,103952.62467445555
2017-04-30,103952.62467445555
2017-05-01,103952.62467445555
2017-05-02,103601.04646732565
2017-05-03,103601.04646732565
2017-05-04,103601.04646732565
2017-05-05,103601.04646732565
2017-05-06,103601.04646732565
2017-05-07,103601.04646732565
2017-05-08,103601.04646732565
2017-05-09,103601.04646732565
2017-05-10,103601.04646732565
2017-05-11,103601.04646732565
2017-05-12,103601.04646732565
2017-05-13,103601.04646732565
2017-05-14,103601.04646732565
2017-05-15,103601.04646732565
2017-05-16,103601.04646732565
2017-05-17,103601.04646732565
2017-05-18,103601.04646732565
2017-05-19,103601.04646732565
2017-05-20,103429.44945809082
2017-05-21,103429.44945809082
2017-05-22,103429.44945809082
2017-05-23,103429.44945809082
2017-05-24,103429.44945809082
2017-05-25,103429.44945809082
2017-05-26,103429.44945809082
2017-05-27,103429.44945809082
2017-05-28,103429.44945809082
2017-05-29,103429.44945809082
2017-05-30,103429.44945809082
2017-05-31,103429.44945809082
2017-06-01,103429.44945809082
2017-06-02,103418.58995074686
2017-06-03,103481.55870867695
2017-06-04,103481.55870867695
2017-06-05,103481.55870867695
2017-06-06,103481.55870867695
2017-06-07,103481.55870867695
2017-06-08,103481.55870867695
2017-06-09,103481.55870867695
2017-06-10,103481.55870867695
2017-06-11,103481.55870867695
2017-06-12,103481.55870867695
2017-06-13,103481.55870867695
2017-06-14,103481.55870867695
2017-06-15,103481.55870867695
2017-06-16,103481.55870867695
2017-06-17,103481.55870867695
2017-06-18,103481.55870867695
2017-06-19,103481.55870867695
2017-06-20,103846.93283998908
2017-06-21,103846.93283998908
2017-06-22,103950.6423074046
2017-06-23,103950.6423074046
2017-06-24,103950.6423074046
2017-06-25,103950.6423074046
2017-06-26,103950.6423074046
2017-06-27,103950.6423074046
2017-06-28,103950.6423074046
2017-06-29,104495.46031082928
2017-06-30,104495.46031082928
2017-07-01,104495.46031082928
2017-07-02,104495.46031082928
2017-07-03,104495.46031082928
2017-07-04,104495.46031082928
2017-07-05,104495.46031082928
2017-07-06,104135.98913924987
2017-07-07,104135.98913924987
2017-07-08,104135.98913924987
2017-07-09,104135.98913924987
2017-07-10,104135.98913924987
2017-07-11,104135.98913924987
2017-07-12,104135.98913924987
2017-07-13,104142.43196463647
2017-07-14,104142.43196463647
2017-07-15,104142.43196463647
2017-07-16,104142.43196463647
2017-07-17,104142.43196463647
2017-07-18,104142.43196463647
2017-07-19,104142.43196463647
2017-07-20,104142.43196463647
2017-07-21,104142.43196463647
2017-07-22,104142.43196463647
2017-07-23,104142.43196463647
2017-07-24,104142.43196463647
2017-07-25,104142.43196463647
2017-07-26,104142.43196463647
2017-07-27,104142.43196463647
2017-07-28,104142.43196463647
2017-07-29,104142.43196463647
2017-07-30,104142.43196463647
2017-07-31,104142.43196463647
2017-08-01,104142.43196463647
2017-08-02,104142.43196463647
2017-08-03,104142.43196463647
2017-08-04,104142.43196463647
2017-08-05,104142.43196463647
2017-08-06,104142.43196463647
2017-08-07,104142.43196463647
2017-08-08,104142.43196463647
2017-08-09,101969.44709383765
2017-08-10,101969.44709383765
2017-08-11,101969.44709383765
2017-08-12,101676.72117036307
2017-08-13,101676.72117036307
2017-08-14,101676.72117036307
2017-08-15,101676.72117036307
2017-08-16,101676.72117036307
2017-08-17,101676.72117036307
2017-08-18,101676.72117036307
2017-08-19,101676.72117036307
2017-08-20,101676.72117036307
2017-08-21,101676.72117036307
2017-08-22,101676.72117036307
2017-08-23,101832.10961627343
2017-08-24,101832.10961627343
2017-08-25,101832.10961627343
2017-08-26,101832.10961627343
2017-08-27,101832.10961627343
2017-08-28,101832.10961627343
2017-08-29,101832.10961627343
2017-08-30,101667.49150751851
2017-08-31,101667.49150751851
2017-09-01,101667.49150751851
2017-09-02,101667.49150751851
2017-09-03,101667.49150751851
2017-09-04,101667.49150751851
2017-09-05,101667.49150751851
2017-09-06,101667.49150751851
2017-09-07,101667.49150751851
2017-09-08,101667.49150751851
2017-09-09,101667.49150751851
2017-09-10,101667.49150751851
2017-09-11,101667.49150751851
2017-09-12,101667.49150751851
2017-09-13,101667.49150751851
2017-09-14,101667.49150751851
2017-09-15,101667.49150751851
2017-09-16,101667.49150751851
2017-09-17,101667.49150751851
2017-09-18,101667.49150751851
2017-09-19,101667.49150751851
2017-09-20,101667.49150751851
2017-09-21,101667.49150751851
2017-09-22,101667.49150751851
2017-09-23,101667.49150751851
2017-09-24,101667.49150751851
2017-09-25,101667.49150751851
2017-09-26,101667.49150751851
2017-09-27,101667.49150751851
2017-09-28,101152.4713656169
2017-09-29,101152.4713656169
2017-09-30,101152.4713656169
2017-10-01,101152.4713656169
2017-10-02,101152.4713656169
2017-10-03,101152.4713656169
2017-10-04,101152.4713656169
2017-10-05,101152.4713656169
2017-10-06,101577.67417191216
2017-10-07,101577.67417191216
2017-10-08,101577.67417191216
2017-10-09,101577.67417191216
2017-10-10,101577.67417191216
2017-10-11,101577.67417191216
2017-10-12,101577.67417191216
2017-10-13,101577.67417191216
2017-10-14,101577.67417191216
2017-10-15,101577.67417191216
2017-10-16,101577.67417191216
2017-10-17,101577.67417191216
2017-10-18,101577.67417191216
2017-10-19,101577.67417191216
2017-10-20,101577.67417191216
2017-10-21,101577.67417191216
2017-10-22,101577.67417191216
2017-10-23,101577.67417191216
2017-10-24,101577.67417191216
2017-10-25,101577.67417191216
2017-10-26,101577.67417191216
2017-10-27,101577.67417191216
2017-10-28,103491.72698644533
2017-10-29,103491.72698644533
2017-10-30,103491.72698644533
2017-10-31,103491.72698644533
2017-11-01,103491.72698644533
2017-11-02,103491.72698644533
2017-11-03,103491.72698644533
2017-11-04,103491.72698644533
2017-11-05,103491.72698644533
2017-11-06,103491.72698644533
2017-11-07,103491.72698644533
2017-11-08,103491.72698644533
2017-11-09,103491.72698644533
2017-11-10,103491.72698644533
2017-11-11,103491.72698644533
2017-11-12,103491.72698644533
2017-11-13,103491.72698644533
2017-11-14,103491.72698644533
2017-11-15,103491.72698644533
2017-11-16,103491.72698644533
2017-11-17,103320.43008429941
2017-11-18,103320.43008429941
2017-11-19,103320.43008429941
2017-11-20,103320.43008429941
2017-11-21,103320.43008429941
2017-11-22,104076.45470819157
2017-11-23,104076.45470819157
2017-11-24,104076.45470819157
2017-11-25,104076.45470819157
2017-11-26,104076.45470819157
2017-11-27,104076.45470819157
2017-11-28,104076.45470819157
2017-11-29,105736.48514903846
2017-11-30,105736.48514903846
2017-12-01,106615.36494525682
2017-12-02,106615.36494525682
2017-12-03,106615.36494525682
2017-12-04,106615.36494525682
2017-12-05,106615.36494525682
2017-12-06,105334.62754766886
2017-12-07,105334.62754766886
2017-12-08,105334.62754766886
2017-12-09,105334.62754766886
2017-12-10,105334.62754766886
2017-12-11,105334.62754766886
2017-12-12,105334.62754766886
2017-12-13,105334.62754766886
2017-12-14,105334.62754766886
2017-12-15,105334.62754766886
2017-12-16,105461.05407401192
2017-12-17,105461.05407401192
2017-12-18,105461.05407401192
2017-12-19,105461.05407401192
2017-12-20,105461.05407401192
2017-12-21,105461.05407401192
2017-12-22,105461.05407401192
2017-12-23,105461.05407401192
2017-12-24,105461.05407401192
2017-12-25,105461.05407401192
2017-12-26,105461.05407401192
2017-12-27,105461.05407401192
2017-12-28,105461.05407401192
2017-12-29,105461.05407401192
2017-12-30,105461.05407401192
2017-12-31,105461.05407401192
2018-01-01,105461.05407401192
2018-01-02,105461.05407401192
2018-01-03,106648.43058877959
2018-01-04,106853.19121930806
2018-01-05,106853.19121930806
2018-01-06,106853.19121930806
2018-01-07,106853.19121930806
2018-01-08,106853.19121930806
2018-01-09,106853.19121930806
2018-01-10,106853.19121930806
2018-01-11,106853.19121930806
2018-01-12,106853.19121930806
2018-01-13,106896.38516696417
2018-01-14,106896.38516696417
2018-01-15,106896.38516696417
2018-01-16,106896.38516696417
2018-01-17,106896.38516696417
2018-01-18,106896.38516696417
2018-01-19,106896.38516696417
2018-01-20,106896.38516696417
2018-01-21,106896.38516696417
2018-01-22,106896.38516696417
2018-01-23,107588.96019030423
2018-01-24,107588.96019030423
2018-01-25,107588.96019030423
2018-01-26,107588.96019030423
2018-01-27,108051.7681218975
2018-01-28,108051.7681218975
2018-01-29,108051.7681218975
2018-01-30,108051.7681218975
2018-01-31,108051.7681218975
2018-02-01,108051.7681218975
2018-02-02,108051.7681218975
2018-02-03,108051.7681218975
2018-02-04,108051.7681218975
2018-02-05,108051.7681218975
2018-02-06,108051.7681218975
2018-02-07,110188.3659445967
2018-02-08,107658.01311415993
2018-02-09,107658.01311415993
2018-02-10,107658.01311415993
2018-02-11,107658.01311415993
2018-02-12,107658.01311415993
2018-02-13,107658.01311415993
2018-02-14,107658.01311415993
2018-02-15,107658.01311415993
2018-02-16,107658.01311415993
2018-02-17,107658.01311415993
2018-02-18,107658.01311415993
2018-02-19,107658.01311415993
2018-02-20,107658.01311415993
2018-02-21,107658.01311415993
2018-02-22,107658.01311415993
2018-02-23,107658.01311415993
2018-02-24,107658.01311415993
2018-02-25,107658.01311415993
2018-02-26,107658.01311415993
2018-02-27,107658.01311415993
2018-02-28,107658.01311415993
2018-03-01,107658.01311415993
2018-03-02,107658.01311415993
2018-03-03,107658.01311415993
2018-03-04,107658.01311415993
2018-03-05,107658.01311415993
2018-03-06,107544.41039992103
2018-03-07,107544.41039992103
2018-03-08,107544.41039992103
2018-03-09,107544.41039992103
2018-03-10,108332.83393628873
2018-03-11,108332.83393628873
2018-03-12,108332.83393628873
2018-03-13,108332.83393628873
2018-03-14,108332.83393628873
2018-03-15,108332.83393628873
2018-03-16,108332.83393628873
2018-03-17,108332.83393628873
2018-03-18,108332.83393628873
2018-03-19,108332.83393628873
2018-03-20,108332.83393628873
2018-03-21,108332.83393628873
2018-03-22,108332.83393628873
2018-03-23,108332.83393628873
2018-03-24,108332.83393628873
2018-03-25,108332.83393628873
2018-03-26,108332.83393628873
2018-03-27,108332.83393628873
2018-03-28,108332.83393628873
2018-03-29,108332.83393628873
2018-03-30,107927.94599844617
2018-03-31,107927.94599844617
2018-04-01,107927.94599844617
2018-04-02,107927.94599844617
2018-04-03,107927.94599844617
2018-04-04,107927.94599844617
2018-04-05,107927.94599844617
2018-04-06,107927.94599844617
2018-04-07,107927.94599844617
2018-04-08,107927.94599844617
2018-04-09,107927.94599844617
2018-04-10,107927.94599844617
2018-04-11,107927.94599844617
2018-04-12,107927.94599844617
2018-04-13,107927.94599844617
2018-04-14,107927.94599844617
2018-04-15,107927.94599844617
2018-04-16,107927.94599844617
2018-04-17,107927.94599844617
2018-04-18,107927.94599844617
2018-04-19,107927.94599844617
2018-04-20,107927.94599844617
2018-04-21,107927.94599844617
2018-04-22,107927.94599844617
2018-04-23,107927.94599844617
2018-04-24,107927.94599844617
2018-04-25,107927.94599844617
2018-04-26,107927.94599844617
2018-04-27,107927.94599844617
2018-04-28,107927.94599844617
2018-04-29,107927.94599844617
2018-04-30,107927.94599844617
2018-05-01,107927.94599844617
2018-05-02,107927.94599844617
2018-05-03,107927.94599844617
2018-05-04,107927.94599844617
2018-05-05,107791.16777278419
2018-05-06,107791.16777278419
2018-05-07,107791.16777278419
2018-05-08,107791.16777278419
2018-05-09,107791.16777278419
2018-05-10,107791.16777278419
2018-05-11,107791.16777278419
2018-05-12,107791.16777278419
2018-05-13,107791.16777278419
2018-05-14,107791.16777278419
2018-05-15,107791.16777278419
2018-05-16,107791.16777278419
2018-05-17,107791.16777278419
2018-05-18,107791.16777278419
2018-05-19,107791.16777278419
2018-05-20,107791.16777278419
2018-05-21,107791.16777278419
2018-05-22,107791.16777278419
2018-05-23,107791.16777278419
2018-05-24,107791.16777278419
2018-05-25,107791.16777278419
2018-05-26,107791.16777278419
2018-05-27,107791.16777278419
2018-05-28,107791.16777278419
2018-05-29,107791.16777278419
2018-05-30,107791.16777278419
2018-05-31,107791.16777278419
2018-06-01,107791.16777278419
2018-06-02,108175.5006683702
2018-06-03,108175.5006683702
2018-06-04,108175.5006683702
2018-06-05,108175.5006683702
2018-06-06,108175.5006683702
2018-06-07,108175.5006683702
2018-06-08,108175.5006683702
2018-06-09,108175.5006683702
2018-06-10,108175.5006683702
2018-06-11,108175.5006683702
2018-06-12,108175.5006683702
2018-06-13,108175.5006683702
2018-06-14,108175.5006683702
2018-06-15,108175.5006683702
2018-06-16,108175.5006683702
2018-06-17,108175.5006683702
2018-06-18,108175.5006683702
2018-06-19,108175.5006683702
2018-06-20,108175.5006683702
2018-06-21,108175.5006683702
2018-06-22,108175.5006683702
2018-06-23,108175.5006683702
2018-06-24,108175.5006683702
2018-06-25,108175.5006683702
2018-06-26,108175.5006683702
2018-06-27,108175.5006683702
2018-06-28,108175.5006683702
2018-06-29,108175.5006683702
2018-06-30,108175.5006683702
2018-07-01,108175.5006683702
2018-07-02,108175.5006683702
2018-07-03,108175.5006683702
2018-07-04,108175.5006683702
2018-07-05,108175.5006683702
2018-07-06,108175.5006683702
2018-07-07,109127.72011308171
2018-07-08,109127.72011308171
2018-07-09,109127.72011308171
2018-07-10,109127.72011308171
2018-07-11,109127.72011308171
2018-07-12,109127.72011308171
2018-07-13,109127.72011308171
2018-07-14,109127.72011308171
2018-07-15,109127.72011308171
2018-07-16,109127.72011308171
2018-07-17,109127.72011308171
2018-07-18,109349.80936014821
2018-07-19,109349.80936014821
2018-07-20,109349.80936014821
2018-07-21,109349.80936014821
2018-07-22,109349.80936014821
2018-07-23,109349.80936014821
2018-07-24,109349.80936014821
2018-07-25,109349.80936014821
2018-07-26,106637.05618341058
2018-07-27,106637.05618341058
2018-07-28,106637.05618341058
2018-07-29,106637.05618341058
2018-07-30,106637.05618341058
2018-07-31,106637.05618341058
2018-08-01,106637.05618341058
2018-08-02,106637.05618341058
2018-08-03,106637.05618341058
2018-08-04,106637.05618341058
2018-08-05,106637.05618341058
2018-08-06,106637.05618341058
2018-08-07,106637.05618341058
2018-08-08,106637.05618341058
2018-08-09,106637.05618341058
2018-08-10,106637.05618341058
2018-08-11,106637.05618341058
2018-08-12,106637.05618341058
2018-08-13,106637.05618341058
2018-08-14,106637.05618341058
2018-08-15,106637.05618341058
2018-08-16,106637.05618341058
2018-08-17,106603.68918993766
2018-08-18,106603.68918993766
2018-08-19,106603.68918993766
2018-08-20,106603.68918993766
2018-08-21,106603.68918993766
2018-08-22,106603.68918993766
2018-08-23,106564.73945200918
2018-08-24,106564.73945200918
2018-08-25,106564.73945200918
2018-08-26,106564.73945200918
2018-08-27,106564.73945200918
2018-08-28,106564.73945200918
2018-08-29,106564.73945200918
2018-08-30,107108.58009302974
2018-08-31,107108.58009302974
2018-09-01,107108.58009302974
2018-09-02,107108.58009302974
2018-09-03,107108.58009302974
2018-09-04,107108.58009302974
2018-09-05,107108.58009302974
2018-09-06,107108.58009302974
2018-09-07,107108.58009302974
2018-09-08,107108.58009302974
2018-09-09,107108.58009302974
2018-09-10,107108.58009302974
2018-09-11,107108.58009302974
2018-09-12,107108.58009302974
2018-09-13,107108.58009302974
2018-09-14,107097.5839507373
2018-09-15,107097.5839507373
2018-09-16,107097.5839507373
2018-09-17,107097.5839507373
2018-09-18,107097.5839507373
2018-09-19,108593.50356986889
2018-09-20,108593.50356986889
2018-09-21,109140.68498612539
2018-09-22,109140.68498612539
2018-09-23,109140.68498612539
2018-09-24,109140.68498612539
2018-09-25,109140.68498612539
2018-09-26,109140.68498612539
2018-09-27,109140.68498612539
2018-09-28,107975.44950825121
2018-09-29,107975.44950825121
2018-09-30,107975.44950825121
2018-10-01,107975.44950825121
2018-10-02,107975.44950825121
2018-10-03,107975.44950825121
2018-10-04,107975.44950825121
2018-10-05,107975.44950825121
2018-10-06,107975.44950825121
2018-10-07,107975.44950825121
2018-10-08,107975.44950825121
2018-10-09,107975.44950825121
2018-10-10,107975.44950825121
2018-10-11,107975.44950825121
2018-10-12,107975.44950825121
2018-10-13,107975.44950825121
2018-10-14,107975.44950825121
2018-10-15,107975.44950825121
2018-10-16,107975.44950825121
2018-10-17,111648.69623858936
2018-10-18,111648.69623858936
2018-10-19,111648.69623858936
2018-10-20,111648.69623858936
2018-10-21,111648.69623858936
2018-10-22,111648.69623858936
2018-10-23,111648.69623858936
2018-10-24,111648.69623858936
2018-10-25,111648.69623858936
2018-10-26,111648.69623858936
2018-10-27,111648.69623858936
2018-10-28,111648.69623858936
2018-10-29,111648.69623858936
2018-10-30,111648.69623858936
2018-10-31,111648.69623858936
2018-11-01,110353.79799221252
2018-11-02,110353.79799221252
2018-11-03,110353.79799221252
2018-11-04,110353.79799221252
2018-11-05,110353.79799221252
2018-11-06,110353.79799221252
2018-11-07,110353.79799221252
2018-11-08,111984.92701581575
2018-11-09,111984.92701581575
2018-11-10,111984.92701581575
2018-11-11,111984.92701581575
2018-11-12,111984.92701581575
2018-11-13,111984.92701581575
2018-11-14,111984.92701581575
2018-11-15,111984.92701581575
2018-11-16,111984.92701581575
2018-11-17,111984.92701581575
2018-11-18,111984.92701581575
2018-11-19,111984.92701581575
2018-11-20,111984.92701581575
2018-11-21,111984.92701581575
2018-11-22,111984.92701581575
2018-11-23,111984.92701581575
2018-11-24,111984.92701581575
2018-11-25,111984.92701581575
2018-11-26,111984.92701581575
2018-11-27,111984.92701581575
2018-11-28,111984.92701581575
2018-11-29,113144.86127598134
2018-11-30,113144.86127598134
2018-12-01,113144.86127598134
2018-12-02,113144.86127598134
2018-12-03,113144.86127598134
2018-12-04,113144.86127598134
2018-12-05,113144.86127598134
2018-12-06,113144.86127598134
2018-12-07,113144.86127598134
2018-12-08,113144.86127598134
2018-12-09,113144.86127598134
2018-12-10,113144.86127598134
2018-12-11,113144.86127598134
2018-12-12,113144.86127598134
2018-12-13,112031.55596048839
2018-12-14,112031.55596048839
2018-12-15,112031.55596048839
2018-12-16,112031.55596048839
2018-12-17,112031.55596048839
2018-12-18,112031.55596048839
2018-12-19,112031.55596048839
2018-12-20,112031.55596048839
2018-12-21,112031.55596048839
2018-12-22,112031.55596048839
2018-12-23,112031.55596048839
2018-12-24,112031.55596048839
2018-12-25,112031.55596048839
2018-12-26,112031.55596048839
2018-12-27,113547.934090727
2018-12-28,113547.934090727
2018-12-29,113547.934090727
2018-12-30,113547.934090727
2018-12-31,113547.934090727
2019-01-01,113547.934090727
2019-01-02,113547.934090727
2019-01-03,113547.934090727
2019-01-04,113547.934090727
2019-01-05,114702.55106267318
2019-01-06,114702.55106267318
2019-01-07,114702.55106267318
2019-01-08,114702.55106267318
2019-01-09,114702.55106267318
2019-01-10,114702.55106267318
2019-01-11,114702.55106267318
2019-01-12,114702.55106267318
2019-01-13,114702.55106267318
2019-01-14,114702.55106267318
2019-01-15,114702.55106267318
2019-01-16,114887.42579473939
2019-01-17,114887.42579473939
2019-01-18,114887.42579473939
2019-01-19,114663.76240420525
2019-01-20,114663.76240420525
2019-01-21,114663.76240420525
2019-01-22,114663.76240420525
2019-01-23,114663.76240420525
2019-01-24,114663.76240420525
2019-01-25,114663.76240420525
2019-01-26,114385.777711116
2019-01-27,114385.777711116
2019-01-28,114385.777711116
2019-01-29,114385.777711116
2019-01-30,114385.777711116
2019-01-31,116083.09806264406
2019-02-01,116083.09806264406
2019-02-02,116083.09806264406
2019-02-03,116083.09806264406
2019-02-04,116083.09806264406
2019-02-05,116083.09806264406
2019-02-06,116083.09806264406
2019-02-07,116083.09806264406
2019-02-08,116083.09806264406
2019-02-09,116083.09806264406
2019-02-10,116083.09806264406
2019-02-11,116083.09806264406
2019-02-12,116083.09806264406
2019-02-13,117331.54400148816
2019-02-14,117331.54400148816
2019-02-15,117331.54400148816
2019-02-16,117818.47644690861
2019-02-17,117818.47644690861
2019-02-18,117818.47644690861
2019-02-19,117818.47644690861
2019-02-20,117818.47644690861
2019-02-21,117818.47644690861
2019-02-22,117818.47644690861
2019-02-23,117818.47644690861
2019-02-24,117818.47644690861
2019-02-25,117818.47644690861
2019-02-26,117818.47644690861
2019-02-27,117818.47644690861
2019-02-28,117818.47644690861
2019-03-01,117818.47644690861
2019-03-02,117818.47644690861
2019-03-03,117818.47644690861
2019-03-04,117818.47644690861
2019-03-05,117818.47644690861
2019-03-06,117818.47644690861
2019-03-07,117818.47644690861
2019-03-08,117818.47644690861
2019-03-09,117818.47644690861
2019-03-10,117818.47644690861
2019-03-11,117818.47644690861
2019-03-12,120544.25560886202
2019-03-13,120544.25560886202
2019-03-14,119392.22375943346
2019-03-15,119392.22375943346
2019-03-16,118979.20515173732
2019-03-17,118979.20515173732
2019-03-18,118979.20515173732
2019-03-19,118979.20515173732
2019-03-20,118979.20515173732
2019-03-21,118340.13257930393
2019-03-22,118691.31708628662
2019-03-23,118691.31708628662
2019-03-24,118691.31708628662
2019-03-25,118691.31708628662
2019-03-26,118691.31708628662
2019-03-27,118691.31708628662
2019-03-28,118691.31708628662
2019-03-29,118691.31708628662
2019-03-30,118691.31708628662
2019-03-31,118691.31708628662
2019-04-01,118691.31708628662
2019-04-02,118691.31708628662
2019-04-03,118691.31708628662
2019-04-04,118691.31708628662
2019-04-05,118691.31708628662
2019-04-06,118691.31708628662
2019-04-07,118691.31708628662
2019-04-08,118691.31708628662
2019-04-09,118691.31708628662
2019-04-10,118691.31708628662
2019-04-11,118691.31708628662
2019-04-12,118691.31708628662
2019-04-13,118691.31708628662
2019-04-14,118691.31708628662
2019-04-15,118691.31708628662
2019-04-16,118691.31708628662
2019-04-17,118691.31708628662
2019-04-18,118691.31708628662
2019-04-19,118691.31708628662
2019-04-20,118691.31708628662
2019-04-21,118691.31708628662
2019-04-22,118691.31708628662
2019-04-23,118691.31708628662
2019-04-24,120383.0926154035
2019-04-25,120383.0926154035
2019-04-26,120383.0926154035
2019-04-27,120383.0926154035
2019-04-28,120383.0926154035
2019-04-29,120383.0926154035
2019-04-30,120383.0926154035
2019-05-01,120383.0926154035
2019-05-02,120383.0926154035
2019-05-03,120383.0926154035
2019-05-04,122728.50555745355
2019-05-05,122728.50555745355
2019-05-06,122728.50555745355
2019-05-07,122017.51681736943
2019-05-08,122017.51681736943
2019-05-09,122017.51681736943
2019-05-10,122017.51681736943
2019-05-11,122017.51681736943
2019-05-12,122017.51681736943
2019-05-13,122017.51681736943
2019-05-14,122017.51681736943
2019-05-15,122280.9487907663
2019-05-16,122280.9487907663
2019-05-17,121838.40984849833
2019-05-18,121838.40984849833
2019-05-19,121838.40984849833
2019-05-20,121838.40984849833
2019-05-21,121838.40984849833
2019-05-22,121838.40984849833
2019-05-23,121838.40984849833
2019-05-24,121838.40984849833
2019-05-25,121838.40984849833
2019-05-26,121838.40984849833
2019-05-27,121838.40984849833
2019-05-28,121838.40984849833
2019-05-29,121838.40984849833
2019-05-30,121838.40984849833
2019-05-31,121838.40984849833
2019-06-01,121838.40984849833
2019-06-02,121838.40984849833
2019-06-03,121838.40984849833
2019-06-04,121838.40984849833
2019-06-05,125143.59991343788
2019-06-06,125143.59991343788
2019-06-07,125143.59991343788
2019-06-08,125333.79776164104
2019-06-09,125333.79776164104
2019-06-10,125333.79776164104
2019-06-11,123780.3851856575
2019-06-12,123780.3851856575
2019-06-13,123780.3851856575
2019-06-14,123780.3851856575
2019-06-15,123780.3851856575
2019-06-16,123780.3851856575
2019-06-17,123780.3851856575
2019-06-18,123780.3851856575
2019-06-19,124171.54571045688
2019-06-20,124171.54571045688
2019-06-21,124171.54571045688
2019-06-22,124171.54571045688
2019-06-23,124171.54571045688
2019-06-24,124171.54571045688
2019-06-25,124171.54571045688
2019-06-26,124171.54571045688
2019-06-27,124171.54571045688
2019-06-28,124171.54571045688
2019-06-29,124171.54571045688
2019-06-30,124171.54571045688
2019-07-01,124171.54571045688
2019-07-02,124171.54571045688
2019-07-03,124171.54571045688
2019-07-04,123867.20306435476
2019-07-05,123867.20306435476
2019-07-06,123867.20306435476
2019-07-07,123867.20306435476
2019-07-08,123867.20306435476
2019-07-09,123867.20306435476
2019-07-10,123867.20306435476
2019-07-11,122806.25412693541
2019-07-12,122806.25412693541
2019-07-13,122806.25412693541
2019-07-14,122806.25412693541
2019-07-15,122806.25412693541
2019-07-16,122806.25412693541
2019-07-17,122806.25412693541
2019-07-18,122806.25412693541
2019-07-19,122257.06375921427
2019-07-20,122257.06375921427
2019-07-21,122257.06375921427
2019-07-22,122257.06375921427
2019-07-23,122385.0384086339
2019-07-24,122385.0384086339
2019-07-25,122648.73742395372
2019-07-26,122648.73742395372
2019-07-27,122648.73742395372
2019-07-28,122648.73742395372
2019-07-29,122648.73742395372
2019-07-30,122648.73742395372
2019-07-31,122648.73742395372
2019-08-01,122648.73742395372
2019-08-02,122648.73742395372
2019-08-03,122648.73742395372
2019-08-04,122648.73742395372
2019-08-05,122648.73742395372
2019-08-06,122648.73742395372
2019-08-07,125431.69051949904
2019-08-08,125431.69051949904
2019-08-09,126514.76150698871
2019-08-10,126514.76150698871
2019-08-11,126514.76150698871
2019-08-12,126514.76150698871
2019-08-13,126514.76150698871
2019-08-14,126488.73419080669
2019-08-15,126488.73419080669
2019-08-16,126488.73419080669
2019-08-17,126488.73419080669
2019-08-18,126488.73419080669
2019-08-19,126488.73419080669
2019-08-20,126488.73419080669
2019-08-21,126488.73419080669
2019-08-22,126488.73419080669
2019-08-23,126488.73419080669
2019-08-24,126488.73419080669
2019-08-25,126488.73419080669
2019-08-26,126488.73419080669
2019-08-27,126488.73419080669
2019-08-28,126488.73419080669
2019-08-29,126488.73419080669
2019-08-30,126488.73419080669
2019-08-31,126488.73419080669
2019-09-01,126488.73419080669
2019-09-02,126488.73419080669
2019-09-03,126488.73419080669
2019-09-04,126488.73419080669
2019-09-05,126488.73419080669
2019-09-06,126488.73419080669
2019-09-07,126488.73419080669
2019-09-08,126488.73419080669
2019-09-09,126488.73419080669
2019-09-10,126488.73419080669
2019-09-11,126488.73419080669
2019-09-12,126685.2257117364
2019-09-13,126685.2257117364
2019-09-14,126685.2257117364
2019-09-15,126685.2257117364
2019-09-16,126685.2257117364
2019-09-17,126685.2257117364
2019-09-18,126685.2257117364
2019-09-19,126685.2257117364
2019-09-20,126685.2257117364
2019-09-21,126685.2257117364
2019-09-22,126685.2257117364
2019-09-23,126685.2257117364
2019-09-24,126685.2257117364
2019-09-25,126685.2257117364
2019-09-26,126685.2257117364
2019-09-27,126685.2257117364
2019-09-28,126685.2257117364
2019-09-29,126685.2257117364
2019-09-30,126685.2257117364
2019-10-01,126685.2257117364
2019-10-02,126685.2257117364
2019-10-03,126685.2257117364
2019-10-04,126685.2257117364
2019-10-05,127162.71773614714
2019-10-06,127162.71773614714
2019-10-07,127162.71773614714
2019-10-08,127162.71773614714
2019-10-09,127162.71773614714
2019-10-10,126060.20131838851
2019-10-11,126201.209125729
2019-10-12,124056.66624331934
2019-10-13,124056.66624331934
2019-10-14,124056.66624331934
2019-10-15,124056.66624331934
2019-10-16,124056.66624331934
2019-10-17,124056.66624331934
2019-10-18,124056.66624331934
2019-10-19,124056.66624331934
2019-10-20,124056.66624331934
2019-10-21,124056.66624331934
2019-10-22,124056.66624331934
2019-10-23,124056.66624331934
2019-10-24,124056.66624331934
2019-10-25,124056.66624331934
2019-10-26,124079.22996533048
2019-10-27,124079.22996533048
2019-10-28,124079.22996533048
2019-10-29,124079.22996533048
2019-10-30,124079.22996533048
2019-10-31,124079.22996533048
2019-11-01,124079.22996533048
2019-11-02,124173.79243265386
2019-11-03,124173.79243265386
2019-11-04,124173.79243265386
2019-11-05,124173.79243265386
2019-11-06,124173.79243265386
2019-11-07,124173.79243265386
2019-11-08,124173.79243265386
2019-11-09,124173.79243265386
2019-11-10,124173.79243265386
2019-11-11,124173.79243265386
2019-11-12,124173.79243265386
2019-11-13,124173.79243265386
2019-11-14,124173.79243265386
2019-11-15,124173.79243265386
2019-11-16,124173.79243265386
2019-11-17,124173.79243265386
2019-11-18,124173.79243265386
2019-11-19,124173.79243265386
2019-11-20,124173.79243265386
2019-11-21,124173.79243265386
2019-11-22,124173.79243265386
2019-11-23,124173.79243265386
2019-11-24,124173.79243265386
2019-11-25,124173.79243265386
2019-11-26,123999.00903771434
2019-11-27,123999.00903771434
2019-11-28,123999.00903771434
2019-11-29,123999.00903771434
2019-11-30,123999.00903771434
2019-12-01,123999.00903771434
2019-12-02,123999.00903771434
2019-12-03,123999.00903771434
2019-12-04,123999.00903771434
2019-12-05,123999.00903771434
2019-12-06,123999.00903771434
2019-12-07,124795.92839366832
2019-12-08,124795.92839366832
2019-12-09,124795.92839366832
2019-12-10,124795.92839366832
2019-12-11,124795.92839366832
2019-12-12,124795.92839366832
2019-12-13,125176.34888950262
2019-12-14,125176.34888950262
2019-12-15,125176.34888950262
2019-12-16,125176.34888950262
2019-12-17,124414.74722370476
2019-12-18,124414.74722370476
2019-12-19,124414.74722370476
2019-12-20,124414.74722370476
2019-12-21,124414.74722370476
2019-12-22,124414.74722370476
2019-12-23,124414.74722370476
2019-12-24,124414.74722370476
2019-12-25,124414.74722370476
2019-12-26,124414.74722370476
2019-12-27,124563.87270556671
2019-12-28,124563.87270556671
2019-12-29,124563.87270556671
2019-12-30,124563.87270556671
2019-12-31,124563.87270556671
2020-01-01,124563.87270556671
2020-01-02,124563.87270556671
2020-01-03,124870.84592119337
2020-01-04,124870.84592119337
2020-01-05,124870.84592119337
2020-01-06,124870.84592119337
2020-01-07,124959.94330234767
2020-01-08,124959.94330234767
2020-01-09,126218.20796079015
2020-01-10,126218.20796079015
2020-01-11,126218.20796079015
2020-01-12,126218.20796079015
2020-01-13,126218.20796079015
2020-01-14,126895.9752439007
2020-01-15,126895.9752439007
2020-01-16,126895.9752439007
2020-01-17,126852.94682328936
2020-01-18,126852.94682328936
2020-01-19,126852.94682328936
2020-01-20,126852.94682328936
2020-01-21,126852.94682328936
2020-01-22,126852.94682328936
2020-01-23,126852.94682328936
2020-01-24,126852.94682328936
2020-01-25,126852.94682328936
2020-01-26,126852.94682328936
2020-01-27,126852.94682328936
2020-01-28,126852.94682328936
2020-01-29,126852.94682328936
2020-01-30,126852.94682328936
2020-01-31,126852.94682328936
2020-02-01,126852.94682328936
2020-02-02,126852.94682328936
2020-02-03,126852.94682328936
2020-02-04,126852.94682328936
2020-02-05,131100.072302565
2020-02-06,131447.02751969718
2020-02-07,131447.02751969718
2020-02-08,131447.02751969718
2020-02-09,131447.02751969718
2020-02-10,131447.02751969718
2020-02-11,131447.02751969718
2020-02-12,131447.02751969718
2020-02-13,131447.02751969718
2020-02-14,131447.02751969718
2020-02-15,131447.02751969718
2020-02-16,131447.02751969718
2020-02-17,131447.02751969718
2020-02-18,131447.02751969718
2020-02-19,131447.02751969718
2020-02-20,131447.02751969718
2020-02-21,131447.02751969718
2020-02-22,131447.02751969718
2020-02-23,131447.02751969718
2020-02-24,131447.02751969718
2020-02-25,131447.02751969718
2020-02-26,131447.02751969718
2020-02-27,131447.02751969718
2020-02-28,131447.02751969718
2020-02-29,131447.02751969718
2020-03-01,131447.02751969718
2020-03-02,131447.02751969718
2020-03-03,131447.02751969718
2020-03-04,131447.02751969718
2020-03-05,133090.61739207228
2020-03-06,133090.61739207228
2020-03-07,133090.61739207228
2020-03-08,133090.61739207228
2020-03-09,133090.61739207228
2020-03-10,133090.61739207228
2020-03-11,133090.61739207228
2020-03-12,133090.61739207228
2020-03-13,133090.61739207228
2020-03-14,137003.57520605013
2020-03-15,137003.57520605013
2020-03-16,137003.57520605013
2020-03-17,137003.57520605013
2020-03-18,137003.57520605013
2020-03-19,137003.57520605013
2020-03-20,137003.57520605013
2020-03-21,137003.57520605013
2020-03-22,137003.57520605013
2020-03-23,137003.57520605013
2020-03-24,137003.57520605013
2020-03-25,137029.1365096782
2020-03-26,137029.1365096782
2020-03-27,137029.1365096782
2020-03-28,134968.73284806774
2020-03-29,134968.73284806774
2020-03-30,134968.73284806774
2020-03-31,134968.73284806774
2020-04-01,134968.73284806774
2020-04-02,134968.73284806774
2020-04-03,134968.73284806774
2020-04-04,134968.73284806774
2020-04-05,134968.73284806774
2020-04-06,134968.73284806774
2020-04-07,135237.4904202176
2020-04-08,135237.4904202176
2020-04-09,135237.4904202176
2020-04-10,135237.4904202176
2020-04-11,135237.4904202176
2020-04-12,135237.4904202176
2020-04-13,135237.4904202176
2020-04-14,135237.4904202176
2020-04-15,135237.4904202176
2020-04-16,135237.4904202176
2020-04-17,135082.84780189092
2020-04-18,135082.84780189092
2020-04-19,135082.84780189092
2020-04-20,135082.84780189092
2020-04-21,135082.84780189092
2020-04-22,135082.84780189092
2020-04-23,135082.84780189092
2020-04-24,135082.84780189092
2020-04-25,135082.84780189092
2020-04-26,135082.84780189092
2020-04-27,135082.84780189092
2020-04-28,135082.84780189092
2020-04-29,135082.84780189092
2020-04-30,135149.19354151672
2020-05-01,135149.19354151672
2020-05-02,135149.19354151672
2020-05-03,135149.19354151672
2020-05-04,135149.19354151672
2020-05-05,135149.19354151672
2020-05-06,135149.19354151672
2020-05-07,135149.19354151672
2020-05-08,135149.19354151672
2020-05-09,135149.19354151672
2020-05-10,135149.19354151672
2020-05-11,135149.19354151672
2020-05-12,135149.19354151672
2020-05-13,135149.19354151672
2020-05-14,135149.19354151672
2020-05-15,135149.19354151672
2020-05-16,135149.19354151672
2020-05-17,135149.19354151672
2020-05-18,135149.19354151672
2020-05-19,135149.19354151672
2020-05-20,135149.19354151672
2020-05-21,135149.19354151672
2020-05-22,135149.19354151672
2020-05-23,135149.19354151672
2020-05-24,135149.19354151672
2020-05-25,135149.19354151672
2020-05-26,135149.19354151672
2020-05-27,135149.19354151672
2020-05-28,135149.19354151672
2020-05-29,135149.19354151672
2020-05-30,135149.19354151672
2020-05-31,135149.19354151672
2020-06-01,135149.19354151672
2020-06-02,135149.19354151672
2020-06-03,135149.19354151672
2020-06-04,135149.19354151672
2020-06-05,135149.19354151672
2020-06-06,135637.5583761963
2020-06-07,135637.5583761963
2020-06-08,135637.5583761963
2020-06-09,135637.5583761963
2020-06-10,135637.5583761963
2020-06-11,135637.5583761963
2020-06-12,135637.5583761963
2020-06-13,135637.5583761963
2020-06-14,135637.5583761963
2020-06-15,135637.5583761963
2020-06-16,136581.39440611072
2020-06-17,136581.39440611072
2020-06-18,136581.39440611072
2020-06-19,136581.39440611072
2020-06-20,136581.39440611072
2020-06-21,136581.39440611072
2020-06-22,136581.39440611072
2020-06-23,136581.39440611072
2020-06-24,136581.39440611072
2020-06-25,136581.39440611072
2020-06-26,136581.39440611072
2020-06-27,136581.39440611072
2020-06-28,136581.39440611072
2020-06-29,136581.39440611072
2020-06-30,136581.39440611072
2020-07-01,136581.39440611072
2020-07-02,136581.39440611072
2020-07-03,136581.39440611072
2020-07-04,136581.39440611072
2020-07-05,136581.39440611072
2020-07-06,136581.39440611072
2020-07-07,137436.4809112559
2020-07-08,137436.4809112559
2020-07-09,137436.4809112559
2020-07-10,137436.4809112559
2020-07-11,137436.4809112559
2020-07-12,137436.4809112559
2020-07-13,137436.4809112559
2020-07-14,137436.4809112559
2020-07-15,137436.4809112559
2020-07-16,137436.4809112559
2020-07-17,137436.4809112559
2020-07-18,137436.4809112559
2020-07-19,137436.4809112559
2020-07-20,137436.4809112559
2020-07-21,138992.24730801478
2020-07-22,138992.24730801478
2020-07-23,138992.24730801478
2020-07-24,138992.24730801478
2020-07-25,138992.24730801478
2020-07-26,138992.24730801478
2020-07-27,138992.24730801478
2020-07-28,138992.24730801478
2020-07-29,138992.24730801478
2020-07-30,138992.24730801478
2020-07-31,138992.24730801478
2020-08-01,138992.24730801478
2020-08-02,138992.24730801478
2020-08-03,138992.24730801478
2020-08-04,138992.24730801478
2020-08-05,138992.24730801478
2020-08-06,138992.24730801478
2020-08-07,138992.24730801478
2020-08-08,138992.24730801478
2020-08-09,138992.24730801478
2020-08-10,138992.24730801478
2020-08-11,138992.24730801478
2020-08-12,138992.24730801478
2020-08-13,138403.85068872743
2020-08-14,138403.85068872743
2020-08-15,138403.85068872743
2020-08-16,138403.85068872743
2020-08-17,138403.85068872743
2020-08-18,138403.85068872743
2020-08-19,138403.85068872743
2020-08-20,138403.85068872743
2020-08-21,138403.85068872743
2020-08-22,138403.85068872743
2020-08-23,138403.85068872743
2020-08-24,138403.85068872743
2020-08-25,138403.85068872743
2020-08-26,138403.85068872743
2020-08-27,138642.26995751364
2020-08-28,138642.26995751364
2020-08-29,138642.26995751364
2020-08-30,138642.26995751364
2020-08-31,138642.26995751364
2020-09-01,138642.26995751364
2020-09-02,138894.91914172407
2020-09-03,138894.91914172407
2020-09-04,138894.91914172407
2020-09-05,138894.91914172407
2020-09-06,138894.91914172407
2020-09-07,138894.91914172407
2020-09-08,138894.91914172407
2020-09-09,138894.91914172407
2020-09-10,138894.91914172407
2020-09-11,138894.91914172407
2020-09-12,138894.91914172407
2020-09-13,138894.91914172407
2020-09-14,138894.91914172407
2020-09-15,138894.91914172407
2020-09-16,138894.91914172407
2020-09-17,138894.91914172407
2020-09-18,138894.91914172407
2020-09-19,138894.91914172407
2020-09-20,138894.91914172407
2020-09-21,138894.91914172407
2020-09-22,138894.91914172407
2020-09-23,138894.91914172407
2020-09-24,138894.91914172407
2020-09-25,138894.91914172407
2020-09-26,138894.91914172407
2020-09-27,138894.91914172407
2020-09-28,138894.91914172407
2020-09-29,138894.91914172407
2020-09-30,138894.91914172407
2020-10-01,138894.91914172407
2020-10-02,138894.91914172407
2020-10-03,138894.91914172407
2020-10-04,138894.91914172407
2020-10-05,138894.91914172407
2020-10-06,138894.91914172407
2020-10-07,138894.91914172407
2020-10-08,139420.60064155483
2020-10-09,139420.60064155483
2020-10-10,139420.60064155483
2020-10-11,139420.60064155483
2020-10-12,139420.60064155483
2020-10-13,140802.83094232104
2020-10-14,140802.83094232104
2020-10-15,140802.83094232104
2020-10-16,140802.83094232104
2020-10-17,140802.83094232104
2020-10-18,140802.83094232104
2020-10-19,140802.83094232104
2020-10-20,140802.83094232104
2020-10-21,140802.83094232104
2020-10-22,140802.83094232104
2020-10-23,140802.83094232104
2020-10-24,140802.83094232104
2020-10-25,140802.83094232104
2020-10-26,140802.83094232104
2020-10-27,140802.83094232104
2020-10-28,140802.83094232104
2020-10-29,140802.83094232104
2020-10-30,140802.83094232104
2020-10-31,140802.83094232104
2020-11-01,140802.83094232104
2020-11-02,140802.83094232104
2020-11-03,140802.83094232104
2020-11-04,140802.83094232104
2020-11-05,140802.83094232104
2020-11-06,140851.60740294697
2020-11-07,140851.60740294697
2020-11-08,140851.60740294697
2020-11-09,140851.60740294697
2020-11-10,140851.60740294697
2020-11-11,140851.60740294697
2020-11-12,141004.43938521645
2020-11-13,141004.43938521645
2020-11-14,141004.43938521645
2020-11-15,141004.43938521645
2020-11-16,141004.43938521645
2020-11-17,141004.43938521645
2020-11-18,141004.43938521645
2020-11-19,141004.43938521645
2020-11-20,141004.43938521645
2020-11-21,141004.43938521645
2020-11-22,141004.43938521645
2020-11-23,141004.43938521645
2020-11-24,141004.43938521645
2020-11-25,141004.43938521645
2020-11-26,141004.43938521645
2020-11-27,141004.43938521645
2020-11-28,141004.43938521645
2020-11-29,141004.43938521645
2020-11-30,141004.43938521645
2020-12-01,141004.43938521645
2020-12-02,141004.43938521645
2020-12-03,141004.43938521645
2020-12-04,141004.43938521645
2020-12-05,141004.43938521645
2020-12-06,141004.43938521645
2020-12-07,141004.43938521645
2020-12-08,141004.43938521645
2020-12-09,141004.43938521645
2020-12-10,141004.43938521645
2020-12-11,141004.43938521645
2020-12-12,141004.43938521645
2020-12-13,141004.43938521645
2020-12-14,141004.43938521645
2020-12-15,141004.43938521645
2020-12-16,140854.8860819139
2020-12-17,140854.8860819139
2020-12-18,140854.8860819139
2020-12-19,140854.8860819139
2020-12-20,140854.8860819139
2020-12-21,140854.8860819139
2020-12-22,140854.8860819139
2020-12-23,140854.8860819139
2020-12-24,140854.8860819139
2020-12-25,140854.8860819139
2020-12-26,140854.8860819139
2020-12-27,140854.8860819139
2020-12-28,140854.8860819139
2020-12-29,140854.8860819139
2020-12-30,140854.8860819139
2020-12-31,140854.8860819139
2021-01-01,140854.8860819139
2021-01-02,140854.8860819139
2021-01-03,140854.8860819139
2021-01-04,140854.8860819139
2021-01-05,140854.8860819139
2021-01-06,140854.8860819139
2021-01-07,140854.8860819139
2021-01-08,140854.8860819139
2021-01-09,140854.8860819139
2021-01-10,140854.8860819139
2021-01-11,140854.8860819139
2021-01-12,140854.8860819139
2021-01-13,140854.8860819139
2021-01-14,140854.8860819139
2021-01-15,140854.8860819139
2021-01-16,140854.8860819139
2021-01-17,140854.8860819139
2021-01-18,140854.8860819139
2021-01-19,140854.8860819139
2021-01-20,141828.34757089196
2021-01-21,143564.9774242042
2021-01-22,143564.9774242042
2021-01-23,143564.9774242042
2021-01-24,143564.9774242042
2021-01-25,143564.9774242042
2021-01-26,143564.9774242042
2021-01-27,143564.9774242042
2021-01-28,143564.9774242042
2021-01-29,143564.9774242042
2021-01-30,143564.9774242042
2021-01-31,143564.9774242042
2021-02-01,143564.9774242042
2021-02-02,143564.9774242042
2021-02-03,144124.64636153154
2021-02-04,144124.64636153154
2021-02-05,144124.64636153154
2021-02-06,144124.64636153154
2021-02-07,144124.64636153154
2021-02-08,144124.64636153154
2021-02-09,144124.64636153154
2021-02-10,144124.64636153154
2021-02-11,144124.64636153154
2021-02-12,144124.64636153154
2021-02-13,144124.64636153154
2021-02-14,144124.64636153154
2021-02-15,144124.64636153154
2021-02-16,144124.64636153154
2021-02-17,144124.64636153154
2021-02-18,144124.64636153154
2021-02-19,144124.64636153154
2021-02-20,144124.64636153154
2021-02-21,144124.64636153154
2021-02-22,144124.64636153154
2021-02-23,144124.64636153154
2021-02-24,144124.64636153154
2021-02-25,144124.64636153154
2021-02-26,144124.64636153154
2021-02-27,144124.64636153154
2021-02-28,144124.64636153154
2021-03-01,144124.64636153154
2021-03-02,144749.02658891398
2021-03-03,144749.02658891398
2021-03-04,144749.02658891398
2021-03-05,144749.02658891398
2021-03-06,144749.02658891398
2021-03-07,144749.02658891398
2021-03-08,144749.02658891398
2021-03-09,144749.02658891398
2021-03-10,145731.56317175215
2021-03-11,145731.56317175215
2021-03-12,145731.56317175215
2021-03-13,145731.56317175215
2021-03-14,145731.56317175215
2021-03-15,145731.56317175215
2021-03-16,145731.56317175215
2021-03-17,145731.56317175215
2021-03-18,145731.56317175215
2021-03-19,145731.56317175215
2021-03-20,145731.56317175215
2021-03-21,145731.56317175215
2021-03-22,145731.56317175215
2021-03-23,145731.56317175215
2021-03-24,145731.56317175215
2021-03-25,145731.56317175215
2021-03-26,145731.56317175215
2021-03-27,145731.56317175215
2021-03-28,145731.56317175215
2021-03-29,145731.56317175215
2021-03-30,145731.56317175215
2021-03-31,145731.56317175215
2021-04-01,145731.56317175215
2021-04-02,145731.56317175215
2021-04-03,145731.56317175215
2021-04-04,145731.56317175215
2021-04-05,145731.56317175215
2021-04-06,146387.02736173128
2021-04-07,146387.02736173128
2021-04-08,146387.02736173128
2021-04-09,146387.02736173128
2021-04-10,146387.02736173128
2021-04-11,146387.02736173128
2021-04-12,146387.02736173128
2021-04-13,146387.02736173128
2021-04-14,146387.02736173128
2021-04-15,146387.02736173128
2021-04-16,146518.6133845303
2021-04-17,146518.6133845303
2021-04-18,146518.6133845303
2021-04-19,146518.6133845303
2021-04-20,146518.6133845303
2021-04-21,146518.6133845303
2021-04-22,145726.6776218383
2021-04-23,145726.6776218383
2021-04-24,144716.58938010916
2021-04-25,144716.58938010916
2021-04-26,144716.58938010916
2021-04-27,144716.58938010916
2021-04-28,144716.58938010916
2021-04-29,144716.58938010916
2021-04-30,144716.58938010916
2021-05-01,144716.58938010916
2021-05-02,144716.58938010916
2021-05-03,144716.58938010916
2021-05-04,144716.58938010916
2021-05-05,144716.58938010916
2021-05-06,144716.58938010916
2021-05-07,144716.58938010916
2021-05-08,144776.50743796062
2021-05-09,144776.50743796062
2021-05-10,144776.50743796062
2021-05-11,144776.50743796062
2021-05-12,144776.50743796062
2021-05-13,144776.50743796062
2021-05-14,144900.7448199237
2021-05-15,146463.33543636175
2021-05-16,146463.33543636175
2021-05-17,146463.33543636175
2021-05-18,146463.33543636175
2021-05-19,146463.33543636175
2021-05-20,146463.33543636175
2021-05-21,147068.94875786835
2021-05-22,147068.94875786835
2021-05-23,147068.94875786835
2021-05-24,147068.94875786835
2021-05-25,147792.63363324455
2021-05-26,147792.63363324455
2021-05-27,147792.63363324455
2021-05-28,147792.63363324455
2021-05-29,147792.63363324455
2021-05-30,147792.63363324455
2021-05-31,147792.63363324455
2021-06-01,147792.63363324455
2021-06-02,147792.63363324455
2021-06-03,147792.63363324455
2021-06-04,147792.63363324455
2021-06-05,149042.64605207875
2021-06-06,149042.64605207875
2021-06-07,149042.64605207875
2021-06-08,149042.64605207875
2021-06-09,149042.64605207875
2021-06-10,149042.64605207875
2021-06-11,149042.64605207875
2021-06-12,149042.64605207875
2021-06-13,149042.64605207875
2021-06-14,149042.64605207875
2021-06-15,149042.64605207875
2021-06-16,149042.64605207875
2021-06-17,149042.64605207875
2021-06-18,149042.64605207875
2021-06-19,149042.64605207875
2021-06-20,149042.64605207875
2021-06-21,149042.64605207875
2021-06-22,149042.64605207875
2021-06-23,149042.64605207875
2021-06-24,149042.64605207875
2021-06-25,149042.64605207875
2021-06-26,149042.64605207875
2021-06-27,149042.64605207875
2021-06-28,149042.64605207875
2021-06-29,148700.26241310942
2021-06-30,148700.26241310942
2021-07-01,148700.26241310942
2021-07-02,148700.26241310942
2021-07-03,149439.09627234057
2021-07-04,149439.09627234057
2021-07-05,149439.09627234057
2021-07-06,149439.09627234057
2021-07-07,149439.09627234057
2021-07-08,149439.09627234057
2021-07-09,149439.09627234057
2021-07-10,150808.2093352558
2021-07-11,150808.2093352558
2021-07-12,150808.2093352558
2021-07-13,150808.2093352558
2021-07-14,150808.2093352558
2021-07-15,149799.84699288377
2021-07-16,149799.84699288377
2021-07-17,149799.84699288377
2021-07-18,149799.84699288377
2021-07-19,149799.84699288377
2021-07-20,149799.84699288377
2021-07-21,149779.88877880422
2021-07-22,149779.88877880422
2021-07-23,149779.88877880422
2021-07-24,149779.88877880422
2021-07-25,149779.88877880422
2021-07-26,149779.88877880422
2021-07-27,149779.88877880422
2021-07-28,149779.88877880422
2021-07-29,149779.88877880422
2021-07-30,149779.88877880422
2021-07-31,149779.88877880422
2021-08-01,149779.88877880422
2021-08-02,149779.88877880422
2021-08-03,149779.88877880422
2021-08-04,149779.88877880422
2021-08-05,149779.88877880422
2021-08-06,149779.88877880422
2021-08-07,149779.88877880422
2021-08-08,149779.88877880422
2021-08-09,149779.88877880422
2021-08-10,149779.88877880422
2021-08-11,149779.88877880422
2021-08-12,149779.88877880422
2021-08-13,149779.88877880422
2021-08-14,149779.88877880422
2021-08-15,149779.88877880422
2021-08-16,149779.88877880422
2021-08-17,149779.88877880422
2021-08-18,149779.88877880422
2021-08-19,149779.88877880422
2021-08-20,149779.88877880422
2021-08-21,150290.51457309342
2021-08-22,150290.51457309342
2021-08-23,150290.51457309342
2021-08-24,151759.81188757467
2021-08-25,151759.81188757467
2021-08-26,151759.81188757467
2021-08-27,151759.81188757467
2021-08-28,151759.81188757467
2021-08-29,151759.81188757467
2021-08-30,151759.81188757467
2021-08-31,151878.29342612304
2021-09-01,151878.29342612304
2021-09-02,151878.29342612304
2021-09-03,151878.29342612304
2021-09-04,151878.29342612304
2021-09-05,151878.29342612304
2021-09-06,151878.29342612304
2021-09-07,151878.29342612304
2021-09-08,151878.29342612304
2021-09-09,151878.29342612304
2021-09-10,151878.29342612304
2021-09-11,151878.29342612304
2021-09-12,151878.29342612304
2021-09-13,151878.29342612304
2021-09-14,151878.29342612304
2021-09-15,151878.29342612304
2021-09-16,152014.41041034105
2021-09-17,152014.41041034105
2021-09-18,152014.41041034105
2021-09-19,152014.41041034105
2021-09-20,152014.41041034105
2021-09-21,152014.41041034105
2021-09-22,152014.41041034105
2021-09-23,152014.41041034105
2021-09-24,152014.41041034105
2021-09-25,152014.41041034105
2021-09-26,152014.41041034105
2021-09-27,152014.41041034105
2021-09-28,152014.41041034105
2021-09-29,152014.41041034105
2021-09-30,152014.41041034105
2021-10-01,152014.41041034105
2021-10-02,151429.75984489283
2021-10-03,151429.75984489283
2021-10-04,151429.75984489283
2021-10-05,151429.75984489283
2021-10-06,150491.1879556865
2021-10-07,150491.1879556865
2021-10-08,150491.1879556865
2021-10-09,150491.1879556865
2021-10-10,150491.1879556865
2021-10-11,150491.1879556865
2021-10-12,150491.1879556865
2021-10-13,150491.1879556865
2021-10-14,150491.1879556865
2021-10-15,151699.61799608846
2021-10-16,151699.61799608846
2021-10-17,151699.61799608846
2021-10-18,151699.61799608846
2021-10-19,151815.47390847025
2021-10-20,151815.47390847025
2021-10-21,151815.47390847025
2021-10-22,151815.47390847025
2021-10-23,151815.47390847025
2021-10-24,151815.47390847025
2021-10-25,151815.47390847025
2021-10-26,151815.47390847025
2021-10-27,151815.47390847025
2021-10-28,151815.47390847025
2021-10-29,151815.47390847025
2021-10-30,151815.47390847025
2021-10-31,151815.47390847025
2021-11-01,151815.47390847025
2021-11-02,151815.47390847025
2021-11-03,151815.47390847025
2021-11-04,152796.14054363055
2021-11-05,152796.14054363055
2021-11-06,152796.14054363055
2021-11-07,152796.14054363055
2021-11-08,152796.14054363055
2021-11-09,152796.14054363055
2021-11-10,152796.14054363055
2021-11-11,152796.14054363055
2021-11-12,152796.14054363055
2021-11-13,152796.14054363055
2021-11-14,152796.14054363055
2021-11-15,152796.14054363055
2021-11-16,152796.14054363055
2021-11-17,152796.14054363055
2021-11-18,152796.14054363055
2021-11-19,152796.14054363055
2021-11-20,152796.14054363055
2021-11-21,152796.14054363055
2021-11-22,152796.14054363055
2021-11-23,145288.69473267044
2021-11-24,145288.69473267044
2021-11-25,145288.69473267044
2021-11-26,145288.69473267044
2021-11-27,145288.69473267044
2021-11-28,145288.69473267044
2021-11-29,145288.69473267044
2021-11-30,145935.22472572478
2021-12-01,145935.22472572478
2021-12-02,145935.22472572478
2021-12-03,145935.22472572478
2021-12-04,145935.22472572478
2021-12-05,145935.22472572478
2021-12-06,145935.22472572478
2021-12-07,145935.22472572478
2021-12-08,152173.56169014703
2021-12-09,152173.56169014703
2021-12-10,152173.56169014703
2021-12-11,152173.56169014703
2021-12-12,152173.56169014703
2021-12-13,152173.56169014703
2021-12-14,152173.56169014703
2021-12-15,152173.56169014703
2021-12-16,153296.60895707915
2021-12-17,153296.60895707915
2021-12-18,153296.60895707915
2021-12-19,153296.60895707915
2021-12-20,153296.60895707915
2021-12-21,153296.60895707915
2021-12-22,153296.60895707915
2021-12-23,153296.60895707915
2021-12-24,153296.60895707915
2021-12-25,153296.60895707915
2021-12-26,153296.60895707915
2021-12-27,153296.60895707915
2021-12-28,153296.60895707915
2021-12-29,153296.60895707915
2021-12-30,153296.60895707915
2021-12-31,153296.60895707915
2022-01-01,153296.60895707915
2022-01-02,153296.60895707915
2022-01-03,153296.60895707915
2022-01-04,153296.60895707915
2022-01-05,153296.60895707915
2022-01-06,153296.60895707915
2022-01-07,153296.60895707915
2022-01-08,153296.60895707915
2022-01-09,153296.60895707915
2022-01-10,153296.60895707915
2022-01-11,153296.60895707915
2022-01-12,153296.60895707915
2022-01-13,153296.60895707915
2022-01-14,153296.60895707915
2022-01-15,153296.60895707915
2022-01-16,153296.60895707915
2022-01-17,153296.60895707915
2022-01-18,153296.60895707915
2022-01-19,153296.60895707915
2022-01-20,153296.60895707915
2022-01-21,153296.60895707915
2022-01-22,153296.60895707915
2022-01-23,153296.60895707915
2022-01-24,153296.60895707915
2022-01-25,153296.60895707915
2022-01-26,153296.60895707915
2022-01-27,153296.60895707915
2022-01-28,153296.60895707915
2022-01-29,153296.60895707915
2022-01-30,153296.60895707915
2022-01-31,153296.60895707915
2022-02-01,153912.0616842227
2022-02-02,153912.0616842227
2022-02-03,153912.0616842227
2022-02-04,153912.0616842227
2022-02-05,153912.0616842227
2022-02-06,153912.0616842227
2022-02-07,153912.0616842227
2022-02-08,153912.0616842227
2022-02-09,153912.0616842227
2022-02-10,153912.0616842227
2022-02-11,153912.0616842227
2022-02-12,153912.0616842227
2022-02-13,153912.0616842227
2022-02-14,153912.0616842227
2022-02-15,153912.0616842227
2022-02-16,153912.0616842227
2022-02-17,153912.0616842227
2022-02-18,153912.0616842227
2022-02-19,153912.0616842227
2022-02-20,153912.0616842227
2022-02-21,153912.0616842227
2022-02-22,153912.0616842227
2022-02-23,152916.67102663792
2022-02-24,152916.67102663792
2022-02-25,152916.67102663792
2022-02-26,153424.7128642099
2022-02-27,153424.7128642099
2022-02-28,153424.7128642099
2022-03-01,153424.7128642099
2022-03-02,153424.7128642099
2022-03-03,153424.7128642099
2022-03-04,153424.7128642099
2022-03-05,153424.7128642099
2022-03-06,153424.7128642099
2022-03-07,153424.7128642099
2022-03-08,153424.7128642099
2022-03-09,153424.7128642099
2022-03-10,153510.2663902415
2022-03-11,153510.2663902415
2022-03-12,153510.2663902415
2022-03-13,153510.2663902415
2022-03-14,153510.2663902415
2022-03-15,153510.2663902415
2022-03-16,153510.2663902415
2022-03-17,153727.39545085136
2022-03-18,153727.39545085136
2022-03-19,153727.39545085136
2022-03-20,153727.39545085136
2022-03-21,153727.39545085136
2022-03-22,153727.39545085136
2022-03-23,153727.39545085136
2022-03-24,153727.39545085136
2022-03-25,153727.39545085136
2022-03-26,153727.39545085136
2022-03-27,153727.39545085136
2022-03-28,153727.39545085136
2022-03-29,153727.39545085136
2022-03-30,153727.39545085136
2022-03-31,153727.39545085136
2022-04-01,153727.39545085136
2022-04-02,153727.39545085136
2022-04-03,153727.39545085136
2022-04-04,153727.39545085136
2022-04-05,154000.81275687227
2022-04-06,154000.81275687227
2022-04-07,154000.81275687227
2022-04-08,154000.81275687227
2022-04-09,154000.81275687227
2022-04-10,154000.81275687227
2022-04-11,154000.81275687227
2022-04-12,154000.81275687227
2022-04-13,154000.81275687227
2022-04-14,154000.81275687227
2022-04-15,154000.81275687227
2022-04-16,154000.81275687227
2022-04-17,154000.81275687227
2022-04-18,154000.81275687227
2022-04-19,154000.81275687227
2022-04-20,154000.81275687227
2022-04-21,154000.81275687227
2022-04-22,154000.81275687227
2022-04-23,154000.81275687227
2022-04-24,154000.81275687227
2022-04-25,154000.81275687227
2022-04-26,154000.81275687227
2022-04-27,154000.81275687227
2022-04-28,154000.81275687227
2022-04-29,152494.69102880917
2022-04-30,152494.69102880917
2022-05-01,152494.69102880917
2022-05-02,152494.69102880917
2022-05-03,152494.69102880917
2022-05-04,152494.69102880917
2022-05-05,152928.18611945302
2022-05-06,152928.18611945302
2022-05-07,152928.18611945302
2022-05-08,152928.18611945302
2022-05-09,152928.18611945302
2022-05-10,152928.18611945302
2022-05-11,152928.18611945302
2022-05-12,152928.18611945302
2022-05-13,152928.18611945302
2022-05-14,152928.18611945302
2022-05-15,152928.18611945302
2022-05-16,152928.18611945302
2022-05-17,152928.18611945302
2022-05-18,152928.18611945302
2022-05-19,152928.18611945302
2022-05-20,152928.18611945302
2022-05-21,152928.18611945302
2022-05-22,152928.18611945302
2022-05-23,152928.18611945302
2022-05-24,152928.18611945302
2022-05-25,152928.18611945302
2022-05-26,152928.18611945302
2022-05-27,152509.80098141404
2022-05-28,152670.27368793573
2022-05-29,152670.27368793573
2022-05-30,152885.2203132414
2022-05-31,152885.2203132414
2022-06-01,152885.2203132414
2022-06-02,152885.2203132414
2022-06-03,153083.29101672772
2022-06-04,153083.29101672772
2022-06-05,153083.29101672772
2022-06-06,153083.29101672772
2022-06-07,153083.29101672772
2022-06-08,153083.29101672772
2022-06-09,153083.29101672772
2022-06-10,153083.29101672772
2022-06-11,153083.29101672772
2022-06-12,153083.29101672772
2022-06-13,153083.29101672772
2022-06-14,153083.29101672772
2022-06-15,153083.29101672772
2022-06-16,153378.493405846
2022-06-17,153378.493405846
2022-06-18,153378.493405846
2022-06-19,153378.493405846
2022-06-20,153378.493405846
2022-06-21,153378.493405846
2022-06-22,153378.493405846
2022-06-23,153378.493405846
2022-06-24,153378.493405846
2022-06-25,155219.54645930426
2022-06-26,155219.54645930426
2022-06-27,155219.54645930426
2022-06-28,155219.54645930426
2022-06-29,155219.54645930426
2022-06-30,155219.54645930426
2022-07-01,155219.54645930426
2022-07-02,155219.54645930426
2022-07-03,155219.54645930426
2022-07-04,155219.54645930426
2022-07-05,155219.54645930426
2022-07-06,155219.54645930426
2022-07-07,155219.54645930426
2022-07-08,155219.54645930426
2022-07-09,155219.54645930426
2022-07-10,155219.54645930426
2022-07-11,155219.54645930426
2022-07-12,155219.54645930426
2022-07-13,155219.54645930426
2022-07-14,155219.54645930426
2022-07-15,155219.54645930426
2022-07-16,155219.54645930426
2022-07-17,155219.54645930426
2022-07-18,155219.54645930426
2022-07-19,155219.54645930426
2022-07-20,157288.66201633244
2022-07-21,157288.66201633244
2022-07-22,157288.66201633244
2022-07-23,157288.66201633244
2022-07-24,157288.66201633244
2022-07-25,157288.66201633244
2022-07-26,157288.66201633244
2022-07-27,157288.66201633244
2022-07-28,157325.38270642725
2022-07-29,157097.36545273248
2022-07-30,157097.36545273248
2022-07-31,157097.36545273248
2022-08-01,157097.36545273248
2022-08-02,157097.36545273248
2022-08-03,157097.36545273248
2022-08-04,157336.93874472642
2022-08-05,157336.93874472642
2022-08-06,157336.93874472642
2022-08-07,157336.93874472642
2022-08-08,157336.93874472642
2022-08-09,157336.93874472642
2022-08-10,157336.93874472642
2022-08-11,158641.08035418522
2022-08-12,158641.08035418522
2022-08-13,158727.13563859192
2022-08-14,158727.13563859192
2022-08-15,158727.13563859192
2022-08-16,158727.13563859192
2022-08-17,158727.13563859192
2022-08-18,158727.13563859192
2022-08-19,158727.13563859192
2022-08-20,158727.13563859192
2022-08-21,158727.13563859192
2022-08-22,158727.13563859192
2022-08-23,158727.13563859192
2022-08-24,158727.13563859192
2022-08-25,158727.13563859192
2022-08-26,158727.13563859192
2022-08-27,158727.13563859192
2022-08-28,158727.13563859192
2022-08-29,158727.13563859192
2022-08-30,158727.13563859192
2022-08-31,158727.13563859192
2022-09-01,158727.13563859192
2022-09-02,158727.13563859192
2022-09-03,158727.13563859192
2022-09-04,158727.13563859192
2022-09-05,158727.13563859192
2022-09-06,158727.13563859192
2022-09-07,158727.13563859192
2022-09-08,158684.62441740377
2022-09-09,158684.62441740377
2022-09-10,158684.62441740377
2022-09-11,158684.62441740377
2022-09-12,158684.62441740377
2022-09-13,158684.62441740377
2022-09-14,158684.62441740377
2022-09-15,158684.62441740377
2022-09-16,158684.62441740377
2022-09-17,158684.62441740377
2022-09-18,158684.62441740377
2022-09-19,158684.62441740377
2022-09-20,158684.62441740377
2022-09-21,158684.62441740377
2022-09-22,158684.62441740377
2022-09-23,158684.62441740377
2022-09-24,158684.62441740377
2022-09-25,158684.62441740377
2022-09-26,158684.62441740377
2022-09-27,158684.62441740377
2022-09-28,158684.62441740377
2022-09-29,158105.71770352247
2022-09-30,158105.71770352247
2022-10-01,158105.71770352247
2022-10-02,158105.71770352247
2022-10-03,158105.71770352247
2022-10-04,159023.2114502779
2022-10-05,158584.41962586442
2022-10-06,158584.41962586442
2022-10-07,158584.41962586442
2022-10-08,158584.41962586442
2022-10-09,158584.41962586442
2022-10-10,158584.41962586442
2022-10-11,158584.41962586442
2022-10-12,158584.41962586442
2022-10-13,158584.41962586442
2022-10-14,158584.41962586442
2022-10-15,158584.41962586442
2022-10-16,158584.41962586442
2022-10-17,158584.41962586442
2022-10-18,159847.46543922662
2022-10-19,159847.46543922662
2022-10-20,159847.46543922662
2022-10-21,159847.46543922662
2022-10-22,160319.9699067408
2022-10-23,160319.9699067408
2022-10-24,160319.9699067408
2022-10-25,160319.9699067408
2022-10-26,160319.9699067408
2022-10-27,160319.9699067408
2022-10-28,160319.9699067408
2022-10-29,162260.29851218656
2022-10-30,162260.29851218656
2022-10-31,162260.29851218656
2022-11-01,162260.29851218656
2022-11-02,162260.29851218656
2022-11-03,162260.29851218656
2022-11-04,162260.29851218656
2022-11-05,162260.29851218656
2022-11-06,162260.29851218656
2022-11-07,162260.29851218656
2022-11-08,162260.29851218656
2022-11-09,162260.29851218656
2022-11-10,162260.29851218656
2022-11-11,162260.29851218656
2022-11-12,162260.29851218656
2022-11-13,162260.29851218656
2022-11-14,162260.29851218656
2022-11-15,162260.29851218656
2022-11-16,160017.51037805277
2022-11-17,160017.51037805277
2022-11-18,160017.51037805277
2022-11-19,160017.51037805277
2022-11-20,160017.51037805277
2022-11-21,160017.51037805277
2022-11-22,160017.51037805277
2022-11-23,160017.51037805277
2022-11-24,160017.51037805277
2022-11-25,160017.51037805277
2022-11-26,160017.51037805277
2022-11-27,160017.51037805277
2022-11-28,160017.51037805277
2022-11-29,160017.51037805277
2022-11-30,160017.51037805277
2022-12-01,162115.0763406118
2022-12-02,162115.0763406118
2022-12-03,162115.0763406118
2022-12-04,162115.0763406118
2022-12-05,162115.0763406118
2022-12-06,162115.0763406118
2022-12-07,162115.0763406118
2022-12-08,162115.0763406118
2022-12-09,162115.0763406118
2022-12-10,162115.0763406118
2022-12-11,162115.0763406118
2022-12-12,162115.0763406118
2022-12-13,162115.0763406118
2022-12-14,158377.96530578288
2022-12-15,158377.96530578288
2022-12-16,158377.96530578288
2022-12-17,158377.96530578288
2022-12-18,158377.96530578288
2022-12-19,158377.96530578288
2022-12-20,158377.96530578288
2022-12-21,158377.96530578288
2022-12-22,158377.96530578288
2022-12-23,158377.96530578288
2022-12-24,158377.96530578288
2022-12-25,158377.96530578288
2022-12-26,158377.96530578288
2022-12-27,158377.96530578288
2022-12-28,158377.96530578288
2022-12-29,158377.96530578288
2022-12-30,157701.55442145266
2022-12-31,157701.55442145266
2023-01-01,157701.55442145266
2023-01-02,157701.55442145266
2023-01-03,157701.55442145266
2023-01-04,157701.55442145266
2023-01-05,157701.55442145266
2023-01-06,157701.55442145266
2023-01-07,158166.5549151604
2023-01-08,158166.5549151604
2023-01-09,158166.5549151604
2023-01-10,155338.83026619387
2023-01-11,155338.83026619387
2023-01-12,155338.83026619387
2023-01-13,155338.83026619387
2023-01-14,155338.83026619387
2023-01-15,155338.83026619387
2023-01-16,155338.83026619387
2023-01-17,155338.83026619387
2023-01-18,155338.83026619387
2023-01-19,155338.83026619387
2023-01-20,155338.83026619387
2023-01-21,156309.1460267723
2023-01-22,156309.1460267723
2023-01-23,156309.1460267723
2023-01-24,157101.06816860288
2023-01-25,157101.06816860288
2023-01-26,157101.06816860288
2023-01-27,157101.06816860288
2023-01-28,156617.5107205185
2023-01-29,156617.5107205185
2023-01-30,156617.5107205185
2023-01-31,156617.5107205185
2023-02-01,156617.5107205185
2023-02-02,156617.5107205185
2023-02-03,155733.13543714688
2023-02-04,155733.13543714688
2023-02-05,155733.13543714688
2023-02-06,155733.13543714688
2023-02-07,155733.13543714688
2023-02-08,155526.41856650164
2023-02-09,155526.41856650164
2023-02-10,155526.41856650164
2023-02-11,155526.41856650164
2023-02-12,155526.41856650164
2023-02-13,155526.41856650164
2023-02-14,155467.65156476613
2023-02-15,155467.65156476613
2023-02-16,155467.65156476613
2023-02-17,155467.65156476613
2023-02-18,155467.65156476613
2023-02-19,155467.65156476613
2023-02-20,155467.65156476613
2023-02-21,155467.65156476613
2023-02-22,155467.65156476613
2023-02-23,155467.65156476613
2023-02-24,155467.65156476613
2023-02-25,155467.65156476613
2023-02-26,155467.65156476613
2023-02-27,155467.65156476613
2023-02-28,155467.65156476613
2023-03-01,155467.65156476613
2023-03-02,155467.65156476613
2023-03-03,155467.65156476613
2023-03-04,157540.94842782154
2023-03-05,157540.94842782154
2023-03-06,157540.94842782154
2023-03-07,157540.94842782154
2023-03-08,157540.94842782154
2023-03-09,157540.94842782154
2023-03-10,157540.94842782154
2023-03-11,157540.94842782154
2023-03-12,157540.94842782154
2023-03-13,157540.94842782154
2023-03-14,157540.94842782154
2023-03-15,157540.94842782154
2023-03-16,157540.94842782154
2023-03-17,157665.9768980099
2023-03-18,157665.9768980099
2023-03-19,157665.9768980099
2023-03-20,157665.9768980099
2023-03-21,157665.9768980099
2023-03-22,157665.9768980099
2023-03-23,157665.9768980099
2023-03-24,157665.9768980099
2023-03-25,157665.9768980099
2023-03-26,157665.9768980099
2023-03-27,157665.9768980099
2023-03-28,157665.9768980099
2023-03-29,157665.9768980099
2023-03-30,157665.9768980099
2023-03-31,157665.9768980099
2023-04-01,157665.9768980099
2023-04-02,157665.9768980099
2023-04-03,157665.9768980099
2023-04-04,157665.9768980099
2023-04-05,157665.9768980099
2023-04-06,157665.9768980099
2023-04-07,157665.9768980099
2023-04-08,157665.9768980099
2023-04-09,157665.9768980099
2023-04-10,157665.9768980099
2023-04-11,157665.9768980099
2023-04-12,157665.9768980099
2023-04-13,157665.9768980099
2023-04-14,158552.9596274959
2023-04-15,158552.9596274959
2023-04-16,158552.9596274959
2023-04-17,158552.9596274959
2023-04-18,158552.9596274959
2023-04-19,158552.9596274959
2023-04-20,158552.9596274959
2023-04-21,158552.9596274959
2023-04-22,158552.9596274959
2023-04-23,158552.9596274959
2023-04-24,158552.9596274959
2023-04-25,158552.9596274959
2023-04-26,158552.9596274959
2023-04-27,158552.9596274959
2023-04-28,160107.29976626826
2023-04-29,160107.29976626826
2023-04-30,160107.29976626826
2023-05-01,159675.48623190832
2023-05-02,159675.48623190832
2023-05-03,159675.48623190832
2023-05-04,159675.48623190832
2023-05-05,159675.48623190832
2023-05-06,161466.17002049222
2023-05-07,161466.17002049222
2023-05-08,161466.17002049222
2023-05-09,161466.17002049222
2023-05-10,161466.17002049222
2023-05-11,161466.17002049222
2023-05-12,161466.17002049222
2023-05-13,161466.17002049222
2023-05-14,161466.17002049222
2023-05-15,161466.17002049222
2023-05-16,161466.17002049222
2023-05-17,161466.17002049222
2023-05-18,161543.5403438138
2023-05-19,161946.4727121059
2023-05-20,161946.4727121059
2023-05-21,161946.4727121059
2023-05-22,161946.4727121059
2023-05-23,161946.4727121059
2023-05-24,161946.4727121059
2023-05-25,161946.4727121059
2023-05-26,161946.4727121059
2023-05-27,162704.46081627015
2023-05-28,162704.46081627015
2023-05-29,162704.46081627015
2023-05-30,162704.46081627015
2023-05-31,160388.4152681877
2023-06-01,160388.4152681877
2023-06-02,159983.9496984352
2023-06-03,161150.77070313873
2023-06-04,161150.77070313873
2023-06-05,161150.77070313873
2023-06-06,161150.77070313873
2023-06-07,161150.77070313873
2023-06-08,161150.77070313873
2023-06-09,161150.77070313873
2023-06-10,161150.77070313873
2023-06-11,161150.77070313873
2023-06-12,161150.77070313873
2023-06-13,161801.05047212716
2023-06-14,161801.05047212716
2023-06-15,161801.05047212716
2023-06-16,162385.3203422433
2023-06-17,162385.3203422433
2023-06-18,162385.3203422433
2023-06-19,162385.3203422433
2023-06-20,162385.3203422433
2023-06-21,162385.3203422433
2023-06-22,162385.3203422433
2023-06-23,162385.3203422433
2023-06-24,162385.3203422433
2023-06-25,162385.3203422433
2023-06-26,162385.3203422433
2023-06-27,162385.3203422433
2023-06-28,161498.02225796785
2023-06-29,161498.02225796785
2023-06-30,161498.02225796785
2023-07-01,162153.29412803042
2023-07-02,162153.29412803042
2023-07-03,162153.29412803042
2023-07-04,162153.29412803042
2023-07-05,162153.29412803042
2023-07-06,162153.29412803042
2023-07-07,162153.29412803042
2023-07-08,162153.29412803042
2023-07-09,162153.29412803042
2023-07-10,162153.29412803042
2023-07-11,162153.29412803042
2023-07-12,162153.29412803042
2023-07-13,163794.72009741195
2023-07-14,163301.86267782218
2023-07-15,163301.86267782218
2023-07-16,163301.86267782218
2023-07-17,163301.86267782218
2023-07-18,162828.10534149606
2023-07-19,162319.3806259216
2023-07-20,162319.3806259216
2023-07-21,162319.3806259216
2023-07-22,162319.3806259216
2023-07-23,162319.3806259216
2023-07-24,162319.3806259216
2023-07-25,162319.3806259216
2023-07-26,162319.3806259216
2023-07-27,162319.3806259216
2023-07-28,153671.558275255
2023-07-29,155009.916114586
2023-07-30,155009.916114586
2023-07-31,155009.916114586
2023-08-01,155009.916114586
2023-08-02,155009.916114586
2023-08-03,155009.916114586
2023-08-04,155009.916114586
2023-08-05,155009.916114586
2023-08-06,155009.916114586
2023-08-07,155009.916114586
2023-08-08,155009.916114586
2023-08-09,155009.916114586
2023-08-10,155009.916114586
2023-08-11,152914.34297091758
2023-08-12,152914.34297091758
2023-08-13,152914.34297091758
2023-08-14,152914.34297091758
2023-08-15,152914.34297091758
2023-08-16,152914.34297091758
2023-08-17,152914.34297091758
2023-08-18,152914.34297091758
2023-08-19,152914.34297091758
2023-08-20,152914.34297091758
2023-08-21,152914.34297091758
2023-08-22,152572.79928364427
2023-08-23,152572.79928364427
2023-08-24,156372.33388377295
2023-08-25,156372.33388377295
2023-08-26,156372.33388377295
2023-08-27,156372.33388377295
2023-08-28,156372.33388377295
2023-08-29,156372.33388377295
2023-08-30,158886.39865206947
2023-08-31,158886.39865206947
2023-09-01,158886.39865206947
2023-09-02,158886.39865206947
2023-09-03,158886.39865206947
2023-09-04,158886.39865206947
2023-09-05,158886.39865206947
2023-09-06,158886.39865206947
2023-09-07,158886.39865206947
2023-09-08,158886.39865206947
2023-09-09,158886.39865206947
2023-09-10,158886.39865206947
2023-09-11,158886.39865206947
2023-09-12,158886.39865206947
2023-09-13,158886.39865206947
2023-09-14,158886.39865206947
2023-09-15,158886.39865206947
2023-09-16,158886.39865206947
2023-09-17,158886.39865206947
2023-09-18,158886.39865206947
2023-09-19,158886.39865206947
2023-09-20,158886.39865206947
2023-09-21,158886.39865206947
2023-09-22,158886.39865206947
2023-09-23,158886.39865206947
2023-09-24,158886.39865206947
2023-09-25,158886.39865206947
2023-09-26,158886.39865206947
2023-09-27,158886.39865206947
2023-09-28,158886.39865206947
2023-09-29,158886.39865206947
2023-09-30,158886.39865206947
2023-10-01,158886.39865206947
2023-10-02,158886.39865206947
2023-10-03,158886.39865206947
2023-10-04,158886.39865206947
2023-10-05,158897.25556616942
2023-10-06,158897.25556616942
2023-10-07,159630.26814141864
2023-10-08,159630.26814141864
2023-10-09,159630.26814141864
2023-10-10,159630.26814141864
2023-10-11,159630.26814141864
2023-10-12,159630.26814141864
2023-10-13,159630.26814141864
2023-10-14,159630.26814141864
2023-10-15,159630.26814141864
2023-10-16,159630.26814141864
2023-10-17,159630.26814141864
2023-10-18,159630.26814141864
2023-10-19,159630.26814141864
2023-10-20,159630.26814141864
2023-10-21,159630.26814141864
2023-10-22,159630.26814141864
2023-10-23,159630.26814141864
2023-10-24,159630.26814141864
2023-10-25,159630.26814141864
2023-10-26,159630.26814141864
2023-10-27,159630.26814141864
2023-10-28,159630.26814141864
2023-10-29,159630.26814141864
2023-10-30,159630.26814141864
2023-10-31,159630.26814141864
2023-11-01,159630.26814141864
2023-11-02,161049.47834855953
2023-11-03,161435.55957138742
2023-11-04,161200.46495962556
2023-11-05,161200.46495962556
2023-11-06,161200.46495962556
2023-11-07,161200.46495962556
2023-11-08,161200.46495962556
2023-11-09,161200.46495962556
2023-11-10,161200.46495962556
2023-11-11,164803.04564836645
2023-11-12,164803.04564836645
2023-11-13,164803.04564836645
2023-11-14,164803.04564836645
2023-11-15,164803.04564836645
2023-11-16,164803.04564836645
2023-11-17,164803.04564836645
2023-11-18,164803.04564836645
2023-11-19,164803.04564836645
2023-11-20,164803.04564836645
2023-11-21,165486.44108668686
2023-11-22,165486.44108668686
2023-11-23,164081.74455400504
2023-11-24,164081.74455400504
2023-11-25,164081.74455400504
2023-11-26,164081.74455400504
2023-11-27,164081.74455400504
2023-11-28,164081.74455400504
2023-11-29,164081.74455400504
2023-11-30,164081.74455400504
2023-12-01,164081.74455400504
2023-12-02,163894.75268524355
2023-12-03,163894.75268524355
2023-12-04,163894.75268524355
2023-12-05,163894.75268524355
2023-12-06,163894.75268524355
2023-12-07,163894.75268524355
2023-12-08,163500.86047381425
2023-12-09,163500.86047381425
2023-12-10,163500.86047381425
2023-12-11,163500.86047381425
2023-12-12,163500.86047381425
2023-12-13,163500.86047381425
2023-12-14,165409.57629779732
2023-12-15,165409.57629779732
2023-12-16,165409.57629779732
2023-12-17,165409.57629779732
2023-12-18,165409.57629779732
2023-12-19,165409.57629779732
2023-12-20,165409.57629779732
2023-12-21,165409.57629779732
2023-12-22,165409.57629779732
2023-12-23,165409.57629779732
2023-12-24,165409.57629779732
2023-12-25,165409.57629779732
2023-12-26,165409.57629779732
2023-12-27,165409.57629779732
2023-12-28,165409.57629779732
2023-12-29,165409.57629779732
2023-12-30,165409.57629779732
2023-12-31,165409.57629779732
2024-01-01,165409.57629779732
2024-01-02,165409.57629779732
2024-01-03,165409.57629779732
2024-01-04,165409.57629779732
2024-01-05,165409.57629779732
2024-01-06,165409.57629779732
2024-01-07,165409.57629779732
2024-01-08,165409.57629779732
2024-01-09,165409.57629779732
2024-01-10,165409.57629779732
2024-01-11,165409.57629779732
2024-01-12,165409.57629779732
2024-01-13,165409.57629779732
2024-01-14,165409.57629779732
2024-01-15,165409.57629779732
2024-01-16,165409.57629779732
2024-01-17,165409.57629779732
2024-01-18,165409.57629779732
2024-01-19,165409.57629779732
2024-01-20,165409.57629779732
2024-01-21,165409.57629779732
2024-01-22,165409.57629779732
2024-01-23,165409.57629779732
2024-01-24,165409.57629779732
2024-01-25,162962.5768418457
2024-01-26,162962.5768418457
2024-01-27,162962.5768418457
2024-01-28,162962.5768418457
2024-01-29,162962.5768418457
2024-01-30,163833.0264126741
2024-01-31,163833.0264126741
2024-02-01,163833.0264126741
2024-02-02,163833.0264126741
2024-02-03,163156.7992033981
2024-02-04,163156.7992033981
2024-02-05,163156.7992033981
2024-02-06,163156.7992033981
2024-02-07,163156.7992033981
2024-02-08,162901.4275290353
2024-02-09,162901.4275290353
2024-02-10,162104.1205091281
2024-02-11,162104.1205091281
2024-02-12,162104.1205091281
2024-02-13,162104.1205091281
2024-02-14,162104.1205091281
2024-02-15,162104.1205091281
2024-02-16,162104.1205091281
2024-02-17,162104.1205091281
2024-02-18,162104.1205091281
2024-02-19,162104.1205091281
2024-02-20,162104.1205091281
2024-02-21,162104.1205091281
2024-02-22,162104.1205091281
2024-02-23,165523.6562681427
2024-02-24,165523.6562681427
2024-02-25,165523.6562681427
2024-02-26,165523.6562681427
2024-02-27,165523.6562681427
2024-02-28,165523.6562681427
2024-02-29,165523.6562681427
2024-03-01,165523.6562681427
2024-03-02,166830.02991474772
2024-03-03,166830.02991474772
2024-03-04,166830.02991474772
2024-03-05,166830.02991474772
2024-03-06,166830.02991474772
2024-03-07,164128.61461964448
2024-03-08,164894.55776989274
2024-03-09,164894.55776989274
2024-03-10,164894.55776989274
2024-03-11,164894.55776989274
2024-03-12,164894.55776989274
2024-03-13,164894.55776989274
2024-03-14,164894.55776989274
2024-03-15,164894.55776989274
2024-03-16,164894.55776989274
2024-03-17,164894.55776989274
2024-03-18,164894.55776989274
2024-03-19,162488.29805723642
2024-03-20,162488.29805723642
2024-03-21,164936.2612474882
2024-03-22,164936.2612474882
2024-03-23,164936.2612474882
2024-03-24,164936.2612474882
2024-03-25,164936.2612474882
2024-03-26,164936.2612474882
2024-03-27,164936.2612474882
2024-03-28,164936.2612474882
2024-03-29,164936.2612474882
2024-03-30,164936.2612474882
2024-03-31,164936.2612474882
2024-04-01,164936.2612474882
2024-04-02,164936.2612474882
2024-04-03,164936.2612474882
2024-04-04,164936.2612474882
2024-04-05,164936.2612474882
2024-04-06,165031.53359081812
2024-04-07,165031.53359081812
2024-04-08,165031.53359081812
2024-04-09,165031.53359081812
2024-04-10,165031.53359081812
2024-04-11,165031.53359081812
2024-04-12,164780.23218136956
2024-04-13,164780.23218136956
2024-04-14,164780.23218136956
2024-04-15,164780.23218136956
2024-04-16,164780.23218136956
2024-04-17,164780.23218136956
2024-04-18,164780.23218136956
2024-04-19,164780.23218136956
2024-04-20,164780.23218136956
2024-04-21,164780.23218136956
2024-04-22,164780.23218136956
2024-04-23,164780.23218136956
2024-04-24,166953.97935361875
2024-04-25,166953.97935361875
2024-04-26,166830.6821730475
2024-04-27,166830.6821730475
2024-04-28,166830.6821730475
2024-04-29,166830.6821730475
2024-04-30,166830.6821730475
2024-05-01,166830.6821730475
2024-05-02,163921.92523210213
2024-05-03,163921.92523210213
2024-05-04,163921.92523210213
2024-05-05,163921.92523210213
2024-05-06,163921.92523210213
2024-05-07,163921.92523210213
2024-05-08,163921.92523210213
2024-05-09,163921.92523210213
2024-05-10,163921.92523210213
2024-05-11,163921.92523210213
2024-05-12,163921.92523210213
2024-05-13,163921.92523210213
2024-05-14,163921.92523210213
2024-05-15,163921.92523210213
2024-05-16,166621.50919421666
2024-05-17,166621.50919421666
2024-05-18,166621.50919421666
2024-05-19,166621.50919421666
2024-05-20,166621.50919421666
2024-05-21,166621.50919421666
2024-05-22,166621.50919421666
2024-05-23,166621.50919421666
2024-05-24,166621.50919421666
2024-05-25,165982.8542196799
2024-05-26,165982.8542196799
2024-05-27,165982.8542196799
2024-05-28,165982.8542196799
2024-05-29,165982.8542196799
2024-05-30,165982.8542196799
2024-05-31,165982.8542196799
2024-06-01,165995.71880875764
2024-06-02,165995.71880875764
2024-06-03,165995.71880875764
2024-06-04,165995.71880875764
2024-06-05,165995.71880875764
2024-06-06,168803.42174859694
2024-06-07,168803.42174859694
2024-06-08,168803.42174859694
2024-06-09,168803.42174859694
2024-06-10,168803.42174859694
2024-06-11,168803.42174859694
2024-06-12,168803.42174859694
2024-06-13,171637.1975947115
2024-06-14,171637.1975947115
2024-06-15,171637.1975947115
2024-06-16,171637.1975947115
2024-06-17,171637.1975947115
2024-06-18,171661.51468228258
2024-06-19,171661.51468228258
2024-06-20,171661.51468228258
2024-06-21,171661.51468228258
2024-06-22,171661.51468228258
2024-06-23,171661.51468228258
2024-06-24,171661.51468228258
2024-06-25,171661.51468228258
2024-06-26,171661.51468228258
2024-06-27,171661.51468228258
2024-06-28,171661.51468228258
2024-06-29,171661.51468228258
2024-06-30,171661.51468228258
2024-07-01,171661.51468228258
2024-07-02,171661.51468228258
2024-07-03,171342.3228754768
2024-07-04,171342.3228754768
2024-07-05,171342.3228754768
2024-07-06,171538.22750539007
2024-07-07,171538.22750539007
2024-07-08,171538.22750539007
2024-07-09,171538.22750539007
2024-07-10,171538.22750539007
2024-07-11,173222.83550925594
2024-07-12,173222.83550925594
2024-07-13,171289.75659010402
2024-07-14,171289.75659010402
2024-07-15,171289.75659010402
2024-07-16,170030.32476781652
2024-07-17,170030.32476781652
2024-07-18,170030.32476781652
2024-07-19,170030.32476781652
2024-07-20,170030.32476781652
2024-07-21,170030.32476781652
2024-07-22,170030.32476781652
2024-07-23,170030.32476781652
2024-07-24,170030.32476781652
2024-07-25,170030.32476781652
2024-07-26,170030.32476781652
2024-07-27,169699.7953341498
2024-07-28,169699.7953341498
2024-07-29,169699.7953341498
2024-07-30,169699.7953341498
2024-07-31,169699.7953341498
2024-08-01,178284.13076600106
2024-08-02,178284.13076600106
2024-08-03,178284.13076600106
2024-08-04,178284.13076600106
2024-08-05,178284.13076600106
2024-08-06,178284.13076600106
2024-08-07,178284.13076600106
2024-08-08,178284.13076600106
2024-08-09,179934.3607451606
2024-08-10,179934.3607451606
2024-08-11,179934.3607451606
2024-08-12,179934.3607451606
2024-08-13,179934.3607451606
2024-08-14,180469.84235725517
2024-08-15,180469.84235725517
2024-08-16,181724.0415256456
2024-08-17,181724.0415256456
2024-08-18,181724.0415256456
2024-08-19,181724.0415256456
2024-08-20,181724.0415256456
2024-08-21,181724.0415256456
2024-08-22,181724.0415256456
2024-08-23,181724.0415256456
2024-08-24,181724.0415256456
2024-08-25,181724.0415256456
2024-08-26,181724.0415256456
2024-08-27,181724.0415256456
2024-08-28,181724.0415256456
2024-08-29,181724.0415256456
2024-08-30,180415.63841280632
2024-08-31,180415.63841280632
2024-09-01,180415.63841280632
2024-09-02,180415.63841280632
2024-09-03,180415.63841280632
2024-09-04,180415.63841280632
2024-09-05,180415.63841280632
2024-09-06,180415.63841280632
2024-09-07,180415.63841280632
2024-09-08,180415.63841280632
2024-09-09,180415.63841280632
2024-09-10,180415.63841280632
2024-09-11,180415.63841280632
2024-09-12,181057.45000502252
2024-09-13,181057.45000502252
2024-09-14,181057.45000502252
2024-09-15,181057.45000502252
2024-09-16,181057.45000502252
2024-09-17,181057.45000502252
2024-09-18,181057.45000502252
2024-09-19,181057.45000502252
2024-09-20,180855.69539990666
2024-09-21,180855.69539990666
2024-09-22,180855.69539990666
2024-09-23,180855.69539990666
2024-09-24,180855.69539990666
2024-09-25,180855.69539990666
2024-09-26,180855.69539990666
2024-09-27,180855.69539990666
2024-09-28,180855.69539990666
2024-09-29,180855.69539990666
2024-09-30,180855.69539990666
2024-10-01,180855.69539990666
2024-10-02,180855.69539990666
2024-10-03,180855.69539990666
2024-10-04,180855.69539990666
2024-10-05,180855.69539990666
2024-10-06,180855.69539990666
2024-10-07,180855.69539990666
2024-10-08,180855.69539990666
2024-10-09,181081.4982924044
2024-10-10,181081.4982924044
2024-10-11,181081.4982924044
2024-10-12,181081.4982924044
2024-10-13,181081.4982924044
2024-10-14,181081.4982924044
2024-10-15,181081.4982924044
2024-10-16,181081.4982924044
2024-10-17,181081.4982924044
2024-10-18,181081.4982924044
2024-10-19,181081.4982924044
2024-10-20,181081.4982924044
2024-10-21,181081.4982924044
2024-10-22,181081.4982924044
2024-10-23,181081.4982924044
2024-10-24,181081.4982924044
2024-10-25,181081.4982924044
2024-10-26,178247.4831297148
2024-10-27,178247.4831297148
2024-10-28,178247.4831297148
2024-10-29,178247.4831297148
2024-10-30,178486.55699150532
2024-10-31,178486.55699150532
2024-11-01,178486.55699150532
2024-11-02,176467.01128723792
2024-11-03,176467.01128723792
2024-11-04,176467.01128723792
2024-11-05,176467.01128723792
2024-11-06,177398.81247612735
2024-11-07,184146.24408738292
2024-11-08,184146.24408738292
2024-11-09,184146.24408738292
2024-11-10,184146.24408738292
2024-11-11,184146.24408738292
2024-11-12,184146.24408738292
2024-11-13,184146.24408738292
2024-11-14,184146.24408738292
2024-11-15,184146.24408738292
2024-11-16,184146.24408738292
2024-11-17,184146.24408738292
2024-11-18,184146.24408738292
2024-11-19,184146.24408738292
2024-11-20,184146.24408738292
2024-11-21,184146.24408738292
2024-11-22,184146.24408738292
2024-11-23,184146.24408738292
2024-11-24,184146.24408738292
2024-11-25,184146.24408738292
2024-11-26,184146.24408738292
2024-11-27,184146.24408738292
2024-11-28,184146.24408738292
2024-11-29,184146.24408738292
2024-11-30,184146.24408738292
2024-12-01,184146.24408738292
2024-12-02,184146.24408738292
2024-12-03,183942.4562113374
2024-12-04,183942.4562113374
2024-12-05,183942.4562113374
2024-12-06,183942.4562113374
2024-12-07,183942.4562113374
2024-12-08,183942.4562113374
2024-12-09,183942.4562113374
2024-12-10,183942.4562113374
2024-12-11,183942.4562113374
2024-12-12,184476.07129826915
2024-12-13,184476.07129826915
2024-12-14,184476.07129826915
2024-12-15,184476.07129826915
2024-12-16,184476.07129826915
2024-12-17,186207.66114487502
2024-12-18,186207.66114487502
2024-12-19,186207.66114487502
2024-12-20,183895.465228391
2024-12-21,183895.465228391
2024-12-22,183895.465228391
2024-12-23,183895.465228391
2024-12-24,183895.465228391
2024-12-25,183852.8715074416
2024-12-26,183890.10259189917
2024-12-27,183890.10259189917
2024-12-28,183890.10259189917
2024-12-29,183890.10259189917
2024-12-30,183890.10259189917
2024-12-31,183890.10259189917
2025-01-01,183890.10259189917
2025-01-02,183890.10259189917
2025-01-03,183890.10259189917
2025-01-04,184382.4992646359
2025-01-05,184382.4992646359
2025-01-06,184382.4992646359
2025-01-07,184257.23301488554
2025-01-08,184257.23301488554
2025-01-09,184257.23301488554
2025-01-10,184257.23301488554
2025-01-11,184257.23301488554
2025-01-12,184257.23301488554
2025-01-13,184257.23301488554
2025-01-14,184257.23301488554
2025-01-15,184257.23301488554
2025-01-16,185341.82742719015
2025-01-17,185341.82742719015
2025-01-18,184255.17533109843
2025-01-19,184255.17533109843
2025-01-20,184255.17533109843
2025-01-21,184255.17533109843
2025-01-22,184255.17533109843
2025-01-23,184255.17533109843
2025-01-24,184255.17533109843
2025-01-25,184255.17533109843
2025-01-26,184255.17533109843
2025-01-27,184255.17533109843
2025-01-28,184255.17533109843
2025-01-29,184255.17533109843
2025-01-30,184255.17533109843
2025-01-31,184255.17533109843
2025-02-01,184255.17533109843
2025-02-02,184255.17533109843
2025-02-03,184255.17533109843
2025-02-04,184767.73404221845
2025-02-05,184767.73404221845
2025-02-06,184767.73404221845
2025-02-07,184767.73404221845
2025-02-08,184767.73404221845
2025-02-09,184767.73404221845
2025-02-10,184767.73404221845
2025-02-11,184767.73404221845
2025-02-12,184767.73404221845
2025-02-13,184767.73404221845
2025-02-14,184767.73404221845
2025-02-15,184767.73404221845
2025-02-16,184767.73404221845
2025-02-17,184767.73404221845
2025-02-18,184767.73404221845
2025-02-19,184767.73404221845
2025-02-20,184767.73404221845
2025-02-21,184767.73404221845
2025-02-22,184767.73404221845
2025-02-23,184767.73404221845
2025-02-24,184767.73404221845
2025-02-25,184767.73404221845
2025-02-26,184767.73404221845
2025-02-27,184767.73404221845
2025-02-28,184767.73404221845
2025-03-01,184767.73404221845
2025-03-02,184767.73404221845
2025-03-03,184767.73404221845
2025-03-04,184767.73404221845
2025-03-05,184767.73404221845
2025-03-06,184767.73404221845
2025-03-07,184767.73404221845
2025-03-08,184767.73404221845
2025-03-09,184767.73404221845
2025-03-10,184767.73404221845
2025-03-11,184767.73404221845
2025-03-12,184767.73404221845
2025-03-13,184767.73404221845
2025-03-14,184767.73404221845
2025-03-15,184767.73404221845
2025-03-16,184767.73404221845
2025-03-17,184767.73404221845
2025-03-18,184767.73404221845
2025-03-19,184767.73404221845
2025-03-20,184381.1409533168
2025-03-21,184381.1409533168
2025-03-22,184381.1409533168
2025-03-23,184381.1409533168
2025-03-24,184381.1409533168
2025-03-25,184381.1409533168
2025-03-26,184381.1409533168
2025-03-27,184381.1409533168
2025-03-28,184381.1409533168
2025-03-29,184381.1409533168
2025-03-30,184381.1409533168
2025-03-31,184381.1409533168
2025-04-01,184381.1409533168
2025-04-02,184381.1409533168
2025-04-03,184381.1409533168
2025-04-04,184381.1409533168
2025-04-05,184381.1409533168
2025-04-06,184381.1409533168
2025-04-07,184381.1409533168
2025-04-08,185344.31267634255
2025-04-09,178909.70461554336
2025-04-10,180269.69364273216
2025-04-11,180269.69364273216
2025-04-12,180269.69364273216
2025-04-13,180269.69364273216
2025-04-14,180269.69364273216
2025-04-15,180269.69364273216
2025-04-16,180269.69364273216
2025-04-17,180269.69364273216
2025-04-18,180269.69364273216
2025-04-19,180269.69364273216
2025-04-20,180269.69364273216
2025-04-21,180269.69364273216
2025-04-22,180269.69364273216
2025-04-23,180628.95522627886
2025-04-24,180628.95522627886
2025-04-25,180628.95522627886
2025-04-26,180628.95522627886
2025-04-27,180628.95522627886
2025-04-28,180628.95522627886
2025-04-29,180628.95522627886
2025-04-30,180628.95522627886
2025-05-01,180628.95522627886
2025-05-02,180628.95522627886
2025-05-03,180628.95522627886
2025-05-04,180628.95522627886
2025-05-05,180628.95522627886
2025-05-06,180628.95522627886
2025-05-07,180628.95522627886
2025-05-08,180628.95522627886
2025-05-09,180628.95522627886
2025-05-10,180628.95522627886
2025-05-11,180628.95522627886
2025-05-12,180628.95522627886
2025-05-13,180407.94322723482
2025-05-14,180407.94322723482
2025-05-15,180407.94322723482
2025-05-16,180407.94322723482
2025-05-17,180407.94322723482
2025-05-18,180407.94322723482
2025-05-19,180407.94322723482
2025-05-20,180407.94322723482
2025-05-21,180407.94322723482
2025-05-22,180407.94322723482
2025-05-23,180407.94322723482
2025-05-24,180407.94322723482
2025-05-25,180407.94322723482
2025-05-26,180407.94322723482
2025-05-27,180407.94322723482
2025-05-28,180407.94322723482
2025-05-29,180407.94322723482
2025-05-30,180407.94322723482
2025-05-31,180407.94322723482
2025-06-01,180407.94322723482
2025-06-02,180407.94322723482
2025-06-03,180407.94322723482
2025-06-04,180407.94322723482
2025-06-05,180407.94322723482
2025-06-06,180407.94322723482
2025-06-07,180407.94322723482
2025-06-08,180407.94322723482
2025-06-09,180407.94322723482
2025-06-10,180407.94322723482
2025-06-11,180407.94322723482
2025-06-12,180407.94322723482
2025-06-13,180407.94322723482
2025-06-14,180407.94322723482
2025-06-15,180407.94322723482
2025-06-16,180407.94322723482
2025-06-17,180407.94322723482
2025-06-18,180407.94322723482
2025-06-19,180407.94322723482
2025-06-20,180407.94322723482
2025-06-21,180407.94322723482
2025-06-22,180407.94322723482
2025-06-23,180407.94322723482
2025-06-24,180407.94322723482
2025-06-25,180407.94322723482
2025-06-26,180407.94322723482
2025-06-27,180407.94322723482
2025-06-28,180407.94322723482
2025-06-29,180407.94322723482
2025-06-30,180407.94322723482
2025-07-01,180407.94322723482
2025-07-02,180407.94322723482
2025-07-03,180407.94322723482
2025-07-04,180407.94322723482
2025-07-05,180407.94322723482
2025-07-06,180407.94322723482
2025-07-07,180407.94322723482
2025-07-08,180407.94322723482
2025-07-09,180407.94322723482
2025-07-10,180407.94322723482
2025-07-11,180407.94322723482
2025-07-12,180407.94322723482
2025-07-13,180407.94322723482
2025-07-14,180407.94322723482
2025-07-15,180407.94322723482
2025-07-16,180407.94322723482
2025-07-17,180407.94322723482
2025-07-18,180726.63033655786
2025-07-19,180726.63033655786
2025-07-20,180726.63033655786
2025-07-21,180726.63033655786
2025-07-22,180726.63033655786
2025-07-23,180726.63033655786
2025-07-24,180726.63033655786
2025-07-25,180726.63033655786
2025-07-26,180726.63033655786
2025-07-27,180726.63033655786
2025-07-28,180726.63033655786
2025-07-29,180726.63033655786
2025-07-30,180726.63033655786
2025-07-31,180726.63033655786
2025-08-01,180726.63033655786
2025-08-02,180726.63033655786
2025-08-03,180726.63033655786
2025-08-04,180726.63033655786
2025-08-05,180726.63033655786
2025-08-06,180726.63033655786
2025-08-07,181185.77526496048
2025-08-08,181185.77526496048
2025-08-09,181185.77526496048
2025-08-10,181185.77526496048
2025-08-11,181185.77526496048
2025-08-12,181185.77526496048
2025-08-13,182856.4519350129
2025-08-14,182856.4519350129
2025-08-15,182856.4519350129
2025-08-16,182856.4519350129
2025-08-17,182856.4519350129
2025-08-18,182856.4519350129
2025-08-19,182856.4519350129
2025-08-20,182856.4519350129
2025-08-21,182856.4519350129
2025-08-22,182856.4519350129
2025-08-23,183051.73807952757
2025-08-24,183051.73807952757
2025-08-25,183051.73807952757
2025-08-26,183051.73807952757
2025-08-27,183051.73807952757
2025-08-28,183051.73807952757
2025-08-29,183051.73807952757
2025-08-30,183051.73807952757
2025-08-31,183051.73807952757
2025-09-01,183051.73807952757
2025-09-02,183051.73807952757
2025-09-03,183051.73807952757
2025-09-04,183051.73807952757
2025-09-05,183434.1303038806
2025-09-06,183434.1303038806
2025-09-07,183434.1303038806
2025-09-08,183434.1303038806
2025-09-09,183434.1303038806
2025-09-10,183434.1303038806
2025-09-11,183434.1303038806
2025-09-12,183491.0341879992
2025-09-13,183491.0341879992
2025-09-14,183491.0341879992
2025-09-15,183491.0341879992
2025-09-16,183491.0341879992
2025-09-17,183491.0341879992
2025-09-18,183491.0341879992
2025-09-19,183491.0341879992
2025-09-20,183491.0341879992
2025-09-21,183491.0341879992
2025-09-22,183491.0341879992
2025-09-23,183491.0341879992
2025-09-24,183491.0341879992
2025-09-25,183491.0341879992
2025-09-26,183491.0341879992
2025-09-27,183491.0341879992
2025-09-28,183491.0341879992
2025-09-29,183491.0341879992
2025-09-30,183491.0341879992
2025-10-01,183491.0341879992
2025-10-02,182971.89114381562
2025-10-03,182971.89114381562
2025-10-04,182971.89114381562
2025-10-05,182971.89114381562
2025-10-06,182971.89114381562
2025-10-07,182971.89114381562
2025-10-08,182971.89114381562
2025-10-09,185260.61705679435
2025-10-10,185260.61705679435
2025-10-11,185260.61705679435
2025-10-12,185260.61705679435
2025-10-13,185260.61705679435
2025-10-14,185260.61705679435
2025-10-15,185260.61705679435
2025-10-16,181439.91042994484
2025-10-17,181439.91042994484
2025-10-18,181439.91042994484
2025-10-19,181439.91042994484
2025-10-20,181439.91042994484
2025-10-21,181439.91042994484
2025-10-22,181439.91042994484
2025-10-23,181439.91042994484
2025-10-24,181439.91042994484
2025-10-25,181439.91042994484
2025-10-26,181439.91042994484
2025-10-27,181439.91042994484
2025-10-28,181439.91042994484
2025-10-29,181439.91042994484
2025-10-30,181439.91042994484
2025-10-31,181439.91042994484
2025-11-01,181439.91042994484
2025-11-02,181439.91042994484
2025-11-03,181439.91042994484
2025-11-04,181439.91042994484
2025-11-05,181439.91042994484
2025-11-06,180530.0126347543
2025-11-07,180530.0126347543
2025-11-08,180530.0126347543
2025-11-09,180530.0126347543
2025-11-10,180530.0126347543
2025-11-11,181043.70484443006
2025-11-12,181043.70484443006
2025-11-13,181043.70484443006
2025-11-14,181043.70484443006
2025-11-15,181043.70484443006
2025-11-16,181043.70484443006
2025-11-17,181043.70484443006
2025-11-18,181043.70484443006
2025-11-19,181043.70484443006
2025-11-20,181043.70484443006
2025-11-21,181043.70484443006
2025-11-22,181043.70484443006
2025-11-23,181043.70484443006
2025-11-24,181043.70484443006
2025-11-25,181312.55199178634
2025-11-26,181312.55199178634
2025-11-27,181312.55199178634
2025-11-28,181312.55199178634
2025-11-29,181312.55199178634
2025-11-30,181312.55199178634
2025-12-01,181312.55199178634
2025-12-02,181312.55199178634
2025-12-03,181312.55199178634
2025-12-04,181312.55199178634
2025-12-05,181312.55199178634
2025-12-06,181312.55199178634
2025-12-07,181312.55199178634
2025-12-08,181312.55199178634
2025-12-09,181312.55199178634
2025-12-10,181312.55199178634
2025-12-11,181312.55199178634
2025-12-12,181312.55199178634
2025-12-13,181312.55199178634
2025-12-14,181312.55199178634
2025-12-15,181312.55199178634
2025-12-16,181312.55199178634
2025-12-17,181312.55199178634
2025-12-18,181312.55199178634
2025-12-19,180508.5655221807
2025-12-20,180508.5655221807
2025-12-21,180508.5655221807
2025-12-22,180508.5655221807
2025-12-23,180508.5655221807
2025-12-24,180508.5655221807
2025-12-25,180508.5655221807
2025-12-26,180508.5655221807
2025-12-27,180508.5655221807
2025-12-28,180508.5655221807
2025-12-29,180508.5655221807
2025-12-30,180508.5655221807
2025-12-31,180508.5655221807
2026-01-01,180508.5655221807
2026-01-02,180508.5655221807
2026-01-03,172208.02187399322
2026-01-04,172208.02187399322
2026-01-05,172208.02187399322
2026-01-06,172208.02187399322
2026-01-07,172259.6045830216
2026-01-08,172259.6045830216
2026-01-09,172259.6045830216
2026-01-10,171895.6345118287
2026-01-11,171895.6345118287
2026-01-12,171895.6345118287
2026-01-13,171895.6345118287
2026-01-14,171895.6345118287
2026-01-15,171895.6345118287
2026-01-16,171334.50703247162
2026-01-17,171334.50703247162
2026-01-18,171334.50703247162
2026-01-19,171334.50703247162
2026-01-20,171334.50703247162
2026-01-21,171334.50703247162
2026-01-22,173331.95992034354
2026-01-23,173331.95992034354
2026-01-24,173331.95992034354
2026-01-25,173331.95992034354
2026-01-26,173331.95992034354
2026-01-27,173851.53859001605
2026-01-28,173851.53859001605
2026-01-29,173851.53859001605
2026-01-30,173851.53859001605
2026-01-31,173851.53859001605
2026-02-01,173851.53859001605
2026-02-02,173851.53859001605
2026-02-03,173851.53859001605
2026-02-04,173851.53859001605
2026-02-05,173851.53859001605
2026-02-06,173851.53859001605
2026-02-07,173851.53859001605
2026-02-08,173851.53859001605
2026-02-09,173851.53859001605
2026-02-10,173851.53859001605
2026-02-11,173851.53859001605
2026-02-12,173851.53859001605
2026-02-13,173851.53859001605
2026-02-14,173851.53859001605
2026-02-15,173851.53859001605
2026-02-16,173851.53859001605
2026-02-17,173851.53859001605
2026-02-18,173851.53859001605
2026-02-19,173851.53859001605
2026-02-20,173851.53859001605
2026-02-21,173851.53859001605
2026-02-22,173851.53859001605
2026-02-23,173851.53859001605
2026-02-24,173851.53859001605
2026-02-25,173851.53859001605
2026-02-26,173851.53859001605
2026-02-27,173851.53859001605
2026-02-28,173851.53859001605
2026-03-01,173851.53859001605
2026-03-02,173851.53859001605
2026-03-03,173851.53859001605
2026-03-04,173851.53859001605
2026-03-05,174035.89158898994
2026-03-06,174035.89158898994
2026-03-07,174035.89158898994
2026-03-08,174035.89158898994
2026-03-09,174035.89158898994
2026-03-10,175363.06191910114
2026-03-11,175363.06191910114
2026-03-12,175363.06191910114
2026-03-13,175363.06191910114
2026-03-14,175363.06191910114
2026-03-15,175363.06191910114
2026-03-16,175363.06191910114
2026-03-17,175363.06191910114
2026-03-18,175363.06191910114
2026-03-19,175363.06191910114
2026-03-20,175363.06191910114
2026-03-21,175363.06191910114
2026-03-22,175363.06191910114
2026-03-23,175363.06191910114
2026-03-24,175111.22834653093
2026-03-25,175111.22834653093
2026-03-26,175111.22834653093
2026-03-27,175111.22834653093
2026-03-28,175111.22834653093
2026-03-29,175111.22834653093
2026-03-30,175111.22834653093
2026-03-31,175111.22834653093
2026-04-01,175111.22834653093
2026-04-02,175111.22834653093
2026-04-03,175111.22834653093
2026-04-04,175111.22834653093
2026-04-05,175111.22834653093
2026-04-06,175111.22834653093
2026-04-07,175111.22834653093
2026-04-08,176965.50722401985
2026-04-09,176965.50722401985
2026-04-10,176965.50722401985
2026-04-11,176965.50722401985
2026-04-12,176965.50722401985
2026-04-13,176965.50722401985
2026-04-14,178633.54745663487
2026-04-15,178633.54745663487
2026-04-16,178633.54745663487
2026-04-17,178633.54745663487
2026-04-18,178633.54745663487
2026-04-19,178633.54745663487
2026-04-20,178633.54745663487
2026-04-21,178633.54745663487
2026-04-22,178633.54745663487
2026-04-23,178633.54745663487
2026-04-24,178633.54745663487
2026-04-25,178633.54745663487
2026-04-26,178633.54745663487
2026-04-27,178633.54745663487
2026-04-28,178633.54745663487
2026-04-29,178633.54745663487
2026-04-30,178633.54745663487
2026-05-01,178633.54745663487
2026-05-02,178633.54745663487
2026-05-03,178633.54745663487
2026-05-04,178633.54745663487
2026-05-05,178633.54745663487
2026-05-06,181789.84972954885
2026-05-07,181302.70310458084
2026-05-08,181302.70310458084
2026-05-09,183866.3370854052
2026-05-10,183866.3370854052
2026-05-11,183866.3370854052
2026-05-12,183866.3370854052
2026-05-13,183866.3370854052
2026-05-14,183866.3370854052
2026-05-15,183866.3370854052
2026-05-16,183866.3370854052
2026-05-17,183866.3370854052
2026-05-18,183866.3370854052
2026-05-19,183866.3370854052
2026-05-20,183866.3370854052
2026-05-21,181582.79719130765
2026-05-22,181582.79719130765
2026-05-23,181582.79719130765
2026-05-24,181582.79719130765
2026-05-25,181582.79719130765
2026-05-26,181582.79719130765
2026-05-27,181582.79719130765
2026-05-28,181582.79719130765
2026-05-29,181582.79719130765
2026-05-30,181582.79719130765
2026-05-31,181582.79719130765
2026-06-01,181582.79719130765
2026-06-02,181582.79719130765
2026-06-03,181582.79719130765
2026-06-04,181582.79719130765
2026-06-05,180170.66091669328
2026-06-06,180170.66091669328
2026-06-07,180170.66091669328
2026-06-08,180170.66091669328
2026-06-09,179004.43689890765
2026-06-10,179004.43689890765
2026-06-11,179004.43689890765
2026-06-12,179004.43689890765
2026-06-13,179004.43689890765
2026-06-14,179004.43689890765
2026-06-15,179004.43689890765
2026-06-16,179004.43689890765
2026-06-17,179004.43689890765
2026-06-18,179004.43689890765
2026-06-19,179004.43689890765
2026-06-20,179004.43689890765
2026-06-21,179004.43689890765
2026-06-22,179004.43689890765
2026-06-23,176141.18487947393
2026-06-24,176141.18487947393
2026-06-25,176141.18487947393
2026-06-26,176141.18487947393
2026-06-27,176141.18487947393
2026-06-28,176141.18487947393
2026-06-29,176141.18487947393
2026-06-30,176141.18487947393
2026-07-01,176141.18487947393
2026-07-02,176141.18487947393
2026-07-03,176141.18487947393
2026-07-04,176141.18487947393
2026-07-05,176141.18487947393
2026-07-06,176141.18487947393
2026-07-07,176141.18487947393
2026-07-08,176141.18487947393
2026-07-09,176141.18487947393
2026-07-10,176141.18487947393
2026-07-11,176141.18487947393
2026-07-12,176141.18487947393
2026-07-13,176141.18487947393
2026-07-14,176141.18487947393
2026-07-15,176141.18487947393
2026-07-16,176141.18487947393
2026-07-17,176141.18487947393
2026-07-18,176141.18487947393
2026-07-19,176141.18487947393
2026-07-20,176141.18487947393
2026-07-21,176141.18487947393
2026-07-22,175881.90825231984
2026-07-23,175881.90825231984
2026-07-24,175881.90825231984
2026-07-25,175881.90825231984
2026-07-26,175881.90825231984
2026-07-27,175881.90825231984
