entry_time,exit_time,direction,r_multiple,exit_reason,initial_risk
2016-07-28 09:50:00-04:00,2016-07-28 09:55:00-04:00,1,-1.041096598739897,stop,2.8680256114903386
2016-07-29 09:55:00-04:00,2016-07-29 10:00:00-04:00,-1,-1.0455145911023345,stop,2.596287292611123
2016-08-01 09:45:00-04:00,2016-08-01 10:05:00-04:00,1,3.950036570199551,target,2.374588662032693
2016-08-02 10:05:00-04:00,2016-08-02 10:30:00-04:00,-1,3.9598465246355956,target,2.9385833558408194
2016-08-04 09:45:00-04:00,2016-08-04 09:55:00-04:00,1,-1.047068760913865,stop,2.5150833941943347
2016-08-05 09:45:00-04:00,2016-08-05 10:05:00-04:00,1,3.9621401892217163,target,3.1669488550141978
2016-08-08 09:45:00-04:00,2016-08-08 10:15:00-04:00,-1,3.9259303139974326,target,1.6127546971611082
2016-08-09 09:45:00-04:00,2016-08-09 10:00:00-04:00,1,-1.0654085333732004,stop,1.8332965945510296
2016-08-11 10:05:00-04:00,2016-08-11 10:35:00-04:00,-1,-1.055132448795152,stop,2.1766921486823776
2016-08-12 10:55:00-04:00,2016-08-12 11:40:00-04:00,1,-1.0602318632106078,stop,1.9917378523750813
2016-08-15 09:45:00-04:00,2016-08-15 10:25:00-04:00,1,3.9270804396289876,target,1.656052839871336
2016-08-18 10:05:00-04:00,2016-08-18 10:10:00-04:00,1,-1.0535499627895162,stop,2.2440828575881824
2016-08-19 09:45:00-04:00,2016-08-19 09:50:00-04:00,-1,-1.0525532838820868,stop,2.2779595990723465
2016-08-22 09:45:00-04:00,2016-08-22 09:50:00-04:00,1,-1.0530583313483735,stop,2.2601727569663126
2016-08-23 09:45:00-04:00,2016-08-23 10:20:00-04:00,1,-1.0490294388900605,stop,2.4633457972495307
2016-08-25 10:05:00-04:00,2016-08-25 10:10:00-04:00,1,-1.0417041742450233,stop,2.86492282342806
2016-08-26 10:15:00-04:00,2016-08-26 10:20:00-04:00,1,3.957849550278598,target,2.853621676386865
2016-08-29 09:45:00-04:00,2016-08-29 09:50:00-04:00,1,-1.0436586714293734,stop,2.745920152715371
2016-08-30 10:05:00-04:00,2016-08-30 10:10:00-04:00,-1,-1.0520584139197766,stop,2.2977405658357384
2016-09-01 09:45:00-04:00,2016-09-01 09:50:00-04:00,1,-1.0458289993751932,stop,2.607999656202992
2016-09-02 09:45:00-04:00,2016-09-02 10:30:00-04:00,1,-1.0339737666461557,stop,3.536529931149744
2016-09-05 09:45:00-04:00,2016-09-05 10:15:00-04:00,-1,3.9246108179349406,target,1.5862200793262673
2016-09-06 09:45:00-04:00,2016-09-06 09:50:00-04:00,1,-1.0624143713042238,stop,1.926674707336133
2016-09-08 09:50:00-04:00,2016-09-08 10:30:00-04:00,-1,-1.045758249481886,stop,2.6268245304081574
2016-09-09 10:00:00-04:00,2016-09-09 10:05:00-04:00,-1,-1.0378294027466917,stop,3.148012957755782
2016-09-12 09:55:00-04:00,2016-09-12 10:30:00-04:00,1,3.9782681300760427,target,5.425135886767748
2016-09-13 09:50:00-04:00,2016-09-13 10:00:00-04:00,-1,3.9673994809968294,target,3.6214704823241846
2016-09-15 09:50:00-04:00,2016-09-15 10:00:00-04:00,1,-1.0286756814318279,stop,4.148650683996493
2016-09-16 09:50:00-04:00,2016-09-16 10:35:00-04:00,-1,-1.026261470252979,stop,4.575946091447804
2016-09-19 09:45:00-04:00,2016-09-19 09:50:00-04:00,-1,-1.0500122142685906,stop,2.414180000552733
2016-09-20 09:45:00-04:00,2016-09-20 09:50:00-04:00,-1,-1.0462156216244698,stop,2.602031883558084
2016-09-22 10:25:00-04:00,2016-09-22 10:50:00-04:00,1,-1.0475398900796495,stop,2.567330179644159
2016-09-23 09:45:00-04:00,2016-09-23 10:35:00-04:00,-1,3.93867573716501,target,1.9847324416850824
2016-09-26 10:10:00-04:00,2016-09-26 10:15:00-04:00,1,-1.0446582289547024,stop,2.704239344502639
2016-09-27 09:45:00-04:00,2016-09-27 10:00:00-04:00,1,3.9653367413169267,target,3.495743750334441
2016-09-29 09:55:00-04:00,2016-09-29 10:00:00-04:00,1,-1.0471943220012359,stop,2.5791829370755295
2016-09-30 10:15:00-04:00,2016-09-30 10:30:00-04:00,-1,-1.0319452730897674,stop,3.7992263654577982
2016-10-03 09:45:00-04:00,2016-10-03 10:00:00-04:00,-1,-1.0466074021104228,stop,2.6076041103324314
2016-10-04 09:45:00-04:00,2016-10-04 10:00:00-04:00,1,-1.055536310928048,stop,2.1991963047485115
2016-10-06 09:50:00-04:00,2016-10-06 09:55:00-04:00,-1,-1.049419509254938,stop,2.459692167688445
2016-10-07 09:45:00-04:00,2016-10-07 10:05:00-04:00,-1,-1.0271430571195763,stop,4.4846864945930065
2016-10-10 09:45:00-04:00,2016-10-10 12:15:00-04:00,1,-1.0478490361159047,stop,2.557383827729609
2016-10-11 09:45:00-04:00,2016-10-11 09:50:00-04:00,-1,3.9496737710880416,target,2.4178077467022376
2016-10-13 09:45:00-04:00,2016-10-13 09:50:00-04:00,-1,3.961220547346559,target,3.0701477936727315
2016-10-14 09:45:00-04:00,2016-10-14 11:00:00-04:00,1,-1.0421513558765658,stop,2.8663831844160086
2016-10-17 09:50:00-04:00,2016-10-17 10:00:00-04:00,-1,-1.0370760268847656,stop,3.2340575787111447
2016-10-18 09:55:00-04:00,2016-10-18 10:00:00-04:00,-1,-1.0432722500301235,stop,2.7994097467544634
2016-10-20 10:00:00-04:00,2016-10-20 10:15:00-04:00,1,-1.0442368026413573,stop,2.7299632762533292
2016-10-21 09:55:00-04:00,2016-10-21 10:00:00-04:00,1,-1.036019538600878,stop,3.35584678340183
2016-10-24 09:45:00-04:00,2016-10-24 10:00:00-04:00,1,3.9314385127989446,target,1.785151919339114
2016-10-25 09:45:00-04:00,2016-10-25 09:50:00-04:00,1,-1.0617895804112802,stop,1.9858068743951662
2016-10-27 09:45:00-04:00,2016-10-27 09:55:00-04:00,-1,-1.0353091292877166,stop,3.4522236247557885
2016-10-28 09:45:00-04:00,2016-10-28 10:00:00-04:00,1,-1.028319695756036,stop,4.259344295292067
2016-10-31 09:50:00-04:00,2016-10-31 10:25:00-04:00,-1,-1.03339669050143,stop,3.60684801851221
2016-11-01 09:50:00-04:00,2016-11-01 10:00:00-04:00,-1,-1.0462644505786265,stop,2.5934413242803203
2016-11-03 09:45:00-04:00,2016-11-03 09:50:00-04:00,-1,-1.0279357939067595,stop,4.224038840052344
2016-11-04 10:30:00-04:00,2016-11-04 11:35:00-04:00,1,-1.0259132383945475,stop,4.516606022565611
2016-11-07 09:45:00-05:00,2016-11-07 09:50:00-05:00,1,-1.0410034504366807,stop,2.8878884238756655
2016-11-08 09:50:00-05:00,2016-11-08 10:00:00-05:00,-1,-1.0446962813438796,stop,2.663596088794293
2016-11-10 09:45:00-05:00,2016-11-10 09:50:00-05:00,1,-1.0213813132667835,stop,5.668643499279824
2016-11-11 09:55:00-05:00,2016-11-11 10:00:00-05:00,-1,-1.017802833400254,stop,6.627038116163021
2016-11-14 09:45:00-05:00,2016-11-14 10:45:00-05:00,-1,3.9802036618288685,target,5.93947713209036
2016-11-15 10:00:00-05:00,2016-11-15 10:10:00-05:00,1,3.976612675425649,target,5.102978679009539
2016-11-17 09:50:00-05:00,2016-11-17 09:55:00-05:00,1,-1.0329877434903443,stop,3.6344979804362083
2016-11-18 09:55:00-05:00,2016-11-18 10:15:00-05:00,-1,3.959905052844868,target,3.0033826500193754
2016-11-21 09:45:00-05:00,2016-11-21 10:20:00-05:00,1,-1.0395759848381052,stop,3.0554738831251598
2016-11-22 09:45:00-05:00,2016-11-22 09:55:00-05:00,1,-1.0541921531112466,stop,2.2507595597717227
2016-11-24 09:50:00-05:00,2016-11-24 10:20:00-05:00,1,-1.0614576169679484,stop,1.9729927502412465
2016-11-25 09:45:00-05:00,2016-11-25 09:50:00-05:00,1,-1.0586503480350848,stop,2.0714361746540817
2016-11-28 09:45:00-05:00,2016-11-28 09:50:00-05:00,-1,-1.0548123791764288,stop,2.214811479489981
2016-11-29 09:45:00-05:00,2016-11-29 09:50:00-05:00,-1,3.948562922865064,target,2.3563848717258224
2016-12-01 09:45:00-05:00,2016-12-01 09:50:00-05:00,-1,-1.036555364735101,stop,3.277716562335627
2016-12-02 10:10:00-05:00,2016-12-02 10:15:00-05:00,-1,-1.0254960525625048,stop,4.637727335432828
2016-12-05 09:50:00-05:00,2016-12-05 10:00:00-05:00,1,3.9703008541539084,target,4.024490388419508
2016-12-06 09:50:00-05:00,2016-12-06 09:55:00-05:00,1,-1.0422285168647192,stop,2.8339325907236343
2016-12-08 09:45:00-05:00,2016-12-08 09:55:00-05:00,1,-1.027676747238128,stop,4.386754449041291
2016-12-09 09:45:00-05:00,2016-12-09 10:05:00-05:00,1,-1.051504980145407,stop,2.370656918113127
2016-12-12 09:50:00-05:00,2016-12-12 10:10:00-05:00,1,-1.0495846968551557,stop,2.457288701307334
2016-12-13 09:50:00-05:00,2016-12-13 10:25:00-05:00,1,3.9649222172320515,target,3.522049427121601
2016-12-15 09:50:00-05:00,2016-12-15 09:55:00-05:00,1,-1.0293238816489305,stop,4.209992236342259
2016-12-16 09:45:00-05:00,2016-12-16 09:50:00-05:00,-1,-1.0441678611924916,stop,2.7946866708089146
2016-12-19 09:45:00-05:00,2016-12-19 09:50:00-05:00,1,3.94198806125749,target,2.127019611043579
2016-12-20 09:45:00-05:00,2016-12-20 09:50:00-05:00,1,-1.0503494976570629,stop,2.460963978491236
2016-12-22 11:40:00-05:00,2016-12-22 11:50:00-05:00,-1,3.95109145697926,target,2.5130041287575295
2016-12-23 09:50:00-05:00,2016-12-23 10:10:00-05:00,1,-1.065495773586696,stop,1.8832166183892696
2016-12-27 09:45:00-05:00,2016-12-27 09:50:00-05:00,1,3.9246710970156506,target,1.6496964281104738
2016-12-29 09:45:00-05:00,2016-12-29 10:00:00-05:00,-1,-1.0591705052482627,stop,2.0795946275156894
2016-12-30 09:50:00-05:00,2016-12-30 09:55:00-05:00,-1,3.946902212019938,target,2.306227146407764
2017-01-03 10:00:00-05:00,2017-01-03 10:05:00-05:00,1,3.9621459862412656,target,3.250179395239684
2017-01-05 09:45:00-05:00,2017-01-05 09:50:00-05:00,1,-1.040286375268666,stop,3.0729501528558103
2017-01-06 09:55:00-05:00,2017-01-06 10:05:00-05:00,1,3.9482743218781646,target,2.409414057857248
2017-01-09 09:55:00-05:00,2017-01-09 10:00:00-05:00,1,-1.0666296308941037,stop,1.8832133095611425
2017-01-10 09:50:00-05:00,2017-01-10 09:55:00-05:00,-1,-1.0649893973803972,stop,1.9312283874360219
2017-01-12 09:50:00-05:00,2017-01-12 09:55:00-05:00,-1,-1.047811395514493,stop,2.62470757499068
2017-01-13 09:45:00-05:00,2017-01-13 09:55:00-05:00,1,-1.0530357223611506,stop,2.3831834666098075
2017-01-16 09:45:00-05:00,2017-01-16 12:25:00-05:00,-1,0.7505317329051954,session_end,1.076863028657499
2017-01-17 09:45:00-05:00,2017-01-17 09:50:00-05:00,-1,-1.042226638900308,stop,2.9806124484866814
2017-01-19 09:45:00-05:00,2017-01-19 09:50:00-05:00,1,-1.0583777626757744,stop,2.171411753859502
2017-01-20 10:20:00-05:00,2017-01-20 12:00:00-05:00,-1,-1.0544915499221206,stop,2.326998066019769
2017-01-23 10:10:00-05:00,2017-01-23 10:15:00-05:00,-1,-1.0457694979226848,stop,2.7615029690568917
2017-01-24 09:45:00-05:00,2017-01-24 09:50:00-05:00,-1,-1.0650711623180626,stop,1.949862215144094
2017-01-26 09:45:00-05:00,2017-01-26 09:50:00-05:00,-1,-1.0658548033729558,stop,1.9577717283473248
2017-01-27 09:45:00-05:00,2017-01-27 09:50:00-05:00,-1,-1.0579204035749084,stop,2.2269194745686036
2017-01-31 09:45:00-05:00,2017-01-31 09:50:00-05:00,-1,-1.043070994410184,stop,2.9631261375161557
2017-02-02 09:45:00-05:00,2017-02-02 10:55:00-05:00,1,3.95340033017228,target,2.7662215905274934
2017-02-03 10:25:00-05:00,2017-02-03 10:30:00-05:00,1,-1.0489682653031887,stop,2.6329991296152
2017-02-06 09:50:00-05:00,2017-02-06 09:55:00-05:00,1,-1.0647482910223949,stop,1.989828987841065
2017-02-07 09:45:00-05:00,2017-02-07 09:50:00-05:00,1,-1.075471142099289,stop,1.7159203099799925
2017-02-09 09:45:00-05:00,2017-02-09 09:50:00-05:00,1,-1.0604566329386895,stop,2.1512233769935847
2017-02-10 09:50:00-05:00,2017-02-10 10:00:00-05:00,-1,-1.0706951148663577,stop,1.8451362399036952
2017-02-13 09:45:00-05:00,2017-02-13 09:50:00-05:00,1,-1.0807198346333038,stop,1.624560938002105
2017-02-14 10:00:00-05:00,2017-02-14 10:10:00-05:00,-1,-1.0834270988512593,stop,1.573006817852729
2017-02-16 09:50:00-05:00,2017-02-16 09:55:00-05:00,-1,-1.0738043608131207,stop,1.796382281676415
2017-02-17 09:45:00-05:00,2017-02-17 09:50:00-05:00,1,-1.054532421697088,stop,2.4300688201647063
2017-02-20 10:30:00-05:00,2017-02-20 11:55:00-05:00,1,3.9187094781902383,target,1.642125584013229
2017-02-21 09:45:00-05:00,2017-02-21 10:05:00-05:00,1,3.919371679938634,target,1.657458973744724
2017-02-23 09:45:00-05:00,2017-02-23 09:50:00-05:00,-1,-1.0595630150783273,stop,2.24169487493873
2017-02-24 09:45:00-05:00,2017-02-24 09:50:00-05:00,1,-1.0485572948081308,stop,2.736244732130217
2017-02-27 09:50:00-05:00,2017-02-27 09:55:00-05:00,1,-1.0615851212379999,stop,2.1631353585235047
2017-02-28 09:45:00-05:00,2017-02-28 10:45:00-05:00,-1,3.9188470542186074,target,1.6434648642307366
2017-03-02 10:10:00-05:00,2017-03-02 11:05:00-05:00,-1,3.9364516541353756,target,2.111895252321119
2017-03-03 10:20:00-05:00,2017-03-03 10:30:00-05:00,-1,3.9353316020443434,target,2.0664989878487177
2017-03-06 09:45:00-05:00,2017-03-06 09:50:00-05:00,-1,-1.0580564216739419,stop,2.303207117812235
2017-03-07 10:15:00-05:00,2017-03-07 10:20:00-05:00,1,3.9324715613663423,target,1.9855838982803107
2017-03-09 09:45:00-05:00,2017-03-09 10:05:00-05:00,1,3.9534491113894976,target,2.883910360572372
2017-03-10 09:45:00-05:00,2017-03-10 09:50:00-05:00,-1,-1.0502065114336607,stop,2.6801875566625313
2017-03-13 10:05:00-04:00,2017-03-13 10:10:00-04:00,-1,-1.0665515772463694,stop,2.022813531286374
2017-03-14 09:50:00-04:00,2017-03-14 09:55:00-04:00,-1,3.92510932963862,target,1.7928178685751845
2017-03-16 09:55:00-04:00,2017-03-16 10:00:00-04:00,-1,-1.0642159676614118,stop,2.1095937548043366
2017-03-17 09:50:00-04:00,2017-03-17 09:55:00-04:00,1,-1.0471333110901548,stop,2.8704480911919745
2017-03-20 09:45:00-04:00,2017-03-20 10:05:00-04:00,1,3.910713996327459,target,1.5161586443036867
2017-03-21 10:00:00-04:00,2017-03-21 10:05:00-04:00,-1,3.9144266467674513,target,1.584866534001776
2017-03-23 09:45:00-04:00,2017-03-23 09:50:00-04:00,-1,-1.0464710059228377,stop,2.8794915458720425
2017-03-24 09:45:00-04:00,2017-03-24 10:05:00-04:00,1,-1.0499521084378416,stop,2.6939101714824574
2017-03-27 09:50:00-04:00,2017-03-27 10:15:00-04:00,1,3.9615626266519293,target,3.476830716083896
2017-03-28 09:45:00-04:00,2017-03-28 09:50:00-04:00,-1,-1.054701069936505,stop,2.4547918241378284
2017-03-30 09:55:00-04:00,2017-03-30 10:30:00-04:00,1,-1.0694831718956472,stop,1.9557793677186055
2017-03-31 09:45:00-04:00,2017-03-31 10:05:00-04:00,1,3.9341063397253837,target,2.064372842533885
2017-04-03 10:10:00-04:00,2017-04-03 10:15:00-04:00,-1,-1.062831917999074,stop,2.1645040164403326
2017-04-04 10:05:00-04:00,2017-04-04 10:10:00-04:00,-1,-1.042855471690945,stop,3.160328630803633
2017-04-06 09:45:00-04:00,2017-04-06 09:50:00-04:00,-1,-1.0442163052074243,stop,3.0646489961955012
2017-04-07 09:50:00-04:00,2017-04-07 10:25:00-04:00,-1,-1.0330967464120842,stop,4.09249226157408
2017-04-10 10:30:00-04:00,2017-04-10 10:55:00-04:00,1,-1.0540261399733188,stop,2.514843317564555
2017-04-11 09:45:00-04:00,2017-04-11 09:50:00-04:00,-1,3.957643328045364,target,3.178377982040729
2017-04-13 09:45:00-04:00,2017-04-13 09:50:00-04:00,1,3.952746739274403,target,2.850812615613904
2017-04-17 10:05:00-04:00,2017-04-17 10:15:00-04:00,1,3.945168112034284,target,2.456750835375715
2017-04-18 09:45:00-04:00,2017-04-18 10:15:00-04:00,1,-1.044021065781485,stop,3.0615134113404565
2017-04-20 09:55:00-04:00,2017-04-20 10:00:00-04:00,-1,-1.0590205370130579,stop,2.294976398822655
2017-04-21 09:50:00-04:00,2017-04-21 09:55:00-04:00,-1,-1.0594278811131788,stop,2.2880767634333097
2017-04-24 09:55:00-04:00,2017-04-24 10:05:00-04:00,1,-1.0497250211986027,stop,2.766083047119537
2017-04-25 09:45:00-04:00,2017-04-25 09:50:00-04:00,1,-1.0730898270841724,stop,1.8903512562865217
2017-04-27 09:45:00-04:00,2017-04-27 10:10:00-04:00,1,3.933715048963696,target,2.0987055260529814
2017-04-28 09:50:00-04:00,2017-04-28 12:45:00-04:00,-1,-1.0572675710193802,stop,2.4389319375031846
2017-05-01 09:45:00-04:00,2017-05-01 10:05:00-04:00,1,-1.0878325151214854,stop,1.59562593379178
2017-05-02 09:45:00-04:00,2017-05-02 10:25:00-04:00,-1,-1.0885547303837548,stop,1.5899261232125355
2017-05-04 09:50:00-04:00,2017-05-04 09:55:00-04:00,-1,-1.0560790867765562,stop,2.5008568222701797
2017-05-05 09:45:00-04:00,2017-05-05 10:15:00-04:00,-1,3.9362273286443643,target,2.20396615005302
2017-05-08 10:00:00-04:00,2017-05-08 10:05:00-04:00,-1,-1.0619393100972034,stop,2.2768278526327776
2017-05-09 09:45:00-04:00,2017-05-09 10:00:00-04:00,1,3.92524309575473,target,1.8999956874831696
2017-05-11 09:45:00-04:00,2017-05-11 09:50:00-04:00,-1,3.925997069303474,target,1.909481664573832
2017-05-12 09:45:00-04:00,2017-05-12 09:50:00-04:00,1,-1.0633828200932038,stop,2.2402647017361232
2017-05-15 09:45:00-04:00,2017-05-15 09:50:00-04:00,1,-1.0677074686645187,stop,2.102688905741161
2017-05-16 09:50:00-04:00,2017-05-16 10:20:00-04:00,1,-1.076978288667523,stop,1.8550548102020912
2017-05-18 09:45:00-04:00,2017-05-18 09:55:00-04:00,1,-1.02367344078773,stop,5.906728238922369
2017-05-19 09:45:00-04:00,2017-05-19 10:00:00-04:00,1,-1.0438842100600447,stop,3.2221090228049434
2017-05-22 09:45:00-04:00,2017-05-22 12:10:00-04:00,1,3.9514793794788132,target,2.9316595327209143
2017-05-23 09:45:00-04:00,2017-05-23 10:05:00-04:00,-1,-1.0577778723441995,stop,2.4667286251215046
2017-05-25 09:50:00-04:00,2017-05-25 10:00:00-04:00,1,-1.0593440967811085,stop,2.421846588160406
2017-05-26 09:50:00-04:00,2017-05-26 11:55:00-04:00,1,-1.0631300499749068,stop,2.288460909526293
2017-05-29 09:45:00-04:00,2017-05-29 11:00:00-04:00,-1,3.8547504306709293,target,0.9967563276977671
2017-05-30 09:45:00-04:00,2017-05-30 09:50:00-04:00,1,-1.063779651459154,stop,2.2718621680187425
2017-06-01 09:45:00-04:00,2017-06-01 09:50:00-04:00,1,-1.063603549475746,stop,2.281371807387586
2017-06-02 09:45:00-04:00,2017-06-02 09:50:00-04:00,-1,-1.0527070782491617,stop,2.7644715963397175
2017-06-05 09:45:00-04:00,2017-06-05 10:05:00-04:00,1,-1.0892667932739335,stop,1.6464326657724087
2017-06-06 09:50:00-04:00,2017-06-06 10:00:00-04:00,1,-1.0588458711252329,stop,2.4988657354006136
2017-06-08 09:45:00-04:00,2017-06-08 10:15:00-04:00,-1,3.948066378140592,target,2.8197264893487954
2017-06-09 10:05:00-04:00,2017-06-09 10:45:00-04:00,1,-1.0583022039548915,stop,2.525843826788332
2017-06-12 09:50:00-04:00,2017-06-12 09:55:00-04:00,-1,-1.0174717245789284,stop,8.086371585446614
2017-06-13 09:45:00-04:00,2017-06-13 09:50:00-04:00,1,-1.042825606386606,stop,3.358011924810853
2017-06-15 09:45:00-04:00,2017-06-15 09:50:00-04:00,-1,-1.0251358672588946,stop,5.6264770273292015
2017-06-16 10:15:00-04:00,2017-06-16 10:20:00-04:00,-1,-1.0324591011997026,stop,4.370421898576751
2017-06-19 10:00:00-04:00,2017-06-19 13:30:00-04:00,1,3.9704214817662264,target,4.874831778904991
2017-06-20 09:55:00-04:00,2017-06-20 10:00:00-04:00,-1,-1.0454724636232877,stop,3.1638873477158995
2017-06-22 10:00:00-04:00,2017-06-22 10:05:00-04:00,-1,-1.034705615356086,stop,4.15896942825384
2017-06-23 09:45:00-04:00,2017-06-23 09:50:00-04:00,-1,-1.0417320952138507,stop,3.4529046893776467
2017-06-26 10:00:00-04:00,2017-06-26 10:05:00-04:00,-1,3.9509493641518123,target,2.9664027205008097
2017-06-27 10:05:00-04:00,2017-06-27 10:10:00-04:00,1,-1.0344701964842824,stop,4.17080815287045
2017-06-29 09:45:00-04:00,2017-06-29 09:50:00-04:00,-1,-1.026689863151255,stop,5.337761939214943
2017-06-30 09:55:00-04:00,2017-06-30 10:15:00-04:00,-1,3.9790756656390367,target,6.732589425937476
2017-07-03 10:00:00-04:00,2017-07-03 10:05:00-04:00,-1,-1.0357971009724114,stop,3.956035099203291
2017-07-04 09:50:00-04:00,2017-07-04 10:10:00-04:00,1,-1.0379125054426408,stop,3.6964141182952517
2017-07-06 09:45:00-04:00,2017-07-06 09:50:00-04:00,-1,-1.0229762370922861,stop,6.087504410167639
2017-07-07 09:50:00-04:00,2017-07-07 11:30:00-04:00,1,3.9731065615286405,target,5.254561476192066
2017-07-10 09:50:00-04:00,2017-07-10 09:55:00-04:00,-1,-1.0322561849590512,stop,4.383665007134368
2017-07-11 09:45:00-04:00,2017-07-11 10:05:00-04:00,1,3.948464094995827,target,2.764174254248246
2017-07-13 09:45:00-04:00,2017-07-13 09:55:00-04:00,1,3.9507202947162696,target,2.9438534354912917
2017-07-14 09:55:00-04:00,2017-07-14 10:00:00-04:00,-1,-1.0399599810848463,stop,3.635424168243844
2017-07-17 09:45:00-04:00,2017-07-17 10:05:00-04:00,1,3.9398569297274846,target,2.4346340688070995
2017-07-18 09:45:00-04:00,2017-07-18 10:25:00-04:00,1,3.9585434306443923,target,3.526957718047015
2017-07-20 09:45:00-04:00,2017-07-20 09:50:00-04:00,-1,-1.0476818748579375,stop,3.103026653213419
2017-07-21 09:50:00-04:00,2017-07-21 09:55:00-04:00,-1,-1.0434149939699442,stop,3.396475825352354
2017-07-24 09:55:00-04:00,2017-07-24 10:15:00-04:00,1,-1.061742354412735,stop,2.3962973910556684
2017-07-25 09:50:00-04:00,2017-07-25 10:05:00-04:00,1,-1.0475853189142097,stop,3.1126220766927872
2017-07-27 10:50:00-04:00,2017-07-27 10:55:00-04:00,1,-1.0496069165592088,stop,3.0175742644923957
2017-07-28 12:00:00-04:00,2017-07-28 16:00:00-04:00,1,0.4403586607630404,session_end,6.142360287210977
2017-07-31 09:45:00-04:00,2017-07-31 09:50:00-04:00,-1,-1.048751632809569,stop,3.0366458184698786
2017-08-01 10:20:00-04:00,2017-08-01 10:40:00-04:00,-1,-1.044706822211863,stop,3.29234719901433
2017-08-03 09:50:00-04:00,2017-08-03 10:05:00-04:00,-1,3.956762075749661,target,3.4022289096656095
2017-08-04 09:45:00-04:00,2017-08-04 09:50:00-04:00,1,-1.043877643687664,stop,3.361994347520522
2017-08-07 09:45:00-04:00,2017-08-07 09:50:00-04:00,1,-1.059413834190728,stop,2.485755662602969
2017-08-08 10:00:00-04:00,2017-08-08 10:05:00-04:00,1,-1.06593569415633,stop,2.245737860444933
2017-08-10 09:45:00-04:00,2017-08-10 09:50:00-04:00,-1,-1.038726526113216,stop,3.786429144016438
2017-08-11 09:45:00-04:00,2017-08-11 09:50:00-04:00,-1,-1.0257028403236284,stop,5.632507731205806
2017-08-14 10:00:00-04:00,2017-08-14 10:45:00-04:00,1,3.957778524907809,target,3.494545940574426
2017-08-15 09:45:00-04:00,2017-08-15 09:50:00-04:00,-1,-1.046208427246695,stop,3.1911997263978265
2017-08-17 09:45:00-04:00,2017-08-17 09:50:00-04:00,1,-1.041906469130093,stop,3.515209767597298
2017-08-18 09:45:00-04:00,2017-08-18 09:50:00-04:00,-1,-1.031916415906986,stop,4.535095260941489
2017-08-21 09:55:00-04:00,2017-08-21 10:10:00-04:00,-1,3.9649523827928914,target,4.111249179206425
2017-08-22 09:45:00-04:00,2017-08-22 09:55:00-04:00,1,-1.0366835870878952,stop,3.977281925060197
2017-08-24 09:45:00-04:00,2017-08-24 09:50:00-04:00,-1,3.9569190695787713,target,3.3845512308462276
2017-08-25 09:45:00-04:00,2017-08-25 09:50:00-04:00,-1,-1.0413689612039412,stop,3.534024507786853
2017-08-28 09:50:00-04:00,2017-08-28 10:05:00-04:00,-1,-1.049844626259656,stop,2.9241609949949634
2017-08-29 09:45:00-04:00,2017-08-29 10:30:00-04:00,1,3.967944176565894,target,4.546914045831727
2017-08-31 09:45:00-04:00,2017-08-31 09:50:00-04:00,1,-1.0435755938978852,stop,3.42026196691495
2017-09-01 09:50:00-04:00,2017-09-01 10:00:00-04:00,-1,3.956354712014781,target,3.4245512283923745
2017-09-04 10:00:00-04:00,2017-09-04 12:25:00-04:00,1,3.9379821913166984,target,2.408967339575611
2017-09-05 10:10:00-04:00,2017-09-05 10:15:00-04:00,1,-1.0411665948122224,stop,3.6282999474660755
2017-09-07 09:45:00-04:00,2017-09-07 09:50:00-04:00,1,-1.0470867011748153,stop,3.163608451081018
2017-09-08 09:45:00-04:00,2017-09-08 09:50:00-04:00,-1,-1.0468032063065655,stop,3.177184870187375
2017-09-11 09:45:00-04:00,2017-09-11 09:50:00-04:00,1,-1.0464109542836058,stop,3.220790144753664
2017-09-12 09:45:00-04:00,2017-09-12 10:05:00-04:00,-1,3.945948862215553,target,2.763247277960545
2017-09-14 10:30:00-04:00,2017-09-14 11:15:00-04:00,1,3.9526969621124497,target,3.1685034623778847
2017-09-15 09:45:00-04:00,2017-09-15 09:50:00-04:00,-1,-1.0509841944768756,stop,2.9211706527612478
2017-09-18 09:45:00-04:00,2017-09-18 10:20:00-04:00,1,-1.0578439092491088,stop,2.593283744531618
2017-09-19 09:45:00-04:00,2017-09-19 09:50:00-04:00,-1,-1.0545552477799356,stop,2.736944628463789
2017-09-21 09:45:00-04:00,2017-09-21 09:50:00-04:00,-1,-1.0459863197166472,stop,3.2319684722715465
2017-09-22 09:45:00-04:00,2017-09-22 09:50:00-04:00,1,-1.0427057478509933,stop,3.4717490596267453
2017-09-25 10:10:00-04:00,2017-09-25 10:15:00-04:00,1,-1.0423141689254585,stop,3.487324973933937
2017-09-26 10:30:00-04:00,2017-09-26 10:40:00-04:00,-1,-1.0460285113588723,stop,3.2007462999945346
2017-09-28 10:00:00-04:00,2017-09-28 10:05:00-04:00,1,-1.0407323429890323,stop,3.635552355162872
2017-09-29 09:50:00-04:00,2017-09-29 09:55:00-04:00,-1,3.9271909233451434,target,2.0366876031739594
2017-10-02 09:55:00-04:00,2017-10-02 10:00:00-04:00,1,-1.0668142589115301,stop,2.2424021355118384
2017-10-03 09:45:00-04:00,2017-10-03 10:00:00-04:00,1,-1.062260841954679,stop,2.406413196635185
2017-10-05 09:55:00-04:00,2017-10-05 10:00:00-04:00,-1,-1.0574102527817424,stop,2.62097764632108
2017-10-06 09:45:00-04:00,2017-10-06 09:50:00-04:00,1,-1.0478537755688497,stop,3.160596866686319
2017-10-09 09:55:00-04:00,2017-10-09 10:00:00-04:00,1,-1.073539886261356,stop,2.064215741609587
2017-10-10 09:50:00-04:00,2017-10-10 10:00:00-04:00,-1,3.927384354618214,target,2.0876587695938724
2017-10-12 09:45:00-04:00,2017-10-12 09:50:00-04:00,-1,-1.068092811102206,stop,2.2277847845880387
2017-10-13 10:05:00-04:00,2017-10-13 10:10:00-04:00,1,-1.063393847522688,stop,2.4026853253526497
2017-10-16 09:45:00-04:00,2017-10-16 09:50:00-04:00,1,-1.0886259883595226,stop,1.7243806237784156
2017-10-17 10:05:00-04:00,2017-10-17 10:10:00-04:00,1,-1.0924255856727327,stop,1.6529432364568493
2017-10-19 09:45:00-04:00,2017-10-19 10:15:00-04:00,-1,-1.0318755812977445,stop,4.759605753577489
2017-10-20 09:50:00-04:00,2017-10-20 09:55:00-04:00,1,-1.0541821960746502,stop,2.821222720287551
2017-10-23 09:45:00-04:00,2017-10-23 10:05:00-04:00,-1,3.9279392471062335,target,2.116945843382382
2017-10-24 10:40:00-04:00,2017-10-24 10:45:00-04:00,1,-1.0452463215103707,stop,3.3574908967957526
2017-10-26 10:05:00-04:00,2017-10-26 10:25:00-04:00,-1,-1.0393292138773595,stop,3.844911447566119
2017-10-27 09:45:00-04:00,2017-10-27 09:50:00-04:00,1,3.9565114887406465,target,3.5379316572225434
2017-10-30 09:45:00-04:00,2017-10-30 09:50:00-04:00,1,-1.0497035881089791,stop,3.1316119980629082
2017-10-31 09:50:00-04:00,2017-10-31 10:10:00-04:00,-1,-1.0664298841964426,stop,2.347347336052735
2017-11-02 09:45:00-04:00,2017-11-02 09:55:00-04:00,1,-1.0476295246937617,stop,3.2736791741426714
2017-11-03 09:45:00-04:00,2017-11-03 09:50:00-04:00,-1,-1.04506463694986,stop,3.4649551808724937
2017-11-06 09:45:00-05:00,2017-11-06 09:50:00-05:00,1,-1.0555402938397922,stop,2.8377545770326833
2017-11-07 09:45:00-05:00,2017-11-07 09:55:00-05:00,1,-1.0606563982815245,stop,2.605216451542219
2017-11-09 09:45:00-05:00,2017-11-09 09:50:00-05:00,-1,-1.0332768674013428,stop,4.72064617453816
2017-11-10 10:00:00-05:00,2017-11-10 10:05:00-05:00,-1,-1.0407410253862437,stop,3.860791138339664
2017-11-13 09:45:00-05:00,2017-11-13 09:50:00-05:00,1,-1.0464636147960678,stop,3.386165861178597
2017-11-14 10:00:00-05:00,2017-11-14 10:15:00-05:00,-1,-1.0416994440126175,stop,3.7650844762110864
2017-11-16 10:00:00-05:00,2017-11-16 10:35:00-05:00,1,3.9506444167128274,target,3.201275498040559
2017-11-17 09:45:00-05:00,2017-11-17 09:50:00-05:00,-1,-1.0591847163881072,stop,2.6751356844888505
2017-11-20 09:50:00-05:00,2017-11-20 09:55:00-05:00,-1,-1.0595915485394416,stop,2.648890763998679
2017-11-21 09:45:00-05:00,2017-11-21 10:20:00-05:00,1,3.952964644840073,target,3.388558591693254
2017-11-23 10:00:00-05:00,2017-11-23 12:25:00-05:00,-1,3.9100903521398545,target,1.772645930876024
2017-11-24 09:55:00-05:00,2017-11-24 10:00:00-05:00,1,-1.0873617442387065,stop,1.829376387391676
2017-11-27 09:45:00-05:00,2017-11-27 11:10:00-05:00,1,-1.0665920615122217,stop,2.406151345157923
2017-11-28 09:50:00-05:00,2017-11-28 09:55:00-05:00,-1,-1.0802749863892247,stop,1.996835151752748
2017-11-30 10:30:00-05:00,2017-11-30 10:40:00-05:00,1,-1.0345596311491065,stop,4.588402762557962
2017-12-01 10:05:00-05:00,2017-12-01 10:10:00-05:00,1,-1.0235748208694722,stop,6.72783578200324
2017-12-04 09:55:00-05:00,2017-12-04 10:00:00-05:00,-1,3.9620927620800477,target,4.181710779746936
2017-12-05 09:50:00-05:00,2017-12-05 11:10:00-05:00,1,3.979722239748125,target,7.80627585840557
2017-12-07 10:30:00-05:00,2017-12-07 14:25:00-05:00,1,-1.0313256218185742,stop,5.0342684269871825
2017-12-08 11:25:00-05:00,2017-12-08 11:30:00-05:00,-1,3.9576053803629616,target,3.7403623711843466
2017-12-11 10:10:00-05:00,2017-12-11 10:15:00-05:00,1,-1.0409879018117012,stop,3.8802418597661017
2017-12-12 10:00:00-05:00,2017-12-12 10:05:00-05:00,1,-1.0541077956919753,stop,2.950914346655736
2017-12-14 10:20:00-05:00,2017-12-14 11:10:00-05:00,1,-1.0518504711928167,stop,3.0906564209517455
2017-12-15 10:15:00-05:00,2017-12-15 11:05:00-05:00,1,3.9539098865035047,target,3.4883146268384735
2017-12-18 09:45:00-05:00,2017-12-18 09:50:00-05:00,1,-1.0500969755394838,stop,3.2465064710586375
2017-12-19 09:45:00-05:00,2017-12-19 09:55:00-05:00,-1,-1.052986460944432,stop,3.0623243274840206
2017-12-21 09:50:00-05:00,2017-12-21 09:55:00-05:00,-1,3.9446716881567823,target,2.9203974954016303
2017-12-22 09:50:00-05:00,2017-12-22 09:55:00-05:00,1,-1.0553235546866797,stop,2.919832614009465
2017-12-26 09:45:00-05:00,2017-12-26 09:50:00-05:00,-1,-1.0501951401826148,stop,3.199034065190972
2017-12-28 09:50:00-05:00,2017-12-28 10:00:00-05:00,-1,-1.0747689306422878,stop,2.151960398218762
2017-12-29 09:45:00-05:00,2017-12-29 10:15:00-05:00,-1,3.938343603494753,target,2.6042683550931542
2018-01-02 09:45:00-05:00,2018-01-02 10:00:00-05:00,1,3.966648170618191,target,4.852537793960437
2018-01-04 09:45:00-05:00,2018-01-04 09:50:00-05:00,-1,-1.0437689471211595,stop,3.760980037734953
2018-01-05 10:15:00-05:00,2018-01-05 11:15:00-05:00,1,3.9562818466879617,target,3.7955725133388114
2018-01-08 09:45:00-05:00,2018-01-08 09:50:00-05:00,1,-1.052561157347984,stop,3.167666125105825
2018-01-09 09:50:00-05:00,2018-01-09 09:55:00-05:00,-1,-1.0509146730184369,stop,3.2744380958847614
2018-01-11 10:00:00-05:00,2018-01-11 10:10:00-05:00,1,-1.0502128192708102,stop,3.3243361775130325
2018-01-12 10:00:00-05:00,2018-01-12 10:35:00-05:00,1,3.9651697863053403,target,4.8358743238959505
2018-01-15 09:45:00-05:00,2018-01-15 10:00:00-05:00,-1,-1.0575017649120868,stop,2.943015256304534
2018-01-16 09:45:00-05:00,2018-01-16 09:55:00-05:00,1,-1.0443916948827188,stop,3.844410176044221
2018-01-18 10:00:00-05:00,2018-01-18 10:30:00-05:00,-1,-1.037108848488245,stop,4.582722888716489
2018-01-19 09:50:00-05:00,2018-01-19 10:00:00-05:00,-1,3.9633405710703817,target,4.643637358545675
2018-01-22 09:45:00-05:00,2018-01-22 10:05:00-05:00,1,3.944637207043029,target,3.0928313375079597
2018-01-23 09:45:00-05:00,2018-01-23 09:55:00-05:00,1,-1.0395480857817034,stop,4.386657909099085
2018-01-25 09:50:00-05:00,2018-01-25 09:55:00-05:00,-1,3.966079528413215,target,5.1022186729924215
2018-01-26 09:55:00-05:00,2018-01-26 10:15:00-05:00,1,-1.0389243646757422,stop,4.463707503408841
2018-01-29 10:35:00-05:00,2018-01-29 10:55:00-05:00,-1,-1.0364774043520169,stop,4.787876540733123
2018-01-30 10:00:00-05:00,2018-01-30 10:05:00-05:00,-1,-1.0265588926462943,stop,6.4992504466163155
2018-02-01 09:55:00-05:00,2018-02-01 13:05:00-05:00,1,3.9771431854641355,target,7.617985533326646
2018-02-02 09:45:00-05:00,2018-02-02 10:05:00-05:00,-1,3.980966782322532,target,8.95223012958013
2018-02-05 09:50:00-05:00,2018-02-05 10:05:00-05:00,1,3.9825618706084054,target,9.689104624544598
2018-02-06 09:45:00-05:00,2018-02-06 10:15:00-05:00,1,-1.005757403102133,stop,28.27165176183462
2018-02-08 09:45:00-05:00,2018-02-08 09:50:00-05:00,-1,-1.0144809782731694,stop,11.341164403317634
2018-02-09 09:55:00-05:00,2018-02-09 10:00:00-05:00,1,-1.0101474712055412,stop,15.771316280023711
2018-02-12 09:45:00-05:00,2018-02-12 09:50:00-05:00,1,-1.0122816204521974,stop,13.230524668142607
2018-02-13 10:00:00-05:00,2018-02-13 10:05:00-05:00,1,-1.0173980182301974,stop,9.344723920969045
2018-02-15 09:50:00-05:00,2018-02-15 10:05:00-05:00,1,-1.0232083736423574,stop,7.247901760524655
2018-02-16 09:45:00-05:00,2018-02-16 09:55:00-05:00,1,-1.0212546032924923,stop,7.99971354362151
2018-02-19 10:05:00-05:00,2018-02-19 11:00:00-05:00,-1,3.964646608732339,target,4.777180254319319
2018-02-20 09:45:00-05:00,2018-02-20 09:55:00-05:00,1,-1.0256032784626727,stop,6.61392308219456
2018-02-22 09:50:00-05:00,2018-02-22 09:55:00-05:00,-1,-1.0223591663278035,stop,7.597428547251184
2018-02-23 09:45:00-05:00,2018-02-23 09:50:00-05:00,-1,-1.0298359152658367,stop,5.704025600057321
2018-02-26 10:05:00-05:00,2018-02-26 10:10:00-05:00,1,-1.0344935361911738,stop,5.041235651767238
2018-02-27 09:50:00-05:00,2018-02-27 10:05:00-05:00,-1,-1.034043828342962,stop,5.127516807145184
2018-03-01 09:50:00-05:00,2018-03-01 10:00:00-05:00,-1,-1.0161144678431626,stop,10.582837154542176
2018-03-02 09:45:00-05:00,2018-03-02 09:50:00-05:00,-1,-1.013951672196901,stop,11.927818769352598
2018-03-05 09:45:00-05:00,2018-03-05 09:55:00-05:00,-1,-1.0185791574997454,stop,9.123010201438774
2018-03-06 09:45:00-05:00,2018-03-06 09:50:00-05:00,-1,-1.0298106191570908,stop,5.790954413383588
2018-03-08 10:00:00-05:00,2018-03-08 10:10:00-05:00,-1,-1.0333601009211972,stop,5.210937642684257
2018-03-09 09:50:00-05:00,2018-03-09 10:35:00-05:00,1,3.9734462782824047,target,6.635583838130515
2018-03-12 09:45:00-04:00,2018-03-12 09:50:00-04:00,1,-1.0398922907976862,stop,4.47002306777631
2018-03-13 09:45:00-04:00,2018-03-13 09:50:00-04:00,1,-1.0368779067248248,stop,4.8659104385133105
2018-03-15 09:45:00-04:00,2018-03-15 09:55:00-04:00,-1,-1.0279157017812108,stop,6.2959095233118205
2018-03-16 09:45:00-04:00,2018-03-16 09:50:00-04:00,1,-1.0359184913527413,stop,4.909126924755583
2018-03-19 10:10:00-04:00,2018-03-19 10:25:00-04:00,-1,-1.0265536248582288,stop,6.520679123000264
2018-03-20 09:45:00-04:00,2018-03-20 09:50:00-04:00,1,-1.023920926252381,stop,7.199901489835611
2018-03-22 09:45:00-04:00,2018-03-22 09:50:00-04:00,1,-1.0165216274133242,stop,10.254262847209247
2018-03-23 09:45:00-04:00,2018-03-23 09:50:00-04:00,-1,-1.0141440470955776,stop,11.778775943051187
2018-03-26 10:10:00-04:00,2018-03-26 10:40:00-04:00,-1,3.9813006367233723,target,8.83100783894406
2018-03-27 09:45:00-04:00,2018-03-27 09:55:00-04:00,-1,-1.0231175036384372,stop,7.327042037060892
2018-03-29 09:45:00-04:00,2018-03-29 10:05:00-04:00,-1,-1.0141717264370305,stop,11.41376868570569
2018-04-02 09:45:00-04:00,2018-04-02 10:00:00-04:00,-1,3.980031692933044,target,8.118406614344167
2018-04-03 09:50:00-04:00,2018-04-03 10:00:00-04:00,-1,3.9807138151310757,target,8.290181028973166
2018-04-05 09:45:00-04:00,2018-04-05 09:55:00-04:00,-1,-1.01768516507616,stop,9.336966946581924
2018-04-06 09:50:00-04:00,2018-04-06 10:00:00-04:00,1,-1.012847558619815,stop,12.778218143295817
2018-04-09 09:45:00-04:00,2018-04-09 09:55:00-04:00,1,3.980651936781948,target,8.441800625145333
2018-04-10 09:50:00-04:00,2018-04-10 10:00:00-04:00,-1,-1.0184564453357412,stop,8.872196875127884
2018-04-12 09:45:00-04:00,2018-04-12 10:20:00-04:00,1,3.9759103217011305,target,6.929372026598685
2018-04-13 09:45:00-04:00,2018-04-13 09:50:00-04:00,-1,-1.0370506184839468,stop,4.512883361026979
2018-04-16 09:50:00-04:00,2018-04-16 10:00:00-04:00,-1,-1.0293698645744491,stop,5.661036411185705
2018-04-17 09:45:00-04:00,2018-04-17 09:50:00-04:00,1,-1.0358709592322222,stop,4.706058194857178
2018-04-19 09:45:00-04:00,2018-04-19 09:50:00-04:00,-1,-1.033614719802705,stop,5.048188454951742
2018-04-20 09:45:00-04:00,2018-04-20 09:50:00-04:00,-1,-1.026132308951593,stop,6.439472458598175
2018-04-23 09:45:00-04:00,2018-04-23 09:50:00-04:00,-1,3.964567536802533,target,4.695988917699651
2018-04-24 09:45:00-04:00,2018-04-24 09:50:00-04:00,1,-1.033492716588995,stop,4.98768028673021
2018-04-26 10:00:00-04:00,2018-04-26 10:10:00-04:00,1,3.97492961909412,target,6.619066306414425
2018-04-27 09:50:00-04:00,2018-04-27 09:55:00-04:00,-1,3.9713106291818834,target,5.821074080683502
2018-04-30 09:45:00-04:00,2018-04-30 10:00:00-04:00,1,-1.035296765326018,stop,4.736978214760711
2018-05-01 09:50:00-04:00,2018-05-01 10:05:00-04:00,1,-1.0284764943452838,stop,5.792006900355773
2018-05-03 09:50:00-04:00,2018-05-03 10:10:00-04:00,1,-1.0269041361198554,stop,6.1439359002451965
2018-05-04 09:45:00-04:00,2018-05-04 09:50:00-04:00,1,-1.0197700880063258,stop,8.399478019671733
2018-05-07 09:45:00-04:00,2018-05-07 09:50:00-04:00,1,-1.0311923264540686,stop,5.473674915189804
2018-05-08 09:45:00-04:00,2018-05-08 10:00:00-04:00,-1,-1.034466502207205,stop,4.9308172812370685
2018-05-10 09:55:00-04:00,2018-05-10 10:00:00-04:00,1,-1.0431043923532628,stop,4.014914643240445
2018-05-11 09:45:00-04:00,2018-05-11 09:50:00-04:00,-1,-1.0446120503133327,stop,3.889238319895412
2018-05-14 09:45:00-04:00,2018-05-14 09:50:00-04:00,1,-1.0554554950353652,stop,3.15099243878376
2018-05-15 09:45:00-04:00,2018-05-15 09:50:00-04:00,-1,-1.02661633886395,stop,6.458774305610859
2018-05-17 09:50:00-04:00,2018-05-17 09:55:00-04:00,1,-1.0427569390348275,stop,4.040572970288849
2018-05-18 09:45:00-04:00,2018-05-18 09:50:00-04:00,1,-1.0327656373637537,stop,5.249091410151777
2018-05-21 11:10:00-04:00,2018-05-21 11:20:00-04:00,-1,3.9581789923775204,target,4.124123262105968
2018-05-22 09:45:00-04:00,2018-05-22 09:50:00-04:00,-1,-1.0576615605474655,stop,3.007156658745771
2018-05-24 09:45:00-04:00,2018-05-24 09:50:00-04:00,-1,3.9639887310455806,target,4.803961283705576
2018-05-25 09:45:00-04:00,2018-05-25 09:50:00-04:00,1,-1.0303673609831556,stop,5.726721961576914
2018-05-28 09:45:00-04:00,2018-05-28 10:50:00-04:00,1,3.9502321198114037,target,3.510137895092157
2018-05-29 09:45:00-04:00,2018-05-29 11:35:00-04:00,1,-1.0235953057618046,stop,7.345091717887954
2018-05-31 10:45:00-04:00,2018-05-31 11:00:00-04:00,-1,-1.0331543387891697,stop,5.2565083590243376
2018-06-01 09:45:00-04:00,2018-06-01 09:50:00-04:00,1,-1.0371981726679478,stop,4.721410238324097
2018-06-04 09:45:00-04:00,2018-06-04 09:50:00-04:00,1,-1.0465915514117836,stop,3.8189483166934224
2018-06-05 09:50:00-04:00,2018-06-05 10:30:00-04:00,1,3.9481962386735634,target,3.4647571823988983
2018-06-07 10:05:00-04:00,2018-06-07 10:10:00-04:00,-1,3.949588330526329,target,3.5578809589369484
2018-06-08 09:45:00-04:00,2018-06-08 10:15:00-04:00,1,-1.0292549283291503,stop,6.085182389414513
2018-06-11 09:45:00-04:00,2018-06-11 09:50:00-04:00,1,-1.044210371611873,stop,4.051762178941317
2018-06-12 09:50:00-04:00,2018-06-12 09:55:00-04:00,-1,-1.0469387824525236,stop,3.8256830631335106
2018-06-14 10:00:00-04:00,2018-06-14 10:55:00-04:00,1,-1.0347663010039552,stop,5.2173605935468
2018-06-15 09:45:00-04:00,2018-06-15 09:50:00-04:00,-1,-1.0257613172908133,stop,7.015941081805977
2018-06-18 09:45:00-04:00,2018-06-18 10:00:00-04:00,1,-1.0424040110877655,stop,4.246586821850542
2018-06-19 09:45:00-04:00,2018-06-19 09:50:00-04:00,1,-1.0232947020638887,stop,7.712833162245261
2018-06-21 09:45:00-04:00,2018-06-21 09:50:00-04:00,-1,-1.0313064942166605,stop,5.818366553900887
2018-06-22 09:45:00-04:00,2018-06-22 09:50:00-04:00,-1,-1.0412475637453118,stop,4.368292670826122
2018-06-25 09:45:00-04:00,2018-06-25 09:50:00-04:00,-1,-1.0286883503645734,stop,6.190904459185731
2018-06-26 09:45:00-04:00,2018-06-26 09:50:00-04:00,1,-1.0274503029660131,stop,6.447824397306249
2018-06-28 09:45:00-04:00,2018-06-28 09:50:00-04:00,-1,-1.0201145270378589,stop,8.656744472653372
2018-06-29 09:45:00-04:00,2018-06-29 09:50:00-04:00,1,-1.0277836193352987,stop,6.376294006176977
2018-07-02 09:45:00-04:00,2018-07-02 10:25:00-04:00,1,3.9730128127984377,target,6.5114984128003925
2018-07-03 09:45:00-04:00,2018-07-03 09:50:00-04:00,-1,-1.031288740784107,stop,5.663184223635653
2018-07-05 09:55:00-04:00,2018-07-05 10:00:00-04:00,-1,-1.0351899211702096,stop,5.017210568746123
2018-07-06 09:55:00-04:00,2018-07-06 11:05:00-04:00,1,3.974863322589314,target,7.12808986408163
2018-07-09 09:45:00-04:00,2018-07-09 09:50:00-04:00,1,-1.0539764004911918,stop,3.361043153729952
2018-07-10 09:45:00-04:00,2018-07-10 09:55:00-04:00,-1,-1.0448694940863141,stop,4.054777129940703
2018-07-12 09:50:00-04:00,2018-07-12 10:05:00-04:00,1,3.9550708543520554,target,4.067304442141904
2018-07-13 09:45:00-04:00,2018-07-13 09:50:00-04:00,-1,-1.051124590304704,stop,3.603397218707869
2018-07-16 09:45:00-04:00,2018-07-16 09:50:00-04:00,-1,-1.0575823590058968,stop,3.202055662741259
2018-07-17 09:45:00-04:00,2018-07-17 10:30:00-04:00,1,3.965307332727328,target,5.288008629179785
2018-07-19 09:50:00-04:00,2018-07-19 10:10:00-04:00,-1,-1.0414267690601733,stop,4.443455071807875
2018-07-20 10:00:00-04:00,2018-07-20 10:05:00-04:00,1,-1.0301938723252517,stop,6.106567652118429
2018-07-23 09:55:00-04:00,2018-07-23 10:00:00-04:00,-1,-1.0377035530443253,stop,4.844517551158788
2018-07-24 09:55:00-04:00,2018-07-24 10:00:00-04:00,-1,-1.0434026793953333,stop,4.292688020832429
2018-07-26 09:45:00-04:00,2018-07-26 10:00:00-04:00,-1,-1.036246100688496,stop,5.107226081855515
2018-07-27 09:55:00-04:00,2018-07-27 10:10:00-04:00,-1,3.9667226459871756,target,5.545964550467943
2018-07-30 09:45:00-04:00,2018-07-30 09:50:00-04:00,-1,-1.0237896573763872,stop,7.591713260081633
2018-07-31 09:50:00-04:00,2018-07-31 09:55:00-04:00,-1,-1.0273990390730985,stop,6.588440076389816
2018-08-02 09:50:00-04:00,2018-08-02 10:05:00-04:00,1,3.967679987619787,target,5.625495393547681
2018-08-03 09:45:00-04:00,2018-08-03 09:50:00-04:00,-1,-1.031378535269641,stop,5.868306348820624
2018-08-06 09:50:00-04:00,2018-08-06 10:10:00-04:00,1,3.9477102113726095,target,3.542864941240623
2018-08-07 09:45:00-04:00,2018-08-07 09:50:00-04:00,-1,-1.0606757385887038,stop,3.072457904856492
2018-08-09 10:05:00-04:00,2018-08-09 10:10:00-04:00,1,-1.0545120608343077,stop,3.429024634727284
2018-08-10 09:45:00-04:00,2018-08-10 09:50:00-04:00,1,-1.0350019689270256,stop,5.3075923581382085
2018-08-13 09:50:00-04:00,2018-08-13 10:15:00-04:00,1,3.96763279709836,target,5.764177957982611
2018-08-14 09:45:00-04:00,2018-08-14 10:00:00-04:00,-1,3.9574319155156834,target,4.345328410064212
2018-08-16 09:55:00-04:00,2018-08-16 10:00:00-04:00,-1,-1.0392159546235573,stop,4.713189147816593
2018-08-17 10:05:00-04:00,2018-08-17 10:20:00-04:00,-1,3.9645305565520963,target,5.157358985490646
2018-08-20 09:50:00-04:00,2018-08-20 10:00:00-04:00,-1,-1.0431737931713487,stop,4.266907219310269
2018-08-21 09:45:00-04:00,2018-08-21 09:50:00-04:00,1,3.940402007910569,target,3.1113840385460207
2018-08-23 09:45:00-04:00,2018-08-23 10:15:00-04:00,1,3.955102056546183,target,4.153676205683951
2018-08-24 10:00:00-04:00,2018-08-24 10:10:00-04:00,1,-1.0573273749194907,stop,3.2495804999261964
2018-08-27 09:55:00-04:00,2018-08-27 10:10:00-04:00,1,3.932702694010244,target,2.8018784246878568
2018-08-28 09:45:00-04:00,2018-08-28 09:55:00-04:00,-1,-1.0617324895418023,stop,3.0677676839704873
2018-08-30 10:15:00-04:00,2018-08-30 10:30:00-04:00,1,-1.054955329077435,stop,3.4801771219599686
2018-08-31 09:45:00-04:00,2018-08-31 09:55:00-04:00,1,-1.0469480395471575,stop,4.077850623535596
2018-09-03 09:45:00-04:00,2018-09-03 11:30:00-04:00,1,3.920126545421171,target,2.4023848792303397
2018-09-04 10:50:00-04:00,2018-09-04 11:00:00-04:00,1,-1.0311148747138,stop,6.1330216057194775
2018-09-06 10:05:00-04:00,2018-09-06 10:35:00-04:00,-1,3.9689779154123688,target,6.009054406315954
2018-09-07 09:45:00-04:00,2018-09-07 09:50:00-04:00,1,3.9714581325945537,target,6.536100274534874
2018-09-10 09:45:00-04:00,2018-09-10 09:50:00-04:00,-1,-1.0400712298846397,stop,4.640932595225422
2018-09-11 09:45:00-04:00,2018-09-11 10:05:00-04:00,1,3.968801337795143,target,5.981813600827991
2018-09-13 09:45:00-04:00,2018-09-13 09:50:00-04:00,1,-1.0339555467221195,stop,5.567861559268749
2018-09-14 10:35:00-04:00,2018-09-14 10:40:00-04:00,1,-1.0446759936262495,stop,4.239810406891593
2018-09-17 10:00:00-04:00,2018-09-17 10:05:00-04:00,-1,3.961208745815657,target,4.812896223548705
2018-09-18 09:45:00-04:00,2018-09-18 10:55:00-04:00,1,3.9717652822111833,target,6.653574107253917
2018-09-20 10:00:00-04:00,2018-09-20 10:20:00-04:00,1,3.9620733882536014,target,4.9936728008333375
2018-09-21 09:50:00-04:00,2018-09-21 09:55:00-04:00,-1,-1.0452127210409539,stop,4.194989401197745
2018-09-24 09:45:00-04:00,2018-09-24 09:55:00-04:00,1,3.9600760610368635,target,4.698020389152589
2018-09-25 09:45:00-04:00,2018-09-25 09:50:00-04:00,-1,-1.0457296874410253,stop,4.119036885265814
2018-09-27 09:45:00-04:00,2018-09-27 10:00:00-04:00,1,3.958530235035621,target,4.604963617802241
2018-09-28 09:45:00-04:00,2018-09-28 10:00:00-04:00,-1,-1.0422616317345952,stop,4.501353186157758
2018-10-01 09:45:00-04:00,2018-10-01 09:55:00-04:00,1,-1.0494442365439733,stop,3.888913046959715
2018-10-02 09:45:00-04:00,2018-10-02 09:50:00-04:00,1,-1.034758826452317,stop,5.496060920552736
2018-10-04 09:45:00-04:00,2018-10-04 09:50:00-04:00,-1,-1.0280364065541914,stop,6.739826852873193
2018-10-05 09:45:00-04:00,2018-10-05 09:50:00-04:00,1,-1.020280613776528,stop,9.24492827686936
2018-10-08 09:45:00-04:00,2018-10-08 09:50:00-04:00,1,-1.0284575274223766,stop,6.481117778368571
2018-10-09 10:00:00-04:00,2018-10-09 10:05:00-04:00,1,-1.0244973159858004,stop,7.535233194380453
2018-10-11 09:45:00-04:00,2018-10-11 10:15:00-04:00,1,-1.0102582200473715,stop,17.15475641201283
2018-10-12 10:00:00-04:00,2018-10-12 10:05:00-04:00,1,-1.0164479597953264,stop,10.855136084599508
2018-10-15 09:55:00-04:00,2018-10-15 10:15:00-04:00,-1,3.9822825545583793,target,9.942773311608107
2018-10-16 09:45:00-04:00,2018-10-16 09:50:00-04:00,1,-1.0286387713473568,stop,6.246603909849
2018-10-18 10:00:00-04:00,2018-10-18 10:05:00-04:00,-1,-1.026290830061855,stop,6.862318584655441
2018-10-19 09:45:00-04:00,2018-10-19 10:00:00-04:00,1,-1.0211039313011396,stop,8.529241382952023
2018-10-22 09:50:00-04:00,2018-10-22 09:55:00-04:00,-1,3.9765793215733947,target,7.5685444197915785
2018-10-23 10:00:00-04:00,2018-10-23 10:10:00-04:00,-1,3.9840870053139756,target,10.905493480417135
2018-10-25 09:45:00-04:00,2018-10-25 10:00:00-04:00,1,3.9864044274407417,target,12.805760530734005
2018-10-26 09:45:00-04:00,2018-10-26 10:00:00-04:00,1,-1.01014935509061,stop,16.858391656940512
2018-10-29 09:45:00-04:00,2018-10-29 09:50:00-04:00,-1,-1.0162387545049558,stop,10.658059159584809
2018-10-30 09:50:00-04:00,2018-10-30 09:55:00-04:00,1,3.98885909753964,target,15.228008197079362
2018-11-01 09:45:00-04:00,2018-11-01 09:50:00-04:00,-1,-1.0212915577669228,stop,8.199253144523936
2018-11-02 10:00:00-04:00,2018-11-02 10:35:00-04:00,-1,3.986676886638856,target,13.068658858636809
2018-11-05 09:45:00-05:00,2018-11-05 09:50:00-05:00,-1,-1.0209811474390187,stop,8.224779454383679
2018-11-06 09:45:00-05:00,2018-11-06 10:05:00-05:00,1,-1.0200698646250215,stop,8.720803013358818
2018-11-08 09:50:00-05:00,2018-11-08 10:05:00-05:00,1,-1.0259490287244597,stop,6.908582141207262
2018-11-09 10:05:00-05:00,2018-11-09 10:35:00-05:00,-1,-1.0226673067181975,stop,7.794903130746206
2018-11-12 09:45:00-05:00,2018-11-12 10:45:00-05:00,-1,3.9827168325555617,target,9.95531447720623
2018-11-13 09:55:00-05:00,2018-11-13 10:05:00-05:00,-1,-1.0168754559159459,stop,10.169455755253693
2018-11-15 10:30:00-05:00,2018-11-15 10:45:00-05:00,-1,-1.0120570167368508,stop,13.979144032219665
2018-11-16 09:45:00-05:00,2018-11-16 10:25:00-05:00,1,3.9817842610825798,target,9.429840062552103
2018-11-19 09:45:00-05:00,2018-11-19 09:55:00-05:00,-1,3.9800046779570275,target,8.461919565376775
2018-11-20 09:45:00-05:00,2018-11-20 09:50:00-05:00,1,-1.012163700241722,stop,13.422747036114743
2018-11-22 10:05:00-05:00,2018-11-22 10:25:00-05:00,-1,3.971541894221397,target,5.722810901685989
2018-11-23 09:45:00-05:00,2018-11-23 09:50:00-05:00,1,-1.0171571520026592,stop,9.566225120152012
2018-11-26 09:45:00-05:00,2018-11-26 09:55:00-05:00,1,3.9739326905181978,target,6.377282368593114
2018-11-27 09:55:00-05:00,2018-11-27 10:00:00-05:00,1,-1.0193843811160794,stop,8.57977707299142
2018-11-29 09:45:00-05:00,2018-11-29 09:50:00-05:00,-1,-1.026479327300065,stop,6.4939169739000135
2018-11-30 10:25:00-05:00,2018-11-30 11:10:00-05:00,1,-1.0274035677058624,stop,6.291927679470064
2018-12-03 09:45:00-05:00,2018-12-03 09:55:00-05:00,-1,3.9740983228722575,target,6.785325357154761
2018-12-04 09:50:00-05:00,2018-12-04 09:55:00-05:00,-1,-1.027927178773536,stop,6.285785659796602
2018-12-06 09:45:00-05:00,2018-12-06 09:50:00-05:00,1,-1.0126661282240654,stop,13.23510574791635
2018-12-07 10:10:00-05:00,2018-12-07 10:15:00-05:00,-1,3.9834255540679,target,10.18937918708798
2018-12-10 09:50:00-05:00,2018-12-10 09:55:00-05:00,-1,-1.0149930898901414,stop,11.020602974270332
2018-12-11 10:10:00-05:00,2018-12-11 10:20:00-05:00,-1,-1.0188503100216206,stop,8.976877400041303
2018-12-13 09:50:00-05:00,2018-12-13 10:00:00-05:00,-1,-1.0195572351828355,stop,8.682057317378167
2018-12-14 09:45:00-05:00,2018-12-14 09:50:00-05:00,1,-1.0217793366767143,stop,7.6667502701384365
2018-12-17 09:45:00-05:00,2018-12-17 09:55:00-05:00,-1,-1.018343449757233,stop,8.887755612938236
2018-12-18 09:45:00-05:00,2018-12-18 09:50:00-05:00,1,-1.0204515219243553,stop,7.9559811607969095
2018-12-20 09:50:00-05:00,2018-12-20 09:55:00-05:00,-1,-1.0134114068000228,stop,11.770172029487185
2018-12-21 09:45:00-05:00,2018-12-21 10:05:00-05:00,-1,3.9870506718647998,target,11.990279242992074
2018-12-24 09:45:00-05:00,2018-12-24 10:25:00-05:00,-1,-1.010243924800626,stop,14.618515957707132
2018-12-27 09:45:00-05:00,2018-12-27 10:00:00-05:00,-1,-1.0112571684848426,stop,13.692383196755145
2018-12-28 09:45:00-05:00,2018-12-28 09:50:00-05:00,1,-1.0138820541850058,stop,11.386898098615347
2018-12-31 09:50:00-05:00,2018-12-31 10:00:00-05:00,-1,-1.0257118809175267,stop,6.161123411898188
2019-01-03 09:45:00-05:00,2019-01-03 10:05:00-05:00,-1,3.9851749643663092,target,10.46013060124642
2019-01-04 09:45:00-05:00,2019-01-04 10:20:00-05:00,1,-1.014227463181912,stop,11.020598661742952
2019-01-07 09:45:00-05:00,2019-01-07 09:50:00-05:00,1,-1.0197977310322017,stop,8.121396055079458
2019-01-08 09:45:00-05:00,2019-01-08 10:10:00-05:00,-1,3.9756792392541995,target,6.703001978150496
2019-01-10 09:45:00-05:00,2019-01-10 10:00:00-05:00,-1,-1.0251851774895533,stop,6.4875295208248644
2019-01-11 09:50:00-05:00,2019-01-11 09:55:00-05:00,-1,-1.0287769556206727,stop,5.707529932768011
2019-01-14 10:15:00-05:00,2019-01-14 10:55:00-05:00,1,3.97063522420945,target,5.588649980893024
2019-01-15 09:45:00-05:00,2019-01-15 10:00:00-05:00,1,3.9778327279231736,target,7.502882029260036
2019-01-17 09:45:00-05:00,2019-01-17 09:55:00-05:00,1,3.9700593472154577,target,5.578075400461785
2019-01-18 09:50:00-05:00,2019-01-18 10:15:00-05:00,-1,-1.0265968006921367,stop,6.339983888429742
2019-01-22 09:45:00-05:00,2019-01-22 09:55:00-05:00,-1,-1.036535999646333,stop,4.599292772089029
2019-01-24 09:45:00-05:00,2019-01-24 09:55:00-05:00,1,-1.0236444014371,stop,7.067803662357619
2019-01-25 09:50:00-05:00,2019-01-25 09:55:00-05:00,1,-1.0274975815892784,stop,6.136087611224866
2019-01-28 09:45:00-05:00,2019-01-28 10:05:00-05:00,-1,-1.0222688168961178,stop,7.486241574825726
2019-01-29 09:45:00-05:00,2019-01-29 09:50:00-05:00,-1,-1.0306598122131756,stop,5.445196739588937
2019-01-31 09:45:00-05:00,2019-01-31 10:00:00-05:00,1,3.9701611372889425,target,5.759165484341793
2019-02-01 09:45:00-05:00,2019-02-01 09:50:00-05:00,1,-1.0242541503315055,stop,7.112216222528332
2019-02-04 09:45:00-05:00,2019-02-04 10:10:00-05:00,1,3.9591332270261135,target,4.22570929802896
2019-02-05 09:50:00-05:00,2019-02-05 09:55:00-05:00,1,-1.0334659735138798,stop,5.231816575409539
2019-02-07 09:45:00-05:00,2019-02-07 09:50:00-05:00,-1,-1.0298884536783337,stop,5.783905926189618
2019-02-08 10:00:00-05:00,2019-02-08 10:05:00-05:00,-1,-1.0295261862191318,stop,5.7964516602032745
2019-02-11 09:45:00-05:00,2019-02-11 09:50:00-05:00,-1,-1.0300621325936652,stop,5.764519819278576
2019-02-12 09:45:00-05:00,2019-02-12 10:55:00-05:00,1,3.9623734222277553,target,4.647861481231303
2019-02-14 09:55:00-05:00,2019-02-14 10:30:00-05:00,1,3.9741176386931123,target,6.781714794303298
2019-02-15 09:50:00-05:00,2019-02-15 10:20:00-05:00,-1,-1.0230768438527722,stop,7.639392035724995
2019-02-18 09:45:00-05:00,2019-02-18 12:55:00-05:00,1,3.935514927215583,target,2.743161694452283
2019-02-19 09:50:00-05:00,2019-02-19 11:45:00-05:00,1,3.963980296071656,target,4.914396380701874
2019-02-21 09:45:00-05:00,2019-02-21 10:10:00-05:00,-1,3.971703608361668,target,6.186071476051438
2019-02-22 09:55:00-05:00,2019-02-22 10:15:00-05:00,1,-1.0394314514604182,stop,4.4777440760135505
2019-02-25 09:45:00-05:00,2019-02-25 09:50:00-05:00,1,-1.0490659896548555,stop,3.6465189727905454
2019-02-26 09:50:00-05:00,2019-02-26 10:00:00-05:00,1,-1.0380325853184795,stop,4.671366901627152
2019-02-28 09:45:00-05:00,2019-02-28 09:55:00-05:00,1,-1.0393520998091859,stop,4.514519732732879
2019-03-01 10:00:00-05:00,2019-03-01 10:05:00-05:00,-1,-1.0498394286804134,stop,3.582988754510552
2019-03-04 10:10:00-05:00,2019-03-04 10:20:00-05:00,-1,-1.0519465580739815,stop,3.461033123766356
2019-03-05 09:45:00-05:00,2019-03-05 09:50:00-05:00,-1,3.961719707180448,target,4.650876770980176
2019-03-07 09:45:00-05:00,2019-03-07 09:50:00-05:00,-1,3.970785506183063,target,6.022783034237364
2019-03-08 09:45:00-05:00,2019-03-08 10:00:00-05:00,1,-1.026455978055502,stop,6.5722025253762695
2019-03-11 09:45:00-04:00,2019-03-11 10:30:00-04:00,1,3.9690694436396687,target,5.745230512099624
2019-03-12 09:45:00-04:00,2019-03-12 09:50:00-04:00,-1,-1.0346569272528034,stop,5.171226000282331
2019-03-14 09:45:00-04:00,2019-03-14 09:50:00-04:00,-1,-1.0341514537421552,stop,5.3039410756346115
2019-03-15 09:45:00-04:00,2019-03-15 10:05:00-04:00,1,-1.0387438939073066,stop,4.699412629555809
2019-03-18 09:45:00-04:00,2019-03-18 09:55:00-04:00,1,3.9489905031084,target,3.596554936425491
2019-03-19 10:55:00-04:00,2019-03-19 11:00:00-04:00,-1,-1.0488426775007966,stop,3.7616375547877396
2019-03-21 09:45:00-04:00,2019-03-21 10:35:00-04:00,1,3.9728077509100355,target,6.826440391175311
2019-03-22 09:45:00-04:00,2019-03-22 09:50:00-04:00,-1,3.970770920252089,target,6.356219354107452
2019-03-25 09:45:00-04:00,2019-03-25 10:30:00-04:00,-1,-1.0213835858765508,stop,8.528628578331336
2019-03-26 09:45:00-04:00,2019-03-26 09:50:00-04:00,1,-1.0341056149914545,stop,5.414673016701272
2019-03-28 09:55:00-04:00,2019-03-28 10:50:00-04:00,1,-1.0243468459244014,stop,7.516298933875078
2019-03-29 09:45:00-04:00,2019-03-29 10:00:00-04:00,-1,-1.0392862576265818,stop,4.685137776885313
2019-04-01 09:50:00-04:00,2019-04-01 09:55:00-04:00,-1,-1.0412704022728627,stop,4.506189615122821
2019-04-02 09:55:00-04:00,2019-04-02 10:05:00-04:00,-1,-1.0605919583237469,stop,3.08252779347913
2019-04-04 09:45:00-04:00,2019-04-04 09:50:00-04:00,1,-1.0433178649523067,stop,4.363549301794592
2019-04-05 09:50:00-04:00,2019-04-05 09:55:00-04:00,-1,-1.0442722570151093,stop,4.268044312571874
2019-04-08 10:30:00-04:00,2019-04-08 10:40:00-04:00,1,-1.0466309721238733,stop,4.055562914551956
2019-04-09 10:05:00-04:00,2019-04-09 10:10:00-04:00,1,-1.0466947385722762,stop,4.058428426492355
2019-04-11 09:45:00-04:00,2019-04-11 09:50:00-04:00,-1,-1.0478954613900353,stop,3.9700207224614132
2019-04-12 09:45:00-04:00,2019-04-12 09:50:00-04:00,-1,-1.0469152879663512,stop,4.062018413854275
2019-04-15 09:45:00-04:00,2019-04-15 10:00:00-04:00,-1,3.9246615061444676,target,2.526753249920148
2019-04-16 09:45:00-04:00,2019-04-16 09:50:00-04:00,1,-1.0619723623938662,stop,3.0876520894908026
2019-04-18 09:50:00-04:00,2019-04-18 10:20:00-04:00,-1,3.961593005446436,target,4.982457229337342
2019-04-22 09:45:00-04:00,2019-04-22 10:00:00-04:00,1,3.9457167608435593,target,3.537976786566105
2019-04-23 09:45:00-04:00,2019-04-23 09:50:00-04:00,1,-1.0450474560794145,stop,4.301165575274354
2019-04-25 10:10:00-04:00,2019-04-25 10:15:00-04:00,-1,3.957317331608281,target,4.56474198367323
2019-04-26 09:45:00-04:00,2019-04-26 09:50:00-04:00,-1,-1.0287603203020104,stop,6.74811956526537
2019-04-29 09:50:00-04:00,2019-04-29 09:55:00-04:00,-1,-1.0533886910198953,stop,3.663850986046782
2019-04-30 10:25:00-04:00,2019-04-30 10:30:00-04:00,-1,-1.0414922964515259,stop,4.678665869005272
2019-05-02 09:50:00-04:00,2019-05-02 10:10:00-04:00,1,3.9621215365544256,target,5.140795507533767
2019-05-03 09:50:00-04:00,2019-05-03 10:00:00-04:00,1,3.9597305388181945,target,4.846003921538795
2019-05-06 09:45:00-04:00,2019-05-06 09:50:00-04:00,1,-1.0192588928424804,stop,10.022565636003492
2019-05-07 09:45:00-04:00,2019-05-07 10:15:00-04:00,-1,3.976789213961356,target,8.263735024018388
2019-05-09 09:45:00-04:00,2019-05-09 10:10:00-04:00,-1,3.9755615492900813,target,7.657952991635284
2019-05-10 09:45:00-04:00,2019-05-10 09:50:00-04:00,1,-1.0182405147019211,stop,10.358932296766397
2019-05-13 09:50:00-04:00,2019-05-13 10:05:00-04:00,-1,3.9813749095108357,target,9.856273378259175
2019-05-14 09:45:00-04:00,2019-05-14 10:00:00-04:00,-1,-1.023869105667068,stop,7.713726162758576
2019-05-16 09:45:00-04:00,2019-05-16 10:20:00-04:00,1,3.9779889877395607,target,8.6125159514786
2019-05-17 09:45:00-04:00,2019-05-17 09:50:00-04:00,1,-1.019005757681329,stop,9.918626048281112
2019-05-20 10:25:00-04:00,2019-05-20 11:05:00-04:00,1,-1.0162068567198128,stop,11.402352491963029
2019-05-21 09:45:00-04:00,2019-05-21 09:50:00-04:00,-1,-1.0250528080605341,stop,7.423516856729293
2019-05-23 09:45:00-04:00,2019-05-23 09:50:00-04:00,-1,-1.0235193891753802,stop,7.774066069504443
2019-05-24 09:55:00-04:00,2019-05-24 10:00:00-04:00,-1,-1.0295980168566279,stop,6.210116623489739
2019-05-27 09:50:00-04:00,2019-05-27 09:55:00-04:00,1,-1.0518529807835892,stop,3.5226181856678522
2019-05-28 10:30:00-04:00,2019-05-28 10:40:00-04:00,-1,-1.0224753865709308,stop,8.147272946566773
2019-05-30 09:45:00-04:00,2019-05-30 10:05:00-04:00,1,-1.0316376833369598,stop,5.726647706502263
2019-05-31 09:50:00-04:00,2019-05-31 09:55:00-04:00,-1,-1.0263658719756106,stop,6.770363054851259
2019-06-03 09:45:00-04:00,2019-06-03 09:50:00-04:00,-1,3.9711766368429386,target,6.133529972536962
2019-06-04 09:50:00-04:00,2019-06-04 09:55:00-04:00,-1,-1.0239749591588034,stop,7.334860447348547
2019-06-06 09:45:00-04:00,2019-06-06 09:50:00-04:00,-1,-1.0286865336297997,stop,6.2912628572239555
2019-06-07 09:55:00-04:00,2019-06-07 10:30:00-04:00,1,3.9767985325589996,target,7.966208256376376
2019-06-10 09:45:00-04:00,2019-06-10 09:50:00-04:00,1,-1.0291571681131322,stop,6.434714467695812
2019-06-11 10:10:00-04:00,2019-06-11 10:15:00-04:00,-1,-1.0320555761664716,stop,5.8920117698580725
2019-06-13 09:45:00-04:00,2019-06-13 10:05:00-04:00,1,-1.0276390811841056,stop,6.798841455224647
2019-06-14 10:45:00-04:00,2019-06-14 11:05:00-04:00,1,-1.0309904711417026,stop,6.026788118796503
2019-06-17 09:45:00-04:00,2019-06-17 10:35:00-04:00,1,3.9642169775387193,target,5.270817573092245
2019-06-18 09:45:00-04:00,2019-06-18 10:35:00-04:00,1,3.9758834007913175,target,7.96674027694371
2019-06-20 10:15:00-04:00,2019-06-20 11:15:00-04:00,-1,3.9657140274342564,target,5.630476476215335
2019-06-21 09:55:00-04:00,2019-06-21 10:00:00-04:00,1,-1.0319969441056784,stop,6.033020792518073
2019-06-24 09:45:00-04:00,2019-06-24 10:05:00-04:00,-1,-1.0473342633752554,stop,4.085968127244996
2019-06-25 09:45:00-04:00,2019-06-25 10:00:00-04:00,-1,-1.039135278152561,stop,4.917931434478305
2019-06-27 09:50:00-04:00,2019-06-27 10:00:00-04:00,1,-1.0295594173334166,stop,6.480406245475024
2019-06-28 09:45:00-04:00,2019-06-28 09:50:00-04:00,-1,3.952305606321045,target,4.003387252450011
2019-07-01 09:45:00-04:00,2019-07-01 10:00:00-04:00,-1,-1.0448669013132426,stop,4.350598256024568
2019-07-02 10:25:00-04:00,2019-07-02 11:30:00-04:00,1,-1.0452032000774203,stop,4.294640412800618
2019-07-04 09:55:00-04:00,2019-07-04 10:00:00-04:00,1,-1.103582228063705,stop,1.9000039853390263
2019-07-05 09:45:00-04:00,2019-07-05 09:50:00-04:00,-1,-1.0310819791216097,stop,6.27714387114429
2019-07-08 09:45:00-04:00,2019-07-08 09:50:00-04:00,-1,-1.0392325544639405,stop,4.944950164438524
2019-07-09 09:45:00-04:00,2019-07-09 09:50:00-04:00,1,-1.0362600179975636,stop,5.35742078851581
2019-07-11 10:00:00-04:00,2019-07-11 10:05:00-04:00,1,-1.035315854835065,stop,5.605953896164465
2019-07-12 09:45:00-04:00,2019-07-12 09:55:00-04:00,1,-1.0504272231526963,stop,3.924489100462779
2019-07-15 09:45:00-04:00,2019-07-15 09:55:00-04:00,-1,-1.056217302889425,stop,3.5344077302452206
2019-07-16 09:45:00-04:00,2019-07-16 09:50:00-04:00,1,-1.0524867714037323,stop,3.7908491022108137
2019-07-18 10:20:00-04:00,2019-07-18 10:25:00-04:00,1,-1.0362260023782717,stop,5.435067656540923
2019-07-19 09:45:00-04:00,2019-07-19 10:45:00-04:00,-1,3.9650718584301794,target,5.659921125629808
2019-07-22 09:45:00-04:00,2019-07-22 10:20:00-04:00,1,-1.0350177012333222,stop,5.62432889682259
2019-07-23 09:45:00-04:00,2019-07-23 10:05:00-04:00,-1,3.94771148523862,target,3.7809150319508262
2019-07-25 09:45:00-04:00,2019-07-25 10:05:00-04:00,-1,-1.0311461490513427,stop,6.38260604378047
2019-07-26 13:15:00-04:00,2019-07-26 13:45:00-04:00,1,-1.0377914471049206,stop,5.301774163918708
2019-07-29 09:50:00-04:00,2019-07-29 09:55:00-04:00,-1,3.952728933554139,target,4.207246791855141
2019-07-30 09:45:00-04:00,2019-07-30 09:50:00-04:00,1,-1.0311891587872068,stop,6.371843096109842
2019-08-01 09:45:00-04:00,2019-08-01 10:25:00-04:00,1,3.9755318965725563,target,8.120520027670864
2019-08-02 09:45:00-04:00,2019-08-02 09:50:00-04:00,-1,-1.0170568205781414,stop,11.324943325004824
2019-08-05 09:45:00-04:00,2019-08-05 09:50:00-04:00,-1,-1.0175693334936442,stop,10.664387590488332
2019-08-06 09:45:00-04:00,2019-08-06 09:50:00-04:00,-1,-1.01524184085085,stop,12.29128640117051
2019-08-08 09:50:00-04:00,2019-08-08 09:55:00-04:00,-1,-1.0200287999551492,stop,9.469301570474272
2019-08-09 09:45:00-04:00,2019-08-09 10:05:00-04:00,-1,3.9730843653648296,target,7.107993271269152
2019-08-12 10:25:00-04:00,2019-08-12 10:40:00-04:00,1,-1.017545086155145,stop,10.842790463210804
2019-08-13 09:45:00-04:00,2019-08-13 09:50:00-04:00,1,3.9830227170196815,target,11.291288074068689
2019-08-15 11:20:00-04:00,2019-08-15 11:25:00-04:00,-1,-1.0087958725570638,stop,21.236438235600872
2019-08-16 10:20:00-04:00,2019-08-16 10:55:00-04:00,1,3.978326731861011,target,8.777134852699419
2019-08-19 09:50:00-04:00,2019-08-19 10:00:00-04:00,-1,-1.0281924333095227,stop,6.839073932784231
2019-08-20 09:50:00-04:00,2019-08-20 09:55:00-04:00,-1,-1.0263946836492381,stop,7.276991075565093
2019-08-22 10:05:00-04:00,2019-08-22 10:20:00-04:00,-1,3.9711654605824034,target,6.688603498890188
2019-08-23 09:45:00-04:00,2019-08-23 10:00:00-04:00,-1,-1.0183250396174288,stop,10.448992103492856
2019-08-26 09:45:00-04:00,2019-08-26 09:55:00-04:00,-1,-1.0130879316802108,stop,14.406934030515913
2019-08-27 09:45:00-04:00,2019-08-27 09:50:00-04:00,1,-1.0224635823443537,stop,8.48759578562749
2019-08-29 09:45:00-04:00,2019-08-29 10:00:00-04:00,1,-1.0262804771866116,stop,7.326955789078966
2019-08-30 09:45:00-04:00,2019-08-30 09:50:00-04:00,-1,-1.0354858588885105,stop,5.44493080209395
2019-09-02 10:20:00-04:00,2019-09-02 11:05:00-04:00,1,-1.0355477626489027,stop,5.382524364262281
2019-09-03 09:50:00-04:00,2019-09-03 10:00:00-04:00,1,-1.0173694147728376,stop,11.013967237214274
2019-09-05 09:45:00-04:00,2019-09-05 10:00:00-04:00,1,3.9661061024714934,target,5.788956142094321
2019-09-06 10:45:00-04:00,2019-09-06 10:55:00-04:00,1,-1.027865570410734,stop,7.0552221174957594
2019-09-09 09:55:00-04:00,2019-09-09 10:30:00-04:00,-1,-1.049820696441926,stop,3.943394807284676
2019-09-10 09:50:00-04:00,2019-09-10 09:55:00-04:00,-1,-1.0247691871750966,stop,7.827864021329333
2019-09-12 09:45:00-04:00,2019-09-12 09:55:00-04:00,-1,-1.0268925911495983,stop,7.368795149097423
2019-09-13 09:50:00-04:00,2019-09-13 09:55:00-04:00,1,-1.0370595652843868,stop,5.331165161557692
2019-09-16 09:50:00-04:00,2019-09-16 10:25:00-04:00,1,-1.0296780341577998,stop,6.614615048658379
2019-09-17 13:55:00-04:00,2019-09-17 14:05:00-04:00,1,-1.0321101846194844,stop,6.120749561341654
2019-09-19 10:00:00-04:00,2019-09-19 10:10:00-04:00,1,-1.028772357027903,stop,6.892357750954943
2019-09-20 09:55:00-04:00,2019-09-20 10:00:00-04:00,-1,-1.0398025639289834,stop,4.966915166911349
2019-09-23 09:50:00-04:00,2019-09-23 09:55:00-04:00,1,-1.0322480834241603,stop,6.05966623675431
2019-09-24 09:45:00-04:00,2019-09-24 09:55:00-04:00,1,-1.0469724598647907,stop,4.184889298750022
2019-09-26 09:55:00-04:00,2019-09-26 10:00:00-04:00,-1,-1.0285403042279646,stop,6.795794767787811
2019-09-27 09:45:00-04:00,2019-09-27 09:55:00-04:00,-1,3.9643188809089716,target,5.424841428566651
2019-09-30 09:50:00-04:00,2019-09-30 10:05:00-04:00,1,-1.0317613740711513,stop,6.0704092374817264
2019-10-01 09:45:00-04:00,2019-10-01 10:00:00-04:00,1,-1.0314993633236111,stop,6.198670314146511
2019-10-03 10:00:00-04:00,2019-10-03 10:05:00-04:00,-1,3.9749818605703644,target,7.499741010719845
2019-10-04 09:55:00-04:00,2019-10-04 10:30:00-04:00,1,-1.0206962337602536,stop,9.28848223165187
2019-10-07 09:45:00-04:00,2019-10-07 09:50:00-04:00,-1,-1.034620078428177,stop,5.574179555630508
2019-10-08 09:50:00-04:00,2019-10-08 10:55:00-04:00,-1,-1.0220197342477475,stop,8.688180560482579
2019-10-10 09:45:00-04:00,2019-10-10 09:50:00-04:00,1,3.974796675620343,target,7.67075949809896
2019-10-11 09:45:00-04:00,2019-10-11 10:25:00-04:00,1,3.9687722971232944,target,6.309063676234473
2019-10-14 10:05:00-04:00,2019-10-14 10:15:00-04:00,1,-1.0283429131012167,stop,6.920112766353668
2019-10-15 09:45:00-04:00,2019-10-15 09:50:00-04:00,1,-1.0340351196419066,stop,5.790758599760011
2019-10-17 09:50:00-04:00,2019-10-17 09:55:00-04:00,1,-1.0330750616298814,stop,6.027231600042796
2019-10-18 09:45:00-04:00,2019-10-18 09:55:00-04:00,1,-1.046429670276962,stop,4.274795479071145
2019-10-21 09:45:00-04:00,2019-10-21 09:50:00-04:00,-1,-1.0403046827926663,stop,4.903999309137362
2019-10-22 09:50:00-04:00,2019-10-22 10:00:00-04:00,-1,-1.0526412870345343,stop,3.7828405445834505
2019-10-24 09:50:00-04:00,2019-10-24 10:00:00-04:00,-1,3.9533999911010835,target,4.247729718412302
2019-10-25 09:45:00-04:00,2019-10-25 10:10:00-04:00,1,3.953262409646842,target,4.262472999952479
2019-10-28 10:15:00-04:00,2019-10-28 11:45:00-04:00,1,3.951990780128028,target,4.221772071421583
2019-10-29 09:45:00-04:00,2019-10-29 09:50:00-04:00,-1,-1.0452435979636565,stop,4.467502501531271
2019-10-31 09:45:00-04:00,2019-10-31 09:50:00-04:00,-1,-1.0335429002436,stop,6.029060483147987
2019-11-01 09:50:00-04:00,2019-11-01 10:00:00-04:00,1,-1.0401944522295694,stop,5.053631886154108
2019-11-04 10:00:00-05:00,2019-11-04 10:20:00-05:00,-1,-1.0521442247236894,stop,3.937445262161418
2019-11-05 10:00:00-05:00,2019-11-05 10:05:00-05:00,1,-1.0520142324163249,stop,3.95204986437966
2019-11-07 10:15:00-05:00,2019-11-07 12:00:00-05:00,1,3.9538808789099,target,4.482683550080765
2019-11-08 09:45:00-05:00,2019-11-08 09:50:00-05:00,1,-1.0431384173702776,stop,4.764315559439638
2019-11-11 09:45:00-05:00,2019-11-11 10:25:00-05:00,1,3.943212786129645,target,3.6228519640408194
2019-11-12 09:50:00-05:00,2019-11-12 09:55:00-05:00,1,-1.0571159373780548,stop,3.6160050027192483
2019-11-14 10:00:00-05:00,2019-11-14 10:25:00-05:00,1,-1.045638794687812,stop,4.516749157155573
2019-11-15 09:55:00-05:00,2019-11-15 10:10:00-05:00,-1,-1.0490590236330055,stop,4.22546488601256
2019-11-18 10:50:00-05:00,2019-11-18 10:55:00-05:00,1,-1.039391818149922,stop,5.268549095395429
2019-11-19 09:45:00-05:00,2019-11-19 09:50:00-05:00,-1,-1.0635750401551,stop,3.2820795227235067
2019-11-21 09:45:00-05:00,2019-11-21 09:50:00-05:00,-1,-1.032583584537886,stop,6.33715560978635
2019-11-22 09:50:00-05:00,2019-11-22 09:55:00-05:00,-1,-1.0429221621469953,stop,4.821386635469025
2019-11-25 09:50:00-05:00,2019-11-25 10:30:00-05:00,1,3.946629118646669,target,3.9146046195000963
2019-11-26 09:45:00-05:00,2019-11-26 09:50:00-05:00,-1,-1.0585308950194556,stop,3.5744905975625443
2019-11-28 10:00:00-05:00,2019-11-28 10:05:00-05:00,-1,-1.0953186197140752,stop,2.2124144279023312
2019-11-29 09:55:00-05:00,2019-11-29 10:30:00-05:00,1,-1.0686779987014396,stop,3.0669584527913685
2019-12-02 09:50:00-05:00,2019-12-02 10:00:00-05:00,-1,3.965943891670283,target,6.113438848789883
2019-12-03 09:45:00-05:00,2019-12-03 09:55:00-05:00,-1,-1.0250793169216323,stop,8.163817119426312
2019-12-05 09:55:00-05:00,2019-12-05 10:05:00-05:00,-1,3.9578891651840054,target,4.915421328983939
2019-12-06 09:45:00-05:00,2019-12-06 10:15:00-05:00,1,-1.0395359446154768,stop,5.296429096921202
2019-12-09 09:45:00-05:00,2019-12-09 09:50:00-05:00,1,-1.0504201623620537,stop,4.1743252349897375
2019-12-10 10:05:00-05:00,2019-12-10 15:30:00-05:00,1,-1.0264782216418404,stop,7.8914737775357935
2019-12-12 09:55:00-05:00,2019-12-12 10:20:00-05:00,1,3.972789717458979,target,7.800713125632683
2019-12-13 09:50:00-05:00,2019-12-13 10:00:00-05:00,1,3.9764419382134366,target,9.027047746802054
2019-12-16 09:45:00-05:00,2019-12-16 10:20:00-05:00,1,3.939863024424021,target,3.5664621810628887
2019-12-17 09:45:00-05:00,2019-12-17 10:00:00-05:00,-1,-1.0489735873859891,stop,4.375588895009059
2019-12-19 10:25:00-05:00,2019-12-19 10:30:00-05:00,1,-1.0637957792816464,stop,3.3704050598389586
2019-12-20 09:55:00-05:00,2019-12-20 10:00:00-05:00,-1,-1.0502496024288606,stop,4.3101105346031545
2019-12-23 10:05:00-05:00,2019-12-23 10:10:00-05:00,-1,-1.0714678243826314,stop,3.0419929296967894
2019-12-24 09:45:00-05:00,2019-12-24 10:00:00-05:00,-1,-1.0948057678358756,stop,2.2912989158630808
2019-12-26 09:45:00-05:00,2019-12-26 10:20:00-05:00,1,3.9163222934376027,target,2.6108302562970493
2019-12-27 09:45:00-05:00,2019-12-27 09:55:00-05:00,-1,3.937332683813006,target,3.500097995482065
2019-12-30 09:45:00-05:00,2019-12-30 10:10:00-05:00,-1,3.9630044704297105,target,5.864252753503024
2019-12-31 09:45:00-05:00,2019-12-31 09:50:00-05:00,1,-1.0358438028957926,stop,6.080575174797559
2020-01-02 10:15:00-05:00,2020-01-02 10:55:00-05:00,-1,-1.0473192703703091,stop,4.648100127729776
2020-01-03 12:00:00-05:00,2020-01-03 13:35:00-05:00,1,-1.0201028720212058,stop,10.95792757545496
2020-01-06 09:45:00-05:00,2020-01-06 10:10:00-05:00,1,3.972464692140228,target,7.9812654260822455
2020-01-07 09:45:00-05:00,2020-01-07 09:50:00-05:00,-1,-1.0310933092522252,stop,7.095002735051821
2020-01-09 09:45:00-05:00,2020-01-09 09:50:00-05:00,-1,-1.0415518265940988,stop,5.4062013814473175
2020-01-10 10:40:00-05:00,2020-01-10 10:45:00-05:00,1,-1.0366682961914686,stop,6.148851801766796
2020-01-13 09:55:00-05:00,2020-01-13 10:10:00-05:00,1,-1.0488182755803068,stop,4.613043046056191
2020-01-14 09:50:00-05:00,2020-01-14 10:05:00-05:00,-1,-1.0322721282492326,stop,7.00563474437331
2020-01-16 09:45:00-05:00,2020-01-16 09:50:00-05:00,1,-1.0488418860840878,stop,4.655293294290459
2020-01-17 11:10:00-05:00,2020-01-17 11:35:00-05:00,-1,-1.0407014404687804,stop,5.609384522886103
2020-01-20 09:50:00-05:00,2020-01-20 09:55:00-05:00,1,-1.0979223740381066,stop,2.3378444470727118
2020-01-21 09:45:00-05:00,2020-01-21 10:15:00-05:00,1,-1.051229353274117,stop,4.467512703167813
2020-01-23 10:05:00-05:00,2020-01-23 10:20:00-05:00,1,-1.031904760665418,stop,7.194541646089419
2020-01-24 09:45:00-05:00,2020-01-24 09:50:00-05:00,-1,-1.0565046448877389,stop,4.095262423134045
2020-01-27 09:45:00-05:00,2020-01-27 09:50:00-05:00,1,-1.0193016076962795,stop,11.605482490775103
2020-01-28 10:20:00-05:00,2020-01-28 10:40:00-05:00,1,3.9716972282539795,target,8.004395651129016
2020-01-30 10:45:00-05:00,2020-01-30 11:10:00-05:00,-1,-1.0200552298873276,stop,11.278170720979688
2020-01-31 09:45:00-05:00,2020-01-31 10:15:00-05:00,-1,3.978971607258967,target,10.786104524058828
2020-02-03 09:45:00-05:00,2020-02-03 10:00:00-05:00,1,3.976160782002765,target,9.57080515335656
2020-02-04 09:45:00-05:00,2020-02-04 09:55:00-05:00,1,-1.0276443438203753,stop,8.369318069037035
2020-02-06 09:55:00-05:00,2020-02-06 10:15:00-05:00,1,-1.0273111605385552,stop,8.595798372114587
2020-02-07 10:25:00-05:00,2020-02-07 11:30:00-05:00,1,3.974694735654285,target,9.337856199515954
2020-02-10 09:45:00-05:00,2020-02-10 09:50:00-05:00,1,-1.023755777401338,stop,9.910668098069436
2020-02-11 10:05:00-05:00,2020-02-11 10:40:00-05:00,1,3.9619392093981918,target,6.303997590002837
2020-02-13 09:45:00-05:00,2020-02-13 09:55:00-05:00,1,-1.0278842299907376,stop,8.571482642752017
2020-02-14 09:50:00-05:00,2020-02-14 10:00:00-05:00,-1,-1.0421387838250158,stop,5.698757702235525
2020-02-17 09:45:00-05:00,2020-02-17 09:50:00-05:00,-1,-1.0762594227289197,stop,3.163777090407166
2020-02-18 09:50:00-05:00,2020-02-18 10:25:00-05:00,1,-1.0323126213360834,stop,7.427138865741654
2020-02-20 10:05:00-05:00,2020-02-20 10:15:00-05:00,1,-1.036249168675393,stop,6.691423314639906
2020-02-21 09:45:00-05:00,2020-02-21 09:50:00-05:00,-1,3.977043171512032,target,10.320307111489456
2020-02-24 09:45:00-05:00,2020-02-24 10:20:00-05:00,1,-1.0108660126147597,stop,21.056649291962458
2020-02-25 09:45:00-05:00,2020-02-25 09:50:00-05:00,-1,-1.0141852377302856,stop,16.089511236576072
2020-02-27 09:45:00-05:00,2020-02-27 09:50:00-05:00,-1,-1.0093263761017333,stop,23.182011660459466
2020-02-28 11:20:00-05:00,2020-02-28 11:40:00-05:00,1,3.99502218405759,target,42.62413755299713
2020-03-02 10:05:00-05:00,2020-03-02 10:35:00-05:00,-1,-1.0064291559502003,stop,33.10302740773659
2020-03-03 09:45:00-05:00,2020-03-03 10:00:00-05:00,-1,-1.0079265598650513,stop,27.848868120065163
2020-03-05 10:15:00-05:00,2020-03-05 11:15:00-05:00,1,3.9881244124279767,target,18.64185005533909
2020-03-06 09:50:00-05:00,2020-03-06 09:55:00-05:00,-1,-1.007851614214947,stop,26.770613196476916
2020-03-09 09:50:00-04:00,2020-03-09 09:55:00-04:00,1,3.99081940609539,target,21.5998981383309
2020-03-10 09:45:00-04:00,2020-03-10 09:50:00-04:00,-1,-1.0075206839376627,stop,27.15828366264759
2020-03-12 09:50:00-04:00,2020-03-12 09:55:00-04:00,-1,-1.0070338429779913,stop,26.55443238938642
2020-03-13 09:50:00-04:00,2020-03-13 10:00:00-04:00,-1,-1.0041032509906305,stop,45.983023618469815
2020-03-17 09:50:00-04:00,2020-03-17 10:10:00-04:00,-1,-1.003278953253814,stop,54.05696969133896
2020-03-19 09:55:00-04:00,2020-03-19 10:15:00-04:00,1,3.9957845543348367,target,43.78948718587617
2020-03-20 09:45:00-04:00,2020-03-20 09:50:00-04:00,-1,-1.0046744438696287,stop,39.39055431492761
2020-03-23 09:55:00-04:00,2020-03-23 10:50:00-04:00,1,-1.0031173201243264,stop,55.885105006893355
2020-03-24 09:45:00-04:00,2020-03-24 09:50:00-04:00,-1,-1.006194860626206,stop,29.727643071923012
2020-03-26 09:55:00-04:00,2020-03-26 13:05:00-04:00,1,3.9942083862573936,target,33.617844082213196
2020-03-27 09:45:00-04:00,2020-03-27 09:50:00-04:00,-1,-1.006732040070346,stop,28.338506434958617
2020-03-30 10:00:00-04:00,2020-03-30 11:20:00-04:00,1,3.991945247663827,target,24.292658371402467
2020-03-31 09:45:00-04:00,2020-03-31 10:00:00-04:00,-1,-1.0100485335314773,stop,19.540225281810308
2020-04-02 09:45:00-04:00,2020-04-02 09:50:00-04:00,-1,-1.0074153822147454,stop,25.143842215339646
2020-04-03 10:20:00-04:00,2020-04-03 12:10:00-04:00,-1,3.991815120872242,target,22.89282140991054
2020-04-06 09:50:00-04:00,2020-04-06 10:35:00-04:00,1,3.986507733699246,target,14.608049627803666
2020-04-07 10:05:00-04:00,2020-04-07 10:40:00-04:00,-1,3.9900678701388337,target,20.459052216690907
2020-04-09 10:05:00-04:00,2020-04-09 12:00:00-04:00,-1,-1.008117291004911,stop,25.483833216061612
2020-04-13 09:45:00-04:00,2020-04-13 09:50:00-04:00,-1,-1.0145882104713768,stop,14.060147057048198
2020-04-14 09:45:00-04:00,2020-04-14 10:15:00-04:00,1,3.9847341676470878,target,14.097979595215293
2020-04-16 09:50:00-04:00,2020-04-16 09:55:00-04:00,-1,-1.0134464057787025,stop,16.126279355432416
2020-04-17 10:35:00-04:00,2020-04-17 10:40:00-04:00,-1,-1.012474462137038,stop,17.620581779299755
2020-04-20 10:20:00-04:00,2020-04-20 11:35:00-04:00,1,3.985078544250553,target,14.837324440231896
2020-04-21 09:45:00-04:00,2020-04-21 09:50:00-04:00,-1,-1.0121061569639902,stop,17.69376529694273
2020-04-23 10:15:00-04:00,2020-04-23 11:45:00-04:00,1,-1.015725665703172,stop,13.895982288160667
2020-04-24 09:45:00-04:00,2020-04-24 10:10:00-04:00,-1,-1.0164286302401777,stop,13.1495653212678
2020-04-27 09:55:00-04:00,2020-04-27 10:25:00-04:00,1,-1.0220228557044995,stop,10.057340559742443
2020-04-28 09:45:00-04:00,2020-04-28 09:50:00-04:00,-1,-1.020222738839888,stop,10.968948698593522
2020-04-30 12:00:00-04:00,2020-04-30 13:10:00-04:00,-1,-1.0136550800337656,stop,16.413561501613003
2020-05-01 10:00:00-04:00,2020-05-01 10:15:00-04:00,1,-1.0167735095676924,stop,13.176795996942019
2020-05-04 09:45:00-04:00,2020-05-04 10:00:00-04:00,1,3.981618354127906,target,11.897311595819701
2020-05-05 09:45:00-04:00,2020-05-05 12:00:00-04:00,1,3.981216049511906,target,11.981331061051606
2020-05-07 10:05:00-04:00,2020-05-07 10:10:00-04:00,-1,-1.0222873007356126,stop,10.184586680496068
2020-05-08 10:05:00-04:00,2020-05-08 10:10:00-04:00,1,-1.0213252568804816,stop,10.743160392514255
2020-05-11 09:45:00-04:00,2020-05-11 09:55:00-04:00,1,-1.0179322657649668,stop,12.834707954918485
2020-05-12 09:50:00-04:00,2020-05-12 10:00:00-04:00,-1,-1.0182929519544408,stop,12.689652079430743
2020-05-14 09:45:00-04:00,2020-05-14 11:05:00-04:00,-1,-1.0127917017776507,stop,17.469071353320032
2020-05-15 09:50:00-04:00,2020-05-15 10:50:00-04:00,1,-1.0119845533347525,stop,18.77208749444617
2020-05-18 09:45:00-04:00,2020-05-18 09:50:00-04:00,1,-1.0192414117158142,stop,12.062615154609375
2020-05-19 09:55:00-04:00,2020-05-19 14:55:00-04:00,1,-1.0189244272715285,stop,12.36898118991121
2020-05-21 09:50:00-04:00,2020-05-21 10:00:00-04:00,-1,-1.023852663150668,stop,9.93817892527295
2020-05-22 09:50:00-04:00,2020-05-22 10:10:00-04:00,1,-1.0201147639070969,stop,11.635097071522978
2020-05-25 09:50:00-04:00,2020-05-25 10:00:00-04:00,1,-1.0349110916872122,stop,6.819722662330605
2020-05-26 09:50:00-04:00,2020-05-26 10:40:00-04:00,-1,3.974507455863803,target,9.302926135209418
2020-05-28 10:05:00-04:00,2020-05-28 10:15:00-04:00,1,-1.0136033055495728,stop,17.364019690212444
2020-05-29 09:45:00-04:00,2020-05-29 09:55:00-04:00,1,-1.0184527785264184,stop,12.810829364925667
2020-06-01 09:45:00-04:00,2020-06-01 09:50:00-04:00,1,-1.0202789344525796,stop,11.774009952478082
2020-06-02 09:45:00-04:00,2020-06-02 09:50:00-04:00,-1,-1.0290860249091203,stop,8.236246545118775
2020-06-04 09:45:00-04:00,2020-06-04 11:05:00-04:00,1,-1.0242020559221696,stop,10.019781989747571
2020-06-05 09:45:00-04:00,2020-06-05 10:05:00-04:00,1,-1.0158288979386856,stop,15.399011281104322
2020-06-08 09:45:00-04:00,2020-06-08 10:05:00-04:00,-1,3.9755208179499046,target,9.962338359913701
2020-06-09 09:45:00-04:00,2020-06-09 09:50:00-04:00,1,-1.0245554206744847,stop,10.071265338458034
2020-06-11 10:10:00-04:00,2020-06-11 10:25:00-04:00,1,-1.0144749088790084,stop,17.16291622514109
2020-06-12 09:45:00-04:00,2020-06-12 09:50:00-04:00,1,-1.0144951630063392,stop,16.954296877998786
2020-06-15 09:55:00-04:00,2020-06-15 12:00:00-04:00,1,3.9874312595131784,target,19.192073379677822
2020-06-16 09:45:00-04:00,2020-06-16 09:50:00-04:00,1,-1.0184046850722333,stop,13.560093217563917
2020-06-18 09:45:00-04:00,2020-06-18 09:55:00-04:00,1,-1.0178249197661526,stop,13.99731760100076
2020-06-19 09:45:00-04:00,2020-06-19 09:55:00-04:00,1,-1.0272514744087349,stop,9.268209159168691
2020-06-22 09:50:00-04:00,2020-06-22 10:10:00-04:00,1,3.9729568449643407,target,9.293863679398783
2020-06-23 09:45:00-04:00,2020-06-23 09:50:00-04:00,1,-1.028493213956589,stop,8.952309665186476
2020-06-25 09:45:00-04:00,2020-06-25 09:50:00-04:00,-1,-1.0139317170089714,stop,17.838703249572063
2020-06-26 09:45:00-04:00,2020-06-26 09:50:00-04:00,-1,-1.0211076618421462,stop,11.87756752203677
2020-06-29 09:45:00-04:00,2020-06-29 09:50:00-04:00,-1,-1.0159368207813146,stop,15.328550740334322
2020-06-30 09:45:00-04:00,2020-06-30 09:50:00-04:00,1,-1.023592572966766,stop,10.609028886412489
2020-07-02 09:45:00-04:00,2020-07-02 09:50:00-04:00,1,-1.0265823967375298,stop,9.793517829200937
2020-07-03 10:25:00-04:00,2020-07-03 10:30:00-04:00,-1,3.954412182506781,target,5.66514321185241
2020-07-06 09:55:00-04:00,2020-07-06 10:00:00-04:00,1,3.963500038546166,target,7.219102952814865
2020-07-07 09:45:00-04:00,2020-07-07 09:50:00-04:00,1,-1.027259195557696,stop,9.737125692909103
2020-07-09 09:45:00-04:00,2020-07-09 09:50:00-04:00,-1,-1.029447246423195,stop,9.09283260346092
2020-07-10 10:00:00-04:00,2020-07-10 10:10:00-04:00,-1,-1.019612130121927,stop,13.61790011004814
2020-07-13 10:25:00-04:00,2020-07-13 10:35:00-04:00,1,-1.0287741325979924,stop,9.557176066053216
2020-07-14 09:50:00-04:00,2020-07-14 10:10:00-04:00,-1,3.9896954651153944,target,25.212029634963983
2020-07-16 10:00:00-04:00,2020-07-16 10:15:00-04:00,-1,-1.0166856249387723,stop,15.832473651611508
2020-07-17 09:45:00-04:00,2020-07-17 09:50:00-04:00,-1,-1.024420127836768,stop,10.858792340219225
2020-07-20 09:50:00-04:00,2020-07-20 10:00:00-04:00,1,-1.0232086978442665,stop,11.51230589559782
2020-07-21 10:10:00-04:00,2020-07-21 10:15:00-04:00,-1,-1.0215008354034594,stop,12.71068949741857
2020-07-23 09:45:00-04:00,2020-07-23 09:55:00-04:00,1,-1.0219074949993832,stop,12.375668412109007
2020-07-24 10:05:00-04:00,2020-07-24 10:10:00-04:00,1,-1.0129319254825757,stop,20.1535100573401
2020-07-27 09:45:00-04:00,2020-07-27 10:05:00-04:00,1,-1.019828090786646,stop,13.37759658457253
2020-07-28 09:50:00-04:00,2020-07-28 10:00:00-04:00,-1,-1.019583167827586,stop,13.536716901739055
2020-07-30 09:45:00-04:00,2020-07-30 09:50:00-04:00,1,-1.016401849826159,stop,16.175477675320508
2020-07-31 10:00:00-04:00,2020-07-31 10:05:00-04:00,-1,-1.0182884954493374,stop,14.77240518857252
2020-08-03 09:45:00-04:00,2020-08-03 09:50:00-04:00,1,-1.0252606425943085,stop,10.929815526011225
2020-08-04 09:45:00-04:00,2020-08-04 11:00:00-04:00,1,-1.026057135222047,stop,10.60294378351864
2020-08-06 09:50:00-04:00,2020-08-06 09:55:00-04:00,-1,-1.0274513147084468,stop,10.111586980785432
2020-08-07 09:45:00-04:00,2020-08-07 10:00:00-04:00,1,-1.0273179139665976,stop,10.285207014016123
2020-08-10 09:50:00-04:00,2020-08-10 09:55:00-04:00,-1,3.9624412930534954,target,7.3849999014200876
2020-08-11 09:45:00-04:00,2020-08-11 09:50:00-04:00,1,-1.0181951182997906,stop,15.146273721133184
2020-08-13 10:30:00-04:00,2020-08-13 11:40:00-04:00,1,-1.0236969889791554,stop,11.841113847622182
2020-08-14 09:45:00-04:00,2020-08-14 09:55:00-04:00,-1,-1.025215892448327,stop,11.078965271779452
2020-08-17 09:45:00-04:00,2020-08-17 09:50:00-04:00,1,-1.0407151497252143,stop,6.9085911109450535
2020-08-18 09:50:00-04:00,2020-08-18 09:55:00-04:00,-1,-1.0339175889332195,stop,8.35809322341629
2020-08-20 09:45:00-04:00,2020-08-20 10:50:00-04:00,1,3.974640138999792,target,11.225698700807698
2020-08-21 09:45:00-04:00,2020-08-21 09:50:00-04:00,1,-1.0244967244419978,stop,11.716862875744482
2020-08-24 09:50:00-04:00,2020-08-24 09:55:00-04:00,-1,3.9610750444082408,target,7.486048140712228
2020-08-25 10:15:00-04:00,2020-08-25 10:20:00-04:00,1,-1.0262002119111233,stop,11.091407866158988
2020-08-27 10:05:00-04:00,2020-08-27 10:10:00-04:00,-1,-1.020331183937233,stop,14.669745608987796
2020-08-28 09:45:00-04:00,2020-08-28 09:50:00-04:00,-1,-1.0280161307571636,stop,10.695361613898058
2020-08-31 09:45:00-04:00,2020-08-31 09:50:00-04:00,1,-1.0272872006034912,stop,11.023838075689127
2020-09-01 09:50:00-04:00,2020-09-01 10:25:00-04:00,1,3.974824379663681,target,12.168218526923738
2020-09-03 10:10:00-04:00,2020-09-03 10:15:00-04:00,-1,-1.0172927787857624,stop,17.565557829895624
2020-09-04 09:45:00-04:00,2020-09-04 09:50:00-04:00,-1,3.990560201048775,target,30.617332632542457
2020-09-07 09:45:00-04:00,2020-09-07 09:50:00-04:00,1,-1.01822577303937,stop,15.729863949118226
2020-09-08 09:55:00-04:00,2020-09-08 10:30:00-04:00,1,3.9913741521849353,target,33.04654266416583
2020-09-10 09:50:00-04:00,2020-09-10 09:55:00-04:00,-1,-1.0124087493699976,stop,23.187389583707045
2020-09-11 09:55:00-04:00,2020-09-11 10:15:00-04:00,-1,-1.0132371034122156,stop,21.134221435120708
2020-09-14 09:45:00-04:00,2020-09-14 10:15:00-04:00,1,3.9817258264820787,target,15.525523272588543
2020-09-15 09:45:00-04:00,2020-09-15 09:50:00-04:00,1,-1.0256278083692667,stop,11.169670354713162
2020-09-17 09:45:00-04:00,2020-09-17 11:05:00-04:00,1,3.9890882202712756,target,25.529575819757156
2020-09-18 09:45:00-04:00,2020-09-18 10:00:00-04:00,-1,-1.0174986829643287,stop,15.856621271730546
2020-09-21 09:45:00-04:00,2020-09-21 09:55:00-04:00,1,-1.010327600505131,stop,26.160747774500123
2020-09-22 09:45:00-04:00,2020-09-22 09:55:00-04:00,-1,-1.0145043032634595,stop,19.001596041896846
2020-09-24 09:45:00-04:00,2020-09-24 09:50:00-04:00,1,3.987572823040339,target,21.90803720286931
2020-09-25 09:45:00-04:00,2020-09-25 09:50:00-04:00,-1,-1.014728884091041,stop,18.46967500210303
2020-09-28 09:45:00-04:00,2020-09-28 10:15:00-04:00,-1,-1.021226665402874,stop,13.321509584342493
2020-09-29 10:10:00-04:00,2020-09-29 10:15:00-04:00,1,-1.0217401855086408,stop,13.084628635222543
2020-10-01 09:45:00-04:00,2020-10-01 11:10:00-04:00,-1,3.9798350790470245,target,14.24166841463557
2020-10-02 09:45:00-04:00,2020-10-02 09:50:00-04:00,1,-1.011339083345143,stop,25.14317559738447
2020-10-05 10:00:00-04:00,2020-10-05 10:30:00-04:00,1,3.9765336593147906,target,12.183085084219783
2020-10-06 09:45:00-04:00,2020-10-06 09:55:00-04:00,-1,-1.0280490317086097,stop,10.213416016275005
2020-10-08 09:45:00-04:00,2020-10-08 09:50:00-04:00,-1,-1.02733506498643,stop,10.567131027955838
2020-10-09 09:45:00-04:00,2020-10-09 09:50:00-04:00,1,-1.0333621213357929,stop,8.717943172379819
2020-10-12 09:50:00-04:00,2020-10-12 09:55:00-04:00,-1,-1.020918276657001,stop,14.22420833913202
2020-10-13 09:45:00-04:00,2020-10-13 09:50:00-04:00,-1,-1.01381516173664,stop,21.842761903935752
2020-10-15 09:45:00-04:00,2020-10-15 10:05:00-04:00,1,-1.0147041974882618,stop,20.13822650894508
2020-10-16 10:00:00-04:00,2020-10-16 11:05:00-04:00,1,-1.021687207589233,stop,13.792136751939324
2020-10-19 09:45:00-04:00,2020-10-19 09:50:00-04:00,1,-1.0286565818360804,stop,10.422515218224362
2020-10-20 09:55:00-04:00,2020-10-20 10:00:00-04:00,1,-1.0207559852885508,stop,14.09245361217836
2020-10-22 09:50:00-04:00,2020-10-22 09:55:00-04:00,-1,-1.0239164744844609,stop,12.22566538439969
2020-10-23 09:50:00-04:00,2020-10-23 09:55:00-04:00,-1,-1.024860402302053,stop,11.685736586381609
2020-10-26 09:50:00-04:00,2020-10-26 10:25:00-04:00,1,-1.0252902740374301,stop,11.527695495442458
2020-10-27 09:45:00-04:00,2020-10-27 09:50:00-04:00,1,-1.0240254652932752,stop,12.0312623987993
2020-10-29 09:50:00-04:00,2020-10-29 11:15:00-04:00,1,3.9842976033069832,target,18.035449313796562
2020-10-30 09:45:00-04:00,2020-10-30 10:15:00-04:00,-1,3.986097046638441,target,19.967929432903475
2020-11-02 09:50:00-05:00,2020-11-02 10:00:00-05:00,1,-1.0174389019421428,stop,16.030607001588578
2020-11-03 09:45:00-05:00,2020-11-03 10:00:00-05:00,1,3.977847638282172,target,12.657870018480025
2020-11-05 09:45:00-05:00,2020-11-05 10:25:00-05:00,1,-1.0160977433997758,stop,18.703238402000352
2020-11-06 09:50:00-05:00,2020-11-06 10:05:00-05:00,-1,-1.0127189443713276,stop,23.46845617222607
2020-11-09 10:00:00-05:00,2020-11-09 10:35:00-05:00,1,-1.0065105904135208,stop,46.72842703305287
2020-11-10 09:45:00-05:00,2020-11-10 09:50:00-05:00,-1,-1.010078758215751,stop,28.93954626649429
2020-11-12 10:40:00-05:00,2020-11-12 10:45:00-05:00,1,-1.0180964636166299,stop,16.51683406355187
2020-11-13 10:00:00-05:00,2020-11-13 10:35:00-05:00,-1,3.973310770769931,target,11.082058400004826
2020-11-16 09:45:00-05:00,2020-11-16 09:50:00-05:00,1,-1.0161214530188163,stop,18.558423684933587
2020-11-17 09:45:00-05:00,2020-11-17 09:55:00-05:00,-1,-1.0280243903571988,stop,10.707946694092243
2020-11-19 09:45:00-05:00,2020-11-19 10:20:00-05:00,1,-1.0269065590033641,stop,11.043425306155768
2020-11-20 09:55:00-05:00,2020-11-20 10:00:00-05:00,-1,-1.0381457764522108,stop,7.838698006466075
2020-11-23 09:45:00-05:00,2020-11-23 09:55:00-05:00,1,-1.0372340233986153,stop,8.04052782501094
2020-11-24 09:45:00-05:00,2020-11-24 09:50:00-05:00,-1,-1.0328847685178821,stop,9.038995486807835
2020-11-26 10:10:00-05:00,2020-11-26 11:15:00-05:00,-1,-1.0583418046823234,stop,5.225279547281389
2020-11-27 10:00:00-05:00,2020-11-27 10:05:00-05:00,1,-1.041796174302207,stop,7.325776696523462
2020-11-30 09:45:00-05:00,2020-11-30 09:50:00-05:00,-1,-1.0267480700263962,stop,11.451503289919856
2020-12-01 09:45:00-05:00,2020-12-01 09:50:00-05:00,1,-1.033431440006944,stop,9.251259625894818
2020-12-03 10:00:00-05:00,2020-12-03 10:20:00-05:00,1,3.9602220797018712,target,7.8775307918695034
2020-12-04 09:45:00-05:00,2020-12-04 10:05:00-05:00,1,3.9552470046448462,target,6.990242775547813
2020-12-07 09:45:00-05:00,2020-12-07 09:50:00-05:00,1,-1.0413694876727422,stop,7.598338709331074
2020-12-08 09:45:00-05:00,2020-12-08 09:55:00-05:00,-1,-1.0374638634885505,stop,8.370837432979897
2020-12-10 09:45:00-05:00,2020-12-10 10:10:00-05:00,1,3.981473358869047,target,16.72811277380606
2020-12-11 09:45:00-05:00,2020-12-11 09:50:00-05:00,-1,-1.026198949723376,stop,11.726461036909313
2020-12-14 09:45:00-05:00,2020-12-14 09:50:00-05:00,1,-1.030944327287693,stop,10.087700069669154
2020-12-15 10:35:00-05:00,2020-12-15 11:00:00-05:00,-1,3.9571406002333607,target,7.295932689537949
2020-12-17 09:55:00-05:00,2020-12-17 10:00:00-05:00,-1,-1.0537558672944463,stop,5.922801638846067
2020-12-18 09:45:00-05:00,2020-12-18 10:00:00-05:00,-1,3.957415443657867,target,7.460989181239711
2020-12-21 09:45:00-05:00,2020-12-21 09:50:00-05:00,-1,-1.0162399393054535,stop,19.37874161943546
2020-12-22 09:45:00-05:00,2020-12-22 10:10:00-05:00,1,-1.0358732450306256,stop,8.859114845230579
2020-12-24 09:45:00-05:00,2020-12-24 09:50:00-05:00,1,-1.0508235858139225,stop,6.255000432349334
2020-12-28 09:50:00-05:00,2020-12-28 09:55:00-05:00,-1,-1.0526372216816795,stop,6.079010139101229
2020-12-29 09:55:00-05:00,2020-12-29 10:00:00-05:00,-1,3.938174860810436,target,5.201492906329804
2020-12-31 09:55:00-05:00,2020-12-31 10:00:00-05:00,-1,-1.0621397694050174,stop,5.1631473509096395
2021-01-04 10:10:00-05:00,2021-01-04 10:15:00-05:00,-1,-1.0342427299711374,stop,9.396449938078149
2021-01-05 09:45:00-05:00,2021-01-05 10:00:00-05:00,1,-1.019171980721286,stop,16.61840499887694
2021-01-07 09:55:00-05:00,2021-01-07 10:00:00-05:00,1,3.9775076264642704,target,14.314616436051438
2021-01-08 10:05:00-05:00,2021-01-08 10:10:00-05:00,1,-1.029726853163301,stop,10.975136112354448
2021-01-11 10:05:00-05:00,2021-01-11 10:20:00-05:00,1,-1.0231905704306148,stop,13.980707044018345
2021-01-12 09:45:00-05:00,2021-01-12 09:50:00-05:00,-1,3.9735089075477297,target,12.133862460143064
2021-01-14 09:45:00-05:00,2021-01-14 09:50:00-05:00,-1,-1.0348695382323383,stop,9.312531575573303
2021-01-15 10:00:00-05:00,2021-01-15 10:05:00-05:00,-1,3.971583921274587,target,11.297404315566382
2021-01-18 09:55:00-05:00,2021-01-18 10:25:00-05:00,1,-1.051976836425184,stop,6.160565776935982
2021-01-19 09:45:00-05:00,2021-01-19 10:05:00-05:00,-1,-1.0408698089935926,stop,7.893167402891777
2021-01-21 10:10:00-05:00,2021-01-21 10:55:00-05:00,1,3.968427516672893,target,10.605353754393946
2021-01-22 09:45:00-05:00,2021-01-22 10:25:00-05:00,1,-1.0340840484767446,stop,9.799623446400801
2021-01-25 10:35:00-05:00,2021-01-25 10:40:00-05:00,-1,-1.0334333331813188,stop,10.106364242617929
2021-01-26 09:45:00-05:00,2021-01-26 09:50:00-05:00,-1,-1.0290064725000017,stop,11.597204806899754
2021-01-28 10:15:00-05:00,2021-01-28 10:40:00-05:00,1,-1.0111081350404354,stop,29.772634586559434
2021-01-29 10:20:00-05:00,2021-01-29 10:35:00-05:00,1,-1.0115702614648385,stop,28.338100911721995
2021-02-01 09:45:00-05:00,2021-02-01 09:50:00-05:00,-1,3.9790532509927696,target,15.509785569212909
2021-02-02 09:45:00-05:00,2021-02-02 09:50:00-05:00,1,-1.0266154256250295,stop,12.588100630247936
2021-02-04 10:00:00-05:00,2021-02-04 10:05:00-05:00,-1,-1.0301320558548546,stop,11.146235516996967
2021-02-05 09:55:00-05:00,2021-02-05 10:05:00-05:00,-1,-1.0343309959779536,stop,9.8775591158319
2021-02-08 10:00:00-05:00,2021-02-08 10:15:00-05:00,1,-1.0442565218870472,stop,7.722719535338911
2021-02-09 09:45:00-05:00,2021-02-09 10:00:00-05:00,1,3.950205974333872,target,6.887955392117874
2021-02-11 09:50:00-05:00,2021-02-11 10:05:00-05:00,-1,-1.0493489721093843,stop,6.948272659705253
2021-02-12 09:45:00-05:00,2021-02-12 09:50:00-05:00,1,-1.043063071124705,stop,7.949788175048525
2021-02-15 09:45:00-05:00,2021-02-15 09:55:00-05:00,1,-1.10442703245182,stop,3.318399670997678
2021-02-16 09:45:00-05:00,2021-02-16 09:50:00-05:00,1,-1.0407811503039275,stop,8.494158050936676
2021-02-18 09:45:00-05:00,2021-02-18 09:50:00-05:00,1,-1.0264623266947281,stop,12.811229010760144
2021-02-19 09:45:00-05:00,2021-02-19 09:50:00-05:00,-1,-1.0298745364895183,stop,11.43316557155049
2021-02-22 09:45:00-05:00,2021-02-22 10:05:00-05:00,1,-1.0205499926658215,stop,16.315938612991886
2021-02-23 09:45:00-05:00,2021-02-23 09:50:00-05:00,-1,-1.0109570934294398,stop,29.33696633738691
2021-02-25 10:00:00-05:00,2021-02-25 10:20:00-05:00,-1,-1.014537713635042,stop,22.711085817172716
2021-02-26 09:50:00-05:00,2021-02-26 10:25:00-05:00,-1,3.9904565919871615,target,33.53639493824812
2021-03-01 10:00:00-05:00,2021-03-01 10:05:00-05:00,1,-1.018200596837922,stop,17.99514040696704
2021-03-02 09:45:00-05:00,2021-03-02 09:55:00-05:00,-1,-1.0190645568876104,stop,17.3473689322891
2021-03-04 09:45:00-05:00,2021-03-04 10:00:00-05:00,-1,3.9879734371641877,target,26.0900033697053
2021-03-05 09:45:00-05:00,2021-03-05 10:05:00-05:00,-1,-1.0092686661189771,stop,33.67524191497614
2021-03-08 09:45:00-05:00,2021-03-08 09:50:00-05:00,1,-1.010520129139432,stop,30.082927512483366
2021-03-09 09:45:00-05:00,2021-03-09 10:00:00-05:00,1,3.98376916888711,target,19.617255530991315
2021-03-11 10:15:00-05:00,2021-03-11 10:20:00-05:00,-1,-1.0167811559447657,stop,19.29530513942518
2021-03-12 09:50:00-05:00,2021-03-12 10:10:00-05:00,1,-1.0155983250434277,stop,20.59992158433306
2021-03-15 09:50:00-04:00,2021-03-15 10:20:00-04:00,1,-1.0232786386577613,stop,13.894311710482725
2021-03-16 09:45:00-04:00,2021-03-16 10:00:00-04:00,1,3.9709660501595065,target,11.405847698642901
2021-03-18 09:45:00-04:00,2021-03-18 09:55:00-04:00,-1,-1.0171478902148836,stop,18.94309965841967
2021-03-19 10:00:00-04:00,2021-03-19 10:15:00-04:00,-1,-1.0144610797579425,stop,22.06622340667309
2021-03-22 09:50:00-04:00,2021-03-22 10:45:00-04:00,1,3.974141916973886,target,12.626805555597457
2021-03-23 09:45:00-04:00,2021-03-23 09:50:00-04:00,-1,-1.025646671266319,stop,12.761513373303387
2021-03-25 10:00:00-04:00,2021-03-25 10:15:00-04:00,1,-1.0164242140455737,stop,19.476294317486463
2021-03-26 09:45:00-04:00,2021-03-26 09:55:00-04:00,1,-1.0181607036168705,stop,17.641632251179544
2021-03-29 09:45:00-04:00,2021-03-29 09:50:00-04:00,-1,-1.020329603956955,stop,15.919721674483299
2021-03-30 09:45:00-04:00,2021-03-30 09:50:00-04:00,-1,-1.0219329506100683,stop,14.638291053894136
2021-04-01 09:45:00-04:00,2021-04-01 09:50:00-04:00,1,-1.0308726110598048,stop,10.766044024419898
2021-04-05 09:45:00-04:00,2021-04-05 09:50:00-04:00,1,3.9629363293763835,target,9.100256510988402
2021-04-06 09:45:00-04:00,2021-04-06 09:50:00-04:00,1,-1.0306897235851296,stop,11.065555277871681
2021-04-08 09:45:00-04:00,2021-04-08 09:50:00-04:00,-1,-1.036859328581439,stop,9.311467412398997
2021-04-09 09:45:00-04:00,2021-04-09 11:40:00-04:00,1,3.972668264998233,target,12.588393462943714
2021-04-12 09:45:00-04:00,2021-04-12 10:00:00-04:00,-1,-1.0364504993070278,stop,9.462021519806513
2021-04-13 09:45:00-04:00,2021-04-13 09:50:00-04:00,1,-1.0270240143328024,stop,12.893582348684504
2021-04-15 10:15:00-04:00,2021-04-15 11:25:00-04:00,1,-1.033519052502611,stop,10.424080882969065
2021-04-16 09:45:00-04:00,2021-04-16 09:50:00-04:00,-1,-1.0316403044593223,stop,11.054835409900988
2021-04-19 10:05:00-04:00,2021-04-19 10:10:00-04:00,-1,3.967792889638296,target,10.800524947309896
2021-04-20 09:45:00-04:00,2021-04-20 10:00:00-04:00,1,-1.0269118055724284,stop,12.912218532959741
2021-04-22 09:45:00-04:00,2021-04-22 09:55:00-04:00,-1,-1.0361651567385881,stop,9.603231683133345
2021-04-23 09:50:00-04:00,2021-04-23 10:30:00-04:00,1,3.9608710778501237,target,8.861085618047582
2021-04-26 09:50:00-04:00,2021-04-26 09:55:00-04:00,-1,-1.0426782003165276,stop,8.163385568595913
2021-04-27 09:45:00-04:00,2021-04-27 09:50:00-04:00,-1,3.9513557750438077,target,7.178685826023866
2021-04-29 09:45:00-04:00,2021-04-29 09:55:00-04:00,-1,3.9639738919689425,target,9.70523752981353
2021-04-30 09:45:00-04:00,2021-04-30 09:50:00-04:00,1,-1.0276953669409394,stop,12.54054162540524
2021-05-03 09:45:00-04:00,2021-05-03 09:50:00-04:00,-1,-1.0350767406855128,stop,9.890359255921794
2021-05-04 09:45:00-04:00,2021-05-04 10:00:00-04:00,-1,3.9790481884329676,target,16.155045440107642
2021-05-06 10:00:00-04:00,2021-05-06 10:05:00-04:00,-1,-1.0234627933478513,stop,14.331290597956468
2021-05-07 09:45:00-04:00,2021-05-07 09:50:00-04:00,1,-1.016105837498082,stop,21.30892572052835
2021-05-10 09:50:00-04:00,2021-05-10 10:15:00-04:00,-1,-1.0229773321926603,stop,14.7509851159557
2021-05-11 09:50:00-04:00,2021-05-11 10:15:00-04:00,1,-1.015136944671962,stop,21.820122869386978
2021-05-13 09:45:00-04:00,2021-05-13 09:50:00-04:00,-1,-1.0149659605028327,stop,21.949628072339692
2021-05-14 09:55:00-04:00,2021-05-14 10:05:00-04:00,1,-1.0229067925545159,stop,14.458508334819271
2021-05-17 09:45:00-04:00,2021-05-17 09:50:00-04:00,1,-1.0252680559660647,stop,13.191310945325313
2021-05-18 09:45:00-04:00,2021-05-18 09:50:00-04:00,-1,-1.0314811635024015,stop,10.587532350768015
2021-05-20 09:45:00-04:00,2021-05-20 09:55:00-04:00,1,-1.0211894330491147,stop,15.788724956088117
2021-05-21 09:45:00-04:00,2021-05-21 09:50:00-04:00,-1,-1.0290777239061757,stop,11.619204334825554
2021-05-24 10:00:00-04:00,2021-05-24 10:15:00-04:00,1,3.969032158681227,target,11.004704331815446
2021-05-25 09:50:00-04:00,2021-05-25 10:55:00-04:00,-1,-1.0346255834758724,stop,9.878617505864895
2021-05-27 09:45:00-04:00,2021-05-27 09:50:00-04:00,-1,-1.0278503419515803,stop,12.268876721698689
2021-05-28 10:25:00-04:00,2021-05-28 10:30:00-04:00,-1,-1.0423297732506154,stop,8.095650593364553
2021-05-31 09:45:00-04:00,2021-05-31 09:50:00-04:00,-1,-1.066652756389716,stop,5.130146924537257
2021-06-01 09:45:00-04:00,2021-06-01 09:50:00-04:00,-1,3.949869616519169,target,6.840583544180845
2021-06-03 09:45:00-04:00,2021-06-03 09:55:00-04:00,-1,-1.0242990696071668,stop,13.894808252482107
2021-06-04 09:45:00-04:00,2021-06-04 10:00:00-04:00,1,3.976473955103379,target,14.604523702211736
2021-06-07 10:15:00-04:00,2021-06-07 10:20:00-04:00,-1,-1.034512568678072,stop,9.945667754636816
2021-06-08 09:50:00-04:00,2021-06-08 10:30:00-04:00,-1,3.9708871605003653,target,11.865341240738417
2021-06-10 09:45:00-04:00,2021-06-10 10:40:00-04:00,1,-1.0192193839136328,stop,18.086220780005533
2021-06-11 09:45:00-04:00,2021-06-11 09:55:00-04:00,1,-1.0428409358298962,stop,8.14967413177692
2021-06-14 09:45:00-04:00,2021-06-14 09:50:00-04:00,1,-1.0506445760195775,stop,6.914311524495133
2021-06-15 09:45:00-04:00,2021-06-15 09:50:00-04:00,1,-1.0429998930414686,stop,8.204757177674765
2021-06-17 09:50:00-04:00,2021-06-17 10:20:00-04:00,1,3.9756648095801395,target,14.468256066118556
2021-06-18 11:10:00-04:00,2021-06-18 11:35:00-04:00,-1,-1.0216313325662458,stop,16.258702925555554
2021-06-21 10:05:00-04:00,2021-06-21 10:10:00-04:00,1,-1.0233894501298957,stop,15.034977277726284
2021-06-22 10:30:00-04:00,2021-06-22 10:40:00-04:00,1,-1.0287502966524142,stop,12.324009887330249
2021-06-24 10:05:00-04:00,2021-06-24 11:40:00-04:00,1,-1.0519051365047716,stop,6.931249319199196
2021-06-25 09:50:00-04:00,2021-06-25 09:55:00-04:00,-1,3.952311040704481,target,7.51805956991484
2021-06-28 10:00:00-04:00,2021-06-28 12:25:00-04:00,1,3.9559434640604514,target,8.228901797972867
2021-06-29 09:45:00-04:00,2021-06-29 09:50:00-04:00,1,-1.042860938898608,stop,8.47151343362384
2021-07-01 09:45:00-04:00,2021-07-01 09:50:00-04:00,1,-1.036854515858792,stop,9.878494175995002
2021-07-02 09:45:00-04:00,2021-07-02 09:50:00-04:00,1,-1.0380422429495337,stop,9.633594777751568
2021-07-05 09:45:00-04:00,2021-07-05 10:00:00-04:00,-1,-1.083971548433086,stop,4.378727203844392
2021-07-06 10:05:00-04:00,2021-07-06 10:20:00-04:00,1,-1.0502434921066583,stop,7.350607644752017
2021-07-08 09:45:00-04:00,2021-07-08 09:50:00-04:00,-1,-1.0197776409649217,stop,18.45114604909213
2021-07-09 09:45:00-04:00,2021-07-09 09:50:00-04:00,1,-1.0289341952948359,stop,12.717573064050157
2021-07-12 09:50:00-04:00,2021-07-12 09:55:00-04:00,-1,-1.0370363002173049,stop,10.01810131003731
2021-07-13 09:45:00-04:00,2021-07-13 10:00:00-04:00,1,3.9715043923798374,target,13.111236684419055
2021-07-15 10:25:00-04:00,2021-07-15 10:30:00-04:00,-1,-1.0251714083853036,stop,14.71648425609419
2021-07-16 09:45:00-04:00,2021-07-16 10:10:00-04:00,-1,3.962394526499601,target,9.835129210297964
2021-07-19 09:45:00-04:00,2021-07-19 09:50:00-04:00,1,-1.0228375680907758,stop,15.940754533392465
2021-07-20 10:20:00-04:00,2021-07-20 10:30:00-04:00,1,-1.0269805951089526,stop,13.52141480854516
2021-07-22 10:00:00-04:00,2021-07-22 10:05:00-04:00,1,-1.0439823229022087,stop,8.467830269044498
2021-07-23 10:15:00-04:00,2021-07-23 10:20:00-04:00,1,-1.0479779364999,stop,7.8146698992986785
2021-07-26 09:45:00-04:00,2021-07-26 12:00:00-04:00,1,3.959092712048741,target,9.251090467299946
2021-07-27 09:55:00-04:00,2021-07-27 10:00:00-04:00,-1,-1.042096392360739,stop,8.947881027805124
2021-07-29 09:45:00-04:00,2021-07-29 09:50:00-04:00,1,-1.0331533432028335,stop,11.363109594985872
2021-07-30 09:45:00-04:00,2021-07-30 10:00:00-04:00,1,3.970278642920174,target,12.60177937854678
2021-08-02 09:45:00-04:00,2021-08-02 09:50:00-04:00,-1,-1.0344910190438432,stop,10.852141743893299
2021-08-03 09:45:00-04:00,2021-08-03 09:50:00-04:00,1,-1.0504429621395126,stop,7.43577391609324
2021-08-05 09:45:00-04:00,2021-08-05 10:25:00-04:00,1,-1.056956167129204,stop,6.636655546497423
2021-08-06 09:45:00-04:00,2021-08-06 09:50:00-04:00,-1,-1.04566277936844,stop,8.279150167702028
2021-08-09 10:35:00-04:00,2021-08-09 10:40:00-04:00,1,-1.0431455197533315,stop,8.77246080705845
2021-08-10 10:00:00-04:00,2021-08-10 10:05:00-04:00,1,-1.0690352047324294,stop,5.489622483664789
2021-08-12 09:45:00-04:00,2021-08-12 09:50:00-04:00,-1,-1.0462994078519654,stop,8.081699858057618
2021-08-13 09:45:00-04:00,2021-08-13 10:00:00-04:00,1,-1.0660968242455562,stop,5.710741788952873
2021-08-16 09:45:00-04:00,2021-08-16 09:50:00-04:00,-1,3.9510794562122147,target,7.6920566135759145
2021-08-17 09:45:00-04:00,2021-08-17 09:50:00-04:00,1,-1.0341186748569988,stop,11.016583013037234
2021-08-19 10:00:00-04:00,2021-08-19 11:00:00-04:00,1,3.977197713976049,target,16.340358784369528
2021-08-20 09:45:00-04:00,2021-08-20 09:55:00-04:00,1,3.9689385579899152,target,12.109789591107983
2021-08-23 09:45:00-04:00,2021-08-23 10:00:00-04:00,1,3.9500480037746146,target,7.620386359923941
2021-08-24 10:05:00-04:00,2021-08-24 11:25:00-04:00,1,-1.0479250622860874,stop,8.006242410396226
2021-08-26 09:45:00-04:00,2021-08-26 09:50:00-04:00,1,-1.055650016735769,stop,6.899666147563039
2021-08-27 10:05:00-04:00,2021-08-27 10:10:00-04:00,1,3.9492148050658926,target,7.565292221279378
2021-08-30 09:50:00-04:00,2021-08-30 10:00:00-04:00,1,3.9377191105367344,target,6.23937076725997
2021-08-31 09:50:00-04:00,2021-08-31 09:55:00-04:00,-1,-1.0321787227960864,stop,12.078601843990327
2021-09-02 09:45:00-04:00,2021-09-02 09:50:00-04:00,1,-1.0656256698793571,stop,5.971131379095823
2021-09-03 09:55:00-04:00,2021-09-03 10:00:00-04:00,1,3.969828143753673,target,12.976409809169127
2021-09-06 09:45:00-04:00,2021-09-06 09:55:00-04:00,1,3.865602477916765,target,2.9208452637667506
2021-09-07 09:50:00-04:00,2021-09-07 09:55:00-04:00,-1,-1.0474647716257819,stop,8.23407124035839
2021-09-09 09:45:00-04:00,2021-09-09 09:50:00-04:00,1,-1.04084512667817,stop,9.583779127886373
2021-09-10 10:00:00-04:00,2021-09-10 10:05:00-04:00,-1,3.933127325306696,target,5.836622237213305
2021-09-13 09:45:00-04:00,2021-09-13 09:50:00-04:00,-1,-1.0358083078439786,stop,10.795440405549016
2021-09-14 09:50:00-04:00,2021-09-14 10:00:00-04:00,-1,3.9685243971186637,target,12.24338649690435
2021-09-16 09:45:00-04:00,2021-09-16 10:15:00-04:00,-1,3.9603853653382757,target,9.706398935557445
2021-09-17 09:45:00-04:00,2021-09-17 10:35:00-04:00,-1,3.964504149742188,target,10.827100265085392
2021-09-20 09:45:00-04:00,2021-09-20 09:50:00-04:00,1,-1.0203840088517095,stop,18.56383370954245
2021-09-21 09:45:00-04:00,2021-09-21 09:55:00-04:00,1,-1.025127401628034,stop,15.014089762074946
2021-09-23 09:45:00-04:00,2021-09-23 10:15:00-04:00,1,3.9757185612722656,target,15.793726210333261
2021-09-24 09:55:00-04:00,2021-09-24 10:10:00-04:00,1,-1.0304907153318232,stop,12.496405672796755
2021-09-27 11:00:00-04:00,2021-09-27 11:05:00-04:00,1,-1.0221188955692107,stop,17.192378876094153
2021-09-28 09:45:00-04:00,2021-09-28 09:55:00-04:00,-1,-1.0174232497459994,stop,21.469710564817433
2021-09-30 09:50:00-04:00,2021-09-30 09:55:00-04:00,1,-1.0251244842324492,stop,14.794727928552675
2021-10-01 09:45:00-04:00,2021-10-01 09:50:00-04:00,-1,-1.0185774116855566,stop,19.733597352707875
2021-10-04 09:45:00-04:00,2021-10-04 09:55:00-04:00,-1,-1.0196449403054,stop,18.604610592830795
2021-10-05 09:50:00-04:00,2021-10-05 09:55:00-04:00,1,-1.024585667091813,stop,14.81599784361606
2021-10-07 09:55:00-04:00,2021-10-07 14:25:00-04:00,1,-1.0268665935995012,stop,13.90738608251013
2021-10-08 09:45:00-04:00,2021-10-08 09:50:00-04:00,-1,-1.01924940982442,stop,19.32151322421487
2021-10-11 09:45:00-04:00,2021-10-11 10:10:00-04:00,1,3.976364207026015,target,15.762141498295023
2021-10-12 09:45:00-04:00,2021-10-12 09:50:00-04:00,-1,-1.0226110192714175,stop,16.272645568726148
2021-10-14 09:45:00-04:00,2021-10-14 09:50:00-04:00,1,-1.0333899622636922,stop,11.193984688039563
2021-10-15 10:25:00-04:00,2021-10-15 10:30:00-04:00,-1,-1.033627213925214,stop,11.203832097578925
2021-10-18 09:45:00-04:00,2021-10-18 10:50:00-04:00,1,3.971264221655643,target,13.209512828096194
2021-10-19 09:45:00-04:00,2021-10-19 09:50:00-04:00,1,-1.0415047368923316,stop,9.250957464606472
2021-10-21 09:45:00-04:00,2021-10-21 10:25:00-04:00,1,3.9602732808796235,target,9.71016785780921
2021-10-22 09:45:00-04:00,2021-10-22 09:50:00-04:00,-1,-1.0446248402154723,stop,8.641451128798508
2021-10-25 11:50:00-04:00,2021-10-25 12:35:00-04:00,1,3.966389953045503,target,11.523838787621571
2021-10-26 10:00:00-04:00,2021-10-26 10:05:00-04:00,1,-1.0438815695286474,stop,8.922514851119558
2021-10-28 09:45:00-04:00,2021-10-28 09:50:00-04:00,1,-1.0381755681322695,stop,10.273447627385394
2021-10-29 09:45:00-04:00,2021-10-29 09:50:00-04:00,1,-1.0305153970235035,stop,12.848475230734039
2021-11-01 09:45:00-04:00,2021-11-01 09:50:00-04:00,-1,-1.0441358098271394,stop,8.963247147341463
2021-11-02 09:45:00-04:00,2021-11-02 10:05:00-04:00,1,-1.041876659289225,stop,9.523070382683727
2021-11-04 09:45:00-04:00,2021-11-04 09:50:00-04:00,1,3.9509036292729127,target,8.273875258078988
2021-11-05 09:45:00-04:00,2021-11-05 09:50:00-04:00,-1,-1.0313004974549875,stop,13.109446947157267
2021-11-08 09:50:00-05:00,2021-11-08 09:55:00-05:00,-1,-1.0423464688095767,stop,9.652967466403425
2021-11-09 09:45:00-05:00,2021-11-09 09:50:00-05:00,-1,3.9514226342366734,target,8.403263860125662
2021-11-11 10:15:00-05:00,2021-11-11 10:20:00-05:00,-1,-1.0384897249034466,stop,10.437132703293173
2021-11-12 09:45:00-05:00,2021-11-12 09:50:00-05:00,-1,-1.0401823339217815,stop,9.969112172728273
2021-11-15 09:50:00-05:00,2021-11-15 09:55:00-05:00,-1,-1.048489122063692,stop,8.365618145397093
2021-11-16 10:15:00-05:00,2021-11-16 10:20:00-05:00,1,-1.0321915204476546,stop,12.61587626751134
2021-11-18 09:45:00-05:00,2021-11-18 09:50:00-05:00,1,-1.0527177281965834,stop,7.775858241813694
2021-11-19 09:45:00-05:00,2021-11-19 09:55:00-05:00,1,3.9667690458510294,target,12.501144013200246
2021-11-22 09:45:00-05:00,2021-11-22 10:00:00-05:00,1,3.9576513871495265,target,9.88890264937072
2021-11-23 09:45:00-05:00,2021-11-23 10:00:00-05:00,1,-1.0230527921942374,stop,17.74157844954061
2021-11-25 09:45:00-05:00,2021-11-25 12:55:00-05:00,1,0.6472163252419907,session_end,7.616907373521826
2021-11-26 09:45:00-05:00,2021-11-26 09:50:00-05:00,-1,-1.0174237955206076,stop,23.28367193984741
2021-11-29 09:45:00-05:00,2021-11-29 09:50:00-05:00,-1,-1.0263894577912467,stop,15.371408222539685
2021-11-30 09:45:00-05:00,2021-11-30 09:50:00-05:00,1,-1.0224790308032339,stop,18.191194844363054
2021-12-02 09:45:00-05:00,2021-12-02 09:50:00-05:00,1,-1.013087495347393,stop,30.466528412231128
2021-12-03 09:45:00-05:00,2021-12-03 09:55:00-05:00,-1,3.9839461331439083,target,24.656512329060206
2021-12-06 10:15:00-05:00,2021-12-06 10:30:00-05:00,1,-1.0143380335784553,stop,27.431692800850215
2021-12-07 09:45:00-05:00,2021-12-07 10:00:00-05:00,1,3.971872566973974,target,14.431310430270969
2021-12-09 09:45:00-05:00,2021-12-09 09:50:00-05:00,1,-1.0347181249706574,stop,11.811480236283387
2021-12-10 09:45:00-05:00,2021-12-10 10:05:00-05:00,-1,-1.0245794757437996,stop,16.535430383919447
2021-12-13 09:50:00-05:00,2021-12-13 09:55:00-05:00,-1,-1.0352671591768428,stop,11.539894744657431
2021-12-14 09:45:00-05:00,2021-12-14 09:50:00-05:00,1,-1.0186411353544365,stop,21.416576665598768
2021-12-16 09:50:00-05:00,2021-12-16 09:55:00-05:00,-1,-1.0210628612856743,stop,19.26815826100392
2021-12-17 09:45:00-05:00,2021-12-17 09:55:00-05:00,1,-1.0150304191127084,stop,26.223935853729927
2021-12-20 09:55:00-05:00,2021-12-20 10:00:00-05:00,1,-1.0187586243331597,stop,20.827423833665307
2021-12-21 09:45:00-05:00,2021-12-21 10:25:00-05:00,-1,3.975427635765849,target,15.922102159667702
2021-12-23 09:55:00-05:00,2021-12-23 10:05:00-05:00,1,-1.0373068695466658,stop,10.879488047896302
2021-12-27 10:00:00-05:00,2021-12-27 10:20:00-05:00,1,3.9640203112422614,target,11.464494886869943
2021-12-28 10:05:00-05:00,2021-12-28 10:10:00-05:00,-1,-1.0334025484062304,stop,12.37699191903448
2021-12-30 10:05:00-05:00,2021-12-30 10:25:00-05:00,1,3.9624157446905306,target,11.01788060770923
2021-12-31 09:45:00-05:00,2021-12-31 09:50:00-05:00,-1,-1.041674843091756,stop,9.85012038192508
2022-01-03 09:45:00-05:00,2022-01-03 09:50:00-05:00,-1,3.9694495771739438,target,13.360712486071861
2022-01-04 09:50:00-05:00,2022-01-04 10:00:00-05:00,-1,3.9633885302958713,target,11.2168467617048
2022-01-06 10:00:00-05:00,2022-01-06 10:15:00-05:00,-1,-1.0150233343226938,stop,26.135397213822216
2022-01-07 09:45:00-05:00,2022-01-07 09:50:00-05:00,1,-1.0138285561178255,stop,28.547714288970383
2022-01-10 09:45:00-05:00,2022-01-10 09:50:00-05:00,-1,-1.0160852291583815,stop,23.819875617678917
2022-01-11 10:00:00-05:00,2022-01-11 10:30:00-05:00,1,-1.0183378222884514,stop,21.244949254511084
2022-01-13 10:00:00-05:00,2022-01-13 10:15:00-05:00,-1,3.9719000115368956,target,14.116088147802657
2022-01-14 09:45:00-05:00,2022-01-14 09:50:00-05:00,1,-1.0136803043182614,stop,28.357665907607952
2022-01-17 09:45:00-05:00,2022-01-17 10:00:00-05:00,-1,-1.0381076611691182,stop,10.229156103050627
2022-01-18 10:05:00-05:00,2022-01-18 10:35:00-05:00,1,-1.0178192316090755,stop,21.553508065278947
2022-01-20 09:45:00-05:00,2022-01-20 09:50:00-05:00,1,-1.0194905266617857,stop,19.56092576555602
2022-01-21 09:50:00-05:00,2022-01-21 10:20:00-05:00,-1,3.9879499183354072,target,30.203299087683263
2022-01-24 09:45:00-05:00,2022-01-24 09:50:00-05:00,-1,-1.0102692546036922,stop,34.48195182539348
2022-01-25 09:45:00-05:00,2022-01-25 10:00:00-05:00,-1,3.989992588285787,target,35.11589925706903
2022-01-27 09:45:00-05:00,2022-01-27 09:55:00-05:00,1,-1.009693566892493,stop,36.96388157317051
2022-01-28 09:45:00-05:00,2022-01-28 09:50:00-05:00,-1,-1.008142564050684,stop,42.8277536445803
2022-01-31 09:50:00-05:00,2022-01-31 10:05:00-05:00,1,3.9857042660738036,target,25.706761610774265
2022-02-01 10:00:00-05:00,2022-02-01 10:10:00-05:00,-1,-1.0165494746675419,stop,22.397457683760877
2022-02-03 10:15:00-05:00,2022-02-03 10:35:00-05:00,1,-1.0148350139247122,stop,24.922549560327752
2022-02-04 09:45:00-05:00,2022-02-04 09:50:00-05:00,1,-1.0100369979482133,stop,36.25665071784897
2022-02-07 09:50:00-05:00,2022-02-07 09:55:00-05:00,1,-1.0178156368072953,stop,20.735031878035443
2022-02-08 10:00:00-05:00,2022-02-08 10:15:00-05:00,-1,-1.019974050653927,stop,18.18918151266371
2022-02-10 09:50:00-05:00,2022-02-10 10:00:00-05:00,1,3.9851451691432587,target,25.188632775707447
2022-02-11 09:45:00-05:00,2022-02-11 09:50:00-05:00,1,-1.0173825142161657,stop,21.20085593739168
2022-02-14 09:45:00-05:00,2022-02-14 10:00:00-05:00,1,-1.010643271305141,stop,33.506165232920466
2022-02-15 09:50:00-05:00,2022-02-15 09:55:00-05:00,-1,-1.0166668183646774,stop,21.71853645768533
2022-02-17 09:45:00-05:00,2022-02-17 10:15:00-05:00,-1,3.9811893749305964,target,19.109267369154622
2022-02-18 09:55:00-05:00,2022-02-18 10:00:00-05:00,1,-1.0156117279977708,stop,22.746837892329495
2022-02-21 09:45:00-05:00,2022-02-21 09:50:00-05:00,-1,-1.0127659572791,stop,27.118514670361037
2022-02-22 09:45:00-05:00,2022-02-22 10:25:00-05:00,1,3.987588733386781,target,28.41748393191301
2022-02-24 09:45:00-05:00,2022-02-24 10:05:00-05:00,1,-1.0078099070325528,stop,42.476419104950764
2022-02-25 09:55:00-05:00,2022-02-25 10:05:00-05:00,-1,-1.01014328562379,stop,34.28842238500329
2022-02-28 09:50:00-05:00,2022-02-28 10:05:00-05:00,1,-1.0126090897241726,stop,27.93970973028445
2022-03-01 10:00:00-05:00,2022-03-01 10:05:00-05:00,1,-1.01386439840047,stop,25.66741028814431
2022-03-03 09:45:00-05:00,2022-03-03 10:15:00-05:00,-1,3.9837536934418005,target,21.834094499312414
2022-03-04 09:45:00-05:00,2022-03-04 09:55:00-05:00,-1,-1.0123478537676676,stop,28.187142984868842
2022-03-07 09:45:00-05:00,2022-03-07 10:10:00-05:00,-1,3.98848463425194,target,29.585799620252146
2022-03-08 10:00:00-05:00,2022-03-08 10:15:00-05:00,-1,-1.0099586030434426,stop,33.27873168514998
2022-03-10 09:55:00-05:00,2022-03-10 10:00:00-05:00,1,-1.0129458555929076,stop,26.17411857487059
2022-03-11 09:50:00-05:00,2022-03-11 11:10:00-05:00,-1,3.98810872089862,target,28.375181291507033
2022-03-14 09:45:00-04:00,2022-03-14 09:50:00-04:00,1,-1.0112150411885004,stop,29.644380238942176
2022-03-15 09:45:00-04:00,2022-03-15 09:50:00-04:00,-1,-1.0119182597035983,stop,27.52500566719391
2022-03-17 09:45:00-04:00,2022-03-17 09:50:00-04:00,1,-1.0151954001477272,stop,22.83649975861772
2022-03-18 09:45:00-04:00,2022-03-18 10:00:00-04:00,1,3.980928305756838,target,18.557226456345234
2022-03-21 09:50:00-04:00,2022-03-21 10:00:00-04:00,-1,3.9788114804543757,target,16.86946787708621
2022-03-22 10:00:00-04:00,2022-03-22 10:10:00-04:00,1,3.977756546824599,target,16.362284592250944
2022-03-24 09:50:00-04:00,2022-03-24 09:55:00-04:00,-1,-1.0221449929360529,stop,16.35895315700509
2022-03-25 09:55:00-04:00,2022-03-25 10:00:00-04:00,-1,-1.0235229443254104,stop,15.658360203453412
2022-03-28 09:55:00-04:00,2022-03-28 10:00:00-04:00,1,-1.0192447209697124,stop,19.31120219073091
2022-03-29 09:45:00-04:00,2022-03-29 09:55:00-04:00,-1,-1.0179204778485518,stop,21.145650184784245
2022-03-31 09:45:00-04:00,2022-03-31 09:50:00-04:00,-1,-1.024213625502467,stop,15.486043639561103
2022-04-01 09:50:00-04:00,2022-04-01 10:10:00-04:00,-1,-1.0275042382099169,stop,13.513345549079531
2022-04-04 09:45:00-04:00,2022-04-04 10:00:00-04:00,1,3.9745284299005217,target,14.772108824461611
2022-04-05 09:50:00-04:00,2022-04-05 10:00:00-04:00,-1,-1.0321795131056917,stop,11.718131254370746
2022-04-07 10:00:00-04:00,2022-04-07 10:05:00-04:00,1,-1.0175600989533211,stop,20.71420424038115
2022-04-08 09:45:00-04:00,2022-04-08 09:50:00-04:00,-1,-1.0191704388910898,stop,18.74774213708406
2022-04-11 09:45:00-04:00,2022-04-11 09:50:00-04:00,1,-1.017886331539606,stop,19.78615235300822
2022-04-12 09:45:00-04:00,2022-04-12 10:30:00-04:00,1,-1.0138073347853946,stop,25.65769647221896
2022-04-14 09:45:00-04:00,2022-04-14 10:05:00-04:00,-1,3.98193945511955,target,19.448970116578494
2022-04-18 09:50:00-04:00,2022-04-18 09:55:00-04:00,-1,-1.0223082420479115,stop,15.536140080061159
2022-04-19 09:45:00-04:00,2022-04-19 09:55:00-04:00,1,3.9828403642400496,target,20.40966373600895
2022-04-21 10:05:00-04:00,2022-04-21 10:30:00-04:00,-1,-1.0211921935268298,stop,16.72614856519249
2022-04-22 10:20:00-04:00,2022-04-22 10:35:00-04:00,-1,-1.0137971235416763,stop,24.712363000009645
2022-04-25 09:45:00-04:00,2022-04-25 09:50:00-04:00,-1,-1.0126435317845157,stop,26.268760393268167
2022-04-26 09:45:00-04:00,2022-04-26 10:00:00-04:00,-1,3.983378006197621,target,19.907354138464143
2022-04-28 09:45:00-04:00,2022-04-28 09:50:00-04:00,-1,-1.012535995320128,stop,26.21008709110538
2022-04-29 09:55:00-04:00,2022-04-29 10:05:00-04:00,1,-1.0120349478897062,stop,27.722427669208628
2022-05-02 09:45:00-04:00,2022-05-02 09:50:00-04:00,1,-1.0111605903955934,stop,28.916936852181607
2022-05-03 09:45:00-04:00,2022-05-03 09:50:00-04:00,-1,-1.0162416957145837,stop,20.028331337003692
2022-05-05 09:45:00-04:00,2022-05-05 09:55:00-04:00,-1,3.984180144767494,target,20.801630478503284
2022-05-06 09:45:00-04:00,2022-05-06 10:05:00-04:00,-1,-1.0094204759770853,stop,33.48216322926237
2022-05-09 09:45:00-04:00,2022-05-09 09:50:00-04:00,-1,-1.0107056352282697,stop,29.079020452094483
2022-05-10 09:45:00-04:00,2022-05-10 09:55:00-04:00,-1,-1.0117131774960952,stop,26.512707201583908
2022-05-12 09:45:00-04:00,2022-05-12 09:50:00-04:00,1,-1.0085314205950877,stop,34.68423400173015
2022-05-13 09:45:00-04:00,2022-05-13 10:00:00-04:00,1,3.9859985033070253,target,21.936511967309343
2022-05-16 09:45:00-04:00,2022-05-16 09:50:00-04:00,-1,-1.0139253524859013,stop,22.005310878143064
2022-05-17 09:45:00-04:00,2022-05-17 09:50:00-04:00,-1,-1.016770698210501,stop,18.593876272247144
2022-05-19 09:45:00-04:00,2022-05-19 09:55:00-04:00,-1,-1.0108414759446336,stop,27.413277989495327
2022-05-20 10:05:00-04:00,2022-05-20 10:50:00-04:00,-1,3.983768651278159,target,18.280548425464076
2022-05-23 09:45:00-04:00,2022-05-23 09:55:00-04:00,1,-1.0122834079006602,stop,24.224162965963842
2022-05-24 09:45:00-04:00,2022-05-24 10:00:00-04:00,-1,3.9852074767747463,target,19.70862375692559
2022-05-26 09:45:00-04:00,2022-05-26 10:10:00-04:00,1,3.987124841065725,target,23.58636079203825
2022-05-27 09:50:00-04:00,2022-05-27 12:00:00-04:00,1,3.9865104715465285,target,23.35680037619386
2022-05-30 09:55:00-04:00,2022-05-30 10:00:00-04:00,1,-1.0250039881122195,stop,12.757136078564145
2022-05-31 10:00:00-04:00,2022-05-31 10:15:00-04:00,-1,-1.0117697982228875,stop,26.645000225762487
2022-06-02 09:45:00-04:00,2022-06-02 09:55:00-04:00,1,-1.013840938141082,stop,22.617010242269316
2022-06-03 09:45:00-04:00,2022-06-03 09:50:00-04:00,-1,-1.0141339095462296,stop,22.357368428549307
2022-06-06 09:45:00-04:00,2022-06-06 09:50:00-04:00,-1,-1.0203751884821104,stop,15.589965842904348
2022-06-07 09:45:00-04:00,2022-06-07 10:05:00-04:00,1,-1.0152556442285774,stop,20.48899557168079
2022-06-09 09:50:00-04:00,2022-06-09 10:10:00-04:00,1,-1.0142198521952321,stop,22.10263691813816
2022-06-10 09:50:00-04:00,2022-06-10 11:15:00-04:00,-1,3.9909328776493083,target,32.64508553796986
2022-06-13 10:10:00-04:00,2022-06-13 10:40:00-04:00,-1,3.9881823062351565,target,24.046645765578432
2022-06-14 10:20:00-04:00,2022-06-14 10:25:00-04:00,-1,-1.0104065888465288,stop,27.12197427160936
2022-06-16 09:50:00-04:00,2022-06-16 09:55:00-04:00,-1,-1.0105406894855333,stop,26.69127956649936
2022-06-17 09:50:00-04:00,2022-06-17 09:55:00-04:00,1,-1.011532753874718,stop,24.428105688602955
2022-06-20 09:45:00-04:00,2022-06-20 09:50:00-04:00,-1,-1.0243867907260826,stop,11.60059056087266
2022-06-21 09:55:00-04:00,2022-06-21 10:30:00-04:00,1,3.9823456863953464,target,16.469123141760065
2022-06-23 09:50:00-04:00,2022-06-23 09:55:00-04:00,-1,-1.0131695894484953,stop,21.917917132128423
2022-06-24 09:45:00-04:00,2022-06-24 09:55:00-04:00,1,-1.0187554759411102,stop,15.872650307041113
2022-06-27 09:45:00-04:00,2022-06-27 09:50:00-04:00,-1,-1.0150525415764178,stop,19.98563536893562
2022-06-28 10:05:00-04:00,2022-06-28 10:30:00-04:00,-1,3.9834096290321663,target,17.994759787505245
2022-06-30 09:45:00-04:00,2022-06-30 09:50:00-04:00,-1,-1.011716973939693,stop,24.37876190919451
2022-07-01 09:45:00-04:00,2022-07-01 10:10:00-04:00,1,-1.0130124843090744,stop,22.065312594455463
2022-07-04 10:00:00-04:00,2022-07-04 11:00:00-04:00,-1,-1.0295741381905337,stop,9.742535497134668
2022-07-05 09:45:00-04:00,2022-07-05 09:50:00-04:00,1,-1.015801587805672,stop,18.059822746723512
2022-07-07 09:45:00-04:00,2022-07-07 10:00:00-04:00,1,-1.0190251335292189,stop,15.738208329492409
2022-07-08 09:50:00-04:00,2022-07-08 09:55:00-04:00,-1,-1.015242570389462,stop,19.645448863524507
2022-07-11 09:45:00-04:00,2022-07-11 10:10:00-04:00,-1,-1.0160441975828818,stop,18.51183928904902
2022-07-12 09:45:00-04:00,2022-07-12 10:00:00-04:00,-1,3.9841882690969643,target,18.70260293226056
2022-07-14 10:00:00-04:00,2022-07-14 10:30:00-04:00,-1,-1.0120733786174914,stop,23.89908927416218
2022-07-15 09:45:00-04:00,2022-07-15 10:00:00-04:00,-1,-1.014602727446101,stop,20.38301562857123
2022-07-18 09:45:00-04:00,2022-07-18 10:00:00-04:00,1,-1.0238197491112493,stop,12.716732899123599
2022-07-19 09:45:00-04:00,2022-07-19 09:50:00-04:00,-1,-1.0185559344648476,stop,16.150844584983133
2022-07-21 09:50:00-04:00,2022-07-21 10:00:00-04:00,1,-1.0146758211160705,stop,21.228594939382674
2022-07-22 09:45:00-04:00,2022-07-22 09:50:00-04:00,1,-1.0235361050963558,stop,13.391715354755434
2022-07-25 10:05:00-04:00,2022-07-25 10:10:00-04:00,-1,-1.0215338722851628,stop,14.331331017796401
2022-07-26 09:45:00-04:00,2022-07-26 09:50:00-04:00,-1,-1.0210188406665766,stop,14.517524934317407
2022-07-28 09:45:00-04:00,2022-07-28 10:45:00-04:00,-1,-1.015906550639123,stop,19.66098435382628
2022-07-29 09:45:00-04:00,2022-07-29 11:00:00-04:00,1,-1.0181946912790427,stop,17.621868368038122
2022-08-01 09:45:00-04:00,2022-08-01 10:00:00-04:00,1,3.9784818367208454,target,15.107169077758954
2022-08-02 09:45:00-04:00,2022-08-02 09:50:00-04:00,1,-1.0201652434119988,stop,15.997370263385164
2022-08-04 09:45:00-04:00,2022-08-04 09:50:00-04:00,1,-1.020154404564555,stop,16.48398691127477
2022-08-05 10:00:00-04:00,2022-08-05 10:20:00-04:00,1,3.9844364521812645,target,21.323791422037175
2022-08-08 09:45:00-04:00,2022-08-08 10:25:00-04:00,1,-1.0167831157306313,stop,19.866344808631766
2022-08-09 09:50:00-04:00,2022-08-09 10:05:00-04:00,-1,3.9776170759314833,target,14.471353452347103
2022-08-11 10:00:00-04:00,2022-08-11 10:15:00-04:00,1,3.9751053891832613,target,13.599856733413617
2022-08-12 09:45:00-04:00,2022-08-12 09:50:00-04:00,1,-1.025779709378148,stop,12.992369008537935
2022-08-15 09:50:00-04:00,2022-08-15 10:00:00-04:00,1,-1.0278712686110412,stop,12.174196839359865
2022-08-16 09:45:00-04:00,2022-08-16 09:55:00-04:00,-1,-1.0320005378970225,stop,10.624277313385392
2022-08-18 09:45:00-04:00,2022-08-18 09:50:00-04:00,1,-1.024551161999991,stop,13.709937631092544
2022-08-19 09:45:00-04:00,2022-08-19 10:25:00-04:00,-1,3.977743428903101,target,14.895034587420014
2022-08-22 09:45:00-04:00,2022-08-22 09:50:00-04:00,-1,-1.0245323214697195,stop,13.264448270914727
2022-08-23 09:50:00-04:00,2022-08-23 10:00:00-04:00,1,-1.0202914617618328,stop,15.913735932948839
2022-08-25 09:50:00-04:00,2022-08-25 09:55:00-04:00,-1,-1.0249816639651959,stop,12.974796233102097
2022-08-26 09:45:00-04:00,2022-08-26 09:55:00-04:00,-1,-1.0193596846104231,stop,16.942946923181808
2022-08-29 10:15:00-04:00,2022-08-29 10:25:00-04:00,1,-1.015930815841531,stop,19.731823735288344
2022-08-30 09:45:00-04:00,2022-08-30 09:50:00-04:00,-1,-1.019805866424103,stop,15.784908614732558
2022-09-01 10:00:00-04:00,2022-09-01 10:05:00-04:00,-1,-1.0167258773937018,stop,18.15550688384974
2022-09-02 10:00:00-04:00,2022-09-02 10:05:00-04:00,-1,-1.0127573267877563,stop,24.115391774015734
2022-09-05 10:10:00-04:00,2022-09-05 11:25:00-04:00,1,-1.024426770905792,stop,12.410044334563281
2022-09-06 09:45:00-04:00,2022-09-06 10:00:00-04:00,-1,3.983960427792837,target,18.696851252148917
2022-09-08 09:45:00-04:00,2022-09-08 10:00:00-04:00,1,-1.0161620633606734,stop,18.865534930353533
2022-09-09 09:45:00-04:00,2022-09-09 09:50:00-04:00,1,-1.021559653003895,stop,14.451690426451023
2022-09-12 09:45:00-04:00,2022-09-12 10:15:00-04:00,1,3.9755175952675414,target,13.017303383876424
2022-09-13 09:55:00-04:00,2022-09-13 11:20:00-04:00,-1,3.9906012099099066,target,32.41926322114159
2022-09-15 09:45:00-04:00,2022-09-15 10:20:00-04:00,1,-1.0175980646624094,stop,17.16077999168374
2022-09-16 09:45:00-04:00,2022-09-16 09:50:00-04:00,-1,-1.0188401365490793,stop,15.582873619034217
2022-09-19 09:45:00-04:00,2022-09-19 09:50:00-04:00,1,-1.0177312332396153,stop,16.659759206117087
2022-09-20 10:05:00-04:00,2022-09-20 10:10:00-04:00,1,-1.0209894391427523,stop,14.129518084961092
2022-09-22 09:50:00-04:00,2022-09-22 09:55:00-04:00,-1,-1.011040396933059,stop,26.12938334681894
2022-09-23 09:45:00-04:00,2022-09-23 10:25:00-04:00,-1,-1.0148877082937517,stop,19.045731265690847
2022-09-26 09:50:00-04:00,2022-09-26 10:55:00-04:00,1,-1.0117904922249683,stop,24.117814433140666
2022-09-27 10:00:00-04:00,2022-09-27 10:35:00-04:00,-1,-1.0142449183985804,stop,20.039591142482095
2022-09-29 09:45:00-04:00,2022-09-29 10:15:00-04:00,-1,3.989266373661342,target,25.845360186631297
2022-09-30 09:50:00-04:00,2022-09-30 10:00:00-04:00,1,-1.0102813857856725,stop,27.142149932964458
2022-10-03 09:45:00-04:00,2022-10-03 09:50:00-04:00,1,-1.013623029976354,stop,20.2722401848514
2022-10-04 09:45:00-04:00,2022-10-04 10:00:00-04:00,1,3.9802487587308146,target,14.64731498765832
2022-10-06 10:00:00-04:00,2022-10-06 10:45:00-04:00,-1,-1.0131455653701178,stop,21.96645200740386
2022-10-07 09:45:00-04:00,2022-10-07 11:50:00-04:00,-1,3.9883792895505286,target,23.90718726488194
2022-10-10 09:50:00-04:00,2022-10-10 10:25:00-04:00,-1,-1.0151889209778078,stop,18.0820231369853
2022-10-11 09:45:00-04:00,2022-10-11 10:40:00-04:00,-1,-1.014308863433451,stop,18.90769778181493
2022-10-13 09:45:00-04:00,2022-10-13 10:10:00-04:00,1,3.9915417779334597,target,31.40713245497136
2022-10-14 09:45:00-04:00,2022-10-14 10:00:00-04:00,-1,3.990878068205886,target,29.94934534571803
2022-10-17 09:50:00-04:00,2022-10-17 09:55:00-04:00,1,-1.0135581880379283,stop,20.368512957929852
2022-10-18 09:45:00-04:00,2022-10-18 09:50:00-04:00,-1,-1.0134083964095517,stop,21.09527417577374
2022-10-20 09:45:00-04:00,2022-10-20 10:05:00-04:00,1,3.989065576826283,target,25.647574152122615
2022-10-21 09:45:00-04:00,2022-10-21 10:05:00-04:00,1,3.9883863147181238,target,23.97228761299084
2022-10-24 09:45:00-04:00,2022-10-24 09:50:00-04:00,1,-1.0119577035620555,stop,23.687669432099938
2022-10-25 09:45:00-04:00,2022-10-25 09:50:00-04:00,1,3.9800232267428086,target,14.497457668756397
2022-10-27 09:45:00-04:00,2022-10-27 09:50:00-04:00,-1,3.9866789850354727,target,21.08971634673071
2022-10-28 10:25:00-04:00,2022-10-28 11:00:00-04:00,1,3.9893897190388166,target,26.93025543103613
2022-10-31 09:45:00-04:00,2022-10-31 10:25:00-04:00,-1,3.9790582298301,target,13.556420930359309
2022-11-01 09:45:00-04:00,2022-11-01 09:50:00-04:00,-1,3.9751700009122155,target,11.559186967537244
2022-11-03 09:45:00-04:00,2022-11-03 10:00:00-04:00,-1,3.9839705654001887,target,16.65757446342832
2022-11-04 09:45:00-04:00,2022-11-04 09:50:00-04:00,-1,-1.008441323121215,stop,31.786242388372557
2022-11-07 09:45:00-05:00,2022-11-07 09:50:00-05:00,-1,-1.0157426952097575,stop,17.22456460419926
2022-11-08 09:45:00-05:00,2022-11-08 09:50:00-05:00,-1,-1.0193667921482388,stop,14.19017230362806
2022-11-10 09:50:00-05:00,2022-11-10 10:40:00-05:00,1,-1.008715696905056,stop,32.49327007380816
2022-11-11 09:45:00-05:00,2022-11-11 10:00:00-05:00,1,-1.0162857272241401,stop,17.79546535573718
2022-11-14 09:45:00-05:00,2022-11-14 09:50:00-05:00,-1,-1.0223358436895689,stop,13.091814305431399
2022-11-15 09:45:00-05:00,2022-11-15 09:55:00-05:00,-1,-1.0144997247839487,stop,20.674848586848384
2022-11-17 09:45:00-05:00,2022-11-17 09:55:00-05:00,1,-1.0152992124491516,stop,18.88685382256881
2022-11-18 09:45:00-05:00,2022-11-18 09:50:00-05:00,-1,-1.0182844812413918,stop,16.03293938731622
2022-11-21 09:50:00-05:00,2022-11-21 09:55:00-05:00,1,-1.0233579100172605,stop,12.469567045889562
2022-11-22 10:45:00-05:00,2022-11-22 13:10:00-05:00,1,3.9810103850481915,target,15.348336832856148
2022-11-24 09:50:00-05:00,2022-11-24 09:55:00-05:00,-1,-1.045635695930666,stop,6.508951394202086
2022-11-25 10:00:00-05:00,2022-11-25 10:05:00-05:00,1,-1.0309547570617243,stop,9.512335473604253
2022-11-28 09:45:00-05:00,2022-11-28 09:50:00-05:00,1,-1.022532898479273,stop,13.032190235146118
2022-11-29 09:45:00-05:00,2022-11-29 10:00:00-05:00,-1,-1.0230061484389221,stop,12.572326505998717
2022-12-01 09:45:00-05:00,2022-12-01 10:00:00-05:00,1,-1.0184771156171482,stop,16.319040453452544
2022-12-02 09:50:00-05:00,2022-12-02 09:55:00-05:00,-1,-1.0127583888583773,stop,23.211345316150982
2022-12-05 10:00:00-05:00,2022-12-05 10:30:00-05:00,-1,3.976073860614054,target,12.378852658574033
2022-12-06 09:45:00-05:00,2022-12-06 10:00:00-05:00,-1,3.980229968430743,target,14.728620704096102
2022-12-08 09:45:00-05:00,2022-12-08 09:50:00-05:00,-1,-1.021304776729515,stop,13.479854946759588
2022-12-09 09:45:00-05:00,2022-12-09 09:50:00-05:00,1,-1.013098591487119,stop,22.158739485304977
2022-12-12 09:45:00-05:00,2022-12-12 09:50:00-05:00,1,-1.0279015844942339,stop,10.37539046747952
2022-12-13 09:45:00-05:00,2022-12-13 09:50:00-05:00,1,-1.0100184618662262,stop,30.29277503821504
2022-12-15 09:45:00-05:00,2022-12-15 10:00:00-05:00,-1,3.985040287905893,target,19.078089956943586
2022-12-16 09:45:00-05:00,2022-12-16 10:00:00-05:00,1,-1.016162151400152,stop,17.531189540914056
2022-12-19 09:45:00-05:00,2022-12-19 10:05:00-05:00,-1,3.976009265026254,target,11.599707895655229
2022-12-20 09:45:00-05:00,2022-12-20 09:50:00-05:00,-1,-1.017857861076535,stop,15.389488690801954
2022-12-22 09:45:00-05:00,2022-12-22 09:50:00-05:00,-1,-1.018463104257939,stop,14.916750391694222
2022-12-23 09:55:00-05:00,2022-12-23 10:00:00-05:00,-1,-1.0107786101552265,stop,25.185421459947975
2022-12-27 09:45:00-05:00,2022-12-27 10:15:00-05:00,-1,-1.0177502223705839,stop,15.296236680807851
2022-12-29 09:50:00-05:00,2022-12-29 09:55:00-05:00,1,-1.0197183613082708,stop,13.773717102792943
2022-12-30 09:45:00-05:00,2022-12-30 09:50:00-05:00,-1,-1.0224900870207203,stop,12.015498820506764
2023-01-03 09:45:00-05:00,2023-01-03 09:55:00-05:00,-1,3.985875080935967,target,19.309976845523124
2023-01-05 09:45:00-05:00,2023-01-05 09:50:00-05:00,-1,-1.0144692610734471,stop,18.580633088793547
2023-01-06 09:45:00-05:00,2023-01-06 09:50:00-05:00,-1,-1.0096000870251771,stop,27.94241298837005
2023-01-09 09:45:00-05:00,2023-01-09 09:50:00-05:00,1,3.9779878751637803,target,12.741516706164475
2023-01-10 10:10:00-05:00,2023-01-10 10:20:00-05:00,1,-1.0150826346188713,stop,18.482175563505734
2023-01-12 09:45:00-05:00,2023-01-12 10:00:00-05:00,-1,-1.0083544582907944,stop,33.84904112317781
2023-01-13 09:45:00-05:00,2023-01-13 09:50:00-05:00,-1,-1.0199503019972382,stop,14.23262669381802
2023-01-16 10:10:00-05:00,2023-01-16 10:30:00-05:00,-1,-1.0356031548343527,stop,8.09480638338573
2023-01-17 09:50:00-05:00,2023-01-17 09:55:00-05:00,1,-1.0219269851990005,stop,13.156370251397675
2023-01-19 09:45:00-05:00,2023-01-19 09:55:00-05:00,-1,-1.0207281619167494,stop,13.668800991628814
2023-01-20 09:50:00-05:00,2023-01-20 10:00:00-05:00,1,-1.023997267683118,stop,11.845148936816258
2023-01-23 09:45:00-05:00,2023-01-23 09:50:00-05:00,1,3.978081317593732,target,13.392652435575656
2023-01-24 09:45:00-05:00,2023-01-24 09:50:00-05:00,1,3.973395739818641,target,11.167152835720117
2023-01-26 09:45:00-05:00,2023-01-26 10:15:00-05:00,-1,-1.0197505897869137,stop,15.137431284407285
2023-01-27 09:45:00-05:00,2023-01-27 10:00:00-05:00,1,3.9772106127075704,target,13.275292591060861
2023-01-30 09:45:00-05:00,2023-01-30 09:50:00-05:00,1,-1.0251261697085339,stop,11.981520622557582
2023-01-31 09:45:00-05:00,2023-01-31 09:50:00-05:00,1,-1.0194645278025831,stop,15.372984823130537
2023-02-02 09:45:00-05:00,2023-02-02 09:50:00-05:00,1,-1.0198104698701445,stop,15.986369584756176
2023-02-03 09:45:00-05:00,2023-02-03 10:15:00-05:00,1,3.987713927660332,target,25.92823717776446
2023-02-06 09:45:00-05:00,2023-02-06 09:50:00-05:00,1,-1.0199882198177532,stop,15.633343834408151
2023-02-07 09:50:00-05:00,2023-02-07 09:55:00-05:00,1,-1.0247743805363607,stop,12.596485382875471
2023-02-09 09:45:00-05:00,2023-02-09 09:50:00-05:00,-1,-1.02179651940435,stop,14.459503207925081
2023-02-10 10:00:00-05:00,2023-02-10 10:05:00-05:00,-1,-1.0194769539398845,stop,15.766234006829109
2023-02-13 09:45:00-05:00,2023-02-13 09:50:00-05:00,1,-1.0256340836014068,stop,12.068841643074848
2023-02-14 09:45:00-05:00,2023-02-14 10:00:00-05:00,1,3.988565005700236,target,27.499838934658328
2023-02-16 09:45:00-05:00,2023-02-16 09:50:00-05:00,1,-1.0195422174697704,stop,16.002390393239693
2023-02-17 09:45:00-05:00,2023-02-17 10:00:00-05:00,-1,-1.020651003647837,stop,14.918354394298149
2023-02-20 09:50:00-05:00,2023-02-20 09:55:00-05:00,-1,-1.0450263319285813,stop,6.860502640291088
2023-02-21 09:45:00-05:00,2023-02-21 09:50:00-05:00,1,-1.0225976241085142,stop,13.541770490404815
2023-02-23 10:05:00-05:00,2023-02-23 10:45:00-05:00,-1,3.977943215177951,target,13.725428777996058
2023-02-24 09:45:00-05:00,2023-02-24 09:55:00-05:00,-1,-1.019854334729511,stop,15.06959302407995
2023-02-27 09:45:00-05:00,2023-02-27 09:50:00-05:00,-1,-1.0261953408483901,stop,11.544095804400058
2023-02-28 09:45:00-05:00,2023-02-28 09:50:00-05:00,1,-1.0227870420518121,stop,13.230951431387439
2023-03-02 09:45:00-05:00,2023-03-02 10:05:00-05:00,1,3.9760133806248423,target,12.412122127854673
2023-03-03 09:45:00-05:00,2023-03-03 09:50:00-05:00,1,3.97213986270712,target,10.919967725954848
2023-03-06 09:45:00-05:00,2023-03-06 09:50:00-05:00,-1,-1.0278143188932174,stop,11.095468644018183
2023-03-07 09:45:00-05:00,2023-03-07 09:50:00-05:00,1,-1.032574565585725,stop,9.465115047718427
2023-03-09 09:45:00-05:00,2023-03-09 10:00:00-05:00,1,3.978276108474209,target,14.191598972038264
2023-03-10 09:45:00-05:00,2023-03-10 09:55:00-05:00,-1,-1.0109084437360814,stop,27.301656866922713
2023-03-13 09:45:00-04:00,2023-03-13 11:00:00-04:00,1,3.9919753989059674,target,37.245578701498744
2023-03-14 09:45:00-04:00,2023-03-14 09:50:00-04:00,1,-1.0126147522615383,stop,24.020274194233934
2023-03-16 09:45:00-04:00,2023-03-16 09:50:00-04:00,1,-1.0163995873705207,stop,18.64446415554812
2023-03-17 10:00:00-04:00,2023-03-17 10:15:00-04:00,1,-1.0197235027202172,stop,15.983749282348072
2023-03-20 09:45:00-04:00,2023-03-20 09:50:00-04:00,-1,-1.0144360473122898,stop,21.55252517136978
2023-03-21 09:45:00-04:00,2023-03-21 09:50:00-04:00,-1,-1.0265250452334431,stop,11.928755939921757
2023-03-23 09:55:00-04:00,2023-03-23 10:15:00-04:00,1,3.9761018034271567,target,13.403303405200859
2023-03-24 09:45:00-04:00,2023-03-24 09:50:00-04:00,-1,-1.015624230106518,stop,20.216997147204893
2023-03-27 09:45:00-04:00,2023-03-27 09:55:00-04:00,1,-1.025539653186343,stop,12.533809202410339
2023-03-28 10:00:00-04:00,2023-03-28 10:05:00-04:00,-1,-1.0266873814595854,stop,11.778256731089641
2023-03-30 09:55:00-04:00,2023-03-30 10:05:00-04:00,1,-1.0303142692812772,stop,10.674517840994667
2023-03-31 09:45:00-04:00,2023-03-31 10:40:00-04:00,1,3.972251977815863,target,11.771849694681805
2023-04-03 09:45:00-04:00,2023-04-03 09:50:00-04:00,1,-1.0321658589679374,stop,10.193411691501751
2023-04-04 09:45:00-04:00,2023-04-04 09:50:00-04:00,-1,-1.0325181605784282,stop,10.086031207325505
2023-04-06 09:45:00-04:00,2023-04-06 09:50:00-04:00,-1,-1.027897556651361,stop,11.52009309566347
2023-04-10 09:45:00-04:00,2023-04-10 10:10:00-04:00,-1,-1.0290238398719076,stop,11.104355411631332
2023-04-11 09:50:00-04:00,2023-04-11 09:55:00-04:00,-1,-1.028362564931754,stop,11.459112929953335
2023-04-13 10:05:00-04:00,2023-04-13 10:15:00-04:00,1,3.9759007225992287,target,13.516775076281192
2023-04-14 09:45:00-04:00,2023-04-14 10:05:00-04:00,1,-1.0236901024716714,stop,13.822525972753283
2023-04-17 09:45:00-04:00,2023-04-17 09:50:00-04:00,-1,-1.0274805434457586,stop,11.878942475439544
2023-04-18 09:45:00-04:00,2023-04-18 09:50:00-04:00,1,-1.0367647632934534,stop,8.95950220213308
2023-04-20 09:45:00-04:00,2023-04-20 10:30:00-04:00,1,3.9715430851830966,target,11.475344268998015
2023-04-21 09:50:00-04:00,2023-04-21 10:00:00-04:00,-1,3.971192508644736,target,11.197352915711235
2023-04-24 10:35:00-04:00,2023-04-24 10:40:00-04:00,-1,3.9702047905426996,target,10.843062376543458
2023-04-25 09:45:00-04:00,2023-04-25 09:50:00-04:00,-1,-1.034614134545881,stop,9.317902039900218
2023-04-27 09:50:00-04:00,2023-04-27 09:55:00-04:00,1,-1.0263497854012327,stop,12.296027341726585
2023-04-28 10:05:00-04:00,2023-04-28 10:55:00-04:00,1,-1.0267288673677724,stop,12.303331675855588
2023-05-01 09:45:00-04:00,2023-05-01 09:50:00-04:00,1,-1.0414431502313628,stop,7.981625597698439
2023-05-02 10:05:00-04:00,2023-05-02 10:10:00-04:00,-1,3.9610566306558224,target,8.445934262059382
2023-05-04 09:45:00-04:00,2023-05-04 09:50:00-04:00,-1,-1.0251736984269872,stop,12.88990647479659
2023-05-05 09:45:00-04:00,2023-05-05 10:05:00-04:00,1,3.9710086399272897,target,11.338784806048352
2023-05-08 09:45:00-04:00,2023-05-08 10:00:00-04:00,-1,-1.0431890465457079,stop,7.647764713887227
2023-05-09 09:45:00-04:00,2023-05-09 09:50:00-04:00,1,-1.0485130558841398,stop,6.815548935899642
2023-05-11 09:50:00-04:00,2023-05-11 09:55:00-04:00,-1,-1.0276428508252957,stop,12.054247236215815
2023-05-12 09:45:00-04:00,2023-05-12 10:00:00-04:00,-1,3.9531197520547234,target,7.131222455747775
2023-05-15 09:45:00-04:00,2023-05-15 09:50:00-04:00,1,-1.0440274126266194,stop,7.582463831648056
2023-05-16 09:45:00-04:00,2023-05-16 09:50:00-04:00,1,-1.0339434324679968,stop,9.89736956687193
2023-05-18 09:45:00-04:00,2023-05-18 09:50:00-04:00,1,-1.038074079550059,stop,8.958300604455872
2023-05-19 09:45:00-04:00,2023-05-19 10:15:00-04:00,-1,-1.0335464300198254,stop,10.317983980381541
2023-05-22 09:45:00-04:00,2023-05-22 10:00:00-04:00,1,-1.0364553315667029,stop,9.504413145294166
2023-05-23 09:50:00-04:00,2023-05-23 10:05:00-04:00,1,-1.0344897329036633,stop,10.005679584226527
2023-05-25 09:45:00-04:00,2023-05-25 09:50:00-04:00,-1,-1.0241893891508147,stop,14.295864727044318
2023-05-26 09:45:00-04:00,2023-05-26 10:05:00-04:00,1,3.9746892420881133,target,13.933089897684113
2023-05-29 09:50:00-04:00,2023-05-29 09:55:00-04:00,-1,-1.052359226562262,stop,6.845162189274561
2023-05-30 09:50:00-04:00,2023-05-30 10:00:00-04:00,-1,3.9755721899288976,target,14.715019422705154
2023-06-01 09:55:00-04:00,2023-06-01 10:20:00-04:00,1,-1.0276079844404473,stop,12.91423469001893
2023-06-02 09:45:00-04:00,2023-06-02 09:55:00-04:00,-1,3.9740511700771775,target,13.923625686578816
2023-06-05 10:45:00-04:00,2023-06-05 10:50:00-04:00,1,-1.0352718887308046,stop,10.356093025837254
2023-06-06 09:45:00-04:00,2023-06-06 09:50:00-04:00,1,-1.037503062079182,stop,9.679657997721733
2023-06-08 10:05:00-04:00,2023-06-08 10:50:00-04:00,1,3.9749806467394495,target,14.418460362405312
2023-06-09 09:45:00-04:00,2023-06-09 10:05:00-04:00,1,3.968590039327555,target,11.665420461249596
2023-06-12 10:05:00-04:00,2023-06-12 10:20:00-04:00,-1,-1.0402546750577275,stop,9.06507713821702
2023-06-13 09:45:00-04:00,2023-06-13 10:05:00-04:00,-1,3.9789869304260135,target,17.60378478914754
2023-06-15 09:45:00-04:00,2023-06-15 10:05:00-04:00,1,3.976351552034997,target,15.918101969558847
2023-06-16 09:45:00-04:00,2023-06-16 09:50:00-04:00,-1,-1.0223628751955571,stop,16.970011453317056
2023-06-19 10:10:00-04:00,2023-06-19 10:20:00-04:00,-1,-1.0493962030084,stop,7.622324224430486
2023-06-20 09:45:00-04:00,2023-06-20 09:50:00-04:00,1,-1.0277844923002806,stop,13.581232007614744
2023-06-22 09:45:00-04:00,2023-06-22 10:10:00-04:00,1,3.9711604914399574,target,12.934816456508997
2023-06-23 09:45:00-04:00,2023-06-23 09:55:00-04:00,-1,-1.0248085193533574,stop,14.968886982345794
2023-06-26 09:45:00-04:00,2023-06-26 10:00:00-04:00,1,3.970182146374756,target,12.554878864209968
2023-06-27 10:00:00-04:00,2023-06-27 10:05:00-04:00,1,-1.0322879976776118,stop,11.453879370512368
2023-06-29 09:45:00-04:00,2023-06-29 09:50:00-04:00,-1,-1.0274391280856516,stop,13.603265095980532
2023-06-30 09:45:00-04:00,2023-06-30 10:15:00-04:00,1,3.9683783446422756,target,12.009416522858373
2023-07-03 09:45:00-04:00,2023-07-03 09:55:00-04:00,1,-1.0444560721156082,stop,8.552120415661193
2023-07-06 09:50:00-04:00,2023-07-06 09:55:00-04:00,-1,-1.0263220312113912,stop,14.257136052461647
2023-07-07 09:45:00-04:00,2023-07-07 10:15:00-04:00,1,-1.0235280535790159,stop,16.025264392876124
2023-07-10 09:45:00-04:00,2023-07-10 09:50:00-04:00,-1,3.968833955846038,target,12.003368269759449
2023-07-11 09:45:00-04:00,2023-07-11 09:50:00-04:00,-1,-1.0326942279031497,stop,11.485888035029348
2023-07-13 09:50:00-04:00,2023-07-13 09:55:00-04:00,1,-1.033649361043156,stop,11.490786651749659
2023-07-14 09:50:00-04:00,2023-07-14 09:55:00-04:00,1,-1.0368956777671032,stop,10.610727980376396
2023-07-17 09:45:00-04:00,2023-07-17 09:55:00-04:00,-1,-1.0394172976391742,stop,9.895855347514953
2023-07-18 09:50:00-04:00,2023-07-18 09:55:00-04:00,-1,-1.0415275710107557,stop,9.408855956451589
2023-07-20 09:45:00-04:00,2023-07-20 09:50:00-04:00,1,-1.0310869506329314,stop,12.668131376947713
2023-07-21 09:45:00-04:00,2023-07-21 10:00:00-04:00,-1,3.96578370523592,target,11.31525912053985
2023-07-24 09:45:00-04:00,2023-07-24 09:50:00-04:00,-1,3.9594222719528376,target,9.500833293883261
2023-07-25 09:45:00-04:00,2023-07-25 10:00:00-04:00,1,3.9540293253605387,target,8.459711550467546
2023-07-27 09:45:00-04:00,2023-07-27 09:50:00-04:00,1,-1.0324290987528726,stop,12.161016845071572
2023-07-28 09:45:00-04:00,2023-07-28 11:20:00-04:00,1,3.9742247586009514,target,15.282418503953522
2023-07-31 09:45:00-04:00,2023-07-31 09:50:00-04:00,1,-1.0387186622802216,stop,10.192056544312436
2023-08-01 09:45:00-04:00,2023-08-01 09:50:00-04:00,1,-1.0356815471168945,stop,10.9952045626178
2023-08-03 09:45:00-04:00,2023-08-03 10:20:00-04:00,1,-1.0228457452437032,stop,16.750003019365977
2023-08-04 09:50:00-04:00,2023-08-04 10:00:00-04:00,-1,3.980194384833691,target,19.354028508705596
2023-08-07 09:45:00-04:00,2023-08-07 09:50:00-04:00,-1,-1.0274219115790746,stop,13.966105557217816
2023-08-08 09:45:00-04:00,2023-08-08 10:10:00-04:00,-1,3.9736030805331612,target,14.376424095786206
2023-08-10 09:45:00-04:00,2023-08-10 10:00:00-04:00,1,3.9798536560244666,target,19.05893796792043
2023-08-11 09:45:00-04:00,2023-08-11 09:50:00-04:00,-1,-1.0233591219238625,stop,16.05637269977524
2023-08-14 09:45:00-04:00,2023-08-14 09:50:00-04:00,1,-1.0241077581889362,stop,15.580663094186093
2023-08-15 09:45:00-04:00,2023-08-15 09:50:00-04:00,-1,-1.0237434321998415,stop,15.950833653600057
2023-08-17 09:45:00-04:00,2023-08-17 09:50:00-04:00,-1,-1.0327428386041915,stop,11.371080416971381
2023-08-18 09:45:00-04:00,2023-08-18 09:50:00-04:00,1,-1.0258606888164044,stop,14.113758415822304
2023-08-21 09:55:00-04:00,2023-08-21 10:20:00-04:00,1,-1.0305754747540616,stop,12.11902752981041
2023-08-22 09:50:00-04:00,2023-08-22 10:05:00-04:00,-1,-1.0320566668761006,stop,11.68031225832965
2023-08-24 09:45:00-04:00,2023-08-24 09:55:00-04:00,-1,-1.02313891380145,stop,16.39695263527028
2023-08-25 09:45:00-04:00,2023-08-25 09:50:00-04:00,1,-1.0291490017300369,stop,12.77291487612274
2023-08-28 09:50:00-04:00,2023-08-28 09:55:00-04:00,-1,-1.0267876399630307,stop,14.007674624903302
2023-08-29 09:45:00-04:00,2023-08-29 10:00:00-04:00,1,3.9708793680278713,target,13.003667855811727
2023-08-31 09:45:00-04:00,2023-08-31 09:50:00-04:00,1,-1.0315755827587152,stop,12.274312300029123
2023-09-01 09:45:00-04:00,2023-09-01 09:55:00-04:00,-1,-1.0234494083697196,stop,16.54524330246386
2023-09-04 09:50:00-04:00,2023-09-04 10:00:00-04:00,1,-1.0689765475561779,stop,5.633633690293209
2023-09-05 09:55:00-04:00,2023-09-05 10:05:00-04:00,-1,-1.026728547840593,stop,14.441726467453918
2023-09-07 10:20:00-04:00,2023-09-07 10:25:00-04:00,1,-1.0245486990307706,stop,15.484227136697882
2023-09-08 09:45:00-04:00,2023-09-08 09:55:00-04:00,1,-1.0281829496379096,stop,13.59872197329787
2023-09-11 09:45:00-04:00,2023-09-11 09:50:00-04:00,-1,-1.0356939077015708,stop,10.766915737040108
2023-09-12 09:55:00-04:00,2023-09-12 10:00:00-04:00,1,-1.0366997126937063,stop,10.505837678703756
2023-09-14 09:50:00-04:00,2023-09-14 10:30:00-04:00,-1,-1.0254348107688747,stop,15.133568475954235
2023-09-15 09:45:00-04:00,2023-09-15 09:55:00-04:00,-1,-1.0280865199160056,stop,13.652392964926548
2023-09-18 10:10:00-04:00,2023-09-18 10:15:00-04:00,1,-1.0288900387034077,stop,13.184125712607056
2023-09-19 09:50:00-04:00,2023-09-19 10:00:00-04:00,-1,3.9640002719783207,target,10.481838388028336
2023-09-21 09:45:00-04:00,2023-09-21 10:10:00-04:00,-1,-1.0287242579632112,stop,12.88914777926584
2023-09-22 09:45:00-04:00,2023-09-22 09:50:00-04:00,1,-1.033450170113234,stop,11.032937450543614
2023-09-25 09:45:00-04:00,2023-09-25 10:05:00-04:00,1,-1.0209976800981762,stop,17.482257787894923
2023-09-26 09:45:00-04:00,2023-09-26 10:10:00-04:00,-1,3.971681843259608,target,12.87747404810034
2023-09-28 09:50:00-04:00,2023-09-28 10:30:00-04:00,1,-1.0213374533169943,stop,17.035558482297347
2023-09-29 09:45:00-04:00,2023-09-29 10:20:00-04:00,1,-1.0284333884743375,stop,13.054297249147567
2023-10-02 10:00:00-04:00,2023-10-02 10:10:00-04:00,1,-1.0220190233961737,stop,16.797171053794955
2023-10-03 09:45:00-04:00,2023-10-03 10:00:00-04:00,1,-1.0226102398031338,stop,16.31536535674968
2023-10-05 09:45:00-04:00,2023-10-05 10:05:00-04:00,-1,3.979446575478719,target,17.80882773497433
2023-10-06 10:20:00-04:00,2023-10-06 10:45:00-04:00,1,3.9848936252075813,target,24.43021016497005
2023-10-09 09:45:00-04:00,2023-10-09 10:00:00-04:00,1,-1.022429195912516,stop,16.589482375842636
2023-10-10 09:50:00-04:00,2023-10-10 10:15:00-04:00,1,3.9703463370747962,target,12.761672032815113
2023-10-12 09:45:00-04:00,2023-10-12 09:50:00-04:00,-1,-1.0320469287592073,stop,11.894488165073199
2023-10-13 10:00:00-04:00,2023-10-13 10:05:00-04:00,-1,-1.0266327523983512,stop,14.256906614165928
2023-10-16 10:10:00-04:00,2023-10-16 10:30:00-04:00,1,3.9751238383512724,target,15.273933100121212
2023-10-17 09:45:00-04:00,2023-10-17 10:05:00-04:00,-1,-1.0277559286366087,stop,13.504744727257275
2023-10-19 10:25:00-04:00,2023-10-19 10:35:00-04:00,-1,-1.0229195748039808,stop,16.281429511058377
2023-10-20 09:45:00-04:00,2023-10-20 09:50:00-04:00,1,-1.0239399517486854,stop,15.419474523450845
2023-10-23 09:55:00-04:00,2023-10-23 10:00:00-04:00,1,-1.0201918448503624,stop,17.96769271933954
2023-10-24 09:50:00-04:00,2023-10-24 09:55:00-04:00,-1,-1.028406886486803,stop,12.916946509418267
2023-10-26 09:45:00-04:00,2023-10-26 10:05:00-04:00,-1,3.980160335746437,target,17.90711185954933
2023-10-27 09:50:00-04:00,2023-10-27 09:55:00-04:00,-1,-1.0265953248268962,stop,13.377474343908034
2023-10-30 09:45:00-04:00,2023-10-30 10:00:00-04:00,1,-1.0277664284382448,stop,12.914285720671614
2023-10-31 09:50:00-04:00,2023-10-31 09:55:00-04:00,-1,-1.022937908201701,stop,15.542344892861365
2023-11-02 09:45:00-04:00,2023-11-02 09:50:00-04:00,-1,-1.031100512678203,stop,11.927669935637823
2023-11-03 09:45:00-04:00,2023-11-03 10:00:00-04:00,1,3.9723505610684815,target,13.627829651115462
2023-11-06 09:45:00-05:00,2023-11-06 09:50:00-05:00,-1,-1.0434586062636335,stop,8.70577081238298
2023-11-07 09:55:00-05:00,2023-11-07 10:10:00-05:00,1,-1.032880242065665,stop,11.557815980277155
2023-11-09 09:55:00-05:00,2023-11-09 10:00:00-05:00,1,-1.0419549194721072,stop,9.141145890731423
2023-11-10 09:45:00-05:00,2023-11-10 09:50:00-05:00,1,-1.0309967067629546,stop,12.339562666360507
2023-11-13 09:45:00-05:00,2023-11-13 09:50:00-05:00,-1,-1.0392361041338212,stop,9.828512830768886
2023-11-14 09:45:00-05:00,2023-11-14 09:50:00-05:00,1,-1.0205637749594725,stop,19.175514110947915
2023-11-16 09:45:00-05:00,2023-11-16 09:55:00-05:00,1,3.9620575252799473,target,10.432446540922683
2023-11-17 09:50:00-05:00,2023-11-17 09:55:00-05:00,1,-1.0385151295095543,stop,10.256961053331906
2023-11-20 09:50:00-05:00,2023-11-20 10:10:00-05:00,1,-1.0344916137933906,stop,11.53371908839108
2023-11-21 10:00:00-05:00,2023-11-21 10:05:00-05:00,-1,-1.0436374614218962,stop,9.127271431214467
2023-11-23 09:55:00-05:00,2023-11-23 10:10:00-05:00,-1,-1.0802002318845014,stop,4.992545183584298
2023-11-24 10:10:00-05:00,2023-11-24 10:20:00-05:00,-1,-1.0449871382923799,stop,8.873738335107191
2023-11-27 10:05:00-05:00,2023-11-27 10:10:00-05:00,1,-1.0397003380747754,stop,10.06614395636825
2023-11-28 09:50:00-05:00,2023-11-28 10:00:00-05:00,-1,-1.0412137758613462,stop,9.665406746555163
2023-11-30 09:45:00-05:00,2023-11-30 09:50:00-05:00,-1,-1.0326396969495395,stop,12.206445536729007
2023-12-01 09:45:00-05:00,2023-12-01 09:50:00-05:00,1,-1.0401547364947614,stop,9.894742938584386
2023-12-04 09:50:00-05:00,2023-12-04 09:55:00-05:00,-1,-1.0340162230931587,stop,11.620590960137633
2023-12-05 09:50:00-05:00,2023-12-05 10:00:00-05:00,1,3.9698463405125453,target,13.158459501924881
2023-12-07 09:45:00-05:00,2023-12-07 09:50:00-05:00,-1,-1.0326127399150609,stop,12.187729082255828
2023-12-08 09:45:00-05:00,2023-12-08 09:50:00-05:00,1,-1.0262537225342903,stop,15.226338626123834
2023-12-11 09:45:00-05:00,2023-12-11 09:55:00-05:00,1,-1.034957818596291,stop,11.528518096371045
2023-12-12 09:55:00-05:00,2023-12-12 10:55:00-05:00,1,3.9677054176488413,target,12.598217929431485
2023-12-14 09:45:00-05:00,2023-12-14 09:50:00-05:00,1,-1.033478681605805,stop,12.420273173531314
2023-12-15 09:45:00-05:00,2023-12-15 09:50:00-05:00,1,-1.0329710081810946,stop,12.600846044744685
2023-12-18 09:55:00-05:00,2023-12-18 10:45:00-05:00,1,-1.044380092909139,stop,9.382789530143782
2023-12-19 10:15:00-05:00,2023-12-19 10:20:00-05:00,1,-1.0487200249394573,stop,8.609601023716095
2023-12-21 09:55:00-05:00,2023-12-21 10:05:00-05:00,-1,3.9676122716076945,target,12.849899294127681
2023-12-22 09:45:00-05:00,2023-12-22 09:55:00-05:00,1,-1.0409842401320584,stop,10.264326934335259
2023-12-26 10:25:00-05:00,2023-12-26 10:30:00-05:00,1,-1.0625019132570046,stop,6.739206164729694
2023-12-28 09:45:00-05:00,2023-12-28 09:50:00-05:00,-1,-1.0712124564614571,stop,5.944290143201215
2023-12-29 09:45:00-05:00,2023-12-29 10:00:00-05:00,1,-1.0638050134633585,stop,6.624478404555703
2024-01-02 09:45:00-05:00,2024-01-02 10:00:00-05:00,-1,-1.0262845052214797,stop,15.785050348629738
2024-01-04 10:05:00-05:00,2024-01-04 11:10:00-05:00,1,3.9694653111283276,target,13.41785308449289
2024-01-05 09:50:00-05:00,2024-01-05 09:55:00-05:00,1,-1.0266912252799572,stop,15.284726012811007
2024-01-08 09:45:00-05:00,2024-01-08 09:55:00-05:00,1,3.970149437161978,target,13.797898189706757
2024-01-09 10:05:00-05:00,2024-01-09 11:00:00-05:00,1,3.96238822856553,target,11.035604505977972
2024-01-11 09:45:00-05:00,2024-01-11 10:00:00-05:00,-1,3.978210892346444,target,19.221727204916533
2024-01-12 09:45:00-05:00,2024-01-12 09:50:00-05:00,1,-1.0252950179699203,stop,16.68701570936173
2024-01-15 09:45:00-05:00,2024-01-15 10:30:00-05:00,-1,-1.0495873601862435,stop,8.481395240403799
2024-01-16 09:45:00-05:00,2024-01-16 09:55:00-05:00,-1,-1.026773904741243,stop,15.639790492452448
2024-01-18 10:00:00-05:00,2024-01-18 10:10:00-05:00,-1,-1.028316184901464,stop,14.908773935549107
2024-01-19 09:50:00-05:00,2024-01-19 09:55:00-05:00,1,-1.0348605221225295,stop,12.241796174661431
2024-01-22 10:25:00-05:00,2024-01-22 11:35:00-05:00,-1,-1.0329262699211765,stop,13.190784152957349
2024-01-23 09:55:00-05:00,2024-01-23 10:00:00-05:00,1,-1.0350124857865572,stop,12.386803449167928
2024-01-25 09:45:00-05:00,2024-01-25 09:50:00-05:00,-1,-1.0310016898846148,stop,14.16855073892657
2024-01-26 09:50:00-05:00,2024-01-26 09:55:00-05:00,-1,-1.0279166235070873,stop,15.60664323648598
2024-01-29 10:00:00-05:00,2024-01-29 10:05:00-05:00,-1,-1.04233297266755,stop,10.292292117104807
2024-01-30 10:00:00-05:00,2024-01-30 10:15:00-05:00,-1,-1.0472324663384671,stop,9.290763599645288
2024-02-01 09:55:00-05:00,2024-02-01 10:00:00-05:00,-1,-1.030458706765277,stop,14.125822086552944
2024-02-02 09:45:00-05:00,2024-02-02 10:30:00-05:00,1,-1.0221866055119844,stop,19.679189878988836
2024-02-05 09:45:00-05:00,2024-02-05 09:55:00-05:00,-1,-1.0403606187776382,stop,10.909383868154691
2024-02-06 09:45:00-05:00,2024-02-06 09:55:00-05:00,-1,3.9625955765493557,target,11.741179454478697
2024-02-08 09:55:00-05:00,2024-02-08 10:00:00-05:00,1,-1.0463715952350225,stop,9.57406039318812
2024-02-09 09:45:00-05:00,2024-02-09 09:50:00-05:00,1,-1.0403710236971275,stop,11.034467074769054
2024-02-12 10:30:00-05:00,2024-02-12 10:35:00-05:00,1,-1.0613493721662086,stop,7.319795136947505
2024-02-13 09:50:00-05:00,2024-02-13 10:15:00-05:00,1,-1.0205454428187293,stop,21.377078364286717
2024-02-15 09:50:00-05:00,2024-02-15 10:10:00-05:00,-1,-1.036581729289257,stop,12.15490484988186
2024-02-16 09:45:00-05:00,2024-02-16 09:50:00-05:00,-1,3.965582077193243,target,12.900124236228294
2024-02-19 10:15:00-05:00,2024-02-19 12:45:00-05:00,-1,-1.0613535353104315,stop,7.225488824482454
2024-02-20 09:50:00-05:00,2024-02-20 09:55:00-05:00,-1,-1.022945498547492,stop,19.089529631339246
2024-02-22 09:45:00-05:00,2024-02-22 09:50:00-05:00,1,-1.0340518417956794,stop,13.106139436127705
2024-02-23 09:55:00-05:00,2024-02-23 10:20:00-05:00,-1,3.9577723293606226,target,10.659163106873166
2024-02-26 09:45:00-05:00,2024-02-26 09:50:00-05:00,-1,-1.040921432936784,stop,10.968624353430641
2024-02-27 10:15:00-05:00,2024-02-27 10:20:00-05:00,1,-1.0354930759914367,stop,12.658079778750107
2024-02-29 10:10:00-05:00,2024-02-29 10:35:00-05:00,-1,-1.027851099887137,stop,16.153922541194333
2024-03-01 10:00:00-05:00,2024-03-01 10:05:00-05:00,1,-1.036875893767479,stop,12.266471610841108
2024-03-04 10:00:00-05:00,2024-03-04 10:05:00-05:00,-1,-1.0475593031374746,stop,9.598944080793444
2024-03-05 09:45:00-05:00,2024-03-05 10:00:00-05:00,-1,-1.0325366614383356,stop,13.858080179652461
2024-03-07 09:45:00-05:00,2024-03-07 09:50:00-05:00,-1,-1.0307477915353975,stop,14.760504822472285
2024-03-08 09:45:00-05:00,2024-03-08 10:25:00-05:00,1,3.977037667142562,target,20.046669577099237
2024-03-11 09:45:00-04:00,2024-03-11 09:50:00-04:00,1,-1.0213515958679509,stop,21.03206550505638
2024-03-12 09:45:00-04:00,2024-03-12 09:50:00-04:00,-1,-1.0191367213411642,stop,23.467891976739338
2024-03-14 09:45:00-04:00,2024-03-14 09:50:00-04:00,-1,3.9666136503700695,target,13.5000807194956
2024-03-15 09:45:00-04:00,2024-03-15 09:50:00-04:00,-1,-1.0236170821335338,stop,18.89601253888395
2024-03-18 09:45:00-04:00,2024-03-18 09:50:00-04:00,1,-1.0355987794834784,stop,12.70353525025348
2024-03-19 11:30:00-04:00,2024-03-19 11:55:00-04:00,1,-1.0242814764082049,stop,18.415911374846473
2024-03-21 09:45:00-04:00,2024-03-21 10:05:00-04:00,-1,-1.0360479836377787,stop,12.777662924887409
2024-03-22 09:45:00-04:00,2024-03-22 09:50:00-04:00,-1,-1.0369970996943383,stop,12.354035465257766
2024-03-25 09:50:00-04:00,2024-03-25 10:10:00-04:00,1,3.962526755818708,target,12.204853046099743
2024-03-26 10:00:00-04:00,2024-03-26 10:10:00-04:00,1,-1.0428793463943997,stop,10.701125093757582
2024-03-28 09:45:00-04:00,2024-03-28 10:05:00-04:00,1,-1.0400762134642298,stop,11.40176732413238
2024-04-01 09:45:00-04:00,2024-04-01 09:50:00-04:00,1,-1.032758577203702,stop,14.02227521927125
2024-04-02 10:00:00-04:00,2024-04-02 10:05:00-04:00,-1,-1.026825874429621,stop,16.80516585649457
2024-04-04 09:45:00-04:00,2024-04-04 11:10:00-04:00,-1,3.9588850008387673,target,11.115583666578459
2024-04-05 09:45:00-04:00,2024-04-05 10:45:00-04:00,1,3.976647737016709,target,19.341956894615578
2024-04-08 10:25:00-04:00,2024-04-08 11:30:00-04:00,1,-1.0257918555089807,stop,17.567062445559714
2024-04-09 09:55:00-04:00,2024-04-09 10:00:00-04:00,-1,-1.0324412482491387,stop,13.998749224636413
2024-04-11 09:50:00-04:00,2024-04-11 09:55:00-04:00,1,-1.0222937764277258,stop,20.27151609624343
2024-04-12 09:45:00-04:00,2024-04-12 09:50:00-04:00,1,-1.0284022835230882,stop,15.95900171484027
2024-04-15 10:05:00-04:00,2024-04-15 10:10:00-04:00,-1,3.970429852240531,target,15.24421350814373
2024-04-16 09:45:00-04:00,2024-04-16 09:50:00-04:00,-1,-1.0243578547365775,stop,18.14897754881531
2024-04-18 10:30:00-04:00,2024-04-18 12:30:00-04:00,1,-1.0250547470485785,stop,17.468614280194743
2024-04-19 09:45:00-04:00,2024-04-19 09:50:00-04:00,1,-1.0206871048172064,stop,20.947221447851916
2024-04-22 09:45:00-04:00,2024-04-22 09:55:00-04:00,1,-1.0310340561808105,stop,13.815976893049083
2024-04-23 09:45:00-04:00,2024-04-23 09:50:00-04:00,1,-1.0303531953526477,stop,14.26781793529517
2024-04-25 09:45:00-04:00,2024-04-25 09:50:00-04:00,1,-1.0207839790622888,stop,20.715971956058638
2024-04-26 09:50:00-04:00,2024-04-26 10:50:00-04:00,1,3.9795416158022254,target,21.6578876511594
2024-04-29 09:50:00-04:00,2024-04-29 09:55:00-04:00,-1,-1.0328185264156016,stop,13.496371334811556
2024-04-30 09:45:00-04:00,2024-04-30 09:50:00-04:00,1,-1.0319843978491556,stop,13.873441288331378
2024-05-02 09:45:00-04:00,2024-05-02 09:55:00-04:00,-1,-1.026590123368224,stop,16.379138950363995
2024-05-03 09:45:00-04:00,2024-05-03 10:00:00-04:00,1,-1.0230459852360556,stop,19.363920256098936
2024-05-06 09:45:00-04:00,2024-05-06 09:55:00-04:00,1,-1.0473275593531122,stop,9.499230372864986
2024-05-07 09:50:00-04:00,2024-05-07 09:55:00-04:00,-1,-1.0492256186174442,stop,9.192702861466387
2024-05-09 09:45:00-04:00,2024-05-09 09:50:00-04:00,-1,-1.033100273262083,stop,13.622607343600976
2024-05-10 09:45:00-04:00,2024-05-10 10:00:00-04:00,1,-1.0400220401561306,stop,11.382716276715655
2024-05-13 09:45:00-04:00,2024-05-13 09:50:00-04:00,-1,-1.0461726767803838,stop,9.843585310081835
2024-05-14 09:45:00-04:00,2024-05-14 09:50:00-04:00,1,-1.033607280118753,stop,13.546879320114385
2024-05-16 09:45:00-04:00,2024-05-16 10:05:00-04:00,1,-1.0585260975893283,stop,7.944772997285327
2024-05-17 09:45:00-04:00,2024-05-17 09:50:00-04:00,-1,-1.055655759168304,stop,8.334448699759378
2024-05-20 09:45:00-04:00,2024-05-20 09:55:00-04:00,1,3.949708669649246,target,9.276828525296878
2024-05-21 09:50:00-04:00,2024-05-21 09:55:00-04:00,1,-1.0588458017304627,stop,7.910404705158726
2024-05-23 09:45:00-04:00,2024-05-23 09:50:00-04:00,-1,3.9555652324121753,target,10.574812142163864
2024-05-24 09:45:00-04:00,2024-05-24 09:50:00-04:00,1,-1.0379526873146954,stop,12.314042119091027
2024-05-27 10:05:00-04:00,2024-05-27 10:10:00-04:00,-1,-1.079735360979034,stop,5.89866347753923
2024-05-28 09:45:00-04:00,2024-05-28 10:00:00-04:00,-1,-1.039953232822507,stop,11.772904526344064
2024-05-30 10:10:00-04:00,2024-05-30 10:15:00-04:00,-1,-1.0358225728591584,stop,13.014421520238102
2024-05-31 09:45:00-04:00,2024-05-31 10:10:00-04:00,-1,3.9726779053807766,target,16.877449945401167
2024-06-03 09:45:00-04:00,2024-06-03 09:50:00-04:00,1,-1.0388244570696705,stop,12.032526228085771
2024-06-04 09:55:00-04:00,2024-06-04 10:00:00-04:00,-1,-1.0300250455120163,stop,15.44625456704307
2024-06-06 09:45:00-04:00,2024-06-06 09:55:00-04:00,-1,3.958209778742893,target,11.362954419884773
2024-06-07 09:45:00-04:00,2024-06-07 10:45:00-04:00,1,3.9749908459121475,target,19.071665360665065
2024-06-10 10:20:00-04:00,2024-06-10 10:55:00-04:00,1,3.9571265568224,target,11.09799111135726
2024-06-11 09:45:00-04:00,2024-06-11 09:50:00-04:00,-1,3.9538842514857384,target,10.284481640039303
2024-06-13 09:55:00-04:00,2024-06-13 10:00:00-04:00,-1,-1.0368879942547196,stop,13.285076711763395
2024-06-14 09:45:00-04:00,2024-06-14 10:35:00-04:00,1,-1.0334170357444974,stop,14.638229315318313
2024-06-17 09:45:00-04:00,2024-06-17 09:55:00-04:00,-1,-1.0482814601040809,stop,10.17780562461121
2024-06-18 09:45:00-04:00,2024-06-18 09:50:00-04:00,-1,-1.0412054976708,stop,12.076712150003004
2024-06-20 09:45:00-04:00,2024-06-20 09:50:00-04:00,1,-1.039959170757255,stop,12.489926643866056
2024-06-21 09:45:00-04:00,2024-06-21 10:10:00-04:00,-1,-1.0317145202894051,stop,15.543864525330719
2024-06-24 09:45:00-04:00,2024-06-24 09:50:00-04:00,-1,-1.0299090920754568,stop,16.406738773945108
2024-06-25 09:45:00-04:00,2024-06-25 09:50:00-04:00,1,-1.038431113576003,stop,12.724627183670236
2024-06-27 10:10:00-04:00,2024-06-27 10:15:00-04:00,1,-1.0348749653622693,stop,14.213778468012606
2024-06-28 09:45:00-04:00,2024-06-28 10:00:00-04:00,1,3.9632299638746864,target,13.536093398448429
2024-07-01 09:45:00-04:00,2024-07-01 09:50:00-04:00,-1,3.9673223732719647,target,15.002116700678016
2024-07-02 09:45:00-04:00,2024-07-02 09:50:00-04:00,1,-1.0316144775794325,stop,15.680555298658874
2024-07-04 09:45:00-04:00,2024-07-04 10:15:00-04:00,-1,3.8603625635935623,target,3.604858828777651
2024-07-05 09:45:00-04:00,2024-07-05 09:50:00-04:00,-1,-1.0354861429497093,stop,14.245986682512012
2024-07-08 09:50:00-04:00,2024-07-08 09:55:00-04:00,1,-1.0734322712101672,stop,6.947166689871665
2024-07-09 10:05:00-04:00,2024-07-09 10:10:00-04:00,-1,-1.0634613910763424,stop,8.076557592459721
2024-07-11 09:50:00-04:00,2024-07-11 09:55:00-04:00,-1,-1.0369575207299795,stop,13.962840131465782
2024-07-12 09:45:00-04:00,2024-07-12 09:55:00-04:00,1,3.9694101826073953,target,16.620779890905396
2024-07-15 09:45:00-04:00,2024-07-15 09:50:00-04:00,-1,-1.041603650329361,stop,12.26009145781427
2024-07-16 09:45:00-04:00,2024-07-16 09:55:00-04:00,-1,3.9635870595231553,target,13.986692132446478
2024-07-18 09:45:00-04:00,2024-07-18 09:50:00-04:00,-1,-1.0251909622313522,stop,19.714714924608415
2024-07-19 10:25:00-04:00,2024-07-19 11:00:00-04:00,-1,-1.0207640064731702,stop,23.69043413077452
2024-07-22 09:45:00-04:00,2024-07-22 09:55:00-04:00,1,-1.0292739499032377,stop,16.89668324991362
2024-07-23 09:45:00-04:00,2024-07-23 09:50:00-04:00,1,-1.0270995735346125,stop,18.301768311655906
2024-07-25 09:45:00-04:00,2024-07-25 09:50:00-04:00,-1,-1.0144216451286847,stop,32.894916215467674
2024-07-26 09:45:00-04:00,2024-07-26 09:50:00-04:00,-1,-1.025667398622503,stop,18.453802886226185
2024-07-29 09:45:00-04:00,2024-07-29 09:50:00-04:00,1,-1.0255330276702053,stop,18.774847460699675
2024-07-30 09:45:00-04:00,2024-07-30 10:00:00-04:00,-1,3.965380786122988,target,13.758750675238844
2024-08-01 09:45:00-04:00,2024-08-01 09:50:00-04:00,1,-1.0183238964016543,stop,26.559843034949154
2024-08-02 10:05:00-04:00,2024-08-02 11:35:00-04:00,-1,-1.0106049829881611,stop,43.51121041764782
2024-08-05 09:45:00-04:00,2024-08-05 12:20:00-04:00,1,3.9947675229698993,target,86.45737051226752
2024-08-06 09:45:00-04:00,2024-08-06 09:50:00-04:00,-1,-1.0103650616326532,stop,43.17558778887542
2024-08-08 09:45:00-04:00,2024-08-08 09:50:00-04:00,-1,-1.012437643947805,stop,36.30364618587555
2024-08-09 09:45:00-04:00,2024-08-09 09:50:00-04:00,-1,-1.0171962381486275,stop,26.713624439369596
2024-08-12 09:45:00-04:00,2024-08-12 09:50:00-04:00,-1,-1.0255397844388148,stop,18.084756510495936
2024-08-13 09:45:00-04:00,2024-08-13 09:55:00-04:00,1,-1.0224957347489192,stop,20.86065241095639
2024-08-15 09:45:00-04:00,2024-08-15 10:25:00-04:00,1,3.9776459371506343,target,21.677542132420058
2024-08-16 10:00:00-04:00,2024-08-16 10:45:00-04:00,1,-1.0268364712716471,stop,18.090558713538485
2024-08-19 09:45:00-04:00,2024-08-19 09:50:00-04:00,1,-1.0323916413882313,stop,15.056787379995512
2024-08-20 09:45:00-04:00,2024-08-20 10:10:00-04:00,1,-1.0398761280995115,stop,12.39692245635888
2024-08-22 09:45:00-04:00,2024-08-22 09:50:00-04:00,-1,-1.038054037962028,stop,13.070137326783879
2024-08-23 10:00:00-04:00,2024-08-23 10:05:00-04:00,1,3.9609825442107045,target,12.646661224556738
2024-08-26 09:45:00-04:00,2024-08-26 10:05:00-04:00,-1,3.9665163639430183,target,14.64175903319483
2024-08-27 09:45:00-04:00,2024-08-27 09:50:00-04:00,-1,-1.0257530987698982,stop,18.835309756574134
2024-08-29 09:45:00-04:00,2024-08-29 09:50:00-04:00,1,-1.0205646104472244,stop,23.733932109058514
2024-08-30 09:45:00-04:00,2024-08-30 09:50:00-04:00,1,-1.0298858155668786,stop,16.315491259207192
2024-09-02 09:45:00-04:00,2024-09-02 09:50:00-04:00,1,-1.0503261254095273,stop,9.727731322131149
2024-09-03 09:50:00-04:00,2024-09-03 10:00:00-04:00,-1,-1.0218253958689079,stop,22.144008709634363
2024-09-05 09:45:00-04:00,2024-09-05 09:50:00-04:00,1,-1.017687852593879,stop,26.800665793041844
2024-09-06 09:55:00-04:00,2024-09-06 10:30:00-04:00,-1,3.9864036733014196,target,34.191928055985045
2024-09-09 09:50:00-04:00,2024-09-09 10:05:00-04:00,1,-1.0271906987755772,stop,17.123733599921252
2024-09-10 10:10:00-04:00,2024-09-10 10:20:00-04:00,-1,-1.0245103053778613,stop,19.084232784298365
2024-09-12 09:45:00-04:00,2024-09-12 09:50:00-04:00,-1,-1.0256961342132425,stop,18.682318662209582
2024-09-13 10:00:00-04:00,2024-09-13 10:05:00-04:00,1,-1.0306207705172548,stop,15.894323060547322
2024-09-16 09:50:00-04:00,2024-09-16 10:00:00-04:00,1,-1.0322707417935675,stop,15.035818580214254
2024-09-17 09:45:00-04:00,2024-09-17 10:00:00-04:00,-1,-1.0339193057427374,stop,14.390486694395804
2024-09-19 09:45:00-04:00,2024-09-19 10:00:00-04:00,-1,-1.0293785495052403,stop,16.8325119336223
2024-09-20 09:50:00-04:00,2024-09-20 10:30:00-04:00,-1,3.964509488302914,target,13.902264434469544
2024-09-23 09:45:00-04:00,2024-09-23 09:50:00-04:00,1,-1.0316525054869623,stop,15.66989577118511
2024-09-24 09:50:00-04:00,2024-09-24 10:00:00-04:00,-1,3.9680124258589258,target,15.482370300509501
2024-09-26 09:45:00-04:00,2024-09-26 09:50:00-04:00,-1,-1.0317935649791865,stop,15.894087495180429
2024-09-27 10:10:00-04:00,2024-09-27 10:25:00-04:00,-1,-1.0310357743855991,stop,16.197861934408138
2024-09-30 09:45:00-04:00,2024-09-30 09:50:00-04:00,1,-1.027919596186318,stop,17.93155100887816
2024-10-01 09:45:00-04:00,2024-10-01 09:55:00-04:00,-1,3.975227043327576,target,19.960635127852584
2024-10-03 09:50:00-04:00,2024-10-03 10:00:00-04:00,1,3.9751343577514886,target,19.991455188344844
2024-10-04 09:50:00-04:00,2024-10-04 09:55:00-04:00,-1,3.974746543232141,target,19.712025269869628
2024-10-07 09:45:00-04:00,2024-10-07 09:50:00-04:00,-1,-1.0330650347889914,stop,15.066073879101168
2024-10-08 09:45:00-04:00,2024-10-08 09:50:00-04:00,-1,-1.0323875360591344,stop,15.357795920241188
2024-10-10 09:45:00-04:00,2024-10-10 09:55:00-04:00,-1,-1.03261828520673,stop,15.4555225971053
2024-10-11 09:45:00-04:00,2024-10-11 10:00:00-04:00,1,-1.038123905974938,stop,13.217892309170566
2024-10-14 09:45:00-04:00,2024-10-14 09:55:00-04:00,1,3.953202658462429,target,10.938130574540992
2024-10-15 10:10:00-04:00,2024-10-15 10:20:00-04:00,-1,3.957445070718083,target,11.973384206259652
2024-10-17 10:00:00-04:00,2024-10-17 10:15:00-04:00,-1,-1.0253399085248125,stop,19.9777793309986
2024-10-18 09:45:00-04:00,2024-10-18 09:50:00-04:00,1,-1.0395502969907673,stop,12.847678340076527
2024-10-21 09:45:00-04:00,2024-10-21 09:50:00-04:00,1,-1.0374797572219487,stop,13.550603780164238
2024-10-22 09:45:00-04:00,2024-10-22 09:50:00-04:00,1,-1.0277231262021158,stop,18.289338110917015
2024-10-24 09:45:00-04:00,2024-10-24 09:50:00-04:00,-1,-1.0344602519201598,stop,14.640628214674507
2024-10-25 09:45:00-04:00,2024-10-25 09:55:00-04:00,1,3.962940165755362,target,13.8295690062223
2024-10-28 09:45:00-04:00,2024-10-28 10:00:00-04:00,-1,-1.0302264196582613,stop,16.89796197972464
2024-10-29 10:00:00-04:00,2024-10-29 10:05:00-04:00,1,-1.0307472263761703,stop,16.562344562171347
2024-10-31 09:45:00-04:00,2024-10-31 09:50:00-04:00,-1,3.973507035411193,target,18.909528739965026
2024-11-01 09:50:00-04:00,2024-11-01 10:00:00-04:00,1,-1.0279677803032188,stop,17.89780863127089
2024-11-04 10:00:00-05:00,2024-11-04 10:10:00-05:00,1,-1.023575085858217,stop,21.21026664053352
2024-11-05 09:45:00-05:00,2024-11-05 10:00:00-05:00,1,3.9666150478781135,target,15.116892821995862
2024-11-07 09:55:00-05:00,2024-11-07 10:45:00-05:00,1,3.965970215312482,target,15.449715777467645
2024-11-08 09:45:00-05:00,2024-11-08 09:50:00-05:00,-1,-1.0441221422267426,stop,11.944698792100098
2024-11-11 09:45:00-05:00,2024-11-11 10:05:00-05:00,-1,3.95660662968696,target,12.127220413858595
2024-11-12 09:50:00-05:00,2024-11-12 09:55:00-05:00,1,-1.0353684550104725,stop,14.927786314274272
2024-11-14 09:45:00-05:00,2024-11-14 09:50:00-05:00,-1,-1.0339066147591047,stop,15.471867946740531
2024-11-15 09:55:00-05:00,2024-11-15 10:15:00-05:00,-1,3.969883222123018,target,17.028688100730506
2024-11-18 09:45:00-05:00,2024-11-18 10:00:00-05:00,-1,-1.0295204363143782,stop,17.313863481664157
2024-11-19 10:25:00-05:00,2024-11-19 11:35:00-05:00,1,3.9820329294648973,target,28.67225244927613
2024-11-21 10:00:00-05:00,2024-11-21 10:10:00-05:00,-1,-1.0161485766314298,stop,31.854689944491838
2024-11-22 09:45:00-05:00,2024-11-22 09:50:00-05:00,1,-1.026031052315724,stop,19.934754655365396
2024-11-25 09:50:00-05:00,2024-11-25 10:10:00-05:00,-1,3.969301505799928,target,16.949041279647645
2024-11-26 09:45:00-05:00,2024-11-26 09:50:00-05:00,1,-1.030881020701718,stop,16.93061721455524
2024-11-28 09:50:00-05:00,2024-11-28 10:05:00-05:00,1,-1.0968402250332296,stop,5.375411730656197
2024-11-29 09:45:00-05:00,2024-11-29 09:50:00-05:00,1,-1.0364271484987582,stop,14.277285621094052
2024-12-02 09:45:00-05:00,2024-12-02 09:55:00-05:00,1,-1.0373924664936363,stop,14.085832779888733
2024-12-03 09:45:00-05:00,2024-12-03 09:50:00-05:00,1,-1.039503972161548,stop,13.373084635728446
2024-12-05 09:45:00-05:00,2024-12-05 10:00:00-05:00,-1,-1.0699514129910597,stop,7.675022349008941
2024-12-06 09:45:00-05:00,2024-12-06 09:50:00-05:00,1,3.959892480014565,target,13.44217710979865
2024-12-09 09:45:00-05:00,2024-12-09 09:50:00-05:00,1,-1.0451815063505445,stop,11.945075347197417
2024-12-10 09:45:00-05:00,2024-12-10 09:50:00-05:00,1,-1.0496651310439924,stop,10.836247051767714
2024-12-12 10:00:00-05:00,2024-12-12 10:05:00-05:00,-1,-1.0424512177102965,stop,12.740760083688656
2024-12-13 09:45:00-05:00,2024-12-13 09:50:00-05:00,1,-1.0398947888919392,stop,13.697105733157514
2024-12-16 09:50:00-05:00,2024-12-16 10:20:00-05:00,1,-1.0496914610903696,stop,11.028373096702126
2024-12-17 09:45:00-05:00,2024-12-17 09:50:00-05:00,1,-1.0338892972364062,stop,16.250056681037677
2024-12-19 09:50:00-05:00,2024-12-19 09:55:00-05:00,-1,-1.0211957501696525,stop,25.117634067162726
2024-12-20 09:50:00-05:00,2024-12-20 09:55:00-05:00,-1,-1.0172181878098197,stop,30.406338016451627
2024-12-23 09:45:00-05:00,2024-12-23 09:55:00-05:00,-1,-1.0238522142464386,stop,22.3872022356627
2024-12-24 09:45:00-05:00,2024-12-24 10:00:00-05:00,1,3.9602899203042425,target,13.64289061553427
2024-12-26 09:45:00-05:00,2024-12-26 09:50:00-05:00,-1,3.967233577941986,target,16.51502265619274
2024-12-27 09:45:00-05:00,2024-12-27 09:50:00-05:00,-1,-1.0285229077022264,stop,18.819574310677126
2024-12-30 09:45:00-05:00,2024-12-30 09:50:00-05:00,-1,-1.0208207698327456,stop,25.353732881649194
2024-12-31 10:05:00-05:00,2024-12-31 10:10:00-05:00,-1,-1.0255198261756178,stop,20.74367656456161
2025-01-02 09:50:00-05:00,2025-01-02 10:20:00-05:00,1,-1.0170661442665252,stop,30.961800786084495
2025-01-03 09:45:00-05:00,2025-01-03 09:50:00-05:00,1,-1.0258167777865705,stop,20.548267969363224
2025-01-06 09:45:00-05:00,2025-01-06 09:50:00-05:00,1,-1.0252204314660651,stop,21.420326862957154
2025-01-07 10:00:00-05:00,2025-01-07 10:05:00-05:00,-1,3.970171418986984,target,17.965774327101826
2025-01-10 09:45:00-05:00,2025-01-10 10:00:00-05:00,-1,3.98448056181175,target,33.442015310618444
2025-01-13 09:50:00-05:00,2025-01-13 10:15:00-05:00,1,-1.020630571748939,stop,24.956358901195927
2025-01-14 09:50:00-05:00,2025-01-14 10:05:00-05:00,-1,-1.0190514153002996,stop,27.403565340748173
2025-01-16 09:45:00-05:00,2025-01-16 10:05:00-05:00,-1,-1.0257784354214503,stop,20.61728238710566
2025-01-17 09:55:00-05:00,2025-01-17 10:00:00-05:00,-1,-1.0196180403017285,stop,27.229236956558452
2025-01-20 10:15:00-05:00,2025-01-20 11:50:00-05:00,-1,-1.0301344206479455,stop,17.901055161535623
2025-01-21 09:50:00-05:00,2025-01-21 09:55:00-05:00,-1,-1.0264116569606287,stop,20.31457697048245
2025-01-23 09:45:00-05:00,2025-01-23 09:50:00-05:00,1,-1.0414692490431847,stop,13.114721120360628
2025-01-24 09:45:00-05:00,2025-01-24 10:00:00-05:00,1,-1.0435032510133637,stop,12.586877694902796
2025-01-27 09:45:00-05:00,2025-01-27 10:15:00-05:00,1,-1.0122472109995615,stop,43.130606814589555
2025-01-28 09:45:00-05:00,2025-01-28 09:50:00-05:00,-1,-1.0192059116966083,stop,27.431214120566437
2025-01-30 09:45:00-05:00,2025-01-30 10:00:00-05:00,1,-1.0249964388769486,stop,21.531881970517134
2025-01-31 09:50:00-05:00,2025-01-31 10:00:00-05:00,1,3.9647772406823547,target,15.463324581527559
2025-02-03 09:50:00-05:00,2025-02-03 09:55:00-05:00,-1,-1.017706685424976,stop,29.783791608089814
2025-02-04 09:50:00-05:00,2025-02-04 10:05:00-05:00,1,3.9774164393500726,target,23.81187826063615
2025-02-06 09:45:00-05:00,2025-02-06 10:00:00-05:00,1,-1.0369410199453126,stop,14.665980514993862
2025-02-07 10:00:00-05:00,2025-02-07 10:05:00-05:00,-1,3.969244727810267,target,17.64153668624931
2025-02-10 09:45:00-05:00,2025-02-10 09:50:00-05:00,1,-1.0430248654869625,stop,12.607438774422917
2025-02-11 09:45:00-05:00,2025-02-11 09:50:00-05:00,1,-1.0328203739731554,stop,16.51933662564261
2025-02-13 10:00:00-05:00,2025-02-13 10:05:00-05:00,1,-1.0254187932927608,stop,21.482972628233256
2025-02-14 09:50:00-05:00,2025-02-14 09:55:00-05:00,1,-1.04366971535599,stop,12.618633726189728
2025-02-17 11:00:00-05:00,2025-02-17 12:00:00-05:00,1,-1.0659430778530177,stop,8.399835886015353
2025-02-18 09:45:00-05:00,2025-02-18 09:50:00-05:00,-1,3.9561022582023395,target,12.580097628637304
2025-02-20 09:45:00-05:00,2025-02-20 09:50:00-05:00,-1,3.953444030457041,target,11.835708268419694
2025-02-21 09:50:00-05:00,2025-02-21 09:55:00-05:00,-1,-1.0382615629415146,stop,14.402897759486223
2025-02-24 09:45:00-05:00,2025-02-24 09:50:00-05:00,-1,3.971452445292535,target,18.863875820490648
2025-02-25 09:45:00-05:00,2025-02-25 09:50:00-05:00,-1,3.977640869973567,target,23.649821706370858
2025-02-27 09:45:00-05:00,2025-02-27 09:55:00-05:00,-1,3.9817725431866315,target,28.80195181367526
2025-02-28 10:00:00-05:00,2025-02-28 10:05:00-05:00,1,-1.0175551383680792,stop,29.28917916313003
2025-03-03 09:45:00-05:00,2025-03-03 09:55:00-05:00,-1,3.9800706090901117,target,26.08272345860678
2025-03-04 09:55:00-05:00,2025-03-04 10:15:00-05:00,-1,3.98663702702183,target,37.54576448768785
2025-03-06 09:50:00-05:00,2025-03-06 09:55:00-05:00,1,-1.0175389843439406,stop,28.866116870482074
2025-03-07 09:45:00-05:00,2025-03-07 09:55:00-05:00,1,-1.0135517720393776,stop,37.117788139868935
2025-03-10 09:50:00-04:00,2025-03-10 09:55:00-04:00,-1,-1.0161513821531125,stop,30.63231698765958
2025-03-11 09:45:00-04:00,2025-03-11 09:50:00-04:00,1,-1.0147890840066878,stop,32.946814423248725
2025-03-13 09:45:00-04:00,2025-03-13 09:50:00-04:00,-1,-1.0156976863357154,stop,31.02820453966342
2025-03-14 09:45:00-04:00,2025-03-14 09:50:00-04:00,1,-1.0213430679049589,stop,22.9150065465401
2025-03-17 10:35:00-04:00,2025-03-17 10:40:00-04:00,-1,-1.0198500817543212,stop,24.802707645329065
2025-03-18 09:45:00-04:00,2025-03-18 09:50:00-04:00,-1,-1.019268594099409,stop,25.322741929823678
2025-03-20 09:45:00-04:00,2025-03-20 10:00:00-04:00,1,3.9818786100772834,target,27.317478522967576
2025-03-21 09:45:00-04:00,2025-03-21 09:50:00-04:00,1,-1.0186044953578923,stop,26.18320490285987
2025-03-24 09:45:00-04:00,2025-03-24 10:05:00-04:00,1,-1.0353058565654913,stop,14.216742976506794
2025-03-25 09:45:00-04:00,2025-03-25 09:50:00-04:00,-1,-1.0345508174332674,stop,14.602047351047077
2025-03-27 09:50:00-04:00,2025-03-27 10:05:00-04:00,1,-1.0214544718456564,stop,23.129298680625652
2025-03-28 10:00:00-04:00,2025-03-28 10:10:00-04:00,-1,3.980355287322664,target,24.88007176762767
2025-03-31 09:45:00-04:00,2025-03-31 09:50:00-04:00,-1,-1.0168741343755836,stop,27.930405748786143
2025-04-01 09:45:00-04:00,2025-04-01 09:50:00-04:00,1,-1.0193656873400658,stop,24.829731556037586
2025-04-03 10:00:00-04:00,2025-04-03 11:05:00-04:00,-1,3.9889569613400027,target,42.04096408508485
2025-04-04 09:45:00-04:00,2025-04-04 09:50:00-04:00,-1,-1.0061285824045856,stop,73.12580332321522
2025-04-07 09:50:00-04:00,2025-04-07 10:10:00-04:00,1,3.9954690659975203,target,95.02121907475157
2025-04-08 09:45:00-04:00,2025-04-08 09:50:00-04:00,1,-1.0088713733187364,stop,50.77395317594346
2025-04-10 09:55:00-04:00,2025-04-10 10:25:00-04:00,-1,-1.0077414213883404,stop,60.0266427436909
2025-04-11 09:45:00-04:00,2025-04-11 10:00:00-04:00,1,-1.0070704740310568,stop,64.95714665993728
2025-04-14 09:45:00-04:00,2025-04-14 09:50:00-04:00,-1,-1.0132454398923039,stop,35.656244706256985
2025-04-15 09:45:00-04:00,2025-04-15 10:00:00-04:00,1,-1.016407096547593,stop,28.827296362163906
2025-04-17 09:45:00-04:00,2025-04-17 09:50:00-04:00,-1,-1.0145089135312493,stop,31.53077940573712
2025-04-21 09:45:00-04:00,2025-04-21 09:50:00-04:00,-1,-1.0197796489113704,stop,22.704492939879856
2025-04-22 09:45:00-04:00,2025-04-22 10:10:00-04:00,1,3.9794177357058733,target,22.090121707922663
2025-04-24 09:45:00-04:00,2025-04-24 10:05:00-04:00,1,3.9837152460575176,target,29.115489309067925
2025-04-25 09:50:00-04:00,2025-04-25 09:55:00-04:00,-1,-1.015498096677595,stop,30.939251626474288
2025-04-28 09:45:00-04:00,2025-04-28 09:50:00-04:00,1,-1.0239483463400527,stop,20.32746704269448
2025-04-29 09:45:00-04:00,2025-04-29 10:05:00-04:00,1,3.980588252424952,target,25.083917608881166
2025-05-01 09:50:00-04:00,2025-05-01 09:55:00-04:00,1,-1.0234837429915244,stop,21.15554129688462
2025-05-02 09:50:00-04:00,2025-05-02 09:55:00-04:00,-1,-1.0193960364627626,stop,25.733707560346375
2025-05-05 09:45:00-04:00,2025-05-05 09:50:00-04:00,1,-1.0284944068672361,stop,17.49561714686206
2025-05-06 09:50:00-04:00,2025-05-06 10:05:00-04:00,-1,-1.023576711776786,stop,20.902804090772406
2025-05-08 09:45:00-04:00,2025-05-08 10:00:00-04:00,-1,-1.025579374427674,stop,19.580348836683697
2025-05-09 09:45:00-04:00,2025-05-09 09:50:00-04:00,-1,-1.0251907573934351,stop,20.00959191878428
2025-05-12 10:25:00-04:00,2025-05-12 10:40:00-04:00,-1,-1.016931675487481,stop,30.561913697907585
2025-05-13 09:50:00-04:00,2025-05-13 10:05:00-04:00,1,3.974212172143119,target,20.43605249707616
2025-05-15 09:45:00-04:00,2025-05-15 09:50:00-04:00,-1,-1.025818805850637,stop,20.54463112691883
2025-05-16 10:30:00-04:00,2025-05-16 11:00:00-04:00,-1,-1.0299120999317202,stop,17.824383526800375
2025-05-19 09:45:00-04:00,2025-05-19 10:05:00-04:00,1,3.977912393480342,target,24.16712040134007
2025-05-20 09:45:00-04:00,2025-05-20 09:50:00-04:00,-1,-1.0336792834164337,stop,15.834361876601179
2025-05-22 09:50:00-04:00,2025-05-22 10:05:00-04:00,1,3.9799157168976413,target,26.457715066593664
2025-05-23 10:05:00-04:00,2025-05-23 10:55:00-04:00,1,-1.0131819674188478,stop,39.543961115832644
2025-05-26 10:30:00-04:00,2025-05-26 11:45:00-04:00,-1,-1.0404574307399244,stop,13.110000765173027
2025-05-27 09:55:00-04:00,2025-05-27 10:10:00-04:00,1,3.9738722272739406,target,20.39354174545224
2025-05-29 09:45:00-04:00,2025-05-29 09:50:00-04:00,-1,-1.0204328590402854,stop,26.299733625841327
2025-05-30 09:45:00-04:00,2025-05-30 10:00:00-04:00,-1,-1.019384748753996,stop,27.438844955409877
2025-06-02 10:00:00-04:00,2025-06-02 10:05:00-04:00,-1,-1.0215047894003588,stop,24.72799830403892
2025-06-03 09:45:00-04:00,2025-06-03 09:50:00-04:00,1,-1.0304387902831706,stop,17.68889939267683
2025-06-05 09:45:00-04:00,2025-06-05 09:55:00-04:00,-1,-1.0241907767303704,stop,22.447056821270962
2025-06-06 09:45:00-04:00,2025-06-06 09:55:00-04:00,1,-1.0275074448802954,stop,19.813218175477232
2025-06-09 09:50:00-04:00,2025-06-09 09:55:00-04:00,1,-1.0414877028884173,stop,13.119417126035842
2025-06-10 09:50:00-04:00,2025-06-10 09:55:00-04:00,1,-1.034165624391175,stop,15.984921239494724
2025-06-12 09:45:00-04:00,2025-06-12 09:55:00-04:00,1,-1.024679367200725,stop,22.124160651583225
2025-06-13 09:50:00-04:00,2025-06-13 09:55:00-04:00,1,-1.0216478719545683,stop,25.1134578666788
2025-06-16 09:45:00-04:00,2025-06-16 09:55:00-04:00,1,3.9664679596696484,target,16.348222636774153
2025-06-17 09:45:00-04:00,2025-06-17 09:50:00-04:00,-1,-1.0273563404867196,stop,19.934347132057155
2025-06-19 09:45:00-04:00,2025-06-19 11:10:00-04:00,-1,-1.0297631696204779,stop,18.066880027337902
2025-06-20 09:50:00-04:00,2025-06-20 10:20:00-04:00,-1,3.9729319638349407,target,20.075857187574
2025-06-23 09:45:00-04:00,2025-06-23 10:05:00-04:00,1,3.975913507449833,target,22.58323682984701
2025-06-24 09:45:00-04:00,2025-06-24 09:50:00-04:00,1,-1.0298093017002232,stop,18.525288355489465
2025-06-26 09:45:00-04:00,2025-06-26 09:50:00-04:00,-1,-1.0392927694668335,stop,14.181243563565658
2025-06-27 09:45:00-04:00,2025-06-27 09:50:00-04:00,1,-1.0424070062596857,stop,13.273068595335644
2025-06-30 09:45:00-04:00,2025-06-30 09:50:00-04:00,-1,-1.0464230690716876,stop,12.16978356175241
2025-07-01 09:45:00-04:00,2025-07-01 09:55:00-04:00,1,-1.0425501354018814,stop,13.275175736325764
2025-07-03 09:50:00-04:00,2025-07-03 10:05:00-04:00,1,3.960810442369233,target,14.566024627576553
2025-07-04 09:45:00-04:00,2025-07-04 09:50:00-04:00,1,-1.0454494568441028,stop,12.498584881443094
2025-07-07 10:00:00-04:00,2025-07-07 10:05:00-04:00,-1,-1.0398006751898752,stop,14.272058360205847
2025-07-08 09:55:00-04:00,2025-07-08 10:30:00-04:00,-1,-1.0435062390034167,stop,13.048027242009994
2025-07-10 09:45:00-04:00,2025-07-10 09:50:00-04:00,-1,3.9537931851135983,target,12.327291460278502
2025-07-11 09:45:00-04:00,2025-07-11 09:50:00-04:00,-1,-1.0326181806008998,stop,17.403332029516605
2025-07-14 09:45:00-04:00,2025-07-14 09:50:00-04:00,-1,-1.0344817328550682,stop,16.451056337478803
2025-07-15 10:00:00-04:00,2025-07-15 10:05:00-04:00,-1,-1.034621918312762,stop,16.580974154661817
2025-07-17 09:45:00-04:00,2025-07-17 10:45:00-04:00,1,3.959447760658198,target,14.189953618551954
2025-07-18 09:50:00-04:00,2025-07-18 10:00:00-04:00,-1,-1.0537591851227228,stop,10.743966161619028
2025-07-21 09:45:00-04:00,2025-07-21 10:00:00-04:00,1,3.951934602253281,target,12.08776006732296
2025-07-22 09:45:00-04:00,2025-07-22 09:50:00-04:00,-1,3.9547504571596694,target,12.736278556596517
2025-07-24 09:45:00-04:00,2025-07-24 09:50:00-04:00,1,-1.0467918695748972,stop,12.414928328555106
2025-07-25 09:45:00-04:00,2025-07-25 10:30:00-04:00,1,3.9401300279933134,target,9.718792772255256
2025-07-28 09:45:00-04:00,2025-07-28 10:20:00-04:00,1,-1.054649694120144,stop,10.683265112744266
2025-07-29 09:45:00-04:00,2025-07-29 10:05:00-04:00,-1,3.9385530682914394,target,9.52685372995984
2025-07-31 09:45:00-04:00,2025-07-31 09:50:00-04:00,-1,-1.0324842579507352,stop,18.08869281256557
2025-08-01 09:45:00-04:00,2025-08-01 10:15:00-04:00,-1,-1.0187322449966076,stop,30.46218073050477
2025-08-04 09:45:00-04:00,2025-08-04 11:55:00-04:00,1,3.9644755141790315,target,16.286002728069434
2025-08-05 09:45:00-04:00,2025-08-05 10:00:00-04:00,1,-1.039343483767676,stop,14.762542864009447
2025-08-07 09:45:00-04:00,2025-08-07 09:50:00-04:00,-1,-1.0385950376240372,stop,15.213406344351824
2025-08-08 09:45:00-04:00,2025-08-08 10:05:00-04:00,1,3.9544976710856963,target,12.945938194850896
2025-08-11 09:55:00-04:00,2025-08-11 10:00:00-04:00,1,-1.0482081724499805,stop,12.250795810985437
2025-08-12 09:45:00-04:00,2025-08-12 10:00:00-04:00,1,-1.0309175624712672,stop,19.107625011751225
2025-08-14 09:45:00-04:00,2025-08-14 09:55:00-04:00,1,-1.0328129721760109,stop,18.140918209301162
2025-08-15 09:45:00-04:00,2025-08-15 09:50:00-04:00,-1,3.9547588108943366,target,13.091435112390172
2025-08-18 09:50:00-04:00,2025-08-18 10:00:00-04:00,-1,-1.0459271503947756,stop,12.896470429881447
2025-08-19 09:45:00-04:00,2025-08-19 09:50:00-04:00,-1,-1.041097312971704,stop,14.351055399798497
2025-08-21 09:45:00-04:00,2025-08-21 09:50:00-04:00,-1,-1.0304101450344127,stop,19.02440723910695
2025-08-22 09:45:00-04:00,2025-08-22 10:05:00-04:00,1,-1.0389122628954857,stop,14.903639577099966
2025-08-25 09:55:00-04:00,2025-08-25 10:00:00-04:00,1,-1.0482270959255269,stop,12.148542839604488
2025-08-26 09:45:00-04:00,2025-08-26 09:50:00-04:00,-1,-1.0471506345313448,stop,12.41199418047836
2025-08-28 09:50:00-04:00,2025-08-28 10:05:00-04:00,-1,-1.03758260004238,stop,15.689367600491096
2025-08-29 09:45:00-04:00,2025-08-29 09:50:00-04:00,-1,3.958425709541794,target,14.118325324332545
2025-09-01 09:45:00-04:00,2025-09-01 12:55:00-04:00,1,1.3473720440816028,session_end,10.915903379918745
2025-09-02 09:45:00-04:00,2025-09-02 10:45:00-04:00,1,-1.0219970115541461,stop,26.261203765589016
2025-09-04 10:00:00-04:00,2025-09-04 10:20:00-04:00,-1,-1.0370548307553296,stop,15.808581296929333
2025-09-05 10:00:00-04:00,2025-09-05 10:15:00-04:00,-1,3.965157758438933,target,17.017028894948453
2025-09-08 09:45:00-04:00,2025-09-08 09:50:00-04:00,1,-1.049089615001407,stop,12.121134569304559
2025-09-09 09:50:00-04:00,2025-09-09 09:55:00-04:00,-1,-1.0519998614780484,stop,11.439907544281596
2025-09-11 09:45:00-04:00,2025-09-11 09:50:00-04:00,-1,-1.0374576349815476,stop,15.952420164689102
2025-09-12 10:20:00-04:00,2025-09-12 10:50:00-04:00,1,3.9404659717650317,target,10.11362968015601
2025-09-15 09:45:00-04:00,2025-09-15 11:40:00-04:00,1,3.946553482165972,target,11.345137504478771
2025-09-16 09:45:00-04:00,2025-09-16 09:50:00-04:00,-1,-1.059745323483541,stop,10.170563042131107
2025-09-18 09:45:00-04:00,2025-09-18 09:50:00-04:00,-1,-1.03302884369032,stop,18.46253945350327
2025-09-19 09:45:00-04:00,2025-09-19 10:15:00-04:00,1,-1.0509736926409652,stop,12.028476197436248
2025-09-22 09:45:00-04:00,2025-09-22 10:25:00-04:00,1,3.952123350849134,target,12.876590668456629
2025-09-23 09:55:00-04:00,2025-09-23 10:05:00-04:00,-1,-1.0585847708276968,stop,10.54511702990203
2025-09-25 10:10:00-04:00,2025-09-25 11:35:00-04:00,1,3.9723164503298247,target,22.061213841676363
2025-09-26 09:50:00-04:00,2025-09-26 09:55:00-04:00,1,-1.0271698313695972,stop,22.508207312359445
2025-09-29 09:45:00-04:00,2025-09-29 10:05:00-04:00,1,3.9540949609683955,target,13.476255444307753
2025-09-30 09:50:00-04:00,2025-09-30 09:55:00-04:00,-1,-1.041110577645192,stop,14.918712627331843
2025-10-02 09:45:00-04:00,2025-10-02 09:50:00-04:00,-1,-1.0439049931360613,stop,14.141596589513938
2025-10-03 09:50:00-04:00,2025-10-03 09:55:00-04:00,1,-1.0533526827494828,stop,11.688784815632971
2025-10-06 10:40:00-04:00,2025-10-06 10:45:00-04:00,-1,-1.0373500568793874,stop,16.6860296139821
2025-10-07 09:55:00-04:00,2025-10-07 10:00:00-04:00,1,-1.0518086728590765,stop,12.084649318723677
2025-10-09 09:45:00-04:00,2025-10-09 09:50:00-04:00,-1,-1.0487634832265014,stop,12.853161342853127
2025-10-10 09:45:00-04:00,2025-10-10 09:50:00-04:00,1,-1.0436709623903173,stop,14.411321620424133
2025-10-13 09:50:00-04:00,2025-10-13 10:20:00-04:00,1,-1.020392230475616,stop,30.20428713635556
2025-10-14 09:45:00-04:00,2025-10-14 09:50:00-04:00,-1,-1.0167282011426972,stop,36.30051725232988
2025-10-16 09:45:00-04:00,2025-10-16 09:50:00-04:00,1,-1.033429685220994,stop,18.63233741313161
2025-10-17 09:50:00-04:00,2025-10-17 10:00:00-04:00,1,-1.016468564881262,stop,37.36679346426172
2025-10-20 09:45:00-04:00,2025-10-20 09:55:00-04:00,1,-1.0341915469766068,stop,18.310312344809063
2025-10-21 09:45:00-04:00,2025-10-21 09:50:00-04:00,-1,-1.0473963341375132,stop,13.229848665367172
2025-10-23 09:45:00-04:00,2025-10-23 10:35:00-04:00,1,3.971685300025642,target,22.09688253290369
2025-10-24 10:05:00-04:00,2025-10-24 10:20:00-04:00,1,-1.0318459533899615,stop,19.91020101498725
2025-10-27 10:00:00-04:00,2025-10-27 10:15:00-04:00,1,-1.054772315910153,stop,11.731273420587968
2025-10-28 09:45:00-04:00,2025-10-28 09:50:00-04:00,-1,-1.0529817057205157,stop,12.226227618695702
2025-10-30 09:50:00-04:00,2025-10-30 10:00:00-04:00,1,-1.0203797121644007,stop,31.836726479716162
2025-10-31 09:45:00-04:00,2025-10-31 09:50:00-04:00,-1,-1.0352771379444012,stop,18.41567583275173
2025-11-03 09:45:00-05:00,2025-11-03 10:25:00-05:00,-1,3.967428224385025,target,19.91027805327758
2025-11-04 09:45:00-05:00,2025-11-04 10:00:00-05:00,1,3.974665930085415,target,25.41577757209234
2025-11-06 09:50:00-05:00,2025-11-06 10:00:00-05:00,-1,3.9722314282604776,target,22.843281683457462
2025-11-07 10:05:00-05:00,2025-11-07 10:10:00-05:00,-1,-1.0178340996898565,stop,34.823733705045015
2025-11-10 09:45:00-05:00,2025-11-10 09:50:00-05:00,1,-1.032927722203332,stop,19.37212818936314
2025-11-11 09:45:00-05:00,2025-11-11 09:55:00-05:00,-1,-1.0364342562920963,stop,17.49868952644829
2025-11-13 09:45:00-05:00,2025-11-13 09:50:00-05:00,-1,-1.0197044170192247,stop,31.99739005183801
2025-11-14 09:45:00-05:00,2025-11-14 10:25:00-05:00,1,3.985324744717829,target,42.45298155745695
2025-11-17 09:45:00-05:00,2025-11-17 10:00:00-05:00,1,-1.0171569954818287,stop,36.53778573476666
2025-11-18 09:45:00-05:00,2025-11-18 10:00:00-05:00,-1,3.9840344519940136,target,38.2210428388571
2025-11-20 09:45:00-05:00,2025-11-20 10:05:00-05:00,1,-1.0201450115684891,stop,31.182470879775792
2025-11-21 09:45:00-05:00,2025-11-21 09:50:00-05:00,-1,-1.0121884479253078,stop,49.491244482283946
2025-11-24 10:00:00-05:00,2025-11-24 10:10:00-05:00,1,-1.017537005023797,stop,35.09399307206331
2025-11-25 09:45:00-05:00,2025-11-25 09:50:00-05:00,-1,-1.0210204963373906,stop,29.352430301645654
2025-11-27 11:00:00-05:00,2025-11-27 11:05:00-05:00,-1,-1.0722451979289342,stop,8.73155229182521
2025-11-28 11:05:00-05:00,2025-11-28 11:20:00-05:00,1,-1.047807584080122,stop,13.257722545840807
2025-12-01 09:45:00-05:00,2025-12-01 09:50:00-05:00,1,-1.0277250794513169,stop,22.763900305762945
2025-12-02 10:00:00-05:00,2025-12-02 10:25:00-05:00,1,-1.0324548900720196,stop,19.677308054491732
2025-12-04 09:55:00-05:00,2025-12-04 10:00:00-05:00,-1,-1.0286707963012456,stop,22.260421780814795
2025-12-05 09:50:00-05:00,2025-12-05 10:10:00-05:00,1,3.965368738081846,target,18.63314644493221
2025-12-08 09:45:00-05:00,2025-12-08 10:20:00-05:00,-1,3.9557026118569216,target,14.49099806191225
2025-12-09 10:00:00-05:00,2025-12-09 10:05:00-05:00,1,-1.0360474382919158,stop,17.755965980009933
2025-12-11 09:45:00-05:00,2025-12-11 09:50:00-05:00,-1,3.969784189470874,target,21.05269272778969
2025-12-12 09:45:00-05:00,2025-12-12 09:50:00-05:00,-1,-1.031296088992693,stop,20.394779202440986
2025-12-15 09:45:00-05:00,2025-12-15 09:50:00-05:00,-1,-1.038676856555552,stop,16.34529648779062
2025-12-16 09:45:00-05:00,2025-12-16 09:50:00-05:00,-1,-1.0208599309290092,stop,29.931022400094662
2025-12-18 09:45:00-05:00,2025-12-18 09:50:00-05:00,-1,-1.023175477119181,stop,26.929716631912015
2025-12-19 09:45:00-05:00,2025-12-19 10:15:00-05:00,1,-1.0241027212139298,stop,26.22832424740409
2025-12-22 10:30:00-05:00,2025-12-22 10:45:00-05:00,-1,-1.0438915881937727,stop,14.495183109182108
2025-12-23 09:45:00-05:00,2025-12-23 09:50:00-05:00,1,-1.039952763534498,stop,15.949968415694457
2025-12-26 09:45:00-05:00,2025-12-26 09:50:00-05:00,1,-1.0600786161950997,stop,10.695039426176663
2025-12-29 10:10:00-05:00,2025-12-29 10:15:00-05:00,-1,-1.0304623194580815,stop,20.902325029237545
2025-12-30 09:50:00-05:00,2025-12-30 10:05:00-05:00,1,-1.0498800109039048,stop,12.784681608885876
2026-01-02 09:45:00-05:00,2026-01-02 09:50:00-05:00,1,3.9587563605924987,target,15.51656875765184
2026-01-05 10:25:00-05:00,2026-01-05 10:35:00-05:00,1,-1.0299671354641724,stop,21.247985398509627
2026-01-06 09:45:00-05:00,2026-01-06 09:50:00-05:00,1,3.9555393598143325,target,14.367317638319946
2026-01-08 09:45:00-05:00,2026-01-08 09:50:00-05:00,-1,-1.0292147351173337,stop,21.787025408284535
2026-01-09 10:05:00-05:00,2026-01-09 10:10:00-05:00,-1,-1.0281265694922002,stop,22.663610575240455
2026-01-12 09:50:00-05:00,2026-01-12 10:05:00-05:00,1,-1.0331290174825614,stop,19.396390698162577
2026-01-13 10:00:00-05:00,2026-01-13 10:05:00-05:00,-1,-1.0296197654099504,stop,21.764942633079045
2026-01-15 09:45:00-05:00,2026-01-15 09:50:00-05:00,1,-1.0325752068512914,stop,19.774217802605563
2026-01-16 09:45:00-05:00,2026-01-16 09:55:00-05:00,-1,3.9596792569538737,target,15.873650151552283
2026-01-19 09:45:00-05:00,2026-01-19 09:50:00-05:00,-1,-1.0307977970092057,stop,20.377516304139135
2026-01-20 09:50:00-05:00,2026-01-20 09:55:00-05:00,1,-1.0212144447869704,stop,29.668202692275372
2026-01-22 09:45:00-05:00,2026-01-22 10:35:00-05:00,-1,-1.0307014112272497,stop,20.757158521744714
2026-01-23 09:55:00-05:00,2026-01-23 10:20:00-05:00,1,3.969748603703722,target,21.157364204154874
2026-01-26 09:45:00-05:00,2026-01-26 09:50:00-05:00,1,-1.0306310934248806,stop,20.955876579831966
2026-01-27 09:50:00-05:00,2026-01-27 10:10:00-05:00,1,3.955497944561179,target,14.573604096705822
2026-01-29 09:45:00-05:00,2026-01-29 09:50:00-05:00,-1,-1.0250511123967168,stop,25.79284496913897
2026-01-30 09:55:00-05:00,2026-01-30 10:00:00-05:00,-1,-1.0199303292032051,stop,32.27094909828156
2026-02-02 09:45:00-05:00,2026-02-02 10:10:00-05:00,1,3.9789840447472518,target,30.619761464451585
2026-02-03 09:50:00-05:00,2026-02-03 09:55:00-05:00,-1,3.972686552366794,target,23.35745216946816
2026-02-05 09:45:00-05:00,2026-02-05 09:50:00-05:00,1,-1.0122033656967202,stop,50.77639055131658
2026-02-06 09:45:00-05:00,2026-02-06 09:55:00-05:00,1,-1.015943698185657,stop,38.88250720074939
2026-02-09 09:45:00-05:00,2026-02-09 09:50:00-05:00,1,-1.0200613623068808,stop,31.197862326924223
2026-02-10 09:45:00-05:00,2026-02-10 09:50:00-05:00,-1,-1.027679640480703,stop,22.762446066226403
2026-02-12 09:45:00-05:00,2026-02-12 09:55:00-05:00,-1,3.9680463827349572,target,19.67284237363856
2026-02-13 09:45:00-05:00,2026-02-13 09:50:00-05:00,1,-1.0139932754811727,stop,44.09781037816356
2026-02-16 09:45:00-05:00,2026-02-16 09:50:00-05:00,-1,-1.0358780849347526,stop,17.18176065620355
2026-02-17 09:50:00-05:00,2026-02-17 10:00:00-05:00,-1,3.982907306684575,target,35.6793640619253
2026-02-19 09:50:00-05:00,2026-02-19 10:00:00-05:00,1,-1.0226051948324577,stop,27.414449546980904
2026-02-20 09:45:00-05:00,2026-02-20 09:50:00-05:00,1,-1.018091515457303,stop,34.347553343119216
2026-02-23 09:45:00-05:00,2026-02-23 09:50:00-05:00,-1,-1.0254813263763543,stop,24.37812318237411
2026-02-24 09:45:00-05:00,2026-02-24 09:55:00-05:00,1,-1.0227847619977297,stop,27.247704843106476
2026-02-26 09:45:00-05:00,2026-02-26 09:50:00-05:00,-1,-1.034990969026528,stop,18.001301159587456
2026-02-27 09:45:00-05:00,2026-02-27 09:50:00-05:00,1,-1.0215269355982624,stop,28.844005118760833
2026-03-02 09:45:00-05:00,2026-03-02 09:50:00-05:00,1,-1.0155504462154274,stop,39.879567145173496
2026-03-03 09:45:00-05:00,2026-03-03 09:50:00-05:00,-1,-1.0158538575957659,stop,38.642544430800626
2026-03-05 09:45:00-05:00,2026-03-05 09:50:00-05:00,1,-1.0186817017275722,stop,33.53160222391307
2026-03-06 09:50:00-05:00,2026-03-06 09:55:00-05:00,1,-1.0167449167081308,stop,36.82495561245378
2026-03-09 09:45:00-04:00,2026-03-09 09:55:00-04:00,-1,-1.0155670063649347,stop,39.13290248645717
2026-03-10 09:55:00-04:00,2026-03-10 10:05:00-04:00,-1,-1.0199919610547103,stop,31.2163786715646
2026-03-12 09:45:00-04:00,2026-03-12 09:55:00-04:00,-1,3.9761791403310003,target,25.836773101673316
2026-03-13 09:45:00-04:00,2026-03-13 09:50:00-04:00,1,-1.0202956943780266,stop,30.45562002393126
2026-03-16 09:45:00-04:00,2026-03-16 09:50:00-04:00,1,-1.0265564984220292,stop,23.233253414691717
2026-03-17 09:45:00-04:00,2026-03-17 10:10:00-04:00,1,-1.0246709201800712,stop,25.150236265268177
2026-03-19 09:45:00-04:00,2026-03-19 10:25:00-04:00,1,-1.0163580093040094,stop,36.976120069495664
2026-03-20 09:50:00-04:00,2026-03-20 10:10:00-04:00,-1,3.981056503612789,target,31.71992610401503
2026-03-23 09:45:00-04:00,2026-03-23 11:45:00-04:00,1,-1.0087949072444593,stop,69.03312352238208
2026-03-24 09:50:00-04:00,2026-03-24 09:55:00-04:00,-1,-1.01474495442199,stop,40.63614794041496
2026-03-26 09:45:00-04:00,2026-03-26 10:40:00-04:00,1,-1.023188860622449,stop,25.793507746788237
2026-03-27 09:50:00-04:00,2026-03-27 11:30:00-04:00,-1,-1.0198900751936217,stop,29.379204631321045
2026-03-30 09:45:00-04:00,2026-03-30 10:40:00-04:00,-1,3.978504134316168,target,26.848935461752262
2026-03-31 09:45:00-04:00,2026-03-31 10:50:00-04:00,1,-1.0178889436076224,stop,32.49710343905099
2026-04-02 09:50:00-04:00,2026-04-02 10:05:00-04:00,1,3.9785973430103017,target,27.747298245347338
2026-04-06 09:45:00-04:00,2026-04-06 10:00:00-04:00,1,-1.0243540439018353,stop,24.816716654524498
2026-04-07 09:45:00-04:00,2026-04-07 10:05:00-04:00,-1,3.9810081712597194,target,31.451346081132215
2026-04-09 09:45:00-04:00,2026-04-09 09:50:00-04:00,1,-1.0330865899526394,stop,18.828318464737094
2026-04-10 10:00:00-04:00,2026-04-10 10:10:00-04:00,-1,-1.0344831259722245,stop,18.229757213983248
2026-04-13 09:50:00-04:00,2026-04-13 10:00:00-04:00,1,3.965389159957516,target,18.162572802561044
2026-04-14 09:45:00-04:00,2026-04-14 09:55:00-04:00,1,-1.0377158975292171,stop,16.953864053062716
2026-04-16 09:50:00-04:00,2026-04-16 10:10:00-04:00,-1,-1.0358447685531562,stop,18.275073676049942
2026-04-17 09:50:00-04:00,2026-04-17 09:55:00-04:00,1,-1.0237073181736869,stop,27.985964077302924
2026-04-20 09:45:00-04:00,2026-04-20 09:50:00-04:00,-1,-1.0341918468164628,stop,19.445297177699103
2026-04-21 09:55:00-04:00,2026-04-21 10:45:00-04:00,1,-1.0373914770535462,stop,17.821195961063495
2026-04-23 09:45:00-04:00,2026-04-23 09:55:00-04:00,1,-1.0268994517223082,stop,24.996629719204066
2026-04-24 09:50:00-04:00,2026-04-24 10:00:00-04:00,-1,-1.0243081399136302,stop,27.835927659500157
2026-04-27 09:45:00-04:00,2026-04-27 09:50:00-04:00,-1,-1.037206829125375,stop,18.300674799102126
2026-04-28 09:45:00-04:00,2026-04-28 09:50:00-04:00,1,-1.0222360706981433,stop,30.44105110786768
2026-04-30 09:50:00-04:00,2026-04-30 10:50:00-04:00,-1,-1.0186142559917526,stop,36.49673169797097
2026-05-01 09:50:00-04:00,2026-05-01 10:00:00-04:00,1,3.9700871211159003,target,23.201039037579903
2026-05-04 09:45:00-04:00,2026-05-04 09:50:00-04:00,1,-1.0250378727831932,stop,27.695311853221938
2026-05-05 09:45:00-04:00,2026-05-05 10:00:00-04:00,1,-1.0370327398291204,stop,18.866044748319837
2026-05-07 09:45:00-04:00,2026-05-07 09:50:00-04:00,-1,-1.0399138378931159,stop,17.93018127317555
2026-05-08 09:45:00-04:00,2026-05-08 09:55:00-04:00,1,3.9691915292667086,target,23.514901099675626
2026-05-11 10:25:00-04:00,2026-05-11 10:30:00-04:00,-1,-1.0287770930575995,stop,25.367152023125527
2026-05-12 09:45:00-04:00,2026-05-12 09:50:00-04:00,1,-1.026118439909893,stop,27.90099687568363
2026-05-14 09:45:00-04:00,2026-05-14 09:55:00-04:00,1,-1.024430721086526,stop,30.178820859571715
2026-05-15 09:45:00-04:00,2026-05-15 09:50:00-04:00,-1,-1.017183634351575,stop,42.32728856517133
2026-05-18 09:45:00-04:00,2026-05-18 09:50:00-04:00,-1,-1.0156152636408409,stop,46.60505599241151
2026-05-19 10:05:00-04:00,2026-05-19 10:20:00-04:00,-1,3.982963255854042,target,41.94544764258899
2026-05-21 09:50:00-04:00,2026-05-21 10:15:00-04:00,1,-1.0221100382157797,stop,32.954885999079124
2026-05-22 10:00:00-04:00,2026-05-22 10:10:00-04:00,-1,-1.0245254900973195,stop,30.074159774718282
2026-05-25 09:45:00-04:00,2026-05-25 10:05:00-04:00,1,-1.0645246908871253,stop,11.580103274907742
2026-05-26 09:45:00-04:00,2026-05-26 09:50:00-04:00,1,-1.0348434560413058,stop,21.412783216415846
2026-05-28 09:45:00-04:00,2026-05-28 09:50:00-04:00,-1,-1.024833383267252,stop,30.102918088956358
2026-05-29 09:45:00-04:00,2026-05-29 10:15:00-04:00,1,-1.0350414353896729,stop,21.6651395861918
2026-06-01 09:45:00-04:00,2026-06-01 09:50:00-04:00,1,-1.0253730982900722,stop,29.924606620137638
2026-06-02 09:50:00-04:00,2026-06-02 09:55:00-04:00,1,-1.0319848810563763,stop,23.828666904468264
2026-06-04 09:45:00-04:00,2026-06-04 09:50:00-04:00,-1,-1.020899693446388,stop,36.11155325570144
2026-06-05 09:45:00-04:00,2026-06-05 09:55:00-04:00,-1,3.976460967096282,target,31.591891154323093
2026-06-08 09:55:00-04:00,2026-06-08 10:05:00-04:00,-1,-1.0172535459125003,stop,42.596164616334136
2026-06-09 09:45:00-04:00,2026-06-09 09:50:00-04:00,1,-1.0250572002783693,stop,29.633450139608613
2026-06-11 09:45:00-04:00,2026-06-11 09:50:00-04:00,1,3.9820571820338735,target,40.282577269143076
2026-06-12 09:45:00-04:00,2026-06-12 09:50:00-04:00,-1,-1.0150108771377766,stop,48.773960296548466
2026-06-15 09:45:00-04:00,2026-06-15 09:55:00-04:00,1,-1.0294720448515038,stop,25.771746224432718
2026-06-16 09:45:00-04:00,2026-06-16 09:55:00-04:00,1,-1.0294411546833548,stop,25.90895617904971
2026-06-18 10:15:00-04:00,2026-06-18 10:25:00-04:00,1,-1.0198416207198209,stop,38.12318635778138
2026-06-19 09:45:00-04:00,2026-06-19 10:00:00-04:00,1,-1.030893956153919,stop,24.554571014276007
2026-06-22 09:55:00-04:00,2026-06-22 10:10:00-04:00,1,-1.0244821395765613,stop,31.23068102254183
2026-06-23 09:45:00-04:00,2026-06-23 10:00:00-04:00,1,3.9836737897718772,target,45.46387954010788
2026-06-25 09:45:00-04:00,2026-06-25 09:50:00-04:00,-1,3.9839413374283708,target,45.55573942323099
2026-06-26 09:55:00-04:00,2026-06-26 10:05:00-04:00,1,3.985274847174849,target,49.70191803740454
2026-06-29 09:45:00-04:00,2026-06-29 09:50:00-04:00,1,-1.0182671366279306,stop,40.32446592004271
2026-06-30 09:50:00-04:00,2026-06-30 10:20:00-04:00,1,3.9790936904346825,target,36.02987417818804
2026-07-02 09:45:00-04:00,2026-07-02 10:10:00-04:00,1,-1.0150857236807258,stop,49.522092602092016
2026-07-03 10:10:00-04:00,2026-07-03 10:15:00-04:00,-1,-1.0397416999187055,stop,18.676345390776987
2026-07-06 09:45:00-04:00,2026-07-06 09:55:00-04:00,1,-1.0226157120003403,stop,32.800740335795126
2026-07-07 09:50:00-04:00,2026-07-07 10:10:00-04:00,-1,3.9791778123546093,target,34.955035703744215
2026-07-09 09:45:00-04:00,2026-07-09 09:50:00-04:00,1,-1.0220975774547363,stop,33.51241556638706
2026-07-10 09:45:00-04:00,2026-07-10 09:55:00-04:00,1,-1.0261348278677882,stop,28.40932221986077
2026-07-13 09:45:00-04:00,2026-07-13 09:50:00-04:00,-1,-1.0235825045901383,stop,31.13805765636789
2026-07-14 10:05:00-04:00,2026-07-14 10:25:00-04:00,-1,-1.0168378794715565,stop,43.83623729958708
2026-07-16 09:45:00-04:00,2026-07-16 09:50:00-04:00,-1,-1.0181776513311158,stop,40.09437882020575
2026-07-17 09:55:00-04:00,2026-07-17 10:10:00-04:00,1,3.982358031077013,target,40.61139817205185
2026-07-20 09:45:00-04:00,2026-07-20 09:50:00-04:00,1,-1.0216463101879587,stop,33.46074126165331
2026-07-21 09:45:00-04:00,2026-07-21 09:50:00-04:00,-1,-1.0266053878129353,stop,27.23734055962632
2026-07-23 10:30:00-04:00,2026-07-23 10:35:00-04:00,-1,-1.0166008692616915,stop,42.969252893472
2026-07-24 09:45:00-04:00,2026-07-24 09:50:00-04:00,-1,-1.020786607705001,stop,34.08155066393374
2026-07-27 09:45:00-04:00,2026-07-27 09:50:00-04:00,-1,-1.0237944631355143,stop,29.73530578790087
2026-07-28 09:45:00-04:00,2026-07-28 09:50:00-04:00,-1,-1.014977085830412,stop,46.108462521275214
2026-07-30 09:45:00-04:00,2026-07-30 10:00:00-04:00,1,3.983935623026392,target,43.6255772520999
2026-07-31 09:45:00-04:00,2026-07-31 10:00:00-04:00,-1,3.9832842586654587,target,42.05694117316307
