date,equity
2016-01-01,100000.0
2016-01-02,100000.0
2016-01-03,100000.0
2016-01-04,100000.0
2016-01-05,100000.0
2016-01-06,100000.0
2016-01-07,100000.0
2016-01-08,100000.0
2016-01-09,100000.0
2016-01-10,100000.0
2016-01-11,100000.0
2016-01-12,100000.0
2016-01-13,98583.63013846765
2016-01-14,98583.63013846765
2016-01-15,98583.63013846765
2016-01-16,98583.63013846765
2016-01-17,98583.63013846765
2016-01-18,98583.63013846765
2016-01-19,98583.63013846765
2016-01-20,98583.63013846765
2016-01-21,98583.63013846765
2016-01-22,98583.63013846765
2016-01-23,98583.63013846765
2016-01-24,98583.63013846765
2016-01-25,98583.63013846765
2016-01-26,98583.63013846765
2016-01-27,98583.63013846765
2016-01-28,98583.63013846765
2016-01-29,98583.63013846765
2016-01-30,98583.63013846765
2016-01-31,98583.63013846765
2016-02-01,98583.63013846765
2016-02-02,98583.63013846765
2016-02-03,98583.63013846765
2016-02-04,98583.63013846765
2016-02-05,98583.63013846765
2016-02-06,98583.63013846765
2016-02-07,98583.63013846765
2016-02-08,98583.63013846765
2016-02-09,98583.63013846765
2016-02-10,98583.63013846765
2016-02-11,98583.63013846765
2016-02-12,100551.56141867953
2016-02-13,100551.56141867953
2016-02-14,100551.56141867953
2016-02-15,100551.56141867953
2016-02-16,99374.74157524055
2016-02-17,98265.99198088756
2016-02-18,98265.99198088756
2016-02-19,98265.99198088756
2016-02-20,98265.99198088756
2016-02-21,98265.99198088756
2016-02-22,98265.99198088756
2016-02-23,96952.28803036737
2016-02-24,96952.28803036737
2016-02-25,96952.28803036737
2016-02-26,96952.28803036737
2016-02-27,96952.28803036737
2016-02-28,96952.28803036737
2016-02-29,96952.28803036737
2016-03-01,96952.28803036737
2016-03-02,96952.28803036737
2016-03-03,96952.28803036737
2016-03-04,96952.28803036737
2016-03-05,96952.28803036737
2016-03-06,96952.28803036737
2016-03-07,96952.28803036737
2016-03-08,96952.28803036737
2016-03-09,96952.28803036737
2016-03-10,95644.16525385648
2016-03-11,94617.37841465735
2016-03-12,94617.37841465735
2016-03-13,94617.37841465735
2016-03-14,94617.37841465735
2016-03-15,93616.6471277214
2016-03-16,93616.6471277214
2016-03-17,93616.6471277214
2016-03-18,93616.6471277214
2016-03-19,93616.6471277214
2016-03-20,93616.6471277214
2016-03-21,93616.6471277214
2016-03-22,93616.6471277214
2016-03-23,93616.6471277214
2016-03-24,92625.21793252071
2016-03-25,92625.21793252071
2016-03-26,92625.21793252071
2016-03-27,92625.21793252071
2016-03-28,92625.21793252071
2016-03-29,92625.21793252071
2016-03-30,92625.21793252071
2016-03-31,92625.21793252071
2016-04-01,92625.21793252071
2016-04-02,92625.21793252071
2016-04-03,92625.21793252071
2016-04-04,92625.21793252071
2016-04-05,92625.21793252071
2016-04-06,92625.21793252071
2016-04-07,92625.21793252071
2016-04-08,92625.21793252071
2016-04-09,92625.21793252071
2016-04-10,92625.21793252071
2016-04-11,92625.21793252071
2016-04-12,92625.21793252071
2016-04-13,92625.21793252071
2016-04-14,91168.15806386076
2016-04-15,91168.15806386076
2016-04-16,91168.15806386076
2016-04-17,91168.15806386076
2016-04-18,91168.15806386076
2016-04-19,91168.15806386076
2016-04-20,91168.15806386076
2016-04-21,91168.15806386076
2016-04-22,91168.15806386076
2016-04-23,91168.15806386076
2016-04-24,91168.15806386076
2016-04-25,91168.15806386076
2016-04-26,91168.15806386076
2016-04-27,91168.15806386076
2016-04-28,91168.15806386076
2016-04-29,91168.15806386076
2016-04-30,91168.15806386076
2016-05-01,91168.15806386076
2016-05-02,91168.15806386076
2016-05-03,91168.15806386076
2016-05-04,91168.15806386076
2016-05-05,88994.86227802689
2016-05-06,88994.86227802689
2016-05-07,88994.86227802689
2016-05-08,88994.86227802689
2016-05-09,88994.86227802689
2016-05-10,87557.60318267113
2016-05-11,87557.60318267113
2016-05-12,87557.60318267113
2016-05-13,87557.60318267113
2016-05-14,87557.60318267113
2016-05-15,87557.60318267113
2016-05-16,87557.60318267113
2016-05-17,87557.60318267113
2016-05-18,87557.60318267113
2016-05-19,87557.60318267113
2016-05-20,87557.60318267113
2016-05-21,87557.60318267113
2016-05-22,87557.60318267113
2016-05-23,87557.60318267113
2016-05-24,87557.60318267113
2016-05-25,87557.60318267113
2016-05-26,87557.60318267113
2016-05-27,87557.60318267113
2016-05-28,87557.60318267113
2016-05-29,87557.60318267113
2016-05-30,87557.60318267113
2016-05-31,87557.60318267113
2016-06-01,87557.60318267113
2016-06-02,87557.60318267113
2016-06-03,87557.60318267113
2016-06-04,87557.60318267113
2016-06-05,87557.60318267113
2016-06-06,87557.60318267113
2016-06-07,87557.60318267113
2016-06-08,87557.60318267113
2016-06-09,89678.27927528483
2016-06-10,89678.27927528483
2016-06-11,89678.27927528483
2016-06-12,89678.27927528483
2016-06-13,89678.27927528483
2016-06-14,89678.27927528483
2016-06-15,89678.27927528483
2016-06-16,89678.27927528483
2016-06-17,89678.27927528483
2016-06-18,89678.27927528483
2016-06-19,89678.27927528483
2016-06-20,89678.27927528483
2016-06-21,89678.27927528483
2016-06-22,88637.71141335834
2016-06-23,88637.71141335834
2016-06-24,88637.71141335834
2016-06-25,88637.71141335834
2016-06-26,88637.71141335834
2016-06-27,88637.71141335834
2016-06-28,88637.71141335834
2016-06-29,88637.71141335834
2016-06-30,88637.71141335834
2016-07-01,88637.71141335834
2016-07-02,90557.58869745767
2016-07-03,90557.58869745767
2016-07-04,90557.58869745767
2016-07-05,90557.58869745767
2016-07-06,90557.58869745767
2016-07-07,90557.58869745767
2016-07-08,90557.58869745767
2016-07-09,89561.23932123186
2016-07-10,89561.23932123186
2016-07-11,91912.67155552683
2016-07-12,91912.67155552683
2016-07-13,90741.85013295527
2016-07-14,90741.85013295527
2016-07-15,90741.85013295527
2016-07-16,90741.85013295527
2016-07-17,90741.85013295527
2016-07-18,90741.85013295527
2016-07-19,90741.85013295527
2016-07-20,90741.85013295527
2016-07-21,90741.85013295527
2016-07-22,90741.85013295527
2016-07-23,90741.85013295527
2016-07-24,90741.85013295527
2016-07-25,90741.85013295527
2016-07-26,90741.85013295527
2016-07-27,90741.85013295527
2016-07-28,90741.85013295527
2016-07-29,89520.16491255823
2016-07-30,88555.83778695928
2016-07-31,88555.83778695928
2016-08-01,88555.83778695928
2016-08-02,88555.83778695928
2016-08-03,88555.83778695928
2016-08-04,88555.83778695928
2016-08-05,87341.7737930416
2016-08-06,85682.93727206123
2016-08-07,85682.93727206123
2016-08-08,85682.93727206123
2016-08-09,85682.93727206123
2016-08-10,85682.93727206123
2016-08-11,85682.93727206123
2016-08-12,85682.93727206123
2016-08-13,85682.93727206123
2016-08-14,85682.93727206123
2016-08-15,85682.93727206123
2016-08-16,85682.93727206123
2016-08-17,85682.93727206123
2016-08-18,85682.93727206123
2016-08-19,85682.93727206123
2016-08-20,85682.93727206123
2016-08-21,85682.93727206123
2016-08-22,84466.63830551293
2016-08-23,84466.63830551293
2016-08-24,84466.63830551293
2016-08-25,84466.63830551293
2016-08-26,84466.63830551293
2016-08-27,84466.63830551293
2016-08-28,84466.63830551293
2016-08-29,84466.63830551293
2016-08-30,84466.63830551293
2016-08-31,84466.63830551293
2016-09-01,84466.63830551293
2016-09-02,84466.63830551293
2016-09-03,84466.63830551293
2016-09-04,84466.63830551293
2016-09-05,84466.63830551293
2016-09-06,84466.63830551293
2016-09-07,84466.63830551293
2016-09-08,84466.63830551293
2016-09-09,84466.63830551293
2016-09-10,82532.5557891608
2016-09-11,82532.5557891608
2016-09-12,82532.5557891608
2016-09-13,82532.5557891608
2016-09-14,82532.5557891608
2016-09-15,82532.5557891608
2016-09-16,82532.5557891608
2016-09-17,82532.5557891608
2016-09-18,82532.5557891608
2016-09-19,82532.5557891608
2016-09-20,82532.5557891608
2016-09-21,82532.5557891608
2016-09-22,81091.47670844238
2016-09-23,81091.47670844238
2016-09-24,81091.47670844238
2016-09-25,81091.47670844238
2016-09-26,81091.47670844238
2016-09-27,80026.29458771371
2016-09-28,78649.31117169108
2016-09-29,78649.31117169108
2016-09-30,78649.31117169108
2016-10-01,78649.31117169108
2016-10-02,78649.31117169108
2016-10-03,78649.31117169108
2016-10-04,78649.31117169108
2016-10-05,78649.31117169108
2016-10-06,78649.31117169108
2016-10-07,78649.31117169108
2016-10-08,78649.31117169108
2016-10-09,78649.31117169108
2016-10-10,78649.31117169108
2016-10-11,78649.31117169108
2016-10-12,78649.31117169108
2016-10-13,78649.31117169108
2016-10-14,78649.31117169108
2016-10-15,78649.31117169108
2016-10-16,78649.31117169108
2016-10-17,78649.31117169108
2016-10-18,78649.31117169108
2016-10-19,78649.31117169108
2016-10-20,78649.31117169108
2016-10-21,78649.31117169108
2016-10-22,78649.31117169108
2016-10-23,78649.31117169108
2016-10-24,78649.31117169108
2016-10-25,78649.31117169108
2016-10-26,80325.52647344682
2016-10-27,80325.52647344682
2016-10-28,81897.81651683345
2016-10-29,81897.81651683345
2016-10-30,81897.81651683345
2016-10-31,81897.81651683345
2016-11-01,81897.81651683345
2016-11-02,81897.81651683345
2016-11-03,81897.81651683345
2016-11-04,81897.81651683345
2016-11-05,81897.81651683345
2016-11-06,81897.81651683345
2016-11-07,81897.81651683345
2016-11-08,80956.38344523247
2016-11-09,80956.38344523247
2016-11-10,82906.18747395919
2016-11-11,82906.18747395919
2016-11-12,82906.18747395919
2016-11-13,82906.18747395919
2016-11-14,82906.18747395919
2016-11-15,82906.18747395919
2016-11-16,82906.18747395919
2016-11-17,82906.18747395919
2016-11-18,82906.18747395919
2016-11-19,82906.18747395919
2016-11-20,82906.18747395919
2016-11-21,82906.18747395919
2016-11-22,82906.18747395919
2016-11-23,82906.18747395919
2016-11-24,82906.18747395919
2016-11-25,82906.18747395919
2016-11-26,82906.18747395919
2016-11-27,82906.18747395919
2016-11-28,82906.18747395919
2016-11-29,82906.18747395919
2016-11-30,82906.18747395919
2016-12-01,82906.18747395919
2016-12-02,82906.18747395919
2016-12-03,82906.18747395919
2016-12-04,82906.18747395919
2016-12-05,82906.18747395919
2016-12-06,82906.18747395919
2016-12-07,82906.18747395919
2016-12-08,82906.18747395919
2016-12-09,82906.18747395919
2016-12-10,82906.18747395919
2016-12-11,82906.18747395919
2016-12-12,82906.18747395919
2016-12-13,82906.18747395919
2016-12-14,82906.18747395919
2016-12-15,82906.18747395919
2016-12-16,82906.18747395919
2016-12-17,82906.18747395919
2016-12-18,82906.18747395919
2016-12-19,82906.18747395919
2016-12-20,82906.18747395919
2016-12-21,82906.18747395919
2016-12-22,82906.18747395919
2016-12-23,82906.18747395919
2016-12-24,82906.18747395919
2016-12-25,82906.18747395919
2016-12-26,82906.18747395919
2016-12-27,82906.18747395919
2016-12-28,82906.18747395919
2016-12-29,82906.18747395919
2016-12-30,82906.18747395919
2016-12-31,82906.18747395919
2017-01-01,82906.18747395919
2017-01-02,82906.18747395919
2017-01-03,82906.18747395919
2017-01-04,86590.3976843851
2017-01-05,86590.3976843851
2017-01-06,85697.62008952338
2017-01-07,85697.62008952338
2017-01-08,85697.62008952338
2017-01-09,87555.51866460466
2017-01-10,87555.51866460466
2017-01-11,89352.00564911972
2017-01-12,89352.00564911972
2017-01-13,91076.73706193836
2017-01-14,91076.73706193836
2017-01-15,91076.73706193836
2017-01-16,91076.73706193836
2017-01-17,91076.73706193836
2017-01-18,92824.05451907495
2017-01-19,92824.05451907495
2017-01-20,91529.28128286386
2017-01-21,91529.28128286386
2017-01-22,91529.28128286386
2017-01-23,91529.28128286386
2017-01-24,93630.57918122031
2017-01-25,93630.57918122031
2017-01-26,92420.24532849409
2017-01-27,92420.24532849409
2017-01-28,91414.42121245155
2017-01-29,91414.42121245155
2017-01-30,91414.42121245155
2017-01-31,91414.42121245155
2017-02-01,91414.42121245155
2017-02-02,91414.42121245155
2017-02-03,91414.42121245155
2017-02-04,91414.42121245155
2017-02-05,91414.42121245155
2017-02-06,91414.42121245155
2017-02-07,93205.68603763658
2017-02-08,93205.68603763658
2017-02-09,93205.68603763658
2017-02-10,92110.80555073396
2017-02-11,94136.81805758944
2017-02-12,94136.81805758944
2017-02-13,94136.81805758944
2017-02-14,94136.81805758944
2017-02-15,94136.81805758944
2017-02-16,94136.81805758944
2017-02-17,94136.81805758944
2017-02-18,94136.81805758944
2017-02-19,94136.81805758944
2017-02-20,94136.81805758944
2017-02-21,94136.81805758944
2017-02-22,91642.99693468047
2017-02-23,91642.99693468047
2017-02-24,93977.44150850904
2017-02-25,95900.83701953199
2017-02-26,95900.83701953199
2017-02-27,95900.83701953199
2017-02-28,95900.83701953199
2017-03-01,95900.83701953199
2017-03-02,95900.83701953199
2017-03-03,93672.77761904342
2017-03-04,93672.77761904342
2017-03-05,93672.77761904342
2017-03-06,93672.77761904342
2017-03-07,93672.77761904342
2017-03-08,93672.77761904342
2017-03-09,93672.77761904342
2017-03-10,93672.77761904342
2017-03-11,93672.77761904342
2017-03-12,93672.77761904342
2017-03-13,93672.77761904342
2017-03-14,93672.77761904342
2017-03-15,93672.77761904342
2017-03-16,93672.77761904342
2017-03-17,93672.77761904342
2017-03-18,93672.77761904342
2017-03-19,93672.77761904342
2017-03-20,93672.77761904342
2017-03-21,93672.77761904342
2017-03-22,93672.77761904342
2017-03-23,93672.77761904342
2017-03-24,93672.77761904342
2017-03-25,93672.77761904342
2017-03-26,93672.77761904342
2017-03-27,93672.77761904342
2017-03-28,93672.77761904342
2017-03-29,93672.77761904342
2017-03-30,93672.77761904342
2017-03-31,92390.11218116868
2017-04-01,92390.11218116868
2017-04-02,92390.11218116868
2017-04-03,92390.11218116868
2017-04-04,94231.46796620813
2017-04-05,94231.46796620813
2017-04-06,94231.46796620813
2017-04-07,94231.46796620813
2017-04-08,92126.85032305951
2017-04-09,92126.85032305951
2017-04-10,92126.85032305951
2017-04-11,92126.85032305951
2017-04-12,92126.85032305951
2017-04-13,92126.85032305951
2017-04-14,92126.85032305951
2017-04-15,92126.85032305951
2017-04-16,92126.85032305951
2017-04-17,92126.85032305951
2017-04-18,92126.85032305951
2017-04-19,89744.55108894694
2017-04-20,89744.55108894694
2017-04-21,89744.55108894694
2017-04-22,89744.55108894694
2017-04-23,89744.55108894694
2017-04-24,89744.55108894694
2017-04-25,89744.55108894694
2017-04-26,89744.55108894694
2017-04-27,89744.55108894694
2017-04-28,89744.55108894694
2017-04-29,89744.55108894694
2017-04-30,89744.55108894694
2017-05-01,89744.55108894694
2017-05-02,89744.55108894694
2017-05-03,89744.55108894694
2017-05-04,89744.55108894694
2017-05-05,89744.55108894694
2017-05-06,89744.55108894694
2017-05-07,89744.55108894694
2017-05-08,89744.55108894694
2017-05-09,89744.55108894694
2017-05-10,89744.55108894694
2017-05-11,89744.55108894694
2017-05-12,89744.55108894694
2017-05-13,89744.55108894694
2017-05-14,89744.55108894694
2017-05-15,89744.55108894694
2017-05-16,89744.55108894694
2017-05-17,89744.55108894694
2017-05-18,89744.55108894694
2017-05-19,89744.55108894694
2017-05-20,89744.55108894694
2017-05-21,89744.55108894694
2017-05-22,89744.55108894694
2017-05-23,91699.17266908265
2017-05-24,91699.17266908265
2017-05-25,90423.2424333036
2017-05-26,90423.2424333036
2017-05-27,92272.02903082788
2017-05-28,92272.02903082788
2017-05-29,92272.02903082788
2017-05-30,92272.02903082788
2017-05-31,92272.02903082788
2017-06-01,92272.02903082788
2017-06-02,90828.42272902919
2017-06-03,92589.34451748044
2017-06-04,92589.34451748044
2017-06-05,92589.34451748044
2017-06-06,92589.34451748044
2017-06-07,92589.34451748044
2017-06-08,92589.34451748044
2017-06-09,88745.26948875622
2017-06-10,88745.26948875622
2017-06-11,88745.26948875622
2017-06-12,88745.26948875622
2017-06-13,88745.26948875622
2017-06-14,88745.26948875622
2017-06-15,87756.24854483716
2017-06-16,87756.24854483716
2017-06-17,87756.24854483716
2017-06-18,87756.24854483716
2017-06-19,87756.24854483716
2017-06-20,87756.24854483716
2017-06-21,87756.24854483716
2017-06-22,87756.24854483716
2017-06-23,87756.24854483716
2017-06-24,87756.24854483716
2017-06-25,87756.24854483716
2017-06-26,87756.24854483716
2017-06-27,87756.24854483716
2017-06-28,87756.24854483716
2017-06-29,87756.24854483716
2017-06-30,87756.24854483716
2017-07-01,87756.24854483716
2017-07-02,87756.24854483716
2017-07-03,87756.24854483716
2017-07-04,87756.24854483716
2017-07-05,87756.24854483716
2017-07-06,87756.24854483716
2017-07-07,87756.24854483716
2017-07-08,87756.24854483716
2017-07-09,87756.24854483716
2017-07-10,87756.24854483716
2017-07-11,87756.24854483716
2017-07-12,87756.24854483716
2017-07-13,87756.24854483716
2017-07-14,87756.24854483716
2017-07-15,86833.35266884243
2017-07-16,86833.35266884243
2017-07-17,85895.27630185576
2017-07-18,85895.27630185576
2017-07-19,84914.45835587973
2017-07-20,84914.45835587973
2017-07-21,84914.45835587973
2017-07-22,84914.45835587973
2017-07-23,84914.45835587973
2017-07-24,84914.45835587973
2017-07-25,84914.45835587973
2017-07-26,83955.298447172
2017-07-27,85846.9142988194
2017-07-28,86598.16913358918
2017-07-29,86598.16913358918
2017-07-30,86598.16913358918
2017-07-31,86598.16913358918
2017-08-01,86598.16913358918
2017-08-02,86598.16913358918
2017-08-03,86598.16913358918
2017-08-04,85649.6870923107
2017-08-05,84448.96517244478
2017-08-06,84448.96517244478
2017-08-07,84448.96517244478
2017-08-08,84448.96517244478
2017-08-09,84448.96517244478
2017-08-10,84448.96517244478
2017-08-11,84448.96517244478
2017-08-12,84448.96517244478
2017-08-13,84448.96517244478
2017-08-14,84448.96517244478
2017-08-15,84448.96517244478
2017-08-16,82076.76494978566
2017-08-17,82076.76494978566
2017-08-18,82076.76494978566
2017-08-19,82076.76494978566
2017-08-20,82076.76494978566
2017-08-21,82076.76494978566
2017-08-22,82076.76494978566
2017-08-23,82076.76494978566
2017-08-24,82076.76494978566
2017-08-25,82076.76494978566
2017-08-26,82076.76494978566
2017-08-27,82076.76494978566
2017-08-28,82076.76494978566
2017-08-29,83715.47284969062
2017-08-30,85328.06858605842
2017-08-31,85328.06858605842
2017-09-01,87074.72334877457
2017-09-02,87074.72334877457
2017-09-03,87074.72334877457
2017-09-04,87074.72334877457
2017-09-05,87074.72334877457
2017-09-06,87074.72334877457
2017-09-07,87074.72334877457
2017-09-08,87074.72334877457
2017-09-09,87074.72334877457
2017-09-10,87074.72334877457
2017-09-11,87074.72334877457
2017-09-12,86028.89874211252
2017-09-13,86028.89874211252
2017-09-14,86028.89874211252
2017-09-15,85063.16669450545
2017-09-16,85063.16669450545
2017-09-17,85063.16669450545
2017-09-18,85063.16669450545
2017-09-19,85063.16669450545
2017-09-20,85063.16669450545
2017-09-21,85063.16669450545
2017-09-22,85063.16669450545
2017-09-23,85063.16669450545
2017-09-24,85063.16669450545
2017-09-25,85063.16669450545
2017-09-26,85063.16669450545
2017-09-27,85063.16669450545
2017-09-28,85063.16669450545
2017-09-29,85063.16669450545
2017-09-30,85063.16669450545
2017-10-01,85063.16669450545
2017-10-02,85063.16669450545
2017-10-03,85063.16669450545
2017-10-04,85063.16669450545
2017-10-05,85063.16669450545
2017-10-06,85063.16669450545
2017-10-07,85063.16669450545
2017-10-08,85063.16669450545
2017-10-09,85063.16669450545
2017-10-10,85063.16669450545
2017-10-11,85063.16669450545
2017-10-12,85063.16669450545
2017-10-13,85063.16669450545
2017-10-14,84137.36121401907
2017-10-15,84137.36121401907
2017-10-16,84137.36121401907
2017-10-17,84137.36121401907
2017-10-18,82978.30989869115
2017-10-19,82978.30989869115
2017-10-20,82978.30989869115
2017-10-21,84867.48386824594
2017-10-22,84867.48386824594
2017-10-23,84867.48386824594
2017-10-24,84867.48386824594
2017-10-25,84867.48386824594
2017-10-26,84867.48386824594
2017-10-27,84867.48386824594
2017-10-28,84867.48386824594
2017-10-29,84867.48386824594
2017-10-30,84867.48386824594
2017-10-31,84867.48386824594
2017-11-01,84867.48386824594
2017-11-02,84867.48386824594
2017-11-03,84867.48386824594
2017-11-04,84867.48386824594
2017-11-05,84867.48386824594
2017-11-06,86572.15240491896
2017-11-07,86572.15240491896
2017-11-08,86572.15240491896
2017-11-09,86572.15240491896
2017-11-10,86572.15240491896
2017-11-11,86572.15240491896
2017-11-12,86572.15240491896
2017-11-13,86572.15240491896
2017-11-14,86572.15240491896
2017-11-15,86572.15240491896
2017-11-16,86572.15240491896
2017-11-17,86572.15240491896
2017-11-18,86572.15240491896
2017-11-19,86572.15240491896
2017-11-20,86572.15240491896
2017-11-21,86572.15240491896
2017-11-22,86572.15240491896
2017-11-23,88249.6875536082
2017-11-24,88249.6875536082
2017-11-25,88249.6875536082
2017-11-26,88249.6875536082
2017-11-27,88249.6875536082
2017-11-28,88249.6875536082
2017-11-29,88249.6875536082
2017-11-30,88249.6875536082
2017-12-01,88249.6875536082
2017-12-02,88249.6875536082
2017-12-03,88249.6875536082
2017-12-04,88249.6875536082
2017-12-05,88249.6875536082
2017-12-06,88249.6875536082
2017-12-07,88249.6875536082
2017-12-08,88249.6875536082
2017-12-09,88249.6875536082
2017-12-10,88249.6875536082
2017-12-11,88249.6875536082
2017-12-12,88249.6875536082
2017-12-13,88249.6875536082
2017-12-14,88249.6875536082
2017-12-15,87314.78583495949
2017-12-16,87314.78583495949
2017-12-17,87314.78583495949
2017-12-18,87314.78583495949
2017-12-19,87314.78583495949
2017-12-20,87314.78583495949
2017-12-21,87314.78583495949
2017-12-22,87314.78583495949
2017-12-23,87314.78583495949
2017-12-24,87314.78583495949
2017-12-25,87314.78583495949
2017-12-26,87314.78583495949
2017-12-27,87314.78583495949
2017-12-28,87314.78583495949
2017-12-29,87314.78583495949
2017-12-30,87314.78583495949
2017-12-31,87314.78583495949
2018-01-01,87314.78583495949
2018-01-02,87314.78583495949
2018-01-03,87314.78583495949
2018-01-04,87314.78583495949
2018-01-05,89560.54828172801
2018-01-06,89560.54828172801
2018-01-07,89560.54828172801
2018-01-08,89560.54828172801
2018-01-09,89560.54828172801
2018-01-10,88149.18812027555
2018-01-11,89914.37073219065
2018-01-12,89914.37073219065
2018-01-13,89914.37073219065
2018-01-14,89914.37073219065
2018-01-15,89914.37073219065
2018-01-16,89914.37073219065
2018-01-17,89914.37073219065
2018-01-18,87657.35700270657
2018-01-19,87657.35700270657
2018-01-20,87657.35700270657
2018-01-21,87657.35700270657
2018-01-22,87657.35700270657
2018-01-23,87657.35700270657
2018-01-24,87657.35700270657
2018-01-25,87657.35700270657
2018-01-26,87657.35700270657
2018-01-27,87657.35700270657
2018-01-28,87657.35700270657
2018-01-29,87657.35700270657
2018-01-30,87657.35700270657
2018-01-31,87657.35700270657
2018-02-01,87657.35700270657
2018-02-02,87657.35700270657
2018-02-03,87657.35700270657
2018-02-04,87657.35700270657
2018-02-05,87657.35700270657
2018-02-06,87657.35700270657
2018-02-07,87657.35700270657
2018-02-08,86420.49356806632
2018-02-09,86420.49356806632
2018-02-10,86420.49356806632
2018-02-11,86420.49356806632
2018-02-12,86420.49356806632
2018-02-13,86420.49356806632
2018-02-14,85534.93741809354
2018-02-15,85534.93741809354
2018-02-16,85534.93741809354
2018-02-17,85534.93741809354
2018-02-18,85534.93741809354
2018-02-19,85534.93741809354
2018-02-20,85534.93741809354
2018-02-21,84490.40592732876
2018-02-22,84490.40592732876
2018-02-23,84490.40592732876
2018-02-24,84490.40592732876
2018-02-25,84490.40592732876
2018-02-26,84490.40592732876
2018-02-27,84490.40592732876
2018-02-28,84490.40592732876
2018-03-01,84490.40592732876
2018-03-02,84490.40592732876
2018-03-03,84490.40592732876
2018-03-04,84490.40592732876
2018-03-05,84490.40592732876
2018-03-06,84490.40592732876
2018-03-07,84490.40592732876
2018-03-08,84490.40592732876
2018-03-09,84490.40592732876
2018-03-10,84490.40592732876
2018-03-11,84490.40592732876
2018-03-12,84490.40592732876
2018-03-13,84490.40592732876
2018-03-14,84490.40592732876
2018-03-15,84490.40592732876
2018-03-16,84490.40592732876
2018-03-17,84490.40592732876
2018-03-18,84490.40592732876
2018-03-19,84490.40592732876
2018-03-20,84490.40592732876
2018-03-21,84490.40592732876
2018-03-22,84490.40592732876
2018-03-23,84490.40592732876
2018-03-24,84490.40592732876
2018-03-25,84490.40592732876
2018-03-26,84490.40592732876
2018-03-27,84490.40592732876
2018-03-28,84490.40592732876
2018-03-29,82322.07463899703
2018-03-30,82322.07463899703
2018-03-31,82322.07463899703
2018-04-01,82322.07463899703
2018-04-02,82322.07463899703
2018-04-03,82322.07463899703
2018-04-04,82322.07463899703
2018-04-05,82322.07463899703
2018-04-06,82322.07463899703
2018-04-07,82322.07463899703
2018-04-08,82322.07463899703
2018-04-09,82322.07463899703
2018-04-10,82322.07463899703
2018-04-11,82322.07463899703
2018-04-12,82322.07463899703
2018-04-13,82322.07463899703
2018-04-14,82322.07463899703
2018-04-15,82322.07463899703
2018-04-16,82322.07463899703
2018-04-17,82322.07463899703
2018-04-18,82322.07463899703
2018-04-19,82322.07463899703
2018-04-20,82322.07463899703
2018-04-21,81332.5053548342
2018-04-22,81332.5053548342
2018-04-23,81332.5053548342
2018-04-24,80240.3325335878
2018-04-25,80240.3325335878
2018-04-26,80240.3325335878
2018-04-27,80240.3325335878
2018-04-28,80240.3325335878
2018-04-29,80240.3325335878
2018-04-30,80240.3325335878
2018-05-01,80240.3325335878
2018-05-02,80240.3325335878
2018-05-03,80240.3325335878
2018-05-04,80240.3325335878
2018-05-05,80240.3325335878
2018-05-06,80240.3325335878
2018-05-07,80240.3325335878
2018-05-08,80240.3325335878
2018-05-09,80240.3325335878
2018-05-10,80240.3325335878
2018-05-11,80240.3325335878
2018-05-12,80240.3325335878
2018-05-13,80240.3325335878
2018-05-14,80240.3325335878
2018-05-15,80240.3325335878
2018-05-16,80240.3325335878
2018-05-17,80240.3325335878
2018-05-18,80240.3325335878
2018-05-19,80240.3325335878
2018-05-20,80240.3325335878
2018-05-21,80240.3325335878
2018-05-22,80240.3325335878
2018-05-23,80240.3325335878
2018-05-24,79423.00928604332
2018-05-25,79423.00928604332
2018-05-26,79423.00928604332
2018-05-27,79423.00928604332
2018-05-28,79423.00928604332
2018-05-29,79423.00928604332
2018-05-30,78382.86511833205
2018-05-31,78382.86511833205
2018-06-01,78382.86511833205
2018-06-02,78382.86511833205
2018-06-03,78382.86511833205
2018-06-04,78382.86511833205
2018-06-05,78382.86511833205
2018-06-06,78382.86511833205
2018-06-07,78382.86511833205
2018-06-08,78382.86511833205
2018-06-09,78382.86511833205
2018-06-10,78382.86511833205
2018-06-11,78382.86511833205
2018-06-12,78382.86511833205
2018-06-13,78382.86511833205
2018-06-14,78382.86511833205
2018-06-15,78382.86511833205
2018-06-16,78382.86511833205
2018-06-17,78382.86511833205
2018-06-18,78382.86511833205
2018-06-19,78382.86511833205
2018-06-20,77387.33623542824
2018-06-21,77387.33623542824
2018-06-22,77387.33623542824
2018-06-23,77387.33623542824
2018-06-24,77387.33623542824
2018-06-25,77387.33623542824
2018-06-26,77387.33623542824
2018-06-27,77387.33623542824
2018-06-28,77387.33623542824
2018-06-29,77387.33623542824
2018-06-30,77387.33623542824
2018-07-01,77387.33623542824
2018-07-02,77387.33623542824
2018-07-03,77387.33623542824
2018-07-04,77387.33623542824
2018-07-05,77387.33623542824
2018-07-06,77387.33623542824
2018-07-07,77387.33623542824
2018-07-08,77387.33623542824
2018-07-09,77387.33623542824
2018-07-10,78970.8069072527
2018-07-11,77967.350964289
2018-07-12,77967.350964289
2018-07-13,77967.350964289
2018-07-14,77967.350964289
2018-07-15,77967.350964289
2018-07-16,77967.350964289
2018-07-17,77967.350964289
2018-07-18,77967.350964289
2018-07-19,77967.350964289
2018-07-20,77967.350964289
2018-07-21,77967.350964289
2018-07-22,77967.350964289
2018-07-23,77967.350964289
2018-07-24,77967.350964289
2018-07-25,77967.350964289
2018-07-26,77967.350964289
2018-07-27,76289.42963641042
2018-07-28,76289.42963641042
2018-07-29,76289.42963641042
2018-07-30,76289.42963641042
2018-07-31,76289.42963641042
2018-08-01,76289.42963641042
2018-08-02,76289.42963641042
2018-08-03,76289.42963641042
2018-08-04,76289.42963641042
2018-08-05,76289.42963641042
2018-08-06,76289.42963641042
2018-08-07,76289.42963641042
2018-08-08,76289.42963641042
2018-08-09,76289.42963641042
2018-08-10,76289.42963641042
2018-08-11,76289.42963641042
2018-08-12,76289.42963641042
2018-08-13,76289.42963641042
2018-08-14,76289.42963641042
2018-08-15,76289.42963641042
2018-08-16,76289.42963641042
2018-08-17,76289.42963641042
2018-08-18,76289.42963641042
2018-08-19,76289.42963641042
2018-08-20,76289.42963641042
2018-08-21,76289.42963641042
2018-08-22,76289.42963641042
2018-08-23,76289.42963641042
2018-08-24,76289.42963641042
2018-08-25,76289.42963641042
2018-08-26,76289.42963641042
2018-08-27,76289.42963641042
2018-08-28,76289.42963641042
2018-08-29,76289.42963641042
2018-08-30,76289.42963641042
2018-08-31,76289.42963641042
2018-09-01,76289.42963641042
2018-09-02,76289.42963641042
2018-09-03,75421.60746627714
2018-09-04,75421.60746627714
2018-09-05,75421.60746627714
2018-09-06,75421.60746627714
2018-09-07,75421.60746627714
2018-09-08,75421.60746627714
2018-09-09,75421.60746627714
2018-09-10,75421.60746627714
2018-09-11,75421.60746627714
2018-09-12,75421.60746627714
2018-09-13,75421.60746627714
2018-09-14,75421.60746627714
2018-09-15,75421.60746627714
2018-09-16,75421.60746627714
2018-09-17,75421.60746627714
2018-09-18,75421.60746627714
2018-09-19,75421.60746627714
2018-09-20,75421.60746627714
2018-09-21,75421.60746627714
2018-09-22,75421.60746627714
2018-09-23,75421.60746627714
2018-09-24,75421.60746627714
2018-09-25,75421.60746627714
2018-09-26,75421.60746627714
2018-09-27,75421.60746627714
2018-09-28,75421.60746627714
2018-09-29,75421.60746627714
2018-09-30,75421.60746627714
2018-10-01,75421.60746627714
2018-10-02,75421.60746627714
2018-10-03,76626.55201474637
2018-10-04,76626.55201474637
2018-10-05,75435.94421190598
2018-10-06,75435.94421190598
2018-10-07,75435.94421190598
2018-10-08,75435.94421190598
2018-10-09,74530.26863951072
2018-10-10,74530.26863951072
2018-10-11,73688.91956989391
2018-10-12,73688.91956989391
2018-10-13,73688.91956989391
2018-10-14,73688.91956989391
2018-10-15,73688.91956989391
2018-10-16,73688.91956989391
2018-10-17,73688.91956989391
2018-10-18,73688.91956989391
2018-10-19,73688.91956989391
2018-10-20,73688.91956989391
2018-10-21,73688.91956989391
2018-10-22,73688.91956989391
2018-10-23,73688.91956989391
2018-10-24,75062.375218308
2018-10-25,75062.375218308
2018-10-26,75062.375218308
2018-10-27,75062.375218308
2018-10-28,75062.375218308
2018-10-29,75062.375218308
2018-10-30,75062.375218308
2018-10-31,75062.375218308
2018-11-01,75062.375218308
2018-11-02,75062.375218308
2018-11-03,75062.375218308
2018-11-04,75062.375218308
2018-11-05,75062.375218308
2018-11-06,75062.375218308
2018-11-07,75062.375218308
2018-11-08,75062.375218308
2018-11-09,75062.375218308
2018-11-10,75062.375218308
2018-11-11,75062.375218308
2018-11-12,75062.375218308
2018-11-13,75062.375218308
2018-11-14,75062.375218308
2018-11-15,75062.375218308
2018-11-16,75062.375218308
2018-11-17,75062.375218308
2018-11-18,75062.375218308
2018-11-19,75062.375218308
2018-11-20,75062.375218308
2018-11-21,75062.375218308
2018-11-22,75062.375218308
2018-11-23,75062.375218308
2018-11-24,75062.375218308
2018-11-25,75062.375218308
2018-11-26,75062.375218308
2018-11-27,75062.375218308
2018-11-28,73430.52964554299
2018-11-29,73430.52964554299
2018-11-30,73430.52964554299
2018-12-01,73430.52964554299
2018-12-02,73430.52964554299
2018-12-03,73430.52964554299
2018-12-04,73430.52964554299
2018-12-05,73430.52964554299
2018-12-06,73430.52964554299
2018-12-07,73430.52964554299
2018-12-08,73430.52964554299
2018-12-09,73430.52964554299
2018-12-10,73430.52964554299
2018-12-11,73430.52964554299
2018-12-12,74924.57816368967
2018-12-13,74924.57816368967
2018-12-14,74924.57816368967
2018-12-15,73005.75075845452
2018-12-16,73005.75075845452
2018-12-17,73005.75075845452
2018-12-18,73005.75075845452
2018-12-19,73005.75075845452
2018-12-20,73005.75075845452
2018-12-21,73005.75075845452
2018-12-22,73005.75075845452
2018-12-23,73005.75075845452
2018-12-24,73005.75075845452
2018-12-25,73005.75075845452
2018-12-26,73005.75075845452
2018-12-27,73005.75075845452
2018-12-28,73005.75075845452
2018-12-29,73005.75075845452
2018-12-30,73005.75075845452
2018-12-31,73005.75075845452
2019-01-01,73005.75075845452
2019-01-02,73005.75075845452
2019-01-03,73005.75075845452
2019-01-04,73005.75075845452
2019-01-05,73005.75075845452
2019-01-06,73005.75075845452
2019-01-07,73005.75075845452
2019-01-08,73005.75075845452
2019-01-09,72035.22042551717
2019-01-10,72035.22042551717
2019-01-11,72035.22042551717
2019-01-12,72035.22042551717
2019-01-13,72035.22042551717
2019-01-14,72035.22042551717
2019-01-15,72035.22042551717
2019-01-16,72035.22042551717
2019-01-17,72035.22042551717
2019-01-18,71195.1585772925
2019-01-19,71195.1585772925
2019-01-20,71195.1585772925
2019-01-21,71195.1585772925
2019-01-22,71195.1585772925
2019-01-23,71195.1585772925
2019-01-24,71195.1585772925
2019-01-25,71195.1585772925
2019-01-26,72625.02484694203
2019-01-27,72625.02484694203
2019-01-28,72625.02484694203
2019-01-29,72625.02484694203
2019-01-30,72625.02484694203
2019-01-31,72625.02484694203
2019-02-01,72625.02484694203
2019-02-02,72625.02484694203
2019-02-03,72625.02484694203
2019-02-04,72625.02484694203
2019-02-05,71764.73853162977
2019-02-06,71764.73853162977
2019-02-07,70906.57295031853
2019-02-08,70906.57295031853
2019-02-09,70906.57295031853
2019-02-10,70906.57295031853
2019-02-11,70906.57295031853
2019-02-12,70906.57295031853
2019-02-13,70906.57295031853
2019-02-14,70906.57295031853
2019-02-15,70906.57295031853
2019-02-16,70906.57295031853
2019-02-17,70906.57295031853
2019-02-18,70906.57295031853
2019-02-19,70906.57295031853
2019-02-20,70906.57295031853
2019-02-21,70906.57295031853
2019-02-22,68877.12751627166
2019-02-23,68877.12751627166
2019-02-24,68877.12751627166
2019-02-25,68877.12751627166
2019-02-26,68877.12751627166
2019-02-27,68877.12751627166
2019-02-28,67173.7209578757
2019-03-01,67173.7209578757
2019-03-02,67173.7209578757
2019-03-03,67173.7209578757
2019-03-04,67173.7209578757
2019-03-05,67173.7209578757
2019-03-06,67173.7209578757
2019-03-07,67173.7209578757
2019-03-08,67173.7209578757
2019-03-09,67173.7209578757
2019-03-10,67173.7209578757
2019-03-11,67173.7209578757
2019-03-12,67173.7209578757
2019-03-13,67173.7209578757
2019-03-14,67173.7209578757
2019-03-15,67173.7209578757
2019-03-16,67173.7209578757
2019-03-17,67173.7209578757
2019-03-18,67173.7209578757
2019-03-19,67173.7209578757
2019-03-20,67173.7209578757
2019-03-21,67896.92092426862
2019-03-22,67896.92092426862
2019-03-23,67896.92092426862
2019-03-24,67896.92092426862
2019-03-25,67896.92092426862
2019-03-26,67896.92092426862
2019-03-27,67896.92092426862
2019-03-28,66264.9711869219
2019-03-29,66264.9711869219
2019-03-30,66264.9711869219
2019-03-31,66264.9711869219
2019-04-01,66264.9711869219
2019-04-02,66264.9711869219
2019-04-03,66264.9711869219
2019-04-04,66264.9711869219
2019-04-05,66264.9711869219
2019-04-06,66264.9711869219
2019-04-07,66264.9711869219
2019-04-08,66264.9711869219
2019-04-09,66264.9711869219
2019-04-10,66264.9711869219
2019-04-11,66264.9711869219
2019-04-12,66264.9711869219
2019-04-13,67656.84087115177
2019-04-14,67656.84087115177
2019-04-15,67656.84087115177
2019-04-16,67656.84087115177
2019-04-17,67656.84087115177
2019-04-18,67656.84087115177
2019-04-19,67656.84087115177
2019-04-20,67656.84087115177
2019-04-21,67656.84087115177
2019-04-22,67656.84087115177
2019-04-23,67656.84087115177
2019-04-24,67656.84087115177
2019-04-25,67656.84087115177
2019-04-26,67656.84087115177
2019-04-27,67656.84087115177
2019-04-28,67656.84087115177
2019-04-29,67656.84087115177
2019-04-30,67656.84087115177
2019-05-01,67656.84087115177
2019-05-02,66647.04020200585
2019-05-03,66647.04020200585
2019-05-04,66647.04020200585
2019-05-05,66647.04020200585
2019-05-06,66647.04020200585
2019-05-07,66647.04020200585
2019-05-08,66647.04020200585
2019-05-09,66647.04020200585
2019-05-10,66647.04020200585
2019-05-11,66647.04020200585
2019-05-12,66647.04020200585
2019-05-13,66647.04020200585
2019-05-14,66647.04020200585
2019-05-15,66647.04020200585
2019-05-16,66647.04020200585
2019-05-17,66647.04020200585
2019-05-18,66647.04020200585
2019-05-19,66647.04020200585
2019-05-20,66647.04020200585
2019-05-21,66647.04020200585
2019-05-22,66647.04020200585
2019-05-23,66647.04020200585
2019-05-24,66647.04020200585
2019-05-25,66647.04020200585
2019-05-26,66647.04020200585
2019-05-27,66647.04020200585
2019-05-28,66647.04020200585
2019-05-29,66647.04020200585
2019-05-30,66647.04020200585
2019-05-31,66647.04020200585
2019-06-01,66647.04020200585
2019-06-02,66647.04020200585
2019-06-03,66647.04020200585
2019-06-04,66647.04020200585
2019-06-05,66647.04020200585
2019-06-06,66647.04020200585
2019-06-07,66647.04020200585
2019-06-08,66647.04020200585
2019-06-09,66647.04020200585
2019-06-10,66647.04020200585
2019-06-11,65896.16262780152
2019-06-12,65064.868850446954
2019-06-13,65064.868850446954
2019-06-14,65064.868850446954
2019-06-15,65064.868850446954
2019-06-16,65064.868850446954
2019-06-17,65064.868850446954
2019-06-18,65064.868850446954
2019-06-19,66355.7066306469
2019-06-20,67630.73638076287
2019-06-21,67630.73638076287
2019-06-22,67630.73638076287
2019-06-23,67630.73638076287
2019-06-24,67630.73638076287
2019-06-25,67630.73638076287
2019-06-26,67630.73638076287
2019-06-27,67630.73638076287
2019-06-28,67630.73638076287
2019-06-29,67630.73638076287
2019-06-30,67630.73638076287
2019-07-01,66851.22830630766
2019-07-02,66138.41354473299
2019-07-03,66138.41354473299
2019-07-04,66138.41354473299
2019-07-05,66138.41354473299
2019-07-06,66138.41354473299
2019-07-07,66138.41354473299
2019-07-08,66138.41354473299
2019-07-09,66138.41354473299
2019-07-10,66138.41354473299
2019-07-11,66138.41354473299
2019-07-12,66138.41354473299
2019-07-13,66138.41354473299
2019-07-14,66138.41354473299
2019-07-15,66138.41354473299
2019-07-16,66138.41354473299
2019-07-17,66138.41354473299
2019-07-18,66138.41354473299
2019-07-19,66138.41354473299
2019-07-20,66138.41354473299
2019-07-21,66138.41354473299
2019-07-22,66138.41354473299
2019-07-23,66138.41354473299
2019-07-24,66138.41354473299
2019-07-25,66138.41354473299
2019-07-26,66138.41354473299
2019-07-27,66138.41354473299
2019-07-28,66138.41354473299
2019-07-29,66138.41354473299
2019-07-30,66138.41354473299
2019-07-31,66138.41354473299
2019-08-01,65337.37893965243
2019-08-02,65337.37893965243
2019-08-03,65337.37893965243
2019-08-04,65337.37893965243
2019-08-05,65337.37893965243
2019-08-06,65337.37893965243
2019-08-07,65337.37893965243
2019-08-08,65337.37893965243
2019-08-09,65337.37893965243
2019-08-10,65337.37893965243
2019-08-11,65337.37893965243
2019-08-12,65337.37893965243
2019-08-13,65337.37893965243
2019-08-14,66746.46604028466
2019-08-15,66746.46604028466
2019-08-16,66746.46604028466
2019-08-17,66746.46604028466
2019-08-18,66746.46604028466
2019-08-19,66746.46604028466
2019-08-20,66746.46604028466
2019-08-21,66746.46604028466
2019-08-22,66746.46604028466
2019-08-23,66746.46604028466
2019-08-24,66746.46604028466
2019-08-25,66746.46604028466
2019-08-26,69692.58000178679
2019-08-27,69692.58000178679
2019-08-28,69692.58000178679
2019-08-29,69692.58000178679
2019-08-30,69692.58000178679
2019-08-31,69692.58000178679
2019-09-01,69692.58000178679
2019-09-02,69692.58000178679
2019-09-03,69692.58000178679
2019-09-04,71186.94620368877
2019-09-05,72758.98452467787
2019-09-06,72758.98452467787
2019-09-07,71827.49662620912
2019-09-08,71827.49662620912
2019-09-09,71827.49662620912
2019-09-10,71827.49662620912
2019-09-11,71827.49662620912
2019-09-12,71827.49662620912
2019-09-13,71827.49662620912
2019-09-14,71827.49662620912
2019-09-15,71827.49662620912
2019-09-16,71827.49662620912
2019-09-17,71827.49662620912
2019-09-18,71827.49662620912
2019-09-19,71827.49662620912
2019-09-20,71827.49662620912
2019-09-21,71827.49662620912
2019-09-22,71827.49662620912
2019-09-23,71827.49662620912
2019-09-24,71827.49662620912
2019-09-25,70699.93578698847
2019-09-26,70699.93578698847
2019-09-27,70699.93578698847
2019-09-28,70699.93578698847
2019-09-29,70699.93578698847
2019-09-30,70699.93578698847
2019-10-01,70699.93578698847
2019-10-02,69883.95724538606
2019-10-03,69883.95724538606
2019-10-04,69883.95724538606
2019-10-05,69883.95724538606
2019-10-06,69883.95724538606
2019-10-07,69883.95724538606
2019-10-08,69883.95724538606
2019-10-09,69883.95724538606
2019-10-10,69883.95724538606
2019-10-11,69883.95724538606
2019-10-12,68706.65180169164
2019-10-13,68706.65180169164
2019-10-14,68706.65180169164
2019-10-15,68706.65180169164
2019-10-16,68706.65180169164
2019-10-17,68706.65180169164
2019-10-18,68706.65180169164
2019-10-19,68706.65180169164
2019-10-20,68706.65180169164
2019-10-21,68706.65180169164
2019-10-22,68706.65180169164
2019-10-23,68706.65180169164
2019-10-24,68706.65180169164
2019-10-25,68706.65180169164
2019-10-26,68706.65180169164
2019-10-27,68706.65180169164
2019-10-28,68706.65180169164
2019-10-29,68706.65180169164
2019-10-30,67967.26902029397
2019-10-31,67967.26902029397
2019-11-01,67967.26902029397
2019-11-02,67967.26902029397
2019-11-03,67967.26902029397
2019-11-04,67967.26902029397
2019-11-05,67967.26902029397
2019-11-06,67967.26902029397
2019-11-07,67967.26902029397
2019-11-08,67967.26902029397
2019-11-09,67967.26902029397
2019-11-10,67967.26902029397
2019-11-11,67967.26902029397
2019-11-12,67967.26902029397
2019-11-13,67967.26902029397
2019-11-14,67967.26902029397
2019-11-15,67967.26902029397
2019-11-16,67967.26902029397
2019-11-17,67967.26902029397
2019-11-18,67967.26902029397
2019-11-19,69335.38789859776
2019-11-20,69335.38789859776
2019-11-21,69335.38789859776
2019-11-22,69335.38789859776
2019-11-23,69335.38789859776
2019-11-24,69335.38789859776
2019-11-25,69335.38789859776
2019-11-26,69335.38789859776
2019-11-27,69335.38789859776
2019-11-28,69335.38789859776
2019-11-29,69335.38789859776
2019-11-30,69335.38789859776
2019-12-01,69335.38789859776
2019-12-02,69335.38789859776
2019-12-03,69335.38789859776
2019-12-04,69335.38789859776
2019-12-05,69335.38789859776
2019-12-06,69335.38789859776
2019-12-07,69335.38789859776
2019-12-08,69335.38789859776
2019-12-09,69335.38789859776
2019-12-10,69335.38789859776
2019-12-11,71009.94427359573
2019-12-12,71009.94427359573
2019-12-13,71009.94427359573
2019-12-14,71009.94427359573
2019-12-15,71009.94427359573
2019-12-16,71009.94427359573
2019-12-17,71009.94427359573
2019-12-18,71009.94427359573
2019-12-19,71009.94427359573
2019-12-20,71009.94427359573
2019-12-21,72387.49405684668
2019-12-22,72387.49405684668
2019-12-23,72387.49405684668
2019-12-24,73712.83989984586
2019-12-25,73712.83989984586
2019-12-26,73712.83989984586
2019-12-27,73712.83989984586
2019-12-28,73712.83989984586
2019-12-29,73712.83989984586
2019-12-30,73712.83989984586
2019-12-31,73712.83989984586
2020-01-01,73712.83989984586
2020-01-02,73712.83989984586
2020-01-03,73712.83989984586
2020-01-04,75469.59658749611
2020-01-05,75469.59658749611
2020-01-06,75469.59658749611
2020-01-07,75469.59658749611
2020-01-08,77685.43117965544
2020-01-09,77685.43117965544
2020-01-10,77423.39713700129
2020-01-11,77423.39713700129
2020-01-12,77423.39713700129
2020-01-13,77423.39713700129
2020-01-14,77423.39713700129
2020-01-15,77423.39713700129
2020-01-16,77423.39713700129
2020-01-17,77423.39713700129
2020-01-18,77423.39713700129
2020-01-19,77423.39713700129
2020-01-20,77423.39713700129
2020-01-21,77423.39713700129
2020-01-22,77423.39713700129
2020-01-23,77423.39713700129
2020-01-24,76600.94971574027
2020-01-25,77180.07366882448
2020-01-26,77180.07366882448
2020-01-27,75484.77506731439
2020-01-28,75484.77506731439
2020-01-29,75484.77506731439
2020-01-30,75484.77506731439
2020-01-31,75484.77506731439
2020-02-01,77073.89299718011
2020-02-02,77073.89299718011
2020-02-03,77073.89299718011
2020-02-04,77073.89299718011
2020-02-05,77073.89299718011
2020-02-06,77073.89299718011
2020-02-07,77073.89299718011
2020-02-08,77073.89299718011
2020-02-09,77073.89299718011
2020-02-10,77073.89299718011
2020-02-11,77073.89299718011
2020-02-12,77073.89299718011
2020-02-13,77073.89299718011
2020-02-14,77073.89299718011
2020-02-15,77073.89299718011
2020-02-16,77073.89299718011
2020-02-17,77073.89299718011
2020-02-18,77073.89299718011
2020-02-19,77073.89299718011
2020-02-20,77073.89299718011
2020-02-21,77073.89299718011
2020-02-22,77073.89299718011
2020-02-23,77073.89299718011
2020-02-24,77073.89299718011
2020-02-25,77073.89299718011
2020-02-26,76168.0828841138
2020-02-27,76168.0828841138
2020-02-28,74947.60818199847
2020-02-29,73997.91513553432
2020-03-01,73997.91513553432
2020-03-02,73997.91513553432
2020-03-03,73997.91513553432
2020-03-04,73997.91513553432
2020-03-05,73997.91513553432
2020-03-06,73997.91513553432
2020-03-07,73997.91513553432
2020-03-08,73997.91513553432
2020-03-09,73997.91513553432
2020-03-10,73997.91513553432
2020-03-11,73997.91513553432
2020-03-12,73997.91513553432
2020-03-13,73997.91513553432
2020-03-14,73997.91513553432
2020-03-15,73997.91513553432
2020-03-16,73997.91513553432
2020-03-17,73997.91513553432
2020-03-18,73997.91513553432
2020-03-19,73997.91513553432
2020-03-20,73997.91513553432
2020-03-21,73997.91513553432
2020-03-22,73997.91513553432
2020-03-23,73997.91513553432
2020-03-24,73997.91513553432
2020-03-25,73997.91513553432
2020-03-26,73997.91513553432
2020-03-27,73997.91513553432
2020-03-28,73997.91513553432
2020-03-29,73997.91513553432
2020-03-30,73229.96969275604
2020-03-31,73229.96969275604
2020-04-01,72448.94220505984
2020-04-02,72448.94220505984
2020-04-03,72448.94220505984
2020-04-04,72448.94220505984
2020-04-05,72448.94220505984
2020-04-06,72448.94220505984
2020-04-07,73928.79394029822
2020-04-08,73928.79394029822
2020-04-09,73928.79394029822
2020-04-10,73928.79394029822
2020-04-11,73928.79394029822
2020-04-12,73928.79394029822
2020-04-13,73928.79394029822
2020-04-14,73928.79394029822
2020-04-15,73928.79394029822
2020-04-16,73928.79394029822
2020-04-17,73928.79394029822
2020-04-18,73142.18867351071
2020-04-19,73142.18867351071
2020-04-20,73142.18867351071
2020-04-21,73142.18867351071
2020-04-22,73142.18867351071
2020-04-23,73142.18867351071
2020-04-24,73142.18867351071
2020-04-25,73142.18867351071
2020-04-26,73142.18867351071
2020-04-27,73142.18867351071
2020-04-28,73142.18867351071
2020-04-29,73142.18867351071
2020-04-30,73142.18867351071
2020-05-01,73142.18867351071
2020-05-02,73142.18867351071
2020-05-03,73142.18867351071
2020-05-04,73142.18867351071
2020-05-05,73142.18867351071
2020-05-06,73142.18867351071
2020-05-07,73142.18867351071
2020-05-08,73142.18867351071
2020-05-09,73142.18867351071
2020-05-10,73142.18867351071
2020-05-11,73142.18867351071
2020-05-12,73142.18867351071
2020-05-13,73142.18867351071
2020-05-14,73142.18867351071
2020-05-15,73142.18867351071
2020-05-16,73142.18867351071
2020-05-17,73142.18867351071
2020-05-18,73142.18867351071
2020-05-19,73142.18867351071
2020-05-20,73142.18867351071
2020-05-21,73142.18867351071
2020-05-22,71251.65255811825
2020-05-23,70468.77683309166
2020-05-24,70468.77683309166
2020-05-25,70468.77683309166
2020-05-26,70468.77683309166
2020-05-27,71856.3636994856
2020-05-28,71856.3636994856
2020-05-29,71856.3636994856
2020-05-30,71856.3636994856
2020-05-31,71856.3636994856
2020-06-01,71856.3636994856
2020-06-02,71856.3636994856
2020-06-03,73305.64637783378
2020-06-04,72355.1296275883
2020-06-05,72355.1296275883
2020-06-06,72355.1296275883
2020-06-07,72355.1296275883
2020-06-08,72355.1296275883
2020-06-09,72355.1296275883
2020-06-10,72355.1296275883
2020-06-11,71516.73195852777
2020-06-12,71516.73195852777
2020-06-13,71516.73195852777
2020-06-14,71516.73195852777
2020-06-15,71516.73195852777
2020-06-16,70541.81129088497
2020-06-17,70541.81129088497
2020-06-18,70541.81129088497
2020-06-19,70541.81129088497
2020-06-20,70541.81129088497
2020-06-21,70541.81129088497
2020-06-22,70541.81129088497
2020-06-23,70541.81129088497
2020-06-24,70541.81129088497
2020-06-25,70541.81129088497
2020-06-26,70541.81129088497
2020-06-27,70541.81129088497
2020-06-28,70541.81129088497
2020-06-29,70541.81129088497
2020-06-30,70541.81129088497
2020-07-01,73512.01171796472
2020-07-02,74927.28941181958
2020-07-03,74927.28941181958
2020-07-04,74927.28941181958
2020-07-05,74927.28941181958
2020-07-06,74927.28941181958
2020-07-07,74927.28941181958
2020-07-08,76384.48617042696
2020-07-09,77931.51277514372
2020-07-10,77931.51277514372
2020-07-11,77931.51277514372
2020-07-12,77931.51277514372
2020-07-13,77931.51277514372
2020-07-14,77931.51277514372
2020-07-15,77931.51277514372
2020-07-16,77931.51277514372
2020-07-17,77931.51277514372
2020-07-18,77931.51277514372
2020-07-19,77931.51277514372
2020-07-20,77931.51277514372
2020-07-21,79663.50478191755
2020-07-22,82880.69962922664
2020-07-23,82880.69962922664
2020-07-24,82880.69962922664
2020-07-25,82880.69962922664
2020-07-26,82880.69962922664
2020-07-27,82880.69962922664
2020-07-28,82880.69962922664
2020-07-29,82880.69962922664
2020-07-30,82880.69962922664
2020-07-31,82880.69962922664
2020-08-01,82880.69962922664
2020-08-02,82880.69962922664
2020-08-03,82880.69962922664
2020-08-04,82880.69962922664
2020-08-05,86721.96309483824
2020-08-06,86721.96309483824
2020-08-07,86721.96309483824
2020-08-08,86721.96309483824
2020-08-09,86721.96309483824
2020-08-10,86721.96309483824
2020-08-11,86721.96309483824
2020-08-12,85771.75024555593
2020-08-13,85771.75024555593
2020-08-14,85771.75024555593
2020-08-15,85771.75024555593
2020-08-16,85771.75024555593
2020-08-17,85771.75024555593
2020-08-18,85771.75024555593
2020-08-19,85771.75024555593
2020-08-20,85771.75024555593
2020-08-21,85771.75024555593
2020-08-22,85771.75024555593
2020-08-23,85771.75024555593
2020-08-24,85771.75024555593
2020-08-25,85771.75024555593
2020-08-26,85771.75024555593
2020-08-27,85771.75024555593
2020-08-28,88085.4710370617
2020-08-29,88085.4710370617
2020-08-30,88085.4710370617
2020-08-31,88085.4710370617
2020-09-01,88085.4710370617
2020-09-02,88085.4710370617
2020-09-03,86175.48895280801
2020-09-04,86175.48895280801
2020-09-05,86175.48895280801
2020-09-06,86175.48895280801
2020-09-07,86175.48895280801
2020-09-08,86175.48895280801
2020-09-09,86175.48895280801
2020-09-10,86175.48895280801
2020-09-11,86175.48895280801
2020-09-12,86175.48895280801
2020-09-13,86175.48895280801
2020-09-14,86175.48895280801
2020-09-15,86175.48895280801
2020-09-16,86175.48895280801
2020-09-17,86175.48895280801
2020-09-18,86175.48895280801
2020-09-19,86175.48895280801
2020-09-20,86175.48895280801
2020-09-21,86175.48895280801
2020-09-22,86175.48895280801
2020-09-23,86175.48895280801
2020-09-24,86175.48895280801
2020-09-25,86175.48895280801
2020-09-26,86175.48895280801
2020-09-27,86175.48895280801
2020-09-28,86175.48895280801
2020-09-29,86175.48895280801
2020-09-30,86175.48895280801
2020-10-01,86175.48895280801
2020-10-02,86175.48895280801
2020-10-03,86175.48895280801
2020-10-04,86175.48895280801
2020-10-05,86175.48895280801
2020-10-06,86175.48895280801
2020-10-07,86175.48895280801
2020-10-08,86175.48895280801
2020-10-09,86175.48895280801
2020-10-10,86175.48895280801
2020-10-11,86175.48895280801
2020-10-12,86175.48895280801
2020-10-13,86175.48895280801
2020-10-14,84303.221874005
2020-10-15,84303.221874005
2020-10-16,84303.221874005
2020-10-17,84303.221874005
2020-10-18,84303.221874005
2020-10-19,84303.221874005
2020-10-20,84303.221874005
2020-10-21,84303.221874005
2020-10-22,84303.221874005
2020-10-23,84303.221874005
2020-10-24,84303.221874005
2020-10-25,84303.221874005
2020-10-26,84303.221874005
2020-10-27,84303.221874005
2020-10-28,84303.221874005
2020-10-29,84303.221874005
2020-10-30,84303.221874005
2020-10-31,84303.221874005
2020-11-01,84303.221874005
2020-11-02,84303.221874005
2020-11-03,84303.221874005
2020-11-04,84303.221874005
2020-11-05,84303.221874005
2020-11-06,84303.221874005
2020-11-07,84303.221874005
2020-11-08,84303.221874005
2020-11-09,84303.221874005
2020-11-10,84303.221874005
2020-11-11,84303.221874005
2020-11-12,84303.221874005
2020-11-13,84303.221874005
2020-11-14,84303.221874005
2020-11-15,84303.221874005
2020-11-16,84303.221874005
2020-11-17,84303.221874005
2020-11-18,84303.221874005
2020-11-19,84303.221874005
2020-11-20,84303.221874005
2020-11-21,84303.221874005
2020-11-22,84303.221874005
2020-11-23,84303.221874005
2020-11-24,84303.221874005
2020-11-25,84303.221874005
2020-11-26,84303.221874005
2020-11-27,84303.221874005
2020-11-28,84303.221874005
2020-11-29,84303.221874005
2020-11-30,84303.221874005
2020-12-01,84303.221874005
2020-12-02,84303.221874005
2020-12-03,84303.221874005
2020-12-04,84303.221874005
2020-12-05,84303.221874005
2020-12-06,84303.221874005
2020-12-07,84303.221874005
2020-12-08,84303.221874005
2020-12-09,84303.221874005
2020-12-10,82923.08926403044
2020-12-11,82923.08926403044
2020-12-12,82923.08926403044
2020-12-13,82923.08926403044
2020-12-14,82923.08926403044
2020-12-15,82923.08926403044
2020-12-16,82923.08926403044
2020-12-17,82923.08926403044
2020-12-18,82923.08926403044
2020-12-19,82923.08926403044
2020-12-20,82923.08926403044
2020-12-21,82923.08926403044
2020-12-22,82923.08926403044
2020-12-23,81989.62940750933
2020-12-24,81989.62940750933
2020-12-25,81989.62940750933
2020-12-26,81989.62940750933
2020-12-27,81989.62940750933
2020-12-28,81989.62940750933
2020-12-29,81989.62940750933
2020-12-30,81989.62940750933
2020-12-31,81989.62940750933
2021-01-01,81989.62940750933
2021-01-02,81989.62940750933
2021-01-03,81989.62940750933
2021-01-04,81989.62940750933
2021-01-05,81989.62940750933
2021-01-06,81989.62940750933
2021-01-07,81989.62940750933
2021-01-08,81989.62940750933
2021-01-09,79704.38406377971
2021-01-10,79704.38406377971
2021-01-11,79704.38406377971
2021-01-12,79704.38406377971
2021-01-13,79704.38406377971
2021-01-14,79704.38406377971
2021-01-15,79704.38406377971
2021-01-16,79704.38406377971
2021-01-17,79704.38406377971
2021-01-18,79704.38406377971
2021-01-19,79704.38406377971
2021-01-20,79704.38406377971
2021-01-21,79704.38406377971
2021-01-22,79704.38406377971
2021-01-23,79704.38406377971
2021-01-24,79704.38406377971
2021-01-25,79704.38406377971
2021-01-26,79704.38406377971
2021-01-27,79704.38406377971
2021-01-28,79704.38406377971
2021-01-29,79704.38406377971
2021-01-30,81759.22984491031
2021-01-31,81759.22984491031
2021-02-01,81759.22984491031
2021-02-02,81759.22984491031
2021-02-03,80699.97542961416
2021-02-04,80699.97542961416
2021-02-05,80699.97542961416
2021-02-06,80699.97542961416
2021-02-07,80699.97542961416
2021-02-08,80699.97542961416
2021-02-09,80699.97542961416
2021-02-10,80699.97542961416
2021-02-11,80699.97542961416
2021-02-12,80699.97542961416
2021-02-13,80699.97542961416
2021-02-14,80699.97542961416
2021-02-15,80699.97542961416
2021-02-16,80699.97542961416
2021-02-17,84165.59588380177
2021-02-18,83288.16362361741
2021-02-19,83288.16362361741
2021-02-20,83288.16362361741
2021-02-21,83288.16362361741
2021-02-22,83288.16362361741
2021-02-23,83288.16362361741
2021-02-24,83288.16362361741
2021-02-25,83288.16362361741
2021-02-26,83288.16362361741
2021-02-27,83288.16362361741
2021-02-28,83288.16362361741
2021-03-01,83288.16362361741
2021-03-02,83288.16362361741
2021-03-03,83288.16362361741
2021-03-04,83288.16362361741
2021-03-05,83288.16362361741
2021-03-06,83288.16362361741
2021-03-07,83288.16362361741
2021-03-08,83288.16362361741
2021-03-09,83288.16362361741
2021-03-10,83288.16362361741
2021-03-11,83288.16362361741
2021-03-12,83288.16362361741
2021-03-13,83288.16362361741
2021-03-14,83288.16362361741
2021-03-15,83288.16362361741
2021-03-16,83288.16362361741
2021-03-17,83288.16362361741
2021-03-18,83288.16362361741
2021-03-19,83288.16362361741
2021-03-20,83288.16362361741
2021-03-21,83288.16362361741
2021-03-22,83288.16362361741
2021-03-23,83288.16362361741
2021-03-24,83288.16362361741
2021-03-25,83288.16362361741
2021-03-26,83288.16362361741
2021-03-27,83288.16362361741
2021-03-28,83288.16362361741
2021-03-29,83288.16362361741
2021-03-30,83288.16362361741
2021-03-31,83288.16362361741
2021-04-01,83288.16362361741
2021-04-02,83288.16362361741
2021-04-03,83288.16362361741
2021-04-04,83288.16362361741
2021-04-05,83288.16362361741
2021-04-06,83288.16362361741
2021-04-07,83288.16362361741
2021-04-08,83288.16362361741
2021-04-09,82187.1157718438
2021-04-10,82187.1157718438
2021-04-11,82187.1157718438
2021-04-12,82187.1157718438
2021-04-13,81047.29951474945
2021-04-14,80195.99274765649
2021-04-15,80195.99274765649
2021-04-16,80195.99274765649
2021-04-17,80195.99274765649
2021-04-18,80195.99274765649
2021-04-19,80195.99274765649
2021-04-20,80195.99274765649
2021-04-21,80195.99274765649
2021-04-22,80195.99274765649
2021-04-23,80195.99274765649
2021-04-24,80195.99274765649
2021-04-25,80195.99274765649
2021-04-26,80195.99274765649
2021-04-27,80195.99274765649
2021-04-28,80195.99274765649
2021-04-29,79315.67266558016
2021-04-30,78165.46258462252
2021-05-01,78165.46258462252
2021-05-02,78165.46258462252
2021-05-03,78165.46258462252
2021-05-04,78165.46258462252
2021-05-05,78165.46258462252
2021-05-06,78165.46258462252
2021-05-07,79990.70436795436
2021-05-08,79990.70436795436
2021-05-09,79990.70436795436
2021-05-10,79990.70436795436
2021-05-11,79990.70436795436
2021-05-12,79990.70436795436
2021-05-13,79990.70436795436
2021-05-14,78977.24342554982
2021-05-15,78977.24342554982
2021-05-16,78977.24342554982
2021-05-17,78977.24342554982
2021-05-18,80751.81500064534
2021-05-19,80751.81500064534
2021-05-20,80751.81500064534
2021-05-21,80751.81500064534
2021-05-22,79821.99439787609
2021-05-23,79821.99439787609
2021-05-24,79821.99439787609
2021-05-25,79821.99439787609
2021-05-26,79821.99439787609
2021-05-27,81387.72887888669
2021-05-28,82990.91231071083
2021-05-29,82990.91231071083
2021-05-30,82990.91231071083
2021-05-31,82990.91231071083
2021-06-01,82990.91231071083
2021-06-02,84737.86548385046
2021-06-03,84737.86548385046
2021-06-04,83263.97810506908
2021-06-05,83263.97810506908
2021-06-06,83263.97810506908
2021-06-07,83263.97810506908
2021-06-08,83263.97810506908
2021-06-09,83263.97810506908
2021-06-10,83263.97810506908
2021-06-11,83263.97810506908
2021-06-12,82360.46298945215
2021-06-13,82360.46298945215
2021-06-14,82360.46298945215
2021-06-15,82360.46298945215
2021-06-16,81472.06136720566
2021-06-17,81472.06136720566
2021-06-18,81472.06136720566
2021-06-19,81472.06136720566
2021-06-20,81472.06136720566
2021-06-21,81472.06136720566
2021-06-22,81472.06136720566
2021-06-23,81472.06136720566
2021-06-24,81472.06136720566
2021-06-25,81472.06136720566
2021-06-26,81472.06136720566
2021-06-27,81472.06136720566
2021-06-28,81472.06136720566
2021-06-29,81472.06136720566
2021-06-30,81472.06136720566
2021-07-01,81472.06136720566
2021-07-02,81472.06136720566
2021-07-03,81472.06136720566
2021-07-04,81472.06136720566
2021-07-05,81472.06136720566
2021-07-06,81472.06136720566
2021-07-07,81472.06136720566
2021-07-08,81472.06136720566
2021-07-09,79607.24608768962
2021-07-10,79607.24608768962
2021-07-11,79607.24608768962
2021-07-12,79607.24608768962
2021-07-13,79607.24608768962
2021-07-14,79607.24608768962
2021-07-15,79607.24608768962
2021-07-16,81145.62869835047
2021-07-17,80053.69841822446
2021-07-18,80053.69841822446
2021-07-19,80053.69841822446
2021-07-20,78997.88138497228
2021-07-21,78997.88138497228
2021-07-22,78997.88138497228
2021-07-23,78997.88138497228
2021-07-24,78997.88138497228
2021-07-25,78997.88138497228
2021-07-26,78997.88138497228
2021-07-27,78997.88138497228
2021-07-28,78997.88138497228
2021-07-29,78997.88138497228
2021-07-30,78997.88138497228
2021-07-31,78997.88138497228
2021-08-01,78997.88138497228
2021-08-02,78997.88138497228
2021-08-03,78082.93405690514
2021-08-04,78082.93405690514
2021-08-05,78082.93405690514
2021-08-06,78082.93405690514
2021-08-07,78082.93405690514
2021-08-08,78082.93405690514
2021-08-09,78082.93405690514
2021-08-10,78082.93405690514
2021-08-11,78082.93405690514
2021-08-12,78082.93405690514
2021-08-13,78082.93405690514
2021-08-14,78082.93405690514
2021-08-15,78082.93405690514
2021-08-16,78082.93405690514
2021-08-17,78082.93405690514
2021-08-18,78082.93405690514
2021-08-19,78082.93405690514
2021-08-20,78082.93405690514
2021-08-21,78082.93405690514
2021-08-22,78082.93405690514
2021-08-23,78082.93405690514
2021-08-24,79822.90413920573
2021-08-25,79822.90413920573
2021-08-26,78901.17670295898
2021-08-27,78901.17670295898
2021-08-28,78901.17670295898
2021-08-29,78901.17670295898
2021-08-30,78901.17670295898
2021-08-31,78901.17670295898
2021-09-01,78901.17670295898
2021-09-02,80529.493813855
2021-09-03,80529.493813855
2021-09-04,80529.493813855
2021-09-05,80529.493813855
2021-09-06,80529.493813855
2021-09-07,80529.493813855
2021-09-08,80529.493813855
2021-09-09,79330.68755171553
2021-09-10,79330.68755171553
2021-09-11,79330.68755171553
2021-09-12,79330.68755171553
2021-09-13,79330.68755171553
2021-09-14,79330.68755171553
2021-09-15,79330.68755171553
2021-09-16,79330.68755171553
2021-09-17,79330.68755171553
2021-09-18,79330.68755171553
2021-09-19,79330.68755171553
2021-09-20,79330.68755171553
2021-09-21,79330.68755171553
2021-09-22,79330.68755171553
2021-09-23,79330.68755171553
2021-09-24,79330.68755171553
2021-09-25,79330.68755171553
2021-09-26,79330.68755171553
2021-09-27,79330.68755171553
2021-09-28,79330.68755171553
2021-09-29,79330.68755171553
2021-09-30,79330.68755171553
2021-10-01,79330.68755171553
2021-10-02,79330.68755171553
2021-10-03,79330.68755171553
2021-10-04,79330.68755171553
2021-10-05,79330.68755171553
2021-10-06,79330.68755171553
2021-10-07,79330.68755171553
2021-10-08,79330.68755171553
2021-10-09,79330.68755171553
2021-10-10,79330.68755171553
2021-10-11,79330.68755171553
2021-10-12,79330.68755171553
2021-10-13,79330.68755171553
2021-10-14,79330.68755171553
2021-10-15,79330.68755171553
2021-10-16,79330.68755171553
2021-10-17,79330.68755171553
2021-10-18,79330.68755171553
2021-10-19,79330.68755171553
2021-10-20,79330.68755171553
2021-10-21,79330.68755171553
2021-10-22,79330.68755171553
2021-10-23,79330.68755171553
2021-10-24,79330.68755171553
2021-10-25,79330.68755171553
2021-10-26,79330.68755171553
2021-10-27,78332.23994750043
2021-10-28,78332.23994750043
2021-10-29,78332.23994750043
2021-10-30,76339.73096443442
2021-10-31,76339.73096443442
2021-11-01,76339.73096443442
2021-11-02,76339.73096443442
2021-11-03,76339.73096443442
2021-11-04,76339.73096443442
2021-11-05,76339.73096443442
2021-11-06,76339.73096443442
2021-11-07,76339.73096443442
2021-11-08,76339.73096443442
2021-11-09,76339.73096443442
2021-11-10,76339.73096443442
2021-11-11,76339.73096443442
2021-11-12,76339.73096443442
2021-11-13,76339.73096443442
2021-11-14,76339.73096443442
2021-11-15,76339.73096443442
2021-11-16,75528.71825407282
2021-11-17,77193.52587310525
2021-11-18,77193.52587310525
2021-11-19,77193.52587310525
2021-11-20,75457.04416550086
2021-11-21,75457.04416550086
2021-11-22,75457.04416550086
2021-11-23,75457.04416550086
2021-11-24,75457.04416550086
2021-11-25,75457.04416550086
2021-11-26,75457.04416550086
2021-11-27,75457.04416550086
2021-11-28,75457.04416550086
2021-11-29,75457.04416550086
2021-11-30,75457.04416550086
2021-12-01,75457.04416550086
2021-12-02,75457.04416550086
2021-12-03,75457.04416550086
2021-12-04,75457.04416550086
2021-12-05,75457.04416550086
2021-12-06,75457.04416550086
2021-12-07,75457.04416550086
2021-12-08,75457.04416550086
2021-12-09,75457.04416550086
2021-12-10,75457.04416550086
2021-12-11,75457.04416550086
2021-12-12,75457.04416550086
2021-12-13,75457.04416550086
2021-12-14,75457.04416550086
2021-12-15,75457.04416550086
2021-12-16,75457.04416550086
2021-12-17,75457.04416550086
2021-12-18,75457.04416550086
2021-12-19,75457.04416550086
2021-12-20,75457.04416550086
2021-12-21,75457.04416550086
2021-12-22,75457.04416550086
2021-12-23,75457.04416550086
2021-12-24,77075.69122941443
2021-12-25,77075.69122941443
2021-12-26,77075.69122941443
2021-12-27,77075.69122941443
2021-12-28,77075.69122941443
2021-12-29,77075.69122941443
2021-12-30,77075.69122941443
2021-12-31,77075.69122941443
2022-01-01,78634.69740399647
2022-01-02,78634.69740399647
2022-01-03,78634.69740399647
2022-01-04,77783.9024949708
2022-01-05,77783.9024949708
2022-01-06,77783.9024949708
2022-01-07,77783.9024949708
2022-01-08,77783.9024949708
2022-01-09,77783.9024949708
2022-01-10,77783.9024949708
2022-01-11,77783.9024949708
2022-01-12,77783.9024949708
2022-01-13,76380.31256357956
2022-01-14,76380.31256357956
2022-01-15,76380.31256357956
2022-01-16,76380.31256357956
2022-01-17,76380.31256357956
2022-01-18,76380.31256357956
2022-01-19,77253.46270177043
2022-01-20,77253.46270177043
2022-01-21,77253.46270177043
2022-01-22,77253.46270177043
2022-01-23,77253.46270177043
2022-01-24,77253.46270177043
2022-01-25,77253.46270177043
2022-01-26,78829.06157258229
2022-01-27,79507.68219873135
2022-01-28,79507.68219873135
2022-01-29,79507.68219873135
2022-01-30,79507.68219873135
2022-01-31,79507.68219873135
2022-02-01,79507.68219873135
2022-02-02,79507.68219873135
2022-02-03,79507.68219873135
2022-02-04,79507.68219873135
2022-02-05,79507.68219873135
2022-02-06,79507.68219873135
2022-02-07,79507.68219873135
2022-02-08,79507.68219873135
2022-02-09,79507.68219873135
2022-02-10,79507.68219873135
2022-02-11,79507.68219873135
2022-02-12,82464.43584671462
2022-02-13,82464.43584671462
2022-02-14,82464.43584671462
2022-02-15,82464.43584671462
2022-02-16,82464.43584671462
2022-02-17,82464.43584671462
2022-02-18,84456.0568220482
2022-02-19,84456.0568220482
2022-02-20,84456.0568220482
2022-02-21,84456.0568220482
2022-02-22,84456.0568220482
2022-02-23,84456.0568220482
2022-02-24,84456.0568220482
2022-02-25,83511.09802952244
2022-02-26,83511.09802952244
2022-02-27,83511.09802952244
2022-02-28,83511.09802952244
2022-03-01,83511.09802952244
2022-03-02,85167.00447335083
2022-03-03,85167.00447335083
2022-03-04,85167.00447335083
2022-03-05,85167.00447335083
2022-03-06,85167.00447335083
2022-03-07,85167.00447335083
2022-03-08,85167.00447335083
2022-03-09,85167.00447335083
2022-03-10,85167.00447335083
2022-03-11,87149.95980168044
2022-03-12,86131.45442103209
2022-03-13,86131.45442103209
2022-03-14,86131.45442103209
2022-03-15,85254.61972298392
2022-03-16,85254.61972298392
2022-03-17,85254.61972298392
2022-03-18,85254.61972298392
2022-03-19,85254.61972298392
2022-03-20,85254.61972298392
2022-03-21,85254.61972298392
2022-03-22,85254.61972298392
2022-03-23,85254.61972298392
2022-03-24,85254.61972298392
2022-03-25,85254.61972298392
2022-03-26,85254.61972298392
2022-03-27,85254.61972298392
2022-03-28,85254.61972298392
2022-03-29,85254.61972298392
2022-03-30,85254.61972298392
2022-03-31,85254.61972298392
2022-04-01,85254.61972298392
2022-04-02,85254.61972298392
2022-04-03,85254.61972298392
2022-04-04,85254.61972298392
2022-04-05,85254.61972298392
2022-04-06,85254.61972298392
2022-04-07,85254.61972298392
2022-04-08,85254.61972298392
2022-04-09,85254.61972298392
2022-04-10,85254.61972298392
2022-04-11,85254.61972298392
2022-04-12,85254.61972298392
2022-04-13,85254.61972298392
2022-04-14,85254.61972298392
2022-04-15,85254.61972298392
2022-04-16,85254.61972298392
2022-04-17,85254.61972298392
2022-04-18,87230.86829619008
2022-04-19,88969.03714869582
2022-04-20,88969.03714869582
2022-04-21,88969.03714869582
2022-04-22,88969.03714869582
2022-04-23,88969.03714869582
2022-04-24,88969.03714869582
2022-04-25,88969.03714869582
2022-04-26,88969.03714869582
2022-04-27,87921.2966588093
2022-04-28,87921.2966588093
2022-04-29,87921.2966588093
2022-04-30,87921.2966588093
2022-05-01,87921.2966588093
2022-05-02,87921.2966588093
2022-05-03,87921.2966588093
2022-05-04,87921.2966588093
2022-05-05,87921.2966588093
2022-05-06,87921.2966588093
2022-05-07,87921.2966588093
2022-05-08,87921.2966588093
2022-05-09,87921.2966588093
2022-05-10,87921.2966588093
2022-05-11,87921.2966588093
2022-05-12,87921.2966588093
2022-05-13,87921.2966588093
2022-05-14,87921.2966588093
2022-05-15,87921.2966588093
2022-05-16,87921.2966588093
2022-05-17,87921.2966588093
2022-05-18,87921.2966588093
2022-05-19,87921.2966588093
2022-05-20,86831.4209874577
2022-05-21,86831.4209874577
2022-05-22,86831.4209874577
2022-05-23,86831.4209874577
2022-05-24,86831.4209874577
2022-05-25,86831.4209874577
2022-05-26,86831.4209874577
2022-05-27,86831.4209874577
2022-05-28,86831.4209874577
2022-05-29,86831.4209874577
2022-05-30,86831.4209874577
2022-05-31,86831.4209874577
2022-06-01,85726.57003095324
2022-06-02,85726.57003095324
2022-06-03,85726.57003095324
2022-06-04,85726.57003095324
2022-06-05,85726.57003095324
2022-06-06,85726.57003095324
2022-06-07,85726.57003095324
2022-06-08,85726.57003095324
2022-06-09,85726.57003095324
2022-06-10,84256.11312046456
2022-06-11,84256.11312046456
2022-06-12,84256.11312046456
2022-06-13,84256.11312046456
2022-06-14,82841.22990273197
2022-06-15,82841.22990273197
2022-06-16,82841.22990273197
2022-06-17,84968.04422497551
2022-06-18,84968.04422497551
2022-06-19,84968.04422497551
2022-06-20,84968.04422497551
2022-06-21,84968.04422497551
2022-06-22,86752.19648435329
2022-06-23,85813.28700343237
2022-06-24,85813.28700343237
2022-06-25,85813.28700343237
2022-06-26,85813.28700343237
2022-06-27,85813.28700343237
2022-06-28,85813.28700343237
2022-06-29,85813.28700343237
2022-06-30,85813.28700343237
2022-07-01,85813.28700343237
2022-07-02,85813.28700343237
2022-07-03,85813.28700343237
2022-07-04,85813.28700343237
2022-07-05,85813.28700343237
2022-07-06,85813.28700343237
2022-07-07,84581.37510708008
2022-07-08,84581.37510708008
2022-07-09,84581.37510708008
2022-07-10,84581.37510708008
2022-07-11,84581.37510708008
2022-07-12,84581.37510708008
2022-07-13,84581.37510708008
2022-07-14,84581.37510708008
2022-07-15,84581.37510708008
2022-07-16,84581.37510708008
2022-07-17,84581.37510708008
2022-07-18,84581.37510708008
2022-07-19,84581.37510708008
2022-07-20,86413.73821533273
2022-07-21,86413.73821533273
2022-07-22,86413.73821533273
2022-07-23,85026.1673094441
2022-07-24,85026.1673094441
2022-07-25,85026.1673094441
2022-07-26,85026.1673094441
2022-07-27,85026.1673094441
2022-07-28,85026.1673094441
2022-07-29,83524.16101773396
2022-07-30,82475.15743086599
2022-07-31,82475.15743086599
2022-08-01,82475.15743086599
2022-08-02,82475.15743086599
2022-08-03,82475.15743086599
2022-08-04,82475.15743086599
2022-08-05,84120.93518258246
2022-08-06,83202.05997278697
2022-08-07,83202.05997278697
2022-08-08,83202.05997278697
2022-08-09,83202.05997278697
2022-08-10,83202.05997278697
2022-08-11,86759.93684234416
2022-08-12,86759.93684234416
2022-08-13,88574.43607232491
2022-08-14,88574.43607232491
2022-08-15,88574.43607232491
2022-08-16,88574.43607232491
2022-08-17,88574.43607232491
2022-08-18,88574.43607232491
2022-08-19,88574.43607232491
2022-08-20,88574.43607232491
2022-08-21,88574.43607232491
2022-08-22,88574.43607232491
2022-08-23,88574.43607232491
2022-08-24,88574.43607232491
2022-08-25,88574.43607232491
2022-08-26,88574.43607232491
2022-08-27,88574.43607232491
2022-08-28,88574.43607232491
2022-08-29,88574.43607232491
2022-08-30,88574.43607232491
2022-08-31,88574.43607232491
2022-09-01,88574.43607232491
2022-09-02,88574.43607232491
2022-09-03,88574.43607232491
2022-09-04,88574.43607232491
2022-09-05,88574.43607232491
2022-09-06,88574.43607232491
2022-09-07,90723.79361109936
2022-09-08,90723.79361109936
2022-09-09,90723.79361109936
2022-09-10,90723.79361109936
2022-09-11,90723.79361109936
2022-09-12,90723.79361109936
2022-09-13,90723.79361109936
2022-09-14,90723.79361109936
2022-09-15,92601.43448713425
2022-09-16,92601.43448713425
2022-09-17,92601.43448713425
2022-09-18,92601.43448713425
2022-09-19,92601.43448713425
2022-09-20,94898.1060238637
2022-09-21,94898.1060238637
2022-09-22,94898.1060238637
2022-09-23,94898.1060238637
2022-09-24,93694.38757599864
2022-09-25,93694.38757599864
2022-09-26,93694.38757599864
2022-09-27,93694.38757599864
2022-09-28,93694.38757599864
2022-09-29,93694.38757599864
2022-09-30,93694.38757599864
2022-10-01,93694.38757599864
2022-10-02,93694.38757599864
2022-10-03,93694.38757599864
2022-10-04,93694.38757599864
2022-10-05,93694.38757599864
2022-10-06,92701.18051549175
2022-10-07,92701.18051549175
2022-10-08,92701.18051549175
2022-10-09,92701.18051549175
2022-10-10,92701.18051549175
2022-10-11,90666.6956531941
2022-10-12,90666.6956531941
2022-10-13,92736.71288970618
2022-10-14,92736.71288970618
2022-10-15,92736.71288970618
2022-10-16,92736.71288970618
2022-10-17,92736.71288970618
2022-10-18,92736.71288970618
2022-10-19,92736.71288970618
2022-10-20,92736.71288970618
2022-10-21,92736.71288970618
2022-10-22,92736.71288970618
2022-10-23,92736.71288970618
2022-10-24,92736.71288970618
2022-10-25,92736.71288970618
2022-10-26,92736.71288970618
2022-10-27,94592.95053368669
2022-10-28,93530.20319834416
2022-10-29,93530.20319834416
2022-10-30,93530.20319834416
2022-10-31,93530.20319834416
2022-11-01,92412.57961411569
2022-11-02,92412.57961411569
2022-11-03,92412.57961411569
2022-11-04,90397.03706977707
2022-11-05,90397.03706977707
2022-11-06,90397.03706977707
2022-11-07,90397.03706977707
2022-11-08,90397.03706977707
2022-11-09,90397.03706977707
2022-11-10,90397.03706977707
2022-11-11,87511.41496791886
2022-11-12,87511.41496791886
2022-11-13,87511.41496791886
2022-11-14,87511.41496791886
2022-11-15,87511.41496791886
2022-11-16,87511.41496791886
2022-11-17,86297.4259819668
2022-11-18,84092.1605069951
2022-11-19,83102.43125953272
2022-11-20,83102.43125953272
2022-11-21,83102.43125953272
2022-11-22,83102.43125953272
2022-11-23,83102.43125953272
2022-11-24,83102.43125953272
2022-11-25,83102.43125953272
2022-11-26,83102.43125953272
2022-11-27,83102.43125953272
2022-11-28,83102.43125953272
2022-11-29,82076.15866448391
2022-11-30,82076.15866448391
2022-12-01,82076.15866448391
2022-12-02,82076.15866448391
2022-12-03,82076.15866448391
2022-12-04,82076.15866448391
2022-12-05,82076.15866448391
2022-12-06,80983.70401917704
2022-12-07,79856.42823382662
2022-12-08,79856.42823382662
2022-12-09,79856.42823382662
2022-12-10,79856.42823382662
2022-12-11,79856.42823382662
2022-12-12,79856.42823382662
2022-12-13,79856.42823382662
2022-12-14,79856.42823382662
2022-12-15,79856.42823382662
2022-12-16,77499.2859964563
2022-12-17,76468.47296718767
2022-12-18,76468.47296718767
2022-12-19,76468.47296718767
2022-12-20,76468.47296718767
2022-12-21,76468.47296718767
2022-12-22,76468.47296718767
2022-12-23,76468.47296718767
2022-12-24,76468.47296718767
2022-12-25,76468.47296718767
2022-12-26,76468.47296718767
2022-12-27,76468.47296718767
2022-12-28,76468.47296718767
2022-12-29,76468.47296718767
2022-12-30,76468.47296718767
2022-12-31,76468.47296718767
2023-01-01,76468.47296718767
2023-01-02,76468.47296718767
2023-01-03,76468.47296718767
2023-01-04,78011.37490501664
2023-01-05,78011.37490501664
2023-01-06,78011.37490501664
2023-01-07,81209.64623686537
2023-01-08,81209.64623686537
2023-01-09,81209.64623686537
2023-01-10,81209.64623686537
2023-01-11,81209.64623686537
2023-01-12,81209.64623686537
2023-01-13,81209.64623686537
2023-01-14,81209.64623686537
2023-01-15,81209.64623686537
2023-01-16,81209.64623686537
2023-01-17,81209.64623686537
2023-01-18,81209.64623686537
2023-01-19,81209.64623686537
2023-01-20,82808.0566271062
2023-01-21,82808.0566271062
2023-01-22,82808.0566271062
2023-01-23,82808.0566271062
2023-01-24,82808.0566271062
2023-01-25,82808.0566271062
2023-01-26,82808.0566271062
2023-01-27,82808.0566271062
2023-01-28,82808.0566271062
2023-01-29,82808.0566271062
2023-01-30,82808.0566271062
2023-01-31,82808.0566271062
2023-02-01,81884.03416022759
2023-02-02,81884.03416022759
2023-02-03,81884.03416022759
2023-02-04,81884.03416022759
2023-02-05,81884.03416022759
2023-02-06,81884.03416022759
2023-02-07,81884.03416022759
2023-02-08,81884.03416022759
2023-02-09,81884.03416022759
2023-02-10,81884.03416022759
2023-02-11,81884.03416022759
2023-02-12,81884.03416022759
2023-02-13,81884.03416022759
2023-02-14,81884.03416022759
2023-02-15,81884.03416022759
2023-02-16,83931.61823124065
2023-02-17,83931.61823124065
2023-02-18,83931.61823124065
2023-02-19,83931.61823124065
2023-02-20,83931.61823124065
2023-02-21,83931.61823124065
2023-02-22,83931.61823124065
2023-02-23,83931.61823124065
2023-02-24,83931.61823124065
2023-02-25,83931.61823124065
2023-02-26,83931.61823124065
2023-02-27,83931.61823124065
2023-02-28,83931.61823124065
2023-03-01,83931.61823124065
2023-03-02,83931.61823124065
2023-03-03,83931.61823124065
2023-03-04,83931.61823124065
2023-03-05,83931.61823124065
2023-03-06,83931.61823124065
2023-03-07,83931.61823124065
2023-03-08,83931.61823124065
2023-03-09,83931.61823124065
2023-03-10,85808.79975756559
2023-03-11,85808.79975756559
2023-03-12,85808.79975756559
2023-03-13,85808.79975756559
2023-03-14,85808.79975756559
2023-03-15,85808.79975756559
2023-03-16,87711.8990947311
2023-03-17,87711.8990947311
2023-03-18,87711.8990947311
2023-03-19,87711.8990947311
2023-03-20,87711.8990947311
2023-03-21,87711.8990947311
2023-03-22,87711.8990947311
2023-03-23,89684.58515425964
2023-03-24,89684.58515425964
2023-03-25,89684.58515425964
2023-03-26,89684.58515425964
2023-03-27,89684.58515425964
2023-03-28,89684.58515425964
2023-03-29,89684.58515425964
2023-03-30,89684.58515425964
2023-03-31,89684.58515425964
2023-04-01,89684.58515425964
2023-04-02,89684.58515425964
2023-04-03,89684.58515425964
2023-04-04,89684.58515425964
2023-04-05,89684.58515425964
2023-04-06,89684.58515425964
2023-04-07,89684.58515425964
2023-04-08,89684.58515425964
2023-04-09,89684.58515425964
2023-04-10,88526.33554871519
2023-04-11,88526.33554871519
2023-04-12,88526.33554871519
2023-04-13,90334.82327084482
2023-04-14,92278.37057111155
2023-04-15,92278.37057111155
2023-04-16,92278.37057111155
2023-04-17,92278.37057111155
2023-04-18,90998.9204445153
2023-04-19,90998.9204445153
2023-04-20,90998.9204445153
2023-04-21,90998.9204445153
2023-04-22,90998.9204445153
2023-04-23,90998.9204445153
2023-04-24,90998.9204445153
2023-04-25,90998.9204445153
2023-04-26,90019.29506029385
2023-04-27,90019.29506029385
2023-04-28,90019.29506029385
2023-04-29,90019.29506029385
2023-04-30,90019.29506029385
2023-05-01,90019.29506029385
2023-05-02,90019.29506029385
2023-05-03,90019.29506029385
2023-05-04,90019.29506029385
2023-05-05,90019.29506029385
2023-05-06,90019.29506029385
2023-05-07,90019.29506029385
2023-05-08,90019.29506029385
2023-05-09,90019.29506029385
2023-05-10,90019.29506029385
2023-05-11,90019.29506029385
2023-05-12,87538.91494502149
2023-05-13,87538.91494502149
2023-05-14,87538.91494502149
2023-05-15,87538.91494502149
2023-05-16,87538.91494502149
2023-05-17,87538.91494502149
2023-05-18,91407.65612929502
2023-05-19,91407.65612929502
2023-05-20,91407.65612929502
2023-05-21,91407.65612929502
2023-05-22,91407.65612929502
2023-05-23,91407.65612929502
2023-05-24,91407.65612929502
2023-05-25,91407.65612929502
2023-05-26,91407.65612929502
2023-05-27,91407.65612929502
2023-05-28,91407.65612929502
2023-05-29,91407.65612929502
2023-05-30,91407.65612929502
2023-05-31,91407.65612929502
2023-06-01,91407.65612929502
2023-06-02,91407.65612929502
2023-06-03,90183.25916142564
2023-06-04,90183.25916142564
2023-06-05,90183.25916142564
2023-06-06,90183.25916142564
2023-06-07,90183.25916142564
2023-06-08,90183.25916142564
2023-06-09,92440.33020927421
2023-06-10,92440.33020927421
2023-06-11,92440.33020927421
2023-06-12,92440.33020927421
2023-06-13,92440.33020927421
2023-06-14,91128.0882849523
2023-06-15,93442.65455483453
2023-06-16,93442.65455483453
2023-06-17,93442.65455483453
2023-06-18,93442.65455483453
2023-06-19,93442.65455483453
2023-06-20,93442.65455483453
2023-06-21,93442.65455483453
2023-06-22,93442.65455483453
2023-06-23,93442.65455483453
2023-06-24,93442.65455483453
2023-06-25,93442.65455483453
2023-06-26,93442.65455483453
2023-06-27,93442.65455483453
2023-06-28,93442.65455483453
2023-06-29,93442.65455483453
2023-06-30,93442.65455483453
2023-07-01,93442.65455483453
2023-07-02,93442.65455483453
2023-07-03,93442.65455483453
2023-07-04,93442.65455483453
2023-07-05,93442.65455483453
2023-07-06,95390.38423504311
2023-07-07,95390.38423504311
2023-07-08,94333.10982412111
2023-07-09,94333.10982412111
2023-07-10,94333.10982412111
2023-07-11,93107.0946096446
2023-07-12,92121.09814689962
2023-07-13,92121.09814689962
2023-07-14,92121.09814689962
2023-07-15,92121.09814689962
2023-07-16,92121.09814689962
2023-07-17,92121.09814689962
2023-07-18,93952.90769243511
2023-07-19,93952.90769243511
2023-07-20,93952.90769243511
2023-07-21,93952.90769243511
2023-07-22,91768.74716768741
2023-07-23,91768.74716768741
2023-07-24,91768.74716768741
2023-07-25,90439.89174969772
2023-07-26,90439.89174969772
2023-07-27,90439.89174969772
2023-07-28,90439.89174969772
2023-07-29,90439.89174969772
2023-07-30,90439.89174969772
2023-07-31,90439.89174969772
2023-08-01,90439.89174969772
2023-08-02,90439.89174969772
2023-08-03,90439.89174969772
2023-08-04,90439.89174969772
2023-08-05,90439.89174969772
2023-08-06,90439.89174969772
2023-08-07,90439.89174969772
2023-08-08,90439.89174969772
2023-08-09,90439.89174969772
2023-08-10,90439.89174969772
2023-08-11,90439.89174969772
2023-08-12,90439.89174969772
2023-08-13,90439.89174969772
2023-08-14,90439.89174969772
2023-08-15,90439.89174969772
2023-08-16,90439.89174969772
2023-08-17,90439.89174969772
2023-08-18,90439.89174969772
2023-08-19,90439.89174969772
2023-08-20,90439.89174969772
2023-08-21,90439.89174969772
2023-08-22,90439.89174969772
2023-08-23,90439.89174969772
2023-08-24,90439.89174969772
2023-08-25,90439.89174969772
2023-08-26,90439.89174969772
2023-08-27,90439.89174969772
2023-08-28,92356.57305717745
2023-08-29,92356.57305717745
2023-08-30,92356.57305717745
2023-08-31,92356.57305717745
2023-09-01,92356.57305717745
2023-09-02,92356.57305717745
2023-09-03,92356.57305717745
2023-09-04,92356.57305717745
2023-09-05,91306.97766569076
2023-09-06,89729.5233041489
2023-09-07,89729.5233041489
2023-09-08,89729.5233041489
2023-09-09,89729.5233041489
2023-09-10,89729.5233041489
2023-09-11,89729.5233041489
2023-09-12,89729.5233041489
2023-09-13,89729.5233041489
2023-09-14,89729.5233041489
2023-09-15,89729.5233041489
2023-09-16,89729.5233041489
2023-09-17,89729.5233041489
2023-09-18,89729.5233041489
2023-09-19,89729.5233041489
2023-09-20,89729.5233041489
2023-09-21,91663.9983673558
2023-09-22,90535.29412809409
2023-09-23,90535.29412809409
2023-09-24,90535.29412809409
2023-09-25,90535.29412809409
2023-09-26,92372.82625456044
2023-09-27,92372.82625456044
2023-09-28,92372.82625456044
2023-09-29,92372.82625456044
2023-09-30,92372.82625456044
2023-10-01,92372.82625456044
2023-10-02,92372.82625456044
2023-10-03,92372.82625456044
2023-10-04,92372.82625456044
2023-10-05,92372.82625456044
2023-10-06,92372.82625456044
2023-10-07,92372.82625456044
2023-10-08,92372.82625456044
2023-10-09,92372.82625456044
2023-10-10,92372.82625456044
2023-10-11,92372.82625456044
2023-10-12,92372.82625456044
2023-10-13,92372.82625456044
2023-10-14,94547.42379840322
2023-10-15,94547.42379840322
2023-10-16,94547.42379840322
2023-10-17,94547.42379840322
2023-10-18,94547.42379840322
2023-10-19,94547.42379840322
2023-10-20,94547.42379840322
2023-10-21,96659.40219875013
2023-10-22,96659.40219875013
2023-10-23,96659.40219875013
2023-10-24,96659.40219875013
2023-10-25,96659.40219875013
2023-10-26,96659.40219875013
2023-10-27,98579.1618486361
2023-10-28,98579.1618486361
2023-10-29,98579.1618486361
2023-10-30,98579.1618486361
2023-10-31,97460.04884533906
2023-11-01,99453.90999814197
2023-11-02,98289.67927937767
2023-11-03,97023.96062732674
2023-11-04,97023.96062732674
2023-11-05,97023.96062732674
2023-11-06,97023.96062732674
2023-11-07,95979.90847453073
2023-11-08,95979.90847453073
2023-11-09,95979.90847453073
2023-11-10,95979.90847453073
2023-11-11,95979.90847453073
2023-11-12,95979.90847453073
2023-11-13,95979.90847453073
2023-11-14,98067.43808501368
2023-11-15,98067.43808501368
2023-11-16,98067.43808501368
2023-11-17,98067.43808501368
2023-11-18,96341.44389578901
2023-11-19,96341.44389578901
2023-11-20,96341.44389578901
2023-11-21,96341.44389578901
2023-11-22,98226.22076158554
2023-11-23,98226.22076158554
2023-11-24,98226.22076158554
2023-11-25,99321.95061890026
2023-11-26,99321.95061890026
2023-11-27,99321.95061890026
2023-11-28,101263.90363624925
2023-11-29,101263.90363624925
2023-11-30,101263.90363624925
2023-12-01,103372.48927120825
2023-12-02,103372.48927120825
2023-12-03,103372.48927120825
2023-12-04,103372.48927120825
2023-12-05,103372.48927120825
2023-12-06,103372.48927120825
2023-12-07,103372.48927120825
2023-12-08,103372.48927120825
2023-12-09,103372.48927120825
2023-12-10,103372.48927120825
2023-12-11,103372.48927120825
2023-12-12,103372.48927120825
2023-12-13,103372.48927120825
2023-12-14,103372.48927120825
2023-12-15,103372.48927120825
2023-12-16,103372.48927120825
2023-12-17,103372.48927120825
2023-12-18,103372.48927120825
2023-12-19,103372.48927120825
2023-12-20,105475.25369696289
2023-12-21,107536.1249260604
2023-12-22,107536.1249260604
2023-12-23,107536.1249260604
2023-12-24,107536.1249260604
2023-12-25,107536.1249260604
2023-12-26,107536.1249260604
2023-12-27,107536.1249260604
2023-12-28,107536.1249260604
2023-12-29,107536.1249260604
2023-12-30,107536.1249260604
2023-12-31,107536.1249260604
2024-01-01,107536.1249260604
2024-01-02,107536.1249260604
2024-01-03,105149.76571708803
2024-01-04,105149.76571708803
2024-01-05,105149.76571708803
2024-01-06,105149.76571708803
2024-01-07,105149.76571708803
2024-01-08,105149.76571708803
2024-01-09,105149.76571708803
2024-01-10,105149.76571708803
2024-01-11,105149.76571708803
2024-01-12,105149.76571708803
2024-01-13,105149.76571708803
2024-01-14,105149.76571708803
2024-01-15,105149.76571708803
2024-01-16,105149.76571708803
2024-01-17,105149.76571708803
2024-01-18,105149.76571708803
2024-01-19,105149.76571708803
2024-01-20,105149.76571708803
2024-01-21,105149.76571708803
2024-01-22,105149.76571708803
2024-01-23,105149.76571708803
2024-01-24,105149.76571708803
2024-01-25,105149.76571708803
2024-01-26,105149.76571708803
2024-01-27,105149.76571708803
2024-01-28,105149.76571708803
2024-01-29,105149.76571708803
2024-01-30,105149.76571708803
2024-01-31,105149.76571708803
2024-02-01,105149.76571708803
2024-02-02,105149.76571708803
2024-02-03,103690.55854951643
2024-02-04,103690.55854951643
2024-02-05,103690.55854951643
2024-02-06,103690.55854951643
2024-02-07,103690.55854951643
2024-02-08,103690.55854951643
2024-02-09,103690.55854951643
2024-02-10,103690.55854951643
2024-02-11,103690.55854951643
2024-02-12,103690.55854951643
2024-02-13,103690.55854951643
2024-02-14,103690.55854951643
2024-02-15,103690.55854951643
2024-02-16,103690.55854951643
2024-02-17,103690.55854951643
2024-02-18,103690.55854951643
2024-02-19,103690.55854951643
2024-02-20,103690.55854951643
2024-02-21,103690.55854951643
2024-02-22,103690.55854951643
2024-02-23,103690.55854951643
2024-02-24,104185.29619095205
2024-02-25,104185.29619095205
2024-02-26,104185.29619095205
2024-02-27,104185.29619095205
2024-02-28,104185.29619095205
2024-02-29,104185.29619095205
2024-03-01,104185.29619095205
2024-03-02,104185.29619095205
2024-03-03,104185.29619095205
2024-03-04,104185.29619095205
2024-03-05,104185.29619095205
2024-03-06,104185.29619095205
2024-03-07,103127.21500505305
2024-03-08,103127.21500505305
2024-03-09,103127.21500505305
2024-03-10,103127.21500505305
2024-03-11,103127.21500505305
2024-03-12,103127.21500505305
2024-03-13,103127.21500505305
2024-03-14,107521.76339060006
2024-03-15,107521.76339060006
2024-03-16,110091.28256664534
2024-03-17,110091.28256664534
2024-03-18,110091.28256664534
2024-03-19,108677.25591907548
2024-03-20,108677.25591907548
2024-03-21,111393.79351146641
2024-03-22,111393.79351146641
2024-03-23,110170.10982745337
2024-03-24,110170.10982745337
2024-03-25,110170.10982745337
2024-03-26,110170.10982745337
2024-03-27,110170.10982745337
2024-03-28,110170.10982745337
2024-03-29,110170.10982745337
2024-03-30,110170.10982745337
2024-03-31,110170.10982745337
2024-04-01,110170.10982745337
2024-04-02,110170.10982745337
2024-04-03,110170.10982745337
2024-04-04,110170.10982745337
2024-04-05,110170.10982745337
2024-04-06,112803.02469994822
2024-04-07,112803.02469994822
2024-04-08,112803.02469994822
2024-04-09,115295.69039461219
2024-04-10,115295.69039461219
2024-04-11,115295.69039461219
2024-04-12,115295.69039461219
2024-04-13,119981.19839746758
2024-04-14,119981.19839746758
2024-04-15,119981.19839746758
2024-04-16,118523.8169931407
2024-04-17,118523.8169931407
2024-04-18,117201.87691654179
2024-04-19,117201.87691654179
2024-04-20,119789.23740082739
2024-04-21,119789.23740082739
2024-04-22,119789.23740082739
2024-04-23,118560.56329059287
2024-04-24,118560.56329059287
2024-04-25,118560.56329059287
2024-04-26,118560.56329059287
2024-04-27,118560.56329059287
2024-04-28,118560.56329059287
2024-04-29,118560.56329059287
2024-04-30,118560.56329059287
2024-05-01,118560.56329059287
2024-05-02,120924.35094748178
2024-05-03,120924.35094748178
2024-05-04,120924.35094748178
2024-05-05,120924.35094748178
2024-05-06,120924.35094748178
2024-05-07,120924.35094748178
2024-05-08,120924.35094748178
2024-05-09,120924.35094748178
2024-05-10,120924.35094748178
2024-05-11,120924.35094748178
2024-05-12,120924.35094748178
2024-05-13,120924.35094748178
2024-05-14,120924.35094748178
2024-05-15,120924.35094748178
2024-05-16,123476.12655914087
2024-05-17,123476.12655914087
2024-05-18,123476.12655914087
2024-05-19,123476.12655914087
2024-05-20,123476.12655914087
2024-05-21,123476.12655914087
2024-05-22,123476.12655914087
2024-05-23,123476.12655914087
2024-05-24,124762.29090901908
2024-05-25,124762.29090901908
2024-05-26,124762.29090901908
2024-05-27,124762.29090901908
2024-05-28,124762.29090901908
2024-05-29,124762.29090901908
2024-05-30,124762.29090901908
2024-05-31,125806.00804154285
2024-06-01,125806.00804154285
2024-06-02,125806.00804154285
2024-06-03,125806.00804154285
2024-06-04,125806.00804154285
2024-06-05,124368.57833559197
2024-06-06,124368.57833559197
2024-06-07,124368.57833559197
2024-06-08,124368.57833559197
2024-06-09,124368.57833559197
2024-06-10,124368.57833559197
2024-06-11,124368.57833559197
2024-06-12,124368.57833559197
2024-06-13,124368.57833559197
2024-06-14,124368.57833559197
2024-06-15,124368.57833559197
2024-06-16,124368.57833559197
2024-06-17,124368.57833559197
2024-06-18,124368.57833559197
2024-06-19,124368.57833559197
2024-06-20,124368.57833559197
2024-06-21,127241.76421788245
2024-06-22,127241.76421788245
2024-06-23,127241.76421788245
2024-06-24,127241.76421788245
2024-06-25,127241.76421788245
2024-06-26,127241.76421788245
2024-06-27,130119.41751568606
2024-06-28,130119.41751568606
2024-06-29,132781.03130939745
2024-06-30,132781.03130939745
2024-07-01,132781.03130939745
2024-07-02,132781.03130939745
2024-07-03,132781.03130939745
2024-07-04,132781.03130939745
2024-07-05,132781.03130939745
2024-07-06,132781.03130939745
2024-07-07,132781.03130939745
2024-07-08,132781.03130939745
2024-07-09,132781.03130939745
2024-07-10,132781.03130939745
2024-07-11,132781.03130939745
2024-07-12,137289.05797114843
2024-07-13,135795.25396561268
2024-07-14,135795.25396561268
2024-07-15,135795.25396561268
2024-07-16,135795.25396561268
2024-07-17,135795.25396561268
2024-07-18,135795.25396561268
2024-07-19,135795.25396561268
2024-07-20,135795.25396561268
2024-07-21,135795.25396561268
2024-07-22,135795.25396561268
2024-07-23,135795.25396561268
2024-07-24,135795.25396561268
2024-07-25,135795.25396561268
2024-07-26,135795.25396561268
2024-07-27,135795.25396561268
2024-07-28,135795.25396561268
2024-07-29,135795.25396561268
2024-07-30,135795.25396561268
2024-07-31,135795.25396561268
2024-08-01,135795.25396561268
2024-08-02,135795.25396561268
2024-08-03,134040.03404765163
2024-08-04,134040.03404765163
2024-08-05,131952.02780397926
2024-08-06,131952.02780397926
2024-08-07,131952.02780397926
2024-08-08,131952.02780397926
2024-08-09,131952.02780397926
2024-08-10,131952.02780397926
2024-08-11,131952.02780397926
2024-08-12,131952.02780397926
2024-08-13,131952.02780397926
2024-08-14,131952.02780397926
2024-08-15,131952.02780397926
2024-08-16,131952.02780397926
2024-08-17,135408.48402119943
2024-08-18,135408.48402119943
2024-08-19,135408.48402119943
2024-08-20,135408.48402119943
2024-08-21,135408.48402119943
2024-08-22,135408.48402119943
2024-08-23,135408.48402119943
2024-08-24,135408.48402119943
2024-08-25,135408.48402119943
2024-08-26,135408.48402119943
2024-08-27,141329.70285501002
2024-08-28,141329.70285501002
2024-08-29,139459.18802736953
2024-08-30,139459.18802736953
2024-08-31,139459.18802736953
2024-09-01,139459.18802736953
2024-09-02,139459.18802736953
2024-09-03,137568.35521629415
2024-09-04,137568.35521629415
2024-09-05,137568.35521629415
2024-09-06,137568.35521629415
2024-09-07,137568.35521629415
2024-09-08,137568.35521629415
2024-09-09,137568.35521629415
2024-09-10,137568.35521629415
2024-09-11,137568.35521629415
2024-09-12,137568.35521629415
2024-09-13,137568.35521629415
2024-09-14,137568.35521629415
2024-09-15,137568.35521629415
2024-09-16,137568.35521629415
2024-09-17,137568.35521629415
2024-09-18,137568.35521629415
2024-09-19,132587.10071122975
2024-09-20,132587.10071122975
2024-09-21,138160.17937877143
2024-09-22,138160.17937877143
2024-09-23,138160.17937877143
2024-09-24,136649.57163987143
2024-09-25,139480.0804284727
2024-09-26,139480.0804284727
2024-09-27,139480.0804284727
2024-09-28,139480.0804284727
2024-09-29,139480.0804284727
2024-09-30,139480.0804284727
2024-10-01,137911.36812500848
2024-10-02,137911.36812500848
2024-10-03,137911.36812500848
2024-10-04,137911.36812500848
2024-10-05,137911.36812500848
2024-10-06,137911.36812500848
2024-10-07,137911.36812500848
2024-10-08,137911.36812500848
2024-10-09,134738.8416886384
2024-10-10,134738.8416886384
2024-10-11,134738.8416886384
2024-10-12,134738.8416886384
2024-10-13,134738.8416886384
2024-10-14,134738.8416886384
2024-10-15,134738.8416886384
2024-10-16,134738.8416886384
2024-10-17,134738.8416886384
2024-10-18,134738.8416886384
2024-10-19,134738.8416886384
2024-10-20,134738.8416886384
2024-10-21,134738.8416886384
2024-10-22,134738.8416886384
2024-10-23,134738.8416886384
2024-10-24,134738.8416886384
2024-10-25,134738.8416886384
2024-10-26,132923.20708023157
2024-10-27,132923.20708023157
2024-10-28,132923.20708023157
2024-10-29,132923.20708023157
2024-10-30,138984.94945594898
2024-10-31,138984.94945594898
2024-11-01,136305.00602336202
2024-11-02,136305.00602336202
2024-11-03,136305.00602336202
2024-11-04,136305.00602336202
2024-11-05,136305.00602336202
2024-11-06,136305.00602336202
2024-11-07,136305.00602336202
2024-11-08,136305.00602336202
2024-11-09,136305.00602336202
2024-11-10,136305.00602336202
2024-11-11,136305.00602336202
2024-11-12,136305.00602336202
2024-11-13,136305.00602336202
2024-11-14,136305.00602336202
2024-11-15,136305.00602336202
2024-11-16,134707.50272374382
2024-11-17,134707.50272374382
2024-11-18,134707.50272374382
2024-11-19,134707.50272374382
2024-11-20,134707.50272374382
2024-11-21,134707.50272374382
2024-11-22,134707.50272374382
2024-11-23,134707.50272374382
2024-11-24,134707.50272374382
2024-11-25,134707.50272374382
2024-11-26,133066.77646082605
2024-11-27,133066.77646082605
2024-11-28,133066.77646082605
2024-11-29,133066.77646082605
2024-11-30,133066.77646082605
2024-12-01,133066.77646082605
2024-12-02,133066.77646082605
2024-12-03,133066.77646082605
2024-12-04,133066.77646082605
2024-12-05,133066.77646082605
2024-12-06,133066.77646082605
2024-12-07,133066.77646082605
2024-12-08,133066.77646082605
2024-12-09,133066.77646082605
2024-12-10,136168.22430499687
2024-12-11,136168.22430499687
2024-12-12,136168.22430499687
2024-12-13,136168.22430499687
2024-12-14,134589.26381620063
2024-12-15,134589.26381620063
2024-12-16,134589.26381620063
2024-12-17,134589.26381620063
2024-12-18,134589.26381620063
2024-12-19,134589.26381620063
2024-12-20,134589.26381620063
2024-12-21,134589.26381620063
2024-12-22,134589.26381620063
2024-12-23,134589.26381620063
2024-12-24,134589.26381620063
2024-12-25,134589.26381620063
2024-12-26,134589.26381620063
2024-12-27,134589.26381620063
2024-12-28,134589.26381620063
2024-12-29,134589.26381620063
2024-12-30,134589.26381620063
2024-12-31,134589.26381620063
2025-01-01,134589.26381620063
2025-01-02,134589.26381620063
2025-01-03,133063.96296227365
2025-01-04,133063.96296227365
2025-01-05,133063.96296227365
2025-01-06,133063.96296227365
2025-01-07,131223.80668892743
2025-01-08,131223.80668892743
2025-01-09,131223.80668892743
2025-01-10,131223.80668892743
2025-01-11,131223.80668892743
2025-01-12,131223.80668892743
2025-01-13,131223.80668892743
2025-01-14,129786.12806932055
2025-01-15,128202.55193306106
2025-01-16,126721.55191321413
2025-01-17,129226.33998172032
2025-01-18,129226.33998172032
2025-01-19,129226.33998172032
2025-01-20,129226.33998172032
2025-01-21,129226.33998172032
2025-01-22,131754.88650567262
2025-01-23,131754.88650567262
2025-01-24,131754.88650567262
2025-01-25,131754.88650567262
2025-01-26,131754.88650567262
2025-01-27,131754.88650567262
2025-01-28,127789.57852297656
2025-01-29,127789.57852297656
2025-01-30,127789.57852297656
2025-01-31,127789.57852297656
2025-02-01,127789.57852297656
2025-02-02,127789.57852297656
2025-02-03,127789.57852297656
2025-02-04,129364.27367862246
2025-02-05,130701.07603279513
2025-02-06,130701.07603279513
2025-02-07,130701.07603279513
2025-02-08,133352.68458194577
2025-02-09,133352.68458194577
2025-02-10,133352.68458194577
2025-02-11,136240.93284795474
2025-02-12,134770.5558164009
2025-02-13,134770.5558164009
2025-02-14,137484.5857139739
2025-02-15,137484.5857139739
2025-02-16,137484.5857139739
2025-02-17,137484.5857139739
2025-02-18,137484.5857139739
2025-02-19,137484.5857139739
2025-02-20,140202.33037353476
2025-02-21,140202.33037353476
2025-02-22,140202.33037353476
2025-02-23,140202.33037353476
2025-02-24,140202.33037353476
2025-02-25,140202.33037353476
2025-02-26,138664.89120073206
2025-02-27,138664.89120073206
2025-02-28,138664.89120073206
2025-03-01,138664.89120073206
2025-03-02,138664.89120073206
2025-03-03,138664.89120073206
2025-03-04,138664.89120073206
2025-03-05,138664.89120073206
2025-03-06,138664.89120073206
2025-03-07,138664.89120073206
2025-03-08,138664.89120073206
2025-03-09,138664.89120073206
2025-03-10,138664.89120073206
2025-03-11,138664.89120073206
2025-03-12,138664.89120073206
2025-03-13,138664.89120073206
2025-03-14,141969.02299657086
2025-03-15,141969.02299657086
2025-03-16,141969.02299657086
2025-03-17,141969.02299657086
2025-03-18,141969.02299657086
2025-03-19,141969.02299657086
2025-03-20,141969.02299657086
2025-03-21,140454.50205204546
2025-03-22,138553.32148343985
2025-03-23,138553.32148343985
2025-03-24,138553.32148343985
2025-03-25,138553.32148343985
2025-03-26,138553.32148343985
2025-03-27,138553.32148343985
2025-03-28,141217.6472600133
2025-03-29,141217.6472600133
2025-03-30,141217.6472600133
2025-03-31,141217.6472600133
2025-04-01,144251.62880111625
2025-04-02,144251.62880111625
2025-04-03,140390.34955595876
2025-04-04,140390.34955595876
2025-04-05,138783.71158264583
2025-04-06,138783.71158264583
2025-04-07,138783.71158264583
2025-04-08,138783.71158264583
2025-04-09,138783.71158264583
2025-04-10,138783.71158264583
2025-04-11,142099.16955508295
2025-04-12,142099.16955508295
2025-04-13,142099.16955508295
2025-04-14,142099.16955508295
2025-04-15,142099.16955508295
2025-04-16,142099.16955508295
2025-04-17,142099.16955508295
2025-04-18,142099.16955508295
2025-04-19,142099.16955508295
2025-04-20,142099.16955508295
2025-04-21,142099.16955508295
2025-04-22,142099.16955508295
2025-04-23,139004.36001913165
2025-04-24,137218.13973689894
2025-04-25,137218.13973689894
2025-04-26,137218.13973689894
2025-04-27,137218.13973689894
2025-04-28,137218.13973689894
2025-04-29,137218.13973689894
2025-04-30,137218.13973689894
2025-05-01,135714.15230021594
2025-05-02,135714.15230021594
2025-05-03,135714.15230021594
2025-05-04,135714.15230021594
2025-05-05,135714.15230021594
2025-05-06,135714.15230021594
2025-05-07,135714.15230021594
2025-05-08,135714.15230021594
2025-05-09,134259.5390717457
2025-05-10,137013.20302963947
2025-05-11,137013.20302963947
2025-05-12,137013.20302963947
2025-05-13,137013.20302963947
2025-05-14,139825.59051577165
2025-05-15,139825.59051577165
2025-05-16,139825.59051577165
2025-05-17,139825.59051577165
2025-05-18,139825.59051577165
2025-05-19,139825.59051577165
2025-05-20,139825.59051577165
2025-05-21,139825.59051577165
2025-05-22,139825.59051577165
2025-05-23,139825.59051577165
2025-05-24,139825.59051577165
2025-05-25,139825.59051577165
2025-05-26,139825.59051577165
2025-05-27,139825.59051577165
2025-05-28,139825.59051577165
2025-05-29,139825.59051577165
2025-05-30,139825.59051577165
2025-05-31,136775.70923643914
2025-06-01,136775.70923643914
2025-06-02,136775.70923643914
2025-06-03,140129.7202997229
2025-06-04,140129.7202997229
2025-06-05,140129.7202997229
2025-06-06,140129.7202997229
2025-06-07,140129.7202997229
2025-06-08,140129.7202997229
2025-06-09,140129.7202997229
2025-06-10,140129.7202997229
2025-06-11,140129.7202997229
2025-06-12,143118.06579265153
2025-06-13,141024.58722652803
2025-06-14,141024.58722652803
2025-06-15,141024.58722652803
2025-06-16,141024.58722652803
2025-06-17,141024.58722652803
2025-06-18,144678.81944713462
2025-06-19,145685.9055807655
2025-06-20,143592.50087970815
2025-06-21,143592.50087970815
2025-06-22,143592.50087970815
2025-06-23,141916.75034536058
2025-06-24,141916.75034536058
2025-06-25,141916.75034536058
2025-06-26,141916.75034536058
2025-06-27,141916.75034536058
2025-06-28,141916.75034536058
2025-06-29,141916.75034536058
2025-06-30,141916.75034536058
2025-07-01,141916.75034536058
2025-07-02,141916.75034536058
2025-07-03,144987.17710917426
2025-07-04,144987.17710917426
2025-07-05,144987.17710917426
2025-07-06,144987.17710917426
2025-07-07,144987.17710917426
2025-07-08,143310.85196248768
2025-07-09,143310.85196248768
2025-07-10,143310.85196248768
2025-07-11,143310.85196248768
2025-07-12,143310.85196248768
2025-07-13,143310.85196248768
2025-07-14,143310.85196248768
2025-07-15,143310.85196248768
2025-07-16,143310.85196248768
2025-07-17,143310.85196248768
2025-07-18,146923.4291767189
2025-07-19,146923.4291767189
2025-07-20,146923.4291767189
2025-07-21,146923.4291767189
2025-07-22,150527.90440596192
2025-07-23,148868.49663171044
2025-07-24,148868.49663171044
2025-07-25,144997.31469374071
2025-07-26,142190.6699486517
2025-07-27,142190.6699486517
2025-07-28,142190.6699486517
2025-07-29,142190.6699486517
2025-07-30,142190.6699486517
2025-07-31,143338.38760471056
2025-08-01,143338.38760471056
2025-08-02,143338.38760471056
2025-08-03,143338.38760471056
2025-08-04,143338.38760471056
2025-08-05,141600.11202939966
2025-08-06,141600.11202939966
2025-08-07,141600.11202939966
2025-08-08,141600.11202939966
2025-08-09,141600.11202939966
2025-08-10,141600.11202939966
2025-08-11,141600.11202939966
2025-08-12,141600.11202939966
2025-08-13,141600.11202939966
2025-08-14,141600.11202939966
2025-08-15,141600.11202939966
2025-08-16,141600.11202939966
2025-08-17,141600.11202939966
2025-08-18,141600.11202939966
2025-08-19,141600.11202939966
2025-08-20,139913.13548477867
2025-08-21,139913.13548477867
2025-08-22,139913.13548477867
2025-08-23,139913.13548477867
2025-08-24,139913.13548477867
2025-08-25,139913.13548477867
2025-08-26,139913.13548477867
2025-08-27,139913.13548477867
2025-08-28,139913.13548477867
2025-08-29,142707.08532193772
2025-08-30,142707.08532193772
2025-08-31,142707.08532193772
2025-09-01,142707.08532193772
2025-09-02,142707.08532193772
2025-09-03,142707.08532193772
2025-09-04,142707.08532193772
2025-09-05,142707.08532193772
2025-09-06,142707.08532193772
2025-09-07,142707.08532193772
2025-09-08,142707.08532193772
2025-09-09,142707.08532193772
2025-09-10,141248.62187112428
2025-09-11,141248.62187112428
2025-09-12,141248.62187112428
2025-09-13,141248.62187112428
2025-09-14,141248.62187112428
2025-09-15,141248.62187112428
2025-09-16,144386.2309171451
2025-09-17,144386.2309171451
2025-09-18,140950.35576898142
2025-09-19,139426.3564993745
2025-09-20,139426.3564993745
2025-09-21,139426.3564993745
2025-09-22,139426.3564993745
2025-09-23,142376.8110963415
2025-09-24,142376.8110963415
2025-09-25,142376.8110963415
2025-09-26,142376.8110963415
2025-09-27,142376.8110963415
2025-09-28,142376.8110963415
2025-09-29,145236.9147192677
2025-09-30,145236.9147192677
2025-10-01,143508.5174824385
2025-10-02,144648.03996517224
2025-10-03,143164.0545068208
2025-10-04,149754.10717882865
2025-10-05,149754.10717882865
2025-10-06,152540.51941891183
2025-10-07,152540.51941891183
2025-10-08,152540.51941891183
2025-10-09,155788.33168415926
2025-10-10,155788.33168415926
2025-10-11,155788.33168415926
2025-10-12,155788.33168415926
2025-10-13,155788.33168415926
2025-10-14,158985.99036903222
2025-10-15,158985.99036903222
2025-10-16,158985.99036903222
2025-10-17,158985.99036903222
2025-10-18,158985.99036903222
2025-10-19,158985.99036903222
2025-10-20,158985.99036903222
2025-10-21,162414.26305104734
2025-10-22,159796.53685621434
2025-10-23,163148.0005905897
2025-10-24,163148.0005905897
2025-10-25,163148.0005905897
2025-10-26,163148.0005905897
2025-10-27,163148.0005905897
2025-10-28,163148.0005905897
2025-10-29,163148.0005905897
2025-10-30,163148.0005905897
2025-10-31,163148.0005905897
2025-11-01,163148.0005905897
2025-11-02,163148.0005905897
2025-11-03,163148.0005905897
2025-11-04,163148.0005905897
2025-11-05,163148.0005905897
2025-11-06,163148.0005905897
2025-11-07,163148.0005905897
2025-11-08,163148.0005905897
2025-11-09,163148.0005905897
2025-11-10,163148.0005905897
2025-11-11,163148.0005905897
2025-11-12,166632.8894095347
2025-11-13,166632.8894095347
2025-11-14,166632.8894095347
2025-11-15,166632.8894095347
2025-11-16,166632.8894095347
2025-11-17,166632.8894095347
2025-11-18,164144.27747811988
2025-11-19,164144.27747811988
2025-11-20,164144.27747811988
2025-11-21,164144.27747811988
2025-11-22,164144.27747811988
2025-11-23,164144.27747811988
2025-11-24,164144.27747811988
2025-11-25,164144.27747811988
2025-11-26,164144.27747811988
2025-11-27,164144.27747811988
2025-11-28,164144.27747811988
2025-11-29,164144.27747811988
2025-11-30,164144.27747811988
2025-12-01,164144.27747811988
2025-12-02,164144.27747811988
2025-12-03,162095.7981429499
2025-12-04,162095.7981429499
2025-12-05,159920.69456865673
2025-12-06,158131.65537486333
2025-12-07,158131.65537486333
2025-12-08,158131.65537486333
2025-12-09,158131.65537486333
2025-12-10,162515.76817470294
2025-12-11,165798.5511936439
2025-12-12,172839.48657201228
2025-12-13,172839.48657201228
2025-12-14,172839.48657201228
2025-12-15,172839.48657201228
2025-12-16,172839.48657201228
2025-12-17,172839.48657201228
2025-12-18,177356.48922167238
2025-12-19,180933.0505538799
2025-12-20,180933.0505538799
2025-12-21,180933.0505538799
2025-12-22,180933.0505538799
2025-12-23,180933.0505538799
2025-12-24,180933.0505538799
2025-12-25,180933.0505538799
2025-12-26,180933.0505538799
2025-12-27,180933.0505538799
2025-12-28,180933.0505538799
2025-12-29,180933.0505538799
2025-12-30,178749.47894907006
2025-12-31,178749.47894907006
2026-01-01,178749.47894907006
2026-01-02,178749.47894907006
2026-01-03,178749.47894907006
2026-01-04,178749.47894907006
2026-01-05,178749.47894907006
2026-01-06,178749.47894907006
2026-01-07,178749.47894907006
2026-01-08,178749.47894907006
2026-01-09,178749.47894907006
2026-01-10,178749.47894907006
2026-01-11,178749.47894907006
2026-01-12,183057.20972100054
2026-01-13,187860.50247697346
2026-01-14,187860.50247697346
2026-01-15,187860.50247697346
2026-01-16,187860.50247697346
2026-01-17,187860.50247697346
2026-01-18,187860.50247697346
2026-01-19,187860.50247697346
2026-01-20,187860.50247697346
2026-01-21,192808.39268938842
2026-01-22,192808.39268938842
2026-01-23,192808.39268938842
2026-01-24,192655.26549576042
2026-01-25,192655.26549576042
2026-01-26,192655.26549576042
2026-01-27,192655.26549576042
2026-01-28,189984.68169782526
2026-01-29,189984.68169782526
2026-01-30,189984.68169782526
2026-01-31,184358.9486906669
2026-02-01,184358.9486906669
2026-02-02,184358.9486906669
2026-02-03,184358.9486906669
2026-02-04,184358.9486906669
2026-02-05,184358.9486906669
2026-02-06,188224.89513866627
2026-02-07,188224.89513866627
2026-02-08,188224.89513866627
2026-02-09,188224.89513866627
2026-02-10,188224.89513866627
2026-02-11,188224.89513866627
2026-02-12,186294.79515928103
2026-02-13,186294.79515928103
2026-02-14,186294.79515928103
2026-02-15,186294.79515928103
2026-02-16,186294.79515928103
2026-02-17,186294.79515928103
2026-02-18,186294.79515928103
2026-02-19,186294.79515928103
2026-02-20,186294.79515928103
2026-02-21,186294.79515928103
2026-02-22,186294.79515928103
2026-02-23,186294.79515928103
2026-02-24,186294.79515928103
2026-02-25,186294.79515928103
2026-02-26,186294.79515928103
2026-02-27,186294.79515928103
2026-02-28,194426.60869138085
2026-03-01,194426.60869138085
2026-03-02,198184.2656058318
2026-03-03,198184.2656058318
2026-03-04,189910.25037830786
2026-03-05,189910.25037830786
2026-03-06,189910.25037830786
2026-03-07,189910.25037830786
2026-03-08,189910.25037830786
2026-03-09,189910.25037830786
2026-03-10,189910.25037830786
2026-03-11,189910.25037830786
2026-03-12,189910.25037830786
2026-03-13,189910.25037830786
2026-03-14,189910.25037830786
2026-03-15,189910.25037830786
2026-03-16,189910.25037830786
2026-03-17,189910.25037830786
2026-03-18,189910.25037830786
2026-03-19,189910.25037830786
2026-03-20,187934.91638236825
2026-03-21,187934.91638236825
2026-03-22,187934.91638236825
2026-03-23,187934.91638236825
2026-03-24,187934.91638236825
2026-03-25,187934.91638236825
2026-03-26,187934.91638236825
2026-03-27,187934.91638236825
2026-03-28,191832.257888424
2026-03-29,191832.257888424
2026-03-30,191832.257888424
2026-03-31,191832.257888424
2026-04-01,191832.257888424
2026-04-02,191832.257888424
2026-04-03,191832.257888424
2026-04-04,191832.257888424
2026-04-05,191832.257888424
2026-04-06,191832.257888424
2026-04-07,191832.257888424
2026-04-08,195717.86027144594
2026-04-09,195717.86027144594
2026-04-10,195717.86027144594
2026-04-11,195717.86027144594
2026-04-12,195717.86027144594
2026-04-13,195717.86027144594
2026-04-14,195717.86027144594
2026-04-15,203864.2093107524
2026-04-16,203864.2093107524
2026-04-17,203864.2093107524
2026-04-18,203864.2093107524
2026-04-19,203864.2093107524
2026-04-20,203864.2093107524
2026-04-21,203864.2093107524
2026-04-22,203864.2093107524
2026-04-23,203864.2093107524
2026-04-24,203864.2093107524
2026-04-25,203864.2093107524
2026-04-26,203864.2093107524
2026-04-27,203864.2093107524
2026-04-28,203864.2093107524
2026-04-29,203864.2093107524
2026-04-30,203864.2093107524
2026-05-01,198102.42911322226
2026-05-02,198102.42911322226
2026-05-03,198102.42911322226
2026-05-04,198102.42911322226
2026-05-05,198102.42911322226
2026-05-06,198102.42911322226
2026-05-07,198102.42911322226
2026-05-08,198102.42911322226
2026-05-09,198102.42911322226
2026-05-10,198102.42911322226
2026-05-11,198102.42911322226
2026-05-12,198102.42911322226
2026-05-13,198102.42911322226
2026-05-14,198102.42911322226
2026-05-15,193218.70856375693
2026-05-16,193218.70856375693
2026-05-17,193218.70856375693
2026-05-18,193218.70856375693
2026-05-19,193218.70856375693
2026-05-20,193218.70856375693
2026-05-21,193218.70856375693
2026-05-22,193218.70856375693
2026-05-23,193218.70856375693
2026-05-24,193218.70856375693
2026-05-25,193218.70856375693
2026-05-26,193218.70856375693
2026-05-27,193218.70856375693
2026-05-28,193218.70856375693
2026-05-29,193218.70856375693
2026-05-30,193218.70856375693
2026-05-31,193218.70856375693
2026-06-01,193218.70856375693
2026-06-02,193218.70856375693
2026-06-03,193218.70856375693
2026-06-04,193218.70856375693
2026-06-05,193218.70856375693
2026-06-06,190587.02340748112
2026-06-07,190587.02340748112
2026-06-08,190587.02340748112
2026-06-09,190587.02340748112
2026-06-10,190587.02340748112
2026-06-11,190587.02340748112
2026-06-12,190587.02340748112
2026-06-13,190587.02340748112
2026-06-14,190587.02340748112
2026-06-15,190587.02340748112
2026-06-16,190587.02340748112
2026-06-17,190587.02340748112
2026-06-18,190587.02340748112
2026-06-19,195557.20154035772
2026-06-20,195557.20154035772
2026-06-21,195557.20154035772
2026-06-22,195557.20154035772
2026-06-23,195557.20154035772
2026-06-24,195557.20154035772
2026-06-25,195557.20154035772
2026-06-26,195557.20154035772
2026-06-27,195557.20154035772
2026-06-28,195557.20154035772
2026-06-29,195557.20154035772
2026-06-30,195557.20154035772
2026-07-01,195557.20154035772
2026-07-02,195557.20154035772
2026-07-03,195557.20154035772
2026-07-04,195557.20154035772
2026-07-05,195557.20154035772
2026-07-06,195557.20154035772
2026-07-07,195557.20154035772
2026-07-08,190674.2103347505
2026-07-09,190674.2103347505
2026-07-10,190674.2103347505
2026-07-11,190674.2103347505
2026-07-12,190674.2103347505
2026-07-13,190674.2103347505
2026-07-14,190674.2103347505
2026-07-15,190674.2103347505
2026-07-16,190674.2103347505
2026-07-17,190674.2103347505
2026-07-18,190674.2103347505
2026-07-19,190674.2103347505
2026-07-20,190674.2103347505
2026-07-21,190674.2103347505
2026-07-22,194948.4120533899
2026-07-23,194948.4120533899
2026-07-24,194948.4120533899
2026-07-25,194948.4120533899
2026-07-26,194948.4120533899
2026-07-27,194948.4120533899
2026-07-28,194948.4120533899
2026-07-29,194948.4120533899
2026-07-30,194948.4120533899
2026-07-31,194948.4120533899
2026-08-01,194948.4120533899
