date,equity
2016-01-01,100000.0
2016-01-02,100000.0
2016-01-03,100000.0
2016-01-04,100000.0
2016-01-05,100000.0
2016-01-06,100000.0
2016-01-07,100000.0
2016-01-08,100000.0
2016-01-09,100000.0
2016-01-10,100000.0
2016-01-11,100000.0
2016-01-12,100000.0
2016-01-13,99858.36301384677
2016-01-14,99858.36301384677
2016-01-15,99858.36301384677
2016-01-16,99858.36301384677
2016-01-17,99858.36301384677
2016-01-18,99858.36301384677
2016-01-19,99858.36301384677
2016-01-20,99858.36301384677
2016-01-21,99858.36301384677
2016-01-22,99858.36301384677
2016-01-23,99858.36301384677
2016-01-24,99858.36301384677
2016-01-25,99858.36301384677
2016-01-26,99858.36301384677
2016-01-27,99858.36301384677
2016-01-28,99858.36301384677
2016-01-29,99858.36301384677
2016-01-30,99858.36301384677
2016-01-31,99858.36301384677
2016-02-01,99858.36301384677
2016-02-02,99858.36301384677
2016-02-03,99858.36301384677
2016-02-04,99858.36301384677
2016-02-05,99858.36301384677
2016-02-06,99858.36301384677
2016-02-07,99858.36301384677
2016-02-08,99858.36301384677
2016-02-09,99858.36301384677
2016-02-10,99858.36301384677
2016-02-11,99858.36301384677
2016-02-12,100057.70076991203
2016-02-13,100057.70076991203
2016-02-14,100057.70076991203
2016-02-15,100057.70076991203
2016-02-16,99940.59678257102
2016-02-17,99829.09048390239
2016-02-18,99829.09048390239
2016-02-19,99829.09048390239
2016-02-20,99829.09048390239
2016-02-21,99829.09048390239
2016-02-22,99829.09048390239
2016-02-23,99695.63040488436
2016-02-24,99695.63040488436
2016-02-25,99695.63040488436
2016-02-26,99695.63040488436
2016-02-27,99695.63040488436
2016-02-28,99695.63040488436
2016-02-29,99695.63040488436
2016-03-01,99695.63040488436
2016-03-02,99695.63040488436
2016-03-03,99695.63040488436
2016-03-04,99695.63040488436
2016-03-05,99695.63040488436
2016-03-06,99695.63040488436
2016-03-07,99695.63040488436
2016-03-08,99695.63040488436
2016-03-09,99695.63040488436
2016-03-10,99561.1166894263
2016-03-11,99455.53263018953
2016-03-12,99455.53263018953
2016-03-13,99455.53263018953
2016-03-14,99455.53263018953
2016-03-15,99350.34237356909
2016-03-16,99350.34237356909
2016-03-17,99350.34237356909
2016-03-18,99350.34237356909
2016-03-19,99350.34237356909
2016-03-20,99350.34237356909
2016-03-21,99350.34237356909
2016-03-22,99350.34237356909
2016-03-23,99350.34237356909
2016-03-24,99245.12729376821
2016-03-25,99245.12729376821
2016-03-26,99245.12729376821
2016-03-27,99245.12729376821
2016-03-28,99245.12729376821
2016-03-29,99245.12729376821
2016-03-30,99245.12729376821
2016-03-31,99245.12729376821
2016-04-01,99245.12729376821
2016-04-02,99245.12729376821
2016-04-03,99245.12729376821
2016-04-04,99245.12729376821
2016-04-05,99245.12729376821
2016-04-06,99245.12729376821
2016-04-07,99245.12729376821
2016-04-08,99245.12729376821
2016-04-09,99245.12729376821
2016-04-10,99245.12729376821
2016-04-11,99245.12729376821
2016-04-12,99245.12729376821
2016-04-13,99245.12729376821
2016-04-14,99089.00772356094
2016-04-15,99089.00772356094
2016-04-16,99089.00772356094
2016-04-17,99089.00772356094
2016-04-18,99089.00772356094
2016-04-19,99089.00772356094
2016-04-20,99089.00772356094
2016-04-21,99089.00772356094
2016-04-22,99089.00772356094
2016-04-23,99089.00772356094
2016-04-24,99089.00772356094
2016-04-25,99089.00772356094
2016-04-26,99089.00772356094
2016-04-27,99089.00772356094
2016-04-28,99089.00772356094
2016-04-29,99089.00772356094
2016-04-30,99089.00772356094
2016-05-01,99089.00772356094
2016-05-02,99089.00772356094
2016-05-03,99089.00772356094
2016-05-04,99089.00772356094
2016-05-05,98851.52562882975
2016-05-06,98851.52562882975
2016-05-07,98851.52562882975
2016-05-08,98851.52562882975
2016-05-09,98851.52562882975
2016-05-10,98691.88129581649
2016-05-11,98691.88129581649
2016-05-12,98691.88129581649
2016-05-13,98691.88129581649
2016-05-14,98691.88129581649
2016-05-15,98691.88129581649
2016-05-16,98691.88129581649
2016-05-17,98691.88129581649
2016-05-18,98691.88129581649
2016-05-19,98691.88129581649
2016-05-20,98691.88129581649
2016-05-21,98691.88129581649
2016-05-22,98691.88129581649
2016-05-23,98691.88129581649
2016-05-24,98691.88129581649
2016-05-25,98691.88129581649
2016-05-26,98691.88129581649
2016-05-27,98691.88129581649
2016-05-28,98691.88129581649
2016-05-29,98691.88129581649
2016-05-30,98691.88129581649
2016-05-31,98691.88129581649
2016-06-01,98691.88129581649
2016-06-02,98691.88129581649
2016-06-03,98691.88129581649
2016-06-04,98691.88129581649
2016-06-05,98691.88129581649
2016-06-06,98691.88129581649
2016-06-07,98691.88129581649
2016-06-08,98691.88129581649
2016-06-09,98930.91652016185
2016-06-10,98930.91652016185
2016-06-11,98930.91652016185
2016-06-12,98930.91652016185
2016-06-13,98930.91652016185
2016-06-14,98930.91652016185
2016-06-15,98930.91652016185
2016-06-16,98930.91652016185
2016-06-17,98930.91652016185
2016-06-18,98930.91652016185
2016-06-19,98930.91652016185
2016-06-20,98930.91652016185
2016-06-21,98930.91652016185
2016-06-22,98816.12358132121
2016-06-23,98816.12358132121
2016-06-24,98816.12358132121
2016-06-25,98816.12358132121
2016-06-26,98816.12358132121
2016-06-27,98816.12358132121
2016-06-28,98816.12358132121
2016-06-29,98816.12358132121
2016-06-30,98816.12358132121
2016-07-01,98816.12358132121
2016-07-02,99030.15757197989
2016-07-03,99030.15757197989
2016-07-04,99030.15757197989
2016-07-05,99030.15757197989
2016-07-06,99030.15757197989
2016-07-07,99030.15757197989
2016-07-08,99030.15757197989
2016-07-09,98921.20078862955
2016-07-10,98921.20078862955
2016-07-11,99178.34401431771
2016-07-12,99178.34401431771
2016-07-13,99049.02572673305
2016-07-14,99049.02572673305
2016-07-15,99049.02572673305
2016-07-16,99049.02572673305
2016-07-17,99049.02572673305
2016-07-18,99049.02572673305
2016-07-19,99049.02572673305
2016-07-20,99049.02572673305
2016-07-21,99049.02572673305
2016-07-22,99049.02572673305
2016-07-23,99049.02572673305
2016-07-24,99049.02572673305
2016-07-25,99049.02572673305
2016-07-26,99049.02572673305
2016-07-27,99049.02572673305
2016-07-28,99049.02572673305
2016-07-29,98915.673000678
2016-07-30,98810.41212916998
2016-07-31,98810.41212916998
2016-08-01,98810.41212916998
2016-08-02,98810.41212916998
2016-08-03,98810.41212916998
2016-08-04,98810.41212916998
2016-08-05,98674.94713150513
2016-08-06,98487.53897742367
2016-08-07,98487.53897742367
2016-08-08,98487.53897742367
2016-08-09,98487.53897742367
2016-08-10,98487.53897742367
2016-08-11,98487.53897742367
2016-08-12,98487.53897742367
2016-08-13,98487.53897742367
2016-08-14,98487.53897742367
2016-08-15,98487.53897742367
2016-08-16,98487.53897742367
2016-08-17,98487.53897742367
2016-08-18,98487.53897742367
2016-08-19,98487.53897742367
2016-08-20,98487.53897742367
2016-08-21,98487.53897742367
2016-08-22,98347.73250522517
2016-08-23,98347.73250522517
2016-08-24,98347.73250522517
2016-08-25,98347.73250522517
2016-08-26,98347.73250522517
2016-08-27,98347.73250522517
2016-08-28,98347.73250522517
2016-08-29,98347.73250522517
2016-08-30,98347.73250522517
2016-08-31,98347.73250522517
2016-09-01,98347.73250522517
2016-09-02,98347.73250522517
2016-09-03,98347.73250522517
2016-09-04,98347.73250522517
2016-09-05,98347.73250522517
2016-09-06,98347.73250522517
2016-09-07,98347.73250522517
2016-09-08,98347.73250522517
2016-09-09,98347.73250522517
2016-09-10,98122.5398921686
2016-09-11,98122.5398921686
2016-09-12,98122.5398921686
2016-09-13,98122.5398921686
2016-09-14,98122.5398921686
2016-09-15,98122.5398921686
2016-09-16,98122.5398921686
2016-09-17,98122.5398921686
2016-09-18,98122.5398921686
2016-09-19,98122.5398921686
2016-09-20,98122.5398921686
2016-09-21,98122.5398921686
2016-09-22,97954.74955175426
2016-09-23,97954.74955175426
2016-09-24,97954.74955175426
2016-09-25,97954.74955175426
2016-09-26,97954.74955175426
2016-09-27,97826.0804830701
2016-09-28,97657.75469568525
2016-09-29,97657.75469568525
2016-09-30,97657.75469568525
2016-10-01,97657.75469568525
2016-10-02,97657.75469568525
2016-10-03,97657.75469568525
2016-10-04,97657.75469568525
2016-10-05,97657.75469568525
2016-10-06,97657.75469568525
2016-10-07,97657.75469568525
2016-10-08,97657.75469568525
2016-10-09,97657.75469568525
2016-10-10,97657.75469568525
2016-10-11,97657.75469568525
2016-10-12,97657.75469568525
2016-10-13,97657.75469568525
2016-10-14,97657.75469568525
2016-10-15,97657.75469568525
2016-10-16,97657.75469568525
2016-10-17,97657.75469568525
2016-10-18,97657.75469568525
2016-10-19,97657.75469568525
2016-10-20,97657.75469568525
2016-10-21,97657.75469568525
2016-10-22,97657.75469568525
2016-10-23,97657.75469568525
2016-10-24,97657.75469568525
2016-10-25,97657.75469568525
2016-10-26,97865.88801601232
2016-10-27,97865.88801601232
2016-10-28,98061.11708169649
2016-10-29,98061.11708169649
2016-10-30,98061.11708169649
2016-10-31,98061.11708169649
2016-11-01,98061.11708169649
2016-11-02,98061.11708169649
2016-11-03,98061.11708169649
2016-11-04,98061.11708169649
2016-11-05,98061.11708169649
2016-11-06,98061.11708169649
2016-11-07,98061.11708169649
2016-11-08,97948.39371178849
2016-11-09,97948.39371178849
2016-11-10,98181.85532197445
2016-11-11,98181.85532197445
2016-11-12,98181.85532197445
2016-11-13,98181.85532197445
2016-11-14,98181.85532197445
2016-11-15,98181.85532197445
2016-11-16,98181.85532197445
2016-11-17,98181.85532197445
2016-11-18,98181.85532197445
2016-11-19,98181.85532197445
2016-11-20,98181.85532197445
2016-11-21,98181.85532197445
2016-11-22,98181.85532197445
2016-11-23,98181.85532197445
2016-11-24,98181.85532197445
2016-11-25,98181.85532197445
2016-11-26,98181.85532197445
2016-11-27,98181.85532197445
2016-11-28,98181.85532197445
2016-11-29,98181.85532197445
2016-11-30,98181.85532197445
2016-12-01,98181.85532197445
2016-12-02,98181.85532197445
2016-12-03,98181.85532197445
2016-12-04,98181.85532197445
2016-12-05,98181.85532197445
2016-12-06,98181.85532197445
2016-12-07,98181.85532197445
2016-12-08,98181.85532197445
2016-12-09,98181.85532197445
2016-12-10,98181.85532197445
2016-12-11,98181.85532197445
2016-12-12,98181.85532197445
2016-12-13,98181.85532197445
2016-12-14,98181.85532197445
2016-12-15,98181.85532197445
2016-12-16,98181.85532197445
2016-12-17,98181.85532197445
2016-12-18,98181.85532197445
2016-12-19,98181.85532197445
2016-12-20,98181.85532197445
2016-12-21,98181.85532197445
2016-12-22,98181.85532197445
2016-12-23,98181.85532197445
2016-12-24,98181.85532197445
2016-12-25,98181.85532197445
2016-12-26,98181.85532197445
2016-12-27,98181.85532197445
2016-12-28,98181.85532197445
2016-12-29,98181.85532197445
2016-12-30,98181.85532197445
2016-12-31,98181.85532197445
2017-01-01,98181.85532197445
2017-01-02,98181.85532197445
2017-01-03,98181.85532197445
2017-01-04,98613.937602454
2017-01-05,98613.937602454
2017-01-06,98512.26314848803
2017-01-07,98512.26314848803
2017-01-08,98512.26314848803
2017-01-09,98732.28524172302
2017-01-10,98732.28524172302
2017-01-11,98938.79739267482
2017-01-12,98938.79739267482
2017-01-13,99129.77559240293
2017-01-14,99129.77559240293
2017-01-15,99129.77559240293
2017-01-16,99129.77559240293
2017-01-17,99129.77559240293
2017-01-18,99323.25472766846
2017-01-19,99323.25472766846
2017-01-20,99184.7118762265
2017-01-21,99184.7118762265
2017-01-22,99184.7118762265
2017-01-23,99184.7118762265
2017-01-24,99409.55418407278
2017-01-25,99409.55418407278
2017-01-26,99281.05049460982
2017-01-27,99281.05049460982
2017-01-28,99172.05545635585
2017-01-29,99172.05545635585
2017-01-30,99172.05545635585
2017-01-31,99172.05545635585
2017-02-01,99172.05545635585
2017-02-02,99172.05545635585
2017-02-03,99172.05545635585
2017-02-04,99172.05545635585
2017-02-05,99172.05545635585
2017-02-06,99172.05545635585
2017-02-07,99366.38301673872
2017-02-08,99366.38301673872
2017-02-09,99366.38301673872
2017-02-10,99249.65804163882
2017-02-11,99467.96147226372
2017-02-12,99467.96147226372
2017-02-13,99467.96147226372
2017-02-14,99467.96147226372
2017-02-15,99467.96147226372
2017-02-16,99467.96147226372
2017-02-17,99467.96147226372
2017-02-18,99467.96147226372
2017-02-19,99467.96147226372
2017-02-20,99467.96147226372
2017-02-21,99467.96147226372
2017-02-22,99204.45638627232
2017-02-23,99204.45638627232
2017-02-24,99457.16233507014
2017-02-25,99665.37181366546
2017-02-26,99665.37181366546
2017-02-27,99665.37181366546
2017-02-28,99665.37181366546
2017-03-01,99665.37181366546
2017-03-02,99665.37181366546
2017-03-03,99433.8197485595
2017-03-04,99433.8197485595
2017-03-05,99433.8197485595
2017-03-06,99433.8197485595
2017-03-07,99433.8197485595
2017-03-08,99433.8197485595
2017-03-09,99433.8197485595
2017-03-10,99433.8197485595
2017-03-11,99433.8197485595
2017-03-12,99433.8197485595
2017-03-13,99433.8197485595
2017-03-14,99433.8197485595
2017-03-15,99433.8197485595
2017-03-16,99433.8197485595
2017-03-17,99433.8197485595
2017-03-18,99433.8197485595
2017-03-19,99433.8197485595
2017-03-20,99433.8197485595
2017-03-21,99433.8197485595
2017-03-22,99433.8197485595
2017-03-23,99433.8197485595
2017-03-24,99433.8197485595
2017-03-25,99433.8197485595
2017-03-26,99433.8197485595
2017-03-27,99433.8197485595
2017-03-28,99433.8197485595
2017-03-29,99433.8197485595
2017-03-30,99433.8197485595
2017-03-31,99297.66458460563
2017-04-01,99297.66458460563
2017-04-02,99297.66458460563
2017-04-03,99297.66458460563
2017-04-04,99495.56707092932
2017-04-05,99495.56707092932
2017-04-06,99495.56707092932
2017-04-07,99495.56707092932
2017-04-08,99273.3481769738
2017-04-09,99273.3481769738
2017-04-10,99273.3481769738
2017-04-11,99273.3481769738
2017-04-12,99273.3481769738
2017-04-13,99273.3481769738
2017-04-14,99273.3481769738
2017-04-15,99273.3481769738
2017-04-16,99273.3481769738
2017-04-17,99273.3481769738
2017-04-18,99273.3481769738
2017-04-19,99016.63819448718
2017-04-20,99016.63819448718
2017-04-21,99016.63819448718
2017-04-22,99016.63819448718
2017-04-23,99016.63819448718
2017-04-24,99016.63819448718
2017-04-25,99016.63819448718
2017-04-26,99016.63819448718
2017-04-27,99016.63819448718
2017-04-28,99016.63819448718
2017-04-29,99016.63819448718
2017-04-30,99016.63819448718
2017-05-01,99016.63819448718
2017-05-02,99016.63819448718
2017-05-03,99016.63819448718
2017-05-04,99016.63819448718
2017-05-05,99016.63819448718
2017-05-06,99016.63819448718
2017-05-07,99016.63819448718
2017-05-08,99016.63819448718
2017-05-09,99016.63819448718
2017-05-10,99016.63819448718
2017-05-11,99016.63819448718
2017-05-12,99016.63819448718
2017-05-13,99016.63819448718
2017-05-14,99016.63819448718
2017-05-15,99016.63819448718
2017-05-16,99016.63819448718
2017-05-17,99016.63819448718
2017-05-18,99016.63819448718
2017-05-19,99016.63819448718
2017-05-20,99016.63819448718
2017-05-21,99016.63819448718
2017-05-22,99016.63819448718
2017-05-23,99232.29480590152
2017-05-24,99232.29480590152
2017-05-25,99094.21996659462
2017-05-26,99094.21996659462
2017-05-27,99296.82723972078
2017-05-28,99296.82723972078
2017-05-29,99296.82723972078
2017-05-30,99296.82723972078
2017-05-31,99296.82723972078
2017-06-01,99296.82723972078
2017-06-02,99141.4762335085
2017-06-03,99330.97455542367
2017-06-04,99330.97455542367
2017-06-05,99330.97455542367
2017-06-06,99330.97455542367
2017-06-07,99330.97455542367
2017-06-08,99330.97455542367
2017-06-09,98918.57751248397
2017-06-10,98918.57751248397
2017-06-11,98918.57751248397
2017-06-12,98918.57751248397
2017-06-13,98918.57751248397
2017-06-14,98918.57751248397
2017-06-15,98812.14586376409
2017-06-16,98812.14586376409
2017-06-17,98812.14586376409
2017-06-18,98812.14586376409
2017-06-19,98812.14586376409
2017-06-20,98812.14586376409
2017-06-21,98812.14586376409
2017-06-22,98812.14586376409
2017-06-23,98812.14586376409
2017-06-24,98812.14586376409
2017-06-25,98812.14586376409
2017-06-26,98812.14586376409
2017-06-27,98812.14586376409
2017-06-28,98812.14586376409
2017-06-29,98812.14586376409
2017-06-30,98812.14586376409
2017-07-01,98812.14586376409
2017-07-02,98812.14586376409
2017-07-03,98812.14586376409
2017-07-04,98812.14586376409
2017-07-05,98812.14586376409
2017-07-06,98812.14586376409
2017-07-07,98812.14586376409
2017-07-08,98812.14586376409
2017-07-09,98812.14586376409
2017-07-10,98812.14586376409
2017-07-11,98812.14586376409
2017-07-12,98812.14586376409
2017-07-13,98812.14586376409
2017-07-14,98812.14586376409
2017-07-15,98708.22924992973
2017-07-16,98708.22924992973
2017-07-17,98602.60333685452
2017-07-18,98602.60333685452
2017-07-19,98490.0113445628
2017-07-20,98490.0113445628
2017-07-21,98490.0113445628
2017-07-22,98490.0113445628
2017-07-23,98490.0113445628
2017-07-24,98490.0113445628
2017-07-25,98490.0113445628
2017-07-26,98378.76094961361
2017-07-27,98600.42036494499
2017-07-28,98690.2039985552
2017-07-29,98690.2039985552
2017-07-30,98690.2039985552
2017-07-31,98690.2039985552
2017-08-01,98690.2039985552
2017-08-02,98690.2039985552
2017-08-03,98690.2039985552
2017-08-04,98582.11177549868
2017-08-05,98445.27344230677
2017-08-06,98445.27344230677
2017-08-07,98445.27344230677
2017-08-08,98445.27344230677
2017-08-09,98445.27344230677
2017-08-10,98445.27344230677
2017-08-11,98445.27344230677
2017-08-12,98445.27344230677
2017-08-13,98445.27344230677
2017-08-14,98445.27344230677
2017-08-15,98445.27344230677
2017-08-16,98166.99266507482
2017-08-17,98166.99266507482
2017-08-18,98166.99266507482
2017-08-19,98166.99266507482
2017-08-20,98166.99266507482
2017-08-21,98166.99266507482
2017-08-22,98166.99266507482
2017-08-23,98166.99266507482
2017-08-24,98166.99266507482
2017-08-25,98166.99266507482
2017-08-26,98166.99266507482
2017-08-27,98166.99266507482
2017-08-28,98166.99266507482
2017-08-29,98362.98848251303
2017-08-30,98555.86118396587
2017-08-31,98555.86118396587
2017-09-01,98757.6037842416
2017-09-02,98757.6037842416
2017-09-03,98757.6037842416
2017-09-04,98757.6037842416
2017-09-05,98757.6037842416
2017-09-06,98757.6037842416
2017-09-07,98757.6037842416
2017-09-08,98757.6037842416
2017-09-09,98757.6037842416
2017-09-10,98757.6037842416
2017-09-11,98757.6037842416
2017-09-12,98638.98941699423
2017-09-13,98638.98941699423
2017-09-14,98638.98941699423
2017-09-15,98529.45891347794
2017-09-16,98529.45891347794
2017-09-17,98529.45891347794
2017-09-18,98529.45891347794
2017-09-19,98529.45891347794
2017-09-20,98529.45891347794
2017-09-21,98529.45891347794
2017-09-22,98529.45891347794
2017-09-23,98529.45891347794
2017-09-24,98529.45891347794
2017-09-25,98529.45891347794
2017-09-26,98529.45891347794
2017-09-27,98529.45891347794
2017-09-28,98529.45891347794
2017-09-29,98529.45891347794
2017-09-30,98529.45891347794
2017-10-01,98529.45891347794
2017-10-02,98529.45891347794
2017-10-03,98529.45891347794
2017-10-04,98529.45891347794
2017-10-05,98529.45891347794
2017-10-06,98529.45891347794
2017-10-07,98529.45891347794
2017-10-08,98529.45891347794
2017-10-09,98529.45891347794
2017-10-10,98529.45891347794
2017-10-11,98529.45891347794
2017-10-12,98529.45891347794
2017-10-13,98529.45891347794
2017-10-14,98422.22200166738
2017-10-15,98422.22200166738
2017-10-16,98422.22200166738
2017-10-17,98422.22200166738
2017-10-18,98286.63846990156
2017-10-19,98286.63846990156
2017-10-20,98286.63846990156
2017-10-21,98507.63030652255
2017-10-22,98507.63030652255
2017-10-23,98507.63030652255
2017-10-24,98507.63030652255
2017-10-25,98507.63030652255
2017-10-26,98507.63030652255
2017-10-27,98507.63030652255
2017-10-28,98507.63030652255
2017-10-29,98507.63030652255
2017-10-30,98507.63030652255
2017-10-31,98507.63030652255
2017-11-01,98507.63030652255
2017-11-02,98507.63030652255
2017-11-03,98507.63030652255
2017-11-04,98507.63030652255
2017-11-05,98507.63030652255
2017-11-06,98705.49508388115
2017-11-07,98705.49508388115
2017-11-08,98705.49508388115
2017-11-09,98705.49508388115
2017-11-10,98705.49508388115
2017-11-11,98705.49508388115
2017-11-12,98705.49508388115
2017-11-13,98705.49508388115
2017-11-14,98705.49508388115
2017-11-15,98705.49508388115
2017-11-16,98705.49508388115
2017-11-17,98705.49508388115
2017-11-18,98705.49508388115
2017-11-19,98705.49508388115
2017-11-20,98705.49508388115
2017-11-21,98705.49508388115
2017-11-22,98705.49508388115
2017-11-23,98896.75974898675
2017-11-24,98896.75974898675
2017-11-25,98896.75974898675
2017-11-26,98896.75974898675
2017-11-27,98896.75974898675
2017-11-28,98896.75974898675
2017-11-29,98896.75974898675
2017-11-30,98896.75974898675
2017-12-01,98896.75974898675
2017-12-02,98896.75974898675
2017-12-03,98896.75974898675
2017-12-04,98896.75974898675
2017-12-05,98896.75974898675
2017-12-06,98896.75974898675
2017-12-07,98896.75974898675
2017-12-08,98896.75974898675
2017-12-09,98896.75974898675
2017-12-10,98896.75974898675
2017-12-11,98896.75974898675
2017-12-12,98896.75974898675
2017-12-13,98896.75974898675
2017-12-14,98896.75974898675
2017-12-15,98791.99025549483
2017-12-16,98791.99025549483
2017-12-17,98791.99025549483
2017-12-18,98791.99025549483
2017-12-19,98791.99025549483
2017-12-20,98791.99025549483
2017-12-21,98791.99025549483
2017-12-22,98791.99025549483
2017-12-23,98791.99025549483
2017-12-24,98791.99025549483
2017-12-25,98791.99025549483
2017-12-26,98791.99025549483
2017-12-27,98791.99025549483
2017-12-28,98791.99025549483
2017-12-29,98791.99025549483
2017-12-30,98791.99025549483
2017-12-31,98791.99025549483
2018-01-01,98791.99025549483
2018-01-02,98791.99025549483
2018-01-03,98791.99025549483
2018-01-04,98791.99025549483
2018-01-05,99046.0862137403
2018-01-06,99046.0862137403
2018-01-07,99046.0862137403
2018-01-08,99046.0862137403
2018-01-09,99046.0862137403
2018-01-10,98890.00219805281
2018-01-11,99088.02887997082
2018-01-12,99088.02887997082
2018-01-13,99088.02887997082
2018-01-14,99088.02887997082
2018-01-15,99088.02887997082
2018-01-16,99088.02887997082
2018-01-17,99088.02887997082
2018-01-18,98839.29996179184
2018-01-19,98839.29996179184
2018-01-20,98839.29996179184
2018-01-21,98839.29996179184
2018-01-22,98839.29996179184
2018-01-23,98839.29996179184
2018-01-24,98839.29996179184
2018-01-25,98839.29996179184
2018-01-26,98839.29996179184
2018-01-27,98839.29996179184
2018-01-28,98839.29996179184
2018-01-29,98839.29996179184
2018-01-30,98839.29996179184
2018-01-31,98839.29996179184
2018-02-01,98839.29996179184
2018-02-02,98839.29996179184
2018-02-03,98839.29996179184
2018-02-04,98839.29996179184
2018-02-05,98839.29996179184
2018-02-06,98839.29996179184
2018-02-07,98839.29996179184
2018-02-08,98699.83566557264
2018-02-09,98699.83566557264
2018-02-10,98699.83566557264
2018-02-11,98699.83566557264
2018-02-12,98699.83566557264
2018-02-13,98699.83566557264
2018-02-14,98598.69733267697
2018-02-15,98598.69733267697
2018-02-16,98598.69733267697
2018-02-17,98598.69733267697
2018-02-18,98598.69733267697
2018-02-19,98598.69733267697
2018-02-20,98598.69733267697
2018-02-21,98478.29104324583
2018-02-22,98478.29104324583
2018-02-23,98478.29104324583
2018-02-24,98478.29104324583
2018-02-25,98478.29104324583
2018-02-26,98478.29104324583
2018-02-27,98478.29104324583
2018-02-28,98478.29104324583
2018-03-01,98478.29104324583
2018-03-02,98478.29104324583
2018-03-03,98478.29104324583
2018-03-04,98478.29104324583
2018-03-05,98478.29104324583
2018-03-06,98478.29104324583
2018-03-07,98478.29104324583
2018-03-08,98478.29104324583
2018-03-09,98478.29104324583
2018-03-10,98478.29104324583
2018-03-11,98478.29104324583
2018-03-12,98478.29104324583
2018-03-13,98478.29104324583
2018-03-14,98478.29104324583
2018-03-15,98478.29104324583
2018-03-16,98478.29104324583
2018-03-17,98478.29104324583
2018-03-18,98478.29104324583
2018-03-19,98478.29104324583
2018-03-20,98478.29104324583
2018-03-21,98478.29104324583
2018-03-22,98478.29104324583
2018-03-23,98478.29104324583
2018-03-24,98478.29104324583
2018-03-25,98478.29104324583
2018-03-26,98478.29104324583
2018-03-27,98478.29104324583
2018-03-28,98478.29104324583
2018-03-29,98225.55991082096
2018-03-30,98225.55991082096
2018-03-31,98225.55991082096
2018-04-01,98225.55991082096
2018-04-02,98225.55991082096
2018-04-03,98225.55991082096
2018-04-04,98225.55991082096
2018-04-05,98225.55991082096
2018-04-06,98225.55991082096
2018-04-07,98225.55991082096
2018-04-08,98225.55991082096
2018-04-09,98225.55991082096
2018-04-10,98225.55991082096
2018-04-11,98225.55991082096
2018-04-12,98225.55991082096
2018-04-13,98225.55991082096
2018-04-14,98225.55991082096
2018-04-15,98225.55991082096
2018-04-16,98225.55991082096
2018-04-17,98225.55991082096
2018-04-18,98225.55991082096
2018-04-19,98225.55991082096
2018-04-20,98225.55991082096
2018-04-21,98107.48587365207
2018-04-22,98107.48587365207
2018-04-23,98107.48587365207
2018-04-24,97975.7423239304
2018-04-25,97975.7423239304
2018-04-26,97975.7423239304
2018-04-27,97975.7423239304
2018-04-28,97975.7423239304
2018-04-29,97975.7423239304
2018-04-30,97975.7423239304
2018-05-01,97975.7423239304
2018-05-02,97975.7423239304
2018-05-03,97975.7423239304
2018-05-04,97975.7423239304
2018-05-05,97975.7423239304
2018-05-06,97975.7423239304
2018-05-07,97975.7423239304
2018-05-08,97975.7423239304
2018-05-09,97975.7423239304
2018-05-10,97975.7423239304
2018-05-11,97975.7423239304
2018-05-12,97975.7423239304
2018-05-13,97975.7423239304
2018-05-14,97975.7423239304
2018-05-15,97975.7423239304
2018-05-16,97975.7423239304
2018-05-17,97975.7423239304
2018-05-18,97975.7423239304
2018-05-19,97975.7423239304
2018-05-20,97975.7423239304
2018-05-21,97975.7423239304
2018-05-22,97975.7423239304
2018-05-23,97975.7423239304
2018-05-24,97875.9448164073
2018-05-25,97875.9448164073
2018-05-26,97875.9448164073
2018-05-27,97875.9448164073
2018-05-28,97875.9448164073
2018-05-29,97875.9448164073
2018-05-30,97747.76396041208
2018-05-31,97747.76396041208
2018-06-01,97747.76396041208
2018-06-02,97747.76396041208
2018-06-03,97747.76396041208
2018-06-04,97747.76396041208
2018-06-05,97747.76396041208
2018-06-06,97747.76396041208
2018-06-07,97747.76396041208
2018-06-08,97747.76396041208
2018-06-09,97747.76396041208
2018-06-10,97747.76396041208
2018-06-11,97747.76396041208
2018-06-12,97747.76396041208
2018-06-13,97747.76396041208
2018-06-14,97747.76396041208
2018-06-15,97747.76396041208
2018-06-16,97747.76396041208
2018-06-17,97747.76396041208
2018-06-18,97747.76396041208
2018-06-19,97747.76396041208
2018-06-20,97623.61600777607
2018-06-21,97623.61600777607
2018-06-22,97623.61600777607
2018-06-23,97623.61600777607
2018-06-24,97623.61600777607
2018-06-25,97623.61600777607
2018-06-26,97623.61600777607
2018-06-27,97623.61600777607
2018-06-28,97623.61600777607
2018-06-29,97623.61600777607
2018-06-30,97623.61600777607
2018-07-01,97623.61600777607
2018-07-02,97623.61600777607
2018-07-03,97623.61600777607
2018-07-04,97623.61600777607
2018-07-05,97623.61600777607
2018-07-06,97623.61600777607
2018-07-07,97623.61600777607
2018-07-08,97623.61600777607
2018-07-09,97623.61600777607
2018-07-10,97823.36979223958
2018-07-11,97699.06886937571
2018-07-12,97699.06886937571
2018-07-13,97699.06886937571
2018-07-14,97699.06886937571
2018-07-15,97699.06886937571
2018-07-16,97699.06886937571
2018-07-17,97699.06886937571
2018-07-18,97699.06886937571
2018-07-19,97699.06886937571
2018-07-20,97699.06886937571
2018-07-21,97699.06886937571
2018-07-22,97699.06886937571
2018-07-23,97699.06886937571
2018-07-24,97699.06886937571
2018-07-25,97699.06886937571
2018-07-26,97699.06886937571
2018-07-27,97488.81246160717
2018-07-28,97488.81246160717
2018-07-29,97488.81246160717
2018-07-30,97488.81246160717
2018-07-31,97488.81246160717
2018-08-01,97488.81246160717
2018-08-02,97488.81246160717
2018-08-03,97488.81246160717
2018-08-04,97488.81246160717
2018-08-05,97488.81246160717
2018-08-06,97488.81246160717
2018-08-07,97488.81246160717
2018-08-08,97488.81246160717
2018-08-09,97488.81246160717
2018-08-10,97488.81246160717
2018-08-11,97488.81246160717
2018-08-12,97488.81246160717
2018-08-13,97488.81246160717
2018-08-14,97488.81246160717
2018-08-15,97488.81246160717
2018-08-16,97488.81246160717
2018-08-17,97488.81246160717
2018-08-18,97488.81246160717
2018-08-19,97488.81246160717
2018-08-20,97488.81246160717
2018-08-21,97488.81246160717
2018-08-22,97488.81246160717
2018-08-23,97488.81246160717
2018-08-24,97488.81246160717
2018-08-25,97488.81246160717
2018-08-26,97488.81246160717
2018-08-27,97488.81246160717
2018-08-28,97488.81246160717
2018-08-29,97488.81246160717
2018-08-30,97488.81246160717
2018-08-31,97488.81246160717
2018-09-01,97488.81246160717
2018-09-02,97488.81246160717
2018-09-03,97377.91511554316
2018-09-04,97377.91511554316
2018-09-05,97377.91511554316
2018-09-06,97377.91511554316
2018-09-07,97377.91511554316
2018-09-08,97377.91511554316
2018-09-09,97377.91511554316
2018-09-10,97377.91511554316
2018-09-11,97377.91511554316
2018-09-12,97377.91511554316
2018-09-13,97377.91511554316
2018-09-14,97377.91511554316
2018-09-15,97377.91511554316
2018-09-16,97377.91511554316
2018-09-17,97377.91511554316
2018-09-18,97377.91511554316
2018-09-19,97377.91511554316
2018-09-20,97377.91511554316
2018-09-21,97377.91511554316
2018-09-22,97377.91511554316
2018-09-23,97377.91511554316
2018-09-24,97377.91511554316
2018-09-25,97377.91511554316
2018-09-26,97377.91511554316
2018-09-27,97377.91511554316
2018-09-28,97377.91511554316
2018-09-29,97377.91511554316
2018-09-30,97377.91511554316
2018-10-01,97377.91511554316
2018-10-02,97377.91511554316
2018-10-03,97533.48722796762
2018-10-04,97533.48722796762
2018-10-05,97381.94167635583
2018-10-06,97381.94167635583
2018-10-07,97381.94167635583
2018-10-08,97381.94167635583
2018-10-09,97266.66349333659
2018-10-10,97266.66349333659
2018-10-11,97156.86217592732
2018-10-12,97156.86217592732
2018-10-13,97156.86217592732
2018-10-14,97156.86217592732
2018-10-15,97156.86217592732
2018-10-16,97156.86217592732
2018-10-17,97156.86217592732
2018-10-18,97156.86217592732
2018-10-19,97156.86217592732
2018-10-20,97156.86217592732
2018-10-21,97156.86217592732
2018-10-22,97156.86217592732
2018-10-23,97156.86217592732
2018-10-24,97337.9486159465
2018-10-25,97337.9486159465
2018-10-26,97337.9486159465
2018-10-27,97337.9486159465
2018-10-28,97337.9486159465
2018-10-29,97337.9486159465
2018-10-30,97337.9486159465
2018-10-31,97337.9486159465
2018-11-01,97337.9486159465
2018-11-02,97337.9486159465
2018-11-03,97337.9486159465
2018-11-04,97337.9486159465
2018-11-05,97337.9486159465
2018-11-06,97337.9486159465
2018-11-07,97337.9486159465
2018-11-08,97337.9486159465
2018-11-09,97337.9486159465
2018-11-10,97337.9486159465
2018-11-11,97337.9486159465
2018-11-12,97337.9486159465
2018-11-13,97337.9486159465
2018-11-14,97337.9486159465
2018-11-15,97337.9486159465
2018-11-16,97337.9486159465
2018-11-17,97337.9486159465
2018-11-18,97337.9486159465
2018-11-19,97337.9486159465
2018-11-20,97337.9486159465
2018-11-21,97337.9486159465
2018-11-22,97337.9486159465
2018-11-23,97337.9486159465
2018-11-24,97337.9486159465
2018-11-25,97337.9486159465
2018-11-26,97337.9486159465
2018-11-27,97337.9486159465
2018-11-28,97126.33727264835
2018-11-29,97126.33727264835
2018-11-30,97126.33727264835
2018-12-01,97126.33727264835
2018-12-02,97126.33727264835
2018-12-03,97126.33727264835
2018-12-04,97126.33727264835
2018-12-05,97126.33727264835
2018-12-06,97126.33727264835
2018-12-07,97126.33727264835
2018-12-08,97126.33727264835
2018-12-09,97126.33727264835
2018-12-10,97126.33727264835
2018-12-11,97126.33727264835
2018-12-12,97323.95461379472
2018-12-13,97323.95461379472
2018-12-14,97323.95461379472
2018-12-15,97073.25454115741
2018-12-16,97073.25454115741
2018-12-17,97073.25454115741
2018-12-18,97073.25454115741
2018-12-19,97073.25454115741
2018-12-20,97073.25454115741
2018-12-21,97073.25454115741
2018-12-22,97073.25454115741
2018-12-23,97073.25454115741
2018-12-24,97073.25454115741
2018-12-25,97073.25454115741
2018-12-26,97073.25454115741
2018-12-27,97073.25454115741
2018-12-28,97073.25454115741
2018-12-29,97073.25454115741
2018-12-30,97073.25454115741
2018-12-31,97073.25454115741
2019-01-01,97073.25454115741
2019-01-02,97073.25454115741
2019-01-03,97073.25454115741
2019-01-04,97073.25454115741
2019-01-05,97073.25454115741
2019-01-06,97073.25454115741
2019-01-07,97073.25454115741
2019-01-08,97073.25454115741
2019-01-09,96944.206435946
2019-01-10,96944.206435946
2019-01-11,96944.206435946
2019-01-12,96944.206435946
2019-01-13,96944.206435946
2019-01-14,96944.206435946
2019-01-15,96944.206435946
2019-01-16,96944.206435946
2019-01-17,96944.206435946
2019-01-18,96831.1518374424
2019-01-19,96831.1518374424
2019-01-20,96831.1518374424
2019-01-21,96831.1518374424
2019-01-22,96831.1518374424
2019-01-23,96831.1518374424
2019-01-24,96831.1518374424
2019-01-25,96831.1518374424
2019-01-26,97021.276274095
2019-01-27,97021.276274095
2019-01-28,97021.276274095
2019-01-29,97021.276274095
2019-01-30,97021.276274095
2019-01-31,97021.276274095
2019-02-01,97021.276274095
2019-02-02,97021.276274095
2019-02-03,97021.276274095
2019-02-04,97021.276274095
2019-02-05,96906.34884178273
2019-02-06,96906.34884178273
2019-02-07,96790.46784661975
2019-02-08,96790.46784661975
2019-02-09,96790.46784661975
2019-02-10,96790.46784661975
2019-02-11,96790.46784661975
2019-02-12,96790.46784661975
2019-02-13,96790.46784661975
2019-02-14,96790.46784661975
2019-02-15,96790.46784661975
2019-02-16,96790.46784661975
2019-02-17,96790.46784661975
2019-02-18,96790.46784661975
2019-02-19,96790.46784661975
2019-02-20,96790.46784661975
2019-02-21,96790.46784661975
2019-02-22,96513.43997056062
2019-02-23,96513.43997056062
2019-02-24,96513.43997056062
2019-02-25,96513.43997056062
2019-02-26,96513.43997056062
2019-02-27,96513.43997056062
2019-02-28,96274.75169689479
2019-03-01,96274.75169689479
2019-03-02,96274.75169689479
2019-03-03,96274.75169689479
2019-03-04,96274.75169689479
2019-03-05,96274.75169689479
2019-03-06,96274.75169689479
2019-03-07,96274.75169689479
2019-03-08,96274.75169689479
2019-03-09,96274.75169689479
2019-03-10,96274.75169689479
2019-03-11,96274.75169689479
2019-03-12,96274.75169689479
2019-03-13,96274.75169689479
2019-03-14,96274.75169689479
2019-03-15,96274.75169689479
2019-03-16,96274.75169689479
2019-03-17,96274.75169689479
2019-03-18,96274.75169689479
2019-03-19,96274.75169689479
2019-03-20,96274.75169689479
2019-03-21,96378.40219622523
2019-03-22,96378.40219622523
2019-03-23,96378.40219622523
2019-03-24,96378.40219622523
2019-03-25,96378.40219622523
2019-03-26,96378.40219622523
2019-03-27,96378.40219622523
2019-03-28,96146.75000050127
2019-03-29,96146.75000050127
2019-03-30,96146.75000050127
2019-03-31,96146.75000050127
2019-04-01,96146.75000050127
2019-04-02,96146.75000050127
2019-04-03,96146.75000050127
2019-04-04,96146.75000050127
2019-04-05,96146.75000050127
2019-04-06,96146.75000050127
2019-04-07,96146.75000050127
2019-04-08,96146.75000050127
2019-04-09,96146.75000050127
2019-04-10,96146.75000050127
2019-04-11,96146.75000050127
2019-04-12,96146.75000050127
2019-04-13,96348.70247126509
2019-04-14,96348.70247126509
2019-04-15,96348.70247126509
2019-04-16,96348.70247126509
2019-04-17,96348.70247126509
2019-04-18,96348.70247126509
2019-04-19,96348.70247126509
2019-04-20,96348.70247126509
2019-04-21,96348.70247126509
2019-04-22,96348.70247126509
2019-04-23,96348.70247126509
2019-04-24,96348.70247126509
2019-04-25,96348.70247126509
2019-04-26,96348.70247126509
2019-04-27,96348.70247126509
2019-04-28,96348.70247126509
2019-04-29,96348.70247126509
2019-04-30,96348.70247126509
2019-05-01,96348.70247126509
2019-05-02,96204.89885440377
2019-05-03,96204.89885440377
2019-05-04,96204.89885440377
2019-05-05,96204.89885440377
2019-05-06,96204.89885440377
2019-05-07,96204.89885440377
2019-05-08,96204.89885440377
2019-05-09,96204.89885440377
2019-05-10,96204.89885440377
2019-05-11,96204.89885440377
2019-05-12,96204.89885440377
2019-05-13,96204.89885440377
2019-05-14,96204.89885440377
2019-05-15,96204.89885440377
2019-05-16,96204.89885440377
2019-05-17,96204.89885440377
2019-05-18,96204.89885440377
2019-05-19,96204.89885440377
2019-05-20,96204.89885440377
2019-05-21,96204.89885440377
2019-05-22,96204.89885440377
2019-05-23,96204.89885440377
2019-05-24,96204.89885440377
2019-05-25,96204.89885440377
2019-05-26,96204.89885440377
2019-05-27,96204.89885440377
2019-05-28,96204.89885440377
2019-05-29,96204.89885440377
2019-05-30,96204.89885440377
2019-05-31,96204.89885440377
2019-06-01,96204.89885440377
2019-06-02,96204.89885440377
2019-06-03,96204.89885440377
2019-06-04,96204.89885440377
2019-06-05,96204.89885440377
2019-06-06,96204.89885440377
2019-06-07,96204.89885440377
2019-06-08,96204.89885440377
2019-06-09,96204.89885440377
2019-06-10,96204.89885440377
2019-06-11,96096.50979337508
2019-06-12,95976.51266593132
2019-06-13,95976.51266593132
2019-06-14,95976.51266593132
2019-06-15,95976.51266593132
2019-06-16,95976.51266593132
2019-06-17,95976.51266593132
2019-06-18,95976.51266593132
2019-06-19,96166.92280699499
2019-06-20,96355.00112194975
2019-06-21,96355.00112194975
2019-06-22,96355.00112194975
2019-06-23,96355.00112194975
2019-06-24,96355.00112194975
2019-06-25,96355.00112194975
2019-06-26,96355.00112194975
2019-06-27,96355.00112194975
2019-06-28,96355.00112194975
2019-06-29,96355.00112194975
2019-06-30,96355.00112194975
2019-07-01,96243.94288806357
2019-07-02,96142.38659749684
2019-07-03,96142.38659749684
2019-07-04,96142.38659749684
2019-07-05,96142.38659749684
2019-07-06,96142.38659749684
2019-07-07,96142.38659749684
2019-07-08,96142.38659749684
2019-07-09,96142.38659749684
2019-07-10,96142.38659749684
2019-07-11,96142.38659749684
2019-07-12,96142.38659749684
2019-07-13,96142.38659749684
2019-07-14,96142.38659749684
2019-07-15,96142.38659749684
2019-07-16,96142.38659749684
2019-07-17,96142.38659749684
2019-07-18,96142.38659749684
2019-07-19,96142.38659749684
2019-07-20,96142.38659749684
2019-07-21,96142.38659749684
2019-07-22,96142.38659749684
2019-07-23,96142.38659749684
2019-07-24,96142.38659749684
2019-07-25,96142.38659749684
2019-07-26,96142.38659749684
2019-07-27,96142.38659749684
2019-07-28,96142.38659749684
2019-07-29,96142.38659749684
2019-07-30,96142.38659749684
2019-07-31,96142.38659749684
2019-08-01,96025.94386089031
2019-08-02,96025.94386089031
2019-08-03,96025.94386089031
2019-08-04,96025.94386089031
2019-08-05,96025.94386089031
2019-08-06,96025.94386089031
2019-08-07,96025.94386089031
2019-08-08,96025.94386089031
2019-08-09,96025.94386089031
2019-08-10,96025.94386089031
2019-08-11,96025.94386089031
2019-08-12,96025.94386089031
2019-08-13,96025.94386089031
2019-08-14,96233.03652517578
2019-08-15,96233.03652517578
2019-08-16,96233.03652517578
2019-08-17,96233.03652517578
2019-08-18,96233.03652517578
2019-08-19,96233.03652517578
2019-08-20,96233.03652517578
2019-08-21,96233.03652517578
2019-08-22,96233.03652517578
2019-08-23,96233.03652517578
2019-08-24,96233.03652517578
2019-08-25,96233.03652517578
2019-08-26,96657.7983279856
2019-08-27,96657.7983279856
2019-08-28,96657.7983279856
2019-08-29,96657.7983279856
2019-08-30,96657.7983279856
2019-08-31,96657.7983279856
2019-09-01,96657.7983279856
2019-09-02,96657.7983279856
2019-09-03,96657.7983279856
2019-09-04,96865.05446194978
2019-09-05,97083.08307129404
2019-09-06,97083.08307129404
2019-09-07,96958.79365519276
2019-09-08,96958.79365519276
2019-09-09,96958.79365519276
2019-09-10,96958.79365519276
2019-09-11,96958.79365519276
2019-09-12,96958.79365519276
2019-09-13,96958.79365519276
2019-09-14,96958.79365519276
2019-09-15,96958.79365519276
2019-09-16,96958.79365519276
2019-09-17,96958.79365519276
2019-09-18,96958.79365519276
2019-09-19,96958.79365519276
2019-09-20,96958.79365519276
2019-09-21,96958.79365519276
2019-09-22,96958.79365519276
2019-09-23,96958.79365519276
2019-09-24,96958.79365519276
2019-09-25,96806.58601344157
2019-09-26,96806.58601344157
2019-09-27,96806.58601344157
2019-09-28,96806.58601344157
2019-09-29,96806.58601344157
2019-09-30,96806.58601344157
2019-10-01,96806.58601344157
2019-10-02,96696.43836976966
2019-10-03,96696.43836976966
2019-10-04,96696.43836976966
2019-10-05,96696.43836976966
2019-10-06,96696.43836976966
2019-10-07,96696.43836976966
2019-10-08,96696.43836976966
2019-10-09,96696.43836976966
2019-10-10,96696.43836976966
2019-10-11,96696.43836976966
2019-10-12,96533.53797350438
2019-10-13,96533.53797350438
2019-10-14,96533.53797350438
2019-10-15,96533.53797350438
2019-10-16,96533.53797350438
2019-10-17,96533.53797350438
2019-10-18,96533.53797350438
2019-10-19,96533.53797350438
2019-10-20,96533.53797350438
2019-10-21,96533.53797350438
2019-10-22,96533.53797350438
2019-10-23,96533.53797350438
2019-10-24,96533.53797350438
2019-10-25,96533.53797350438
2019-10-26,96533.53797350438
2019-10-27,96533.53797350438
2019-10-28,96533.53797350438
2019-10-29,96533.53797350438
2019-10-30,96429.65394781933
2019-10-31,96429.65394781933
2019-11-01,96429.65394781933
2019-11-02,96429.65394781933
2019-11-03,96429.65394781933
2019-11-04,96429.65394781933
2019-11-05,96429.65394781933
2019-11-06,96429.65394781933
2019-11-07,96429.65394781933
2019-11-08,96429.65394781933
2019-11-09,96429.65394781933
2019-11-10,96429.65394781933
2019-11-11,96429.65394781933
2019-11-12,96429.65394781933
2019-11-13,96429.65394781933
2019-11-14,96429.65394781933
2019-11-15,96429.65394781933
2019-11-16,96429.65394781933
2019-11-17,96429.65394781933
2019-11-18,96429.65394781933
2019-11-19,96621.87602854625
2019-11-20,96621.87602854625
2019-11-21,96621.87602854625
2019-11-22,96621.87602854625
2019-11-23,96621.87602854625
2019-11-24,96621.87602854625
2019-11-25,96621.87602854625
2019-11-26,96621.87602854625
2019-11-27,96621.87602854625
2019-11-28,96621.87602854625
2019-11-29,96621.87602854625
2019-11-30,96621.87602854625
2019-12-01,96621.87602854625
2019-12-02,96621.87602854625
2019-12-03,96621.87602854625
2019-12-04,96621.87602854625
2019-12-05,96621.87602854625
2019-12-06,96621.87602854625
2019-12-07,96621.87602854625
2019-12-08,96621.87602854625
2019-12-09,96621.87602854625
2019-12-10,96621.87602854625
2019-12-11,96855.23273624145
2019-12-12,96855.23273624145
2019-12-13,96855.23273624145
2019-12-14,96855.23273624145
2019-12-15,96855.23273624145
2019-12-16,96855.23273624145
2019-12-17,96855.23273624145
2019-12-18,96855.23273624145
2019-12-19,96855.23273624145
2019-12-20,96855.23273624145
2019-12-21,97043.12600418778
2019-12-22,97043.12600418778
2019-12-23,97043.12600418778
2019-12-24,97223.89882606905
2019-12-25,97223.89882606905
2019-12-26,97223.89882606905
2019-12-27,97223.89882606905
2019-12-28,97223.89882606905
2019-12-29,97223.89882606905
2019-12-30,97223.89882606905
2019-12-31,97223.89882606905
2020-01-01,97223.89882606905
2020-01-02,97223.89882606905
2020-01-03,97223.89882606905
2020-01-04,97455.6070802812
2020-01-05,97455.6070802812
2020-01-06,97455.6070802812
2020-01-07,97455.6070802812
2020-01-08,97741.74284240631
2020-01-09,97741.74284240631
2020-01-10,97714.18494176074
2020-01-11,97714.18494176074
2020-01-12,97714.18494176074
2020-01-13,97714.18494176074
2020-01-14,97714.18494176074
2020-01-15,97714.18494176074
2020-01-16,97714.18494176074
2020-01-17,97714.18494176074
2020-01-18,97714.18494176074
2020-01-19,97714.18494176074
2020-01-20,97714.18494176074
2020-01-21,97714.18494176074
2020-01-22,97714.18494176074
2020-01-23,97714.18494176074
2020-01-24,97610.38585466596
2020-01-25,97682.39876740928
2020-01-26,97682.39876740928
2020-01-27,97466.37174522958
2020-01-28,97466.37174522958
2020-01-29,97466.37174522958
2020-01-30,97466.37174522958
2020-01-31,97466.37174522958
2020-02-01,97671.55955795232
2020-02-02,97671.55955795232
2020-02-03,97671.55955795232
2020-02-04,97671.55955795232
2020-02-05,97671.55955795232
2020-02-06,97671.55955795232
2020-02-07,97671.55955795232
2020-02-08,97671.55955795232
2020-02-09,97671.55955795232
2020-02-10,97671.55955795232
2020-02-11,97671.55955795232
2020-02-12,97671.55955795232
2020-02-13,97671.55955795232
2020-02-14,97671.55955795232
2020-02-15,97671.55955795232
2020-02-16,97671.55955795232
2020-02-17,97671.55955795232
2020-02-18,97671.55955795232
2020-02-19,97671.55955795232
2020-02-20,97671.55955795232
2020-02-21,97671.55955795232
2020-02-22,97671.55955795232
2020-02-23,97671.55955795232
2020-02-24,97671.55955795232
2020-02-25,97671.55955795232
2020-02-26,97556.77116078418
2020-02-27,97556.77116078418
2020-02-28,97400.45165435398
2020-02-29,97280.10221131639
2020-03-01,97280.10221131639
2020-03-02,97280.10221131639
2020-03-03,97280.10221131639
2020-03-04,97280.10221131639
2020-03-05,97280.10221131639
2020-03-06,97280.10221131639
2020-03-07,97280.10221131639
2020-03-08,97280.10221131639
2020-03-09,97280.10221131639
2020-03-10,97280.10221131639
2020-03-11,97280.10221131639
2020-03-12,97280.10221131639
2020-03-13,97280.10221131639
2020-03-14,97280.10221131639
2020-03-15,97280.10221131639
2020-03-16,97280.10221131639
2020-03-17,97280.10221131639
2020-03-18,97280.10221131639
2020-03-19,97280.10221131639
2020-03-20,97280.10221131639
2020-03-21,97280.10221131639
2020-03-22,97280.10221131639
2020-03-23,97280.10221131639
2020-03-24,97280.10221131639
2020-03-25,97280.10221131639
2020-03-26,97280.10221131639
2020-03-27,97280.10221131639
2020-03-28,97280.10221131639
2020-03-29,97280.10221131639
2020-03-30,97179.14556810644
2020-03-31,97179.14556810644
2020-04-01,97075.50004669224
2020-04-02,97075.50004669224
2020-04-03,97075.50004669224
2020-04-04,97075.50004669224
2020-04-05,97075.50004669224
2020-04-06,97075.50004669224
2020-04-07,97271.88238550969
2020-04-08,97271.88238550969
2020-04-09,97271.88238550969
2020-04-10,97271.88238550969
2020-04-11,97271.88238550969
2020-04-12,97271.88238550969
2020-04-13,97271.88238550969
2020-04-14,97271.88238550969
2020-04-15,97271.88238550969
2020-04-16,97271.88238550969
2020-04-17,97271.88238550969
2020-04-18,97168.38472118073
2020-04-19,97168.38472118073
2020-04-20,97168.38472118073
2020-04-21,97168.38472118073
2020-04-22,97168.38472118073
2020-04-23,97168.38472118073
2020-04-24,97168.38472118073
2020-04-25,97168.38472118073
2020-04-26,97168.38472118073
2020-04-27,97168.38472118073
2020-04-28,97168.38472118073
2020-04-29,97168.38472118073
2020-04-30,97168.38472118073
2020-05-01,97168.38472118073
2020-05-02,97168.38472118073
2020-05-03,97168.38472118073
2020-05-04,97168.38472118073
2020-05-05,97168.38472118073
2020-05-06,97168.38472118073
2020-05-07,97168.38472118073
2020-05-08,97168.38472118073
2020-05-09,97168.38472118073
2020-05-10,97168.38472118073
2020-05-11,97168.38472118073
2020-05-12,97168.38472118073
2020-05-13,97168.38472118073
2020-05-14,97168.38472118073
2020-05-15,97168.38472118073
2020-05-16,97168.38472118073
2020-05-17,97168.38472118073
2020-05-18,97168.38472118073
2020-05-19,97168.38472118073
2020-05-20,97168.38472118073
2020-05-21,97168.38472118073
2020-05-22,96917.22961641659
2020-05-23,96810.74205622754
2020-05-24,96810.74205622754
2020-05-25,96810.74205622754
2020-05-26,96810.74205622754
2020-05-27,97001.37019004807
2020-05-28,97001.37019004807
2020-05-29,97001.37019004807
2020-05-30,97001.37019004807
2020-05-31,97001.37019004807
2020-06-01,97001.37019004807
2020-06-02,97001.37019004807
2020-06-03,97197.01383015823
2020-06-04,97070.98344329932
2020-06-05,97070.98344329932
2020-06-06,97070.98344329932
2020-06-07,97070.98344329932
2020-06-08,97070.98344329932
2020-06-09,97070.98344329932
2020-06-10,97070.98344329932
2020-06-11,96958.50477499873
2020-06-12,96958.50477499873
2020-06-13,96958.50477499873
2020-06-14,96958.50477499873
2020-06-15,96958.50477499873
2020-06-16,96826.33032068543
2020-06-17,96826.33032068543
2020-06-18,96826.33032068543
2020-06-19,96826.33032068543
2020-06-20,96826.33032068543
2020-06-21,96826.33032068543
2020-06-22,96826.33032068543
2020-06-23,96826.33032068543
2020-06-24,96826.33032068543
2020-06-25,96826.33032068543
2020-06-26,96826.33032068543
2020-06-27,96826.33032068543
2020-06-28,96826.33032068543
2020-06-29,96826.33032068543
2020-06-30,96826.33032068543
2020-07-01,97234.02272666171
2020-07-02,97428.28502723634
2020-07-03,97428.28502723634
2020-07-04,97428.28502723634
2020-07-05,97428.28502723634
2020-07-06,97428.28502723634
2020-07-07,97428.28502723634
2020-07-08,97617.76496472354
2020-07-09,97818.92551673636
2020-07-10,97818.92551673636
2020-07-11,97818.92551673636
2020-07-12,97818.92551673636
2020-07-13,97818.92551673636
2020-07-14,97818.92551673636
2020-07-15,97818.92551673636
2020-07-16,97818.92551673636
2020-07-17,97818.92551673636
2020-07-18,97818.92551673636
2020-07-19,97818.92551673636
2020-07-20,97818.92551673636
2020-07-21,98036.3235769986
2020-07-22,98440.1429459999
2020-07-23,98440.1429459999
2020-07-24,98440.1429459999
2020-07-25,98440.1429459999
2020-07-26,98440.1429459999
2020-07-27,98440.1429459999
2020-07-28,98440.1429459999
2020-07-29,98440.1429459999
2020-07-30,98440.1429459999
2020-07-31,98440.1429459999
2020-08-01,98440.1429459999
2020-08-02,98440.1429459999
2020-08-03,98440.1429459999
2020-08-04,98440.1429459999
2020-08-05,98896.3824883055
2020-08-06,98896.3824883055
2020-08-07,98896.3824883055
2020-08-08,98896.3824883055
2020-08-09,98896.3824883055
2020-08-10,98896.3824883055
2020-08-11,98896.3824883055
2020-08-12,98788.0216878412
2020-08-13,98788.0216878412
2020-08-14,98788.0216878412
2020-08-15,98788.0216878412
2020-08-16,98788.0216878412
2020-08-17,98788.0216878412
2020-08-18,98788.0216878412
2020-08-19,98788.0216878412
2020-08-20,98788.0216878412
2020-08-21,98788.0216878412
2020-08-22,98788.0216878412
2020-08-23,98788.0216878412
2020-08-24,98788.0216878412
2020-08-25,98788.0216878412
2020-08-26,98788.0216878412
2020-08-27,98788.0216878412
2020-08-28,99054.50558152008
2020-08-29,99054.50558152008
2020-08-30,99054.50558152008
2020-08-31,99054.50558152008
2020-09-01,99054.50558152008
2020-09-02,99054.50558152008
2020-09-03,98838.66370232536
2020-09-04,98838.66370232536
2020-09-05,98838.66370232536
2020-09-06,98838.66370232536
2020-09-07,98838.66370232536
2020-09-08,98838.66370232536
2020-09-09,98838.66370232536
2020-09-10,98838.66370232536
2020-09-11,98838.66370232536
2020-09-12,98838.66370232536
2020-09-13,98838.66370232536
2020-09-14,98838.66370232536
2020-09-15,98838.66370232536
2020-09-16,98838.66370232536
2020-09-17,98838.66370232536
2020-09-18,98838.66370232536
2020-09-19,98838.66370232536
2020-09-20,98838.66370232536
2020-09-21,98838.66370232536
2020-09-22,98838.66370232536
2020-09-23,98838.66370232536
2020-09-24,98838.66370232536
2020-09-25,98838.66370232536
2020-09-26,98838.66370232536
2020-09-27,98838.66370232536
2020-09-28,98838.66370232536
2020-09-29,98838.66370232536
2020-09-30,98838.66370232536
2020-10-01,98838.66370232536
2020-10-02,98838.66370232536
2020-10-03,98838.66370232536
2020-10-04,98838.66370232536
2020-10-05,98838.66370232536
2020-10-06,98838.66370232536
2020-10-07,98838.66370232536
2020-10-08,98838.66370232536
2020-10-09,98838.66370232536
2020-10-10,98838.66370232536
2020-10-11,98838.66370232536
2020-10-12,98838.66370232536
2020-10-13,98838.66370232536
2020-10-14,98623.9247105175
2020-10-15,98623.9247105175
2020-10-16,98623.9247105175
2020-10-17,98623.9247105175
2020-10-18,98623.9247105175
2020-10-19,98623.9247105175
2020-10-20,98623.9247105175
2020-10-21,98623.9247105175
2020-10-22,98623.9247105175
2020-10-23,98623.9247105175
2020-10-24,98623.9247105175
2020-10-25,98623.9247105175
2020-10-26,98623.9247105175
2020-10-27,98623.9247105175
2020-10-28,98623.9247105175
2020-10-29,98623.9247105175
2020-10-30,98623.9247105175
2020-10-31,98623.9247105175
2020-11-01,98623.9247105175
2020-11-02,98623.9247105175
2020-11-03,98623.9247105175
2020-11-04,98623.9247105175
2020-11-05,98623.9247105175
2020-11-06,98623.9247105175
2020-11-07,98623.9247105175
2020-11-08,98623.9247105175
2020-11-09,98623.9247105175
2020-11-10,98623.9247105175
2020-11-11,98623.9247105175
2020-11-12,98623.9247105175
2020-11-13,98623.9247105175
2020-11-14,98623.9247105175
2020-11-15,98623.9247105175
2020-11-16,98623.9247105175
2020-11-17,98623.9247105175
2020-11-18,98623.9247105175
2020-11-19,98623.9247105175
2020-11-20,98623.9247105175
2020-11-21,98623.9247105175
2020-11-22,98623.9247105175
2020-11-23,98623.9247105175
2020-11-24,98623.9247105175
2020-11-25,98623.9247105175
2020-11-26,98623.9247105175
2020-11-27,98623.9247105175
2020-11-28,98623.9247105175
2020-11-29,98623.9247105175
2020-11-30,98623.9247105175
2020-12-01,98623.9247105175
2020-12-02,98623.9247105175
2020-12-03,98623.9247105175
2020-12-04,98623.9247105175
2020-12-05,98623.9247105175
2020-12-06,98623.9247105175
2020-12-07,98623.9247105175
2020-12-08,98623.9247105175
2020-12-09,98623.9247105175
2020-12-10,98462.46694936563
2020-12-11,98462.46694936563
2020-12-12,98462.46694936563
2020-12-13,98462.46694936563
2020-12-14,98462.46694936563
2020-12-15,98462.46694936563
2020-12-16,98462.46694936563
2020-12-17,98462.46694936563
2020-12-18,98462.46694936563
2020-12-19,98462.46694936563
2020-12-20,98462.46694936563
2020-12-21,98462.46694936563
2020-12-22,98462.46694936563
2020-12-23,98351.62838668423
2020-12-24,98351.62838668423
2020-12-25,98351.62838668423
2020-12-26,98351.62838668423
2020-12-27,98351.62838668423
2020-12-28,98351.62838668423
2020-12-29,98351.62838668423
2020-12-30,98351.62838668423
2020-12-31,98351.62838668423
2021-01-01,98351.62838668423
2021-01-02,98351.62838668423
2021-01-03,98351.62838668423
2021-01-04,98351.62838668423
2021-01-05,98351.62838668423
2021-01-06,98351.62838668423
2021-01-07,98351.62838668423
2021-01-08,98351.62838668423
2021-01-09,98077.49908223061
2021-01-10,98077.49908223061
2021-01-11,98077.49908223061
2021-01-12,98077.49908223061
2021-01-13,98077.49908223061
2021-01-14,98077.49908223061
2021-01-15,98077.49908223061
2021-01-16,98077.49908223061
2021-01-17,98077.49908223061
2021-01-18,98077.49908223061
2021-01-19,98077.49908223061
2021-01-20,98077.49908223061
2021-01-21,98077.49908223061
2021-01-22,98077.49908223061
2021-01-23,98077.49908223061
2021-01-24,98077.49908223061
2021-01-25,98077.49908223061
2021-01-26,98077.49908223061
2021-01-27,98077.49908223061
2021-01-28,98077.49908223061
2021-01-29,98077.49908223061
2021-01-30,98321.4904561728
2021-01-31,98321.4904561728
2021-02-01,98321.4904561728
2021-02-02,98321.4904561728
2021-02-03,98194.10731780206
2021-02-04,98194.10731780206
2021-02-05,98194.10731780206
2021-02-06,98194.10731780206
2021-02-07,98194.10731780206
2021-02-08,98194.10731780206
2021-02-09,98194.10731780206
2021-02-10,98194.10731780206
2021-02-11,98194.10731780206
2021-02-12,98194.10731780206
2021-02-13,98194.10731780206
2021-02-14,98194.10731780206
2021-02-15,98194.10731780206
2021-02-16,98194.10731780206
2021-02-17,98615.79704569805
2021-02-18,98512.98938327604
2021-02-19,98512.98938327604
2021-02-20,98512.98938327604
2021-02-21,98512.98938327604
2021-02-22,98512.98938327604
2021-02-23,98512.98938327604
2021-02-24,98512.98938327604
2021-02-25,98512.98938327604
2021-02-26,98512.98938327604
2021-02-27,98512.98938327604
2021-02-28,98512.98938327604
2021-03-01,98512.98938327604
2021-03-02,98512.98938327604
2021-03-03,98512.98938327604
2021-03-04,98512.98938327604
2021-03-05,98512.98938327604
2021-03-06,98512.98938327604
2021-03-07,98512.98938327604
2021-03-08,98512.98938327604
2021-03-09,98512.98938327604
2021-03-10,98512.98938327604
2021-03-11,98512.98938327604
2021-03-12,98512.98938327604
2021-03-13,98512.98938327604
2021-03-14,98512.98938327604
2021-03-15,98512.98938327604
2021-03-16,98512.98938327604
2021-03-17,98512.98938327604
2021-03-18,98512.98938327604
2021-03-19,98512.98938327604
2021-03-20,98512.98938327604
2021-03-21,98512.98938327604
2021-03-22,98512.98938327604
2021-03-23,98512.98938327604
2021-03-24,98512.98938327604
2021-03-25,98512.98938327604
2021-03-26,98512.98938327604
2021-03-27,98512.98938327604
2021-03-28,98512.98938327604
2021-03-29,98512.98938327604
2021-03-30,98512.98938327604
2021-03-31,98512.98938327604
2021-04-01,98512.98938327604
2021-04-02,98512.98938327604
2021-04-03,98512.98938327604
2021-04-04,98512.98938327604
2021-04-05,98512.98938327604
2021-04-06,98512.98938327604
2021-04-07,98512.98938327604
2021-04-08,98512.98938327604
2021-04-09,98382.75777458982
2021-04-10,98382.75777458982
2021-04-11,98382.75777458982
2021-04-12,98382.75777458982
2021-04-13,98246.31513917656
2021-04-14,98144.40876775542
2021-04-15,98144.40876775542
2021-04-16,98144.40876775542
2021-04-17,98144.40876775542
2021-04-18,98144.40876775542
2021-04-19,98144.40876775542
2021-04-20,98144.40876775542
2021-04-21,98144.40876775542
2021-04-22,98144.40876775542
2021-04-23,98144.40876775542
2021-04-24,98144.40876775542
2021-04-25,98144.40876775542
2021-04-26,98144.40876775542
2021-04-27,98144.40876775542
2021-04-28,98144.40876775542
2021-04-29,98036.67458924899
2021-04-30,97895.91108662671
2021-05-01,97895.91108662671
2021-05-02,97895.91108662671
2021-05-03,97895.91108662671
2021-05-04,97895.91108662671
2021-05-05,97895.91108662671
2021-05-06,97895.91108662671
2021-05-07,98124.50783693597
2021-05-08,98124.50783693597
2021-05-09,98124.50783693597
2021-05-10,98124.50783693597
2021-05-11,98124.50783693597
2021-05-12,98124.50783693597
2021-05-13,98124.50783693597
2021-05-14,98000.18669615946
2021-05-15,98000.18669615946
2021-05-16,98000.18669615946
2021-05-17,98000.18669615946
2021-05-18,98217.87319336379
2021-05-19,98217.87319336379
2021-05-20,98217.87319336379
2021-05-21,98217.87319336379
2021-05-22,98104.77975756345
2021-05-23,98104.77975756345
2021-05-24,98104.77975756345
2021-05-25,98104.77975756345
2021-05-26,98104.77975756345
2021-05-27,98295.21895785777
2021-05-28,98491.8812906414
2021-05-29,98491.8812906414
2021-05-30,98491.8812906414
2021-05-31,98491.8812906414
2021-06-01,98491.8812906414
2021-06-02,98699.20604435056
2021-06-03,98699.20604435056
2021-06-04,98527.53366004648
2021-06-05,98527.53366004648
2021-06-06,98527.53366004648
2021-06-07,98527.53366004648
2021-06-08,98527.53366004648
2021-06-09,98527.53366004648
2021-06-10,98527.53366004648
2021-06-11,98527.53366004648
2021-06-12,98420.61934008212
2021-06-13,98420.61934008212
2021-06-14,98420.61934008212
2021-06-15,98420.61934008212
2021-06-16,98314.45549069309
2021-06-17,98314.45549069309
2021-06-18,98314.45549069309
2021-06-19,98314.45549069309
2021-06-20,98314.45549069309
2021-06-21,98314.45549069309
2021-06-22,98314.45549069309
2021-06-23,98314.45549069309
2021-06-24,98314.45549069309
2021-06-25,98314.45549069309
2021-06-26,98314.45549069309
2021-06-27,98314.45549069309
2021-06-28,98314.45549069309
2021-06-29,98314.45549069309
2021-06-30,98314.45549069309
2021-07-01,98314.45549069309
2021-07-02,98314.45549069309
2021-07-03,98314.45549069309
2021-07-04,98314.45549069309
2021-07-05,98314.45549069309
2021-07-06,98314.45549069309
2021-07-07,98314.45549069309
2021-07-08,98314.45549069309
2021-07-09,98089.42338064249
2021-07-10,98089.42338064249
2021-07-11,98089.42338064249
2021-07-12,98089.42338064249
2021-07-13,98089.42338064249
2021-07-14,98089.42338064249
2021-07-15,98089.42338064249
2021-07-16,98278.9778127256
2021-07-17,98146.72941747011
2021-07-18,98146.72941747011
2021-07-19,98146.72941747011
2021-07-20,98017.2850685837
2021-07-21,98017.2850685837
2021-07-22,98017.2850685837
2021-07-23,98017.2850685837
2021-07-24,98017.2850685837
2021-07-25,98017.2850685837
2021-07-26,98017.2850685837
2021-07-27,98017.2850685837
2021-07-28,98017.2850685837
2021-07-29,98017.2850685837
2021-07-30,98017.2850685837
2021-07-31,98017.2850685837
2021-08-01,98017.2850685837
2021-08-02,98017.2850685837
2021-08-03,97903.76221011505
2021-08-04,97903.76221011505
2021-08-05,97903.76221011505
2021-08-06,97903.76221011505
2021-08-07,97903.76221011505
2021-08-08,97903.76221011505
2021-08-09,97903.76221011505
2021-08-10,97903.76221011505
2021-08-11,97903.76221011505
2021-08-12,97903.76221011505
2021-08-13,97903.76221011505
2021-08-14,97903.76221011505
2021-08-15,97903.76221011505
2021-08-16,97903.76221011505
2021-08-17,97903.76221011505
2021-08-18,97903.76221011505
2021-08-19,97903.76221011505
2021-08-20,97903.76221011505
2021-08-21,97903.76221011505
2021-08-22,97903.76221011505
2021-08-23,97903.76221011505
2021-08-24,98121.92718975851
2021-08-25,98121.92718975851
2021-08-26,98008.62428082089
2021-08-27,98008.62428082089
2021-08-28,98008.62428082089
2021-08-29,98008.62428082089
2021-08-30,98008.62428082089
2021-08-31,98008.62428082089
2021-09-01,98008.62428082089
2021-09-02,98210.88884340486
2021-09-03,98210.88884340486
2021-09-04,98210.88884340486
2021-09-05,98210.88884340486
2021-09-06,98210.88884340486
2021-09-07,98210.88884340486
2021-09-08,98210.88884340486
2021-09-09,98064.68672169786
2021-09-10,98064.68672169786
2021-09-11,98064.68672169786
2021-09-12,98064.68672169786
2021-09-13,98064.68672169786
2021-09-14,98064.68672169786
2021-09-15,98064.68672169786
2021-09-16,98064.68672169786
2021-09-17,98064.68672169786
2021-09-18,98064.68672169786
2021-09-19,98064.68672169786
2021-09-20,98064.68672169786
2021-09-21,98064.68672169786
2021-09-22,98064.68672169786
2021-09-23,98064.68672169786
2021-09-24,98064.68672169786
2021-09-25,98064.68672169786
2021-09-26,98064.68672169786
2021-09-27,98064.68672169786
2021-09-28,98064.68672169786
2021-09-29,98064.68672169786
2021-09-30,98064.68672169786
2021-10-01,98064.68672169786
2021-10-02,98064.68672169786
2021-10-03,98064.68672169786
2021-10-04,98064.68672169786
2021-10-05,98064.68672169786
2021-10-06,98064.68672169786
2021-10-07,98064.68672169786
2021-10-08,98064.68672169786
2021-10-09,98064.68672169786
2021-10-10,98064.68672169786
2021-10-11,98064.68672169786
2021-10-12,98064.68672169786
2021-10-13,98064.68672169786
2021-10-14,98064.68672169786
2021-10-15,98064.68672169786
2021-10-16,98064.68672169786
2021-10-17,98064.68672169786
2021-10-18,98064.68672169786
2021-10-19,98064.68672169786
2021-10-20,98064.68672169786
2021-10-21,98064.68672169786
2021-10-22,98064.68672169786
2021-10-23,98064.68672169786
2021-10-24,98064.68672169786
2021-10-25,98064.68672169786
2021-10-26,98064.68672169786
2021-10-27,97941.2635489798
2021-10-28,97941.2635489798
2021-10-29,97941.2635489798
2021-10-30,97692.13388338493
2021-10-31,97692.13388338493
2021-11-01,97692.13388338493
2021-11-02,97692.13388338493
2021-11-03,97692.13388338493
2021-11-04,97692.13388338493
2021-11-05,97692.13388338493
2021-11-06,97692.13388338493
2021-11-07,97692.13388338493
2021-11-08,97692.13388338493
2021-11-09,97692.13388338493
2021-11-10,97692.13388338493
2021-11-11,97692.13388338493
2021-11-12,97692.13388338493
2021-11-13,97692.13388338493
2021-11-14,97692.13388338493
2021-11-15,97692.13388338493
2021-11-16,97588.34839543412
2021-11-17,97801.39421935033
2021-11-18,97801.39421935033
2021-11-19,97801.39421935033
2021-11-20,97581.388292533
2021-11-21,97581.388292533
2021-11-22,97581.388292533
2021-11-23,97581.388292533
2021-11-24,97581.388292533
2021-11-25,97581.388292533
2021-11-26,97581.388292533
2021-11-27,97581.388292533
2021-11-28,97581.388292533
2021-11-29,97581.388292533
2021-11-30,97581.388292533
2021-12-01,97581.388292533
2021-12-02,97581.388292533
2021-12-03,97581.388292533
2021-12-04,97581.388292533
2021-12-05,97581.388292533
2021-12-06,97581.388292533
2021-12-07,97581.388292533
2021-12-08,97581.388292533
2021-12-09,97581.388292533
2021-12-10,97581.388292533
2021-12-11,97581.388292533
2021-12-12,97581.388292533
2021-12-13,97581.388292533
2021-12-14,97581.388292533
2021-12-15,97581.388292533
2021-12-16,97581.388292533
2021-12-17,97581.388292533
2021-12-18,97581.388292533
2021-12-19,97581.388292533
2021-12-20,97581.388292533
2021-12-21,97581.388292533
2021-12-22,97581.388292533
2021-12-23,97581.388292533
2021-12-24,97790.71245755845
2021-12-25,97790.71245755845
2021-12-26,97790.71245755845
2021-12-27,97790.71245755845
2021-12-28,97790.71245755845
2021-12-29,97790.71245755845
2021-12-30,97790.71245755845
2021-12-31,97790.71245755845
2022-01-01,97988.51324546747
2022-01-02,97988.51324546747
2022-01-03,97988.51324546747
2022-01-04,97880.56761568227
2022-01-05,97880.56761568227
2022-01-06,97880.56761568227
2022-01-07,97880.56761568227
2022-01-08,97880.56761568227
2022-01-09,97880.56761568227
2022-01-10,97880.56761568227
2022-01-11,97880.56761568227
2022-01-12,97880.56761568227
2022-01-13,97703.94472228462
2022-01-14,97703.94472228462
2022-01-15,97703.94472228462
2022-01-16,97703.94472228462
2022-01-17,97703.94472228462
2022-01-18,97703.94472228462
2022-01-19,97815.63608616199
2022-01-20,97815.63608616199
2022-01-21,97815.63608616199
2022-01-22,97815.63608616199
2022-01-23,97815.63608616199
2022-01-24,97815.63608616199
2022-01-25,97815.63608616199
2022-01-26,98015.13291177363
2022-01-27,98101.0574851021
2022-01-28,98101.0574851021
2022-01-29,98101.0574851021
2022-01-30,98101.0574851021
2022-01-31,98101.0574851021
2022-02-01,98101.0574851021
2022-02-02,98101.0574851021
2022-02-03,98101.0574851021
2022-02-04,98101.0574851021
2022-02-05,98101.0574851021
2022-02-06,98101.0574851021
2022-02-07,98101.0574851021
2022-02-08,98101.0574851021
2022-02-09,98101.0574851021
2022-02-10,98101.0574851021
2022-02-11,98101.0574851021
2022-02-12,98465.87840751947
2022-02-13,98465.87840751947
2022-02-14,98465.87840751947
2022-02-15,98465.87840751947
2022-02-16,98465.87840751947
2022-02-17,98465.87840751947
2022-02-18,98703.68602334501
2022-02-19,98703.68602334501
2022-02-20,98703.68602334501
2022-02-21,98703.68602334501
2022-02-22,98703.68602334501
2022-02-23,98703.68602334501
2022-02-24,98703.68602334501
2022-02-25,98593.24880963637
2022-02-26,98593.24880963637
2022-02-27,98593.24880963637
2022-02-28,98593.24880963637
2022-03-01,98593.24880963637
2022-03-02,98788.74521655001
2022-03-03,98788.74521655001
2022-03-04,98788.74521655001
2022-03-05,98788.74521655001
2022-03-06,98788.74521655001
2022-03-07,98788.74521655001
2022-03-08,98788.74521655001
2022-03-09,98788.74521655001
2022-03-10,98788.74521655001
2022-03-11,99020.49295317258
2022-03-12,98902.35228452661
2022-03-13,98902.35228452661
2022-03-14,98902.35228452661
2022-03-15,98800.64458667091
2022-03-16,98800.64458667091
2022-03-17,98800.64458667091
2022-03-18,98800.64458667091
2022-03-19,98800.64458667091
2022-03-20,98800.64458667091
2022-03-21,98800.64458667091
2022-03-22,98800.64458667091
2022-03-23,98800.64458667091
2022-03-24,98800.64458667091
2022-03-25,98800.64458667091
2022-03-26,98800.64458667091
2022-03-27,98800.64458667091
2022-03-28,98800.64458667091
2022-03-29,98800.64458667091
2022-03-30,98800.64458667091
2022-03-31,98800.64458667091
2022-04-01,98800.64458667091
2022-04-02,98800.64458667091
2022-04-03,98800.64458667091
2022-04-04,98800.64458667091
2022-04-05,98800.64458667091
2022-04-06,98800.64458667091
2022-04-07,98800.64458667091
2022-04-08,98800.64458667091
2022-04-09,98800.64458667091
2022-04-10,98800.64458667091
2022-04-11,98800.64458667091
2022-04-12,98800.64458667091
2022-04-13,98800.64458667091
2022-04-14,98800.64458667091
2022-04-15,98800.64458667091
2022-04-16,98800.64458667091
2022-04-17,98800.64458667091
2022-04-18,99029.66986826937
2022-04-19,99231.10435192086
2022-04-20,99231.10435192086
2022-04-21,99231.10435192086
2022-04-22,99231.10435192086
2022-04-23,99231.10435192086
2022-04-24,99231.10435192086
2022-04-25,99231.10435192086
2022-04-26,99231.10435192086
2022-04-27,99114.24521843165
2022-04-28,99114.24521843165
2022-04-29,99114.24521843165
2022-04-30,99114.24521843165
2022-05-01,99114.24521843165
2022-05-02,99114.24521843165
2022-05-03,99114.24521843165
2022-05-04,99114.24521843165
2022-05-05,99114.24521843165
2022-05-06,99114.24521843165
2022-05-07,99114.24521843165
2022-05-08,99114.24521843165
2022-05-09,99114.24521843165
2022-05-10,99114.24521843165
2022-05-11,99114.24521843165
2022-05-12,99114.24521843165
2022-05-13,99114.24521843165
2022-05-14,99114.24521843165
2022-05-15,99114.24521843165
2022-05-16,99114.24521843165
2022-05-17,99114.24521843165
2022-05-18,99114.24521843165
2022-05-19,99114.24521843165
2022-05-20,98991.38283053132
2022-05-21,98991.38283053132
2022-05-22,98991.38283053132
2022-05-23,98991.38283053132
2022-05-24,98991.38283053132
2022-05-25,98991.38283053132
2022-05-26,98991.38283053132
2022-05-27,98991.38283053132
2022-05-28,98991.38283053132
2022-05-29,98991.38283053132
2022-05-30,98991.38283053132
2022-05-31,98991.38283053132
2022-06-01,98865.42528801707
2022-06-02,98865.42528801707
2022-06-03,98865.42528801707
2022-06-04,98865.42528801707
2022-06-05,98865.42528801707
2022-06-06,98865.42528801707
2022-06-07,98865.42528801707
2022-06-08,98865.42528801707
2022-06-09,98865.42528801707
2022-06-10,98695.84268629782
2022-06-11,98695.84268629782
2022-06-12,98695.84268629782
2022-06-13,98695.84268629782
2022-06-14,98530.10623548723
2022-06-15,98530.10623548723
2022-06-16,98530.10623548723
2022-06-17,98783.0663150996
2022-06-18,98783.0663150996
2022-06-19,98783.0663150996
2022-06-20,98783.0663150996
2022-06-21,98783.0663150996
2022-06-22,98990.49021494563
2022-06-23,98881.3334627058
2022-06-24,98881.3334627058
2022-06-25,98881.3334627058
2022-06-26,98881.3334627058
2022-06-27,98881.3334627058
2022-06-28,98881.3334627058
2022-06-29,98881.3334627058
2022-06-30,98881.3334627058
2022-07-01,98881.3334627058
2022-07-02,98881.3334627058
2022-07-03,98881.3334627058
2022-07-04,98881.3334627058
2022-07-05,98881.3334627058
2022-07-06,98881.3334627058
2022-07-07,98739.38214575531
2022-07-08,98739.38214575531
2022-07-09,98739.38214575531
2022-07-10,98739.38214575531
2022-07-11,98739.38214575531
2022-07-12,98739.38214575531
2022-07-13,98739.38214575531
2022-07-14,98739.38214575531
2022-07-15,98739.38214575531
2022-07-16,98739.38214575531
2022-07-17,98739.38214575531
2022-07-18,98739.38214575531
2022-07-19,98739.38214575531
2022-07-20,98953.290232431
2022-07-21,98953.290232431
2022-07-22,98953.290232431
2022-07-23,98794.39801297126
2022-07-24,98794.39801297126
2022-07-25,98794.39801297126
2022-07-26,98794.39801297126
2022-07-27,98794.39801297126
2022-07-28,98794.39801297126
2022-07-29,98619.8754958488
2022-07-30,98496.01600193583
2022-07-31,98496.01600193583
2022-08-01,98496.01600193583
2022-08-02,98496.01600193583
2022-08-03,98496.01600193583
2022-08-04,98496.01600193583
2022-08-05,98692.56312814723
2022-08-06,98582.82639021658
2022-08-07,98582.82639021658
2022-08-08,98582.82639021658
2022-08-09,98582.82639021658
2022-08-10,98582.82639021658
2022-08-11,99004.3851327093
2022-08-12,99004.3851327093
2022-08-13,99211.44312182986
2022-08-14,99211.44312182986
2022-08-15,99211.44312182986
2022-08-16,99211.44312182986
2022-08-17,99211.44312182986
2022-08-18,99211.44312182986
2022-08-19,99211.44312182986
2022-08-20,99211.44312182986
2022-08-21,99211.44312182986
2022-08-22,99211.44312182986
2022-08-23,99211.44312182986
2022-08-24,99211.44312182986
2022-08-25,99211.44312182986
2022-08-26,99211.44312182986
2022-08-27,99211.44312182986
2022-08-28,99211.44312182986
2022-08-29,99211.44312182986
2022-08-30,99211.44312182986
2022-08-31,99211.44312182986
2022-09-01,99211.44312182986
2022-09-02,99211.44312182986
2022-09-03,99211.44312182986
2022-09-04,99211.44312182986
2022-09-05,99211.44312182986
2022-09-06,99211.44312182986
2022-09-07,99452.1907603838
2022-09-08,99452.1907603838
2022-09-09,99452.1907603838
2022-09-10,99452.1907603838
2022-09-11,99452.1907603838
2022-09-12,99452.1907603838
2022-09-13,99452.1907603838
2022-09-14,99452.1907603838
2022-09-15,99658.01934310752
2022-09-16,99658.01934310752
2022-09-17,99658.01934310752
2022-09-18,99658.01934310752
2022-09-19,99658.01934310752
2022-09-20,99905.1880157094
2022-09-21,99905.1880157094
2022-09-22,99905.1880157094
2022-09-23,99905.1880157094
2022-09-24,99778.46502524034
2022-09-25,99778.46502524034
2022-09-26,99778.46502524034
2022-09-27,99778.46502524034
2022-09-28,99778.46502524034
2022-09-29,99778.46502524034
2022-09-30,99778.46502524034
2022-10-01,99778.46502524034
2022-10-02,99778.46502524034
2022-10-03,99778.46502524034
2022-10-04,99778.46502524034
2022-10-05,99778.46502524034
2022-10-06,99672.69489480513
2022-10-07,99672.69489480513
2022-10-08,99672.69489480513
2022-10-09,99672.69489480513
2022-10-10,99672.69489480513
2022-10-11,99453.94623613621
2022-10-12,99453.94623613621
2022-10-13,99671.86993332517
2022-10-14,99671.86993332517
2022-10-15,99671.86993332517
2022-10-16,99671.86993332517
2022-10-17,99671.86993332517
2022-10-18,99671.86993332517
2022-10-19,99671.86993332517
2022-10-20,99671.86993332517
2022-10-21,99671.86993332517
2022-10-22,99671.86993332517
2022-10-23,99671.86993332517
2022-10-24,99671.86993332517
2022-10-25,99671.86993332517
2022-10-26,99671.86993332517
2022-10-27,99871.37525462787
2022-10-28,99757.15294624583
2022-10-29,99757.15294624583
2022-10-30,99757.15294624583
2022-10-31,99757.15294624583
2022-11-01,99637.94979794112
2022-11-02,99637.94979794112
2022-11-03,99637.94979794112
2022-11-04,99420.97385999012
2022-11-05,99420.97385999012
2022-11-06,99420.97385999012
2022-11-07,99420.97385999012
2022-11-08,99420.97385999012
2022-11-09,99420.97385999012
2022-11-10,99420.97385999012
2022-11-11,99113.20007621069
2022-11-12,99113.20007621069
2022-11-13,99113.20007621069
2022-11-14,99113.20007621069
2022-11-15,99113.20007621069
2022-11-16,99113.20007621069
2022-11-17,98975.7067751378
2022-11-18,98722.73839477041
2022-11-19,98606.5458971704
2022-11-20,98606.5458971704
2022-11-21,98606.5458971704
2022-11-22,98606.5458971704
2022-11-23,98606.5458971704
2022-11-24,98606.5458971704
2022-11-25,98606.5458971704
2022-11-26,98606.5458971704
2022-11-27,98606.5458971704
2022-11-28,98606.5458971704
2022-11-29,98484.77184770771
2022-11-30,98484.77184770771
2022-12-01,98484.77184770771
2022-12-02,98484.77184770771
2022-12-03,98484.77184770771
2022-12-04,98484.77184770771
2022-12-05,98484.77184770771
2022-12-06,98353.68609972963
2022-12-07,98216.77987880162
2022-12-08,98216.77987880162
2022-12-09,98216.77987880162
2022-12-10,98216.77987880162
2022-12-11,98216.77987880162
2022-12-12,98216.77987880162
2022-12-13,98216.77987880162
2022-12-14,98216.77987880162
2022-12-15,98216.77987880162
2022-12-16,97926.87094424103
2022-12-17,97800.0894957953
2022-12-18,97800.0894957953
2022-12-19,97800.0894957953
2022-12-20,97800.0894957953
2022-12-21,97800.0894957953
2022-12-22,97800.0894957953
2022-12-23,97800.0894957953
2022-12-24,97800.0894957953
2022-12-25,97800.0894957953
2022-12-26,97800.0894957953
2022-12-27,97800.0894957953
2022-12-28,97800.0894957953
2022-12-29,97800.0894957953
2022-12-30,97800.0894957953
2022-12-31,97800.0894957953
2023-01-01,97800.0894957953
2023-01-02,97800.0894957953
2023-01-03,97800.0894957953
2023-01-04,97997.42042414751
2023-01-05,97997.42042414751
2023-01-06,97997.42042414751
2023-01-07,98399.18534717224
2023-01-08,98399.18534717224
2023-01-09,98399.18534717224
2023-01-10,98399.18534717224
2023-01-11,98399.18534717224
2023-01-12,98399.18534717224
2023-01-13,98399.18534717224
2023-01-14,98399.18534717224
2023-01-15,98399.18534717224
2023-01-16,98399.18534717224
2023-01-17,98399.18534717224
2023-01-18,98399.18534717224
2023-01-19,98399.18534717224
2023-01-20,98592.85972889705
2023-01-21,98592.85972889705
2023-01-22,98592.85972889705
2023-01-23,98592.85972889705
2023-01-24,98592.85972889705
2023-01-25,98592.85972889705
2023-01-26,98592.85972889705
2023-01-27,98592.85972889705
2023-01-28,98592.85972889705
2023-01-29,98592.85972889705
2023-01-30,98592.85972889705
2023-01-31,98592.85972889705
2023-02-01,98482.84384255213
2023-02-02,98482.84384255213
2023-02-03,98482.84384255213
2023-02-04,98482.84384255213
2023-02-05,98482.84384255213
2023-02-06,98482.84384255213
2023-02-07,98482.84384255213
2023-02-08,98482.84384255213
2023-02-09,98482.84384255213
2023-02-10,98482.84384255213
2023-02-11,98482.84384255213
2023-02-12,98482.84384255213
2023-02-13,98482.84384255213
2023-02-14,98482.84384255213
2023-02-15,98482.84384255213
2023-02-16,98729.10906920851
2023-02-17,98729.10906920851
2023-02-18,98729.10906920851
2023-02-19,98729.10906920851
2023-02-20,98729.10906920851
2023-02-21,98729.10906920851
2023-02-22,98729.10906920851
2023-02-23,98729.10906920851
2023-02-24,98729.10906920851
2023-02-25,98729.10906920851
2023-02-26,98729.10906920851
2023-02-27,98729.10906920851
2023-02-28,98729.10906920851
2023-03-01,98729.10906920851
2023-03-02,98729.10906920851
2023-03-03,98729.10906920851
2023-03-04,98729.10906920851
2023-03-05,98729.10906920851
2023-03-06,98729.10906920851
2023-03-07,98729.10906920851
2023-03-08,98729.10906920851
2023-03-09,98729.10906920851
2023-03-10,98949.92270721633
2023-03-11,98949.92270721633
2023-03-12,98949.92270721633
2023-03-13,98949.92270721633
2023-03-14,98949.92270721633
2023-03-15,98949.92270721633
2023-03-16,99169.37751004392
2023-03-17,99169.37751004392
2023-03-18,99169.37751004392
2023-03-19,99169.37751004392
2023-03-20,99169.37751004392
2023-03-21,99169.37751004392
2023-03-22,99169.37751004392
2023-03-23,99392.41457863469
2023-03-24,99392.41457863469
2023-03-25,99392.41457863469
2023-03-26,99392.41457863469
2023-03-27,99392.41457863469
2023-03-28,99392.41457863469
2023-03-29,99392.41457863469
2023-03-30,99392.41457863469
2023-03-31,99392.41457863469
2023-04-01,99392.41457863469
2023-04-02,99392.41457863469
2023-04-03,99392.41457863469
2023-04-04,99392.41457863469
2023-04-05,99392.41457863469
2023-04-06,99392.41457863469
2023-04-07,99392.41457863469
2023-04-08,99392.41457863469
2023-04-09,99392.41457863469
2023-04-10,99264.05224659981
2023-04-11,99264.05224659981
2023-04-12,99264.05224659981
2023-04-13,99466.83689664106
2023-04-14,99682.2293843122
2023-04-15,99682.2293843122
2023-04-16,99682.2293843122
2023-04-17,99682.2293843122
2023-04-18,99544.01883701296
2023-04-19,99544.01883701296
2023-04-20,99544.01883701296
2023-04-21,99544.01883701296
2023-04-22,99544.01883701296
2023-04-23,99544.01883701296
2023-04-24,99544.01883701296
2023-04-25,99544.01883701296
2023-04-26,99436.85729353112
2023-04-27,99436.85729353112
2023-04-28,99436.85729353112
2023-04-29,99436.85729353112
2023-04-30,99436.85729353112
2023-05-01,99436.85729353112
2023-05-02,99436.85729353112
2023-05-03,99436.85729353112
2023-05-04,99436.85729353112
2023-05-05,99436.85729353112
2023-05-06,99436.85729353112
2023-05-07,99436.85729353112
2023-05-08,99436.85729353112
2023-05-09,99436.85729353112
2023-05-10,99436.85729353112
2023-05-11,99436.85729353112
2023-05-12,99162.87025176318
2023-05-13,99162.87025176318
2023-05-14,99162.87025176318
2023-05-15,99162.87025176318
2023-05-16,99162.87025176318
2023-05-17,99162.87025176318
2023-05-18,99595.74656964972
2023-05-19,99595.74656964972
2023-05-20,99595.74656964972
2023-05-21,99595.74656964972
2023-05-22,99595.74656964972
2023-05-23,99595.74656964972
2023-05-24,99595.74656964972
2023-05-25,99595.74656964972
2023-05-26,99595.74656964972
2023-05-27,99595.74656964972
2023-05-28,99595.74656964972
2023-05-29,99595.74656964972
2023-05-30,99595.74656964972
2023-05-31,99595.74656964972
2023-06-01,99595.74656964972
2023-06-02,99595.74656964972
2023-06-03,99462.33900262922
2023-06-04,99462.33900262922
2023-06-05,99462.33900262922
2023-06-06,99462.33900262922
2023-06-07,99462.33900262922
2023-06-08,99462.33900262922
2023-06-09,99711.26942253376
2023-06-10,99711.26942253376
2023-06-11,99711.26942253376
2023-06-12,99711.26942253376
2023-06-13,99711.26942253376
2023-06-14,99569.72372730811
2023-06-15,99821.91371378778
2023-06-16,99821.91371378778
2023-06-17,99821.91371378778
2023-06-18,99821.91371378778
2023-06-19,99821.91371378778
2023-06-20,99821.91371378778
2023-06-21,99821.91371378778
2023-06-22,99821.91371378778
2023-06-23,99821.91371378778
2023-06-24,99821.91371378778
2023-06-25,99821.91371378778
2023-06-26,99821.91371378778
2023-06-27,99821.91371378778
2023-06-28,99821.91371378778
2023-06-29,99821.91371378778
2023-06-30,99821.91371378778
2023-07-01,99821.91371378778
2023-07-02,99821.91371378778
2023-07-03,99821.91371378778
2023-07-04,99821.91371378778
2023-07-05,99821.91371378778
2023-07-06,100029.98368461836
2023-07-07,100029.98368461836
2023-07-08,99919.1138700948
2023-07-09,99919.1138700948
2023-07-10,99919.1138700948
2023-07-11,99789.2524099456
2023-07-12,99684.81411355083
2023-07-13,99684.81411355083
2023-07-14,99684.81411355083
2023-07-15,99684.81411355083
2023-07-16,99684.81411355083
2023-07-17,99684.81411355083
2023-07-18,99883.0353654805
2023-07-19,99883.0353654805
2023-07-20,99883.0353654805
2023-07-21,99883.0353654805
2023-07-22,99650.83330990236
2023-07-23,99650.83330990236
2023-07-24,99650.83330990236
2023-07-25,99508.05702662347
2023-07-26,99508.05702662347
2023-07-27,99508.05702662347
2023-07-28,99508.05702662347
2023-07-29,99508.05702662347
2023-07-30,99508.05702662347
2023-07-31,99508.05702662347
2023-08-01,99508.05702662347
2023-08-02,99508.05702662347
2023-08-03,99508.05702662347
2023-08-04,99508.05702662347
2023-08-05,99508.05702662347
2023-08-06,99508.05702662347
2023-08-07,99508.05702662347
2023-08-08,99508.05702662347
2023-08-09,99508.05702662347
2023-08-10,99508.05702662347
2023-08-11,99508.05702662347
2023-08-12,99508.05702662347
2023-08-13,99508.05702662347
2023-08-14,99508.05702662347
2023-08-15,99508.05702662347
2023-08-16,99508.05702662347
2023-08-17,99508.05702662347
2023-08-18,99508.05702662347
2023-08-19,99508.05702662347
2023-08-20,99508.05702662347
2023-08-21,99508.05702662347
2023-08-22,99508.05702662347
2023-08-23,99508.05702662347
2023-08-24,99508.05702662347
2023-08-25,99508.05702662347
2023-08-26,99508.05702662347
2023-08-27,99508.05702662347
2023-08-28,99718.94320655656
2023-08-29,99718.94320655656
2023-08-30,99718.94320655656
2023-08-31,99718.94320655656
2023-09-01,99718.94320655656
2023-09-02,99718.94320655656
2023-09-03,99718.94320655656
2023-09-04,99718.94320655656
2023-09-05,99605.61662917401
2023-09-06,99433.5341461013
2023-09-07,99433.5341461013
2023-09-08,99433.5341461013
2023-09-09,99433.5341461013
2023-09-10,99433.5341461013
2023-09-11,99433.5341461013
2023-09-12,99433.5341461013
2023-09-13,99433.5341461013
2023-09-14,99433.5341461013
2023-09-15,99433.5341461013
2023-09-16,99433.5341461013
2023-09-17,99433.5341461013
2023-09-18,99433.5341461013
2023-09-19,99433.5341461013
2023-09-20,99433.5341461013
2023-09-21,99647.90248906036
2023-09-22,99523.71485058166
2023-09-23,99523.71485058166
2023-09-24,99523.71485058166
2023-09-25,99523.71485058166
2023-09-26,99727.34048762223
2023-09-27,99727.34048762223
2023-09-28,99727.34048762223
2023-09-29,99727.34048762223
2023-09-30,99727.34048762223
2023-10-01,99727.34048762223
2023-10-02,99727.34048762223
2023-10-03,99727.34048762223
2023-10-04,99727.34048762223
2023-10-05,99727.34048762223
2023-10-06,99727.34048762223
2023-10-07,99727.34048762223
2023-10-08,99727.34048762223
2023-10-09,99727.34048762223
2023-10-10,99727.34048762223
2023-10-11,99727.34048762223
2023-10-12,99727.34048762223
2023-10-13,99727.34048762223
2023-10-14,99962.11389282337
2023-10-15,99962.11389282337
2023-10-16,99962.11389282337
2023-10-17,99962.11389282337
2023-10-18,99962.11389282337
2023-10-19,99962.11389282337
2023-10-20,99962.11389282337
2023-10-21,100185.40694187018
2023-10-22,100185.40694187018
2023-10-23,100185.40694187018
2023-10-24,100185.40694187018
2023-10-25,100185.40694187018
2023-10-26,100185.40694187018
2023-10-27,100384.38593137286
2023-10-28,100384.38593137286
2023-10-29,100384.38593137286
2023-10-30,100384.38593137286
2023-10-31,100270.42526309665
2023-11-01,100475.5609141411
2023-11-02,100357.94187382031
2023-11-03,100230.0697856071
2023-11-04,100230.0697856071
2023-11-05,100230.0697856071
2023-11-06,100230.0697856071
2023-11-07,100122.21455123206
2023-11-08,100122.21455123206
2023-11-09,100122.21455123206
2023-11-10,100122.21455123206
2023-11-11,100122.21455123206
2023-11-12,100122.21455123206
2023-11-13,100122.21455123206
2023-11-14,100336.98715218222
2023-11-15,100336.98715218222
2023-11-16,100336.98715218222
2023-11-17,100336.98715218222
2023-11-18,100160.3933100561
2023-11-19,100160.3933100561
2023-11-20,100160.3933100561
2023-11-21,100160.3933100561
2023-11-22,100356.34220239788
2023-11-23,100356.34220239788
2023-11-24,100356.34220239788
2023-11-25,100473.0540735685
2023-11-26,100473.0540735685
2023-11-27,100473.0540735685
2023-11-28,100669.50002464441
2023-11-29,100669.50002464441
2023-11-30,100669.50002464441
2023-12-01,100884.93124036696
2023-12-02,100884.93124036696
2023-12-03,100884.93124036696
2023-12-04,100884.93124036696
2023-12-05,100884.93124036696
2023-12-06,100884.93124036696
2023-12-07,100884.93124036696
2023-12-08,100884.93124036696
2023-12-09,100884.93124036696
2023-12-10,100884.93124036696
2023-12-11,100884.93124036696
2023-12-12,100884.93124036696
2023-12-13,100884.93124036696
2023-12-14,100884.93124036696
2023-12-15,100884.93124036696
2023-12-16,100884.93124036696
2023-12-17,100884.93124036696
2023-12-18,100884.93124036696
2023-12-19,100884.93124036696
2023-12-20,101090.14758564658
2023-12-21,101291.27542314818
2023-12-22,101291.27542314818
2023-12-23,101291.27542314818
2023-12-24,101291.27542314818
2023-12-25,101291.27542314818
2023-12-26,101291.27542314818
2023-12-27,101291.27542314818
2023-12-28,101291.27542314818
2023-12-29,101291.27542314818
2023-12-30,101291.27542314818
2023-12-31,101291.27542314818
2024-01-01,101291.27542314818
2024-01-02,101291.27542314818
2024-01-03,101066.49759331584
2024-01-04,101066.49759331584
2024-01-05,101066.49759331584
2024-01-06,101066.49759331584
2024-01-07,101066.49759331584
2024-01-08,101066.49759331584
2024-01-09,101066.49759331584
2024-01-10,101066.49759331584
2024-01-11,101066.49759331584
2024-01-12,101066.49759331584
2024-01-13,101066.49759331584
2024-01-14,101066.49759331584
2024-01-15,101066.49759331584
2024-01-16,101066.49759331584
2024-01-17,101066.49759331584
2024-01-18,101066.49759331584
2024-01-19,101066.49759331584
2024-01-20,101066.49759331584
2024-01-21,101066.49759331584
2024-01-22,101066.49759331584
2024-01-23,101066.49759331584
2024-01-24,101066.49759331584
2024-01-25,101066.49759331584
2024-01-26,101066.49759331584
2024-01-27,101066.49759331584
2024-01-28,101066.49759331584
2024-01-29,101066.49759331584
2024-01-30,101066.49759331584
2024-01-31,101066.49759331584
2024-02-01,101066.49759331584
2024-02-02,101066.49759331584
2024-02-03,100926.24339808889
2024-02-04,100926.24339808889
2024-02-05,100926.24339808889
2024-02-06,100926.24339808889
2024-02-07,100926.24339808889
2024-02-08,100926.24339808889
2024-02-09,100926.24339808889
2024-02-10,100926.24339808889
2024-02-11,100926.24339808889
2024-02-12,100926.24339808889
2024-02-13,100926.24339808889
2024-02-14,100926.24339808889
2024-02-15,100926.24339808889
2024-02-16,100926.24339808889
2024-02-17,100926.24339808889
2024-02-18,100926.24339808889
2024-02-19,100926.24339808889
2024-02-20,100926.24339808889
2024-02-21,100926.24339808889
2024-02-22,100926.24339808889
2024-02-23,100926.24339808889
2024-02-24,100974.39822753161
2024-02-25,100974.39822753161
2024-02-26,100974.39822753161
2024-02-27,100974.39822753161
2024-02-28,100974.39822753161
2024-02-29,100974.39822753161
2024-03-01,100974.39822753161
2024-03-02,100974.39822753161
2024-03-03,100974.39822753161
2024-03-04,100974.39822753161
2024-03-05,100974.39822753161
2024-03-06,100974.39822753161
2024-03-07,100871.85102084497
2024-03-08,100871.85102084497
2024-03-09,100871.85102084497
2024-03-10,100871.85102084497
2024-03-11,100871.85102084497
2024-03-12,100871.85102084497
2024-03-13,100871.85102084497
2024-03-14,101301.69510228271
2024-03-15,101301.69510228271
2024-03-16,101543.78250851843
2024-03-17,101543.78250851843
2024-03-18,101543.78250851843
2024-03-19,101405.47228136241
2024-03-20,101405.47228136241
2024-03-21,101658.94921652868
2024-03-22,101658.94921652868
2024-03-23,101547.2747743818
2024-03-24,101547.2747743818
2024-03-25,101547.2747743818
2024-03-26,101547.2747743818
2024-03-27,101547.2747743818
2024-03-28,101547.2747743818
2024-03-29,101547.2747743818
2024-03-30,101547.2747743818
2024-03-31,101547.2747743818
2024-04-01,101547.2747743818
2024-04-02,101547.2747743818
2024-04-03,101547.2747743818
2024-04-04,101547.2747743818
2024-04-05,101547.2747743818
2024-04-06,101789.95886576879
2024-04-07,101789.95886576879
2024-04-08,101789.95886576879
2024-04-09,102019.71574684403
2024-04-10,102019.71574684403
2024-04-11,102019.71574684403
2024-04-12,102019.71574684403
2024-04-13,102434.31423959325
2024-04-14,102434.31423959325
2024-04-15,102434.31423959325
2024-04-16,102309.88985749698
2024-04-17,102309.88985749698
2024-04-18,102195.77984394344
2024-04-19,102195.77984394344
2024-04-20,102416.67653479031
2024-04-21,102416.67653479031
2024-04-22,102416.67653479031
2024-04-23,102311.77810771436
2024-04-24,102311.77810771436
2024-04-25,102311.77810771436
2024-04-26,102311.77810771436
2024-04-27,102311.77810771436
2024-04-28,102311.77810771436
2024-04-29,102311.77810771436
2024-04-30,102311.77810771436
2024-05-01,102311.77810771436
2024-05-02,102515.76104397337
2024-05-03,102515.76104397337
2024-05-04,102515.76104397337
2024-05-05,102515.76104397337
2024-05-06,102515.76104397337
2024-05-07,102515.76104397337
2024-05-08,102515.76104397337
2024-05-09,102515.76104397337
2024-05-10,102515.76104397337
2024-05-11,102515.76104397337
2024-05-12,102515.76104397337
2024-05-13,102515.76104397337
2024-05-14,102515.76104397337
2024-05-15,102515.76104397337
2024-05-16,102732.09234266795
2024-05-17,102732.09234266795
2024-05-18,102732.09234266795
2024-05-19,102732.09234266795
2024-05-20,102732.09234266795
2024-05-21,102732.09234266795
2024-05-22,102732.09234266795
2024-05-23,102732.09234266795
2024-05-24,102839.10116975183
2024-05-25,102839.10116975183
2024-05-26,102839.10116975183
2024-05-27,102839.10116975183
2024-05-28,102839.10116975183
2024-05-29,102839.10116975183
2024-05-30,102839.10116975183
2024-05-31,102927.02183251234
2024-06-01,102927.02183251234
2024-06-02,102927.02183251234
2024-06-03,102927.02183251234
2024-06-04,102927.02183251234
2024-06-05,102809.41985067516
2024-06-06,102809.41985067516
2024-06-07,102809.41985067516
2024-06-08,102809.41985067516
2024-06-09,102809.41985067516
2024-06-10,102809.41985067516
2024-06-11,102809.41985067516
2024-06-12,102809.41985067516
2024-06-13,102809.41985067516
2024-06-14,102809.41985067516
2024-06-15,102809.41985067516
2024-06-16,102809.41985067516
2024-06-17,102809.41985067516
2024-06-18,102809.41985067516
2024-06-19,102809.41985067516
2024-06-20,102809.41985067516
2024-06-21,103046.93207251978
2024-06-22,103046.93207251978
2024-06-23,103046.93207251978
2024-06-24,103046.93207251978
2024-06-25,103046.93207251978
2024-06-26,103046.93207251978
2024-06-27,103279.97925300311
2024-06-28,103279.97925300311
2024-06-29,103491.24012600916
2024-06-30,103491.24012600916
2024-07-01,103491.24012600916
2024-07-02,103491.24012600916
2024-07-03,103491.24012600916
2024-07-04,103491.24012600916
2024-07-05,103491.24012600916
2024-07-06,103491.24012600916
2024-07-07,103491.24012600916
2024-07-08,103491.24012600916
2024-07-09,103491.24012600916
2024-07-10,103491.24012600916
2024-07-11,103491.24012600916
2024-07-12,103842.60151034621
2024-07-13,103729.6132676022
2024-07-14,103729.6132676022
2024-07-15,103729.6132676022
2024-07-16,103729.6132676022
2024-07-17,103729.6132676022
2024-07-18,103729.6132676022
2024-07-19,103729.6132676022
2024-07-20,103729.6132676022
2024-07-21,103729.6132676022
2024-07-22,103729.6132676022
2024-07-23,103729.6132676022
2024-07-24,103729.6132676022
2024-07-25,103729.6132676022
2024-07-26,103729.6132676022
2024-07-27,103729.6132676022
2024-07-28,103729.6132676022
2024-07-29,103729.6132676022
2024-07-30,103729.6132676022
2024-07-31,103729.6132676022
2024-08-01,103729.6132676022
2024-08-02,103729.6132676022
2024-08-03,103595.5376810314
2024-08-04,103595.5376810314
2024-08-05,103434.16191667007
2024-08-06,103434.16191667007
2024-08-07,103434.16191667007
2024-08-08,103434.16191667007
2024-08-09,103434.16191667007
2024-08-10,103434.16191667007
2024-08-11,103434.16191667007
2024-08-12,103434.16191667007
2024-08-13,103434.16191667007
2024-08-14,103434.16191667007
2024-08-15,103434.16191667007
2024-08-16,103434.16191667007
2024-08-17,103705.10557549806
2024-08-18,103705.10557549806
2024-08-19,103705.10557549806
2024-08-20,103705.10557549806
2024-08-21,103705.10557549806
2024-08-22,103705.10557549806
2024-08-23,103705.10557549806
2024-08-24,103705.10557549806
2024-08-25,103705.10557549806
2024-08-26,103705.10557549806
2024-08-27,104158.59313112257
2024-08-28,104158.59313112257
2024-08-29,104020.73803842644
2024-08-30,104020.73803842644
2024-08-31,104020.73803842644
2024-09-01,104020.73803842644
2024-09-02,104020.73803842644
2024-09-03,103881.3855304474
2024-09-04,103881.3855304474
2024-09-05,103881.3855304474
2024-09-06,103881.3855304474
2024-09-07,103881.3855304474
2024-09-08,103881.3855304474
2024-09-09,103881.3855304474
2024-09-10,103881.3855304474
2024-09-11,103881.3855304474
2024-09-12,103881.3855304474
2024-09-13,103881.3855304474
2024-09-14,103881.3855304474
2024-09-15,103881.3855304474
2024-09-16,103881.3855304474
2024-09-17,103881.3855304474
2024-09-18,103881.3855304474
2024-09-19,103505.23825526024
2024-09-20,103505.23825526024
2024-09-21,103940.30534112673
2024-09-22,103940.30534112673
2024-09-23,103940.30534112673
2024-09-24,103822.37847411905
2024-09-25,104037.43231673112
2024-09-26,104037.43231673112
2024-09-27,104037.43231673112
2024-09-28,104037.43231673112
2024-09-29,104037.43231673112
2024-09-30,104037.43231673112
2024-10-01,103920.42292041107
2024-10-02,103920.42292041107
2024-10-03,103920.42292041107
2024-10-04,103920.42292041107
2024-10-05,103920.42292041107
2024-10-06,103920.42292041107
2024-10-07,103920.42292041107
2024-10-08,103920.42292041107
2024-10-09,103681.36337551923
2024-10-10,103681.36337551923
2024-10-11,103681.36337551923
2024-10-12,103681.36337551923
2024-10-13,103681.36337551923
2024-10-14,103681.36337551923
2024-10-15,103681.36337551923
2024-10-16,103681.36337551923
2024-10-17,103681.36337551923
2024-10-18,103681.36337551923
2024-10-19,103681.36337551923
2024-10-20,103681.36337551923
2024-10-21,103681.36337551923
2024-10-22,103681.36337551923
2024-10-23,103681.36337551923
2024-10-24,103681.36337551923
2024-10-25,103681.36337551923
2024-10-26,103541.65052862804
2024-10-27,103541.65052862804
2024-10-28,103541.65052862804
2024-10-29,103541.65052862804
2024-10-30,104010.97473156013
2024-10-31,104010.97473156013
2024-11-01,103810.41810313385
2024-11-02,103810.41810313385
2024-11-03,103810.41810313385
2024-11-04,103810.41810313385
2024-11-05,103810.41810313385
2024-11-06,103810.41810313385
2024-11-07,103810.41810313385
2024-11-08,103810.41810313385
2024-11-09,103810.41810313385
2024-11-10,103810.41810313385
2024-11-11,103810.41810313385
2024-11-12,103810.41810313385
2024-11-13,103810.41810313385
2024-11-14,103810.41810313385
2024-11-15,103810.41810313385
2024-11-16,103688.75163592715
2024-11-17,103688.75163592715
2024-11-18,103688.75163592715
2024-11-19,103688.75163592715
2024-11-20,103688.75163592715
2024-11-21,103688.75163592715
2024-11-22,103688.75163592715
2024-11-23,103688.75163592715
2024-11-24,103688.75163592715
2024-11-25,103688.75163592715
2024-11-26,103562.45959239702
2024-11-27,103562.45959239702
2024-11-28,103562.45959239702
2024-11-29,103562.45959239702
2024-11-30,103562.45959239702
2024-12-01,103562.45959239702
2024-12-02,103562.45959239702
2024-12-03,103562.45959239702
2024-12-04,103562.45959239702
2024-12-05,103562.45959239702
2024-12-06,103562.45959239702
2024-12-07,103562.45959239702
2024-12-08,103562.45959239702
2024-12-09,103562.45959239702
2024-12-10,103803.83732437689
2024-12-11,103803.83732437689
2024-12-12,103803.83732437689
2024-12-13,103803.83732437689
2024-12-14,103683.46991960445
2024-12-15,103683.46991960445
2024-12-16,103683.46991960445
2024-12-17,103683.46991960445
2024-12-18,103683.46991960445
2024-12-19,103683.46991960445
2024-12-20,103683.46991960445
2024-12-21,103683.46991960445
2024-12-22,103683.46991960445
2024-12-23,103683.46991960445
2024-12-24,103683.46991960445
2024-12-25,103683.46991960445
2024-12-26,103683.46991960445
2024-12-27,103683.46991960445
2024-12-28,103683.46991960445
2024-12-29,103683.46991960445
2024-12-30,103683.46991960445
2024-12-31,103683.46991960445
2025-01-01,103683.46991960445
2025-01-02,103683.46991960445
2025-01-03,103565.96538713115
2025-01-04,103565.96538713115
2025-01-05,103565.96538713115
2025-01-06,103565.96538713115
2025-01-07,103422.74286717184
2025-01-08,103422.74286717184
2025-01-09,103422.74286717184
2025-01-10,103422.74286717184
2025-01-11,103422.74286717184
2025-01-12,103422.74286717184
2025-01-13,103422.74286717184
2025-01-14,103309.43365144872
2025-01-15,103183.38138668469
2025-01-16,103069.28965555046
2025-01-17,103268.67015994155
2025-01-18,103268.67015994155
2025-01-19,103268.67015994155
2025-01-20,103268.67015994155
2025-01-21,103268.67015994155
2025-01-22,103470.73394740395
2025-01-23,103470.73394740395
2025-01-24,103470.73394740395
2025-01-25,103470.73394740395
2025-01-26,103470.73394740395
2025-01-27,103470.73394740395
2025-01-28,103156.7521382984
2025-01-29,103156.7521382984
2025-01-30,103156.7521382984
2025-01-31,103156.7521382984
2025-02-01,103156.7521382984
2025-02-02,103156.7521382984
2025-02-03,103156.7521382984
2025-02-04,103283.86769790965
2025-02-05,103393.0405394263
2025-02-06,103393.0405394263
2025-02-07,103393.0405394263
2025-02-08,103606.8671907644
2025-02-09,103606.8671907644
2025-02-10,103606.8671907644
2025-02-11,103835.34638857948
2025-02-12,103721.1071002546
2025-02-13,103721.1071002546
2025-02-14,103929.98223917065
2025-02-15,103929.98223917065
2025-02-16,103929.98223917065
2025-02-17,103929.98223917065
2025-02-18,103929.98223917065
2025-02-19,103929.98223917065
2025-02-20,104135.42720067811
2025-02-21,104135.42720067811
2025-02-22,104135.42720067811
2025-02-23,104135.42720067811
2025-02-24,104135.42720067811
2025-02-25,104135.42720067811
2025-02-26,104019.20615299237
2025-02-27,104019.20615299237
2025-02-28,104019.20615299237
2025-03-01,104019.20615299237
2025-03-02,104019.20615299237
2025-03-03,104019.20615299237
2025-03-04,104019.20615299237
2025-03-05,104019.20615299237
2025-03-06,104019.20615299237
2025-03-07,104019.20615299237
2025-03-08,104019.20615299237
2025-03-09,104019.20615299237
2025-03-10,104019.20615299237
2025-03-11,104019.20615299237
2025-03-12,104019.20615299237
2025-03-13,104019.20615299237
2025-03-14,104267.06497540364
2025-03-15,104267.06497540364
2025-03-16,104267.06497540364
2025-03-17,104267.06497540364
2025-03-18,104267.06497540364
2025-03-19,104267.06497540364
2025-03-20,104267.06497540364
2025-03-21,104155.83320779949
2025-03-22,104016.20379168272
2025-03-23,104016.20379168272
2025-03-24,104016.20379168272
2025-03-25,104016.20379168272
2025-03-26,104016.20379168272
2025-03-27,104016.20379168272
2025-03-28,104216.22285291947
2025-03-29,104216.22285291947
2025-03-30,104216.22285291947
2025-03-31,104216.22285291947
2025-04-01,104440.12553261577
2025-04-02,104440.12553261577
2025-04-03,104158.86546513492
2025-04-04,104158.86546513492
2025-04-05,104039.6652572554
2025-04-06,104039.6652572554
2025-04-07,104039.6652572554
2025-04-08,104039.6652572554
2025-04-09,104039.6652572554
2025-04-10,104039.6652572554
2025-04-11,104285.64679515928
2025-04-12,104285.64679515928
2025-04-13,104285.64679515928
2025-04-14,104285.64679515928
2025-04-15,104285.64679515928
2025-04-16,104285.64679515928
2025-04-17,104285.64679515928
2025-04-18,104285.64679515928
2025-04-19,104285.64679515928
2025-04-20,104285.64679515928
2025-04-21,104285.64679515928
2025-04-22,104285.64679515928
2025-04-23,104057.3970569847
2025-04-24,103923.68223457629
2025-04-25,103923.68223457629
2025-04-26,103923.68223457629
2025-04-27,103923.68223457629
2025-04-28,103923.68223457629
2025-04-29,103923.68223457629
2025-04-30,103923.68223457629
2025-05-01,103809.7760755551
2025-05-02,103809.7760755551
2025-05-03,103809.7760755551
2025-05-04,103809.7760755551
2025-05-05,103809.7760755551
2025-05-06,103809.7760755551
2025-05-07,103809.7760755551
2025-05-08,103809.7760755551
2025-05-09,103698.51054357874
2025-05-10,103909.14240032418
2025-05-11,103909.14240032418
2025-05-12,103909.14240032418
2025-05-13,103909.14240032418
2025-05-14,104117.5207236394
2025-05-15,104117.5207236394
2025-05-16,104117.5207236394
2025-05-17,104117.5207236394
2025-05-18,104117.5207236394
2025-05-19,104117.5207236394
2025-05-20,104117.5207236394
2025-05-21,104117.5207236394
2025-05-22,104117.5207236394
2025-05-23,104117.5207236394
2025-05-24,104117.5207236394
2025-05-25,104117.5207236394
2025-05-26,104117.5207236394
2025-05-27,104117.5207236394
2025-05-28,104117.5207236394
2025-05-29,104117.5207236394
2025-05-30,104117.5207236394
2025-05-31,103890.41917796797
2025-06-01,103890.41917796797
2025-06-02,103890.41917796797
2025-06-03,104140.16696383509
2025-06-04,104140.16696383509
2025-06-05,104140.16696383509
2025-06-06,104140.16696383509
2025-06-07,104140.16696383509
2025-06-08,104140.16696383509
2025-06-09,104140.16696383509
2025-06-10,104140.16696383509
2025-06-11,104140.16696383509
2025-06-12,104362.68640583544
2025-06-13,104210.02849651866
2025-06-14,104210.02849651866
2025-06-15,104210.02849651866
2025-06-16,104210.02849651866
2025-06-17,104210.02849651866
2025-06-18,104480.05775264448
2025-06-19,104554.47631805077
2025-06-20,104404.23883875017
2025-06-21,104404.23883875017
2025-06-22,104404.23883875017
2025-06-23,104282.39719803054
2025-06-24,104282.39719803054
2025-06-25,104282.39719803054
2025-06-26,104282.39719803054
2025-06-27,104282.39719803054
2025-06-28,104282.39719803054
2025-06-29,104282.39719803054
2025-06-30,104282.39719803054
2025-07-01,104282.39719803054
2025-07-02,104282.39719803054
2025-07-03,104508.01641674312
2025-07-04,104508.01641674312
2025-07-05,104508.01641674312
2025-07-06,104508.01641674312
2025-07-07,104508.01641674312
2025-07-08,104387.18544434768
2025-07-09,104387.18544434768
2025-07-10,104387.18544434768
2025-07-11,104387.18544434768
2025-07-12,104387.18544434768
2025-07-13,104387.18544434768
2025-07-14,104387.18544434768
2025-07-15,104387.18544434768
2025-07-16,104387.18544434768
2025-07-17,104387.18544434768
2025-07-18,104650.3244616865
2025-07-19,104650.3244616865
2025-07-20,104650.3244616865
2025-07-21,104650.3244616865
2025-07-22,104912.87333292134
2025-07-23,104797.2182068404
2025-07-24,104797.2182068404
2025-07-25,104524.70312980874
2025-07-26,104322.37958375487
2025-07-27,104322.37958375487
2025-07-28,104322.37958375487
2025-07-29,104322.37958375487
2025-07-30,104322.37958375487
2025-07-31,104396.96840339118
2025-08-01,104396.96840339118
2025-08-02,104396.96840339118
2025-08-03,104396.96840339118
2025-08-04,104396.96840339118
2025-08-05,104270.36540237755
2025-08-06,104270.36540237755
2025-08-07,104270.36540237755
2025-08-08,104270.36540237755
2025-08-09,104270.36540237755
2025-08-10,104270.36540237755
2025-08-11,104270.36540237755
2025-08-12,104270.36540237755
2025-08-13,104270.36540237755
2025-08-14,104270.36540237755
2025-08-15,104270.36540237755
2025-08-16,104270.36540237755
2025-08-17,104270.36540237755
2025-08-18,104270.36540237755
2025-08-19,104270.36540237755
2025-08-20,104146.14116398404
2025-08-21,104146.14116398404
2025-08-22,104146.14116398404
2025-08-23,104146.14116398404
2025-08-24,104146.14116398404
2025-08-25,104146.14116398404
2025-08-26,104146.14116398404
2025-08-27,104146.14116398404
2025-08-28,104146.14116398404
2025-08-29,104354.11241209999
2025-08-30,104354.11241209999
2025-08-31,104354.11241209999
2025-09-01,104354.11241209999
2025-09-02,104354.11241209999
2025-09-03,104354.11241209999
2025-09-04,104354.11241209999
2025-09-05,104354.11241209999
2025-09-06,104354.11241209999
2025-09-07,104354.11241209999
2025-09-08,104354.11241209999
2025-09-09,104354.11241209999
2025-09-10,104246.71523934157
2025-09-11,104246.71523934157
2025-09-12,104246.71523934157
2025-09-13,104246.71523934157
2025-09-14,104246.71523934157
2025-09-15,104246.71523934157
2025-09-16,104478.2824096403
2025-09-17,104478.2824096403
2025-09-18,104229.66151845567
2025-09-19,104116.9651530163
2025-09-20,104116.9651530163
2025-09-21,104116.9651530163
2025-09-22,104116.9651530163
2025-09-23,104337.29105564386
2025-09-24,104337.29105564386
2025-09-25,104337.29105564386
2025-09-26,104337.29105564386
2025-09-27,104337.29105564386
2025-09-28,104337.29105564386
2025-09-29,104546.88660835828
2025-09-30,104546.88660835828
2025-10-01,104422.4702020457
2025-10-02,104505.38636241395
2025-10-03,104397.40571427999
2025-10-04,104877.96237694791
2025-10-05,104877.96237694791
2025-10-06,105081.15179493226
2025-10-07,105081.15179493226
2025-10-08,105081.15179493226
2025-10-09,105304.88503967666
2025-10-10,105304.88503967666
2025-10-11,105304.88503967666
2025-10-12,105304.88503967666
2025-10-13,105304.88503967666
2025-10-14,105521.03029045793
2025-10-15,105521.03029045793
2025-10-16,105521.03029045793
2025-10-17,105521.03029045793
2025-10-18,105521.03029045793
2025-10-19,105521.03029045793
2025-10-20,105521.03029045793
2025-10-21,105748.56912245386
2025-10-22,105574.82729497842
2025-10-23,105797.26821911991
2025-10-24,105797.26821911991
2025-10-25,105797.26821911991
2025-10-26,105797.26821911991
2025-10-27,105797.26821911991
2025-10-28,105797.26821911991
2025-10-29,105797.26821911991
2025-10-30,105797.26821911991
2025-10-31,105797.26821911991
2025-11-01,105797.26821911991
2025-11-02,105797.26821911991
2025-11-03,105797.26821911991
2025-11-04,105797.26821911991
2025-11-05,105797.26821911991
2025-11-06,105797.26821911991
2025-11-07,105797.26821911991
2025-11-08,105797.26821911991
2025-11-09,105797.26821911991
2025-11-10,105797.26821911991
2025-11-11,105797.26821911991
2025-11-12,106023.25426599581
2025-11-13,106023.25426599581
2025-11-14,106023.25426599581
2025-11-15,106023.25426599581
2025-11-16,106023.25426599581
2025-11-17,106023.25426599581
2025-11-18,105864.91173439311
2025-11-19,105864.91173439311
2025-11-20,105864.91173439311
2025-11-21,105864.91173439311
2025-11-22,105864.91173439311
2025-11-23,105864.91173439311
2025-11-24,105864.91173439311
2025-11-25,105864.91173439311
2025-11-26,105864.91173439311
2025-11-27,105864.91173439311
2025-11-28,105864.91173439311
2025-11-29,105864.91173439311
2025-11-30,105864.91173439311
2025-12-01,105864.91173439311
2025-12-02,105864.91173439311
2025-12-03,105732.79498482418
2025-12-04,105732.79498482418
2025-12-05,105592.51160032643
2025-12-06,105477.12745215498
2025-12-07,105477.12745215498
2025-12-08,105477.12745215498
2025-12-09,105477.12745215498
2025-12-10,105766.6018587806
2025-12-11,105985.57036452714
2025-12-12,106440.32577709112
2025-12-13,106440.32577709112
2025-12-14,106440.32577709112
2025-12-15,106440.32577709112
2025-12-16,106440.32577709112
2025-12-17,106440.32577709112
2025-12-18,106718.49787948595
2025-12-19,106938.75446605207
2025-12-20,106938.75446605207
2025-12-21,106938.75446605207
2025-12-22,106938.75446605207
2025-12-23,106938.75446605207
2025-12-24,106938.75446605207
2025-12-25,106938.75446605207
2025-12-26,106938.75446605207
2025-12-27,106938.75446605207
2025-12-28,106938.75446605207
2025-12-29,106938.75446605207
2025-12-30,106809.69654822501
2025-12-31,106809.69654822501
2026-01-01,106809.69654822501
2026-01-02,106809.69654822501
2026-01-03,106809.69654822501
2026-01-04,106809.69654822501
2026-01-05,106809.69654822501
2026-01-06,106809.69654822501
2026-01-07,106809.69654822501
2026-01-08,106809.69654822501
2026-01-09,106809.69654822501
2026-01-10,106809.69654822501
2026-01-11,106809.69654822501
2026-01-12,107067.10004907238
2026-01-13,107354.11528666304
2026-01-14,107354.11528666304
2026-01-15,107354.11528666304
2026-01-16,107354.11528666304
2026-01-17,107354.11528666304
2026-01-18,107354.11528666304
2026-01-19,107354.11528666304
2026-01-20,107354.11528666304
2026-01-21,107636.86571545765
2026-01-22,107636.86571545765
2026-01-23,107636.86571545765
2026-01-24,107621.91142229286
2026-01-25,107621.91142229286
2026-01-26,107621.91142229286
2026-01-27,107621.91142229286
2026-01-28,107472.72612377138
2026-01-29,107472.72612377138
2026-01-30,107472.72612377138
2026-01-31,107154.48317001291
2026-02-01,107154.48317001291
2026-02-02,107154.48317001291
2026-02-03,107154.48317001291
2026-02-04,107154.48317001291
2026-02-05,107154.48317001291
2026-02-06,107370.44433002546
2026-02-07,107370.44433002546
2026-02-08,107370.44433002546
2026-02-09,107370.44433002546
2026-02-10,107370.44433002546
2026-02-11,107370.44433002546
2026-02-12,107260.34428601412
2026-02-13,107260.34428601412
2026-02-14,107260.34428601412
2026-02-15,107260.34428601412
2026-02-16,107260.34428601412
2026-02-17,107260.34428601412
2026-02-18,107260.34428601412
2026-02-19,107260.34428601412
2026-02-20,107260.34428601412
2026-02-21,107260.34428601412
2026-02-22,107260.34428601412
2026-02-23,107260.34428601412
2026-02-24,107260.34428601412
2026-02-25,107260.34428601412
2026-02-26,107260.34428601412
2026-02-27,107260.34428601412
2026-02-28,107728.53832137457
2026-03-01,107728.53832137457
2026-03-02,107944.88766919619
2026-03-03,107944.88766919619
2026-03-04,107490.05284282888
2026-03-05,107490.05284282888
2026-03-06,107490.05284282888
2026-03-07,107490.05284282888
2026-03-08,107490.05284282888
2026-03-09,107490.05284282888
2026-03-10,107490.05284282888
2026-03-11,107490.05284282888
2026-03-12,107490.05284282888
2026-03-13,107490.05284282888
2026-03-14,107490.05284282888
2026-03-15,107490.05284282888
2026-03-16,107490.05284282888
2026-03-17,107490.05284282888
2026-03-18,107490.05284282888
2026-03-19,107490.05284282888
2026-03-20,107378.24805336501
2026-03-21,107378.24805336501
2026-03-22,107378.24805336501
2026-03-23,107378.24805336501
2026-03-24,107378.24805336501
2026-03-25,107378.24805336501
2026-03-26,107378.24805336501
2026-03-27,107378.24805336501
2026-03-28,107600.9260479823
2026-03-29,107600.9260479823
2026-03-30,107600.9260479823
2026-03-31,107600.9260479823
2026-04-01,107600.9260479823
2026-04-02,107600.9260479823
2026-04-03,107600.9260479823
2026-04-04,107600.9260479823
2026-04-05,107600.9260479823
2026-04-06,107600.9260479823
2026-04-07,107600.9260479823
2026-04-08,107818.87396731012
2026-04-09,107818.87396731012
2026-04-10,107818.87396731012
2026-04-11,107818.87396731012
2026-04-12,107818.87396731012
2026-04-13,107818.87396731012
2026-04-14,107818.87396731012
2026-04-15,108267.64761481706
2026-04-16,108267.64761481706
2026-04-17,108267.64761481706
2026-04-18,108267.64761481706
2026-04-19,108267.64761481706
2026-04-20,108267.64761481706
2026-04-21,108267.64761481706
2026-04-22,108267.64761481706
2026-04-23,108267.64761481706
2026-04-24,108267.64761481706
2026-04-25,108267.64761481706
2026-04-26,108267.64761481706
2026-04-27,108267.64761481706
2026-04-28,108267.64761481706
2026-04-29,108267.64761481706
2026-04-30,108267.64761481706
2026-05-01,107944.46271788499
2026-05-02,107944.46271788499
2026-05-03,107944.46271788499
2026-05-04,107944.46271788499
2026-05-05,107944.46271788499
2026-05-06,107944.46271788499
2026-05-07,107944.46271788499
2026-05-08,107944.46271788499
2026-05-09,107944.46271788499
2026-05-10,107944.46271788499
2026-05-11,107944.46271788499
2026-05-12,107944.46271788499
2026-05-13,107944.46271788499
2026-05-14,107944.46271788499
2026-05-15,107678.35260851574
2026-05-16,107678.35260851574
2026-05-17,107678.35260851574
2026-05-18,107678.35260851574
2026-05-19,107678.35260851574
2026-05-20,107678.35260851574
2026-05-21,107678.35260851574
2026-05-22,107678.35260851574
2026-05-23,107678.35260851574
2026-05-24,107678.35260851574
2026-05-25,107678.35260851574
2026-05-26,107678.35260851574
2026-05-27,107678.35260851574
2026-05-28,107678.35260851574
2026-05-29,107678.35260851574
2026-05-30,107678.35260851574
2026-05-31,107678.35260851574
2026-06-01,107678.35260851574
2026-06-02,107678.35260851574
2026-06-03,107678.35260851574
2026-06-04,107678.35260851574
2026-06-05,107678.35260851574
2026-06-06,107531.69210947894
2026-06-07,107531.69210947894
2026-06-08,107531.69210947894
2026-06-09,107531.69210947894
2026-06-10,107531.69210947894
2026-06-11,107531.69210947894
2026-06-12,107531.69210947894
2026-06-13,107531.69210947894
2026-06-14,107531.69210947894
2026-06-15,107531.69210947894
2026-06-16,107531.69210947894
2026-06-17,107531.69210947894
2026-06-18,107531.69210947894
2026-06-19,107812.11606235798
2026-06-20,107812.11606235798
2026-06-21,107812.11606235798
2026-06-22,107812.11606235798
2026-06-23,107812.11606235798
2026-06-24,107812.11606235798
2026-06-25,107812.11606235798
2026-06-26,107812.11606235798
2026-06-27,107812.11606235798
2026-06-28,107812.11606235798
2026-06-29,107812.11606235798
2026-06-30,107812.11606235798
2026-07-01,107812.11606235798
2026-07-02,107812.11606235798
2026-07-03,107812.11606235798
2026-07-04,107812.11606235798
2026-07-05,107812.11606235798
2026-07-06,107812.11606235798
2026-07-07,107812.11606235798
2026-07-08,107542.91318440528
2026-07-09,107542.91318440528
2026-07-10,107542.91318440528
2026-07-11,107542.91318440528
2026-07-12,107542.91318440528
2026-07-13,107542.91318440528
2026-07-14,107542.91318440528
2026-07-15,107542.91318440528
2026-07-16,107542.91318440528
2026-07-17,107542.91318440528
2026-07-18,107542.91318440528
2026-07-19,107542.91318440528
2026-07-20,107542.91318440528
2026-07-21,107542.91318440528
2026-07-22,107778.55305250228
2026-07-23,107778.55305250228
2026-07-24,107778.55305250228
2026-07-25,107778.55305250228
2026-07-26,107778.55305250228
2026-07-27,107778.55305250228
2026-07-28,107778.55305250228
2026-07-29,107778.55305250228
2026-07-30,107778.55305250228
2026-07-31,107778.55305250228
2026-08-01,107778.55305250228
