date,equity
2016-01-01,100000.0
2016-01-02,100000.0
2016-01-03,100000.0
2016-01-04,100000.0
2016-01-05,100000.0
2016-01-06,100000.0
2016-01-07,100000.0
2016-01-08,100000.0
2016-01-09,100000.0
2016-01-10,100000.0
2016-01-11,100000.0
2016-01-12,99291.81506923382
2016-01-13,99291.81506923382
2016-01-14,99291.81506923382
2016-01-15,99291.81506923382
2016-01-16,99291.81506923382
2016-01-17,99291.81506923382
2016-01-18,99291.81506923382
2016-01-19,99291.81506923382
2016-01-20,99291.81506923382
2016-01-21,99291.81506923382
2016-01-22,99291.81506923382
2016-01-23,99291.81506923382
2016-01-24,99291.81506923382
2016-01-25,99291.81506923382
2016-01-26,99291.81506923382
2016-01-27,99291.81506923382
2016-01-28,99291.81506923382
2016-01-29,99291.81506923382
2016-01-30,99291.81506923382
2016-01-31,99291.81506923382
2016-02-01,99291.81506923382
2016-02-02,99291.81506923382
2016-02-03,99291.81506923382
2016-02-04,99291.81506923382
2016-02-05,99291.81506923382
2016-02-06,99291.81506923382
2016-02-07,99291.81506923382
2016-02-08,99291.81506923382
2016-02-09,99291.81506923382
2016-02-10,99291.81506923382
2016-02-11,100282.84912057332
2016-02-12,100282.84912057332
2016-02-13,100282.84912057332
2016-02-14,100282.84912057332
2016-02-15,99696.01165561196
2016-02-16,99139.8446119066
2016-02-17,99139.8446119066
2016-02-18,99139.8446119066
2016-02-19,99139.8446119066
2016-02-20,99139.8446119066
2016-02-21,99139.8446119066
2016-02-22,98477.15143141162
2016-02-23,98477.15143141162
2016-02-24,98477.15143141162
2016-02-25,98477.15143141162
2016-02-26,98477.15143141162
2016-02-27,98477.15143141162
2016-02-28,98477.15143141162
2016-02-29,98477.15143141162
2016-03-01,98477.15143141162
2016-03-02,98477.15143141162
2016-03-03,98477.15143141162
2016-03-04,98477.15143141162
2016-03-05,98477.15143141162
2016-03-06,98477.15143141162
2016-03-07,98477.15143141162
2016-03-08,98477.15143141162
2016-03-09,97812.80298038284
2016-03-10,97291.3349206506
2016-03-11,97291.3349206506
2016-03-12,97291.3349206506
2016-03-13,97291.3349206506
2016-03-14,96776.82857713211
2016-03-15,96776.82857713211
2016-03-16,96776.82857713211
2016-03-17,96776.82857713211
2016-03-18,96776.82857713211
2016-03-19,96776.82857713211
2016-03-20,96776.82857713211
2016-03-21,96776.82857713211
2016-03-22,96776.82857713211
2016-03-23,96264.38033093825
2016-03-24,96264.38033093825
2016-03-25,96264.38033093825
2016-03-26,96264.38033093825
2016-03-27,96264.38033093825
2016-03-28,96264.38033093825
2016-03-29,96264.38033093825
2016-03-30,96264.38033093825
2016-03-31,96264.38033093825
2016-04-01,96264.38033093825
2016-04-02,96264.38033093825
2016-04-03,96264.38033093825
2016-04-04,96264.38033093825
2016-04-05,96264.38033093825
2016-04-06,96264.38033093825
2016-04-07,96264.38033093825
2016-04-08,96264.38033093825
2016-04-09,96264.38033093825
2016-04-10,96264.38033093825
2016-04-11,96264.38033093825
2016-04-12,96264.38033093825
2016-04-13,96264.38033093825
2016-04-14,95507.22710370475
2016-04-15,95507.22710370475
2016-04-16,95507.22710370475
2016-04-17,95507.22710370475
2016-04-18,95507.22710370475
2016-04-19,95507.22710370475
2016-04-20,95507.22710370475
2016-04-21,95507.22710370475
2016-04-22,95507.22710370475
2016-04-23,95507.22710370475
2016-04-24,95507.22710370475
2016-04-25,95507.22710370475
2016-04-26,95507.22710370475
2016-04-27,95507.22710370475
2016-04-28,95507.22710370475
2016-04-29,95507.22710370475
2016-04-30,95507.22710370475
2016-05-01,95507.22710370475
2016-05-02,95507.22710370475
2016-05-03,95507.22710370475
2016-05-04,94365.45944463175
2016-05-05,94365.45944463175
2016-05-06,94365.45944463175
2016-05-07,94365.45944463175
2016-05-08,94365.45944463175
2016-05-09,93603.46256412358
2016-05-10,93603.46256412358
2016-05-11,93603.46256412358
2016-05-12,93603.46256412358
2016-05-13,93603.46256412358
2016-05-14,93603.46256412358
2016-05-15,93603.46256412358
2016-05-16,93603.46256412358
2016-05-17,93603.46256412358
2016-05-18,93603.46256412358
2016-05-19,93603.46256412358
2016-05-20,93603.46256412358
2016-05-21,93603.46256412358
2016-05-22,93603.46256412358
2016-05-23,93603.46256412358
2016-05-24,93603.46256412358
2016-05-25,93603.46256412358
2016-05-26,93603.46256412358
2016-05-27,93603.46256412358
2016-05-28,93603.46256412358
2016-05-29,93603.46256412358
2016-05-30,93603.46256412358
2016-05-31,93603.46256412358
2016-06-01,93603.46256412358
2016-06-02,93603.46256412358
2016-06-03,93603.46256412358
2016-06-04,93603.46256412358
2016-06-05,93603.46256412358
2016-06-06,93603.46256412358
2016-06-07,93603.46256412358
2016-06-08,94737.01703586639
2016-06-09,94737.01703586639
2016-06-10,94737.01703586639
2016-06-11,94737.01703586639
2016-06-12,94737.01703586639
2016-06-13,94737.01703586639
2016-06-14,94737.01703586639
2016-06-15,94737.01703586639
2016-06-16,94737.01703586639
2016-06-17,94737.01703586639
2016-06-18,94737.01703586639
2016-06-19,94737.01703586639
2016-06-20,94737.01703586639
2016-06-21,94187.38396942621
2016-06-22,94187.38396942621
2016-06-23,94187.38396942621
2016-06-24,94187.38396942621
2016-06-25,94187.38396942621
2016-06-26,94187.38396942621
2016-06-27,94187.38396942621
2016-06-28,94187.38396942621
2016-06-29,94187.38396942621
2016-06-30,94187.38396942621
2016-07-01,95207.42507861256
2016-07-02,95207.42507861256
2016-07-03,95207.42507861256
2016-07-04,95207.42507861256
2016-07-05,95207.42507861256
2016-07-06,95207.42507861256
2016-07-07,95207.42507861256
2016-07-08,94683.6707475092
2016-07-09,94683.6707475092
2016-07-10,95919.75604689812
2016-07-11,95919.75604689812
2016-07-12,95300.8629246107
2016-07-13,95300.8629246107
2016-07-14,95300.8629246107
2016-07-15,95300.8629246107
2016-07-16,95300.8629246107
2016-07-17,95300.8629246107
2016-07-18,95300.8629246107
2016-07-19,95300.8629246107
2016-07-20,95300.8629246107
2016-07-21,95300.8629246107
2016-07-22,95300.8629246107
2016-07-23,95300.8629246107
2016-07-24,95300.8629246107
2016-07-25,95300.8629246107
2016-07-26,95300.8629246107
2016-07-27,95300.8629246107
2016-07-28,95300.8629246107
2016-07-29,94152.94240815645
2016-07-30,94152.94240815645
2016-07-31,94152.94240815645
2016-08-01,94152.94240815645
2016-08-02,94152.94240815645
2016-08-03,94152.94240815645
2016-08-04,93507.54341382849
2016-08-05,92619.5735383279
2016-08-06,92619.5735383279
2016-08-07,92619.5735383279
2016-08-08,92619.5735383279
2016-08-09,92619.5735383279
2016-08-10,92619.5735383279
2016-08-11,92619.5735383279
2016-08-12,92619.5735383279
2016-08-13,92619.5735383279
2016-08-14,92619.5735383279
2016-08-15,92619.5735383279
2016-08-16,92619.5735383279
2016-08-17,92619.5735383279
2016-08-18,92619.5735383279
2016-08-19,92619.5735383279
2016-08-20,92619.5735383279
2016-08-21,91962.19007807656
2016-08-22,91962.19007807656
2016-08-23,91962.19007807656
2016-08-24,91962.19007807656
2016-08-25,91962.19007807656
2016-08-26,91962.19007807656
2016-08-27,91962.19007807656
2016-08-28,91962.19007807656
2016-08-29,91962.19007807656
2016-08-30,91962.19007807656
2016-08-31,91962.19007807656
2016-09-01,91962.19007807656
2016-09-02,91962.19007807656
2016-09-03,91962.19007807656
2016-09-04,91962.19007807656
2016-09-05,91962.19007807656
2016-09-06,91962.19007807656
2016-09-07,91962.19007807656
2016-09-08,91962.19007807656
2016-09-09,90909.33378141576
2016-09-10,90909.33378141576
2016-09-11,90909.33378141576
2016-09-12,90909.33378141576
2016-09-13,90909.33378141576
2016-09-14,90909.33378141576
2016-09-15,90909.33378141576
2016-09-16,90909.33378141576
2016-09-17,90909.33378141576
2016-09-18,90909.33378141576
2016-09-19,90909.33378141576
2016-09-20,90909.33378141576
2016-09-21,90124.85371332527
2016-09-22,90124.85371332527
2016-09-23,90124.85371332527
2016-09-24,90124.85371332527
2016-09-25,90124.85371332527
2016-09-26,89532.93341106047
2016-09-27,88762.65306052043
2016-09-28,88762.65306052043
2016-09-29,88762.65306052043
2016-09-30,88762.65306052043
2016-10-01,88762.65306052043
2016-10-02,88762.65306052043
2016-10-03,88762.65306052043
2016-10-04,88762.65306052043
2016-10-05,88762.65306052043
2016-10-06,88762.65306052043
2016-10-07,88762.65306052043
2016-10-08,88762.65306052043
2016-10-09,88762.65306052043
2016-10-10,88762.65306052043
2016-10-11,88762.65306052043
2016-10-12,88762.65306052043
2016-10-13,88762.65306052043
2016-10-14,88762.65306052043
2016-10-15,88762.65306052043
2016-10-16,88762.65306052043
2016-10-17,88762.65306052043
2016-10-18,88762.65306052043
2016-10-19,88762.65306052043
2016-10-20,88762.65306052043
2016-10-21,88762.65306052043
2016-10-22,88762.65306052043
2016-10-23,88762.65306052043
2016-10-24,88762.65306052043
2016-10-25,89708.53113032121
2016-10-26,89708.53113032121
2016-10-27,90595.76481077251
2016-10-28,90595.76481077251
2016-10-29,90595.76481077251
2016-10-30,90595.76481077251
2016-10-31,90595.76481077251
2016-11-01,90595.76481077251
2016-11-02,90595.76481077251
2016-11-03,90595.76481077251
2016-11-04,90595.76481077251
2016-11-05,90595.76481077251
2016-11-06,90595.76481077251
2016-11-07,90075.05587879314
2016-11-08,90075.05587879314
2016-11-09,91153.49725077597
2016-11-10,91153.49725077597
2016-11-11,91153.49725077597
2016-11-12,91153.49725077597
2016-11-13,91153.49725077597
2016-11-14,91153.49725077597
2016-11-15,91153.49725077597
2016-11-16,91153.49725077597
2016-11-17,91153.49725077597
2016-11-18,91153.49725077597
2016-11-19,91153.49725077597
2016-11-20,91153.49725077597
2016-11-21,91153.49725077597
2016-11-22,91153.49725077597
2016-11-23,91153.49725077597
2016-11-24,91153.49725077597
2016-11-25,91153.49725077597
2016-11-26,91153.49725077597
2016-11-27,91153.49725077597
2016-11-28,91153.49725077597
2016-11-29,91153.49725077597
2016-11-30,91153.49725077597
2016-12-01,91153.49725077597
2016-12-02,91153.49725077597
2016-12-03,91153.49725077597
2016-12-04,91153.49725077597
2016-12-05,91153.49725077597
2016-12-06,91153.49725077597
2016-12-07,91153.49725077597
2016-12-08,91153.49725077597
2016-12-09,91153.49725077597
2016-12-10,91153.49725077597
2016-12-11,91153.49725077597
2016-12-12,91153.49725077597
2016-12-13,91153.49725077597
2016-12-14,91153.49725077597
2016-12-15,91153.49725077597
2016-12-16,91153.49725077597
2016-12-17,91153.49725077597
2016-12-18,91153.49725077597
2016-12-19,91153.49725077597
2016-12-20,91153.49725077597
2016-12-21,91153.49725077597
2016-12-22,91153.49725077597
2016-12-23,91153.49725077597
2016-12-24,91153.49725077597
2016-12-25,91153.49725077597
2016-12-26,91153.49725077597
2016-12-27,91153.49725077597
2016-12-28,91153.49725077597
2016-12-29,91153.49725077597
2016-12-30,91153.49725077597
2016-12-31,91153.49725077597
2017-01-01,91153.49725077597
2017-01-02,91153.49725077597
2017-01-03,93167.9643589865
2017-01-04,93167.9643589865
2017-01-05,92687.66704333173
2017-01-06,92687.66704333173
2017-01-07,92687.66704333173
2017-01-08,92687.66704333173
2017-01-09,93709.0259902082
2017-01-10,94680.53597668429
2017-01-11,94680.53597668429
2017-01-12,95594.3290885186
2017-01-13,95594.3290885186
2017-01-14,95594.3290885186
2017-01-15,95594.3290885186
2017-01-16,95594.3290885186
2017-01-17,96520.08868485475
2017-01-18,96520.08868485475
2017-01-19,95846.92466377554
2017-01-20,95846.92466377554
2017-01-21,95846.92466377554
2017-01-22,95846.92466377554
2017-01-23,96939.40796755638
2017-01-24,96939.40796755638
2017-01-25,96312.85493246684
2017-01-26,96312.85493246684
2017-01-27,95786.2193742928
2017-01-28,95786.2193742928
2017-01-29,95786.2193742928
2017-01-30,95786.2193742928
2017-01-31,95786.2193742928
2017-02-01,95786.2193742928
2017-02-02,95786.2193742928
2017-02-03,95786.2193742928
2017-02-04,95786.2193742928
2017-02-05,95786.2193742928
2017-02-06,96724.68446123938
2017-02-07,96724.68446123938
2017-02-08,96724.68446123938
2017-02-09,96156.57550715872
2017-02-10,97214.07589177208
2017-02-11,97214.07589177208
2017-02-12,97214.07589177208
2017-02-13,97214.07589177208
2017-02-14,97214.07589177208
2017-02-15,97214.07589177208
2017-02-16,97214.07589177208
2017-02-17,97214.07589177208
2017-02-18,97214.07589177208
2017-02-19,97214.07589177208
2017-02-20,97214.07589177208
2017-02-21,95926.40481415682
2017-02-22,95926.40481415682
2017-02-23,97148.18325165653
2017-02-24,98154.83090930367
2017-02-25,98154.83090930367
2017-02-26,98154.83090930367
2017-02-27,98154.83090930367
2017-02-28,98154.83090930367
2017-03-01,98154.83090930367
2017-03-02,97014.61774481222
2017-03-03,97014.61774481222
2017-03-04,97014.61774481222
2017-03-05,97014.61774481222
2017-03-06,97014.61774481222
2017-03-07,97014.61774481222
2017-03-08,97014.61774481222
2017-03-09,97014.61774481222
2017-03-10,97014.61774481222
2017-03-11,97014.61774481222
2017-03-12,97014.61774481222
2017-03-13,97014.61774481222
2017-03-14,97014.61774481222
2017-03-15,97014.61774481222
2017-03-16,97014.61774481222
2017-03-17,97014.61774481222
2017-03-18,97014.61774481222
2017-03-19,97014.61774481222
2017-03-20,97014.61774481222
2017-03-21,97014.61774481222
2017-03-22,97014.61774481222
2017-03-23,97014.61774481222
2017-03-24,97014.61774481222
2017-03-25,97014.61774481222
2017-03-26,97014.61774481222
2017-03-27,97014.61774481222
2017-03-28,97014.61774481222
2017-03-29,97014.61774481222
2017-03-30,96350.40504442676
2017-03-31,96350.40504442676
2017-04-01,96350.40504442676
2017-04-02,96350.40504442676
2017-04-03,96350.40504442676
2017-04-04,97310.54770217977
2017-04-05,97310.54770217977
2017-04-06,97310.54770217977
2017-04-07,96223.85394701135
2017-04-08,96223.85394701135
2017-04-09,96223.85394701135
2017-04-10,96223.85394701135
2017-04-11,96223.85394701135
2017-04-12,96223.85394701135
2017-04-13,96223.85394701135
2017-04-14,96223.85394701135
2017-04-15,96223.85394701135
2017-04-16,96223.85394701135
2017-04-17,96223.85394701135
2017-04-18,94979.73232146204
2017-04-19,94979.73232146204
2017-04-20,94979.73232146204
2017-04-21,94979.73232146204
2017-04-22,94979.73232146204
2017-04-23,94979.73232146204
2017-04-24,94979.73232146204
2017-04-25,94979.73232146204
2017-04-26,94979.73232146204
2017-04-27,94979.73232146204
2017-04-28,94979.73232146204
2017-04-29,94979.73232146204
2017-04-30,94979.73232146204
2017-05-01,94979.73232146204
2017-05-02,94979.73232146204
2017-05-03,94979.73232146204
2017-05-04,94979.73232146204
2017-05-05,94979.73232146204
2017-05-06,94979.73232146204
2017-05-07,94979.73232146204
2017-05-08,94979.73232146204
2017-05-09,94979.73232146204
2017-05-10,94979.73232146204
2017-05-11,94979.73232146204
2017-05-12,94979.73232146204
2017-05-13,94979.73232146204
2017-05-14,94979.73232146204
2017-05-15,94979.73232146204
2017-05-16,94979.73232146204
2017-05-17,94979.73232146204
2017-05-18,94979.73232146204
2017-05-19,94979.73232146204
2017-05-20,94979.73232146204
2017-05-21,94979.73232146204
2017-05-22,96014.05380515325
2017-05-23,96014.05380515325
2017-05-24,95346.06940167447
2017-05-25,95346.06940167447
2017-05-26,96320.78856951704
2017-05-27,96320.78856951704
2017-05-28,96320.78856951704
2017-05-29,96320.78856951704
2017-05-30,96320.78856951704
2017-05-31,96320.78856951704
2017-06-01,95567.31376879103
2017-06-02,96486.40797889126
2017-06-03,96486.40797889126
2017-06-04,96486.40797889126
2017-06-05,96486.40797889126
2017-06-06,96486.40797889126
2017-06-07,96486.40797889126
2017-06-08,94483.47236326583
2017-06-09,94483.47236326583
2017-06-10,94483.47236326583
2017-06-11,94483.47236326583
2017-06-12,94483.47236326583
2017-06-13,94483.47236326583
2017-06-14,93967.26350652645
2017-06-15,93967.26350652645
2017-06-16,93967.26350652645
2017-06-17,93967.26350652645
2017-06-18,93967.26350652645
2017-06-19,93967.26350652645
2017-06-20,93967.26350652645
2017-06-21,93967.26350652645
2017-06-22,93967.26350652645
2017-06-23,93967.26350652645
2017-06-24,93967.26350652645
2017-06-25,93967.26350652645
2017-06-26,93967.26350652645
2017-06-27,93967.26350652645
2017-06-28,93967.26350652645
2017-06-29,93967.26350652645
2017-06-30,93967.26350652645
2017-07-01,93967.26350652645
2017-07-02,93967.26350652645
2017-07-03,93967.26350652645
2017-07-04,93967.26350652645
2017-07-05,93967.26350652645
2017-07-06,93967.26350652645
2017-07-07,93967.26350652645
2017-07-08,93967.26350652645
2017-07-09,93967.26350652645
2017-07-10,93967.26350652645
2017-07-11,93967.26350652645
2017-07-12,93967.26350652645
2017-07-13,93967.26350652645
2017-07-14,93473.1562411938
2017-07-15,93473.1562411938
2017-07-16,92970.92152499098
2017-07-17,92970.92152499098
2017-07-18,92440.11498817289
2017-07-19,92440.11498817289
2017-07-20,92440.11498817289
2017-07-21,92440.11498817289
2017-07-22,92440.11498817289
2017-07-23,92440.11498817289
2017-07-24,92440.11498817289
2017-07-25,91918.03162351555
2017-07-26,92953.54462202318
2017-07-27,93369.42565767621
2017-07-28,93369.42565767621
2017-07-29,93369.42565767621
2017-07-30,93369.42565767621
2017-07-31,93369.42565767621
2017-08-01,93369.42565767621
2017-08-02,93369.42565767621
2017-08-03,92858.10293384254
2017-08-04,92210.79874049684
2017-08-05,92210.79874049684
2017-08-06,92210.79874049684
2017-08-07,92210.79874049684
2017-08-08,92210.79874049684
2017-08-09,92210.79874049684
2017-08-10,92210.79874049684
2017-08-11,92210.79874049684
2017-08-12,92210.79874049684
2017-08-13,92210.79874049684
2017-08-14,92210.79874049684
2017-08-15,90911.14301899102
2017-08-16,90911.14301899102
2017-08-17,90911.14301899102
2017-08-18,90911.14301899102
2017-08-19,90911.14301899102
2017-08-20,90911.14301899102
2017-08-21,90911.14301899102
2017-08-22,90911.14301899102
2017-08-23,90911.14301899102
2017-08-24,90911.14301899102
2017-08-25,90911.14301899102
2017-08-26,90911.14301899102
2017-08-27,90911.14301899102
2017-08-28,91818.68858530173
2017-08-29,92711.77277124912
2017-08-30,92711.77277124912
2017-08-31,93660.6718976101
2017-09-01,93660.6718976101
2017-09-02,93660.6718976101
2017-09-03,93660.6718976101
2017-09-04,93660.6718976101
2017-09-05,93660.6718976101
2017-09-06,93660.6718976101
2017-09-07,93660.6718976101
2017-09-08,93660.6718976101
2017-09-09,93660.6718976101
2017-09-10,93660.6718976101
2017-09-11,93098.20881085026
2017-09-12,93098.20881085026
2017-09-13,93098.20881085026
2017-09-14,92578.8209278154
2017-09-15,92578.8209278154
2017-09-16,92578.8209278154
2017-09-17,92578.8209278154
2017-09-18,92578.8209278154
2017-09-19,92578.8209278154
2017-09-20,92578.8209278154
2017-09-21,92578.8209278154
2017-09-22,92578.8209278154
2017-09-23,92578.8209278154
2017-09-24,92578.8209278154
2017-09-25,92578.8209278154
2017-09-26,92578.8209278154
2017-09-27,92578.8209278154
2017-09-28,92578.8209278154
2017-09-29,92578.8209278154
2017-09-30,92578.8209278154
2017-10-01,92578.8209278154
2017-10-02,92578.8209278154
2017-10-03,92578.8209278154
2017-10-04,92578.8209278154
2017-10-05,92578.8209278154
2017-10-06,92578.8209278154
2017-10-07,92578.8209278154
2017-10-08,92578.8209278154
2017-10-09,92578.8209278154
2017-10-10,92578.8209278154
2017-10-11,92578.8209278154
2017-10-12,92578.8209278154
2017-10-13,92075.01897026686
2017-10-14,92075.01897026686
2017-10-15,92075.01897026686
2017-10-16,92075.01897026686
2017-10-17,91440.81990396343
2017-10-18,91440.81990396343
2017-10-19,91440.81990396343
2017-10-20,92474.52078651445
2017-10-21,92474.52078651445
2017-10-22,92474.52078651445
2017-10-23,92474.52078651445
2017-10-24,92474.52078651445
2017-10-25,92474.52078651445
2017-10-26,92474.52078651445
2017-10-27,92474.52078651445
2017-10-28,92474.52078651445
2017-10-29,92474.52078651445
2017-10-30,92474.52078651445
2017-10-31,92474.52078651445
2017-11-01,92474.52078651445
2017-11-02,92474.52078651445
2017-11-03,92474.52078651445
2017-11-04,92474.52078651445
2017-11-05,92474.52078651445
2017-11-06,93403.25343442359
2017-11-07,93403.25343442359
2017-11-08,93403.25343442359
2017-11-09,93403.25343442359
2017-11-10,93403.25343442359
2017-11-11,93403.25343442359
2017-11-12,93403.25343442359
2017-11-13,93403.25343442359
2017-11-14,93403.25343442359
2017-11-15,93403.25343442359
2017-11-16,93403.25343442359
2017-11-17,93403.25343442359
2017-11-18,93403.25343442359
2017-11-19,93403.25343442359
2017-11-20,93403.25343442359
2017-11-21,93403.25343442359
2017-11-22,94308.20517863637
2017-11-23,94308.20517863637
2017-11-24,94308.20517863637
2017-11-25,94308.20517863637
2017-11-26,94308.20517863637
2017-11-27,94308.20517863637
2017-11-28,94308.20517863637
2017-11-29,94308.20517863637
2017-11-30,94308.20517863637
2017-12-01,94308.20517863637
2017-12-02,94308.20517863637
2017-12-03,94308.20517863637
2017-12-04,94308.20517863637
2017-12-05,94308.20517863637
2017-12-06,94308.20517863637
2017-12-07,94308.20517863637
2017-12-08,94308.20517863637
2017-12-09,94308.20517863637
2017-12-10,94308.20517863637
2017-12-11,94308.20517863637
2017-12-12,94308.20517863637
2017-12-13,94308.20517863637
2017-12-14,93808.6628825199
2017-12-15,93808.6628825199
2017-12-16,93808.6628825199
2017-12-17,93808.6628825199
2017-12-18,93808.6628825199
2017-12-19,93808.6628825199
2017-12-20,93808.6628825199
2017-12-21,93808.6628825199
2017-12-22,93808.6628825199
2017-12-23,93808.6628825199
2017-12-24,93808.6628825199
2017-12-25,93808.6628825199
2017-12-26,93808.6628825199
2017-12-27,93808.6628825199
2017-12-28,93808.6628825199
2017-12-29,93808.6628825199
2017-12-30,93808.6628825199
2017-12-31,93808.6628825199
2018-01-01,93808.6628825199
2018-01-02,93808.6628825199
2018-01-03,93808.6628825199
2018-01-04,95015.05633735434
2018-01-05,95015.05633735434
2018-01-06,95015.05633735434
2018-01-07,95015.05633735434
2018-01-08,95015.05633735434
2018-01-09,94266.39820704194
2018-01-10,95210.23790966005
2018-01-11,95210.23790966005
2018-01-12,95210.23790966005
2018-01-13,95210.23790966005
2018-01-14,95210.23790966005
2018-01-15,95210.23790966005
2018-01-16,95210.23790966005
2018-01-17,94015.26311086176
2018-01-18,94015.26311086176
2018-01-19,94015.26311086176
2018-01-20,94015.26311086176
2018-01-21,94015.26311086176
2018-01-22,94015.26311086176
2018-01-23,94015.26311086176
2018-01-24,94015.26311086176
2018-01-25,94015.26311086176
2018-01-26,94015.26311086176
2018-01-27,94015.26311086176
2018-01-28,94015.26311086176
2018-01-29,94015.26311086176
2018-01-30,94015.26311086176
2018-01-31,94015.26311086176
2018-02-01,94015.26311086176
2018-02-02,94015.26311086176
2018-02-03,94015.26311086176
2018-02-04,94015.26311086176
2018-02-05,94015.26311086176
2018-02-06,94015.26311086176
2018-02-07,93351.9757085487
2018-02-08,93351.9757085487
2018-02-09,93351.9757085487
2018-02-10,93351.9757085487
2018-02-11,93351.9757085487
2018-02-12,93351.9757085487
2018-02-13,92873.6839701678
2018-02-14,92873.6839701678
2018-02-15,92873.6839701678
2018-02-16,92873.6839701678
2018-02-17,92873.6839701678
2018-02-18,92873.6839701678
2018-02-19,92873.6839701678
2018-02-20,92306.6087462976
2018-02-21,92306.6087462976
2018-02-22,92306.6087462976
2018-02-23,92306.6087462976
2018-02-24,92306.6087462976
2018-02-25,92306.6087462976
2018-02-26,92306.6087462976
2018-02-27,92306.6087462976
2018-02-28,92306.6087462976
2018-03-01,92306.6087462976
2018-03-02,92306.6087462976
2018-03-03,92306.6087462976
2018-03-04,92306.6087462976
2018-03-05,92306.6087462976
2018-03-06,92306.6087462976
2018-03-07,92306.6087462976
2018-03-08,92306.6087462976
2018-03-09,92306.6087462976
2018-03-10,92306.6087462976
2018-03-11,92306.6087462976
2018-03-12,92306.6087462976
2018-03-13,92306.6087462976
2018-03-14,92306.6087462976
2018-03-15,92306.6087462976
2018-03-16,92306.6087462976
2018-03-17,92306.6087462976
2018-03-18,92306.6087462976
2018-03-19,92306.6087462976
2018-03-20,92306.6087462976
2018-03-21,92306.6087462976
2018-03-22,92306.6087462976
2018-03-23,92306.6087462976
2018-03-24,92306.6087462976
2018-03-25,92306.6087462976
2018-03-26,92306.6087462976
2018-03-27,92306.6087462976
2018-03-28,91122.1469978445
2018-03-29,91122.1469978445
2018-03-30,91122.1469978445
2018-03-31,91122.1469978445
2018-04-01,91122.1469978445
2018-04-02,91122.1469978445
2018-04-03,91122.1469978445
2018-04-04,91122.1469978445
2018-04-05,91122.1469978445
2018-04-06,91122.1469978445
2018-04-07,91122.1469978445
2018-04-08,91122.1469978445
2018-04-09,91122.1469978445
2018-04-10,91122.1469978445
2018-04-11,91122.1469978445
2018-04-12,91122.1469978445
2018-04-13,91122.1469978445
2018-04-14,91122.1469978445
2018-04-15,91122.1469978445
2018-04-16,91122.1469978445
2018-04-17,91122.1469978445
2018-04-18,91122.1469978445
2018-04-19,91122.1469978445
2018-04-20,90574.47082367455
2018-04-21,90574.47082367455
2018-04-22,90574.47082367455
2018-04-23,89966.33158770233
2018-04-24,89966.33158770233
2018-04-25,89966.33158770233
2018-04-26,89966.33158770233
2018-04-27,89966.33158770233
2018-04-28,89966.33158770233
2018-04-29,89966.33158770233
2018-04-30,89966.33158770233
2018-05-01,89966.33158770233
2018-05-02,89966.33158770233
2018-05-03,89966.33158770233
2018-05-04,89966.33158770233
2018-05-05,89966.33158770233
2018-05-06,89966.33158770233
2018-05-07,89966.33158770233
2018-05-08,89966.33158770233
2018-05-09,89966.33158770233
2018-05-10,89966.33158770233
2018-05-11,89966.33158770233
2018-05-12,89966.33158770233
2018-05-13,89966.33158770233
2018-05-14,89966.33158770233
2018-05-15,89966.33158770233
2018-05-16,89966.33158770233
2018-05-17,89966.33158770233
2018-05-18,89966.33158770233
2018-05-19,89966.33158770233
2018-05-20,89966.33158770233
2018-05-21,89966.33158770233
2018-05-22,89966.33158770233
2018-05-23,89966.33158770233
2018-05-24,89508.13574041976
2018-05-25,89508.13574041976
2018-05-26,89508.13574041976
2018-05-27,89508.13574041976
2018-05-28,89508.13574041976
2018-05-29,88922.02495092676
2018-05-30,88922.02495092676
2018-05-31,88922.02495092676
2018-06-01,88922.02495092676
2018-06-02,88922.02495092676
2018-06-03,88922.02495092676
2018-06-04,88922.02495092676
2018-06-05,88922.02495092676
2018-06-06,88922.02495092676
2018-06-07,88922.02495092676
2018-06-08,88922.02495092676
2018-06-09,88922.02495092676
2018-06-10,88922.02495092676
2018-06-11,88922.02495092676
2018-06-12,88922.02495092676
2018-06-13,88922.02495092676
2018-06-14,88922.02495092676
2018-06-15,88922.02495092676
2018-06-16,88922.02495092676
2018-06-17,88922.02495092676
2018-06-18,88922.02495092676
2018-06-19,88357.33237410338
2018-06-20,88357.33237410338
2018-06-21,88357.33237410338
2018-06-22,88357.33237410338
2018-06-23,88357.33237410338
2018-06-24,88357.33237410338
2018-06-25,88357.33237410338
2018-06-26,88357.33237410338
2018-06-27,88357.33237410338
2018-06-28,88357.33237410338
2018-06-29,88357.33237410338
2018-06-30,88357.33237410338
2018-07-01,88357.33237410338
2018-07-02,88357.33237410338
2018-07-03,88357.33237410338
2018-07-04,88357.33237410338
2018-07-05,88357.33237410338
2018-07-06,88357.33237410338
2018-07-07,88357.33237410338
2018-07-08,88357.33237410338
2018-07-09,88357.33237410338
2018-07-10,89261.29968491377
2018-07-11,88694.19276810915
2018-07-12,88694.19276810915
2018-07-13,88694.19276810915
2018-07-14,88694.19276810915
2018-07-15,88694.19276810915
2018-07-16,88694.19276810915
2018-07-17,88694.19276810915
2018-07-18,88694.19276810915
2018-07-19,88694.19276810915
2018-07-20,88694.19276810915
2018-07-21,88694.19276810915
2018-07-22,88694.19276810915
2018-07-23,88694.19276810915
2018-07-24,88694.19276810915
2018-07-25,88694.19276810915
2018-07-26,87739.80688822496
2018-07-27,87739.80688822496
2018-07-28,87739.80688822496
2018-07-29,87739.80688822496
2018-07-30,87739.80688822496
2018-07-31,87739.80688822496
2018-08-01,87739.80688822496
2018-08-02,87739.80688822496
2018-08-03,87739.80688822496
2018-08-04,87739.80688822496
2018-08-05,87739.80688822496
2018-08-06,87739.80688822496
2018-08-07,87739.80688822496
2018-08-08,87739.80688822496
2018-08-09,87739.80688822496
2018-08-10,87739.80688822496
2018-08-11,87739.80688822496
2018-08-12,87739.80688822496
2018-08-13,87739.80688822496
2018-08-14,87739.80688822496
2018-08-15,87739.80688822496
2018-08-16,87739.80688822496
2018-08-17,87739.80688822496
2018-08-18,87739.80688822496
2018-08-19,87739.80688822496
2018-08-20,87739.80688822496
2018-08-21,87739.80688822496
2018-08-22,87739.80688822496
2018-08-23,87739.80688822496
2018-08-24,87739.80688822496
2018-08-25,87739.80688822496
2018-08-26,87739.80688822496
2018-08-27,87739.80688822496
2018-08-28,87739.80688822496
2018-08-29,87739.80688822496
2018-08-30,87739.80688822496
2018-08-31,87739.80688822496
2018-09-01,87739.80688822496
2018-09-02,87739.80688822496
2018-09-03,87240.76953807237
2018-09-04,87240.76953807237
2018-09-05,87240.76953807237
2018-09-06,87240.76953807237
2018-09-07,87240.76953807237
2018-09-08,87240.76953807237
2018-09-09,87240.76953807237
2018-09-10,87240.76953807237
2018-09-11,87240.76953807237
2018-09-12,87240.76953807237
2018-09-13,87240.76953807237
2018-09-14,87240.76953807237
2018-09-15,87240.76953807237
2018-09-16,87240.76953807237
2018-09-17,87240.76953807237
2018-09-18,87240.76953807237
2018-09-19,87240.76953807237
2018-09-20,87240.76953807237
2018-09-21,87240.76953807237
2018-09-22,87240.76953807237
2018-09-23,87240.76953807237
2018-09-24,87240.76953807237
2018-09-25,87240.76953807237
2018-09-26,87240.76953807237
2018-09-27,87240.76953807237
2018-09-28,87240.76953807237
2018-09-29,87240.76953807237
2018-09-30,87240.76953807237
2018-10-01,87240.76953807237
2018-10-02,87937.65398001537
2018-10-03,87937.65398001537
2018-10-04,87254.4752760334
2018-10-05,87254.4752760334
2018-10-06,87254.4752760334
2018-10-07,87254.4752760334
2018-10-08,86734.7925876611
2018-10-09,86734.7925876611
2018-10-10,86245.23151147609
2018-10-11,86245.23151147609
2018-10-12,86245.23151147609
2018-10-13,86245.23151147609
2018-10-14,86245.23151147609
2018-10-15,86245.23151147609
2018-10-16,86245.23151147609
2018-10-17,86245.23151147609
2018-10-18,86245.23151147609
2018-10-19,86245.23151147609
2018-10-20,86245.23151147609
2018-10-21,86245.23151147609
2018-10-22,86245.23151147609
2018-10-23,87048.97514796586
2018-10-24,87048.97514796586
2018-10-25,87048.97514796586
2018-10-26,87048.97514796586
2018-10-27,87048.97514796586
2018-10-28,87048.97514796586
2018-10-29,87048.97514796586
2018-10-30,87048.97514796586
2018-10-31,87048.97514796586
2018-11-01,87048.97514796586
2018-11-02,87048.97514796586
2018-11-03,87048.97514796586
2018-11-04,87048.97514796586
2018-11-05,87048.97514796586
2018-11-06,87048.97514796586
2018-11-07,87048.97514796586
2018-11-08,87048.97514796586
2018-11-09,87048.97514796586
2018-11-10,87048.97514796586
2018-11-11,87048.97514796586
2018-11-12,87048.97514796586
2018-11-13,87048.97514796586
2018-11-14,87048.97514796586
2018-11-15,87048.97514796586
2018-11-16,87048.97514796586
2018-11-17,87048.97514796586
2018-11-18,87048.97514796586
2018-11-19,87048.97514796586
2018-11-20,87048.97514796586
2018-11-21,87048.97514796586
2018-11-22,87048.97514796586
2018-11-23,87048.97514796586
2018-11-24,87048.97514796586
2018-11-25,87048.97514796586
2018-11-26,87048.97514796586
2018-11-27,86102.75885587675
2018-11-28,86102.75885587675
2018-11-29,86102.75885587675
2018-11-30,86102.75885587675
2018-12-01,86102.75885587675
2018-12-02,86102.75885587675
2018-12-03,86102.75885587675
2018-12-04,86102.75885587675
2018-12-05,86102.75885587675
2018-12-06,86102.75885587675
2018-12-07,86102.75885587675
2018-12-08,86102.75885587675
2018-12-09,86102.75885587675
2018-12-10,86102.75885587675
2018-12-11,86978.70037432916
2018-12-12,86978.70037432916
2018-12-13,86978.70037432916
2018-12-14,85861.32766603741
2018-12-15,85861.32766603741
2018-12-16,85861.32766603741
2018-12-17,85861.32766603741
2018-12-18,85861.32766603741
2018-12-19,85861.32766603741
2018-12-20,85861.32766603741
2018-12-21,85861.32766603741
2018-12-22,85861.32766603741
2018-12-23,85861.32766603741
2018-12-24,85861.32766603741
2018-12-25,85861.32766603741
2018-12-26,85861.32766603741
2018-12-27,85861.32766603741
2018-12-28,85861.32766603741
2018-12-29,85861.32766603741
2018-12-30,85861.32766603741
2018-12-31,85861.32766603741
2019-01-01,85861.32766603741
2019-01-02,85861.32766603741
2019-01-03,85861.32766603741
2019-01-04,85861.32766603741
2019-01-05,85861.32766603741
2019-01-06,85861.32766603741
2019-01-07,85861.32766603741
2019-01-08,85290.61219458182
2019-01-09,85290.61219458182
2019-01-10,85290.61219458182
2019-01-11,85290.61219458182
2019-01-12,85290.61219458182
2019-01-13,85290.61219458182
2019-01-14,85290.61219458182
2019-01-15,85290.61219458182
2019-01-16,85290.61219458182
2019-01-17,84793.29026724436
2019-01-18,84793.29026724436
2019-01-19,84793.29026724436
2019-01-20,84793.29026724436
2019-01-21,84793.29026724436
2019-01-22,84793.29026724436
2019-01-23,84793.29026724436
2019-01-24,84793.29026724436
2019-01-25,85634.11592153554
2019-01-26,85634.11592153554
2019-01-27,85634.11592153554
2019-01-28,85634.11592153554
2019-01-29,85634.11592153554
2019-01-30,85634.11592153554
2019-01-31,85634.11592153554
2019-02-01,85634.11592153554
2019-02-02,85634.11592153554
2019-02-03,85634.11592153554
2019-02-04,85126.92258007769
2019-02-05,85126.92258007769
2019-02-06,84617.94702679137
2019-02-07,84617.94702679137
2019-02-08,84617.94702679137
2019-02-09,84617.94702679137
2019-02-10,84617.94702679137
2019-02-11,84617.94702679137
2019-02-12,84617.94702679137
2019-02-13,84617.94702679137
2019-02-14,84617.94702679137
2019-02-15,84617.94702679137
2019-02-16,84617.94702679137
2019-02-17,84617.94702679137
2019-02-18,84617.94702679137
2019-02-19,84617.94702679137
2019-02-20,84617.94702679137
2019-02-21,83407.00494422688
2019-02-22,83407.00494422688
2019-02-23,83407.00494422688
2019-02-24,83407.00494422688
2019-02-25,83407.00494422688
2019-02-26,83407.00494422688
2019-02-27,82375.63179931315
2019-02-28,82375.63179931315
2019-03-01,82375.63179931315
2019-03-02,82375.63179931315
2019-03-03,82375.63179931315
2019-03-04,82375.63179931315
2019-03-05,82375.63179931315
2019-03-06,82375.63179931315
2019-03-07,82375.63179931315
2019-03-08,82375.63179931315
2019-03-09,82375.63179931315
2019-03-10,82375.63179931315
2019-03-11,82375.63179931315
2019-03-12,82375.63179931315
2019-03-13,82375.63179931315
2019-03-14,82375.63179931315
2019-03-15,82375.63179931315
2019-03-16,82375.63179931315
2019-03-17,82375.63179931315
2019-03-18,82375.63179931315
2019-03-19,82375.63179931315
2019-03-20,82819.06453833186
2019-03-21,82819.06453833186
2019-03-22,82819.06453833186
2019-03-23,82819.06453833186
2019-03-24,82819.06453833186
2019-03-25,82819.06453833186
2019-03-26,82819.06453833186
2019-03-27,81823.75761733479
2019-03-28,81823.75761733479
2019-03-29,81823.75761733479
2019-03-30,81823.75761733479
2019-03-31,81823.75761733479
2019-04-01,81823.75761733479
2019-04-02,81823.75761733479
2019-04-03,81823.75761733479
2019-04-04,81823.75761733479
2019-04-05,81823.75761733479
2019-04-06,81823.75761733479
2019-04-07,81823.75761733479
2019-04-08,81823.75761733479
2019-04-09,81823.75761733479
2019-04-10,81823.75761733479
2019-04-11,81823.75761733479
2019-04-12,82683.09555740634
2019-04-13,82683.09555740634
2019-04-14,82683.09555740634
2019-04-15,82683.09555740634
2019-04-16,82683.09555740634
2019-04-17,82683.09555740634
2019-04-18,82683.09555740634
2019-04-19,82683.09555740634
2019-04-20,82683.09555740634
2019-04-21,82683.09555740634
2019-04-22,82683.09555740634
2019-04-23,82683.09555740634
2019-04-24,82683.09555740634
2019-04-25,82683.09555740634
2019-04-26,82683.09555740634
2019-04-27,82683.09555740634
2019-04-28,82683.09555740634
2019-04-29,82683.09555740634
2019-04-30,82683.09555740634
2019-05-01,82066.05931875065
2019-05-02,82066.05931875065
2019-05-03,82066.05931875065
2019-05-04,82066.05931875065
2019-05-05,82066.05931875065
2019-05-06,82066.05931875065
2019-05-07,82066.05931875065
2019-05-08,82066.05931875065
2019-05-09,82066.05931875065
2019-05-10,82066.05931875065
2019-05-11,82066.05931875065
2019-05-12,82066.05931875065
2019-05-13,82066.05931875065
2019-05-14,82066.05931875065
2019-05-15,82066.05931875065
2019-05-16,82066.05931875065
2019-05-17,82066.05931875065
2019-05-18,82066.05931875065
2019-05-19,82066.05931875065
2019-05-20,82066.05931875065
2019-05-21,82066.05931875065
2019-05-22,82066.05931875065
2019-05-23,82066.05931875065
2019-05-24,82066.05931875065
2019-05-25,82066.05931875065
2019-05-26,82066.05931875065
2019-05-27,82066.05931875065
2019-05-28,82066.05931875065
2019-05-29,82066.05931875065
2019-05-30,82066.05931875065
2019-05-31,82066.05931875065
2019-06-01,82066.05931875065
2019-06-02,82066.05931875065
2019-06-03,82066.05931875065
2019-06-04,82066.05931875065
2019-06-05,82066.05931875065
2019-06-06,82066.05931875065
2019-06-07,82066.05931875065
2019-06-08,82066.05931875065
2019-06-09,82066.05931875065
2019-06-10,81603.76149307827
2019-06-11,81091.95328496497
2019-06-12,81091.95328496497
2019-06-13,81091.95328496497
2019-06-14,81091.95328496497
2019-06-15,81091.95328496497
2019-06-16,81091.95328496497
2019-06-17,81091.95328496497
2019-06-18,81896.35479087627
2019-06-19,82690.90532759525
2019-06-20,82690.90532759525
2019-06-21,82690.90532759525
2019-06-22,82690.90532759525
2019-06-23,82690.90532759525
2019-06-24,82690.90532759525
2019-06-25,82690.90532759525
2019-06-26,82690.90532759525
2019-06-27,82690.90532759525
2019-06-28,82690.90532759525
2019-06-29,82690.90532759525
2019-06-30,82214.35995905178
2019-07-01,81778.5869576044
2019-07-02,81778.5869576044
2019-07-03,81778.5869576044
2019-07-04,81778.5869576044
2019-07-05,81778.5869576044
2019-07-06,81778.5869576044
2019-07-07,81778.5869576044
2019-07-08,81778.5869576044
2019-07-09,81778.5869576044
2019-07-10,81778.5869576044
2019-07-11,81778.5869576044
2019-07-12,81778.5869576044
2019-07-13,81778.5869576044
2019-07-14,81778.5869576044
2019-07-15,81778.5869576044
2019-07-16,81778.5869576044
2019-07-17,81778.5869576044
2019-07-18,81778.5869576044
2019-07-19,81778.5869576044
2019-07-20,81778.5869576044
2019-07-21,81778.5869576044
2019-07-22,81778.5869576044
2019-07-23,81778.5869576044
2019-07-24,81778.5869576044
2019-07-25,81778.5869576044
2019-07-26,81778.5869576044
2019-07-27,81778.5869576044
2019-07-28,81778.5869576044
2019-07-29,81778.5869576044
2019-07-30,81778.5869576044
2019-07-31,81283.35676839428
2019-08-01,81283.35676839428
2019-08-02,81283.35676839428
2019-08-03,81283.35676839428
2019-08-04,81283.35676839428
2019-08-05,81283.35676839428
2019-08-06,81283.35676839428
2019-08-07,81283.35676839428
2019-08-08,81283.35676839428
2019-08-09,81283.35676839428
2019-08-10,81283.35676839428
2019-08-11,81283.35676839428
2019-08-12,81283.35676839428
2019-08-13,82159.8483829739
2019-08-14,82159.8483829739
2019-08-15,82159.8483829739
2019-08-16,82159.8483829739
2019-08-17,82159.8483829739
2019-08-18,82159.8483829739
2019-08-19,82159.8483829739
2019-08-20,82159.8483829739
2019-08-21,82159.8483829739
2019-08-22,82159.8483829739
2019-08-23,82159.8483829739
2019-08-24,82159.8483829739
2019-08-25,83973.07004664885
2019-08-26,83973.07004664885
2019-08-27,83973.07004664885
2019-08-28,83973.07004664885
2019-08-29,83973.07004664885
2019-08-30,83973.07004664885
2019-08-31,83973.07004664885
2019-09-01,83973.07004664885
2019-09-02,83973.07004664885
2019-09-03,84873.35611544157
2019-09-04,85820.4360200817
2019-09-05,85820.4360200817
2019-09-06,85271.08326236898
2019-09-07,85271.08326236898
2019-09-08,85271.08326236898
2019-09-09,85271.08326236898
2019-09-10,85271.08326236898
2019-09-11,85271.08326236898
2019-09-12,85271.08326236898
2019-09-13,85271.08326236898
2019-09-14,85271.08326236898
2019-09-15,85271.08326236898
2019-09-16,85271.08326236898
2019-09-17,85271.08326236898
2019-09-18,85271.08326236898
2019-09-19,85271.08326236898
2019-09-20,85271.08326236898
2019-09-21,85271.08326236898
2019-09-22,85271.08326236898
2019-09-23,85271.08326236898
2019-09-24,84601.78293365972
2019-09-25,84601.78293365972
2019-09-26,84601.78293365972
2019-09-27,84601.78293365972
2019-09-28,84601.78293365972
2019-09-29,84601.78293365972
2019-09-30,84601.78293365972
2019-10-01,84117.43238944281
2019-10-02,84117.43238944281
2019-10-03,84117.43238944281
2019-10-04,84117.43238944281
2019-10-05,84117.43238944281
2019-10-06,84117.43238944281
2019-10-07,84117.43238944281
2019-10-08,84117.43238944281
2019-10-09,84117.43238944281
2019-10-10,84117.43238944281
2019-10-11,83408.88700245252
2019-10-12,83408.88700245252
2019-10-13,83408.88700245252
2019-10-14,83408.88700245252
2019-10-15,83408.88700245252
2019-10-16,83408.88700245252
2019-10-17,83408.88700245252
2019-10-18,83408.88700245252
2019-10-19,83408.88700245252
2019-10-20,83408.88700245252
2019-10-21,83408.88700245252
2019-10-22,83408.88700245252
2019-10-23,83408.88700245252
2019-10-24,83408.88700245252
2019-10-25,83408.88700245252
2019-10-26,83408.88700245252
2019-10-27,83408.88700245252
2019-10-28,83408.88700245252
2019-10-29,82960.08697182988
2019-10-30,82960.08697182988
2019-10-31,82960.08697182988
2019-11-01,82960.08697182988
2019-11-02,82960.08697182988
2019-11-03,82960.08697182988
2019-11-04,82960.08697182988
2019-11-05,82960.08697182988
2019-11-06,82960.08697182988
2019-11-07,82960.08697182988
2019-11-08,82960.08697182988
2019-11-09,82960.08697182988
2019-11-10,82960.08697182988
2019-11-11,82960.08697182988
2019-11-12,82960.08697182988
2019-11-13,82960.08697182988
2019-11-14,82960.08697182988
2019-11-15,82960.08697182988
2019-11-16,82960.08697182988
2019-11-17,82960.08697182988
2019-11-18,83790.52529136646
2019-11-19,83790.52529136646
2019-11-20,83790.52529136646
2019-11-21,83790.52529136646
2019-11-22,83790.52529136646
2019-11-23,83790.52529136646
2019-11-24,83790.52529136646
2019-11-25,83790.52529136646
2019-11-26,83790.52529136646
2019-11-27,83790.52529136646
2019-11-28,83790.52529136646
2019-11-29,83790.52529136646
2019-11-30,83790.52529136646
2019-12-01,83790.52529136646
2019-12-02,83790.52529136646
2019-12-03,83790.52529136646
2019-12-04,83790.52529136646
2019-12-05,83790.52529136646
2019-12-06,83790.52529136646
2019-12-07,83790.52529136646
2019-12-08,83790.52529136646
2019-12-09,83790.52529136646
2019-12-10,84802.36039133223
2019-12-11,84802.36039133223
2019-12-12,84802.36039133223
2019-12-13,84802.36039133223
2019-12-14,84802.36039133223
2019-12-15,84802.36039133223
2019-12-16,84802.36039133223
2019-12-17,84802.36039133223
2019-12-18,84802.36039133223
2019-12-19,84802.36039133223
2019-12-20,85624.91753013348
2019-12-21,85624.91753013348
2019-12-22,85624.91753013348
2019-12-23,86416.30285630787
2019-12-24,86416.30285630787
2019-12-25,86416.30285630787
2019-12-26,86416.30285630787
2019-12-27,86416.30285630787
2019-12-28,86416.30285630787
2019-12-29,86416.30285630787
2019-12-30,86416.30285630787
2019-12-31,86416.30285630787
2020-01-01,86416.30285630787
2020-01-02,86416.30285630787
2020-01-03,87446.058446861
2020-01-04,87446.058446861
2020-01-05,87446.058446861
2020-01-06,87446.058446861
2020-01-07,88729.79395106432
2020-01-08,88729.79395106432
2020-01-09,88593.63613747132
2020-01-10,88593.63613747132
2020-01-11,88593.63613747132
2020-01-12,88593.63613747132
2020-01-13,88593.63613747132
2020-01-14,88593.63613747132
2020-01-15,88593.63613747132
2020-01-16,88593.63613747132
2020-01-17,88593.63613747132
2020-01-18,88593.63613747132
2020-01-19,88593.63613747132
2020-01-20,88593.63613747132
2020-01-21,88593.63613747132
2020-01-22,88593.63613747132
2020-01-23,88123.08324082906
2020-01-24,88451.7094856689
2020-01-25,88451.7094856689
2020-01-26,87476.55878366502
2020-01-27,87476.55878366502
2020-01-28,87476.55878366502
2020-01-29,87476.55878366502
2020-01-30,87476.55878366502
2020-01-31,88397.3442525368
2020-02-01,88397.3442525368
2020-02-02,88397.3442525368
2020-02-03,88397.3442525368
2020-02-04,88397.3442525368
2020-02-05,88397.3442525368
2020-02-06,88397.3442525368
2020-02-07,88397.3442525368
2020-02-08,88397.3442525368
2020-02-09,88397.3442525368
2020-02-10,88397.3442525368
2020-02-11,88397.3442525368
2020-02-12,88397.3442525368
2020-02-13,88397.3442525368
2020-02-14,88397.3442525368
2020-02-15,88397.3442525368
2020-02-16,88397.3442525368
2020-02-17,88397.3442525368
2020-02-18,88397.3442525368
2020-02-19,88397.3442525368
2020-02-20,88397.3442525368
2020-02-21,88397.3442525368
2020-02-22,88397.3442525368
2020-02-23,88397.3442525368
2020-02-24,88397.3442525368
2020-02-25,87877.89982538763
2020-02-26,87877.89982538763
2020-02-27,87877.89982538763
2020-02-28,86629.23723568537
2020-02-29,86629.23723568537
2020-03-01,86629.23723568537
2020-03-02,86629.23723568537
2020-03-03,86629.23723568537
2020-03-04,86629.23723568537
2020-03-05,86629.23723568537
2020-03-06,86629.23723568537
2020-03-07,86629.23723568537
2020-03-08,86629.23723568537
2020-03-09,86629.23723568537
2020-03-10,86629.23723568537
2020-03-11,86629.23723568537
2020-03-12,86629.23723568537
2020-03-13,86629.23723568537
2020-03-14,86629.23723568537
2020-03-15,86629.23723568537
2020-03-16,86629.23723568537
2020-03-17,86629.23723568537
2020-03-18,86629.23723568537
2020-03-19,86629.23723568537
2020-03-20,86629.23723568537
2020-03-21,86629.23723568537
2020-03-22,86629.23723568537
2020-03-23,86629.23723568537
2020-03-24,86629.23723568537
2020-03-25,86629.23723568537
2020-03-26,86629.23723568537
2020-03-27,86629.23723568537
2020-03-28,86629.23723568537
2020-03-29,86179.72100387902
2020-03-30,86179.72100387902
2020-03-31,85720.15007090977
2020-04-01,85720.15007090977
2020-04-02,85720.15007090977
2020-04-03,85720.15007090977
2020-04-04,85720.15007090977
2020-04-05,85720.15007090977
2020-04-06,86590.92203903313
2020-04-07,86590.92203903313
2020-04-08,86590.92203903313
2020-04-09,86590.92203903313
2020-04-10,86590.92203903313
2020-04-11,86590.92203903313
2020-04-12,86590.92203903313
2020-04-13,86590.92203903313
2020-04-14,86590.92203903313
2020-04-15,86590.92203903313
2020-04-16,86590.92203903313
2020-04-17,86130.25663586901
2020-04-18,86130.25663586901
2020-04-19,86130.25663586901
2020-04-20,86130.25663586901
2020-04-21,86130.25663586901
2020-04-22,86130.25663586901
2020-04-23,86130.25663586901
2020-04-24,86130.25663586901
2020-04-25,86130.25663586901
2020-04-26,86130.25663586901
2020-04-27,86130.25663586901
2020-04-28,86130.25663586901
2020-04-29,86130.25663586901
2020-04-30,86130.25663586901
2020-05-01,86130.25663586901
2020-05-02,86130.25663586901
2020-05-03,86130.25663586901
2020-05-04,86130.25663586901
2020-05-05,86130.25663586901
2020-05-06,86130.25663586901
2020-05-07,86130.25663586901
2020-05-08,86130.25663586901
2020-05-09,86130.25663586901
2020-05-10,86130.25663586901
2020-05-11,86130.25663586901
2020-05-12,86130.25663586901
2020-05-13,86130.25663586901
2020-05-14,86130.25663586901
2020-05-15,86130.25663586901
2020-05-16,86130.25663586901
2020-05-17,86130.25663586901
2020-05-18,86130.25663586901
2020-05-19,86130.25663586901
2020-05-20,86130.25663586901
2020-05-21,85017.13462139815
2020-05-22,84550.07281639565
2020-05-23,84550.07281639565
2020-05-24,84550.07281639565
2020-05-25,84550.07281639565
2020-05-26,85382.50226859517
2020-05-27,85382.50226859517
2020-05-28,85382.50226859517
2020-05-29,85382.50226859517
2020-05-30,85382.50226859517
2020-05-31,85382.50226859517
2020-06-01,85382.50226859517
2020-06-02,86243.54905137848
2020-06-03,85684.41109936159
2020-06-04,85684.41109936159
2020-06-05,85684.41109936159
2020-06-06,85684.41109936159
2020-06-07,85684.41109936159
2020-06-08,85684.41109936159
2020-06-09,85684.41109936159
2020-06-10,85187.98734260601
2020-06-11,85187.98734260601
2020-06-12,85187.98734260601
2020-06-13,85187.98734260601
2020-06-14,85187.98734260601
2020-06-15,84607.34329455749
2020-06-16,84607.34329455749
2020-06-17,84607.34329455749
2020-06-18,84607.34329455749
2020-06-19,84607.34329455749
2020-06-20,84607.34329455749
2020-06-21,84607.34329455749
2020-06-22,84607.34329455749
2020-06-23,84607.34329455749
2020-06-24,84607.34329455749
2020-06-25,84607.34329455749
2020-06-26,84607.34329455749
2020-06-27,84607.34329455749
2020-06-28,84607.34329455749
2020-06-29,84607.34329455749
2020-06-30,86388.56185549944
2020-07-01,87237.29882092366
2020-07-02,87237.29882092366
2020-07-03,87237.29882092366
2020-07-04,87237.29882092366
2020-07-05,87237.29882092366
2020-07-06,87237.29882092366
2020-07-07,88085.60062170561
2020-07-08,88986.19654115646
2020-07-09,88986.19654115646
2020-07-10,88986.19654115646
2020-07-11,88986.19654115646
2020-07-12,88986.19654115646
2020-07-13,88986.19654115646
2020-07-14,88986.19654115646
2020-07-15,88986.19654115646
2020-07-16,88986.19654115646
2020-07-17,88986.19654115646
2020-07-18,88986.19654115646
2020-07-19,88986.19654115646
2020-07-20,89975.03517416991
2020-07-21,91811.81417921673
2020-07-22,91811.81417921673
2020-07-23,91811.81417921673
2020-07-24,91811.81417921673
2020-07-25,91811.81417921673
2020-07-26,91811.81417921673
2020-07-27,91811.81417921673
2020-07-28,91811.81417921673
2020-07-29,91811.81417921673
2020-07-30,91811.81417921673
2020-07-31,91811.81417921673
2020-08-01,91811.81417921673
2020-08-02,91811.81417921673
2020-08-03,91811.81417921673
2020-08-04,93939.41064676501
2020-08-05,93939.41064676501
2020-08-06,93939.41064676501
2020-08-07,93939.41064676501
2020-08-08,93939.41064676501
2020-08-09,93939.41064676501
2020-08-10,93939.41064676501
2020-08-11,93424.76342324133
2020-08-12,93424.76342324133
2020-08-13,93424.76342324133
2020-08-14,93424.76342324133
2020-08-15,93424.76342324133
2020-08-16,93424.76342324133
2020-08-17,93424.76342324133
2020-08-18,93424.76342324133
2020-08-19,93424.76342324133
2020-08-20,93424.76342324133
2020-08-21,93424.76342324133
2020-08-22,93424.76342324133
2020-08-23,93424.76342324133
2020-08-24,93424.76342324133
2020-08-25,93424.76342324133
2020-08-26,93424.76342324133
2020-08-27,93424.76342324133
2020-08-28,94684.84507573774
2020-08-29,94684.84507573774
2020-08-30,94684.84507573774
2020-08-31,94684.84507573774
2020-09-01,94684.84507573774
2020-09-02,93655.49354944938
2020-09-03,93655.49354944938
2020-09-04,93655.49354944938
2020-09-05,93655.49354944938
2020-09-06,93655.49354944938
2020-09-07,93655.49354944938
2020-09-08,93655.49354944938
2020-09-09,93655.49354944938
2020-09-10,93655.49354944938
2020-09-11,93655.49354944938
2020-09-12,93655.49354944938
2020-09-13,93655.49354944938
2020-09-14,93655.49354944938
2020-09-15,93655.49354944938
2020-09-16,93655.49354944938
2020-09-17,93655.49354944938
2020-09-18,93655.49354944938
2020-09-19,93655.49354944938
2020-09-20,93655.49354944938
2020-09-21,93655.49354944938
2020-09-22,93655.49354944938
2020-09-23,93655.49354944938
2020-09-24,93655.49354944938
2020-09-25,93655.49354944938
2020-09-26,93655.49354944938
2020-09-27,93655.49354944938
2020-09-28,93655.49354944938
2020-09-29,93655.49354944938
2020-09-30,93655.49354944938
2020-10-01,93655.49354944938
2020-10-02,93655.49354944938
2020-10-03,93655.49354944938
2020-10-04,93655.49354944938
2020-10-05,93655.49354944938
2020-10-06,93655.49354944938
2020-10-07,93655.49354944938
2020-10-08,93655.49354944938
2020-10-09,93655.49354944938
2020-10-10,93655.49354944938
2020-10-11,93655.49354944938
2020-10-12,93655.49354944938
2020-10-13,92638.1039213052
2020-10-14,92638.1039213052
2020-10-15,92638.1039213052
2020-10-16,92638.1039213052
2020-10-17,92638.1039213052
2020-10-18,92638.1039213052
2020-10-19,92638.1039213052
2020-10-20,92638.1039213052
2020-10-21,92638.1039213052
2020-10-22,92638.1039213052
2020-10-23,92638.1039213052
2020-10-24,92638.1039213052
2020-10-25,92638.1039213052
2020-10-26,92638.1039213052
2020-10-27,92638.1039213052
2020-10-28,92638.1039213052
2020-10-29,92638.1039213052
2020-10-30,92638.1039213052
2020-10-31,92638.1039213052
2020-11-01,92638.1039213052
2020-11-02,92638.1039213052
2020-11-03,92638.1039213052
2020-11-04,92638.1039213052
2020-11-05,92638.1039213052
2020-11-06,92638.1039213052
2020-11-07,92638.1039213052
2020-11-08,92638.1039213052
2020-11-09,92638.1039213052
2020-11-10,92638.1039213052
2020-11-11,92638.1039213052
2020-11-12,92638.1039213052
2020-11-13,92638.1039213052
2020-11-14,92638.1039213052
2020-11-15,92638.1039213052
2020-11-16,92638.1039213052
2020-11-17,92638.1039213052
2020-11-18,92638.1039213052
2020-11-19,92638.1039213052
2020-11-20,92638.1039213052
2020-11-21,92638.1039213052
2020-11-22,92638.1039213052
2020-11-23,92638.1039213052
2020-11-24,92638.1039213052
2020-11-25,92638.1039213052
2020-11-26,92638.1039213052
2020-11-27,92638.1039213052
2020-11-28,92638.1039213052
2020-11-29,92638.1039213052
2020-11-30,92638.1039213052
2020-12-01,92638.1039213052
2020-12-02,92638.1039213052
2020-12-03,92638.1039213052
2020-12-04,92638.1039213052
2020-12-05,92638.1039213052
2020-12-06,92638.1039213052
2020-12-07,92638.1039213052
2020-12-08,92638.1039213052
2020-12-09,91879.81221366982
2020-12-10,91879.81221366982
2020-12-11,91879.81221366982
2020-12-12,91879.81221366982
2020-12-13,91879.81221366982
2020-12-14,91879.81221366982
2020-12-15,91879.81221366982
2020-12-16,91879.81221366982
2020-12-17,91879.81221366982
2020-12-18,91879.81221366982
2020-12-19,91879.81221366982
2020-12-20,91879.81221366982
2020-12-21,91879.81221366982
2020-12-22,91362.66965972398
2020-12-23,91362.66965972398
2020-12-24,91362.66965972398
2020-12-25,91362.66965972398
2020-12-26,91362.66965972398
2020-12-27,91362.66965972398
2020-12-28,91362.66965972398
2020-12-29,91362.66965972398
2020-12-30,91362.66965972398
2020-12-31,91362.66965972398
2021-01-01,91362.66965972398
2021-01-02,91362.66965972398
2021-01-03,91362.66965972398
2021-01-04,91362.66965972398
2021-01-05,91362.66965972398
2021-01-06,91362.66965972398
2021-01-07,91362.66965972398
2021-01-08,90089.42256164971
2021-01-09,90089.42256164971
2021-01-10,90089.42256164971
2021-01-11,90089.42256164971
2021-01-12,90089.42256164971
2021-01-13,90089.42256164971
2021-01-14,90089.42256164971
2021-01-15,90089.42256164971
2021-01-16,90089.42256164971
2021-01-17,90089.42256164971
2021-01-18,90089.42256164971
2021-01-19,90089.42256164971
2021-01-20,90089.42256164971
2021-01-21,90089.42256164971
2021-01-22,90089.42256164971
2021-01-23,90089.42256164971
2021-01-24,90089.42256164971
2021-01-25,90089.42256164971
2021-01-26,90089.42256164971
2021-01-27,90089.42256164971
2021-01-28,90089.42256164971
2021-01-29,91227.81987760829
2021-01-30,91227.81987760829
2021-01-31,91227.81987760829
2021-02-01,91227.81987760829
2021-02-02,90636.85619566985
2021-02-03,90636.85619566985
2021-02-04,90636.85619566985
2021-02-05,90636.85619566985
2021-02-06,90636.85619566985
2021-02-07,90636.85619566985
2021-02-08,90636.85619566985
2021-02-09,90636.85619566985
2021-02-10,90636.85619566985
2021-02-11,90636.85619566985
2021-02-12,90636.85619566985
2021-02-13,90636.85619566985
2021-02-14,90636.85619566985
2021-02-15,90636.85619566985
2021-02-16,92583.03363291667
2021-02-17,92100.44131237155
2021-02-18,92100.44131237155
2021-02-19,92100.44131237155
2021-02-20,92100.44131237155
2021-02-21,92100.44131237155
2021-02-22,92100.44131237155
2021-02-23,92100.44131237155
2021-02-24,92100.44131237155
2021-02-25,92100.44131237155
2021-02-26,92100.44131237155
2021-02-27,92100.44131237155
2021-02-28,92100.44131237155
2021-03-01,92100.44131237155
2021-03-02,92100.44131237155
2021-03-03,92100.44131237155
2021-03-04,92100.44131237155
2021-03-05,92100.44131237155
2021-03-06,92100.44131237155
2021-03-07,92100.44131237155
2021-03-08,92100.44131237155
2021-03-09,92100.44131237155
2021-03-10,92100.44131237155
2021-03-11,92100.44131237155
2021-03-12,92100.44131237155
2021-03-13,92100.44131237155
2021-03-14,92100.44131237155
2021-03-15,92100.44131237155
2021-03-16,92100.44131237155
2021-03-17,92100.44131237155
2021-03-18,92100.44131237155
2021-03-19,92100.44131237155
2021-03-20,92100.44131237155
2021-03-21,92100.44131237155
2021-03-22,92100.44131237155
2021-03-23,92100.44131237155
2021-03-24,92100.44131237155
2021-03-25,92100.44131237155
2021-03-26,92100.44131237155
2021-03-27,92100.44131237155
2021-03-28,92100.44131237155
2021-03-29,92100.44131237155
2021-03-30,92100.44131237155
2021-03-31,92100.44131237155
2021-04-01,92100.44131237155
2021-04-02,92100.44131237155
2021-04-03,92100.44131237155
2021-04-04,92100.44131237155
2021-04-05,92100.44131237155
2021-04-06,92100.44131237155
2021-04-07,92100.44131237155
2021-04-08,91491.66937742621
2021-04-09,91491.66937742621
2021-04-10,91491.66937742621
2021-04-11,91491.66937742621
2021-04-12,90857.24090791652
2021-04-13,90383.39852677095
2021-04-14,90383.39852677095
2021-04-15,90383.39852677095
2021-04-16,90383.39852677095
2021-04-17,90383.39852677095
2021-04-18,90383.39852677095
2021-04-19,90383.39852677095
2021-04-20,90383.39852677095
2021-04-21,90383.39852677095
2021-04-22,90383.39852677095
2021-04-23,90383.39852677095
2021-04-24,90383.39852677095
2021-04-25,90383.39852677095
2021-04-26,90383.39852677095
2021-04-27,90383.39852677095
2021-04-28,89887.32435845317
2021-04-29,89239.16294430483
2021-04-30,89239.16294430483
2021-05-01,89239.16294430483
2021-05-02,89239.16294430483
2021-05-03,89239.16294430483
2021-05-04,89239.16294430483
2021-05-05,89239.16294430483
2021-05-06,90281.07482923203
2021-05-07,90281.07482923203
2021-05-08,90281.07482923203
2021-05-09,90281.07482923203
2021-05-10,90281.07482923203
2021-05-11,90281.07482923203
2021-05-12,90281.07482923203
2021-05-13,89709.15623006051
2021-05-14,89709.15623006051
2021-05-15,89709.15623006051
2021-05-16,89709.15623006051
2021-05-17,90710.58652391107
2021-05-18,90710.58652391107
2021-05-19,90710.58652391107
2021-05-20,90710.58652391107
2021-05-21,90188.34084907058
2021-05-22,90188.34084907058
2021-05-23,90188.34084907058
2021-05-24,90188.34084907058
2021-05-25,90188.34084907058
2021-05-26,91067.75571492869
2021-05-27,91067.75571492869
2021-05-28,91972.4678594031
2021-05-29,91972.4678594031
2021-05-30,91972.4678594031
2021-05-31,91972.4678594031
2021-06-01,92940.47501883114
2021-06-02,92940.47501883114
2021-06-03,92132.19531809742
2021-06-04,92132.19531809742
2021-06-05,92132.19531809742
2021-06-06,92132.19531809742
2021-06-07,92132.19531809742
2021-06-08,92132.19531809742
2021-06-09,92132.19531809742
2021-06-10,92132.19531809742
2021-06-11,91632.32230578572
2021-06-12,91632.32230578572
2021-06-13,91632.32230578572
2021-06-14,91632.32230578572
2021-06-15,91138.1148861583
2021-06-16,91138.1148861583
2021-06-17,91138.1148861583
2021-06-18,91138.1148861583
2021-06-19,91138.1148861583
2021-06-20,91138.1148861583
2021-06-21,91138.1148861583
2021-06-22,91138.1148861583
2021-06-23,91138.1148861583
2021-06-24,91138.1148861583
2021-06-25,91138.1148861583
2021-06-26,91138.1148861583
2021-06-27,91138.1148861583
2021-06-28,91138.1148861583
2021-06-29,91138.1148861583
2021-06-30,91138.1148861583
2021-07-01,91138.1148861583
2021-07-02,91138.1148861583
2021-07-03,91138.1148861583
2021-07-04,91138.1148861583
2021-07-05,91138.1148861583
2021-07-06,91138.1148861583
2021-07-07,91138.1148861583
2021-07-08,90095.08402174957
2021-07-09,90095.08402174957
2021-07-10,90095.08402174957
2021-07-11,90095.08402174957
2021-07-12,90095.08402174957
2021-07-13,90095.08402174957
2021-07-14,90095.08402174957
2021-07-15,90965.6122548982
2021-07-16,90353.57616580358
2021-07-17,90353.57616580358
2021-07-18,90353.57616580358
2021-07-19,89757.74582556919
2021-07-20,89757.74582556919
2021-07-21,89757.74582556919
2021-07-22,89757.74582556919
2021-07-23,89757.74582556919
2021-07-24,89757.74582556919
2021-07-25,89757.74582556919
2021-07-26,89757.74582556919
2021-07-27,89757.74582556919
2021-07-28,89757.74582556919
2021-07-29,89757.74582556919
2021-07-30,89757.74582556919
2021-07-31,89757.74582556919
2021-08-01,89757.74582556919
2021-08-02,89237.96220430834
2021-08-03,89237.96220430834
2021-08-04,89237.96220430834
2021-08-05,89237.96220430834
2021-08-06,89237.96220430834
2021-08-07,89237.96220430834
2021-08-08,89237.96220430834
2021-08-09,89237.96220430834
2021-08-10,89237.96220430834
2021-08-11,89237.96220430834
2021-08-12,89237.96220430834
2021-08-13,89237.96220430834
2021-08-14,89237.96220430834
2021-08-15,89237.96220430834
2021-08-16,89237.96220430834
2021-08-17,89237.96220430834
2021-08-18,89237.96220430834
2021-08-19,89237.96220430834
2021-08-20,89237.96220430834
2021-08-21,89237.96220430834
2021-08-22,89237.96220430834
2021-08-23,90232.23442471317
2021-08-24,90232.23442471317
2021-08-25,89711.27163214135
2021-08-26,89711.27163214135
2021-08-27,89711.27163214135
2021-08-28,89711.27163214135
2021-08-29,89711.27163214135
2021-08-30,89711.27163214135
2021-08-31,89711.27163214135
2021-09-01,90636.97644886925
2021-09-02,90636.97644886925
2021-09-03,90636.97644886925
2021-09-04,90636.97644886925
2021-09-05,90636.97644886925
2021-09-06,90636.97644886925
2021-09-07,90636.97644886925
2021-09-08,89962.34054963304
2021-09-09,89962.34054963304
2021-09-10,89962.34054963304
2021-09-11,89962.34054963304
2021-09-12,89962.34054963304
2021-09-13,89962.34054963304
2021-09-14,89962.34054963304
2021-09-15,89962.34054963304
2021-09-16,89962.34054963304
2021-09-17,89962.34054963304
2021-09-18,89962.34054963304
2021-09-19,89962.34054963304
2021-09-20,89962.34054963304
2021-09-21,89962.34054963304
2021-09-22,89962.34054963304
2021-09-23,89962.34054963304
2021-09-24,89962.34054963304
2021-09-25,89962.34054963304
2021-09-26,89962.34054963304
2021-09-27,89962.34054963304
2021-09-28,89962.34054963304
2021-09-29,89962.34054963304
2021-09-30,89962.34054963304
2021-10-01,89962.34054963304
2021-10-02,89962.34054963304
2021-10-03,89962.34054963304
2021-10-04,89962.34054963304
2021-10-05,89962.34054963304
2021-10-06,89962.34054963304
2021-10-07,89962.34054963304
2021-10-08,89962.34054963304
2021-10-09,89962.34054963304
2021-10-10,89962.34054963304
2021-10-11,89962.34054963304
2021-10-12,89962.34054963304
2021-10-13,89962.34054963304
2021-10-14,89962.34054963304
2021-10-15,89962.34054963304
2021-10-16,89962.34054963304
2021-10-17,89962.34054963304
2021-10-18,89962.34054963304
2021-10-19,89962.34054963304
2021-10-20,89962.34054963304
2021-10-21,89962.34054963304
2021-10-22,89962.34054963304
2021-10-23,89962.34054963304
2021-10-24,89962.34054963304
2021-10-25,89962.34054963304
2021-10-26,89396.21232004465
2021-10-27,89396.21232004465
2021-10-28,89396.21232004465
2021-10-29,88259.24268775055
2021-10-30,88259.24268775055
2021-10-31,88259.24268775055
2021-11-01,88259.24268775055
2021-11-02,88259.24268775055
2021-11-03,88259.24268775055
2021-11-04,88259.24268775055
2021-11-05,88259.24268775055
2021-11-06,88259.24268775055
2021-11-07,88259.24268775055
2021-11-08,88259.24268775055
2021-11-09,88259.24268775055
2021-11-10,88259.24268775055
2021-11-11,88259.24268775055
2021-11-12,88259.24268775055
2021-11-13,88259.24268775055
2021-11-14,88259.24268775055
2021-11-15,87790.421493843
2021-11-16,88752.79493831488
2021-11-17,88752.79493831488
2021-11-18,88752.79493831488
2021-11-19,87754.54020667785
2021-11-20,87754.54020667785
2021-11-21,87754.54020667785
2021-11-22,87754.54020667785
2021-11-23,87754.54020667785
2021-11-24,87754.54020667785
2021-11-25,87754.54020667785
2021-11-26,87754.54020667785
2021-11-27,87754.54020667785
2021-11-28,87754.54020667785
2021-11-29,87754.54020667785
2021-11-30,87754.54020667785
2021-12-01,87754.54020667785
2021-12-02,87754.54020667785
2021-12-03,87754.54020667785
2021-12-04,87754.54020667785
2021-12-05,87754.54020667785
2021-12-06,87754.54020667785
2021-12-07,87754.54020667785
2021-12-08,87754.54020667785
2021-12-09,87754.54020667785
2021-12-10,87754.54020667785
2021-12-11,87754.54020667785
2021-12-12,87754.54020667785
2021-12-13,87754.54020667785
2021-12-14,87754.54020667785
2021-12-15,87754.54020667785
2021-12-16,87754.54020667785
2021-12-17,87754.54020667785
2021-12-18,87754.54020667785
2021-12-19,87754.54020667785
2021-12-20,87754.54020667785
2021-12-21,87754.54020667785
2021-12-22,87754.54020667785
2021-12-23,88695.76199996118
2021-12-24,88695.76199996118
2021-12-25,88695.76199996118
2021-12-26,88695.76199996118
2021-12-27,88695.76199996118
2021-12-28,88695.76199996118
2021-12-29,88695.76199996118
2021-12-30,88695.76199996118
2021-12-31,89592.78438413687
2022-01-01,89592.78438413687
2022-01-02,89592.78438413687
2022-01-03,89103.25323911537
2022-01-04,89103.25323911537
2022-01-05,89103.25323911537
2022-01-06,89103.25323911537
2022-01-07,89103.25323911537
2022-01-08,89103.25323911537
2022-01-09,89103.25323911537
2022-01-10,89103.25323911537
2022-01-11,89103.25323911537
2022-01-12,88299.33092942723
2022-01-13,88299.33092942723
2022-01-14,88299.33092942723
2022-01-15,88299.33092942723
2022-01-16,88299.33092942723
2022-01-17,88299.33092942723
2022-01-18,88804.03279837425
2022-01-19,88804.03279837425
2022-01-20,88804.03279837425
2022-01-21,88804.03279837425
2022-01-22,88804.03279837425
2022-01-23,88804.03279837425
2022-01-24,88804.03279837425
2022-01-25,89709.62025625171
2022-01-26,90099.66263257108
2022-01-27,90099.66263257108
2022-01-28,90099.66263257108
2022-01-29,90099.66263257108
2022-01-30,90099.66263257108
2022-01-31,90099.66263257108
2022-02-01,90099.66263257108
2022-02-02,90099.66263257108
2022-02-03,90099.66263257108
2022-02-04,90099.66263257108
2022-02-05,90099.66263257108
2022-02-06,90099.66263257108
2022-02-07,90099.66263257108
2022-02-08,90099.66263257108
2022-02-09,90099.66263257108
2022-02-10,90099.66263257108
2022-02-11,91774.98820365891
2022-02-12,91774.98820365891
2022-02-13,91774.98820365891
2022-02-14,91774.98820365891
2022-02-15,91774.98820365891
2022-02-16,91774.98820365891
2022-02-17,92883.22952999959
2022-02-18,92883.22952999959
2022-02-19,92883.22952999959
2022-02-20,92883.22952999959
2022-02-21,92883.22952999959
2022-02-22,92883.22952999959
2022-02-23,92883.22952999959
2022-02-24,92363.60531519935
2022-02-25,92363.60531519935
2022-02-26,92363.60531519935
2022-02-27,92363.60531519935
2022-02-28,92363.60531519935
2022-03-01,93279.32485922087
2022-03-02,93279.32485922087
2022-03-03,93279.32485922087
2022-03-04,93279.32485922087
2022-03-05,93279.32485922087
2022-03-06,93279.32485922087
2022-03-07,93279.32485922087
2022-03-08,93279.32485922087
2022-03-09,93279.32485922087
2022-03-10,93279.32485922087
2022-03-11,93811.97390965438
2022-03-12,93811.97390965438
2022-03-13,93811.97390965438
2022-03-14,93331.79646797468
2022-03-15,93331.79646797468
2022-03-16,93331.79646797468
2022-03-17,93331.79646797468
2022-03-18,93331.79646797468
2022-03-19,93331.79646797468
2022-03-20,93331.79646797468
2022-03-21,93331.79646797468
2022-03-22,93331.79646797468
2022-03-23,93331.79646797468
2022-03-24,93331.79646797468
2022-03-25,93331.79646797468
2022-03-26,93331.79646797468
2022-03-27,93331.79646797468
2022-03-28,93331.79646797468
2022-03-29,93331.79646797468
2022-03-30,93331.79646797468
2022-03-31,93331.79646797468
2022-04-01,93331.79646797468
2022-04-02,93331.79646797468
2022-04-03,93331.79646797468
2022-04-04,93331.79646797468
2022-04-05,93331.79646797468
2022-04-06,93331.79646797468
2022-04-07,93331.79646797468
2022-04-08,93331.79646797468
2022-04-09,93331.79646797468
2022-04-10,93331.79646797468
2022-04-11,93331.79646797468
2022-04-12,93331.79646797468
2022-04-13,93331.79646797468
2022-04-14,93331.79646797468
2022-04-15,93331.79646797468
2022-04-16,93331.79646797468
2022-04-17,93331.79646797468
2022-04-18,95364.96049064043
2022-04-19,95364.96049064043
2022-04-20,95364.96049064043
2022-04-21,95364.96049064043
2022-04-22,95364.96049064043
2022-04-23,95364.96049064043
2022-04-24,95364.96049064043
2022-04-25,95364.96049064043
2022-04-26,94803.42957143155
2022-04-27,94803.42957143155
2022-04-28,94803.42957143155
2022-04-29,94803.42957143155
2022-04-30,94803.42957143155
2022-05-01,94803.42957143155
2022-05-02,94803.42957143155
2022-05-03,94803.42957143155
2022-05-04,94803.42957143155
2022-05-05,94803.42957143155
2022-05-06,94803.42957143155
2022-05-07,94803.42957143155
2022-05-08,94803.42957143155
2022-05-09,94803.42957143155
2022-05-10,94803.42957143155
2022-05-11,94803.42957143155
2022-05-12,94803.42957143155
2022-05-13,94803.42957143155
2022-05-14,94803.42957143155
2022-05-15,94803.42957143155
2022-05-16,94803.42957143155
2022-05-17,94803.42957143155
2022-05-18,94803.42957143155
2022-05-19,94215.83614767007
2022-05-20,94215.83614767007
2022-05-21,94215.83614767007
2022-05-22,94215.83614767007
2022-05-23,94215.83614767007
2022-05-24,94215.83614767007
2022-05-25,94215.83614767007
2022-05-26,94215.83614767007
2022-05-27,94215.83614767007
2022-05-28,94215.83614767007
2022-05-29,94215.83614767007
2022-05-30,94215.83614767007
2022-05-31,93616.43068187297
2022-06-01,93616.43068187297
2022-06-02,93616.43068187297
2022-06-03,93616.43068187297
2022-06-04,93616.43068187297
2022-06-05,93616.43068187297
2022-06-06,93616.43068187297
2022-06-07,93616.43068187297
2022-06-08,93616.43068187297
2022-06-09,92813.53534043017
2022-06-10,92813.53534043017
2022-06-11,92813.53534043017
2022-06-12,92813.53534043017
2022-06-13,92034.24284361245
2022-06-14,92034.24284361245
2022-06-15,92034.24284361245
2022-06-16,92034.24284361245
2022-06-17,93215.65785909726
2022-06-18,93215.65785909726
2022-06-19,93215.65785909726
2022-06-20,93215.65785909726
2022-06-21,94194.3253575414
2022-06-22,93679.30194060566
2022-06-23,93679.30194060566
2022-06-24,93679.30194060566
2022-06-25,93679.30194060566
2022-06-26,93679.30194060566
2022-06-27,93679.30194060566
2022-06-28,93679.30194060566
2022-06-29,93679.30194060566
2022-06-30,93679.30194060566
2022-07-01,93679.30194060566
2022-07-02,93679.30194060566
2022-07-03,93679.30194060566
2022-07-04,93679.30194060566
2022-07-05,93679.30194060566
2022-07-06,93006.8848212265
2022-07-07,93006.8848212265
2022-07-08,93006.8848212265
2022-07-09,93006.8848212265
2022-07-10,93006.8848212265
2022-07-11,93006.8848212265
2022-07-12,93006.8848212265
2022-07-13,93006.8848212265
2022-07-14,93006.8848212265
2022-07-15,93006.8848212265
2022-07-16,93006.8848212265
2022-07-17,93006.8848212265
2022-07-18,93006.8848212265
2022-07-19,94014.33110797795
2022-07-20,94014.33110797795
2022-07-21,94014.33110797795
2022-07-22,93259.52317305827
2022-07-23,93259.52317305827
2022-07-24,93259.52317305827
2022-07-25,93259.52317305827
2022-07-26,93259.52317305827
2022-07-27,93259.52317305827
2022-07-28,92435.79798938612
2022-07-29,91855.33430998871
2022-07-30,91855.33430998871
2022-07-31,91855.33430998871
2022-08-01,91855.33430998871
2022-08-02,91855.33430998871
2022-08-03,91855.33430998871
2022-08-04,92771.8131036823
2022-08-05,92260.12211566766
2022-08-06,92260.12211566766
2022-08-07,92260.12211566766
2022-08-08,92260.12211566766
2022-08-09,92260.12211566766
2022-08-10,94232.73045352142
2022-08-11,94232.73045352142
2022-08-12,95218.12315359683
2022-08-13,95218.12315359683
2022-08-14,95218.12315359683
2022-08-15,95218.12315359683
2022-08-16,95218.12315359683
2022-08-17,95218.12315359683
2022-08-18,95218.12315359683
2022-08-19,95218.12315359683
2022-08-20,95218.12315359683
2022-08-21,95218.12315359683
2022-08-22,95218.12315359683
2022-08-23,95218.12315359683
2022-08-24,95218.12315359683
2022-08-25,95218.12315359683
2022-08-26,95218.12315359683
2022-08-27,95218.12315359683
2022-08-28,95218.12315359683
2022-08-29,95218.12315359683
2022-08-30,95218.12315359683
2022-08-31,95218.12315359683
2022-09-01,95218.12315359683
2022-09-02,95218.12315359683
2022-09-03,95218.12315359683
2022-09-04,95218.12315359683
2022-09-05,95218.12315359683
2022-09-06,96373.41016361529
2022-09-07,96373.41016361529
2022-09-08,96373.41016361529
2022-09-09,96373.41016361529
2022-09-10,96373.41016361529
2022-09-11,96373.41016361529
2022-09-12,96373.41016361529
2022-09-13,96373.41016361529
2022-09-14,97370.69349516208
2022-09-15,97370.69349516208
2022-09-16,97370.69349516208
2022-09-17,97370.69349516208
2022-09-18,97370.69349516208
2022-09-19,98578.17209147377
2022-09-20,98578.17209147377
2022-09-21,98578.17209147377
2022-09-22,98578.17209147377
2022-09-23,97952.97328996405
2022-09-24,97952.97328996405
2022-09-25,97952.97328996405
2022-09-26,97952.97328996405
2022-09-27,97952.97328996405
2022-09-28,97952.97328996405
2022-09-29,97952.97328996405
2022-09-30,97952.97328996405
2022-10-01,97952.97328996405
2022-10-02,97952.97328996405
2022-10-03,97952.97328996405
2022-10-04,97952.97328996405
2022-10-05,97433.79819748414
2022-10-06,97433.79819748414
2022-10-07,97433.79819748414
2022-10-08,97433.79819748414
2022-10-09,97433.79819748414
2022-10-10,96364.62309956929
2022-10-11,96364.62309956929
2022-10-12,97439.7684524275
2022-10-13,97439.7684524275
2022-10-14,97439.7684524275
2022-10-15,97439.7684524275
2022-10-16,97439.7684524275
2022-10-17,97439.7684524275
2022-10-18,97439.7684524275
2022-10-19,97439.7684524275
2022-10-20,97439.7684524275
2022-10-21,97439.7684524275
2022-10-22,97439.7684524275
2022-10-23,97439.7684524275
2022-10-24,97439.7684524275
2022-10-25,97439.7684524275
2022-10-26,98414.95595145636
2022-10-27,97856.63416576631
2022-10-28,97856.63416576631
2022-10-29,97856.63416576631
2022-10-30,97856.63416576631
2022-10-31,97271.9733905462
2022-11-01,97271.9733905462
2022-11-02,97271.9733905462
2022-11-03,96212.13572188331
2022-11-04,96212.13572188331
2022-11-05,96212.13572188331
2022-11-06,96212.13572188331
2022-11-07,96212.13572188331
2022-11-08,96212.13572188331
2022-11-09,96212.13572188331
2022-11-10,94702.58449294305
2022-11-11,94702.58449294305
2022-11-12,94702.58449294305
2022-11-13,94702.58449294305
2022-11-14,94702.58449294305
2022-11-15,94702.58449294305
2022-11-16,94045.71078933665
2022-11-17,92843.96196201145
2022-11-18,92297.59483307769
2022-11-19,92297.59483307769
2022-11-20,92297.59483307769
2022-11-21,92297.59483307769
2022-11-22,92297.59483307769
2022-11-23,92297.59483307769
2022-11-24,92297.59483307769
2022-11-25,92297.59483307769
2022-11-26,92297.59483307769
2022-11-27,92297.59483307769
2022-11-28,91727.68074795132
2022-11-29,91727.68074795132
2022-11-30,91727.68074795132
2022-12-01,91727.68074795132
2022-12-02,91727.68074795132
2022-12-03,91727.68074795132
2022-12-04,91727.68074795132
2022-12-05,91117.22131267266
2022-12-06,90483.05522667918
2022-12-07,90483.05522667918
2022-12-08,90483.05522667918
2022-12-09,90483.05522667918
2022-12-10,90483.05522667918
2022-12-11,90483.05522667918
2022-12-12,90483.05522667918
2022-12-13,90483.05522667918
2022-12-14,90483.05522667918
2022-12-15,89147.64969979654
2022-12-16,88563.65718774362
2022-12-17,88563.65718774362
2022-12-18,88563.65718774362
2022-12-19,88563.65718774362
2022-12-20,88563.65718774362
2022-12-21,88563.65718774362
2022-12-22,88563.65718774362
2022-12-23,88563.65718774362
2022-12-24,88563.65718774362
2022-12-25,88563.65718774362
2022-12-26,88563.65718774362
2022-12-27,88563.65718774362
2022-12-28,88563.65718774362
2022-12-29,88563.65718774362
2022-12-30,88563.65718774362
2022-12-31,88563.65718774362
2023-01-01,88563.65718774362
2023-01-02,88563.65718774362
2023-01-03,89457.13022959986
2023-01-04,89457.13022959986
2023-01-05,89457.13022959986
2023-01-06,91290.88957169029
2023-01-07,91290.88957169029
2023-01-08,91290.88957169029
2023-01-09,91290.88957169029
2023-01-10,91290.88957169029
2023-01-11,91290.88957169029
2023-01-12,91290.88957169029
2023-01-13,91290.88957169029
2023-01-14,91290.88957169029
2023-01-15,91290.88957169029
2023-01-16,91290.88957169029
2023-01-17,91290.88957169029
2023-01-18,91290.88957169029
2023-01-19,92189.30689763276
2023-01-20,92189.30689763276
2023-01-21,92189.30689763276
2023-01-22,92189.30689763276
2023-01-23,92189.30689763276
2023-01-24,92189.30689763276
2023-01-25,92189.30689763276
2023-01-26,92189.30689763276
2023-01-27,92189.30689763276
2023-01-28,92189.30689763276
2023-01-29,92189.30689763276
2023-01-30,92189.30689763276
2023-01-31,91674.95482701856
2023-02-01,91674.95482701856
2023-02-02,91674.95482701856
2023-02-03,91674.95482701856
2023-02-04,91674.95482701856
2023-02-05,91674.95482701856
2023-02-06,91674.95482701856
2023-02-07,91674.95482701856
2023-02-08,91674.95482701856
2023-02-09,91674.95482701856
2023-02-10,91674.95482701856
2023-02-11,91674.95482701856
2023-02-12,91674.95482701856
2023-02-13,91674.95482701856
2023-02-14,91674.95482701856
2023-02-15,92821.16226012657
2023-02-16,92821.16226012657
2023-02-17,92821.16226012657
2023-02-18,92821.16226012657
2023-02-19,92821.16226012657
2023-02-20,92821.16226012657
2023-02-21,92821.16226012657
2023-02-22,92821.16226012657
2023-02-23,92821.16226012657
2023-02-24,92821.16226012657
2023-02-25,92821.16226012657
2023-02-26,92821.16226012657
2023-02-27,92821.16226012657
2023-02-28,92821.16226012657
2023-03-01,92821.16226012657
2023-03-02,92821.16226012657
2023-03-03,92821.16226012657
2023-03-04,92821.16226012657
2023-03-05,92821.16226012657
2023-03-06,92821.16226012657
2023-03-07,92821.16226012657
2023-03-08,92821.16226012657
2023-03-09,92821.16226012657
2023-03-10,93859.16304409015
2023-03-11,93859.16304409015
2023-03-12,93859.16304409015
2023-03-13,93859.16304409015
2023-03-14,93859.16304409015
2023-03-15,94899.98468173559
2023-03-16,94899.98468173559
2023-03-17,94899.98468173559
2023-03-18,94899.98468173559
2023-03-19,94899.98468173559
2023-03-20,94899.98468173559
2023-03-21,94899.98468173559
2023-03-22,95967.15959621864
2023-03-23,95967.15959621864
2023-03-24,95967.15959621864
2023-03-25,95967.15959621864
2023-03-26,95967.15959621864
2023-03-27,95967.15959621864
2023-03-28,95967.15959621864
2023-03-29,95967.15959621864
2023-03-30,95967.15959621864
2023-03-31,95967.15959621864
2023-04-01,95967.15959621864
2023-04-02,95967.15959621864
2023-04-03,95967.15959621864
2023-04-04,95967.15959621864
2023-04-05,95967.15959621864
2023-04-06,95967.15959621864
2023-04-07,95967.15959621864
2023-04-08,95967.15959621864
2023-04-09,95967.15959621864
2023-04-10,95347.46600809335
2023-04-11,95347.46600809335
2023-04-12,96321.3836595075
2023-04-13,97361.23188775477
2023-04-14,97361.23188775477
2023-04-15,97361.23188775477
2023-04-16,97361.23188775477
2023-04-17,96686.26959868638
2023-04-18,96686.26959868638
2023-04-19,96686.26959868638
2023-04-20,96686.26959868638
2023-04-21,96686.26959868638
2023-04-22,96686.26959868638
2023-04-23,96686.26959868638
2023-04-24,96686.26959868638
2023-04-25,96165.84406208729
2023-04-26,96165.84406208729
2023-04-27,96165.84406208729
2023-04-28,96165.84406208729
2023-04-29,96165.84406208729
2023-04-30,96165.84406208729
2023-05-01,96165.84406208729
2023-05-02,96165.84406208729
2023-05-03,96165.84406208729
2023-05-04,96165.84406208729
2023-05-05,96165.84406208729
2023-05-06,96165.84406208729
2023-05-07,96165.84406208729
2023-05-08,96165.84406208729
2023-05-09,96165.84406208729
2023-05-10,96165.84406208729
2023-05-11,94840.97339285897
2023-05-12,94840.97339285897
2023-05-13,94840.97339285897
2023-05-14,94840.97339285897
2023-05-15,94840.97339285897
2023-05-16,94840.97339285897
2023-05-17,96922.275342353
2023-05-18,96922.275342353
2023-05-19,96922.275342353
2023-05-20,96922.275342353
2023-05-21,96922.275342353
2023-05-22,96922.275342353
2023-05-23,96922.275342353
2023-05-24,96922.275342353
2023-05-25,96922.275342353
2023-05-26,96922.275342353
2023-05-27,96922.275342353
2023-05-28,96922.275342353
2023-05-29,96922.275342353
2023-05-30,96922.275342353
2023-05-31,96922.275342353
2023-06-01,96922.275342353
2023-06-02,96273.14295523478
2023-06-03,96273.14295523478
2023-06-04,96273.14295523478
2023-06-05,96273.14295523478
2023-06-06,96273.14295523478
2023-06-07,96273.14295523478
2023-06-08,97477.88608422669
2023-06-09,97477.88608422669
2023-06-10,97477.88608422669
2023-06-11,97477.88608422669
2023-06-12,97477.88608422669
2023-06-13,96786.00966770797
2023-06-14,96786.00966770797
2023-06-15,98013.11163491262
2023-06-16,98013.11163491262
2023-06-17,98013.11163491262
2023-06-18,98013.11163491262
2023-06-19,98013.11163491262
2023-06-20,98013.11163491262
2023-06-21,98013.11163491262
2023-06-22,98013.11163491262
2023-06-23,98013.11163491262
2023-06-24,98013.11163491262
2023-06-25,98013.11163491262
2023-06-26,98013.11163491262
2023-06-27,98013.11163491262
2023-06-28,98013.11163491262
2023-06-29,98013.11163491262
2023-06-30,98013.11163491262
2023-07-01,98013.11163491262
2023-07-02,98013.11163491262
2023-07-03,98013.11163491262
2023-07-04,98013.11163491262
2023-07-05,99034.61004744374
2023-07-06,99034.61004744374
2023-07-07,98485.77716539559
2023-07-08,98485.77716539559
2023-07-09,98485.77716539559
2023-07-10,97845.7841584893
2023-07-11,97845.7841584893
2023-07-12,97331.08349773074
2023-07-13,97331.08349773074
2023-07-14,97331.08349773074
2023-07-15,97331.08349773074
2023-07-16,97331.08349773074
2023-07-17,98298.78802695891
2023-07-18,98298.78802695891
2023-07-19,98298.78802695891
2023-07-20,98298.78802695891
2023-07-21,97156.1925623147
2023-07-22,97156.1925623147
2023-07-23,97156.1925623147
2023-07-24,96456.92163086293
2023-07-25,96456.92163086293
2023-07-26,96456.92163086293
2023-07-27,96456.92163086293
2023-07-28,96456.92163086293
2023-07-29,96456.92163086293
2023-07-30,96456.92163086293
2023-07-31,96456.92163086293
2023-08-01,96456.92163086293
2023-08-02,96456.92163086293
2023-08-03,96456.92163086293
2023-08-04,96456.92163086293
2023-08-05,96456.92163086293
2023-08-06,96456.92163086293
2023-08-07,96456.92163086293
2023-08-08,96456.92163086293
2023-08-09,96456.92163086293
2023-08-10,96456.92163086293
2023-08-11,96456.92163086293
2023-08-12,96456.92163086293
2023-08-13,96456.92163086293
2023-08-14,96456.92163086293
2023-08-15,96456.92163086293
2023-08-16,96456.92163086293
2023-08-17,96456.92163086293
2023-08-18,96456.92163086293
2023-08-19,96456.92163086293
2023-08-20,96456.92163086293
2023-08-21,96456.92163086293
2023-08-22,96456.92163086293
2023-08-23,96456.92163086293
2023-08-24,96456.92163086293
2023-08-25,96456.92163086293
2023-08-26,96456.92163086293
2023-08-27,97479.02136522892
2023-08-28,97479.02136522892
2023-08-29,97479.02136522892
2023-08-30,97479.02136522892
2023-08-31,97479.02136522892
2023-09-01,97479.02136522892
2023-09-02,97479.02136522892
2023-09-03,97479.02136522892
2023-09-04,96925.11638475594
2023-09-05,96087.85864447735
2023-09-06,96087.85864447735
2023-09-07,96087.85864447735
2023-09-08,96087.85864447735
2023-09-09,96087.85864447735
2023-09-10,96087.85864447735
2023-09-11,96087.85864447735
2023-09-12,96087.85864447735
2023-09-13,96087.85864447735
2023-09-14,96087.85864447735
2023-09-15,96087.85864447735
2023-09-16,96087.85864447735
2023-09-17,96087.85864447735
2023-09-18,96087.85864447735
2023-09-19,96087.85864447735
2023-09-20,97123.63571973625
2023-09-21,96521.736854951
2023-09-22,96521.736854951
2023-09-23,96521.736854951
2023-09-24,96521.736854951
2023-09-25,97505.60771885885
2023-09-26,97505.60771885885
2023-09-27,97505.60771885885
2023-09-28,97505.60771885885
2023-09-29,97505.60771885885
2023-09-30,97505.60771885885
2023-10-01,97505.60771885885
2023-10-02,97505.60771885885
2023-10-03,97505.60771885885
2023-10-04,97505.60771885885
2023-10-05,97505.60771885885
2023-10-06,97505.60771885885
2023-10-07,97505.60771885885
2023-10-08,97505.60771885885
2023-10-09,97505.60771885885
2023-10-10,97505.60771885885
2023-10-11,97505.60771885885
2023-10-12,97505.60771885885
2023-10-13,98653.32325195298
2023-10-14,98653.32325195298
2023-10-15,98653.32325195298
2023-10-16,98653.32325195298
2023-10-17,98653.32325195298
2023-10-18,98653.32325195298
2023-10-19,98653.32325195298
2023-10-20,99755.17076645969
2023-10-21,99755.17076645969
2023-10-22,99755.17076645969
2023-10-23,99755.17076645969
2023-10-24,99755.17076645969
2023-10-25,99755.17076645969
2023-10-26,100745.7932374696
2023-10-27,100745.7932374696
2023-10-28,100745.7932374696
2023-10-29,100745.7932374696
2023-10-30,100173.93847057351
2023-10-31,101198.62975077544
2023-11-01,100606.30234275846
2023-11-02,99962.34076678852
2023-11-03,99962.34076678852
2023-11-04,99962.34076678852
2023-11-05,99962.34076678852
2023-11-06,99424.50507959694
2023-11-07,99424.50507959694
2023-11-08,99424.50507959694
2023-11-09,99424.50507959694
2023-11-10,99424.50507959694
2023-11-11,99424.50507959694
2023-11-12,99424.50507959694
2023-11-13,100497.33474279498
2023-11-14,100497.33474279498
2023-11-15,100497.33474279498
2023-11-16,100497.33474279498
2023-11-17,99612.9544674162
2023-11-18,99612.9544674162
2023-11-19,99612.9544674162
2023-11-20,99612.9544674162
2023-11-21,100587.34401630501
2023-11-22,100587.34401630501
2023-11-23,100587.34401630501
2023-11-24,101161.53571873558
2023-11-25,101161.53571873558
2023-11-26,101161.53571873558
2023-11-27,102150.49610616516
2023-11-28,102150.49610616516
2023-11-29,102150.49610616516
2023-11-30,103230.13159965655
2023-12-01,103230.13159965655
2023-12-02,103230.13159965655
2023-12-03,103230.13159965655
2023-12-04,103230.13159965655
2023-12-05,103230.13159965655
2023-12-06,103230.13159965655
2023-12-07,103230.13159965655
2023-12-08,103230.13159965655
2023-12-09,103230.13159965655
2023-12-10,103230.13159965655
2023-12-11,103230.13159965655
2023-12-12,103230.13159965655
2023-12-13,103230.13159965655
2023-12-14,103230.13159965655
2023-12-15,103230.13159965655
2023-12-16,103230.13159965655
2023-12-17,103230.13159965655
2023-12-18,103230.13159965655
2023-12-19,104280.06591933916
2023-12-20,105309.08248694608
2023-12-21,105309.08248694608
2023-12-22,105309.08248694608
2023-12-23,105309.08248694608
2023-12-24,105309.08248694608
2023-12-25,105309.08248694608
2023-12-26,105309.08248694608
2023-12-27,105309.08248694608
2023-12-28,105309.08248694608
2023-12-29,105309.08248694608
2023-12-30,105309.08248694608
2023-12-31,105309.08248694608
2024-01-01,105309.08248694608
2024-01-02,104140.61329134346
2024-01-03,104140.61329134346
2024-01-04,104140.61329134346
2024-01-05,104140.61329134346
2024-01-06,104140.61329134346
2024-01-07,104140.61329134346
2024-01-08,104140.61329134346
2024-01-09,104140.61329134346
2024-01-10,104140.61329134346
2024-01-11,104140.61329134346
2024-01-12,104140.61329134346
2024-01-13,104140.61329134346
2024-01-14,104140.61329134346
2024-01-15,104140.61329134346
2024-01-16,104140.61329134346
2024-01-17,104140.61329134346
2024-01-18,104140.61329134346
2024-01-19,104140.61329134346
2024-01-20,104140.61329134346
2024-01-21,104140.61329134346
2024-01-22,104140.61329134346
2024-01-23,104140.61329134346
2024-01-24,104140.61329134346
2024-01-25,104140.61329134346
2024-01-26,104140.61329134346
2024-01-27,104140.61329134346
2024-01-28,104140.61329134346
2024-01-29,104140.61329134346
2024-01-30,104140.61329134346
2024-01-31,104140.61329134346
2024-02-01,104140.61329134346
2024-02-02,103418.011922174
2024-02-03,103418.011922174
2024-02-04,103418.011922174
2024-02-05,103418.011922174
2024-02-06,103418.011922174
2024-02-07,103418.011922174
2024-02-08,103418.011922174
2024-02-09,103418.011922174
2024-02-10,103418.011922174
2024-02-11,103418.011922174
2024-02-12,103418.011922174
2024-02-13,103418.011922174
2024-02-14,103418.011922174
2024-02-15,103418.011922174
2024-02-16,103418.011922174
2024-02-17,103418.011922174
2024-02-18,103418.011922174
2024-02-19,103418.011922174
2024-02-20,103418.011922174
2024-02-21,103418.011922174
2024-02-22,103418.011922174
2024-02-23,103664.73054350298
2024-02-24,103664.73054350298
2024-02-25,103664.73054350298
2024-02-26,103664.73054350298
2024-02-27,103664.73054350298
2024-02-28,103664.73054350298
2024-02-29,103664.73054350298
2024-03-01,103664.73054350298
2024-03-02,103664.73054350298
2024-03-03,103664.73054350298
2024-03-04,103664.73054350298
2024-03-05,103664.73054350298
2024-03-06,103138.33332124843
2024-03-07,103138.33332124843
2024-03-08,103138.33332124843
2024-03-09,103138.33332124843
2024-03-10,103138.33332124843
2024-03-11,103138.33332124843
2024-03-12,103138.33332124843
2024-03-13,105335.84440579916
2024-03-14,105335.84440579916
2024-03-15,106594.48481305501
2024-03-16,106594.48481305501
2024-03-17,106594.48481305501
2024-03-18,105887.39526499031
2024-03-19,105887.39526499031
2024-03-20,107210.79585771366
2024-03-21,107210.79585771366
2024-03-22,106621.92955957635
2024-03-23,106621.92955957635
2024-03-24,106621.92955957635
2024-03-25,106621.92955957635
2024-03-26,106621.92955957635
2024-03-27,106621.92955957635
2024-03-28,106621.92955957635
2024-03-29,106621.92955957635
2024-03-30,106621.92955957635
2024-03-31,106621.92955957635
2024-04-01,106621.92955957635
2024-04-02,106621.92955957635
2024-04-03,106621.92955957635
2024-04-04,106621.92955957635
2024-04-05,107895.98866921678
2024-04-06,107895.98866921678
2024-04-07,107895.98866921678
2024-04-08,109102.18164900178
2024-04-09,109102.18164900178
2024-04-10,109102.18164900178
2024-04-11,109102.18164900178
2024-04-12,111319.08647647515
2024-04-13,111319.08647647515
2024-04-14,111319.08647647515
2024-04-15,110643.00402045554
2024-04-16,110643.00402045554
2024-04-17,110025.98279670268
2024-04-18,110025.98279670268
2024-04-19,111226.2650465176
2024-04-20,111226.2650465176
2024-04-21,111226.2650465176
2024-04-22,110656.28040994353
2024-04-23,110656.28040994353
2024-04-24,110656.28040994353
2024-04-25,110656.28040994353
2024-04-26,110656.28040994353
2024-04-27,110656.28040994353
2024-04-28,110656.28040994353
2024-04-29,110656.28040994353
2024-04-30,110656.28040994353
2024-05-01,111759.3788708928
2024-05-02,111759.3788708928
2024-05-03,111759.3788708928
2024-05-04,111759.3788708928
2024-05-05,111759.3788708928
2024-05-06,111759.3788708928
2024-05-07,111759.3788708928
2024-05-08,111759.3788708928
2024-05-09,111759.3788708928
2024-05-10,111759.3788708928
2024-05-11,111759.3788708928
2024-05-12,111759.3788708928
2024-05-13,111759.3788708928
2024-05-14,111759.3788708928
2024-05-15,112938.56592107085
2024-05-16,112938.56592107085
2024-05-17,112938.56592107085
2024-05-18,112938.56592107085
2024-05-19,112938.56592107085
2024-05-20,112938.56592107085
2024-05-21,112938.56592107085
2024-05-22,112938.56592107085
2024-05-23,113526.76690073342
2024-05-24,113526.76690073342
2024-05-25,113526.76690073342
2024-05-26,113526.76690073342
2024-05-27,113526.76690073342
2024-05-28,113526.76690073342
2024-05-29,113526.76690073342
2024-05-30,114007.39814233851
2024-05-31,114007.39814233851
2024-06-01,114007.39814233851
2024-06-02,114007.39814233851
2024-06-03,114007.39814233851
2024-06-04,113356.08735305628
2024-06-05,113356.08735305628
2024-06-06,113356.08735305628
2024-06-07,113356.08735305628
2024-06-08,113356.08735305628
2024-06-09,113356.08735305628
2024-06-10,113356.08735305628
2024-06-11,113356.08735305628
2024-06-12,113356.08735305628
2024-06-13,113356.08735305628
2024-06-14,113356.08735305628
2024-06-15,113356.08735305628
2024-06-16,113356.08735305628
2024-06-17,113356.08735305628
2024-06-18,113356.08735305628
2024-06-19,113356.08735305628
2024-06-20,114665.47399320766
2024-06-21,114665.47399320766
2024-06-22,114665.47399320766
2024-06-23,114665.47399320766
2024-06-24,114665.47399320766
2024-06-25,114665.47399320766
2024-06-26,115962.0902473479
2024-06-27,115962.0902473479
2024-06-28,117148.10193124104
2024-06-29,117148.10193124104
2024-06-30,117148.10193124104
2024-07-01,117148.10193124104
2024-07-02,117148.10193124104
2024-07-03,117148.10193124104
2024-07-04,117148.10193124104
2024-07-05,117148.10193124104
2024-07-06,117148.10193124104
2024-07-07,117148.10193124104
2024-07-08,117148.10193124104
2024-07-09,117148.10193124104
2024-07-10,117148.10193124104
2024-07-11,119136.73977232316
2024-07-12,118488.59292905554
2024-07-13,118488.59292905554
2024-07-14,118488.59292905554
2024-07-15,118488.59292905554
2024-07-16,118488.59292905554
2024-07-17,118488.59292905554
2024-07-18,118488.59292905554
2024-07-19,118488.59292905554
2024-07-20,118488.59292905554
2024-07-21,118488.59292905554
2024-07-22,118488.59292905554
2024-07-23,118488.59292905554
2024-07-24,118488.59292905554
2024-07-25,118488.59292905554
2024-07-26,118488.59292905554
2024-07-27,118488.59292905554
2024-07-28,118488.59292905554
2024-07-29,118488.59292905554
2024-07-30,118488.59292905554
2024-07-31,118488.59292905554
2024-08-01,118488.59292905554
2024-08-02,117722.83148936294
2024-08-03,117722.83148936294
2024-08-04,117722.83148936294
2024-08-05,116805.91883368131
2024-08-06,116805.91883368131
2024-08-07,116805.91883368131
2024-08-08,116805.91883368131
2024-08-09,116805.91883368131
2024-08-10,116805.91883368131
2024-08-11,116805.91883368131
2024-08-12,116805.91883368131
2024-08-13,116805.91883368131
2024-08-14,116805.91883368131
2024-08-15,116805.91883368131
2024-08-16,118335.77233832225
2024-08-17,118335.77233832225
2024-08-18,118335.77233832225
2024-08-19,118335.77233832225
2024-08-20,118335.77233832225
2024-08-21,118335.77233832225
2024-08-22,118335.77233832225
2024-08-23,118335.77233832225
2024-08-24,118335.77233832225
2024-08-25,118335.77233832225
2024-08-26,120923.09915520581
2024-08-27,120923.09915520581
2024-08-28,120122.883611676
2024-08-29,120122.883611676
2024-08-30,120122.883611676
2024-08-31,120122.883611676
2024-09-01,120122.883611676
2024-09-02,119313.97593381103
2024-09-03,119313.97593381103
2024-09-04,119313.97593381103
2024-09-05,119313.97593381103
2024-09-06,119313.97593381103
2024-09-07,119313.97593381103
2024-09-08,119313.97593381103
2024-09-09,119313.97593381103
2024-09-10,119313.97593381103
2024-09-11,119313.97593381103
2024-09-12,119313.97593381103
2024-09-13,119313.97593381103
2024-09-14,119313.97593381103
2024-09-15,119313.97593381103
2024-09-16,119313.97593381103
2024-09-17,119313.97593381103
2024-09-18,117153.8378729794
2024-09-19,117153.8378729794
2024-09-20,119616.02141560226
2024-09-21,119616.02141560226
2024-09-22,119616.02141560226
2024-09-23,118948.63562473939
2024-09-24,120180.56469150317
2024-09-25,120180.56469150317
2024-09-26,120180.56469150317
2024-09-27,120180.56469150317
2024-09-28,120180.56469150317
2024-09-29,120180.56469150317
2024-09-30,119504.73797169597
2024-10-01,119504.73797169597
2024-10-02,119504.73797169597
2024-10-03,119504.73797169597
2024-10-04,119504.73797169597
2024-10-05,119504.73797169597
2024-10-06,119504.73797169597
2024-10-07,119504.73797169597
2024-10-08,118130.18870269365
2024-10-09,118130.18870269365
2024-10-10,118130.18870269365
2024-10-11,118130.18870269365
2024-10-12,118130.18870269365
2024-10-13,118130.18870269365
2024-10-14,118130.18870269365
2024-10-15,118130.18870269365
2024-10-16,118130.18870269365
2024-10-17,118130.18870269365
2024-10-18,118130.18870269365
2024-10-19,118130.18870269365
2024-10-20,118130.18870269365
2024-10-21,118130.18870269365
2024-10-22,118130.18870269365
2024-10-23,118130.18870269365
2024-10-24,118130.18870269365
2024-10-25,117334.27396786954
2024-10-26,117334.27396786954
2024-10-27,117334.27396786954
2024-10-28,117334.27396786954
2024-10-29,120000.63885970895
2024-10-30,120000.63885970895
2024-10-31,118843.69731576054
2024-11-01,118843.69731576054
2024-11-02,118843.69731576054
2024-11-03,118843.69731576054
2024-11-04,118843.69731576054
2024-11-05,118843.69731576054
2024-11-06,118843.69731576054
2024-11-07,118843.69731576054
2024-11-08,118843.69731576054
2024-11-09,118843.69731576054
2024-11-10,118843.69731576054
2024-11-11,118843.69731576054
2024-11-12,118843.69731576054
2024-11-13,118843.69731576054
2024-11-14,118843.69731576054
2024-11-15,118147.26948768717
2024-11-16,118147.26948768717
2024-11-17,118147.26948768717
2024-11-18,118147.26948768717
2024-11-19,118147.26948768717
2024-11-20,118147.26948768717
2024-11-21,118147.26948768717
2024-11-22,118147.26948768717
2024-11-23,118147.26948768717
2024-11-24,118147.26948768717
2024-11-25,117427.75749310284
2024-11-26,117427.75749310284
2024-11-27,117427.75749310284
2024-11-28,117427.75749310284
2024-11-29,117427.75749310284
2024-11-30,117427.75749310284
2024-12-01,117427.75749310284
2024-12-02,117427.75749310284
2024-12-03,117427.75749310284
2024-12-04,117427.75749310284
2024-12-05,117427.75749310284
2024-12-06,117427.75749310284
2024-12-07,117427.75749310284
2024-12-08,117427.75749310284
2024-12-09,118796.22855330775
2024-12-10,118796.22855330775
2024-12-11,118796.22855330775
2024-12-12,118796.22855330775
2024-12-13,118107.46819067153
2024-12-14,118107.46819067153
2024-12-15,118107.46819067153
2024-12-16,118107.46819067153
2024-12-17,118107.46819067153
2024-12-18,118107.46819067153
2024-12-19,118107.46819067153
2024-12-20,118107.46819067153
2024-12-21,118107.46819067153
2024-12-22,118107.46819067153
2024-12-23,118107.46819067153
2024-12-24,118107.46819067153
2024-12-25,118107.46819067153
2024-12-26,118107.46819067153
2024-12-27,118107.46819067153
2024-12-28,118107.46819067153
2024-12-29,118107.46819067153
2024-12-30,118107.46819067153
2024-12-31,118107.46819067153
2025-01-01,118107.46819067153
2025-01-02,117438.21190314028
2025-01-03,117438.21190314028
2025-01-04,117438.21190314028
2025-01-05,117438.21190314028
2025-01-06,116626.17888701332
2025-01-07,116626.17888701332
2025-01-08,116626.17888701332
2025-01-09,116626.17888701332
2025-01-10,116626.17888701332
2025-01-11,116626.17888701332
2025-01-12,116626.17888701332
2025-01-13,115987.30485911007
2025-01-14,115279.69946700746
2025-01-15,115279.69946700746
2025-01-16,115749.12092387676
2025-01-17,115749.12092387676
2025-01-18,115749.12092387676
2025-01-19,115749.12092387676
2025-01-20,115749.12092387676
2025-01-21,116881.54113094912
2025-01-22,116881.54113094912
2025-01-23,116881.54113094912
2025-01-24,116881.54113094912
2025-01-25,116881.54113094912
2025-01-26,116881.54113094912
2025-01-27,115114.68389690979
2025-01-28,115114.68389690979
2025-01-29,115114.68389690979
2025-01-30,115114.68389690979
2025-01-31,115114.68389690979
2025-02-01,115114.68389690979
2025-02-02,115114.68389690979
2025-02-03,115823.93787979064
2025-02-04,116429.95181329649
2025-02-05,116429.95181329649
2025-02-06,116429.95181329649
2025-02-07,117623.6008769251
2025-02-08,117623.6008769251
2025-02-09,117623.6008769251
2025-02-10,118910.04249103961
2025-02-11,118261.57020253534
2025-02-12,118261.57020253534
2025-02-13,119452.35492297853
2025-02-14,119452.35492297853
2025-02-15,119452.35492297853
2025-02-16,119452.35492297853
2025-02-17,119452.35492297853
2025-02-18,119452.35492297853
2025-02-19,120633.00000394521
2025-02-20,120633.00000394521
2025-02-21,120633.00000394521
2025-02-22,120633.00000394521
2025-02-23,120633.00000394521
2025-02-24,120633.00000394521
2025-02-25,119965.10429480663
2025-02-26,119965.10429480663
2025-02-27,119965.10429480663
2025-02-28,119965.10429480663
2025-03-01,119965.10429480663
2025-03-02,119965.10429480663
2025-03-03,119965.10429480663
2025-03-04,119965.10429480663
2025-03-05,119965.10429480663
2025-03-06,119965.10429480663
2025-03-07,119965.10429480663
2025-03-08,119965.10429480663
2025-03-09,119965.10429480663
2025-03-10,119965.10429480663
2025-03-11,119965.10429480663
2025-03-12,119965.10429480663
2025-03-13,121394.37926145188
2025-03-14,121394.37926145188
2025-03-15,121394.37926145188
2025-03-16,121394.37926145188
2025-03-17,121394.37926145188
2025-03-18,121394.37926145188
2025-03-19,121394.37926145188
2025-03-20,120746.86360606989
2025-03-21,119934.03616625795
2025-03-22,119934.03616625795
2025-03-23,119934.03616625795
2025-03-24,119934.03616625795
2025-03-25,119934.03616625795
2025-03-26,119934.03616625795
2025-03-27,121087.17829459172
2025-03-28,121087.17829459172
2025-03-29,121087.17829459172
2025-03-30,121087.17829459172
2025-03-31,122387.9231764747
2025-04-01,122387.9231764747
2025-04-02,120744.37572791116
2025-04-03,120744.37572791116
2025-04-04,120053.47176007433
2025-04-05,120053.47176007433
2025-04-06,120053.47176007433
2025-04-07,120053.47176007433
2025-04-08,120053.47176007433
2025-04-09,120053.47176007433
2025-04-10,121479.2211239025
2025-04-11,121479.2211239025
2025-04-12,121479.2211239025
2025-04-13,121479.2211239025
2025-04-14,121479.2211239025
2025-04-15,121479.2211239025
2025-04-16,121479.2211239025
2025-04-17,121479.2211239025
2025-04-18,121479.2211239025
2025-04-19,121479.2211239025
2025-04-20,121479.2211239025
2025-04-21,121479.2211239025
2025-04-22,120152.72357387
2025-04-23,119380.73616360601
2025-04-24,119380.73616360601
2025-04-25,119380.73616360601
2025-04-26,119380.73616360601
2025-04-27,119380.73616360601
2025-04-28,119380.73616360601
2025-04-29,119380.73616360601
2025-04-30,118726.49639721544
2025-05-01,118726.49639721544
2025-05-02,118726.49639721544
2025-05-03,118726.49639721544
2025-05-04,118726.49639721544
2025-05-05,118726.49639721544
2025-05-06,118726.49639721544
2025-05-07,118726.49639721544
2025-05-08,118090.22844246567
2025-05-09,119294.71916224263
2025-05-10,119294.71916224263
2025-05-11,119294.71916224263
2025-05-12,119294.71916224263
2025-05-13,120503.2644685541
2025-05-14,120503.2644685541
2025-05-15,120503.2644685541
2025-05-16,120503.2644685541
2025-05-17,120503.2644685541
2025-05-18,120503.2644685541
2025-05-19,120503.2644685541
2025-05-20,120503.2644685541
2025-05-21,120503.2644685541
2025-05-22,120503.2644685541
2025-05-23,120503.2644685541
2025-05-24,120503.2644685541
2025-05-25,120503.2644685541
2025-05-26,120503.2644685541
2025-05-27,120503.2644685541
2025-05-28,120503.2644685541
2025-05-29,120503.2644685541
2025-05-30,119189.05349670899
2025-05-31,119189.05349670899
2025-06-01,119189.05349670899
2025-06-02,120634.31570049617
2025-06-03,120634.31570049617
2025-06-04,120634.31570049617
2025-06-05,120634.31570049617
2025-06-06,120634.31570049617
2025-06-07,120634.31570049617
2025-06-08,120634.31570049617
2025-06-09,120634.31570049617
2025-06-10,120634.31570049617
2025-06-11,121922.01055638584
2025-06-12,121030.2953336261
2025-06-13,121030.2953336261
2025-06-14,121030.2953336261
2025-06-15,121030.2953336261
2025-06-16,121030.2953336261
2025-06-17,122598.3651772458
2025-06-18,123030.51652963358
2025-06-19,122146.5852370012
2025-06-20,122146.5852370012
2025-06-21,122146.5852370012
2025-06-22,121433.84883285183
2025-06-23,121433.84883285183
2025-06-24,121433.84883285183
2025-06-25,121433.84883285183
2025-06-26,121433.84883285183
2025-06-27,121433.84883285183
2025-06-28,121433.84883285183
2025-06-29,121433.84883285183
2025-06-30,121433.84883285183
2025-07-01,121433.84883285183
2025-07-02,122747.48425144033
2025-07-03,122747.48425144033
2025-07-04,122747.48425144033
2025-07-05,122747.48425144033
2025-07-06,122747.48425144033
2025-07-07,122037.88806974399
2025-07-08,122037.88806974399
2025-07-09,122037.88806974399
2025-07-10,122037.88806974399
2025-07-11,122037.88806974399
2025-07-12,122037.88806974399
2025-07-13,122037.88806974399
2025-07-14,122037.88806974399
2025-07-15,122037.88806974399
2025-07-16,122037.88806974399
2025-07-17,123576.05244346867
2025-07-18,123576.05244346867
2025-07-19,123576.05244346867
2025-07-20,123576.05244346867
2025-07-21,125110.76715122738
2025-07-22,124421.1615247071
2025-07-23,124421.1615247071
2025-07-24,122803.4352626248
2025-07-25,121614.91112689608
2025-07-26,121614.91112689608
2025-07-27,121614.91112689608
2025-07-28,121614.91112689608
2025-07-29,121614.91112689608
2025-07-30,122967.07516599006
2025-07-31,122074.15618250343
2025-08-01,122074.15618250343
2025-08-02,122074.15618250343
2025-08-03,122074.15618250343
2025-08-04,121333.9548742052
2025-08-05,121333.9548742052
2025-08-06,121333.9548742052
2025-08-07,121333.9548742052
2025-08-08,121333.9548742052
2025-08-09,121333.9548742052
2025-08-10,121333.9548742052
2025-08-11,121333.9548742052
2025-08-12,121333.9548742052
2025-08-13,121333.9548742052
2025-08-14,121333.9548742052
2025-08-15,121333.9548742052
2025-08-16,121333.9548742052
2025-08-17,121333.9548742052
2025-08-18,121333.9548742052
2025-08-19,120611.18872308666
2025-08-20,120611.18872308666
2025-08-21,120611.18872308666
2025-08-22,120611.18872308666
2025-08-23,120611.18872308666
2025-08-24,120611.18872308666
2025-08-25,120611.18872308666
2025-08-26,120611.18872308666
2025-08-27,120611.18872308666
2025-08-28,121815.44166876197
2025-08-29,121815.44166876197
2025-08-30,121815.44166876197
2025-08-31,121815.44166876197
2025-09-01,121815.44166876197
2025-09-02,121815.44166876197
2025-09-03,121815.44166876197
2025-09-04,121815.44166876197
2025-09-05,121815.44166876197
2025-09-06,121815.44166876197
2025-09-07,121815.44166876197
2025-09-08,121815.44166876197
2025-09-09,121190.5793858496
2025-09-10,121190.5793858496
2025-09-11,121190.5793858496
2025-09-12,121190.5793858496
2025-09-13,121190.5793858496
2025-09-14,121190.5793858496
2025-09-15,122536.60546786153
2025-09-16,122536.60546786153
2025-09-17,121078.63930726217
2025-09-18,120424.06927491793
2025-09-19,120424.06927491793
2025-09-20,120424.06927491793
2025-09-21,120424.06927491793
2025-09-22,121698.23922993374
2025-09-23,121698.23922993374
2025-09-24,121698.23922993374
2025-09-25,121698.23922993374
2025-09-26,121698.23922993374
2025-09-27,121698.23922993374
2025-09-28,121698.23922993374
2025-09-29,122920.5926884957
2025-09-30,122189.18217498108
2025-10-01,122674.30083789346
2025-10-02,122042.53704889843
2025-10-03,124851.43607787708
2025-10-04,124851.43607787708
2025-10-05,126039.09739487218
2025-10-06,126039.09739487218
2025-10-07,126039.09739487218
2025-10-08,127380.87637916817
2025-10-09,127380.87637916817
2025-10-10,127380.87637916817
2025-10-11,127380.87637916817
2025-10-12,127380.87637916817
2025-10-13,128688.16480455027
2025-10-14,128688.16480455027
2025-10-15,128688.16480455027
2025-10-16,128688.16480455027
2025-10-17,128688.16480455027
2025-10-18,128688.16480455027
2025-10-19,128688.16480455027
2025-10-20,130075.63963448357
2025-10-21,129016.20546927213
2025-10-22,129016.20546927213
2025-10-23,130372.59453344272
2025-10-24,130372.59453344272
2025-10-25,130372.59453344272
2025-10-26,130372.59453344272
2025-10-27,130372.59453344272
2025-10-28,130372.59453344272
2025-10-29,130372.59453344272
2025-10-30,130372.59453344272
2025-10-31,130372.59453344272
2025-11-01,130372.59453344272
2025-11-02,130372.59453344272
2025-11-03,130372.59453344272
2025-11-04,130372.59453344272
2025-11-05,130372.59453344272
2025-11-06,130372.59453344272
2025-11-07,130372.59453344272
2025-11-08,130372.59453344272
2025-11-09,130372.59453344272
2025-11-10,130372.59453344272
2025-11-11,131764.99283235468
2025-11-12,131764.99283235468
2025-11-13,131764.99283235468
2025-11-14,131764.99283235468
2025-11-15,131764.99283235468
2025-11-16,131764.99283235468
2025-11-17,130781.05762464345
2025-11-18,130781.05762464345
2025-11-19,130781.05762464345
2025-11-20,130781.05762464345
2025-11-21,130781.05762464345
2025-11-22,130781.05762464345
2025-11-23,130781.05762464345
2025-11-24,130781.05762464345
2025-11-25,130781.05762464345
2025-11-26,130781.05762464345
2025-11-27,130781.05762464345
2025-11-28,130781.05762464345
2025-11-29,130781.05762464345
2025-11-30,130781.05762464345
2025-12-01,130781.05762464345
2025-12-02,129965.00025702835
2025-12-03,129965.00025702835
2025-12-04,129098.49930353907
2025-12-05,128385.79569458314
2025-12-06,128385.79569458314
2025-12-07,128385.79569458314
2025-12-08,128385.79569458314
2025-12-09,130155.36774641581
2025-12-10,131488.00006782007
2025-12-11,134295.5443358583
2025-12-12,134295.5443358583
2025-12-13,134295.5443358583
2025-12-14,134295.5443358583
2025-12-15,134295.5443358583
2025-12-16,134295.5443358583
2025-12-17,136050.3902383595
2025-12-18,137439.87669335218
2025-12-19,137439.87669335218
2025-12-20,137439.87669335218
2025-12-21,137439.87669335218
2025-12-22,137439.87669335218
2025-12-23,137439.87669335218
2025-12-24,137439.87669335218
2025-12-25,137439.87669335218
2025-12-26,137439.87669335218
2025-12-27,137439.87669335218
2025-12-28,137439.87669335218
2025-12-29,136610.53730179972
2025-12-30,136610.53730179972
2025-12-31,136610.53730179972
2026-01-01,136610.53730179972
2026-01-02,136610.53730179972
2026-01-03,136610.53730179972
2026-01-04,136610.53730179972
2026-01-05,136610.53730179972
2026-01-06,136610.53730179972
2026-01-07,136610.53730179972
2026-01-08,136610.53730179972
2026-01-09,136610.53730179972
2026-01-10,136610.53730179972
2026-01-11,138256.6439611444
2026-01-12,138256.6439611444
2026-01-13,140092.11897362897
2026-01-14,140092.11897362897
2026-01-15,140092.11897362897
2026-01-16,140092.11897362897
2026-01-17,140092.11897362897
2026-01-18,140092.11897362897
2026-01-19,140092.11897362897
2026-01-20,141936.99965681316
2026-01-21,141936.99965681316
2026-01-22,141936.99965681316
2026-01-23,141857.4165792001
2026-01-24,141857.4165792001
2026-01-25,141857.4165792001
2026-01-26,141857.4165792001
2026-01-27,140874.20411065305
2026-01-28,140874.20411065305
2026-01-29,140874.20411065305
2026-01-30,138788.4552680622
2026-01-31,138788.4552680622
2026-02-01,138788.4552680622
2026-02-02,138788.4552680622
2026-02-03,138788.4552680622
2026-02-04,138788.4552680622
2026-02-05,140211.7570769577
2026-02-06,140211.7570769577
2026-02-07,140211.7570769577
2026-02-08,140211.7570769577
2026-02-09,140211.7570769577
2026-02-10,140211.7570769577
2026-02-11,139492.87579070588
2026-02-12,139492.87579070588
2026-02-13,139492.87579070588
2026-02-14,139492.87579070588
2026-02-15,139492.87579070588
2026-02-16,139492.87579070588
2026-02-17,139492.87579070588
2026-02-18,139492.87579070588
2026-02-19,139492.87579070588
2026-02-20,139492.87579070588
2026-02-21,139492.87579070588
2026-02-22,139492.87579070588
2026-02-23,139492.87579070588
2026-02-24,139492.87579070588
2026-02-25,139492.87579070588
2026-02-26,139492.87579070588
2026-02-27,142537.32492310525
2026-02-28,142537.32492310525
2026-03-01,143944.14460581145
2026-03-02,143944.14460581145
2026-03-03,140923.91177438747
2026-03-04,140923.91177438747
2026-03-05,140923.91177438747
2026-03-06,140923.91177438747
2026-03-07,140923.91177438747
2026-03-08,140923.91177438747
2026-03-09,140923.91177438747
2026-03-10,140923.91177438747
2026-03-11,140923.91177438747
2026-03-12,140923.91177438747
2026-03-13,140923.91177438747
2026-03-14,140923.91177438747
2026-03-15,140923.91177438747
2026-03-16,140923.91177438747
2026-03-17,140923.91177438747
2026-03-18,140923.91177438747
2026-03-19,140191.00822333054
2026-03-20,140191.00822333054
2026-03-21,140191.00822333054
2026-03-22,140191.00822333054
2026-03-23,140191.00822333054
2026-03-24,140191.00822333054
2026-03-25,140191.00822333054
2026-03-26,140191.00822333054
2026-03-27,141644.62909815763
2026-03-28,141644.62909815763
2026-03-29,141644.62909815763
2026-03-30,141644.62909815763
2026-03-31,141644.62909815763
2026-04-01,141644.62909815763
2026-04-02,141644.62909815763
2026-04-03,141644.62909815763
2026-04-04,141644.62909815763
2026-04-05,141644.62909815763
2026-04-06,141644.62909815763
2026-04-07,143079.14984671227
2026-04-08,143079.14984671227
2026-04-09,143079.14984671227
2026-04-10,143079.14984671227
2026-04-11,143079.14984671227
2026-04-12,143079.14984671227
2026-04-13,143079.14984671227
2026-04-14,146056.835923195
2026-04-15,146056.835923195
2026-04-16,146056.835923195
2026-04-17,146056.835923195
2026-04-18,146056.835923195
2026-04-19,146056.835923195
2026-04-20,146056.835923195
2026-04-21,146056.835923195
2026-04-22,146056.835923195
2026-04-23,146056.835923195
2026-04-24,146056.835923195
2026-04-25,146056.835923195
2026-04-26,146056.835923195
2026-04-27,146056.835923195
2026-04-28,146056.835923195
2026-04-29,146056.835923195
2026-04-30,143929.6514026986
2026-05-01,143929.6514026986
2026-05-02,143929.6514026986
2026-05-03,143929.6514026986
2026-05-04,143929.6514026986
2026-05-05,143929.6514026986
2026-05-06,143929.6514026986
2026-05-07,143929.6514026986
2026-05-08,143929.6514026986
2026-05-09,143929.6514026986
2026-05-10,143929.6514026986
2026-05-11,143929.6514026986
2026-05-12,143929.6514026986
2026-05-13,143929.6514026986
2026-05-14,143929.6514026986
2026-05-15,142155.53838606566
2026-05-16,142155.53838606566
2026-05-17,142155.53838606566
2026-05-18,142155.53838606566
2026-05-19,142155.53838606566
2026-05-20,142155.53838606566
2026-05-21,142155.53838606566
2026-05-22,142155.53838606566
2026-05-23,142155.53838606566
2026-05-24,142155.53838606566
2026-05-25,142155.53838606566
2026-05-26,142155.53838606566
2026-05-27,142155.53838606566
2026-05-28,142155.53838606566
2026-05-29,142155.53838606566
2026-05-30,142155.53838606566
2026-05-31,142155.53838606566
2026-06-01,142155.53838606566
2026-06-02,142155.53838606566
2026-06-03,142155.53838606566
2026-06-04,142155.53838606566
2026-06-05,141187.44212087
2026-06-06,141187.44212087
2026-06-07,141187.44212087
2026-06-08,141187.44212087
2026-06-09,141187.44212087
2026-06-10,141187.44212087
2026-06-11,141187.44212087
2026-06-12,141187.44212087
2026-06-13,141187.44212087
2026-06-14,141187.44212087
2026-06-15,141187.44212087
2026-06-16,141187.44212087
2026-06-17,141187.44212087
2026-06-18,143028.4036011425
2026-06-19,143028.4036011425
2026-06-20,143028.4036011425
2026-06-21,143028.4036011425
2026-06-22,143028.4036011425
2026-06-23,143028.4036011425
2026-06-24,143028.4036011425
2026-06-25,143028.4036011425
2026-06-26,143028.4036011425
2026-06-27,143028.4036011425
2026-06-28,143028.4036011425
2026-06-29,143028.4036011425
2026-06-30,143028.4036011425
2026-07-01,143028.4036011425
2026-07-02,143028.4036011425
2026-07-03,143028.4036011425
2026-07-04,143028.4036011425
2026-07-05,143028.4036011425
2026-07-06,143028.4036011425
2026-07-07,141242.72035492287
2026-07-08,141242.72035492287
2026-07-09,141242.72035492287
2026-07-10,141242.72035492287
2026-07-11,141242.72035492287
2026-07-12,141242.72035492287
2026-07-13,141242.72035492287
2026-07-14,141242.72035492287
2026-07-15,141242.72035492287
2026-07-16,141242.72035492287
2026-07-17,141242.72035492287
2026-07-18,141242.72035492287
2026-07-19,141242.72035492287
2026-07-20,141242.72035492287
2026-07-21,142805.77260682394
2026-07-22,142805.77260682394
2026-07-23,142805.77260682394
2026-07-24,142805.77260682394
2026-07-25,142805.77260682394
2026-07-26,142805.77260682394
2026-07-27,142805.77260682394
2026-07-28,142805.77260682394
2026-07-29,142805.77260682394
2026-07-30,142805.77260682394
2026-07-31,142805.77260682394
2026-08-01,142805.77260682394
