mode,mtd,max_hold_h,tp_mode,tp_r,stop_atr,be,sharpe,calmar,cagr,max_drawdown,n_trades,win_rate,profit_factor,avg_return_pct,avg_hold_bars,exit_reason_counts
sweep,0.5,24,h4_level,,0.5,,-0.5348234956544723,-0.4168173454785072,-0.052456069524365545,-0.1258490561714649,148,0.32432432432432434,0.8754426383997514,-0.0004863342361080532,21.68918918918919,"{'stop': 97, 'target': 41, 'max_hold': 10}"
sweep,0.5,24,h4_level,,0.5,0.5,-0.37068485872592655,-0.2600175051312656,-0.037673825644717995,-0.14488957436038385,186,0.22580645161290322,0.909915278929568,-0.0002663049596726722,14.231182795698924,"{'stop': 79, 'breakeven': 65, 'target': 41, 'max_hold': 1}"
sweep,0.5,24,h4_level,,0.5,1.0,-0.5035775386479006,-0.3468399622982013,-0.04854094106410067,-0.13995198460541525,164,0.2621951219512195,0.879977223122882,-0.00040405985573126006,17.945121951219512,"{'stop': 85, 'target': 40, 'breakeven': 35, 'max_hold': 4}"
sweep,0.5,24,h4_level,,1.0,,-0.5961012966283892,-0.42382525946363947,-0.059289173653934824,-0.13989060899524164,134,0.3656716417910448,0.8567159099252046,-0.0006148234626266293,25.611940298507463,"{'stop': 80, 'target': 42, 'max_hold': 12}"
sweep,0.5,24,h4_level,,1.0,0.5,-0.3329854472436207,-0.23645818047039552,-0.03465188665345553,-0.1465455184697826,160,0.26875,0.9146202545984321,-0.00028155327948852253,18.36875,"{'stop': 63, 'breakeven': 53, 'target': 42, 'max_hold': 2}"
sweep,0.5,24,h4_level,,1.0,1.0,-0.5025654863844001,-0.3375720393099205,-0.05007077462622844,-0.14832619054760965,143,0.32867132867132864,0.8753050862119839,-0.0004789149606142116,22.972027972027973,"{'stop': 74, 'target': 40, 'breakeven': 20, 'max_hold': 9}"
sweep,0.5,24,h4_level,,1.5,,-0.8457329109334228,-0.5194472258978463,-0.08554692282968746,-0.1646883813496599,123,0.3902439024390244,0.7988508666912623,-0.0009986770005867083,29.471544715447155,"{'stop': 67, 'target': 43, 'max_hold': 13}"
sweep,0.5,24,h4_level,,1.5,0.5,-0.4742830524643018,-0.3495895194430952,-0.04968332058233116,-0.14211902193600634,142,0.30985915492957744,0.8793633561934391,-0.0004731160580700924,23.528169014084508,"{'stop': 55, 'target': 43, 'breakeven': 40, 'max_hold': 4}"
sweep,0.5,24,h4_level,,1.5,1.0,-0.6954754409829769,-0.4465222784147998,-0.07097106019633981,-0.15894181237338123,128,0.3671875,0.8287368320662961,-0.0007815275026462883,27.6640625,"{'stop': 63, 'target': 42, 'breakeven': 12, 'max_hold': 11}"
sweep,0.5,24,h4_level,,2.0,,-0.6422064253467943,-0.4481655976214164,-0.0671738633706549,-0.14988625572148306,118,0.4322033898305085,0.8390050141136506,-0.0007947215869913834,33.19491525423729,"{'stop': 56, 'target': 47, 'max_hold': 15}"
sweep,0.5,24,h4_level,,2.0,0.5,-0.0019318872646665092,-0.048451463700356634,-0.005002599550085973,-0.10324970946232015,133,0.3684210526315789,0.9997873097599098,-8.233200670129357e-07,27.984962406015036,"{'stop': 46, 'target': 45, 'breakeven': 35, 'max_hold': 7}"
sweep,0.5,24,h4_level,,2.0,1.0,-0.46448744290879784,-0.37393159842907825,-0.049926694313273456,-0.13351825446958798,122,0.4180327868852459,0.8805942527632424,-0.000550851169182243,32.07377049180328,"{'stop': 53, 'target': 46, 'max_hold': 13, 'breakeven': 10}"
sweep,0.5,24,h4_level,,3.0,,-0.2059244674144255,-0.20000424062127972,-0.026760228195837676,-0.13379830403951187,108,0.5092592592592593,0.9433938317843521,-0.0002888705583891348,40.26851851851852,"{'target': 47, 'stop': 41, 'max_hold': 20}"
sweep,0.5,24,h4_level,,3.0,0.5,-0.06056766118367783,-0.1071053117264845,-0.011393723679096857,-0.1063786986418851,115,0.4608695652173913,0.982793200275217,-7.717826592967922e-05,37.17391304347826,"{'target': 46, 'stop': 37, 'breakeven': 18, 'max_hold': 14}"
sweep,0.5,24,h4_level,,3.0,1.0,-0.0523148624675852,-0.09416985745119599,-0.010960793107928968,-0.11639385897562238,110,0.509090909090909,0.9855314034876688,-7.081892482411093e-05,39.77272727272727,"{'target': 46, 'stop': 40, 'max_hold': 19, 'breakeven': 5}"
sweep,0.5,24,atr,2.0,0.5,,-0.49377922480315334,-0.3503766418748636,-0.04213001130160143,-0.12024206601263132,146,0.3424657534246575,0.8968794361098039,-0.0003935066015742238,19.84931506849315,"{'stop': 94, 'target': 46, 'max_hold': 6}"
sweep,0.5,24,atr,2.0,0.5,0.5,-1.4047023520129378,-0.5739628804048685,-0.09835729012435668,-0.171365245876138,187,0.24598930481283424,0.732798667514069,-0.0007832486979318065,11.786096256684491,"{'stop': 81, 'breakeven': 60, 'target': 46}"
sweep,0.5,24,atr,2.0,0.5,1.0,-1.3050812562585812,-0.5623444682205285,-0.09350088189500394,-0.16626976378175506,162,0.2716049382716049,0.74725007412071,-0.0008545955478609997,16.179012345679013,"{'stop': 85, 'target': 41, 'breakeven': 32, 'max_hold': 4}"
sweep,0.5,24,atr,2.0,1.0,,-0.16759290814713004,-0.19817639706569187,-0.018635577311544638,-0.09403530181935482,130,0.36153846153846153,0.9626356684488275,-0.00016293106062258432,26.723076923076924,"{'stop': 80, 'target': 38, 'max_hold': 12}"
sweep,0.5,24,atr,2.0,1.0,0.5,-0.88527435450479,-0.45977443891154535,-0.07281693788430121,-0.15837535043636963,158,0.23417721518987342,0.8078694931647866,-0.0006630847955425334,18.037974683544302,"{'stop': 64, 'breakeven': 57, 'target': 36, 'max_hold': 1}"
sweep,0.5,24,atr,2.0,1.0,1.0,-0.8141823146890841,-0.4280706716688977,-0.06945770779945759,-0.1622575719300421,140,0.29285714285714287,0.824196464646998,-0.0007087036451090343,23.385714285714286,"{'stop': 75, 'target': 34, 'breakeven': 23, 'max_hold': 8}"
sweep,0.5,24,atr,2.0,1.5,,-0.39896262441675107,-0.36414335063341347,-0.04388374515930582,-0.12051227925203556,116,0.3620689655172414,0.9055450377518609,-0.00049777844599645,33.6551724137931,"{'stop': 68, 'target': 33, 'max_hold': 15}"
sweep,0.5,24,atr,2.0,1.5,0.5,-1.0116765075911982,-0.5559119223615596,-0.09473912633660442,-0.17042110903854124,140,0.2357142857142857,0.7662657112684468,-0.000987262571966345,24.97142857142857,"{'stop': 56, 'breakeven': 50, 'target': 31, 'max_hold': 3}"
sweep,0.5,24,atr,2.0,1.5,1.0,-0.8281104138198804,-0.4632388116451379,-0.08138648467159182,-0.175690124889487,124,0.3064516129032258,0.8093275526053704,-0.0009393842833859369,30.725806451612904,"{'stop': 65, 'target': 30, 'breakeven': 17, 'max_hold': 12}"
sweep,0.5,24,atr,2.0,2.0,,-0.1777906082875257,-0.22323591102759185,-0.02405014088391,-0.10773419372001225,109,0.3944954128440367,0.9542853444014132,-0.00024835701209334666,40.45871559633027,"{'stop': 59, 'target': 29, 'max_hold': 21}"
sweep,0.5,24,atr,2.0,2.0,0.5,-0.2917779286069595,-0.2777616864992044,-0.03372906328773306,-0.12143166220237389,128,0.2734375,0.9230562114200573,-0.00033017193563243306,31.8203125,"{'stop': 47, 'breakeven': 45, 'target': 27, 'max_hold': 9}"
sweep,0.5,24,atr,2.0,2.0,1.0,-0.39489868783405874,-0.32375027199542417,-0.045775311556250475,-0.14139080493775602,117,0.3418803418803419,0.9009206879706201,-0.000512334590711763,37.23076923076923,"{'stop': 58, 'target': 28, 'max_hold': 16, 'breakeven': 15}"
sweep,0.5,24,atr,2.0,3.0,,0.011801518087960641,-0.0519668869757674,-0.004974348973786458,-0.095721511586908,97,0.4536082474226804,1.0036197851868898,2.0736384268450043e-05,58.21649484536083,"{'stop': 41, 'max_hold': 38, 'target': 18}"
sweep,0.5,24,atr,2.0,3.0,0.5,-0.40712951222339,-0.3496878288719658,-0.04804615200175122,-0.1373972670331136,108,0.3425925925925926,0.8821245796891555,-0.0005851840227297276,49.425925925925924,"{'stop': 38, 'breakeven': 30, 'max_hold': 24, 'target': 16}"
sweep,0.5,24,atr,2.0,3.0,1.0,0.2703596985994222,0.29235830657411394,0.02441871491796932,-0.08352324653987242,100,0.45,1.0846383163187574,0.000441589136945672,55.85,"{'stop': 40, 'max_hold': 32, 'target': 18, 'breakeven': 10}"
sweep,0.5,24,atr,3.0,0.5,,0.26682162507236906,0.268588914096804,0.021339757542638838,-0.07945137130621716,144,0.3194444444444444,1.0660281943984347,0.00026176215852031283,23.756944444444443,"{'stop': 95, 'target': 36, 'max_hold': 13}"
sweep,0.5,24,atr,3.0,0.5,0.5,-0.5839793161328803,-0.3845655396230366,-0.0537767005341131,-0.13983754391209036,185,0.2,0.8667212299677267,-0.00040398125221744,13.95135135135135,"{'stop': 79, 'breakeven': 69, 'target': 37}"
sweep,0.5,24,atr,3.0,0.5,1.0,-0.3725634284525906,-0.26533742467042626,-0.03610630810676729,-0.13607695239981576,161,0.22981366459627328,0.9150894890793909,-0.0002950463979341964,18.47826086956522,"{'stop': 84, 'breakeven': 39, 'target': 34, 'max_hold': 4}"
sweep,0.5,24,atr,3.0,1.0,,0.19413140624542047,0.17451572920143407,0.014950689447375654,-0.08566958127951252,126,0.3333333333333333,1.0513801387208666,0.00023384731008491627,30.238095238095237,"{'stop': 81, 'target': 30, 'max_hold': 15}"
sweep,0.5,24,atr,3.0,1.0,0.5,-0.4360326856901801,-0.30938103452341975,-0.04529064083237955,-0.1463911351325936,157,0.1910828025477707,0.8891421515033187,-0.00038607212466951733,20.59235668789809,"{'breakeven': 64, 'stop': 63, 'target': 28, 'max_hold': 2}"
sweep,0.5,24,atr,3.0,1.0,1.0,-0.2729604873175516,-0.2448184397851624,-0.03136120868299819,-0.12809986335391588,139,0.2589928057553957,0.9310257191384,-0.00028229603748099625,25.640287769784173,"{'stop': 75, 'target': 27, 'breakeven': 27, 'max_hold': 10}"
sweep,0.5,24,atr,3.0,1.5,,-0.19765154808571317,-0.2685144269754498,-0.02783251252492136,-0.10365369503019695,114,0.34210526315789475,0.9480952302940885,-0.0002806603891131951,38.49122807017544,"{'stop': 68, 'target': 24, 'max_hold': 22}"
sweep,0.5,24,atr,3.0,1.5,0.5,-0.3807258903648125,-0.4537476306975518,-0.046615048949268933,-0.10273342667951135,138,0.21014492753623187,0.8971770419188708,-0.0004397732106308856,28.956521739130434,"{'stop': 55, 'breakeven': 53, 'target': 24, 'max_hold': 6}"
sweep,0.5,24,atr,3.0,1.5,1.0,-0.35045662525962323,-0.35180579528423134,-0.04393535959664918,-0.12488526393134847,123,0.2845528455284553,0.9082455233073067,-0.00045858946689448447,34.8130081300813,"{'stop': 65, 'target': 23, 'breakeven': 19, 'max_hold': 16}"
sweep,0.5,24,atr,3.0,2.0,,-1.1397643170278264,-0.569742522091654,-0.12011755133489388,-0.21082778040493644,105,0.3238095238095238,0.7182047080971097,-0.001692965020057288,50.19047619047619,"{'stop': 61, 'max_hold': 30, 'target': 14}"
sweep,0.5,24,atr,3.0,2.0,0.5,-1.147546710784876,-0.5717258804613103,-0.10858351076479122,-0.18992232899650807,125,0.208,0.7018172962466951,-0.0012808449333488942,38.888,"{'breakeven': 54, 'stop': 44, 'max_hold': 15, 'target': 12}"
sweep,0.5,24,atr,3.0,2.0,1.0,-1.115295958238248,-0.5515208543808487,-0.11338862895606394,-0.20559264088636664,114,0.2719298245614035,0.7190004961279786,-0.0014667193624836924,45.24561403508772,"{'stop': 55, 'breakeven': 24, 'max_hold': 22, 'target': 13}"
sweep,0.5,24,atr,3.0,3.0,,-0.3381136942770313,-0.2968140149018565,-0.04351412476492966,-0.14660400985215571,94,0.4148936170212766,0.9027681232388503,-0.0005904394076780532,62.712765957446805,"{'stop': 43, 'max_hold': 40, 'target': 11}"
sweep,0.5,24,atr,3.0,3.0,0.5,-0.8380970014589252,-0.5230089621406815,-0.08931441308768895,-0.1707703300572978,108,0.2777777777777778,0.7667483491859878,-0.001182747101812362,51.81481481481482,"{'stop': 38, 'breakeven': 37, 'max_hold': 23, 'target': 10}"
sweep,0.5,24,atr,3.0,3.0,1.0,-0.03832090145674701,-0.08096408974785736,-0.01034429006353843,-0.12776392714045404,98,0.3979591836734694,0.9884465675940174,-6.228514375661398e-05,58.795918367346935,"{'stop': 40, 'max_hold': 33, 'breakeven': 14, 'target': 11}"
sweep,0.5,24,atr,4.0,0.5,,0.17448323321595813,0.13365015153672458,0.012742834355520705,-0.09534470562885378,142,0.29577464788732394,1.0449483985695256,0.00018435556281092022,25.838028169014084,"{'stop': 97, 'target': 30, 'max_hold': 15}"
sweep,0.5,24,atr,4.0,0.5,0.5,-0.6038683753107382,-0.40509058921824237,-0.058831171815411754,-0.14522966808225823,184,0.16304347826086957,0.855507757985478,-0.00044375857553928956,15.733695652173912,"{'stop': 77, 'breakeven': 77, 'target': 29, 'max_hold': 1}"
sweep,0.5,24,atr,4.0,0.5,1.0,-0.2539896451042629,-0.241177868279944,-0.028582749224003945,-0.11851315142576391,160,0.20625,0.9373293625769891,-0.00022024180345729503,20.4,"{'stop': 83, 'breakeven': 43, 'target': 29, 'max_hold': 5}"
sweep,0.5,24,atr,4.0,1.0,,-0.20551950512762468,-0.2431867791034393,-0.026631205353356613,-0.10950926465467536,124,0.29838709677419356,0.9484673617181915,-0.00024829259994535734,35.516129032258064,"{'stop': 82, 'target': 21, 'max_hold': 21}"
sweep,0.5,24,atr,4.0,1.0,0.5,-0.40976461932117597,-0.3304644895178035,-0.04560363652485744,-0.13799859885520493,156,0.16025641025641027,0.8911260198981283,-0.0003846965942430122,23.96153846153846,"{'breakeven': 69, 'stop': 62, 'target': 21, 'max_hold': 4}"
sweep,0.5,24,atr,4.0,1.0,1.0,-0.43591135149655275,-0.332393415494666,-0.04730944733078024,-0.14232967659836038,138,0.2246376811594203,0.8909425755056,-0.0004538649842697473,29.666666666666668,"{'stop': 74, 'breakeven': 32, 'target': 19, 'max_hold': 13}"
sweep,0.5,24,atr,4.0,1.5,,-1.1610928489022094,-0.6136337237953456,-0.12380623302019467,-0.2017591736230676,108,0.28703703703703703,0.7066096343902633,-0.0017037700620550697,46.26851851851852,"{'stop': 69, 'max_hold': 27, 'target': 12}"
sweep,0.5,24,atr,4.0,1.5,0.5,-1.314734896158067,-0.6170423856199614,-0.12753704706240654,-0.20669090168622073,133,0.16541353383458646,0.655902281647234,-0.0014378984079904498,33.984962406015036,"{'breakeven': 60, 'stop': 50, 'max_hold': 12, 'target': 11}"
sweep,0.5,24,atr,4.0,1.5,1.0,-1.181779229548415,-0.6038792478629992,-0.12296171162128522,-0.20361970055507073,120,0.225,0.6931025393249937,-0.0015244654424695614,39.95,"{'stop': 61, 'breakeven': 28, 'max_hold': 19, 'target': 12}"
sweep,0.5,24,atr,4.0,2.0,,-1.3001646691001605,-0.6583728983629421,-0.13802811281297722,-0.20965035644113994,104,0.3173076923076923,0.6673855815978444,-0.0019992050075018433,53.22115384615385,"{'stop': 60, 'max_hold': 36, 'target': 8}"
sweep,0.5,24,atr,4.0,2.0,0.5,-1.270243227281556,-0.6478702878045659,-0.12153584924565952,-0.1875928739647983,124,0.20161290322580644,0.6713546670962764,-0.0014595605852334938,40.314516129032256,"{'breakeven': 53, 'stop': 45, 'max_hold': 17, 'target': 9}"
sweep,0.5,24,atr,4.0,2.0,1.0,-1.2195115002349814,-0.6209834926098434,-0.12517391747490036,-0.20157366333334348,114,0.2631578947368421,0.6914795275898177,-0.0016340852822193047,46.92982456140351,"{'stop': 55, 'max_hold': 25, 'breakeven': 25, 'target': 9}"
sweep,0.5,24,atr,4.0,3.0,,-0.2150629944607836,-0.2114970559635111,-0.034638410366894634,-0.16377726966029582,94,0.40425531914893614,0.9295162473481839,-0.00043154468059705215,64.96808510638297,"{'max_hold': 45, 'stop': 43, 'target': 6}"
sweep,0.5,24,atr,4.0,3.0,0.5,-0.5506874546624481,-0.3930170695081221,-0.06982112594290235,-0.177654181866163,108,0.26851851851851855,0.8282867609522374,-0.0008782653424744861,53.379629629629626,"{'breakeven': 38, 'stop': 38, 'max_hold': 25, 'target': 7}"
sweep,0.5,24,atr,4.0,3.0,1.0,0.05225522075874384,-0.008073479276376952,-0.0011907991952243568,-0.14749516961152576,98,0.3877551020408163,1.0164864973682415,8.967951985200981e-05,60.816326530612244,"{'stop': 40, 'max_hold': 37, 'breakeven': 15, 'target': 6}"
sweep,0.5,24,atr,5.0,0.5,,-0.15528582824580484,-0.22913158327759064,-0.021196720779957157,-0.0925089438860881,139,0.2733812949640288,0.9609503039693761,-0.00016649527888298627,29.640287769784173,"{'stop': 97, 'target': 22, 'max_hold': 20}"
sweep,0.5,24,atr,5.0,0.5,0.5,-0.5575891145377839,-0.42583103742227724,-0.05893148477599908,-0.13839170844082793,182,0.14285714285714285,0.8575398175242932,-0.00044466845922337483,18.087912087912088,"{'breakeven': 80, 'stop': 76, 'target': 23, 'max_hold': 3}"
sweep,0.5,24,atr,5.0,0.5,1.0,-0.2754002450787374,-0.27441730560140054,-0.032916216335319604,-0.11994949175374314,158,0.17721518987341772,0.928119054324371,-0.0002579891259433488,23.373417721518987,"{'stop': 82, 'breakeven': 47, 'target': 22, 'max_hold': 7}"
sweep,0.5,24,atr,5.0,1.0,,-0.837124037839861,-0.5752273733664235,-0.09045948109486801,-0.15725865159279329,121,0.2644628099173554,0.787558521985135,-0.0010710813445800327,39.56198347107438,"{'stop': 84, 'max_hold': 24, 'target': 13}"
sweep,0.5,24,atr,5.0,1.0,0.5,-1.1301106337875033,-0.5953202224890064,-0.10610227189476173,-0.17822722609884312,153,0.13725490196078433,0.7073484296555019,-0.0010211011812980041,26.568627450980394,"{'breakeven': 73, 'stop': 59, 'target': 12, 'max_hold': 9}"
sweep,0.5,24,atr,5.0,1.0,1.0,-0.9867072009685418,-0.5628338824956982,-0.09702841781074989,-0.17239263809156247,136,0.19117647058823528,0.75103664413501,-0.0010364342133877711,32.56617647058823,"{'stop': 72, 'breakeven': 37, 'max_hold': 15, 'target': 12}"
sweep,0.5,24,atr,5.0,1.5,,-1.222977763362083,-0.6515443469247857,-0.13270227971617843,-0.20367344194223758,107,0.2803738317757009,0.6812825578992405,-0.0018582914685629209,48.44859813084112,"{'stop': 68, 'max_hold': 31, 'target': 8}"
sweep,0.5,24,atr,5.0,1.5,0.5,-1.4285613405873423,-0.6538731399549571,-0.13638264650810383,-0.20857661551520335,132,0.1590909090909091,0.6307747410453147,-0.0015613247382959981,35.015151515151516,"{'breakeven': 60, 'stop': 50, 'max_hold': 13, 'target': 9}"
sweep,0.5,24,atr,5.0,1.5,1.0,-1.1911860867267552,-0.6368756066640093,-0.12549143645255767,-0.1970423032998374,119,0.2184873949579832,0.684770796144649,-0.001570361598716792,41.46218487394958,"{'stop': 60, 'breakeven': 29, 'max_hold': 21, 'target': 9}"
sweep,0.5,24,atr,5.0,2.0,,-0.8637782085330374,-0.6017809943186626,-0.1076078083203521,-0.17881556469257698,104,0.3173076923076923,0.7507629631194548,-0.0014980587269192126,54.13461538461539,"{'stop': 60, 'max_hold': 38, 'target': 6}"
sweep,0.5,24,atr,5.0,2.0,0.5,-0.7644172820264015,-0.5853839260914554,-0.08781285426806118,-0.15000899470263562,124,0.20161290322580644,0.7743595091797162,-0.0010021014566803693,41.435483870967744,"{'breakeven': 53, 'stop': 45, 'max_hold': 19, 'target': 7}"
sweep,0.5,24,atr,5.0,2.0,1.0,-0.7280139800583733,-0.5342559121358326,-0.08903606386396357,-0.1666543352005555,114,0.2631578947368421,0.7922214883273047,-0.0011005033320264607,48.10526315789474,"{'stop': 55, 'max_hold': 27, 'breakeven': 25, 'target': 7}"
sweep,0.5,24,atr,5.0,3.0,,-0.0854986622985248,-0.13370408060794034,-0.01952552047585654,-0.14603533704488125,94,0.40425531914893614,0.970128127777337,-0.00018289388791266258,65.29787234042553,"{'max_hold': 46, 'stop': 43, 'target': 5}"
sweep,0.5,24,atr,5.0,3.0,0.5,-0.4348808764967692,-0.35899642467621873,-0.05868100993297076,-0.1634584800834592,108,0.26851851851851855,0.8606207067159425,-0.0007128862248992071,53.907407407407405,"{'breakeven': 38, 'stop': 38, 'max_hold': 27, 'target': 5}"
sweep,0.5,24,atr,5.0,3.0,1.0,0.17421372294071352,0.11162943975759575,0.014445718391576046,-0.1294077836719869,98,0.3877551020408163,1.0603321712405824,0.00032818130059009755,61.13265306122449,"{'stop': 40, 'max_hold': 38, 'breakeven': 15, 'target': 5}"
sweep,0.5,48,h4_level,,0.5,,-0.42290615406872756,-0.32231159375142077,-0.04445155023335434,-0.13791483488377743,141,0.3120567375886525,0.8981718129808048,-0.00041987251399657784,25.19858156028369,"{'stop': 97, 'target': 41, 'max_hold': 3}"
sweep,0.5,48,h4_level,,0.5,0.5,-0.17561896187155437,-0.14963366953083437,-0.02168035868830498,-0.1448895743603842,186,0.22580645161290322,0.9548200095270314,-0.00013355933612214617,14.74731182795699,"{'stop': 79, 'breakeven': 65, 'target': 41, 'max_hold': 1}"
sweep,0.5,48,h4_level,,0.5,1.0,-0.11082106501092187,-0.1126573466598739,-0.01573931138010043,-0.1397095870508943,162,0.25925925925925924,0.9711539034439131,-9.78388762490042e-05,19.209876543209877,"{'stop': 85, 'target': 41, 'breakeven': 35, 'max_hold': 1}"
sweep,0.5,48,h4_level,,1.0,,-0.30346190562969344,-0.24556865483836599,-0.035045917094287504,-0.14271331623066807,126,0.35714285714285715,0.9215216303069869,-0.0003548239160954599,30.27777777777778,"{'stop': 79, 'target': 44, 'max_hold': 3}"
sweep,0.5,48,h4_level,,1.0,0.5,0.02460563784120656,-0.018307283645914406,-0.002682850373663892,-0.14654551846978225,160,0.26875,1.0065086914384267,2.1463444415872976e-05,19.3,"{'stop': 63, 'breakeven': 53, 'target': 43, 'max_hold': 1}"
sweep,0.5,48,h4_level,,1.0,1.0,0.007654837557855554,-0.03170809651775942,-0.004259883019824162,-0.13434685419978587,135,0.31851851851851853,1.0016050080345908,6.2300532797244295e-06,26.185185185185187,"{'stop': 70, 'target': 42, 'breakeven': 21, 'max_hold': 2}"
sweep,0.5,48,h4_level,,1.5,,-0.45596665652638524,-0.34817873449627845,-0.05334231161467606,-0.15320381841196629,117,0.39316239316239315,0.8813615342628952,-0.000613887856427096,34.35042735042735,"{'stop': 67, 'target': 46, 'max_hold': 4}"
sweep,0.5,48,h4_level,,1.5,0.5,-0.10130053200455855,-0.11495329119735136,-0.016309255125711353,-0.14187723514337391,141,0.3049645390070922,0.9714713647205794,-0.00011216683828191003,25.25531914893617,"{'stop': 55, 'target': 44, 'breakeven': 41, 'max_hold': 1}"
sweep,0.5,48,h4_level,,1.5,1.0,-0.3342406808900162,-0.2732010189254333,-0.04000003673369679,-0.1464124727317151,123,0.35772357723577236,0.9102696817176299,-0.0004204702989074756,31.878048780487806,"{'stop': 63, 'target': 45, 'breakeven': 14, 'max_hold': 1}"
sweep,0.5,48,h4_level,,2.0,,-0.09517842265526721,-0.12440986385801749,-0.01616689442007202,-0.12994865454175286,111,0.44144144144144143,0.9727337109285289,-0.00013991550695979834,39.93693693693694,"{'stop': 55, 'target': 51, 'max_hold': 5}"
sweep,0.5,48,h4_level,,2.0,0.5,0.19807342069680878,0.14989650683021832,0.01554519294004919,-0.10370617213686373,131,0.3435114503816794,1.0594060729746162,0.00023180737502005223,30.69465648854962,"{'target': 46, 'stop': 45, 'breakeven': 39, 'max_hold': 1}"
sweep,0.5,48,h4_level,,2.0,1.0,-0.0301210815893541,-0.0729146797717918,-0.008879187361962027,-0.12177503062143435,116,0.39655172413793105,0.9908778710736769,-4.297769321579169e-05,37.422413793103445,"{'stop': 51, 'target': 50, 'breakeven': 14, 'max_hold': 1}"
sweep,0.5,48,h4_level,,3.0,,0.32824412572946354,0.27837315124570633,0.03171766806567766,-0.11393939366545458,98,0.5204081632653061,1.1022605933256948,0.0005558001107983624,51.0,"{'target': 52, 'stop': 40, 'max_hold': 6}"
sweep,0.5,48,h4_level,,3.0,0.5,0.3071336879951165,0.294170153299127,0.02820446083832895,-0.09587805058404153,110,0.41818181818181815,1.0984454248446658,0.0004462267310588953,42.21818181818182,"{'target': 50, 'stop': 35, 'breakeven': 24, 'max_hold': 1}"
sweep,0.5,48,h4_level,,3.0,1.0,0.3028291353809197,0.23371840960698032,0.0284769062026895,-0.12184280327157848,99,0.48484848484848486,1.0949092330143118,0.0005030941499686807,49.898989898989896,"{'target': 51, 'stop': 39, 'breakeven': 7, 'max_hold': 2}"
sweep,0.5,48,atr,2.0,0.5,,-0.2990998722118768,-0.23731761262403772,-0.02833528485846537,-0.119398153997759,144,0.3333333333333333,0.935657603446181,-0.0002516516331369037,20.416666666666668,"{'stop': 96, 'target': 48}"
sweep,0.5,48,atr,2.0,0.5,0.5,-1.4047023520129378,-0.5739628804048685,-0.09835729012435668,-0.171365245876138,187,0.24598930481283424,0.732798667514069,-0.0007832486979318065,11.786096256684491,"{'stop': 81, 'breakeven': 60, 'target': 46}"
sweep,0.5,48,atr,2.0,0.5,1.0,-0.9521844946558558,-0.46027942515933695,-0.07340148924352163,-0.1594715845013318,160,0.26875,0.8052110029033381,-0.0006636298912551497,16.58125,"{'stop': 85, 'target': 43, 'breakeven': 32}"
sweep,0.5,48,atr,2.0,1.0,,-0.17184388056360747,-0.1800971317837213,-0.020176103486338692,-0.11202901060394554,123,0.34146341463414637,0.960917370874954,-0.00018560948932559517,30.96747967479675,"{'stop': 81, 'target': 41, 'max_hold': 1}"
sweep,0.5,48,atr,2.0,1.0,0.5,-0.7882754599062695,-0.4182607221190983,-0.06624218843938112,-0.1583753504363694,158,0.23417721518987342,0.8268967800084606,-0.0005974174280104856,18.075949367088608,"{'stop': 64, 'breakeven': 57, 'target': 37}"
sweep,0.5,48,atr,2.0,1.0,1.0,-0.6709187301975125,-0.35740394362618383,-0.06010697171593393,-0.16817657663789254,134,0.27611940298507465,0.8484978787203099,-0.0006292696743130174,25.94776119402985,"{'stop': 72, 'target': 36, 'breakeven': 25, 'max_hold': 1}"
sweep,0.5,48,atr,2.0,1.5,,-0.38240715004938275,-0.31388173527210933,-0.043957249043156454,-0.1400439850539541,108,0.3425925925925926,0.9074598825445945,-0.0005301065046207651,39.77777777777778,"{'stop': 70, 'target': 35, 'max_hold': 3}"
sweep,0.5,48,atr,2.0,1.5,0.5,-0.9599348856023395,-0.5151412683504105,-0.09003554795870439,-0.174778363704032,138,0.2318840579710145,0.7770272530348439,-0.0009466185313703268,26.0,"{'stop': 56, 'breakeven': 50, 'target': 31, 'max_hold': 1}"
sweep,0.5,48,atr,2.0,1.5,1.0,-0.6220938213779897,-0.3739655578453744,-0.06560926377970511,-0.17544199566857688,117,0.29914529914529914,0.8495609050675234,-0.0007793703920862849,35.717948717948715,"{'stop': 65, 'target': 33, 'breakeven': 17, 'max_hold': 2}"
sweep,0.5,48,atr,2.0,2.0,,0.18201058998532554,0.1334640286960484,0.014349132291047395,-0.10751310619976995,98,0.3877551020408163,1.0517156269467445,0.0003086494402629878,51.90816326530612,"{'stop': 59, 'target': 33, 'max_hold': 6}"
sweep,0.5,48,atr,2.0,2.0,0.5,0.09520570524105046,0.04200419389235728,0.00452062802308828,-0.107623253874914,123,0.25203252032520324,1.0280538562547694,0.00012113230397966248,34.50406504065041,"{'stop': 46, 'breakeven': 46, 'target': 30, 'max_hold': 1}"
sweep,0.5,48,atr,2.0,2.0,1.0,0.09301120152269046,0.03443039647019133,0.0041566985658860744,-0.12072758353174362,106,0.330188679245283,1.026355355256498,0.00014586666164479448,46.283018867924525,"{'stop': 56, 'target': 32, 'breakeven': 15, 'max_hold': 3}"
sweep,0.5,48,atr,2.0,3.0,,0.1438463895739419,0.0897580254115682,0.010337019243604528,-0.11516540383109042,77,0.4155844155844156,1.0473838747524453,0.0003285399018514279,83.11688311688312,"{'stop': 41, 'target': 20, 'max_hold': 16}"
sweep,0.5,48,atr,2.0,3.0,0.5,-0.10124261557043479,-0.13804534583807412,-0.018718025829192464,-0.13559331330987812,97,0.23711340206185566,0.9622178605713972,-0.00018923739562920575,60.04123711340206,"{'breakeven': 41, 'stop': 33, 'target': 19, 'max_hold': 4}"
sweep,0.5,48,atr,2.0,3.0,1.0,0.2494327239772486,0.22556625805840316,0.023710881095563963,-0.10511714517791393,83,0.3373493975903614,1.0877744217718481,0.0005321104913709515,77.28915662650603,"{'stop': 37, 'target': 20, 'breakeven': 17, 'max_hold': 9}"
sweep,0.5,48,atr,3.0,0.5,,0.31186597662271803,0.3213218170708328,0.02697226388134566,-0.08394158892547232,140,0.29285714285714287,1.077878232529613,0.0003329005169268934,25.6,"{'stop': 99, 'target': 41}"
sweep,0.5,48,atr,3.0,0.5,0.5,-0.5839793161328803,-0.3845655396230366,-0.0537767005341131,-0.13983754391209036,185,0.2,0.8667212299677267,-0.00040398125221744,13.95135135135135,"{'stop': 79, 'breakeven': 69, 'target': 37}"
sweep,0.5,48,atr,3.0,0.5,1.0,-0.16031036282703465,-0.14027790934800963,-0.018654758024382212,-0.13298428890968428,158,0.22784810126582278,0.9620776059328704,-0.00013293269173071296,18.968354430379748,"{'stop': 84, 'breakeven': 38, 'target': 36}"
sweep,0.5,48,atr,3.0,1.0,,0.5690900949641566,0.7247007652569015,0.05995706470236839,-0.0827335468331043,119,0.31932773109243695,1.1614098514239384,0.0007930012935423092,35.773109243697476,"{'stop': 81, 'target': 35, 'max_hold': 3}"
sweep,0.5,48,atr,3.0,1.0,0.5,-0.3503304429058119,-0.2531519060090263,-0.03783144718147491,-0.1494416841567292,157,0.18471337579617833,0.9104470052336456,-0.0003128148475606974,20.719745222929937,"{'breakeven': 65, 'stop': 63, 'target': 29}"
sweep,0.5,48,atr,3.0,1.0,1.0,-0.05366775818128731,-0.07660032192882431,-0.010621692125018178,-0.13866380528906486,132,0.24242424242424243,0.9862565272097715,-5.811340016773102e-05,29.151515151515152,"{'stop': 72, 'target': 30, 'breakeven': 28, 'max_hold': 2}"
sweep,0.5,48,atr,3.0,1.5,,0.12817360418961427,0.09488609258881307,0.008315837022859984,-0.08764020939187045,99,0.32323232323232326,1.0384762409419825,0.00022647068914267063,51.93939393939394,"{'stop': 65, 'target': 26, 'max_hold': 8}"
sweep,0.5,48,atr,3.0,1.5,0.5,-0.3846932737752727,-0.43815076459029995,-0.046073984671227364,-0.10515555008630328,135,0.1925925925925926,0.8959714421085174,-0.00044444601006887464,30.955555555555556,"{'breakeven': 55, 'stop': 54, 'target': 25, 'max_hold': 1}"
sweep,0.5,48,atr,3.0,1.5,1.0,-0.07858659271867759,-0.12127143207050593,-0.01566871140641124,-0.12920364787398253,113,0.25663716814159293,0.97761817028895,-0.00011676453498091173,43.097345132743364,"{'stop': 62, 'target': 26, 'breakeven': 22, 'max_hold': 3}"
sweep,0.5,48,atr,3.0,2.0,,-0.15745270319281496,-0.20854742061610368,-0.02694794336290418,-0.12921734195173884,90,0.32222222222222224,0.9517798487769672,-0.0003188168601996837,67.75555555555556,"{'stop': 59, 'target': 19, 'max_hold': 12}"
sweep,0.5,48,atr,3.0,2.0,0.5,-0.45083977853986373,-0.4074943890180943,-0.054725265543577484,-0.13429697934110074,115,0.16521739130434782,0.8512945179642732,-0.0006411936970033506,45.12173913043478,"{'breakeven': 56, 'stop': 40, 'target': 16, 'max_hold': 3}"
sweep,0.5,48,atr,3.0,2.0,1.0,-0.4440383383449608,-0.3429510732190089,-0.05805133937189022,-0.1692700326813632,100,0.22,0.8585982564449077,-0.0007783061553132334,57.9,"{'stop': 50, 'breakeven': 28, 'target': 16, 'max_hold': 6}"
sweep,0.5,48,atr,3.0,3.0,,-0.002436799890845621,-0.07333421674419165,-0.009196383693397592,-0.12540372150529555,75,0.37333333333333335,0.9963419403167135,-2.7470652058506432e-05,89.65333333333334,"{'stop': 44, 'max_hold': 18, 'target': 13}"
sweep,0.5,48,atr,3.0,3.0,0.5,-0.09069426498614477,-0.14133124647829987,-0.017938769102930574,-0.12692712722720456,94,0.2127659574468085,0.9649266617523037,-0.00017906628641038664,65.5,"{'breakeven': 41, 'stop': 33, 'target': 11, 'max_hold': 9}"
sweep,0.5,48,atr,3.0,3.0,1.0,0.20483791111743713,0.1624948239300137,0.018373923356779454,-0.11307389929351275,80,0.3,1.0728917517654848,0.00046588301612947406,83.85,"{'stop': 38, 'breakeven': 18, 'target': 13, 'max_hold': 11}"
sweep,0.5,48,atr,4.0,0.5,,0.7101507131145821,0.9492587358202832,0.07745004054491389,-0.08159002137387439,134,0.27611940298507465,1.20239434284596,0.00088427162498648,29.97761194029851,"{'stop': 97, 'target': 35, 'max_hold': 2}"
sweep,0.5,48,atr,4.0,0.5,0.5,-0.6275225506125789,-0.4123717857423999,-0.06114828956829621,-0.14828436785074883,184,0.15760869565217392,0.8496094055140955,-0.0004632184827371807,15.744565217391305,"{'breakeven': 78, 'stop': 77, 'target': 29}"
sweep,0.5,48,atr,4.0,0.5,1.0,-0.02315100926897891,-0.057525540902292775,-0.007264134134207456,-0.1262766767642498,157,0.19745222929936307,0.9947813970788016,-1.8558923727177723e-05,21.312101910828027,"{'stop': 83, 'breakeven': 43, 'target': 30, 'max_hold': 1}"
sweep,0.5,48,atr,4.0,1.0,,0.18918831020226984,0.1621964482000687,0.015495261019684792,-0.09553391083244589,109,0.27522935779816515,1.0567542920656017,0.0003007229090969829,47.669724770642205,"{'stop': 78, 'target': 23, 'max_hold': 8}"
sweep,0.5,48,atr,4.0,1.0,0.5,-0.3566588108092755,-0.30966140775945966,-0.04102892130940228,-0.13249607565329202,155,0.14838709677419354,0.9035896130128288,-0.00034129715652014776,24.961290322580645,"{'breakeven': 70, 'stop': 62, 'target': 23}"
sweep,0.5,48,atr,4.0,1.0,1.0,-0.14891706195604013,-0.17095800936212754,-0.02075872003735446,-0.121425840853018,125,0.2,0.9599932499924371,-0.00017492470263129814,36.464,"{'stop': 68, 'breakeven': 32, 'target': 21, 'max_hold': 4}"
sweep,0.5,48,atr,4.0,1.5,,-0.07986609869068213,-0.1434232424529302,-0.0162338359315648,-0.11318832048363814,88,0.29545454545454547,0.9738002407114649,-0.00015999518286127033,62.97727272727273,"{'stop': 60, 'target': 16, 'max_hold': 12}"
sweep,0.5,48,atr,4.0,1.5,0.5,-0.3235264012677628,-0.359639902544111,-0.042946445593900706,-0.11941512966190726,120,0.15,0.8933028971533338,-0.0004557335233036804,39.333333333333336,"{'breakeven': 56, 'stop': 46, 'target': 16, 'max_hold': 2}"
sweep,0.5,48,atr,4.0,1.5,1.0,-0.2852846192774003,-0.28358081839091387,-0.03920164806533255,-0.1382380102002999,103,0.20388349514563106,0.909255825931451,-0.000472717309653522,51.49514563106796,"{'stop': 55, 'breakeven': 27, 'target': 15, 'max_hold': 6}"
sweep,0.5,48,atr,4.0,2.0,,-0.2241680933577361,-0.2932902535607687,-0.03661036215612201,-0.12482638516501698,83,0.3132530120481928,0.9214694224620491,-0.0005285388037753204,76.34939759036145,"{'stop': 55, 'max_hold': 16, 'target': 12}"
sweep,0.5,48,atr,4.0,2.0,0.5,-0.3522627573923559,-0.36308352778518105,-0.04647639635081846,-0.12800469532265946,111,0.16216216216216217,0.8783616116491239,-0.0005445006459043656,49.207207207207205,"{'breakeven': 53, 'stop': 40, 'target': 10, 'max_hold': 8}"
sweep,0.5,48,atr,4.0,2.0,1.0,-0.37115630922926485,-0.345146484441812,-0.0515367867606199,-0.1493185910439382,96,0.21875,0.8765015672457892,-0.0007015397767378212,63.21875,"{'stop': 49, 'breakeven': 26, 'target': 11, 'max_hold': 10}"
sweep,0.5,48,atr,4.0,3.0,,-0.07679958072841199,-0.14068287338361668,-0.018795942861409953,-0.1336050537591511,71,0.3380281690140845,0.973186161319023,-0.00021225098137882438,97.88732394366197,"{'stop': 44, 'max_hold': 19, 'target': 8}"
sweep,0.5,48,atr,4.0,3.0,0.5,0.26729078774618414,0.216782888758374,0.028035146004834477,-0.1293236111272713,92,0.1956521739130435,1.1094831766276707,0.0005709222660898584,69.29347826086956,"{'breakeven': 41, 'stop': 33, 'max_hold': 9, 'target': 9}"
sweep,0.5,48,atr,4.0,3.0,1.0,0.38588928660019983,0.40189065282525915,0.04642602122416295,-0.11551903707586064,77,0.2727272727272727,1.1550769415845639,0.0010294537970187022,91.24675324675324,"{'stop': 38, 'breakeven': 18, 'max_hold': 11, 'target': 10}"
sweep,0.5,48,atr,5.0,0.5,,0.04240730109101005,-0.01526217678313458,-0.0015130698761643968,-0.0991385368983807,122,0.23770491803278687,1.0129084328800253,6.047379757109162e-05,39.09016393442623,"{'stop': 92, 'target': 22, 'max_hold': 8}"
sweep,0.5,48,atr,5.0,0.5,0.5,-0.6736552827929635,-0.48949546899609975,-0.06951984108799691,-0.14202346189347637,181,0.13259668508287292,0.8274163380882211,-0.0005392819888490201,18.61878453038674,"{'breakeven': 81, 'stop': 76, 'target': 24}"
sweep,0.5,48,atr,5.0,0.5,1.0,-0.1235484177514787,-0.15916357256406985,-0.01791140905916233,-0.11253460054091369,153,0.16339869281045752,0.9676456216512199,-0.00011736083449698989,25.705882352941178,"{'stop': 80, 'breakeven': 48, 'target': 23, 'max_hold': 2}"
sweep,0.5,48,atr,5.0,1.0,,0.09727127885107091,0.042136325854161605,0.0046351810040548,-0.11000439431044995,97,0.25773195876288657,1.0323038918230116,0.0001728165275555565,56.71134020618557,"{'stop': 71, 'target': 14, 'max_hold': 12}"
sweep,0.5,48,atr,5.0,1.0,0.5,-0.49994455787515096,-0.3925152494031212,-0.05680242066038954,-0.14471392066108568,142,0.11971830985915492,0.847026706202135,-0.0005424256481678471,30.197183098591548,"{'breakeven': 69, 'stop': 56, 'target': 16, 'max_hold': 1}"
sweep,0.5,48,atr,5.0,1.0,1.0,-0.2962027992370297,-0.27137864607384554,-0.03659156731719271,-0.13483583858412973,115,0.16521739130434782,0.9075573499450655,-0.0003986066176778358,41.80869565217391,"{'stop': 61, 'breakeven': 35, 'target': 13, 'max_hold': 6}"
sweep,0.5,48,atr,5.0,1.5,,-0.0779303313035062,-0.1710716495782902,-0.017803515514814627,-0.10407051991783667,85,0.2823529411764706,0.969804193035618,-0.0001884254805744062,69.30588235294118,"{'stop': 59, 'max_hold': 14, 'target': 12}"
sweep,0.5,48,atr,5.0,1.5,0.5,-0.2699318472846265,-0.34888018740806326,-0.04097452293847892,-0.11744582930573122,119,0.14285714285714285,0.900773669672237,-0.0004293932809387422,42.02521008403362,"{'breakeven': 56, 'stop': 46, 'target': 12, 'max_hold': 5}"
sweep,0.5,48,atr,5.0,1.5,1.0,-0.19981423656153074,-0.272117007593224,-0.03300245237679733,-0.12128037372118716,102,0.19607843137254902,0.9282727639396472,-0.00037900828292932007,54.509803921568626,"{'stop': 55, 'breakeven': 27, 'target': 12, 'max_hold': 8}"
sweep,0.5,48,atr,5.0,2.0,,-0.16045516546006486,-0.26238103453312195,-0.028549481626189532,-0.10880924254678004,82,0.2926829268292683,0.9456384547743308,-0.0003725398884576694,79.6219512195122,"{'stop': 56, 'max_hold': 17, 'target': 9}"
sweep,0.5,48,atr,5.0,2.0,0.5,0.06765664612417138,0.005309090302615333,0.0005533332383131917,-0.1042237383004414,110,0.15454545454545454,1.023847251068267,0.0001060878937971507,51.28181818181818,"{'breakeven': 53, 'stop': 40, 'target': 9, 'max_hold': 8}"
sweep,0.5,48,atr,5.0,2.0,1.0,0.0771684599549526,0.01248585930508632,0.0013672835006388606,-0.10950655995954361,95,0.21052631578947367,1.0260175611635223,0.00014749323743339457,66.51578947368421,"{'stop': 49, 'breakeven': 26, 'max_hold': 10, 'target': 10}"
sweep,0.5,48,atr,5.0,3.0,,0.14996072572384045,0.10264873426431818,0.011485744805166176,-0.11189368176319292,71,0.3380281690140845,1.0552353008408306,0.00043722746861076726,98.46478873239437,"{'stop': 44, 'max_hold': 19, 'target': 8}"
sweep,0.5,48,atr,5.0,3.0,0.5,0.44528956016866683,0.5101272841148077,0.054037232339844365,-0.10592892013923905,92,0.1956521739130435,1.1885839093845676,0.0009834091064061263,71.05434782608695,"{'breakeven': 41, 'stop': 33, 'max_hold': 10, 'target': 8}"
sweep,0.5,48,atr,5.0,3.0,1.0,0.6350830469944441,0.9045825243323816,0.08725718301302754,-0.09646127430709195,77,0.2727272727272727,1.2686642107464507,0.001783484953017001,93.50649350649351,"{'stop': 38, 'breakeven': 18, 'max_hold': 12, 'target': 9}"
sweep,0.5,96,h4_level,,0.5,,-0.5524559928292326,-0.4319661142190544,-0.056759354728276534,-0.13139770194912392,141,0.2978723404255319,0.8692120227493668,-0.0005527041700645678,26.04964539007092,"{'stop': 99, 'target': 42}"
sweep,0.5,96,h4_level,,0.5,0.5,-0.53006811653189,-0.3513092293608306,-0.050901044710965015,-0.1448895743603833,186,0.22043010752688172,0.8733082559671094,-0.0003753399192622861,15.13978494623656,"{'stop': 79, 'breakeven': 66, 'target': 41}"
sweep,0.5,96,h4_level,,0.5,1.0,-0.45441534406593065,-0.32308051998077714,-0.04513744603070269,-0.13970958705089465,162,0.25308641975308643,0.889549986615667,-0.0003754388050395353,19.660493827160494,"{'stop': 85, 'target': 41, 'breakeven': 36}"
sweep,0.5,96,h4_level,,1.0,,-0.43971122444210214,-0.3568850253344084,-0.04861932441374128,-0.13623245852970156,126,0.3412698412698413,0.8887679574069755,-0.0005172145316482328,31.238095238095237,"{'stop': 81, 'target': 45}"
sweep,0.5,96,h4_level,,1.0,0.5,-0.2955302323477863,-0.22157592314394225,-0.03247095853754989,-0.14654551846978336,160,0.2625,0.921454450554104,-0.00025960648348453974,19.75625,"{'stop': 63, 'breakeven': 54, 'target': 43}"
sweep,0.5,96,h4_level,,1.0,1.0,-0.16688211674430398,-0.16394030163041698,-0.020952021103344487,-0.12780274828686244,135,0.3111111111111111,0.954047046309299,-0.00017854393884998972,26.925925925925927,"{'stop': 70, 'target': 43, 'breakeven': 22}"
sweep,0.5,96,h4_level,,1.5,,-0.6970329315292043,-0.4813827424408014,-0.07765907315660592,-0.161325004637357,116,0.3706896551724138,0.8259909957852953,-0.0009439343464273595,35.991379310344826,"{'stop': 70, 'target': 46}"
sweep,0.5,96,h4_level,,1.5,0.5,-0.4163387139648887,-0.32204156299955816,-0.04569036655962766,-0.14187723514337292,141,0.2978723404255319,0.8905878694062882,-0.0004311114373178392,25.77304964539007,"{'stop': 55, 'target': 44, 'breakeven': 42}"
sweep,0.5,96,h4_level,,1.5,1.0,-0.4205661173876593,-0.3312141260812432,-0.048493879203228785,-0.14641247273171487,123,0.34959349593495936,0.8880445395653788,-0.0005259362271873637,32.73170731707317,"{'stop': 63, 'target': 45, 'breakeven': 15}"
sweep,0.5,96,h4_level,,2.0,,-0.5197587784521994,-0.3902593479749683,-0.061745254776071956,-0.1582159533050631,110,0.4090909090909091,0.8645953720733751,-0.0007640334655644554,41.86363636363637,"{'stop': 59, 'target': 51}"
sweep,0.5,96,h4_level,,2.0,0.5,-0.01442657043106192,-0.05705393395338882,-0.006643363501808941,-0.11644006015845199,131,0.33587786259541985,0.9956577606462513,-1.6960465690452828e-05,31.435114503816795,"{'target': 46, 'stop': 45, 'breakeven': 40}"
sweep,0.5,96,h4_level,,2.0,1.0,-0.11387163476985271,-0.14492609303445247,-0.01764837941711539,-0.12177503062143502,116,0.3879310344827586,0.9672285914273185,-0.00015480794475394865,38.327586206896555,"{'stop': 51, 'target': 50, 'breakeven': 15}"
sweep,0.5,96,h4_level,,3.0,,-0.12961505466569467,-0.1447412178317533,-0.021883489712777426,-0.15119044899991596,96,0.4791666666666667,0.9626143276886702,-0.00023082446308246075,54.3125,"{'target': 52, 'stop': 44}"
sweep,0.5,96,h4_level,,3.0,0.5,0.10653540101196413,0.04924326577585544,0.005739313180023409,-0.11655021432062418,110,0.4090909090909091,1.0330519306234653,0.00014996684803093022,43.1,"{'target': 50, 'stop': 35, 'breakeven': 25}"
sweep,0.5,96,h4_level,,3.0,1.0,0.22827614824562314,0.16137421065768168,0.01974646257845536,-0.12236442550503279,98,0.46938775510204084,1.0716400911522115,0.0003846847057399742,51.62244897959184,"{'target': 51, 'stop': 39, 'breakeven': 8}"
sweep,0.5,96,atr,2.0,0.5,,-0.2990998722118768,-0.23731761262403772,-0.02833528485846537,-0.119398153997759,144,0.3333333333333333,0.935657603446181,-0.0002516516331369037,20.416666666666668,"{'stop': 96, 'target': 48}"
sweep,0.5,96,atr,2.0,0.5,0.5,-1.4047023520129378,-0.5739628804048685,-0.09835729012435668,-0.171365245876138,187,0.24598930481283424,0.732798667514069,-0.0007832486979318065,11.786096256684491,"{'stop': 81, 'breakeven': 60, 'target': 46}"
sweep,0.5,96,atr,2.0,0.5,1.0,-0.9521844946558558,-0.46027942515933695,-0.07340148924352163,-0.1594715845013318,160,0.26875,0.8052110029033381,-0.0006636298912551497,16.58125,"{'stop': 85, 'target': 43, 'breakeven': 32}"
sweep,0.5,96,atr,2.0,1.0,,-0.12266312884786011,-0.1423854618016505,-0.015951302410024737,-0.11202901060394521,122,0.3360655737704918,0.9719235856790748,-0.0001344322067613967,31.360655737704917,"{'stop': 81, 'target': 41}"
sweep,0.5,96,atr,2.0,1.0,0.5,-0.7882754599062695,-0.4182607221190983,-0.06624218843938112,-0.1583753504363694,158,0.23417721518987342,0.8268967800084606,-0.0005974174280104856,18.075949367088608,"{'stop': 64, 'breakeven': 57, 'target': 37}"
sweep,0.5,96,atr,2.0,1.0,1.0,-0.5027790540918977,-0.2822417229696394,-0.04746644675341449,-0.16817657663789287,133,0.2781954887218045,0.8836970419669593,-0.00048616730451896345,26.451127819548873,"{'stop': 72, 'target': 37, 'breakeven': 24}"
sweep,0.5,96,atr,2.0,1.5,,-0.33154288950590255,-0.27783626208404555,-0.0400869878315705,-0.14428277839213144,106,0.330188679245283,0.918356747942944,-0.00047996396483168126,40.839622641509436,"{'stop': 71, 'target': 35}"
sweep,0.5,96,atr,2.0,1.5,0.5,-0.8163740171780858,-0.49421401545889543,-0.07950570553813285,-0.16087302879160348,137,0.23357664233576642,0.805827717464629,-0.0008294025797790043,26.40875912408759,"{'stop': 56, 'breakeven': 49, 'target': 32}"
sweep,0.5,96,atr,2.0,1.5,1.0,-0.42079653192647165,-0.29549211218258786,-0.047736113416491976,-0.16154784323648985,115,0.2956521739130435,0.8958518005671741,-0.0005483227081385517,36.53913043478261,"{'stop': 65, 'target': 34, 'breakeven': 16}"
sweep,0.5,96,atr,2.0,2.0,,-0.0913150943520633,-0.136455129489356,-0.017394287753547677,-0.12747258251588478,93,0.34408602150537637,0.975367088493112,-0.0001636085256837677,56.82795698924731,"{'stop': 60, 'target': 32, 'max_hold': 1}"
sweep,0.5,96,atr,2.0,2.0,0.5,0.20130221937220324,0.15001076688880235,0.016144646848844202,-0.10762325387491456,122,0.2540983606557377,1.0601498675740615,0.00026151210892524603,35.032786885245905,"{'stop': 46, 'breakeven': 45, 'target': 31}"
sweep,0.5,96,atr,2.0,2.0,1.0,0.16794054123924498,0.1071620840987057,0.012937419459462252,-0.12072758353174384,102,0.3137254901960784,1.0493075690627087,0.0002810422861172361,49.0,"{'stop': 55, 'target': 32, 'breakeven': 15}"
sweep,0.5,96,atr,2.0,3.0,,0.5541092081348591,0.6141482254073203,0.0707360245749118,-0.11517744682563835,67,0.40298507462686567,1.2107614000972007,0.001674641915497181,109.25373134328358,"{'stop': 38, 'target': 24, 'max_hold': 5}"
sweep,0.5,96,atr,2.0,3.0,0.5,0.2736365244936314,0.23558278233627772,0.02755436023384683,-0.11696253843591564,92,0.22826086956521738,1.1077038348118855,0.0005447849695877708,65.42391304347827,"{'breakeven': 40, 'stop': 31, 'target': 21}"
sweep,0.5,96,atr,2.0,3.0,1.0,0.5781136331564571,0.7183539861573252,0.07267655540068474,-0.10117095025734013,75,0.30666666666666664,1.240827867852227,0.0015199560748686205,92.18666666666667,"{'stop': 34, 'target': 21, 'breakeven': 18, 'max_hold': 2}"
sweep,0.5,96,atr,3.0,0.5,,0.31186597662271803,0.3213218170708328,0.02697226388134566,-0.08394158892547232,140,0.29285714285714287,1.077878232529613,0.0003329005169268934,25.6,"{'stop': 99, 'target': 41}"
sweep,0.5,96,atr,3.0,0.5,0.5,-0.5839793161328803,-0.3845655396230366,-0.0537767005341131,-0.13983754391209036,185,0.2,0.8667212299677267,-0.00040398125221744,13.95135135135135,"{'stop': 79, 'breakeven': 69, 'target': 37}"
sweep,0.5,96,atr,3.0,0.5,1.0,-0.16031036282703465,-0.14027790934800963,-0.018654758024382212,-0.13298428890968428,158,0.22784810126582278,0.9620776059328704,-0.00013293269173071296,18.968354430379748,"{'stop': 84, 'breakeven': 38, 'target': 36}"
sweep,0.5,96,atr,3.0,1.0,,0.5755747492552223,0.7589053866471347,0.06278693434806559,-0.08273354683310397,117,0.29914529914529914,1.1672629246970738,0.0008461621806898723,36.837606837606835,"{'stop': 82, 'target': 35}"
sweep,0.5,96,atr,3.0,1.0,0.5,-0.3503304429058119,-0.2531519060090263,-0.03783144718147491,-0.1494416841567292,157,0.18471337579617833,0.9104470052336456,-0.0003128148475606974,20.719745222929937,"{'breakeven': 65, 'stop': 63, 'target': 29}"
sweep,0.5,96,atr,3.0,1.0,1.0,0.31264601973662987,0.23068437957875434,0.02863944836229182,-0.12414992473521369,130,0.24615384615384617,1.0899584317754831,0.00038534360050603375,30.5,"{'stop': 72, 'target': 32, 'breakeven': 26}"
sweep,0.5,96,atr,3.0,1.5,,-0.16280512451549553,-0.21081115698874572,-0.02715047887403299,-0.1287905216301357,91,0.27472527472527475,0.9518387029577782,-0.00031921173117882237,60.010989010989015,"{'stop': 66, 'target': 25}"
sweep,0.5,96,atr,3.0,1.5,0.5,-0.4487803887654768,-0.46077485280269254,-0.05244909187409985,-0.1138280258895964,133,0.18796992481203006,0.8788910283450226,-0.0005247500527011327,31.834586466165412,"{'stop': 54, 'breakeven': 54, 'target': 25}"
sweep,0.5,96,atr,3.0,1.5,1.0,-0.13481378610714423,-0.15270502613582,-0.02266354782632185,-0.14841389572969443,108,0.23148148148148148,0.9600001988158379,-0.00021471738751291985,46.111111111111114,"{'stop': 60, 'target': 25, 'breakeven': 23}"
sweep,0.5,96,atr,3.0,2.0,,-0.7150641705429973,-0.49027387011565243,-0.09645824903536016,-0.19674360579854333,80,0.2375,0.7884321953417724,-0.0016908006665900404,81.8625,"{'stop': 60, 'target': 18, 'max_hold': 2}"
sweep,0.5,96,atr,3.0,2.0,0.5,-0.45866167073306824,-0.381303525163895,-0.056054582218945215,-0.14700777338696613,110,0.14545454545454545,0.8471614261135183,-0.0006812337121853196,48.38181818181818,"{'breakeven': 55, 'stop': 39, 'target': 16}"
sweep,0.5,96,atr,3.0,2.0,1.0,-0.6194969237781044,-0.43407947385406903,-0.07928304056886193,-0.18264637087059243,92,0.16304347826086957,0.7957435702009225,-0.0011935943852004647,65.3804347826087,"{'stop': 48, 'breakeven': 29, 'target': 15}"
sweep,0.5,96,atr,3.0,3.0,,0.17192140186756463,0.08290968372015858,0.01481880695005744,-0.1787343321689021,63,0.3333333333333333,1.06463573378447,0.0005613209502787325,128.5079365079365,"{'stop': 39, 'target': 17, 'max_hold': 7}"
sweep,0.5,96,atr,3.0,3.0,0.5,0.3260926692202662,0.32044644764816116,0.036608091417083655,-0.11424090260871933,85,0.17647058823529413,1.1479056054438896,0.0007748424910987196,80.2235294117647,"{'breakeven': 40, 'stop': 30, 'target': 15}"
sweep,0.5,96,atr,3.0,3.0,1.0,-0.004751114593061285,-0.05953235715110988,-0.009657427832710286,-0.16222149256070972,70,0.2,0.9975151512363835,-1.6563140219517875e-05,108.65714285714286,"{'stop': 33, 'breakeven': 23, 'target': 13, 'max_hold': 1}"
sweep,0.5,96,atr,4.0,0.5,,0.6850337641424845,0.8830395732481409,0.07470494466927069,-0.0845997698545703,132,0.26515151515151514,1.1954596633099777,0.0008709081316331605,30.863636363636363,"{'stop': 97, 'target': 35}"
sweep,0.5,96,atr,4.0,0.5,0.5,-0.6275225506125789,-0.4123717857423999,-0.06114828956829621,-0.14828436785074883,184,0.15760869565217392,0.8496094055140955,-0.0004632184827371807,15.744565217391305,"{'breakeven': 78, 'stop': 77, 'target': 29}"
sweep,0.5,96,atr,4.0,0.5,1.0,0.09175190263745352,0.03786069798743435,0.004223514871604994,-0.11155406783590582,156,0.1987179487179487,1.025268881859947,9.032982611676021e-05,21.641025641025642,"{'stop': 83, 'breakeven': 42, 'target': 31}"
sweep,0.5,96,atr,4.0,1.0,,-0.07249066885464864,-0.14189831109922096,-0.015582924570858525,-0.10981754786328868,101,0.2376237623762376,0.9789387149215677,-0.00012070003771668545,54.46534653465346,"{'stop': 77, 'target': 23, 'max_hold': 1}"
sweep,0.5,96,atr,4.0,1.0,0.5,-0.3566588108092755,-0.30966140775945966,-0.04102892130940228,-0.13249607565329202,155,0.14838709677419354,0.9035896130128288,-0.00034129715652014776,24.961290322580645,"{'breakeven': 70, 'stop': 62, 'target': 23}"
sweep,0.5,96,atr,4.0,1.0,1.0,0.035865115186638,-0.016995852155645655,-0.0019739209819111814,-0.11614133635867663,120,0.19166666666666668,1.0119130611063056,5.2165345063030605e-05,39.9,"{'stop': 66, 'breakeven': 31, 'target': 23}"
sweep,0.5,96,atr,4.0,1.5,,-0.32200176034062733,-0.3423775502690268,-0.04788319239576189,-0.13985494188546288,79,0.22784810126582278,0.8923042704952104,-0.0007601713162623867,78.30379746835443,"{'stop': 61, 'target': 17, 'max_hold': 1}"
sweep,0.5,96,atr,4.0,1.5,0.5,-0.32239761608635736,-0.33940385956447,-0.04342652266747227,-0.12794940730255122,118,0.1440677966101695,0.8922382352759792,-0.00046763092132647574,41.855932203389834,"{'breakeven': 55, 'stop': 46, 'target': 17}"
sweep,0.5,96,atr,4.0,1.5,1.0,-0.2162078595663499,-0.23275809670043976,-0.034340643514315206,-0.14753791168223762,97,0.16494845360824742,0.9231053627963492,-0.00041271289280093363,58.71134020618557,"{'stop': 52, 'breakeven': 29, 'target': 16}"
sweep,0.5,96,atr,4.0,2.0,,-0.1906377885533632,-0.22276215028602006,-0.03980381337302863,-0.17868301828619315,72,0.2222222222222222,0.9255079627402101,-0.0006109631583369807,100.31944444444444,"{'stop': 55, 'target': 14, 'max_hold': 3}"
sweep,0.5,96,atr,4.0,2.0,0.5,0.04213477498788624,-0.025042687131690788,-0.003205581536352753,-0.128004695322659,105,0.13333333333333333,1.0168746931514698,7.717343831025169e-05,56.57142857142857,"{'breakeven': 53, 'stop': 38, 'target': 14}"
sweep,0.5,96,atr,4.0,2.0,1.0,-0.09926319373382653,-0.1523970455711689,-0.024118497805044825,-0.15826092766202327,87,0.14942528735632185,0.959318981546121,-0.00024381083928622668,76.75862068965517,"{'stop': 46, 'breakeven': 28, 'target': 13}"
sweep,0.5,96,atr,4.0,3.0,,0.2558523952220922,0.17138305575737176,0.028585266573943002,-0.16679167288516183,59,0.288135593220339,1.1069052268299984,0.0009885037637672037,143.1864406779661,"{'stop': 39, 'target': 11, 'max_hold': 8, 'data_end': 1}"
sweep,0.5,96,atr,4.0,3.0,0.5,0.4045661912612488,0.3768619341494231,0.052001379490622,-0.13798522689214832,83,0.14457831325301204,1.2022715960863597,0.0010860177958289048,87.51807228915662,"{'breakeven': 41, 'stop': 30, 'target': 10, 'max_hold': 2}"
sweep,0.5,96,atr,4.0,3.0,1.0,0.25630007601873034,0.19262124640755002,0.02834264724738178,-0.14714185364273946,68,0.17647058823529413,1.1223871670765095,0.0008394916225169555,116.75,"{'stop': 33, 'breakeven': 23, 'target': 9, 'max_hold': 3}"
sweep,0.5,96,atr,5.0,0.5,,-0.24324164783877925,-0.29669481746205056,-0.03305376006607652,-0.11140659735421343,116,0.20689655172413793,0.9306349749781059,-0.00034149139534348015,43.23275862068966,"{'stop': 92, 'target': 23, 'max_hold': 1}"
sweep,0.5,96,atr,5.0,0.5,0.5,-0.6736552827929635,-0.48949546899609975,-0.06951984108799691,-0.14202346189347637,181,0.13259668508287292,0.8274163380882211,-0.0005392819888490201,18.61878453038674,"{'breakeven': 81, 'stop': 76, 'target': 24}"
sweep,0.5,96,atr,5.0,0.5,1.0,-0.40435827388893814,-0.38985426327497047,-0.04446482063083079,-0.11405498110320533,149,0.15436241610738255,0.8937853511911422,-0.0003921642116481207,27.449664429530202,"{'stop': 79, 'breakeven': 47, 'target': 23}"
sweep,0.5,96,atr,5.0,1.0,,-0.15070049319005038,-0.21053112549657466,-0.026168136816522414,-0.12429581020288694,90,0.2,0.9483622581290638,-0.00030643320269177645,69.36666666666666,"{'stop': 72, 'target': 16, 'max_hold': 2}"
sweep,0.5,96,atr,5.0,1.0,0.5,-0.3932828993429852,-0.32912295625649296,-0.04762867337944421,-0.14471392066108602,142,0.11971830985915492,0.8759146393893575,-0.0004399923704741996,31.359154929577464,"{'breakeven': 69, 'stop': 56, 'target': 17}"
sweep,0.5,96,atr,5.0,1.0,1.0,0.09008272013104432,0.0350939832882705,0.0037811775398781666,-0.10774432496928765,110,0.15454545454545454,1.0327906808303022,0.00014153212673749754,47.88181818181818,"{'stop': 59, 'breakeven': 34, 'target': 17}"
sweep,0.5,96,atr,5.0,1.5,,-0.005580936479913366,-0.07784237964318863,-0.011381266853055738,-0.1462091331897203,75,0.21333333333333335,0.9948658583772914,-3.684634732050882e-05,90.08,"{'stop': 59, 'target': 14, 'max_hold': 2}"
sweep,0.5,96,atr,5.0,1.5,0.5,-0.11822070473669899,-0.1930581830062635,-0.024325175187596915,-0.12599919262063974,116,0.12931034482758622,0.9509914617561049,-0.00021266144279154673,46.16379310344828,"{'breakeven': 56, 'stop': 45, 'target': 15}"
sweep,0.5,96,atr,5.0,1.5,1.0,-0.030484070901391953,-0.10058602431020637,-0.014482788206283681,-0.14398410023264163,95,0.14736842105263157,0.9840817024763615,-8.577776076387581e-05,64.02105263157895,"{'stop': 51, 'breakeven': 30, 'target': 14}"
sweep,0.5,96,atr,5.0,2.0,,-0.49525405690280083,-0.37273771746017337,-0.08103636652908885,-0.2174085495862047,71,0.18309859154929578,0.8240305027263212,-0.0015127415458573495,105.83098591549296,"{'stop': 57, 'target': 9, 'max_hold': 5}"
sweep,0.5,96,atr,5.0,2.0,0.5,0.19769919114696,0.15590984845240963,0.018810836444077772,-0.1206520090346932,104,0.11538461538461539,1.0895021976285695,0.00040721275069735606,60.33653846153846,"{'breakeven': 54, 'stop': 38, 'target': 11, 'max_hold': 1}"
sweep,0.5,96,atr,5.0,2.0,1.0,-0.08267037977425304,-0.16335977896692605,-0.02344168530082169,-0.1434972883108988,87,0.12643678160919541,0.9643723528331346,-0.00021450520715032544,80.60919540229885,"{'stop': 46, 'breakeven': 30, 'target': 9, 'max_hold': 2}"
sweep,0.5,96,atr,5.0,3.0,,0.5770395800495335,0.6384812869778121,0.09168166305424719,-0.14359334396190881,59,0.288135593220339,1.2744627123804264,0.002537831238441148,147.47457627118644,"{'stop': 39, 'target': 10, 'max_hold': 9, 'data_end': 1}"
sweep,0.5,96,atr,5.0,3.0,0.5,0.6224951219319798,0.828287575430614,0.09510668766597541,-0.1148232697037993,83,0.14457831325301204,1.340223526853356,0.001826696441178353,89.18072289156626,"{'breakeven': 41, 'stop': 30, 'target': 9, 'max_hold': 3}"
sweep,0.5,96,atr,5.0,3.0,1.0,0.5055280112785762,0.5812653065564813,0.07431842527121946,-0.12785628943088823,68,0.17647058823529413,1.2658389266652605,0.001823471832915889,118.76470588235294,"{'stop': 33, 'breakeven': 23, 'target': 8, 'max_hold': 4}"
sweep,0.5,168,h4_level,,0.5,,-0.5524559928292326,-0.4319661142190544,-0.056759354728276534,-0.13139770194912392,141,0.2978723404255319,0.8692120227493668,-0.0005527041700645678,26.04964539007092,"{'stop': 99, 'target': 42}"
sweep,0.5,168,h4_level,,0.5,0.5,-0.53006811653189,-0.3513092293608306,-0.050901044710965015,-0.1448895743603833,186,0.22043010752688172,0.8733082559671094,-0.0003753399192622861,15.13978494623656,"{'stop': 79, 'breakeven': 66, 'target': 41}"
sweep,0.5,168,h4_level,,0.5,1.0,-0.45441534406593065,-0.32308051998077714,-0.04513744603070269,-0.13970958705089465,162,0.25308641975308643,0.889549986615667,-0.0003754388050395353,19.660493827160494,"{'stop': 85, 'target': 41, 'breakeven': 36}"
sweep,0.5,168,h4_level,,1.0,,-0.43971122444210214,-0.3568850253344084,-0.04861932441374128,-0.13623245852970156,126,0.3412698412698413,0.8887679574069755,-0.0005172145316482328,31.238095238095237,"{'stop': 81, 'target': 45}"
sweep,0.5,168,h4_level,,1.0,0.5,-0.2955302323477863,-0.22157592314394225,-0.03247095853754989,-0.14654551846978336,160,0.2625,0.921454450554104,-0.00025960648348453974,19.75625,"{'stop': 63, 'breakeven': 54, 'target': 43}"
sweep,0.5,168,h4_level,,1.0,1.0,-0.16688211674430398,-0.16394030163041698,-0.020952021103344487,-0.12780274828686244,135,0.3111111111111111,0.954047046309299,-0.00017854393884998972,26.925925925925927,"{'stop': 70, 'target': 43, 'breakeven': 22}"
sweep,0.5,168,h4_level,,1.5,,-0.6970329315292043,-0.4813827424408014,-0.07765907315660592,-0.161325004637357,116,0.3706896551724138,0.8259909957852953,-0.0009439343464273595,35.991379310344826,"{'stop': 70, 'target': 46}"
sweep,0.5,168,h4_level,,1.5,0.5,-0.4163387139648887,-0.32204156299955816,-0.04569036655962766,-0.14187723514337292,141,0.2978723404255319,0.8905878694062882,-0.0004311114373178392,25.77304964539007,"{'stop': 55, 'target': 44, 'breakeven': 42}"
sweep,0.5,168,h4_level,,1.5,1.0,-0.4205661173876593,-0.3312141260812432,-0.048493879203228785,-0.14641247273171487,123,0.34959349593495936,0.8880445395653788,-0.0005259362271873637,32.73170731707317,"{'stop': 63, 'target': 45, 'breakeven': 15}"
sweep,0.5,168,h4_level,,2.0,,-0.5197587784521994,-0.3902593479749683,-0.061745254776071956,-0.1582159533050631,110,0.4090909090909091,0.8645953720733751,-0.0007640334655644554,41.86363636363637,"{'stop': 59, 'target': 51}"
sweep,0.5,168,h4_level,,2.0,0.5,-0.01442657043106192,-0.05705393395338882,-0.006643363501808941,-0.11644006015845199,131,0.33587786259541985,0.9956577606462513,-1.6960465690452828e-05,31.435114503816795,"{'target': 46, 'stop': 45, 'breakeven': 40}"
sweep,0.5,168,h4_level,,2.0,1.0,-0.11387163476985271,-0.14492609303445247,-0.01764837941711539,-0.12177503062143502,116,0.3879310344827586,0.9672285914273185,-0.00015480794475394865,38.327586206896555,"{'stop': 51, 'target': 50, 'breakeven': 15}"
sweep,0.5,168,h4_level,,3.0,,-0.12961505466569467,-0.1447412178317533,-0.021883489712777426,-0.15119044899991596,96,0.4791666666666667,0.9626143276886702,-0.00023082446308246075,54.3125,"{'target': 52, 'stop': 44}"
sweep,0.5,168,h4_level,,3.0,0.5,0.10653540101196413,0.04924326577585544,0.005739313180023409,-0.11655021432062418,110,0.4090909090909091,1.0330519306234653,0.00014996684803093022,43.1,"{'target': 50, 'stop': 35, 'breakeven': 25}"
sweep,0.5,168,h4_level,,3.0,1.0,0.22827614824562314,0.16137421065768168,0.01974646257845536,-0.12236442550503279,98,0.46938775510204084,1.0716400911522115,0.0003846847057399742,51.62244897959184,"{'target': 51, 'stop': 39, 'breakeven': 8}"
sweep,0.5,168,atr,2.0,0.5,,-0.2990998722118768,-0.23731761262403772,-0.02833528485846537,-0.119398153997759,144,0.3333333333333333,0.935657603446181,-0.0002516516331369037,20.416666666666668,"{'stop': 96, 'target': 48}"
sweep,0.5,168,atr,2.0,0.5,0.5,-1.4047023520129378,-0.5739628804048685,-0.09835729012435668,-0.171365245876138,187,0.24598930481283424,0.732798667514069,-0.0007832486979318065,11.786096256684491,"{'stop': 81, 'breakeven': 60, 'target': 46}"
sweep,0.5,168,atr,2.0,0.5,1.0,-0.9521844946558558,-0.46027942515933695,-0.07340148924352163,-0.1594715845013318,160,0.26875,0.8052110029033381,-0.0006636298912551497,16.58125,"{'stop': 85, 'target': 43, 'breakeven': 32}"
sweep,0.5,168,atr,2.0,1.0,,-0.12266312884786011,-0.1423854618016505,-0.015951302410024737,-0.11202901060394521,122,0.3360655737704918,0.9719235856790748,-0.0001344322067613967,31.360655737704917,"{'stop': 81, 'target': 41}"
sweep,0.5,168,atr,2.0,1.0,0.5,-0.7882754599062695,-0.4182607221190983,-0.06624218843938112,-0.1583753504363694,158,0.23417721518987342,0.8268967800084606,-0.0005974174280104856,18.075949367088608,"{'stop': 64, 'breakeven': 57, 'target': 37}"
sweep,0.5,168,atr,2.0,1.0,1.0,-0.5027790540918977,-0.2822417229696394,-0.04746644675341449,-0.16817657663789287,133,0.2781954887218045,0.8836970419669593,-0.00048616730451896345,26.451127819548873,"{'stop': 72, 'target': 37, 'breakeven': 24}"
sweep,0.5,168,atr,2.0,1.5,,-0.33154288950590255,-0.27783626208404555,-0.0400869878315705,-0.14428277839213144,106,0.330188679245283,0.918356747942944,-0.00047996396483168126,40.839622641509436,"{'stop': 71, 'target': 35}"
sweep,0.5,168,atr,2.0,1.5,0.5,-0.8163740171780858,-0.49421401545889543,-0.07950570553813285,-0.16087302879160348,137,0.23357664233576642,0.805827717464629,-0.0008294025797790043,26.40875912408759,"{'stop': 56, 'breakeven': 49, 'target': 32}"
sweep,0.5,168,atr,2.0,1.5,1.0,-0.42079653192647165,-0.29549211218258786,-0.047736113416491976,-0.16154784323648985,115,0.2956521739130435,0.8958518005671741,-0.0005483227081385517,36.53913043478261,"{'stop': 65, 'target': 34, 'breakeven': 16}"
sweep,0.5,168,atr,2.0,2.0,,-0.24274968214121243,-0.23199025697522835,-0.03474185965503329,-0.1497556841740254,92,0.33695652173913043,0.9346045980483546,-0.000446345511341725,58.391304347826086,"{'stop': 61, 'target': 31}"
sweep,0.5,168,atr,2.0,2.0,0.5,0.20130221937220324,0.15001076688880235,0.016144646848844202,-0.10762325387491456,122,0.2540983606557377,1.0601498675740615,0.00026151210892524603,35.032786885245905,"{'stop': 46, 'breakeven': 45, 'target': 31}"
sweep,0.5,168,atr,2.0,2.0,1.0,0.16794054123924498,0.1071620840987057,0.012937419459462252,-0.12072758353174384,102,0.3137254901960784,1.0493075690627087,0.0002810422861172361,49.0,"{'stop': 55, 'target': 32, 'breakeven': 15}"
sweep,0.5,168,atr,2.0,3.0,,0.4975479732083591,0.42722733385242967,0.06435847739238998,-0.15064222790253468,66,0.3939393939393939,1.1889131122099157,0.0015858477222033798,117.42424242424242,"{'stop': 40, 'target': 25, 'max_hold': 1}"
sweep,0.5,168,atr,2.0,3.0,0.5,0.2736365244936314,0.23558278233627772,0.02755436023384683,-0.11696253843591564,92,0.22826086956521738,1.1077038348118855,0.0005447849695877708,65.42391304347827,"{'breakeven': 40, 'stop': 31, 'target': 21}"
sweep,0.5,168,atr,2.0,3.0,1.0,0.7031637582617726,0.9311419340452483,0.09420451429181509,-0.10117095025733991,75,0.30666666666666664,1.303779644059662,0.001917268626458262,92.56,"{'stop': 34, 'target': 23, 'breakeven': 18}"
sweep,0.5,168,atr,3.0,0.5,,0.31186597662271803,0.3213218170708328,0.02697226388134566,-0.08394158892547232,140,0.29285714285714287,1.077878232529613,0.0003329005169268934,25.6,"{'stop': 99, 'target': 41}"
sweep,0.5,168,atr,3.0,0.5,0.5,-0.5839793161328803,-0.3845655396230366,-0.0537767005341131,-0.13983754391209036,185,0.2,0.8667212299677267,-0.00040398125221744,13.95135135135135,"{'stop': 79, 'breakeven': 69, 'target': 37}"
sweep,0.5,168,atr,3.0,0.5,1.0,-0.16031036282703465,-0.14027790934800963,-0.018654758024382212,-0.13298428890968428,158,0.22784810126582278,0.9620776059328704,-0.00013293269173071296,18.968354430379748,"{'stop': 84, 'breakeven': 38, 'target': 36}"
sweep,0.5,168,atr,3.0,1.0,,0.5755747492552223,0.7589053866471347,0.06278693434806559,-0.08273354683310397,117,0.29914529914529914,1.1672629246970738,0.0008461621806898723,36.837606837606835,"{'stop': 82, 'target': 35}"
sweep,0.5,168,atr,3.0,1.0,0.5,-0.3503304429058119,-0.2531519060090263,-0.03783144718147491,-0.1494416841567292,157,0.18471337579617833,0.9104470052336456,-0.0003128148475606974,20.719745222929937,"{'breakeven': 65, 'stop': 63, 'target': 29}"
sweep,0.5,168,atr,3.0,1.0,1.0,0.31264601973662987,0.23068437957875434,0.02863944836229182,-0.12414992473521369,130,0.24615384615384617,1.0899584317754831,0.00038534360050603375,30.5,"{'stop': 72, 'target': 32, 'breakeven': 26}"
sweep,0.5,168,atr,3.0,1.5,,-0.16280512451549553,-0.21081115698874572,-0.02715047887403299,-0.1287905216301357,91,0.27472527472527475,0.9518387029577782,-0.00031921173117882237,60.010989010989015,"{'stop': 66, 'target': 25}"
sweep,0.5,168,atr,3.0,1.5,0.5,-0.4487803887654768,-0.46077485280269254,-0.05244909187409985,-0.1138280258895964,133,0.18796992481203006,0.8788910283450226,-0.0005247500527011327,31.834586466165412,"{'stop': 54, 'breakeven': 54, 'target': 25}"
sweep,0.5,168,atr,3.0,1.5,1.0,-0.13481378610714423,-0.15270502613582,-0.02266354782632185,-0.14841389572969443,108,0.23148148148148148,0.9600001988158379,-0.00021471738751291985,46.111111111111114,"{'stop': 60, 'target': 25, 'breakeven': 23}"
sweep,0.5,168,atr,3.0,2.0,,-0.5666837240644329,-0.376143217245765,-0.08342669411913739,-0.22179502459199718,79,0.22784810126582278,0.825844144699705,-0.0014319988136241005,85.13924050632912,"{'stop': 61, 'target': 18}"
sweep,0.5,168,atr,3.0,2.0,0.5,-0.45866167073306824,-0.381303525163895,-0.056054582218945215,-0.14700777338696613,110,0.14545454545454545,0.8471614261135183,-0.0006812337121853196,48.38181818181818,"{'breakeven': 55, 'stop': 39, 'target': 16}"
sweep,0.5,168,atr,3.0,2.0,1.0,-0.6194969237781044,-0.43407947385406903,-0.07928304056886193,-0.18264637087059243,92,0.16304347826086957,0.7957435702009225,-0.0011935943852004647,65.3804347826087,"{'stop': 48, 'breakeven': 29, 'target': 15}"
sweep,0.5,168,atr,3.0,3.0,,0.12716865639335884,0.03546601758865618,0.007887989867167988,-0.2224097996751393,61,0.3114754098360656,1.0477432417382122,0.0004582847790595548,145.55737704918033,"{'stop': 42, 'target': 17, 'max_hold': 2}"
sweep,0.5,168,atr,3.0,3.0,0.5,0.3260926692202662,0.32044644764816116,0.036608091417083655,-0.11424090260871933,85,0.17647058823529413,1.1479056054438896,0.0007748424910987196,80.2235294117647,"{'breakeven': 40, 'stop': 30, 'target': 15}"
sweep,0.5,168,atr,3.0,3.0,1.0,-0.1475418605093598,-0.17249659657489433,-0.027982655358022024,-0.16222149256071006,69,0.18840579710144928,0.9382769245387408,-0.0004173872937399645,110.89855072463769,"{'stop': 33, 'breakeven': 23, 'target': 12, 'max_hold': 1}"
sweep,0.5,168,atr,4.0,0.5,,0.6850337641424845,0.8830395732481409,0.07470494466927069,-0.0845997698545703,132,0.26515151515151514,1.1954596633099777,0.0008709081316331605,30.863636363636363,"{'stop': 97, 'target': 35}"
sweep,0.5,168,atr,4.0,0.5,0.5,-0.6275225506125789,-0.4123717857423999,-0.06114828956829621,-0.14828436785074883,184,0.15760869565217392,0.8496094055140955,-0.0004632184827371807,15.744565217391305,"{'breakeven': 78, 'stop': 77, 'target': 29}"
sweep,0.5,168,atr,4.0,0.5,1.0,0.09175190263745352,0.03786069798743435,0.004223514871604994,-0.11155406783590582,156,0.1987179487179487,1.025268881859947,9.032982611676021e-05,21.641025641025642,"{'stop': 83, 'breakeven': 42, 'target': 31}"
sweep,0.5,168,atr,4.0,1.0,,0.22257839323372855,0.1879429883076128,0.020639438114040898,-0.10981754786328934,101,0.2376237623762376,1.0720694164682762,0.00041302234187259743,55.40594059405941,"{'stop': 77, 'target': 24}"
sweep,0.5,168,atr,4.0,1.0,0.5,-0.3566588108092755,-0.30966140775945966,-0.04102892130940228,-0.13249607565329202,155,0.14838709677419354,0.9035896130128288,-0.00034129715652014776,24.961290322580645,"{'breakeven': 70, 'stop': 62, 'target': 23}"
sweep,0.5,168,atr,4.0,1.0,1.0,0.035865115186638,-0.016995852155645655,-0.0019739209819111814,-0.11614133635867663,120,0.19166666666666668,1.0119130611063056,5.2165345063030605e-05,39.9,"{'stop': 66, 'breakeven': 31, 'target': 23}"
sweep,0.5,168,atr,4.0,1.5,,-0.019689387957717398,-0.08328069528519592,-0.011647216799292037,-0.1398549418854631,79,0.22784810126582278,0.9923204218926412,-5.4206374060090285e-05,79.51898734177215,"{'stop': 61, 'target': 18}"
sweep,0.5,168,atr,4.0,1.5,0.5,-0.32239761608635736,-0.33940385956447,-0.04342652266747227,-0.12794940730255122,118,0.1440677966101695,0.8922382352759792,-0.00046763092132647574,41.855932203389834,"{'breakeven': 55, 'stop': 46, 'target': 17}"
sweep,0.5,168,atr,4.0,1.5,1.0,-0.2162078595663499,-0.23275809670043976,-0.034340643514315206,-0.14753791168223762,97,0.16494845360824742,0.9231053627963492,-0.00041271289280093363,58.71134020618557,"{'stop': 52, 'breakeven': 29, 'target': 16}"
sweep,0.5,168,atr,4.0,2.0,,0.12784058818644597,0.042248693260558266,0.007856921647221515,-0.185968394306681,72,0.2222222222222222,1.0488814983985078,0.0004068719286807993,103.5,"{'stop': 56, 'target': 16}"
sweep,0.5,168,atr,4.0,2.0,0.5,0.04213477498788624,-0.025042687131690788,-0.003205581536352753,-0.128004695322659,105,0.13333333333333333,1.0168746931514698,7.717343831025169e-05,56.57142857142857,"{'breakeven': 53, 'stop': 38, 'target': 14}"
sweep,0.5,168,atr,4.0,2.0,1.0,-0.09926319373382653,-0.1523970455711689,-0.024118497805044825,-0.15826092766202327,87,0.14942528735632185,0.959318981546121,-0.00024381083928622668,76.75862068965517,"{'stop': 46, 'breakeven': 28, 'target': 13}"
sweep,0.5,168,atr,4.0,3.0,,0.3763348201458079,0.27478297146894815,0.05209289604173306,-0.1895783270821053,58,0.27586206896551724,1.162574743662769,0.001637885580424261,161.82758620689654,"{'stop': 42, 'target': 13, 'max_hold': 2, 'data_end': 1}"
sweep,0.5,168,atr,4.0,3.0,0.5,0.21913152091953406,0.1376472334466125,0.022155212773919297,-0.16095646980447564,83,0.13253012048192772,1.1061644983964118,0.000571592221174402,90.49397590361446,"{'breakeven': 42, 'stop': 30, 'target': 11}"
sweep,0.5,168,atr,4.0,3.0,1.0,-0.13713831360453257,-0.15731103793983084,-0.02911647687079777,-0.18508858152683727,67,0.14925373134328357,0.9386472221295173,-0.00042825271738923065,122.64179104477611,"{'stop': 33, 'breakeven': 24, 'target': 9, 'max_hold': 1}"
sweep,0.5,168,atr,5.0,0.5,,0.08036559059736656,0.0226714594797607,0.0025257501576940733,-0.11140659735421377,116,0.20689655172413793,1.0250279296181068,0.00012321515929891253,44.05172413793103,"{'stop': 92, 'target': 24}"
sweep,0.5,168,atr,5.0,0.5,0.5,-0.6736552827929635,-0.48949546899609975,-0.06951984108799691,-0.14202346189347637,181,0.13259668508287292,0.8274163380882211,-0.0005392819888490201,18.61878453038674,"{'breakeven': 81, 'stop': 76, 'target': 24}"
sweep,0.5,168,atr,5.0,0.5,1.0,-0.40435827388893814,-0.38985426327497047,-0.04446482063083079,-0.11405498110320533,149,0.15436241610738255,0.8937853511911422,-0.0003921642116481207,27.449664429530202,"{'stop': 79, 'breakeven': 47, 'target': 23}"
sweep,0.5,168,atr,5.0,1.0,,0.24747638963644852,0.2092959980771219,0.025231534547152545,-0.12055430958529445,90,0.2,1.0928422762831607,0.0005509527534676429,75.07777777777778,"{'stop': 72, 'target': 17, 'max_hold': 1}"
sweep,0.5,168,atr,5.0,1.0,0.5,-0.3932828993429852,-0.32912295625649296,-0.04762867337944421,-0.14471392066108602,142,0.11971830985915492,0.8759146393893575,-0.0004399923704741996,31.359154929577464,"{'breakeven': 69, 'stop': 56, 'target': 17}"
sweep,0.5,168,atr,5.0,1.0,1.0,0.09008272013104432,0.0350939832882705,0.0037811775398781666,-0.10774432496928765,110,0.15454545454545454,1.0327906808303022,0.00014153212673749754,47.88181818181818,"{'stop': 59, 'breakeven': 34, 'target': 17}"
sweep,0.5,168,atr,5.0,1.5,,0.3637666394755449,0.32405012388657894,0.04737908772347854,-0.1462091331897214,75,0.21333333333333335,1.156437909752018,0.0011227126130143941,93.12,"{'stop': 59, 'target': 16}"
sweep,0.5,168,atr,5.0,1.5,0.5,-0.11822070473669899,-0.1930581830062635,-0.024325175187596915,-0.12599919262063974,116,0.12931034482758622,0.9509914617561049,-0.00021266144279154673,46.16379310344828,"{'breakeven': 56, 'stop': 45, 'target': 15}"
sweep,0.5,168,atr,5.0,1.5,1.0,-0.030484070901391953,-0.10058602431020637,-0.014482788206283681,-0.14398410023264163,95,0.14736842105263157,0.9840817024763615,-8.577776076387581e-05,64.02105263157895,"{'stop': 51, 'breakeven': 30, 'target': 14}"
sweep,0.5,168,atr,5.0,2.0,,-0.3467582211575362,-0.24066680745522612,-0.06770146142955458,-0.28130784691673705,71,0.16901408450704225,0.8705014151290901,-0.0011708827946382225,114.15492957746478,"{'stop': 59, 'target': 12}"
sweep,0.5,168,atr,5.0,2.0,0.5,0.25450807913738577,0.22960422955981405,0.027702211579254454,-0.1206520090346932,104,0.11538461538461539,1.1173203430722651,0.0005337783974140637,60.75,"{'breakeven': 54, 'stop': 38, 'target': 12}"
sweep,0.5,168,atr,5.0,2.0,1.0,-0.28437845078005275,-0.280772567036706,-0.051147468617575687,-0.18216690169338756,87,0.11494252873563218,0.883134875381438,-0.0007052790312460007,83.44827586206897,"{'stop': 46, 'breakeven': 31, 'target': 10}"
sweep,0.5,168,atr,5.0,3.0,,0.6126689155402791,0.5651050708355858,0.10518104078884827,-0.18612652091994786,57,0.2807017543859649,1.2965081601156847,0.0030106398484335845,176.8421052631579,"{'stop': 41, 'target': 10, 'max_hold': 5, 'data_end': 1}"
sweep,0.5,168,atr,5.0,3.0,0.5,0.4086260602114073,0.39035139929475376,0.0540292163070506,-0.1384117397930812,83,0.13253012048192772,1.2104214276260679,0.0011387418852766803,96.65060240963855,"{'breakeven': 42, 'stop': 30, 'target': 9, 'max_hold': 2}"
sweep,0.5,168,atr,5.0,3.0,1.0,0.0543817874195171,-0.016427820075748792,-0.0027378785884861756,-0.16666110146457647,67,0.14925373134328357,1.0258784343462612,0.00018152371775343056,130.16417910447763,"{'stop': 33, 'breakeven': 24, 'target': 7, 'max_hold': 3}"
sweep,1.0,24,h4_level,,0.5,,-0.46504135383304257,-0.38075260967062496,-0.0462471148525202,-0.1214623713085693,144,0.3194444444444444,0.8899453525522304,-0.00043404693428766427,22.13888888888889,"{'stop': 95, 'target': 39, 'max_hold': 10}"
sweep,1.0,24,h4_level,,0.5,0.5,-0.33325337104530867,-0.24422383643287995,-0.03433749018724708,-0.14059843907449243,182,0.21978021978021978,0.9182418899764752,-0.0002445339647763594,14.43956043956044,"{'stop': 78, 'breakeven': 64, 'target': 39, 'max_hold': 1}"
sweep,1.0,24,h4_level,,0.5,1.0,-0.4321904708579762,-0.31191062498556527,-0.04230633179792853,-0.13563607139027856,160,0.25625,0.8952520336507136,-0.0003549444245834899,18.25625,"{'stop': 83, 'target': 38, 'breakeven': 35, 'max_hold': 4}"
sweep,1.0,24,h4_level,,1.0,,-0.5022336364770068,-0.3764529088814749,-0.05071559177289964,-0.1347196171855516,130,0.36153846153846153,0.876654802828552,-0.0005326388458437825,26.215384615384615,"{'stop': 78, 'target': 40, 'max_hold': 12}"
sweep,1.0,24,h4_level,,1.0,0.5,-0.23642916713369094,-0.18282252119541653,-0.025853762020802806,-0.14141453608534404,156,0.26282051282051283,0.9379294475956331,-0.0002045207095249168,18.685897435897434,"{'stop': 61, 'breakeven': 53, 'target': 40, 'max_hold': 2}"
sweep,1.0,24,h4_level,,1.0,1.0,-0.40702407174360283,-0.28918621984218623,-0.041413176811006314,-0.1432059135929996,139,0.3237410071942446,0.8966755400447417,-0.000398140613924861,23.46043165467626,"{'stop': 72, 'target': 38, 'breakeven': 20, 'max_hold': 9}"
sweep,1.0,24,h4_level,,1.5,,-0.6966917153358948,-0.46193226239188634,-0.07123463534475905,-0.15421013240319248,119,0.3865546218487395,0.8291841365921205,-0.0008437084741703131,30.19327731092437,"{'stop': 65, 'target': 41, 'max_hold': 13}"
sweep,1.0,24,h4_level,,1.5,0.5,-0.3186412644653457,-0.26499957932978796,-0.03480972470616328,-0.13135766024308704,138,0.30434782608695654,0.9162045407683348,-0.0003242501275366322,23.97826086956522,"{'stop': 53, 'target': 41, 'breakeven': 40, 'max_hold': 4}"
sweep,1.0,24,h4_level,,1.5,1.0,-0.543772682239178,-0.38028223603872413,-0.05643064297839617,-0.14839147777770467,124,0.3629032258064516,0.8617260548381115,-0.0006258028846195726,28.298387096774192,"{'stop': 61, 'target': 40, 'breakeven': 12, 'max_hold': 11}"
sweep,1.0,24,h4_level,,2.0,,-0.6872476696967873,-0.5172108005879726,-0.07030728200107905,-0.13593544821792725,114,0.42105263157894735,0.8265714188427433,-0.0008672892242085922,33.64035087719298,"{'stop': 55, 'target': 44, 'max_hold': 15}"
sweep,1.0,24,h4_level,,2.0,0.5,-0.03808971418461775,-0.0907041917680418,-0.008344855163827547,-0.09200076646036248,129,0.35658914728682173,0.9896441309033259,-4.033585940859638e-05,28.217054263565892,"{'stop': 45, 'target': 42, 'breakeven': 35, 'max_hold': 7}"
sweep,1.0,24,h4_level,,2.0,1.0,-0.5072786371495972,-0.43308992003358965,-0.05311804721325086,-0.12264900371989984,118,0.4067796610169492,0.8686524933752444,-0.0006126920926697449,32.46610169491525,"{'stop': 52, 'target': 43, 'max_hold': 13, 'breakeven': 10}"
sweep,1.0,24,h4_level,,3.0,,-0.24257357595404508,-0.2348143845096947,-0.03002939863724452,-0.12788568596403305,104,0.5,0.9326373218660626,-0.00034896004423868064,41.02884615384615,"{'target': 44, 'stop': 40, 'max_hold': 20}"
sweep,1.0,24,h4_level,,3.0,0.5,-0.09609737440862702,-0.15761368545812782,-0.01471451112569655,-0.09335808044159755,111,0.45045045045045046,0.9722514193361429,-0.00012584977366404828,37.77477477477478,"{'target': 43, 'stop': 36, 'breakeven': 18, 'max_hold': 14}"
sweep,1.0,24,h4_level,,3.0,1.0,-0.0867956785120515,-0.13317773786596,-0.014283034794138505,-0.10724791562771563,106,0.5,0.9755070170481166,-0.00012154628325894744,40.5,"{'target': 43, 'stop': 39, 'max_hold': 19, 'breakeven': 5}"
sweep,1.0,24,atr,2.0,0.5,,-0.6816687545833099,-0.46581458075782134,-0.053954019113328644,-0.11582724401961031,145,0.3448275862068966,0.8622882634652513,-0.0005232354576923968,19.344827586206897,"{'stop': 93, 'target': 47, 'max_hold': 5}"
sweep,1.0,24,atr,2.0,0.5,0.5,-1.4790396317057737,-0.5998553072161138,-0.10029998921513616,-0.16720697142886232,183,0.25136612021857924,0.72262478414542,-0.0008186062871679098,11.726775956284152,"{'stop': 80, 'breakeven': 57, 'target': 46}"
sweep,1.0,24,atr,2.0,0.5,1.0,-1.5646145626756567,-0.645573098265364,-0.1046907644263082,-0.16216717317931806,161,0.2732919254658385,0.7103447652900495,-0.0009742960017952968,15.701863354037267,"{'stop': 84, 'target': 42, 'breakeven': 32, 'max_hold': 3}"
sweep,1.0,24,atr,2.0,1.0,,-0.19969683612652786,-0.21800480618882281,-0.02070570423151874,-0.09497820068051477,128,0.3671875,0.9555882965359487,-0.00019196566448055163,26.546875,"{'stop': 78, 'target': 39, 'max_hold': 11}"
sweep,1.0,24,atr,2.0,1.0,0.5,-0.8251696245239799,-0.4280699885370464,-0.06692326701786455,-0.15633720842374077,154,0.24025974025974026,0.8190377709952323,-0.0006217386813027718,18.116883116883116,"{'stop': 62, 'breakeven': 55, 'target': 36, 'max_hold': 1}"
sweep,1.0,24,atr,2.0,1.0,1.0,-0.961571383487107,-0.48600133627413367,-0.07787142616960441,-0.16022883139909783,138,0.2898550724637681,0.7953827383275524,-0.0008172541693521767,23.094202898550726,"{'stop': 73, 'target': 34, 'breakeven': 24, 'max_hold': 7}"
sweep,1.0,24,atr,2.0,1.5,,-0.27756036504696047,-0.28897060308495326,-0.031636466947004394,-0.10947987999216557,114,0.3684210526315789,0.9329018844086236,-0.0003463313112446523,33.54385964912281,"{'stop': 66, 'target': 34, 'max_hold': 14}"
sweep,1.0,24,atr,2.0,1.5,0.5,-0.8756637151774055,-0.4977365083092752,-0.0816019291149912,-0.1639460392250085,136,0.2426470588235294,0.7923139483751537,-0.0008641257519065628,25.220588235294116,"{'stop': 54, 'breakeven': 48, 'target': 31, 'max_hold': 3}"
sweep,1.0,24,atr,2.0,1.5,1.0,-0.8689031372016937,-0.48633499879030556,-0.08231520460945407,-0.16925618105668383,122,0.30327868852459017,0.7988359368444974,-0.0009702475340515527,30.4672131147541,"{'stop': 63, 'target': 30, 'breakeven': 18, 'max_hold': 11}"
sweep,1.0,24,atr,2.0,2.0,,-0.193341027853516,-0.24417143236067196,-0.025140418044654833,-0.10296215983006263,107,0.3925233644859813,0.9500502377645403,-0.00027065430155896465,39.691588785046726,"{'stop': 58, 'target': 30, 'max_hold': 19}"
sweep,1.0,24,atr,2.0,2.0,0.5,-0.29366781826352606,-0.2843472048551278,-0.03319266967481571,-0.1167328853882248,125,0.272,0.9219042384996771,-0.00033381293235566577,31.304,"{'stop': 46, 'breakeven': 44, 'target': 27, 'max_hold': 8}"
sweep,1.0,24,atr,2.0,2.0,1.0,-0.5562553443528148,-0.43748749188015806,-0.059847752534482934,-0.13679877401129714,115,0.33043478260869563,0.8617623768272822,-0.0007128636637394936,36.34782608695652,"{'stop': 57, 'target': 28, 'breakeven': 16, 'max_hold': 14}"
sweep,1.0,24,atr,2.0,3.0,,0.03780031617946598,-0.018254315711079137,-0.0019741634910483974,-0.10814776748110111,95,0.45263157894736844,1.0114289444597122,6.53600527987211e-05,57.705263157894734,"{'stop': 40, 'max_hold': 36, 'target': 19}"
sweep,1.0,24,atr,2.0,3.0,0.5,-0.5641672476302942,-0.42538558850576125,-0.061830517640993454,-0.14535169811037463,106,0.330188679245283,0.8380781322032007,-0.0008007318497552729,48.66981132075472,"{'stop': 37, 'breakeven': 31, 'max_hold': 22, 'target': 16}"
sweep,1.0,24,atr,2.0,3.0,1.0,0.2989715432358935,0.305726785972758,0.02750752589844163,-0.08997420952475099,98,0.4489795918367347,1.0949384177464887,0.0004934356064939391,55.30612244897959,"{'stop': 39, 'max_hold': 30, 'target': 19, 'breakeven': 10}"
sweep,1.0,24,atr,3.0,0.5,,0.15751205331442097,0.1393419925362123,0.01042721943084235,-0.07483185248791757,143,0.32167832167832167,1.038419468791769,0.00015170769464357877,23.3006993006993,"{'stop': 94, 'target': 37, 'max_hold': 12}"
sweep,1.0,24,atr,3.0,0.5,0.5,-0.6158301410184757,-0.4069805359863333,-0.055154432174349455,-0.1355210564079693,181,0.20441988950276244,0.8605190420800602,-0.00042590231424470976,13.955801104972375,"{'stop': 78, 'breakeven': 66, 'target': 37}"
sweep,1.0,24,atr,3.0,0.5,1.0,-0.5179860687680133,-0.3500599771719288,-0.04640506184745519,-0.1325631745232725,160,0.23125,0.8852168844625065,-0.0003968876285018681,18.0375,"{'stop': 83, 'breakeven': 39, 'target': 35, 'max_hold': 3}"
sweep,1.0,24,atr,3.0,1.0,,0.2687116504701513,0.28340819469114414,0.02272157516232709,-0.08017261175912316,124,0.3387096774193548,1.072201153819573,0.0003259859482847999,30.153225806451612,"{'stop': 79, 'target': 31, 'max_hold': 14}"
sweep,1.0,24,atr,3.0,1.0,0.5,-0.3431045503893534,-0.25742544374052906,-0.03636371857329368,-0.14125922459299067,153,0.19607843137254902,0.9110012073354758,-0.00030863202283791226,20.758169934640524,"{'breakeven': 62, 'stop': 61, 'target': 28, 'max_hold': 2}"
sweep,1.0,24,atr,3.0,1.0,1.0,-0.3447185395490196,-0.297535581855706,-0.0372637757179467,-0.12524140973504905,137,0.25547445255474455,0.91285164756315,-0.00035349438657937126,25.401459854014597,"{'stop': 73, 'breakeven': 28, 'target': 27, 'max_hold': 9}"
sweep,1.0,24,atr,3.0,1.5,,-0.10015656474603486,-0.1814336087645106,-0.016766247068289886,-0.09240981967156603,112,0.3482142857142857,0.9732311188639506,-0.00014185601997799953,38.455357142857146,"{'stop': 66, 'target': 25, 'max_hold': 21}"
sweep,1.0,24,atr,3.0,1.5,0.5,-0.26969011245663665,-0.3611368641754979,-0.03414158801950029,-0.09453919387999354,134,0.21641791044776118,0.9253710992087365,-0.0003145236222641492,29.32089552238806,"{'stop': 53, 'breakeven': 51, 'target': 24, 'max_hold': 6}"
sweep,1.0,24,atr,3.0,1.5,1.0,-0.3873072974935125,-0.38773674559778326,-0.04624698651543668,-0.11927419064741096,121,0.2809917355371901,0.8979417402997907,-0.000499555145246152,34.611570247933884,"{'stop': 63, 'target': 23, 'breakeven': 20, 'max_hold': 15}"
sweep,1.0,24,atr,3.0,2.0,,-0.7942882227854274,-0.5101637222832838,-0.08941898591023922,-0.17527507740071457,103,0.3300970873786408,0.7909620678961057,-0.0012378836161636739,49.00970873786408,"{'stop': 60, 'max_hold': 27, 'target': 16}"
sweep,1.0,24,atr,3.0,2.0,0.5,-0.8256837465092679,-0.5245974652494801,-0.08280528247766861,-0.1578453728103496,122,0.21311475409836064,0.7718308808017312,-0.0009700922655459981,38.18852459016394,"{'breakeven': 52, 'stop': 43, 'max_hold': 14, 'target': 13}"
sweep,1.0,24,atr,3.0,2.0,1.0,-0.9760091696615909,-0.5840339490897123,-0.1017014455858849,-0.17413618804934017,112,0.26785714285714285,0.7446950284213611,-0.0013216358257535684,44.107142857142854,"{'stop': 54, 'breakeven': 24, 'max_hold': 20, 'target': 14}"
sweep,1.0,24,atr,3.0,3.0,,0.04842100285850049,-0.010728477673204588,-0.0012030603130981365,-0.11213709435243513,92,0.42391304347826086,1.0149766292418814,8.952498487857219e-05,61.76086956521739,"{'stop': 42, 'max_hold': 37, 'target': 13}"
sweep,1.0,24,atr,3.0,3.0,0.5,-0.6397722900403247,-0.5249745074250932,-0.07221705896014585,-0.1375629824662491,106,0.27358490566037735,0.8116370110554477,-0.0009460517042817776,50.81132075471698,"{'breakeven': 37, 'stop': 37, 'max_hold': 21, 'target': 11}"
sweep,1.0,24,atr,3.0,3.0,1.0,0.30862962112003,0.2871711189768712,0.02971809368512557,-0.10348566315096286,96,0.40625,1.102276894472767,0.0005461730875113441,57.989583333333336,"{'stop': 39, 'max_hold': 31, 'breakeven': 13, 'target': 13}"
sweep,1.0,24,atr,4.0,0.5,,0.041726283690128756,-0.008208932857100113,-0.0007454116811265177,-0.09080494311532739,140,0.29285714285714287,1.01093278771523,4.496285008603953e-05,25.614285714285714,"{'stop': 96, 'target': 30, 'max_hold': 14}"
sweep,1.0,24,atr,4.0,0.5,0.5,-0.6063498437682197,-0.4112096222368385,-0.05795598262742485,-0.14094023946269618,180,0.16666666666666666,0.855449493999493,-0.00044731923306467406,15.783333333333333,"{'stop': 76, 'breakeven': 74, 'target': 29, 'max_hold': 1}"
sweep,1.0,24,atr,4.0,0.5,1.0,-0.3883037247025807,-0.3426927780962481,-0.03961271117334331,-0.11559248897336771,158,0.20253164556962025,0.9054934111889875,-0.00033063044898265585,20.126582278481013,"{'stop': 81, 'breakeven': 44, 'target': 29, 'max_hold': 4}"
sweep,1.0,24,atr,4.0,1.0,,0.13834733115238815,0.10038419503011634,0.009195147043508767,-0.09159954951822968,122,0.3114754098360656,1.0383898415654895,0.00018104916404787426,35.032786885245905,"{'stop': 80, 'target': 23, 'max_hold': 19}"
sweep,1.0,24,atr,4.0,1.0,0.5,-0.06789731256859526,-0.10923777768600391,-0.012376157763446805,-0.11329558350245073,152,0.17105263157894737,0.9813776234280639,-6.51467314070751e-05,23.94736842105263,"{'breakeven': 66, 'stop': 60, 'target': 22, 'max_hold': 4}"
sweep,1.0,24,atr,4.0,1.0,1.0,-0.24228129419727618,-0.2710903264595421,-0.029225989150002407,-0.10780904479955367,136,0.22794117647058823,0.9370698362018762,-0.00025812653037955637,29.183823529411764,"{'stop': 72, 'breakeven': 32, 'target': 20, 'max_hold': 12}"
sweep,1.0,24,atr,4.0,1.5,,-0.6644528496764625,-0.5395883079582668,-0.07818399063605408,-0.14489563521472937,106,0.3018867924528302,0.8159504179770564,-0.0010344818426259025,45.886792452830186,"{'stop': 67, 'max_hold': 25, 'target': 14}"
sweep,1.0,24,atr,4.0,1.5,0.5,-0.8289001075435898,-0.5707239355195316,-0.08739875542265207,-0.15313665676750132,129,0.17829457364341086,0.7620871386113269,-0.0009719589988458494,34.248062015503876,"{'breakeven': 57, 'stop': 48, 'max_hold': 12, 'target': 12}"
sweep,1.0,24,atr,4.0,1.5,1.0,-0.8812592881318452,-0.5837180124971224,-0.09664987665791713,-0.1655763135429945,118,0.2288135593220339,0.7551181930662912,-0.001183561707755603,39.53389830508475,"{'stop': 59, 'breakeven': 28, 'max_hold': 18, 'target': 13}"
sweep,1.0,24,atr,4.0,2.0,,-0.847571360409252,-0.5984898931067028,-0.09929070672412721,-0.16590206094996662,102,0.3235294117647059,0.7630676177223209,-0.0014035448838353164,52.18627450980392,"{'stop': 59, 'max_hold': 33, 'target': 10}"
sweep,1.0,24,atr,4.0,2.0,0.5,-0.8693759461547549,-0.6217018119297208,-0.09053007840343053,-0.14561655872037949,121,0.2066115702479339,0.7559632930752364,-0.001073889265251272,39.71900826446281,"{'breakeven': 51, 'stop': 44, 'max_hold': 16, 'target': 10}"
sweep,1.0,24,atr,4.0,2.0,1.0,-1.0015548205066847,-0.6378575708502406,-0.10814850924585884,-0.16954962077458902,112,0.25892857142857145,0.7318637777575633,-0.0014090390726134842,45.901785714285715,"{'stop': 54, 'breakeven': 25, 'max_hold': 23, 'target': 10}"
sweep,1.0,24,atr,4.0,3.0,,-0.060154873325193745,-0.09847493998163369,-0.015962673739850608,-0.16209884202851776,92,0.40217391304347827,0.9781907031935524,-0.0001330240750132349,65.02173913043478,"{'max_hold': 43, 'stop': 42, 'target': 7}"
sweep,1.0,24,atr,4.0,3.0,0.5,-0.6354031459416657,-0.44216136926151245,-0.07791203292272708,-0.17620723640523805,106,0.25471698113207547,0.7998072040037532,-0.0010173314140295956,52.764150943396224,"{'breakeven': 39, 'stop': 37, 'max_hold': 23, 'target': 7}"
sweep,1.0,24,atr,4.0,3.0,1.0,0.20176510906758402,0.12300933367724368,0.01795876714773814,-0.14599515834187837,96,0.3854166666666667,1.0710670042387673,0.0003841584366687831,60.6875,"{'stop': 39, 'max_hold': 35, 'breakeven': 15, 'target': 7}"
sweep,1.0,24,atr,5.0,0.5,,0.02179538653130996,-0.037029389143506314,-0.0031715846114158674,-0.0856504707416178,137,0.2773722627737226,1.0061884177200913,2.6063361913717956e-05,29.080291970802918,"{'stop': 95, 'target': 23, 'max_hold': 19}"
sweep,1.0,24,atr,5.0,0.5,0.5,-0.260516822014063,-0.2667152630922351,-0.0316175711144594,-0.11854428857161226,178,0.15168539325842698,0.9300649947652272,-0.0002187362200734647,17.971910112359552,"{'breakeven': 76, 'stop': 75, 'target': 24, 'max_hold': 3}"
sweep,1.0,24,atr,5.0,0.5,1.0,-0.11346156774540277,-0.1759825419784553,-0.017060724519610382,-0.09694555112005965,156,0.1794871794871795,0.9695049716060901,-0.00010835069119969219,22.884615384615383,"{'stop': 80, 'breakeven': 47, 'target': 23, 'max_hold': 6}"
sweep,1.0,24,atr,5.0,1.0,,-0.3987977687040547,-0.4532358818062899,-0.04926001815028702,-0.1086851684248169,119,0.2773109243697479,0.8902287218714164,-0.0005423648733126337,39.1764705882353,"{'stop': 82, 'max_hold': 22, 'target': 15}"
sweep,1.0,24,atr,5.0,1.0,0.5,-0.6879825576700132,-0.510947425241847,-0.0709961468855359,-0.1389500042043098,149,0.1476510067114094,0.8062410340380788,-0.0006688816908765146,26.651006711409394,"{'breakeven': 70, 'stop': 57, 'target': 13, 'max_hold': 9}"
sweep,1.0,24,atr,5.0,1.0,1.0,-0.7261630357723996,-0.5516645038502248,-0.07592492308092069,-0.13762879893670676,134,0.19402985074626866,0.8053977208741918,-0.0007982996272624775,32.149253731343286,"{'stop': 70, 'breakeven': 37, 'max_hold': 14, 'target': 13}"
sweep,1.0,24,atr,5.0,1.5,,-0.9924046065394598,-0.6073864679809567,-0.11102910808879396,-0.1827981259738487,105,0.2857142857142857,0.7280918686605246,-0.0015511038506292377,48.77142857142857,"{'stop': 66, 'max_hold': 30, 'target': 9}"
sweep,1.0,24,atr,5.0,1.5,0.5,-1.2505762659462203,-0.6427798937676276,-0.11995068432762834,-0.18661237772162165,128,0.1640625,0.6631313807012682,-0.0013973367113441393,35.640625,"{'breakeven': 58, 'stop': 48, 'max_hold': 13, 'target': 9}"
sweep,1.0,24,atr,5.0,1.5,1.0,-1.184613313757567,-0.6446186397590478,-0.12248770851447455,-0.190015772054403,117,0.21367521367521367,0.6795177931962545,-0.0015574313647410715,41.427350427350426,"{'stop': 58, 'breakeven': 30, 'max_hold': 20, 'target': 9}"
sweep,1.0,24,atr,5.0,2.0,,-0.7200386286567189,-0.558256420566007,-0.09314263280312285,-0.1668456096012063,102,0.3137254901960784,0.7836683026021495,-0.0012952781908148524,53.88235294117647,"{'stop': 59, 'max_hold': 36, 'target': 7}"
sweep,1.0,24,atr,5.0,2.0,0.5,-0.709663936278257,-0.5632451000259356,-0.08170269748050951,-0.14505709410831513,121,0.19834710743801653,0.7852517342982709,-0.0009477147776446251,41.17355371900826,"{'breakeven': 52, 'stop': 44, 'max_hold': 18, 'target': 7}"
sweep,1.0,24,atr,5.0,2.0,1.0,-0.8156358369000033,-0.626695371972197,-0.0969598349523173,-0.15471605390540344,112,0.25,0.7653845787600774,-0.0012360879709902603,47.42857142857143,"{'stop': 54, 'breakeven': 26, 'max_hold': 25, 'target': 7}"
sweep,1.0,24,atr,5.0,3.0,,0.06565744964755976,-0.0002418813207347433,-3.4908626321716874e-05,-0.14432129862561427,92,0.40217391304347827,1.0212515205927934,0.00012962196326500694,65.6413043478261,"{'max_hold': 45, 'stop': 42, 'target': 5}"
sweep,1.0,24,atr,5.0,3.0,0.5,-0.5153026650219834,-0.412804725840193,-0.06686881617044826,-0.16198655680200436,106,0.25471698113207547,0.8329649156564586,-0.0008488319357453487,53.301886792452834,"{'breakeven': 39, 'stop': 37, 'max_hold': 25, 'target': 5}"
sweep,1.0,24,atr,5.0,3.0,1.0,0.32004965541983826,0.2692890275606842,0.034435589424395285,-0.12787594703105842,96,0.3854166666666667,1.1176304468491762,0.000635860890018765,61.28125,"{'stop': 39, 'max_hold': 37, 'breakeven': 15, 'target': 5}"
sweep,1.0,48,h4_level,,0.5,,-0.3557656723869377,-0.28587855732607925,-0.038190144486842215,-0.13358869879590762,137,0.30656934306569344,0.9129804687297295,-0.00036297310997773156,25.773722627737225,"{'stop': 95, 'target': 39, 'max_hold': 3}"
sweep,1.0,48,h4_level,,0.5,0.5,-0.140315050278387,-0.13007665534630733,-0.018288574701721627,-0.1405984390744931,182,0.21978021978021978,0.9635998404185226,-0.00010887085499395368,14.967032967032967,"{'stop': 78, 'breakeven': 64, 'target': 39, 'max_hold': 1}"
sweep,1.0,48,h4_level,,0.5,1.0,-0.04519021410155046,-0.06861359650715253,-0.009289763444257582,-0.13539245743063744,158,0.25316455696202533,0.9881836546298476,-4.0349300922597675e-05,19.556962025316455,"{'stop': 83, 'target': 39, 'breakeven': 35, 'max_hold': 1}"
sweep,1.0,48,h4_level,,1.0,,-0.21437228920770987,-0.19083685846809773,-0.02625138363136803,-0.13755929458331806,122,0.3524590163934426,0.9432367758558429,-0.00025872556881763385,31.07377049180328,"{'stop': 77, 'target': 42, 'max_hold': 3}"
sweep,1.0,48,h4_level,,1.0,0.5,0.11283211040778342,0.045303957498520696,0.006406638132483433,-0.1414145360853437,156,0.26282051282051283,1.0322508615389694,0.0001062656739667709,19.641025641025642,"{'stop': 61, 'breakeven': 53, 'target': 41, 'max_hold': 1}"
sweep,1.0,48,h4_level,,1.0,1.0,0.09742365809187505,0.03728618592697912,0.004815232505656297,-0.12914253324505753,131,0.31297709923664124,1.027398233058323,0.0001067507727102244,26.801526717557252,"{'stop': 68, 'target': 40, 'breakeven': 21, 'max_hold': 2}"
sweep,1.0,48,h4_level,,1.5,,-0.3147145936782199,-0.2702032296461051,-0.03852598333688684,-0.1425815057330947,113,0.3893805309734513,0.9152132068057011,-0.0004370700580183396,35.283185840707965,"{'stop': 65, 'target': 44, 'max_hold': 4}"
sweep,1.0,48,h4_level,,1.5,0.5,0.0436926083171032,-0.006965870711040669,-0.0009133150951179392,-0.131112840447981,137,0.29927007299270075,1.0124568163062488,4.832436823466137e-05,25.759124087591243,"{'stop': 53, 'target': 42, 'breakeven': 41, 'max_hold': 1}"
sweep,1.0,48,h4_level,,1.5,1.0,-0.1894172415526243,-0.18403810935264658,-0.02497488585082741,-0.13570496859958237,119,0.35294117647058826,0.9470937405310849,-0.0002460662531069045,32.680672268907564,"{'stop': 61, 'target': 43, 'breakeven': 14, 'max_hold': 1}"
sweep,1.0,48,h4_level,,2.0,,-0.12891100971656327,-0.16357970034584518,-0.019471648501461103,-0.11903462630322437,107,0.42990654205607476,0.9629856843354963,-0.00019275182773209246,40.66355140186916,"{'stop': 54, 'target': 48, 'max_hold': 5}"
sweep,1.0,48,h4_level,,2.0,0.5,0.1670984466914924,0.13123002675239848,0.012133916065780959,-0.09246295505734314,127,0.33070866141732286,1.050669106557323,0.00019899954199079225,31.015748031496063,"{'stop': 44, 'target': 43, 'breakeven': 39, 'max_hold': 1}"
sweep,1.0,48,h4_level,,2.0,1.0,-0.06367315027389718,-0.1102256208888219,-0.012208421286027504,-0.11075847146591644,112,0.38392857142857145,0.9811296119938786,-8.999318489132225e-05,38.026785714285715,"{'stop': 50, 'target': 47, 'breakeven': 14, 'max_hold': 1}"
sweep,1.0,48,h4_level,,3.0,,0.3010870668182732,0.27475995481870547,0.028252066882872073,-0.10282454334189128,94,0.5106382978723404,1.0949046799251723,0.0005252615591855672,52.297872340425535,"{'target': 49, 'stop': 39, 'max_hold': 6}"
sweep,1.0,48,h4_level,,3.0,0.5,0.27863361236515083,0.30540934742302306,0.02475066072814247,-0.08104094041974519,106,0.4056603773584906,1.0904772677918249,0.00041501052944983277,43.0377358490566,"{'target': 47, 'stop': 34, 'breakeven': 24, 'max_hold': 1}"
sweep,1.0,48,h4_level,,3.0,1.0,0.2751375628503552,0.22577683822154057,0.025022190932273647,-0.11082709426429715,95,0.47368421052631576,1.087262669070582,0.0004706578584431917,51.136842105263156,"{'target': 48, 'stop': 38, 'breakeven': 7, 'max_hold': 2}"
sweep,1.0,48,atr,2.0,0.5,,-0.524750983571221,-0.3828862023513615,-0.04402390982522908,-0.11497909706558151,143,0.3356643356643357,0.8915924657199311,-0.00042225595015179824,19.902097902097903,"{'stop': 95, 'target': 48}"
sweep,1.0,48,atr,2.0,0.5,0.5,-1.4790396317057737,-0.5998553072161138,-0.10029998921513616,-0.16720697142886232,183,0.25136612021857924,0.72262478414542,-0.0008186062871679098,11.726775956284152,"{'stop': 80, 'breakeven': 57, 'target': 46}"
sweep,1.0,48,atr,2.0,0.5,1.0,-1.2502857400279563,-0.5691491545331513,-0.08836246940827108,-0.155253625002309,159,0.27044025157232704,0.7581637431664398,-0.0008196575364831253,16.09433962264151,"{'stop': 84, 'target': 43, 'breakeven': 32}"
sweep,1.0,48,atr,2.0,1.0,,-0.24823457400278975,-0.23668788180975942,-0.02600694084970112,-0.10987863278359344,121,0.34710743801652894,0.9440033475369078,-0.0002640340704467357,30.84297520661157,"{'stop': 79, 'target': 41, 'max_hold': 1}"
sweep,1.0,48,atr,2.0,1.0,0.5,-0.7268589204125072,-0.38574774080413465,-0.06030672495308309,-0.15633720842374066,154,0.24025974025974026,0.8386472485038226,-0.0005543656678608006,18.155844155844157,"{'stop': 62, 'breakeven': 55, 'target': 37}"
sweep,1.0,48,atr,2.0,1.0,1.0,-0.8653061348901746,-0.43445942930216236,-0.07219072155726924,-0.1661621700171716,132,0.2727272727272727,0.8093199945959023,-0.0007849415877099398,25.674242424242426,"{'stop': 70, 'target': 35, 'breakeven': 26, 'max_hold': 1}"
sweep,1.0,48,atr,2.0,1.5,,-0.34496437607272035,-0.2909700323500058,-0.0387955622979419,-0.13333181422365514,106,0.3490566037735849,0.9162022660863169,-0.00047097830412533406,39.75471698113208,"{'stop': 68, 'target': 35, 'max_hold': 3}"
sweep,1.0,48,atr,2.0,1.5,0.5,-0.8226174603000656,-0.4564056249706673,-0.07683009214048586,-0.16833730334814268,134,0.23880597014925373,0.8038190965159089,-0.0008204305933814127,26.28358208955224,"{'stop': 54, 'breakeven': 48, 'target': 31, 'max_hold': 1}"
sweep,1.0,48,atr,2.0,1.5,1.0,-0.745708935714539,-0.43420706734829645,-0.07338364961253674,-0.16900611512541897,115,0.2956521739130435,0.821801713047657,-0.0009043966250475578,35.51304347826087,"{'stop': 63, 'target': 32, 'breakeven': 18, 'max_hold': 2}"
sweep,1.0,48,atr,2.0,2.0,,0.08291993421940641,0.03273189405512565,0.003152658911089956,-0.096317643756893,97,0.3917525773195876,1.0233941650127516,0.00013807268317709792,50.175257731958766,"{'stop': 58, 'target': 33, 'max_hold': 6}"
sweep,1.0,48,atr,2.0,2.0,0.5,0.08718338993480523,0.038428552240506876,0.003705633517429474,-0.09642917313766064,121,0.256198347107438,1.025781320142586,0.00010997284627163462,33.35537190082645,"{'stop': 45, 'breakeven': 45, 'target': 30, 'max_hold': 1}"
sweep,1.0,48,atr,2.0,2.0,1.0,-0.13654653625712357,-0.18667958321816588,-0.02047835546562815,-0.10969788507453337,105,0.3238095238095238,0.9625198535467304,-0.0002051410191559736,44.50476190476191,"{'stop': 55, 'target': 31, 'breakeven': 16, 'max_hold': 3}"
sweep,1.0,48,atr,2.0,3.0,,0.09929208248258418,0.039500003283509125,0.004756000407993843,-0.12040506361120806,74,0.4189189189189189,1.0320813980831374,0.00022265096020670103,83.89189189189189,"{'stop': 39, 'target': 20, 'max_hold': 15}"
sweep,1.0,48,atr,2.0,3.0,0.5,-0.3189989256313373,-0.29251359662160586,-0.041160175151512934,-0.14071200664479722,94,0.22340425531914893,0.8861393701903693,-0.0005643926183445129,59.765957446808514,"{'breakeven': 42, 'stop': 31, 'target': 18, 'max_hold': 3}"
sweep,1.0,48,atr,2.0,3.0,1.0,0.20781316528641236,0.16248129888965632,0.018055986143885816,-0.11112654974618297,80,0.3375,1.0731974743305435,0.00044179711745656185,77.7875,"{'stop': 35, 'target': 20, 'breakeven': 17, 'max_hold': 8}"
sweep,1.0,48,atr,3.0,0.5,,0.1360989235285534,0.10795710400020068,0.00856581356041164,-0.0793446030230277,139,0.2949640287769784,1.0332192208902395,0.00014153808550310262,25.1294964028777,"{'stop': 98, 'target': 41}"
sweep,1.0,48,atr,3.0,0.5,0.5,-0.6158301410184757,-0.4069805359863333,-0.055154432174349455,-0.1355210564079693,181,0.20441988950276244,0.8605190420800602,-0.00042590231424470976,13.955801104972375,"{'stop': 78, 'breakeven': 66, 'target': 37}"
sweep,1.0,48,atr,3.0,0.5,1.0,-0.38647224026028204,-0.28175754642308376,-0.03624343405720998,-0.12863341023983532,157,0.22929936305732485,0.9124694191337048,-0.0003053225718362196,18.50955414012739,"{'stop': 83, 'breakeven': 38, 'target': 36}"
sweep,1.0,48,atr,3.0,1.0,,0.5445886794349412,0.714723704436076,0.055190196718445605,-0.07721892582531764,117,0.3247863247863248,1.1526988617054625,0.0007452660250630423,35.58119658119658,"{'stop': 79, 'target': 35, 'max_hold': 3}"
sweep,1.0,48,atr,3.0,1.0,0.5,-0.2575079698558186,-0.19978629044447063,-0.028834778416608753,-0.14432811356804887,153,0.1895424836601307,0.9328865269326176,-0.00023345952279814287,20.88888888888889,"{'breakeven': 63, 'stop': 61, 'target': 29}"
sweep,1.0,48,atr,3.0,1.0,1.0,-0.251737535983484,-0.2135896559028351,-0.028511108752370173,-0.1334854379153093,130,0.23846153846153847,0.9357954686145029,-0.00026914673914946435,28.776923076923076,"{'stop': 70, 'target': 29, 'breakeven': 29, 'max_hold': 2}"
sweep,1.0,48,atr,3.0,1.5,,0.09059335554334365,0.05079575814221338,0.003907382269803916,-0.07692339700619055,97,0.32989690721649484,1.0268149240678777,0.0001547553628612784,51.896907216494846,"{'stop': 63, 'target': 26, 'max_hold': 8}"
sweep,1.0,48,atr,3.0,1.5,0.5,-0.27169822044392494,-0.3463833185195132,-0.033593444812716644,-0.0969834371825391,131,0.1984732824427481,0.9247980732221227,-0.00031647079141703695,31.389312977099237,"{'breakeven': 53, 'stop': 52, 'target': 25, 'max_hold': 1}"
sweep,1.0,48,atr,3.0,1.5,1.0,-0.2594048688506058,-0.28191836516155205,-0.033345381528425144,-0.11828027418262277,111,0.25225225225225223,0.9281329085858142,-0.0003671243130500408,42.78378378378378,"{'stop': 60, 'target': 25, 'breakeven': 23, 'max_hold': 3}"
sweep,1.0,48,atr,3.0,2.0,,0.09157295491235251,0.040744480861927015,0.0037390979655753664,-0.09176943444797458,87,0.3333333333333333,1.0291016231804662,0.00018861360306955143,66.59770114942529,"{'stop': 56, 'target': 21, 'max_hold': 10}"
sweep,1.0,48,atr,3.0,2.0,0.5,-0.15687226905358406,-0.24148765195331154,-0.02401547702756479,-0.09944805389969946,111,0.17117117117117117,0.9430189110910955,-0.00024257991375668372,44.927927927927925,"{'breakeven': 54, 'stop': 38, 'target': 17, 'max_hold': 2}"
sweep,1.0,48,atr,3.0,2.0,1.0,-0.384827583564002,-0.38592351474951114,-0.050949841112900573,-0.1320205666813805,97,0.21649484536082475,0.8728772214284585,-0.0006922239921406095,56.71134020618557,"{'stop': 48, 'breakeven': 28, 'target': 17, 'max_hold': 4}"
sweep,1.0,48,atr,3.0,3.0,,0.33499141888291584,0.4544765449640081,0.03748350666324174,-0.08247621814280914,72,0.3888888888888889,1.1242768600067656,0.0009058719072518794,89.05555555555556,"{'stop': 41, 'max_hold': 16, 'target': 15}"
sweep,1.0,48,atr,3.0,3.0,0.5,0.030900027476461842,-0.03963119429776198,-0.0035655363742106427,-0.08996792646271556,91,0.2087912087912088,1.009611383861694,4.825852478571657e-05,64.57142857142857,"{'breakeven': 41, 'stop': 31, 'target': 12, 'max_hold': 7}"
sweep,1.0,48,atr,3.0,3.0,1.0,0.47093367578414796,0.5629552846206939,0.055294642034343644,-0.09822208538569788,77,0.3116883116883117,1.1836019471141719,0.0011633401607452829,83.66233766233766,"{'stop': 36, 'breakeven': 17, 'target': 15, 'max_hold': 9}"
sweep,1.0,48,atr,4.0,0.5,,0.49171097716239703,0.6278576448189145,0.04833325676405664,-0.07698123477973551,132,0.2727272727272727,1.1342118772238337,0.0005885125595732207,29.613636363636363,"{'stop': 96, 'target': 34, 'max_hold': 2}"
sweep,1.0,48,atr,4.0,0.5,0.5,-0.6303782781799161,-0.418548314156293,-0.060275255058985344,-0.14401026839753928,180,0.16111111111111112,0.8494660727943857,-0.0004672115826447407,15.794444444444444,"{'stop': 76, 'breakeven': 75, 'target': 29}"
sweep,1.0,48,atr,4.0,0.5,1.0,-0.306707073320831,-0.2639131999077226,-0.0321689441296229,-0.1218921377970893,155,0.1935483870967742,0.9255859000836283,-0.00026348207992695096,20.883870967741935,"{'stop': 81, 'breakeven': 44, 'target': 29, 'max_hold': 1}"
sweep,1.0,48,atr,4.0,1.0,,0.43604982734552217,0.5956365782122373,0.04546235359650175,-0.07632565772396638,107,0.2897196261682243,1.1360866624041936,0.0007004240802473158,46.66355140186916,"{'stop': 75, 'target': 25, 'max_hold': 7}"
sweep,1.0,48,atr,4.0,1.0,0.5,-0.020510549731686877,-0.07100057348742234,-0.007642173025937171,-0.1076353704000852,151,0.15894039735099338,0.9947269490387202,-1.8481415447605274e-05,24.973509933774835,"{'breakeven': 67, 'stop': 60, 'target': 24}"
sweep,1.0,48,atr,4.0,1.0,1.0,-0.011350797380333792,-0.06429070301152748,-0.0065443495054221534,-0.10179309291809635,123,0.2032520325203252,0.9977619916627285,-9.487865438714972e-06,35.31707317073171,"{'stop': 65, 'breakeven': 33, 'target': 22, 'max_hold': 3}"
sweep,1.0,48,atr,4.0,1.5,,0.2890486447420676,0.39230196248162097,0.028070267538778282,-0.07155270741245234,86,0.313953488372093,1.0999655176374585,0.0005820851533270522,61.94186046511628,"{'stop': 57, 'target': 18, 'max_hold': 11}"
sweep,1.0,48,atr,4.0,1.5,0.5,0.06754497524666599,0.01192366939750164,0.0010834980871163857,-0.09086951767913076,116,0.16379310344827586,1.023087963156903,9.629098806184124e-05,39.810344827586206,"{'breakeven': 53, 'stop': 44, 'target': 17, 'max_hold': 2}"
sweep,1.0,48,atr,4.0,1.5,1.0,-0.12000544866287582,-0.18742688638861432,-0.020688511284332578,-0.1103817690351887,101,0.2079207920792079,0.9588293021034737,-0.00020828455957555688,50.54455445544554,"{'stop': 53, 'breakeven': 27, 'target': 16, 'max_hold': 5}"
sweep,1.0,48,atr,4.0,2.0,,0.09815980400860587,0.0527556097504287,0.004393667408858493,-0.08328341629721736,80,0.325,1.0326422947090153,0.0002152074190210459,75.55,"{'stop': 52, 'max_hold': 14, 'target': 14}"
sweep,1.0,48,atr,4.0,2.0,0.5,-0.010133110456421261,-0.0886312561631051,-0.008439158081682052,-0.0952165008939031,107,0.16822429906542055,0.9939773475411016,-2.6655424329548642e-05,49.25233644859813,"{'breakeven': 51, 'stop': 38, 'target': 11, 'max_hold': 7}"
sweep,1.0,48,atr,4.0,2.0,1.0,-0.2468764514650516,-0.35193064449367056,-0.037533852202509044,-0.10665127572652766,93,0.21505376344086022,0.9122811174346206,-0.0004934020828969606,62.25806451612903,"{'stop': 47, 'breakeven': 26, 'target': 12, 'max_hold': 8}"
sweep,1.0,48,atr,4.0,3.0,,0.04845311652516948,-0.0193905289326718,-0.0025237382803841024,-0.13015314276093648,68,0.3382352941176471,1.0168970908275459,0.0001336755728169261,99.16176470588235,"{'stop': 42, 'max_hold': 17, 'target': 9}"
sweep,1.0,48,atr,4.0,3.0,0.5,0.17502421668218868,0.11701385789786131,0.0149533912099864,-0.12779162638188435,89,0.1797752808988764,1.0729921807458214,0.0003758466967234248,68.89887640449439,"{'breakeven': 42, 'stop': 31, 'target': 9, 'max_hold': 7}"
sweep,1.0,48,atr,4.0,3.0,1.0,0.48243102611158123,0.5454090195853634,0.06215631868026472,-0.11396276271250128,74,0.2702702702702703,1.206989241830953,0.0013685132437126816,92.17567567567568,"{'stop': 36, 'breakeven': 18, 'target': 11, 'max_hold': 9}"
sweep,1.0,48,atr,5.0,0.5,,0.08775310346455828,0.04251981544222193,0.003621257188391569,-0.08516634305039061,121,0.2396694214876033,1.0261396705195793,0.00012095360172104986,37.59504132231405,"{'stop': 91, 'target': 23, 'max_hold': 7}"
sweep,1.0,48,atr,5.0,0.5,0.5,-0.37187860975753034,-0.35862754949985926,-0.04251324771764131,-0.11854428857161181,177,0.14124293785310735,0.8996522065780463,-0.0003142114552321759,18.51412429378531,"{'breakeven': 77, 'stop': 75, 'target': 25}"
sweep,1.0,48,atr,5.0,0.5,1.0,-0.09241059228027233,-0.15286604299881373,-0.014819682786062716,-0.09694555112005954,152,0.16447368421052633,0.9751867039589464,-8.916168058212434e-05,24.513157894736842,"{'stop': 79, 'breakeven': 48, 'target': 24, 'max_hold': 1}"
sweep,1.0,48,atr,5.0,1.0,,0.40455850688743544,0.6072339020911692,0.042751570427304486,-0.0704037937935913,95,0.2736842105263158,1.144513839128342,0.0007485571055862756,55.82105263157895,"{'stop': 68, 'target': 16, 'max_hold': 11}"
sweep,1.0,48,atr,5.0,1.0,0.5,-0.12730175887728906,-0.16438924536416913,-0.019760138207248423,-0.12020335128051762,138,0.13043478260869565,0.957732630251968,-0.00014825603798435046,30.391304347826086,"{'breakeven': 66, 'stop': 54, 'target': 17, 'max_hold': 1}"
sweep,1.0,48,atr,5.0,1.0,1.0,-0.11861886492621904,-0.17714131827914528,-0.018396480921776925,-0.1038520041540344,113,0.168141592920354,0.9603069949441777,-0.0001653667025047904,40.690265486725664,"{'stop': 58, 'breakeven': 36, 'target': 14, 'max_hold': 5}"
sweep,1.0,48,atr,5.0,1.5,,0.043185963486463856,-0.02659764149951257,-0.0024197114727975144,-0.09097466302949675,83,0.2891566265060241,1.0123809588278303,7.514781149854138e-05,69.24096385542168,"{'stop': 57, 'max_hold': 13, 'target': 13}"
sweep,1.0,48,atr,5.0,1.5,0.5,-0.12202028270941803,-0.1968309297474342,-0.022727239803801313,-0.11546579510122734,115,0.14782608695652175,0.9510749535212476,-0.0002074959480755508,42.96521739130435,"{'breakeven': 54, 'stop': 44, 'target': 12, 'max_hold': 5}"
sweep,1.0,48,atr,5.0,1.5,1.0,-0.2639550340877672,-0.3608954513841558,-0.03979146975997283,-0.11025760953029229,100,0.19,0.9036166044286207,-0.0004962771349020243,54.03,"{'stop': 53, 'breakeven': 28, 'target': 12, 'max_hold': 7}"
sweep,1.0,48,atr,5.0,2.0,,-0.07463277045562733,-0.18916416860703536,-0.018065537677755206,-0.09550190086624744,79,0.2911392405063291,0.9726531951024969,-0.00018750413266389255,80.0886075949367,"{'stop': 54, 'max_hold': 15, 'target': 10}"
sweep,1.0,48,atr,5.0,2.0,0.5,0.15287575012829466,0.11424265811549277,0.011726733470700745,-0.10264758947437735,106,0.1509433962264151,1.0597578519258675,0.0002635917052964795,51.75471698113208,"{'breakeven': 52, 'stop': 38, 'target': 9, 'max_hold': 7}"
sweep,1.0,48,atr,5.0,2.0,1.0,-0.02159971923231422,-0.12118627464566283,-0.011916986063214341,-0.09833610363928158,92,0.1956521739130435,0.9887167082186766,-6.351202646517913e-05,66.05434782608695,"{'stop': 47, 'breakeven': 27, 'target': 10, 'max_hold': 8}"
sweep,1.0,48,atr,5.0,3.0,,0.2999438982031475,0.3135704669855109,0.03397701192724978,-0.10835526780913252,68,0.3382352941176471,1.118567292747548,0.0009341543817954814,99.88235294117646,"{'stop': 42, 'max_hold': 18, 'target': 8}"
sweep,1.0,48,atr,5.0,3.0,0.5,0.3851198854820039,0.4353186277374055,0.04542801130622265,-0.10435577163866716,89,0.1797752808988764,1.1710934405198146,0.000880983466905108,70.74157303370787,"{'breakeven': 42, 'stop': 31, 'max_hold': 8, 'target': 8}"
sweep,1.0,48,atr,5.0,3.0,1.0,0.7607566158257637,1.1376277528552723,0.10973702272753316,-0.09646127430709206,74,0.2702702702702703,1.3442192298006643,0.0022655401095660567,94.63513513513513,"{'stop': 36, 'breakeven': 18, 'max_hold': 11, 'target': 9}"
sweep,1.0,96,h4_level,,0.5,,-0.485902881631304,-0.39813485061897835,-0.05057859811871834,-0.12703886143120613,137,0.291970802919708,0.8831636401786646,-0.0004996830625732543,26.64963503649635,"{'stop': 97, 'target': 40}"
sweep,1.0,96,h4_level,,0.5,0.5,-0.492084925588298,-0.3386279937141967,-0.047610567343143395,-0.14059843907449332,182,0.21428571428571427,0.8812478642342098,-0.00035596529710420655,15.368131868131869,"{'stop': 78, 'breakeven': 65, 'target': 39}"
sweep,1.0,96,h4_level,,0.5,1.0,-0.3842360153259355,-0.2871691339349486,-0.03888053474168052,-0.13539245743063733,158,0.2468354430379747,0.9050415890261123,-0.00032497707601162316,20.018987341772153,"{'stop': 83, 'target': 39, 'breakeven': 36}"
sweep,1.0,96,h4_level,,1.0,,-0.351596249793382,-0.30485850554857796,-0.03994849816859558,-0.13103947385922599,122,0.3360655737704918,0.9090894243186483,-0.0004264404668475469,32.0655737704918,"{'stop': 79, 'target': 43}"
sweep,1.0,96,h4_level,,1.0,0.5,-0.20204601593919522,-0.16725972953000826,-0.02365295705724635,-0.1414145360853447,156,0.2564102564102564,0.9448897957120818,-0.0001820111751618575,20.108974358974358,"{'stop': 61, 'breakeven': 54, 'target': 41}"
sweep,1.0,96,h4_level,,1.0,1.0,-0.07503109401095992,-0.0981488790691981,-0.012029036720208941,-0.12255908405971794,131,0.3053435114503817,0.9785479897129256,-8.366517337764901e-05,27.564885496183205,"{'stop': 68, 'target': 41, 'breakeven': 22}"
sweep,1.0,96,h4_level,,1.5,,-0.5575332638496542,-0.42679306635689446,-0.0632233313633277,-0.14813579776026364,112,0.36607142857142855,0.8564199251889925,-0.0007773251923185338,36.99107142857143,"{'stop': 68, 'target': 44}"
sweep,1.0,96,h4_level,,1.5,0.5,-0.2646014944908,-0.23456341925500937,-0.030754276163714733,-0.13111284044798022,137,0.291970802919708,0.9280032164323975,-0.0002799324818680104,26.291970802919707,"{'stop': 53, 'target': 42, 'breakeven': 42}"
sweep,1.0,96,h4_level,,1.5,1.0,-0.2757766914752623,-0.24760823048393937,-0.03360166714282109,-0.13570496859958214,119,0.3445378151260504,0.923855060037611,-0.00035507725460628454,33.563025210084035,"{'stop': 61, 'target': 43, 'breakeven': 15}"
sweep,1.0,96,h4_level,,2.0,,-0.5581339800626179,-0.4494188454941378,-0.06489690842654894,-0.1444018404595262,106,0.39622641509433965,0.853463775875872,-0.0008409198632725126,42.66981132075472,"{'stop': 58, 'target': 48}"
sweep,1.0,96,h4_level,,2.0,0.5,-0.04939271971340574,-0.09790141428424592,-0.009980107691573536,-0.10194038323693055,127,0.3228346456692913,0.9853478328401022,-5.760350630114602e-05,31.77952755905512,"{'stop': 44, 'target': 43, 'breakeven': 40}"
sweep,1.0,96,h4_level,,2.0,1.0,-0.14866003988032933,-0.1891336782169667,-0.02094815710203779,-0.11075847146591677,112,0.375,0.9569596956174977,-0.00020581737398441363,38.964285714285715,"{'stop': 50, 'target': 47, 'breakeven': 15}"
sweep,1.0,96,h4_level,,3.0,,-0.1611450180345719,-0.17763869335668442,-0.02516904140961651,-0.14168670650531678,92,0.4673913043478261,0.9530387504550368,-0.00029622796468165783,55.78260869565217,"{'target': 49, 'stop': 43}"
sweep,1.0,96,h4_level,,3.0,0.5,0.07465342728385796,0.023134939611052046,0.002360974840731833,-0.10205234508604233,106,0.39622641509433965,1.0234275099802355,0.00010757102819439736,43.95283018867924,"{'target': 47, 'stop': 34, 'breakeven': 25}"
sweep,1.0,96,h4_level,,3.0,1.0,0.19967352759519333,0.14726609496743936,0.01632107338889144,-0.11082709426429782,94,0.4574468085106383,1.0634540946008708,0.0003468646475289494,52.9468085106383,"{'target': 48, 'stop': 38, 'breakeven': 8}"
sweep,1.0,96,atr,2.0,0.5,,-0.524750983571221,-0.3828862023513615,-0.04402390982522908,-0.11497909706558151,143,0.3356643356643357,0.8915924657199311,-0.00042225595015179824,19.902097902097903,"{'stop': 95, 'target': 48}"
sweep,1.0,96,atr,2.0,0.5,0.5,-1.4790396317057737,-0.5998553072161138,-0.10029998921513616,-0.16720697142886232,183,0.25136612021857924,0.72262478414542,-0.0008186062871679098,11.726775956284152,"{'stop': 80, 'breakeven': 57, 'target': 46}"
sweep,1.0,96,atr,2.0,0.5,1.0,-1.2502857400279563,-0.5691491545331513,-0.08836246940827108,-0.155253625002309,159,0.27044025157232704,0.7581637431664398,-0.0008196575364831253,16.09433962264151,"{'stop': 84, 'target': 43, 'breakeven': 32}"
sweep,1.0,96,atr,2.0,1.0,,-0.1959541646585568,-0.19846698674757945,-0.021807281156503655,-0.10987863278359378,120,0.3416666666666667,0.955272109996999,-0.00021265737134914357,31.241666666666667,"{'stop': 79, 'target': 41}"
sweep,1.0,96,atr,2.0,1.0,0.5,-0.7268589204125072,-0.38574774080413465,-0.06030672495308309,-0.15633720842374066,154,0.24025974025974026,0.8386472485038226,-0.0005543656678608006,18.155844155844157,"{'stop': 62, 'breakeven': 55, 'target': 37}"
sweep,1.0,96,atr,2.0,1.0,1.0,-0.6832188950062501,-0.3593640459868218,-0.05971270970732112,-0.16616217001717204,131,0.2748091603053435,0.8453305626827631,-0.0006408427841281668,26.18320610687023,"{'stop': 70, 'target': 36, 'breakeven': 25}"
sweep,1.0,96,atr,2.0,1.5,,-0.2931982267070719,-0.2536589308699426,-0.03490440549776763,-0.1376036923993187,104,0.33653846153846156,0.927449572481819,-0.0004187344039461631,40.83653846153846,"{'stop': 69, 'target': 35}"
sweep,1.0,96,atr,2.0,1.5,0.5,-0.6794048726477256,-0.4286286172171431,-0.06614744004856266,-0.1543234338342192,133,0.24060150375939848,0.8339632631707644,-0.0006987405685242691,26.706766917293233,"{'stop': 54, 'breakeven': 47, 'target': 32}"
sweep,1.0,96,atr,2.0,1.5,1.0,-0.5303825276942361,-0.3590835253122799,-0.05565920873624941,-0.15500351537388113,113,0.2920353982300885,0.8698455848747172,-0.0006714724552416574,36.34513274336283,"{'stop': 63, 'target': 33, 'breakeven': 17}"
sweep,1.0,96,atr,2.0,2.0,,-0.19777360960491946,-0.22950354466747405,-0.028240374519858835,-0.12304984030105548,92,0.34782608695652173,0.9470181289631814,-0.0003485889974585295,55.05434782608695,"{'stop': 59, 'target': 32, 'max_hold': 1}"
sweep,1.0,96,atr,2.0,2.0,0.5,0.19608755579799086,0.158875379376421,0.015320221465200401,-0.09642917313766053,120,0.25833333333333336,1.0588056983859044,0.00025259931915207754,33.88333333333333,"{'stop': 45, 'breakeven': 44, 'target': 31}"
sweep,1.0,96,atr,2.0,2.0,1.0,-0.052777694418146885,-0.10859874526729561,-0.011913052677570368,-0.10969788507453382,101,0.3069306930693069,0.9853613526436549,-8.252831645314188e-05,47.17821782178218,"{'stop': 54, 'target': 31, 'breakeven': 16}"
sweep,1.0,96,atr,2.0,3.0,,0.452045874075587,0.40078450712235525,0.05343405294990289,-0.13332364899422133,66,0.4090909090909091,1.168031334828617,0.001323810977888876,107.1969696969697,"{'stop': 37, 'target': 24, 'max_hold': 5}"
sweep,1.0,96,atr,2.0,3.0,0.5,0.004081294398745725,-0.05438505509962521,-0.006683509818327549,-0.12289239766484317,91,0.21978021978021978,0.9987102634063411,-6.425757765467549e-06,63.2967032967033,"{'breakeven': 41, 'stop': 30, 'target': 20}"
sweep,1.0,96,atr,2.0,3.0,1.0,0.47492971403399475,0.5162284350907081,0.05534322683193338,-0.107206854698364,74,0.3108108108108108,1.1934360962414257,0.0012049624569932603,90.12162162162163,"{'stop': 33, 'target': 21, 'breakeven': 18, 'max_hold': 2}"
sweep,1.0,96,atr,3.0,0.5,,0.1360989235285534,0.10795710400020068,0.00856581356041164,-0.0793446030230277,139,0.2949640287769784,1.0332192208902395,0.00014153808550310262,25.1294964028777,"{'stop': 98, 'target': 41}"
sweep,1.0,96,atr,3.0,0.5,0.5,-0.6158301410184757,-0.4069805359863333,-0.055154432174349455,-0.1355210564079693,181,0.20441988950276244,0.8605190420800602,-0.00042590231424470976,13.955801104972375,"{'stop': 78, 'breakeven': 66, 'target': 37}"
sweep,1.0,96,atr,3.0,0.5,1.0,-0.38647224026028204,-0.28175754642308376,-0.03624343405720998,-0.12863341023983532,157,0.22929936305732485,0.9124694191337048,-0.0003053225718362196,18.50955414012739,"{'stop': 83, 'breakeven': 38, 'target': 36}"
sweep,1.0,96,atr,3.0,1.0,,0.5514909623240122,0.7512062512754518,0.05800733979675421,-0.07721892582531786,115,0.30434782608695654,1.1587988277878107,0.0007985212707961415,36.66086956521739,"{'stop': 80, 'target': 35}"
sweep,1.0,96,atr,3.0,1.0,0.5,-0.2575079698558186,-0.19978629044447063,-0.028834778416608753,-0.14432811356804887,153,0.1895424836601307,0.9328865269326176,-0.00023345952279814287,20.88888888888889,"{'breakeven': 63, 'stop': 61, 'target': 29}"
sweep,1.0,96,atr,3.0,1.0,1.0,0.147598497475484,0.08445297261341818,0.010040132504430588,-0.1188842996727788,128,0.2421875,1.0418938033280847,0.0001779418812382379,30.140625,"{'stop': 70, 'target': 31, 'breakeven': 27}"
sweep,1.0,96,atr,3.0,1.5,,-0.21501670668931652,-0.2664461879720312,-0.0314038714499939,-0.11786196563371498,89,0.2808988764044944,0.9371683939325993,-0.0004096359052230703,60.146067415730336,"{'stop': 64, 'target': 25}"
sweep,1.0,96,atr,3.0,1.5,0.5,-0.3367626898756053,-0.37879525791449986,-0.04005195972045228,-0.10573511384741952,129,0.1937984496124031,0.9069533159009653,-0.0003972807699657708,32.30232558139535,"{'stop': 52, 'breakeven': 52, 'target': 25}"
sweep,1.0,96,atr,3.0,1.5,1.0,-0.31513478625338387,-0.2919782693436265,-0.040214604328830506,-0.13773149768725534,106,0.22641509433962265,0.9089361824163821,-0.00047873475610478195,45.839622641509436,"{'stop': 58, 'target': 24, 'breakeven': 24}"
sweep,1.0,96,atr,3.0,2.0,,-0.3964526435643386,-0.36210491381385035,-0.05882063958561179,-0.1624408765020242,80,0.25,0.8778490630934623,-0.0009471227619837358,76.4125,"{'stop': 59, 'target': 20, 'max_hold': 1}"
sweep,1.0,96,atr,3.0,2.0,0.5,-0.25263681510799696,-0.31270465128794206,-0.03390475285047967,-0.1084242038320683,108,0.1574074074074074,0.9125450065169295,-0.00038225517250417806,46.898148148148145,"{'breakeven': 53, 'stop': 38, 'target': 17}"
sweep,1.0,96,atr,3.0,2.0,1.0,-0.4362939128446792,-0.40529996038576743,-0.05845548830169167,-0.1442277177773551,92,0.17391304347826086,0.8513997417785856,-0.0008408388251915757,60.66304347826087,"{'stop': 47, 'breakeven': 29, 'target': 16}"
sweep,1.0,96,atr,3.0,3.0,,0.4807761331646544,0.45589919023333314,0.06223411342413665,-0.1365084973989199,63,0.3492063492063492,1.1935684099135853,0.001615135837130245,121.66666666666667,"{'stop': 38, 'target': 19, 'max_hold': 6}"
sweep,1.0,96,atr,3.0,3.0,0.5,0.48335071648473493,0.7108838177879219,0.05900806711826867,-0.08300662589547447,86,0.18604651162790697,1.225146611451005,0.0011237008834758542,74.27906976744185,"{'breakeven': 41, 'stop': 29, 'target': 16}"
sweep,1.0,96,atr,3.0,3.0,1.0,0.2669180434153644,0.21843990040214098,0.027781452642045457,-0.12718121822478712,70,0.22857142857142856,1.1156802805036083,0.0007566168514266262,103.2,"{'stop': 33, 'breakeven': 21, 'target': 15, 'max_hold': 1}"
sweep,1.0,96,atr,4.0,0.5,,0.466073395763463,0.5707358724869224,0.04566234378326817,-0.08000608685117205,130,0.26153846153846155,1.1275143941389518,0.0005703933345465691,30.50769230769231,"{'stop': 96, 'target': 34}"
sweep,1.0,96,atr,4.0,0.5,0.5,-0.6303782781799161,-0.418548314156293,-0.060275255058985344,-0.14401026839753928,180,0.16111111111111112,0.8494660727943857,-0.0004672115826447407,15.794444444444444,"{'stop': 76, 'breakeven': 75, 'target': 29}"
sweep,1.0,96,atr,4.0,0.5,1.0,-0.17642593825407718,-0.19580148011065512,-0.020969486298947015,-0.10709564752573031,154,0.19480519480519481,0.9565173055766552,-0.00015476960057984353,21.214285714285715,"{'stop': 81, 'breakeven': 43, 'target': 30}"
sweep,1.0,96,atr,4.0,1.0,,0.2805617588168931,0.31165755420418695,0.0274234695336828,-0.08799231452517886,101,0.24752475247524752,1.0891947060924643,0.0004999191437565081,51.59405940594059,"{'stop': 76, 'target': 25}"
sweep,1.0,96,atr,4.0,1.0,0.5,-0.020510549731686877,-0.07100057348742234,-0.007642173025937171,-0.1076353704000852,151,0.15894039735099338,0.9947269490387202,-1.8481415447605274e-05,24.973509933774835,"{'breakeven': 67, 'stop': 60, 'target': 24}"
sweep,1.0,96,atr,4.0,1.0,1.0,0.3048646944189855,0.29436915274748193,0.028374389849035175,-0.09639050010574823,120,0.2,1.0979800553349344,0.0004181930525374513,37.416666666666664,"{'stop': 65, 'breakeven': 31, 'target': 24}"
sweep,1.0,96,atr,4.0,1.5,,0.1303651342274799,0.08073063763690738,0.008697619561652825,-0.10773629214686842,79,0.24050632911392406,1.0459753518981434,0.0003114091535074766,74.48101265822785,"{'stop': 60, 'target': 19}"
sweep,1.0,96,atr,4.0,1.5,0.5,0.06392180346556971,0.006227508454732872,0.000581334719193638,-0.09334948694478717,114,0.15789473684210525,1.0220926895551379,9.366077802711475e-05,42.42982456140351,"{'breakeven': 52, 'stop': 44, 'target': 18}"
sweep,1.0,96,atr,4.0,1.5,1.0,0.06082652255550168,-0.0025696122469159918,-0.0003150723088716223,-0.12261472883691582,97,0.17525773195876287,1.0213967385864324,0.00011180140507702192,55.79381443298969,"{'stop': 52, 'breakeven': 28, 'target': 17}"
sweep,1.0,96,atr,4.0,2.0,,0.10117069459439927,0.03091363328182788,0.004039796649047744,-0.1306800987195018,72,0.2361111111111111,1.0367826725893525,0.0002919519668119822,94.51388888888889,"{'stop': 54, 'target': 16, 'max_hold': 2}"
sweep,1.0,96,atr,4.0,2.0,0.5,0.21731137835279868,0.2157490144731238,0.020542866229438905,-0.0952165008939031,103,0.14563106796116504,1.091057823225701,0.0004083994231888157,55.33980582524272,"{'breakeven': 51, 'stop': 37, 'target': 15}"
sweep,1.0,96,atr,4.0,2.0,1.0,0.05776466049491876,-0.014275751850075645,-0.0016923704442149967,-0.11854860339324469,87,0.16091954022988506,1.0229032452139872,0.00013277871676843351,71.96551724137932,"{'stop': 45, 'breakeven': 28, 'target': 14}"
sweep,1.0,96,atr,4.0,3.0,,0.3876865713297183,0.305285302058111,0.049905594254855856,-0.16347198479066094,59,0.288135593220339,1.1633010211509103,0.001490325213078329,137.22033898305085,"{'stop': 39, 'target': 12, 'max_hold': 7, 'data_end': 1}"
sweep,1.0,96,atr,4.0,3.0,0.5,0.40255964592080545,0.36936621703990424,0.05040684714635191,-0.13646848255455435,84,0.14285714285714285,1.20171658055829,0.0010352183020733278,81.48809523809524,"{'breakeven': 43, 'stop': 29, 'target': 10, 'max_hold': 2}"
sweep,1.0,96,atr,4.0,3.0,1.0,0.3930575505843945,0.3434076204450427,0.050014305039854046,-0.14564122070161833,68,0.19117647058823528,1.1899889751708153,0.001282999434682934,111.6470588235294,"{'stop': 33, 'breakeven': 22, 'target': 10, 'max_hold': 3}"
sweep,1.0,96,atr,5.0,0.5,,-0.07127264875210489,-0.15079771145314433,-0.014697370220367323,-0.09746414636361422,117,0.20512820512820512,0.9793567228250316,-0.00010119197881511876,40.23931623931624,"{'stop': 93, 'target': 24}"
sweep,1.0,96,atr,5.0,0.5,0.5,-0.37187860975753034,-0.35862754949985926,-0.04251324771764131,-0.11854428857161181,177,0.14124293785310735,0.8996522065780463,-0.0003142114552321759,18.51412429378531,"{'breakeven': 77, 'stop': 75, 'target': 25}"
sweep,1.0,96,atr,5.0,0.5,1.0,-0.1578701312360989,-0.22078025123080391,-0.021403663131995487,-0.09694555112005954,150,0.16,0.9572207270037769,-0.00015562747398956985,25.206666666666667,"{'stop': 79, 'breakeven': 47, 'target': 24}"
sweep,1.0,96,atr,5.0,1.0,,0.2512062887382658,0.2320690824011351,0.024698962541574554,-0.10642935407863596,90,0.2111111111111111,1.090700316324984,0.000525407682771647,66.2,"{'stop': 71, 'target': 18, 'max_hold': 1}"
sweep,1.0,96,atr,5.0,1.0,0.5,-0.035255416302289046,-0.08507341454441487,-0.010226109533115313,-0.12020335128051662,138,0.13043478260869565,0.9877825392283512,-4.285367977784352e-05,31.58695652173913,"{'breakeven': 66, 'stop': 54, 'target': 18}"
sweep,1.0,96,atr,5.0,1.0,1.0,0.36918316094160736,0.4065675103753626,0.03876020284528581,-0.09533521950512114,110,0.16363636363636364,1.1428954938143465,0.0005995145646183151,45.20909090909091,"{'stop': 58, 'breakeven': 34, 'target': 18}"
sweep,1.0,96,atr,5.0,1.5,,0.19148007141823375,0.13022727324637023,0.017930589863231816,-0.13768690241490245,75,0.21333333333333335,1.0760963891627089,0.0005334122131742159,87.0,"{'stop': 59, 'target': 15, 'max_hold': 1}"
sweep,1.0,96,atr,5.0,1.5,0.5,0.021701837874530987,-0.04989448650862453,-0.005761106555885798,-0.11546579510122745,112,0.13392857142857142,1.0053915806210754,2.2919991421450976e-05,47.276785714285715,"{'breakeven': 54, 'stop': 43, 'target': 15}"
sweep,1.0,96,atr,5.0,1.5,1.0,0.027877966439023284,-0.04609625450541447,-0.006071847107802841,-0.13172105137283208,95,0.14736842105263157,1.008219506538278,4.3231459084212885e-05,61.48421052631579,"{'stop': 51, 'breakeven': 30, 'target': 14}"
sweep,1.0,96,atr,5.0,2.0,,-0.3631656202992542,-0.30299976490789166,-0.06237620794621257,-0.20586223215445132,71,0.18309859154929578,0.8698381796017203,-0.0011040319702645132,101.21126760563381,"{'stop': 57, 'target': 10, 'max_hold': 4}"
sweep,1.0,96,atr,5.0,2.0,0.5,0.21277815158686142,0.1745006279900215,0.02078385651773984,-0.1191047663102297,102,0.11764705882352941,1.0971689799941717,0.00043484340694445076,59.51960784313726,"{'breakeven': 53, 'stop': 37, 'target': 11, 'max_hold': 1}"
sweep,1.0,96,atr,5.0,2.0,1.0,-0.08109305520254133,-0.1574580488039415,-0.022357506554191997,-0.14199024263301008,87,0.12643678160919541,0.9648692770438507,-0.00020524930776305166,76.22988505747126,"{'stop': 45, 'breakeven': 31, 'target': 9, 'max_hold': 2}"
sweep,1.0,96,atr,5.0,3.0,,0.5677128574388084,0.6153528365452096,0.08626091661433533,-0.14018122854301296,58,0.29310344827586204,1.2655511317235393,0.0024231349989742223,145.93103448275863,"{'stop': 38, 'target': 10, 'max_hold': 9, 'data_end': 1}"
sweep,1.0,96,atr,5.0,3.0,0.5,0.5911978822540473,0.7530891140282218,0.08529921921801331,-0.11326577111406333,84,0.14285714285714285,1.3169592200085147,0.001626648561340666,82.48809523809524,"{'breakeven': 43, 'stop': 29, 'target': 9, 'max_hold': 3}"
sweep,1.0,96,atr,5.0,3.0,1.0,0.466933214296804,0.5106405860804808,0.06450499860768488,-0.1263217228830268,67,0.1791044776119403,1.2405362039798955,0.0016232582236564456,116.26865671641791,"{'stop': 32, 'breakeven': 23, 'target': 8, 'max_hold': 4}"
sweep,1.0,168,h4_level,,0.5,,-0.485902881631304,-0.39813485061897835,-0.05057859811871834,-0.12703886143120613,137,0.291970802919708,0.8831636401786646,-0.0004996830625732543,26.64963503649635,"{'stop': 97, 'target': 40}"
sweep,1.0,168,h4_level,,0.5,0.5,-0.492084925588298,-0.3386279937141967,-0.047610567343143395,-0.14059843907449332,182,0.21428571428571427,0.8812478642342098,-0.00035596529710420655,15.368131868131869,"{'stop': 78, 'breakeven': 65, 'target': 39}"
sweep,1.0,168,h4_level,,0.5,1.0,-0.3842360153259355,-0.2871691339349486,-0.03888053474168052,-0.13539245743063733,158,0.2468354430379747,0.9050415890261123,-0.00032497707601162316,20.018987341772153,"{'stop': 83, 'target': 39, 'breakeven': 36}"
sweep,1.0,168,h4_level,,1.0,,-0.351596249793382,-0.30485850554857796,-0.03994849816859558,-0.13103947385922599,122,0.3360655737704918,0.9090894243186483,-0.0004264404668475469,32.0655737704918,"{'stop': 79, 'target': 43}"
sweep,1.0,168,h4_level,,1.0,0.5,-0.20204601593919522,-0.16725972953000826,-0.02365295705724635,-0.1414145360853447,156,0.2564102564102564,0.9448897957120818,-0.0001820111751618575,20.108974358974358,"{'stop': 61, 'breakeven': 54, 'target': 41}"
sweep,1.0,168,h4_level,,1.0,1.0,-0.07503109401095992,-0.0981488790691981,-0.012029036720208941,-0.12255908405971794,131,0.3053435114503817,0.9785479897129256,-8.366517337764901e-05,27.564885496183205,"{'stop': 68, 'target': 41, 'breakeven': 22}"
sweep,1.0,168,h4_level,,1.5,,-0.5575332638496542,-0.42679306635689446,-0.0632233313633277,-0.14813579776026364,112,0.36607142857142855,0.8564199251889925,-0.0007773251923185338,36.99107142857143,"{'stop': 68, 'target': 44}"
sweep,1.0,168,h4_level,,1.5,0.5,-0.2646014944908,-0.23456341925500937,-0.030754276163714733,-0.13111284044798022,137,0.291970802919708,0.9280032164323975,-0.0002799324818680104,26.291970802919707,"{'stop': 53, 'target': 42, 'breakeven': 42}"
sweep,1.0,168,h4_level,,1.5,1.0,-0.2757766914752623,-0.24760823048393937,-0.03360166714282109,-0.13570496859958214,119,0.3445378151260504,0.923855060037611,-0.00035507725460628454,33.563025210084035,"{'stop': 61, 'target': 43, 'breakeven': 15}"
sweep,1.0,168,h4_level,,2.0,,-0.5581339800626179,-0.4494188454941378,-0.06489690842654894,-0.1444018404595262,106,0.39622641509433965,0.853463775875872,-0.0008409198632725126,42.66981132075472,"{'stop': 58, 'target': 48}"
sweep,1.0,168,h4_level,,2.0,0.5,-0.04939271971340574,-0.09790141428424592,-0.009980107691573536,-0.10194038323693055,127,0.3228346456692913,0.9853478328401022,-5.760350630114602e-05,31.77952755905512,"{'stop': 44, 'target': 43, 'breakeven': 40}"
sweep,1.0,168,h4_level,,2.0,1.0,-0.14866003988032933,-0.1891336782169667,-0.02094815710203779,-0.11075847146591677,112,0.375,0.9569596956174977,-0.00020581737398441363,38.964285714285715,"{'stop': 50, 'target': 47, 'breakeven': 15}"
sweep,1.0,168,h4_level,,3.0,,-0.1611450180345719,-0.17763869335668442,-0.02516904140961651,-0.14168670650531678,92,0.4673913043478261,0.9530387504550368,-0.00029622796468165783,55.78260869565217,"{'target': 49, 'stop': 43}"
sweep,1.0,168,h4_level,,3.0,0.5,0.07465342728385796,0.023134939611052046,0.002360974840731833,-0.10205234508604233,106,0.39622641509433965,1.0234275099802355,0.00010757102819439736,43.95283018867924,"{'target': 47, 'stop': 34, 'breakeven': 25}"
sweep,1.0,168,h4_level,,3.0,1.0,0.19967352759519333,0.14726609496743936,0.01632107338889144,-0.11082709426429782,94,0.4574468085106383,1.0634540946008708,0.0003468646475289494,52.9468085106383,"{'target': 48, 'stop': 38, 'breakeven': 8}"
sweep,1.0,168,atr,2.0,0.5,,-0.524750983571221,-0.3828862023513615,-0.04402390982522908,-0.11497909706558151,143,0.3356643356643357,0.8915924657199311,-0.00042225595015179824,19.902097902097903,"{'stop': 95, 'target': 48}"
sweep,1.0,168,atr,2.0,0.5,0.5,-1.4790396317057737,-0.5998553072161138,-0.10029998921513616,-0.16720697142886232,183,0.25136612021857924,0.72262478414542,-0.0008186062871679098,11.726775956284152,"{'stop': 80, 'breakeven': 57, 'target': 46}"
sweep,1.0,168,atr,2.0,0.5,1.0,-1.2502857400279563,-0.5691491545331513,-0.08836246940827108,-0.155253625002309,159,0.27044025157232704,0.7581637431664398,-0.0008196575364831253,16.09433962264151,"{'stop': 84, 'target': 43, 'breakeven': 32}"
sweep,1.0,168,atr,2.0,1.0,,-0.1959541646585568,-0.19846698674757945,-0.021807281156503655,-0.10987863278359378,120,0.3416666666666667,0.955272109996999,-0.00021265737134914357,31.241666666666667,"{'stop': 79, 'target': 41}"
sweep,1.0,168,atr,2.0,1.0,0.5,-0.7268589204125072,-0.38574774080413465,-0.06030672495308309,-0.15633720842374066,154,0.24025974025974026,0.8386472485038226,-0.0005543656678608006,18.155844155844157,"{'stop': 62, 'breakeven': 55, 'target': 37}"
sweep,1.0,168,atr,2.0,1.0,1.0,-0.6832188950062501,-0.3593640459868218,-0.05971270970732112,-0.16616217001717204,131,0.2748091603053435,0.8453305626827631,-0.0006408427841281668,26.18320610687023,"{'stop': 70, 'target': 36, 'breakeven': 25}"
sweep,1.0,168,atr,2.0,1.5,,-0.2931982267070719,-0.2536589308699426,-0.03490440549776763,-0.1376036923993187,104,0.33653846153846156,0.927449572481819,-0.0004187344039461631,40.83653846153846,"{'stop': 69, 'target': 35}"
sweep,1.0,168,atr,2.0,1.5,0.5,-0.6794048726477256,-0.4286286172171431,-0.06614744004856266,-0.1543234338342192,133,0.24060150375939848,0.8339632631707644,-0.0006987405685242691,26.706766917293233,"{'stop': 54, 'breakeven': 47, 'target': 32}"
sweep,1.0,168,atr,2.0,1.5,1.0,-0.5303825276942361,-0.3590835253122799,-0.05565920873624941,-0.15500351537388113,113,0.2920353982300885,0.8698455848747172,-0.0006714724552416574,36.34513274336283,"{'stop': 63, 'target': 33, 'breakeven': 17}"
sweep,1.0,168,atr,2.0,2.0,,-0.3551558796666545,-0.3121192469153861,-0.04539646242355844,-0.14544589246643025,91,0.34065934065934067,0.9059067068087203,-0.0006364657353959674,56.61538461538461,"{'stop': 60, 'target': 31}"
sweep,1.0,168,atr,2.0,2.0,0.5,0.19608755579799086,0.158875379376421,0.015320221465200401,-0.09642917313766053,120,0.25833333333333336,1.0588056983859044,0.00025259931915207754,33.88333333333333,"{'stop': 45, 'breakeven': 44, 'target': 31}"
sweep,1.0,168,atr,2.0,2.0,1.0,-0.052777694418146885,-0.10859874526729561,-0.011913052677570368,-0.10969788507453382,101,0.3069306930693069,0.9853613526436549,-8.252831645314188e-05,47.17821782178218,"{'stop': 54, 'target': 31, 'breakeven': 16}"
sweep,1.0,168,atr,2.0,3.0,,0.3964839573392352,0.2794573386895873,0.04715956024379375,-0.16875405908082863,65,0.4,1.1473938218982225,0.0012282533210427357,115.46153846153847,"{'stop': 39, 'target': 25, 'max_hold': 1}"
sweep,1.0,168,atr,2.0,3.0,0.5,0.004081294398745725,-0.05438505509962521,-0.006683509818327549,-0.12289239766484317,91,0.21978021978021978,0.9987102634063411,-6.425757765467549e-06,63.2967032967033,"{'breakeven': 41, 'stop': 30, 'target': 20}"
sweep,1.0,168,atr,2.0,3.0,1.0,0.6082198553698069,0.7137912654190466,0.07652331647674093,-0.10720685469836377,74,0.3108108108108108,1.258079740565557,0.0016076440971178974,90.5,"{'stop': 33, 'target': 23, 'breakeven': 18}"
sweep,1.0,168,atr,3.0,0.5,,0.1360989235285534,0.10795710400020068,0.00856581356041164,-0.0793446030230277,139,0.2949640287769784,1.0332192208902395,0.00014153808550310262,25.1294964028777,"{'stop': 98, 'target': 41}"
sweep,1.0,168,atr,3.0,0.5,0.5,-0.6158301410184757,-0.4069805359863333,-0.055154432174349455,-0.1355210564079693,181,0.20441988950276244,0.8605190420800602,-0.00042590231424470976,13.955801104972375,"{'stop': 78, 'breakeven': 66, 'target': 37}"
sweep,1.0,168,atr,3.0,0.5,1.0,-0.38647224026028204,-0.28175754642308376,-0.03624343405720998,-0.12863341023983532,157,0.22929936305732485,0.9124694191337048,-0.0003053225718362196,18.50955414012739,"{'stop': 83, 'breakeven': 38, 'target': 36}"
sweep,1.0,168,atr,3.0,1.0,,0.5514909623240122,0.7512062512754518,0.05800733979675421,-0.07721892582531786,115,0.30434782608695654,1.1587988277878107,0.0007985212707961415,36.66086956521739,"{'stop': 80, 'target': 35}"
sweep,1.0,168,atr,3.0,1.0,0.5,-0.2575079698558186,-0.19978629044447063,-0.028834778416608753,-0.14432811356804887,153,0.1895424836601307,0.9328865269326176,-0.00023345952279814287,20.88888888888889,"{'breakeven': 63, 'stop': 61, 'target': 29}"
sweep,1.0,168,atr,3.0,1.0,1.0,0.147598497475484,0.08445297261341818,0.010040132504430588,-0.1188842996727788,128,0.2421875,1.0418938033280847,0.0001779418812382379,30.140625,"{'stop': 70, 'target': 31, 'breakeven': 27}"
sweep,1.0,168,atr,3.0,1.5,,-0.21501670668931652,-0.2664461879720312,-0.0314038714499939,-0.11786196563371498,89,0.2808988764044944,0.9371683939325993,-0.0004096359052230703,60.146067415730336,"{'stop': 64, 'target': 25}"
sweep,1.0,168,atr,3.0,1.5,0.5,-0.3367626898756053,-0.37879525791449986,-0.04005195972045228,-0.10573511384741952,129,0.1937984496124031,0.9069533159009653,-0.0003972807699657708,32.30232558139535,"{'stop': 52, 'breakeven': 52, 'target': 25}"
sweep,1.0,168,atr,3.0,1.5,1.0,-0.31513478625338387,-0.2919782693436265,-0.040214604328830506,-0.13773149768725534,106,0.22641509433962265,0.9089361824163821,-0.00047873475610478195,45.839622641509436,"{'stop': 58, 'target': 24, 'breakeven': 24}"
sweep,1.0,168,atr,3.0,2.0,,-0.5651183134899275,-0.4196513122585995,-0.07913033509368583,-0.1885621056867416,79,0.24050632911392406,0.829446688169433,-0.001361261192991356,78.41772151898734,"{'stop': 60, 'target': 19}"
sweep,1.0,168,atr,3.0,2.0,0.5,-0.25263681510799696,-0.31270465128794206,-0.03390475285047967,-0.1084242038320683,108,0.1574074074074074,0.9125450065169295,-0.00038225517250417806,46.898148148148145,"{'breakeven': 53, 'stop': 38, 'target': 17}"
sweep,1.0,168,atr,3.0,2.0,1.0,-0.4362939128446792,-0.40529996038576743,-0.05845548830169167,-0.1442277177773551,92,0.17391304347826086,0.8513997417785856,-0.0008408388251915757,60.66304347826087,"{'stop': 47, 'breakeven': 29, 'target': 16}"
sweep,1.0,168,atr,3.0,3.0,,0.1360548424853101,0.04911078222406506,0.009424396149731562,-0.1919007542322032,61,0.32786885245901637,1.0498297569203476,0.0004607965020131853,134.78688524590163,"{'stop': 41, 'target': 18, 'max_hold': 2}"
sweep,1.0,168,atr,3.0,3.0,0.5,0.48335071648473493,0.7108838177879219,0.05900806711826867,-0.08300662589547447,86,0.18604651162790697,1.225146611451005,0.0011237008834758542,74.27906976744185,"{'breakeven': 41, 'stop': 29, 'target': 16}"
sweep,1.0,168,atr,3.0,3.0,1.0,0.13075384855414274,0.06890529038084432,0.008763458772768518,-0.12718121822478756,69,0.21739130434782608,1.0553093193798846,0.00036699820503148615,105.3623188405797,"{'stop': 33, 'breakeven': 21, 'target': 14, 'max_hold': 1}"
sweep,1.0,168,atr,4.0,0.5,,0.466073395763463,0.5707358724869224,0.04566234378326817,-0.08000608685117205,130,0.26153846153846155,1.1275143941389518,0.0005703933345465691,30.50769230769231,"{'stop': 96, 'target': 34}"
sweep,1.0,168,atr,4.0,0.5,0.5,-0.6303782781799161,-0.418548314156293,-0.060275255058985344,-0.14401026839753928,180,0.16111111111111112,0.8494660727943857,-0.0004672115826447407,15.794444444444444,"{'stop': 76, 'breakeven': 75, 'target': 29}"
sweep,1.0,168,atr,4.0,0.5,1.0,-0.17642593825407718,-0.19580148011065512,-0.020969486298947015,-0.10709564752573031,154,0.19480519480519481,0.9565173055766552,-0.00015476960057984353,21.214285714285715,"{'stop': 81, 'breakeven': 43, 'target': 30}"
sweep,1.0,168,atr,4.0,1.0,,0.2805617588168931,0.31165755420418695,0.0274234695336828,-0.08799231452517886,101,0.24752475247524752,1.0891947060924643,0.0004999191437565081,51.59405940594059,"{'stop': 76, 'target': 25}"
sweep,1.0,168,atr,4.0,1.0,0.5,-0.020510549731686877,-0.07100057348742234,-0.007642173025937171,-0.1076353704000852,151,0.15894039735099338,0.9947269490387202,-1.8481415447605274e-05,24.973509933774835,"{'breakeven': 67, 'stop': 60, 'target': 24}"
sweep,1.0,168,atr,4.0,1.0,1.0,0.3048646944189855,0.29436915274748193,0.028374389849035175,-0.09639050010574823,120,0.2,1.0979800553349344,0.0004181930525374513,37.416666666666664,"{'stop': 65, 'breakeven': 31, 'target': 24}"
sweep,1.0,168,atr,4.0,1.5,,0.1303651342274799,0.08073063763690738,0.008697619561652825,-0.10773629214686842,79,0.24050632911392406,1.0459753518981434,0.0003114091535074766,74.48101265822785,"{'stop': 60, 'target': 19}"
sweep,1.0,168,atr,4.0,1.5,0.5,0.06392180346556971,0.006227508454732872,0.000581334719193638,-0.09334948694478717,114,0.15789473684210525,1.0220926895551379,9.366077802711475e-05,42.42982456140351,"{'breakeven': 52, 'stop': 44, 'target': 18}"
sweep,1.0,168,atr,4.0,1.5,1.0,0.06082652255550168,-0.0025696122469159918,-0.0003150723088716223,-0.12261472883691582,97,0.17525773195876287,1.0213967385864324,0.00011180140507702192,55.79381443298969,"{'stop': 52, 'breakeven': 28, 'target': 17}"
sweep,1.0,168,atr,4.0,2.0,,0.12962597942677467,0.06047575071373796,0.0083693164197709,-0.1383912778427021,72,0.2361111111111111,1.048370862562195,0.0003898270153370692,94.55555555555556,"{'stop': 55, 'target': 17}"
sweep,1.0,168,atr,4.0,2.0,0.5,0.21731137835279868,0.2157490144731238,0.020542866229438905,-0.0952165008939031,103,0.14563106796116504,1.091057823225701,0.0004083994231888157,55.33980582524272,"{'breakeven': 51, 'stop': 37, 'target': 15}"
sweep,1.0,168,atr,4.0,2.0,1.0,0.05776466049491876,-0.014275751850075645,-0.0016923704442149967,-0.11854860339324469,87,0.16091954022988506,1.0229032452139872,0.00013277871676843351,71.96551724137932,"{'stop': 45, 'breakeven': 28, 'target': 14}"
sweep,1.0,168,atr,4.0,3.0,,0.18698698999145488,0.09316426527380847,0.01752250779341291,-0.18808185458141602,58,0.27586206896551724,1.0746661940528004,0.0007430996522472741,151.13793103448276,"{'stop': 42, 'target': 13, 'max_hold': 2, 'data_end': 1}"
sweep,1.0,168,atr,4.0,3.0,0.5,0.21127827981209116,0.12920679729317552,0.020605918657573996,-0.15948014415076261,84,0.13095238095238096,1.1023778922004244,0.000526916841402807,84.42857142857143,"{'breakeven': 44, 'stop': 29, 'target': 11}"
sweep,1.0,168,atr,4.0,3.0,1.0,0.008163292708858481,-0.047130469504896216,-0.008655733045841885,-0.18365471714519355,67,0.16417910447761194,1.0031830160739432,2.1874614361314305e-05,117.46268656716418,"{'stop': 33, 'breakeven': 23, 'target': 10, 'max_hold': 1}"
sweep,1.0,168,atr,5.0,0.5,,-0.07127264875210489,-0.15079771145314433,-0.014697370220367323,-0.09746414636361422,117,0.20512820512820512,0.9793567228250316,-0.00010119197881511876,40.23931623931624,"{'stop': 93, 'target': 24}"
sweep,1.0,168,atr,5.0,0.5,0.5,-0.37187860975753034,-0.35862754949985926,-0.04251324771764131,-0.11854428857161181,177,0.14124293785310735,0.8996522065780463,-0.0003142114552321759,18.51412429378531,"{'breakeven': 77, 'stop': 75, 'target': 25}"
sweep,1.0,168,atr,5.0,0.5,1.0,-0.1578701312360989,-0.22078025123080391,-0.021403663131995487,-0.09694555112005954,150,0.16,0.9572207270037769,-0.00015562747398956985,25.206666666666667,"{'stop': 79, 'breakeven': 47, 'target': 24}"
sweep,1.0,168,atr,5.0,1.0,,0.3047825776823317,0.3025527233204568,0.032200490917728475,-0.10642935407863596,90,0.2111111111111111,1.1116605051445663,0.0006468256081369129,69.4,"{'stop': 71, 'target': 18, 'max_hold': 1}"
sweep,1.0,168,atr,5.0,1.0,0.5,-0.035255416302289046,-0.08507341454441487,-0.010226109533115313,-0.12020335128051662,138,0.13043478260869565,0.9877825392283512,-4.285367977784352e-05,31.58695652173913,"{'breakeven': 66, 'stop': 54, 'target': 18}"
sweep,1.0,168,atr,5.0,1.0,1.0,0.36918316094160736,0.4065675103753626,0.03876020284528581,-0.09533521950512114,110,0.16363636363636364,1.1428954938143465,0.0005995145646183151,45.20909090909091,"{'stop': 58, 'breakeven': 34, 'target': 18}"
sweep,1.0,168,atr,5.0,1.5,,0.25888646470832966,0.20779696503097775,0.028610920446333177,-0.13768690241490267,75,0.21333333333333335,1.1061972473193573,0.0007444099430855503,87.01333333333334,"{'stop': 59, 'target': 16}"
sweep,1.0,168,atr,5.0,1.5,0.5,0.021701837874530987,-0.04989448650862453,-0.005761106555885798,-0.11546579510122745,112,0.13392857142857142,1.0053915806210754,2.2919991421450976e-05,47.276785714285715,"{'breakeven': 54, 'stop': 43, 'target': 15}"
sweep,1.0,168,atr,5.0,1.5,1.0,0.027877966439023284,-0.04609625450541447,-0.006071847107802841,-0.13172105137283208,95,0.14736842105263157,1.008219506538278,4.3231459084212885e-05,61.48421052631579,"{'stop': 51, 'breakeven': 30, 'target': 14}"
sweep,1.0,168,atr,5.0,2.0,,-0.626752249256458,-0.36463582195871563,-0.09870848373889418,-0.2707042967107879,71,0.16901408450704225,0.7860287440406639,-0.001910131660504846,105.7605633802817,"{'stop': 59, 'target': 12}"
sweep,1.0,168,atr,5.0,2.0,0.5,0.27073552357327624,0.2492969133929291,0.029692450611526366,-0.11910476631022959,102,0.11764705882352941,1.126005560805492,0.0005638907330085446,59.94117647058823,"{'breakeven': 53, 'stop': 37, 'target': 12}"
sweep,1.0,168,atr,5.0,2.0,1.0,-0.28844203445361966,-0.2771793945607669,-0.050094048936717206,-0.18072789651661836,87,0.11494252873563218,0.8811573148367423,-0.0006960231318587271,79.06896551724138,"{'stop': 45, 'breakeven': 32, 'target': 10}"
sweep,1.0,168,atr,5.0,3.0,,0.477595896972568,0.3878462210738341,0.07093081678073254,-0.1828838671789701,56,0.2857142857142857,1.21584241319075,0.0021678973351389,171.41071428571428,"{'stop': 40, 'target': 11, 'max_hold': 4, 'data_end': 1}"
sweep,1.0,168,atr,5.0,3.0,0.5,0.3644980854444189,0.3257195895735307,0.04458962617524764,-0.1368957459194563,84,0.13095238095238096,1.1830028082901245,0.0009468839406282987,89.86904761904762,"{'breakeven': 44, 'stop': 29, 'target': 9, 'max_hold': 2}"
sweep,1.0,168,atr,5.0,3.0,1.0,-0.016762713360532523,-0.07171792833373086,-0.011847429781673635,-0.1651948133044645,66,0.15151515151515152,0.9932504127092968,-4.6601432785131656e-05,127.8030303030303,"{'stop': 32, 'breakeven': 24, 'target': 7, 'max_hold': 3}"
repeat_sweep,0.5,24,h4_level,,0.5,,-1.0239164560776566,-0.6025879378227494,-0.13627405416575622,-0.22614799535838215,250,0.304,0.7953173683861131,-0.0008076231872370591,21.412,"{'stop': 171, 'target': 61, 'max_hold': 18}"
repeat_sweep,0.5,24,h4_level,,0.5,0.5,-1.2110982023379449,-0.6701543687129621,-0.15699214075771484,-0.23426265363190835,329,0.2066869300911854,0.7583655294989518,-0.0007221112587851463,14.899696048632219,"{'stop': 143, 'breakeven': 117, 'target': 57, 'max_hold': 12}"
repeat_sweep,0.5,24,h4_level,,0.5,1.0,-0.9801987566798344,-0.6239212356422665,-0.13300929450283994,-0.21318282966586277,280,0.25357142857142856,0.7962303777743551,-0.0007015876230912439,18.35,"{'stop': 149, 'target': 60, 'breakeven': 58, 'max_hold': 13}"
repeat_sweep,0.5,24,h4_level,,1.0,,-0.6137296975458891,-0.42766620602232674,-0.09242941246368519,-0.21612512553507635,222,0.35585585585585583,0.8686453129462324,-0.0005775254478540096,24.76126126126126,"{'stop': 138, 'target': 65, 'max_hold': 19}"
repeat_sweep,0.5,24,h4_level,,1.0,0.5,-0.7507783692029828,-0.5196982928684254,-0.10761629498176473,-0.20707455933285213,274,0.25547445255474455,0.8367011862057641,-0.0005599843490424495,18.529197080291972,"{'stop': 112, 'breakeven': 90, 'target': 61, 'max_hold': 11}"
repeat_sweep,0.5,24,h4_level,,1.0,1.0,-0.41614438167339995,-0.36758901530757515,-0.0652418222307255,-0.17748577763167184,240,0.30833333333333335,0.9053084766931058,-0.0003579233027759748,22.016666666666666,"{'stop': 120, 'target': 63, 'breakeven': 43, 'max_hold': 14}"
repeat_sweep,0.5,24,h4_level,,1.5,,-0.3157334865023589,-0.3062669398261434,-0.05217025350390936,-0.17034242590311743,194,0.4072164948453608,0.9257460302028926,-0.0003382921469767833,30.061855670103093,"{'stop': 105, 'target': 66, 'max_hold': 23}"
repeat_sweep,0.5,24,h4_level,,1.5,0.5,-0.3458229913597414,-0.36628230014939817,-0.055225692915458646,-0.1507735779013437,233,0.3133047210300429,0.916834662009875,-0.0003039704239713225,23.201716738197426,"{'stop': 87, 'breakeven': 70, 'target': 62, 'max_hold': 14}"
repeat_sweep,0.5,24,h4_level,,1.5,1.0,-0.2116342506963104,-0.24999569843046918,-0.03799200682725434,-0.15197064215815292,203,0.3793103448275862,0.9472478390255309,-0.0002189188625888164,27.96551724137931,"{'stop': 96, 'target': 63, 'breakeven': 25, 'max_hold': 19}"
repeat_sweep,0.5,24,h4_level,,2.0,,-0.4210632246255825,-0.39013151735907425,-0.07625478972923028,-0.1954591883409561,172,0.45348837209302323,0.892101160161661,-0.0005834852997510717,34.093023255813954,"{'stop': 85, 'target': 66, 'max_hold': 21}"
repeat_sweep,0.5,24,h4_level,,2.0,0.5,-0.39030774579300936,-0.3642574289746264,-0.07021454357088064,-0.19276077297457583,196,0.37244897959183676,0.8974992678014887,-0.00046611419962398786,28.4234693877551,"{'stop': 73, 'target': 63, 'breakeven': 46, 'max_hold': 14}"
repeat_sweep,0.5,24,h4_level,,2.0,1.0,-0.2967942254150899,-0.32672680574075946,-0.0570522088399833,-0.17461747195989552,180,0.42777777777777776,0.9201661233160804,-0.00039362964026587785,31.85,"{'stop': 78, 'target': 64, 'max_hold': 19, 'breakeven': 19}"
repeat_sweep,0.5,24,h4_level,,3.0,,-0.1937086614093823,-0.23765657440554244,-0.03523484515168418,-0.14825950108814856,157,0.5286624203821656,0.9532243261472879,-0.0002465636676094962,38.46496815286624,"{'target': 69, 'stop': 61, 'max_hold': 27}"
repeat_sweep,0.5,24,h4_level,,3.0,0.5,-0.004532759658460493,-0.0716213166465207,-0.00936168981478247,-0.13071094267906413,173,0.4508670520231214,0.9987868384488643,-5.376287027863359e-06,33.994219653179194,"{'target': 66, 'stop': 52, 'breakeven': 34, 'max_hold': 21}"
repeat_sweep,0.5,24,h4_level,,3.0,1.0,-0.06347381413374109,-0.11629915142137337,-0.017547148036923477,-0.15087941590688747,159,0.5031446540880503,0.9844483355283553,-7.837757708583546e-05,37.62264150943396,"{'target': 68, 'stop': 58, 'max_hold': 23, 'breakeven': 10}"
repeat_sweep,0.5,24,atr,2.0,0.5,,-1.2171748189950726,-0.5964800682400835,-0.14531815199426779,-0.2436261657879525,339,0.35693215339233036,0.817312323088255,-0.0006437600233146403,15.076696165191741,"{'stop': 214, 'target': 113, 'max_hold': 12}"
repeat_sweep,0.5,24,atr,2.0,0.5,0.5,-1.9871628954984017,-0.7082256480434065,-0.21284953702224485,-0.3005391538844686,452,0.24557522123893805,0.7226048274671278,-0.0007499128860071507,9.741150442477876,"{'stop': 191, 'breakeven': 150, 'target': 109, 'max_hold': 2}"
repeat_sweep,0.5,24,atr,2.0,0.5,1.0,-1.49359624013328,-0.631437180672054,-0.17128269918322192,-0.27125849478949204,374,0.30213903743315507,0.7770259524990815,-0.0007048929268665309,12.804812834224599,"{'stop': 193, 'target': 109, 'breakeven': 67, 'max_hold': 5}"
repeat_sweep,0.5,24,atr,2.0,1.0,,-0.5266218169847069,-0.3981697434863954,-0.07150936348770909,-0.1795951718017781,242,0.371900826446281,0.9059440549248382,-0.00040180104695474903,22.231404958677686,"{'stop': 151, 'target': 78, 'max_hold': 13}"
repeat_sweep,0.5,24,atr,2.0,1.0,0.5,-1.293553133410172,-0.617515662640437,-0.1493939370709949,-0.24192736493873035,318,0.25471698113207547,0.7874621773199424,-0.0007094052217045511,15.138364779874214,"{'stop': 131, 'breakeven': 106, 'target': 78, 'max_hold': 3}"
repeat_sweep,0.5,24,atr,2.0,1.0,1.0,-0.6040205264414532,-0.4333667401910005,-0.07810905916471078,-0.18023777996965173,276,0.31521739130434784,0.894274011112671,-0.0003916997509650759,18.514492753623188,"{'stop': 141, 'target': 81, 'breakeven': 47, 'max_hold': 7}"
repeat_sweep,0.5,24,atr,2.0,1.5,,-0.1441818369137982,-0.20486311998581544,-0.02883198664591824,-0.1407378089717395,186,0.3924731182795699,0.9659576133272513,-0.00016602554911423069,34.19892473118279,"{'stop': 108, 'target': 53, 'max_hold': 25}"
repeat_sweep,0.5,24,atr,2.0,1.5,0.5,-0.6032287689704521,-0.4967055038185477,-0.08492181873543914,-0.17097015853978148,245,0.24897959183673468,0.8721233912264202,-0.00048238647706457725,23.008163265306123,"{'breakeven': 93, 'stop': 90, 'target': 54, 'max_hold': 8}"
repeat_sweep,0.5,24,atr,2.0,1.5,1.0,-0.26046203632149634,-0.27175515893270374,-0.04269779496148307,-0.15711861783664083,200,0.32,0.9419241791368803,-0.0002602251750061602,30.635,"{'stop': 99, 'target': 53, 'breakeven': 34, 'max_hold': 14}"
repeat_sweep,0.5,24,atr,2.0,2.0,,-0.1087279111096375,-0.19291371840038485,-0.03132016141006244,-0.16235320986897717,158,0.4050632911392405,0.9680691296185638,-0.00019207678093199608,41.424050632911396,"{'stop': 87, 'target': 46, 'max_hold': 25}"
repeat_sweep,0.5,24,atr,2.0,2.0,0.5,-0.28617585019687114,-0.3558309104225401,-0.05225654203318453,-0.14685779257100295,196,0.28061224489795916,0.9298178712214556,-0.00032484422516809464,30.668367346938776,"{'stop': 70, 'breakeven': 68, 'target': 45, 'max_hold': 13}"
repeat_sweep,0.5,24,atr,2.0,2.0,1.0,0.02907092749489011,-0.05459001657604786,-0.007178077401302718,-0.13149066169091805,166,0.37349397590361444,1.0047923902404616,2.5999424005113927e-05,38.325301204819276,"{'stop': 80, 'target': 45, 'max_hold': 21, 'breakeven': 20}"
repeat_sweep,0.5,24,atr,2.0,3.0,,-0.2543497435406278,-0.2640597341653934,-0.055227306637221085,-0.20914702050949407,136,0.4338235294117647,0.9230791017488634,-0.0004940360805684906,54.0735294117647,"{'stop': 64, 'max_hold': 40, 'target': 32}"
repeat_sweep,0.5,24,atr,2.0,3.0,0.5,-0.07528900909556417,-0.13197265756057402,-0.023432390733225117,-0.1775548902807379,159,0.31446540880503143,0.975269615765197,-0.00012562302278248776,43.0314465408805,"{'stop': 53, 'breakeven': 51, 'target': 30, 'max_hold': 25}"
repeat_sweep,0.5,24,atr,2.0,3.0,1.0,0.06358578571551046,-0.01483456963637679,-0.002320734688202819,-0.15644098515079252,142,0.38028169014084506,1.0141056925395335,8.025125146184106e-05,50.37323943661972,"{'stop': 57, 'max_hold': 32, 'target': 31, 'breakeven': 22}"
repeat_sweep,0.5,24,atr,3.0,0.5,,-1.1534754301929437,-0.5844691650258342,-0.14288361997604204,-0.24446733639015228,279,0.3010752688172043,0.8045330962343828,-0.0007662824063033747,19.35483870967742,"{'stop': 193, 'target': 70, 'max_hold': 16}"
repeat_sweep,0.5,24,atr,3.0,0.5,0.5,-1.778730253953203,-0.7057422847365858,-0.20302436526533185,-0.28767493411721745,383,0.19843342036553524,0.716648325449321,-0.0008361512394684923,12.723237597911227,"{'stop': 165, 'breakeven': 142, 'target': 70, 'max_hold': 6}"
repeat_sweep,0.5,24,atr,3.0,0.5,1.0,-1.6461836859816295,-0.6755729019536665,-0.18912206454158353,-0.2799432363178982,321,0.2367601246105919,0.7335771171079611,-0.0009190888766335218,15.781931464174455,"{'stop': 170, 'breakeven': 74, 'target': 69, 'max_hold': 8}"
repeat_sweep,0.5,24,atr,3.0,1.0,,-0.48561905742057926,-0.38642827100547705,-0.07880096028241068,-0.20392131268598046,212,0.3018867924528302,0.896120773678885,-0.0004992455624958464,29.11320754716981,"{'stop': 145, 'target': 45, 'max_hold': 22}"
repeat_sweep,0.5,24,atr,3.0,1.0,0.5,-0.8329403662399193,-0.6053049759944783,-0.11440287939889004,-0.1890003947364438,281,0.19572953736654805,0.8293660378433856,-0.0005879769414358379,20.00355871886121,"{'breakeven': 116, 'stop': 110, 'target': 46, 'max_hold': 9}"
repeat_sweep,0.5,24,atr,3.0,1.0,1.0,-0.5349225347065915,-0.46240548871582476,-0.07545779931142249,-0.16318534522801853,244,0.24180327868852458,0.8923603711642294,-0.0004190714101181415,23.91393442622951,"{'stop': 123, 'breakeven': 61, 'target': 48, 'max_hold': 12}"
repeat_sweep,0.5,24,atr,3.0,1.5,,-0.5114019742040783,-0.37488979059057614,-0.08618484234085522,-0.22989381013840204,173,0.3236994219653179,0.8715935552611972,-0.0006831951310336461,39.959537572254334,"{'stop': 111, 'max_hold': 33, 'target': 29}"
repeat_sweep,0.5,24,atr,3.0,1.5,0.5,-0.8241950377791973,-0.5801490856396637,-0.12442702149315499,-0.21447421804683808,233,0.19313304721030042,0.7997171994698723,-0.0007753718085901026,27.03862660944206,"{'breakeven': 107, 'stop': 80, 'target': 29, 'max_hold': 17}"
repeat_sweep,0.5,24,atr,3.0,1.5,1.0,-0.5386968372477985,-0.40700324355839423,-0.09175677063944654,-0.22544481424085228,188,0.26595744680851063,0.8580707442671491,-0.0006737778172978232,35.569148936170215,"{'stop': 92, 'breakeven': 43, 'target': 28, 'max_hold': 25}"
repeat_sweep,0.5,24,atr,3.0,2.0,,-0.45553496767548907,-0.3508014097771353,-0.08890309559743625,-0.25342855849386847,149,0.3624161073825503,0.8716604973562372,-0.0008017208067926105,48.013422818791945,"{'stop': 87, 'max_hold': 38, 'target': 24}"
repeat_sweep,0.5,24,atr,3.0,2.0,0.5,-0.3939231959067181,-0.3440924231139982,-0.06843158145205597,-0.19887558357942836,185,0.23783783783783785,0.8965813070189692,-0.0004783169549411725,35.83783783783784,"{'breakeven': 72, 'stop': 67, 'target': 28, 'max_hold': 18}"
repeat_sweep,0.5,24,atr,3.0,2.0,1.0,-0.19079176780525808,-0.21296051570753005,-0.042619938865899765,-0.20013070838179214,159,0.32075471698113206,0.9444249489015393,-0.0003023849788440929,43.78616352201258,"{'stop': 77, 'max_hold': 29, 'breakeven': 27, 'target': 26}"
repeat_sweep,0.5,24,atr,3.0,3.0,,0.132251559583593,0.04489357548194729,0.007496922822861185,-0.1669932221343311,129,0.4263565891472868,1.034006556230575,0.00022257235665877896,59.0,"{'stop': 61, 'max_hold': 49, 'target': 19}"
repeat_sweep,0.5,24,atr,3.0,3.0,0.5,0.4009983807676272,0.3844855739493884,0.05559708917103068,-0.14460123587978668,151,0.31125827814569534,1.124635727565758,0.0006350509813361205,47.913907284768214,"{'stop': 51, 'breakeven': 48, 'max_hold': 32, 'target': 20}"
repeat_sweep,0.5,24,atr,3.0,3.0,1.0,0.34963012758827255,0.3293510038668982,0.04583820797634819,-0.1391773744065251,133,0.38345864661654133,1.1061115100193852,0.0006149874001820122,56.150375939849624,"{'stop': 55, 'max_hold': 43, 'breakeven': 18, 'target': 17}"
repeat_sweep,0.5,24,atr,4.0,0.5,,-0.6201599514166425,-0.49643805002230273,-0.0948909636783839,-0.19114361534963098,249,0.26907630522088355,0.8731504265566509,-0.0005303425915931429,23.899598393574298,"{'stop': 180, 'target': 49, 'max_hold': 20}"
repeat_sweep,0.5,24,atr,4.0,0.5,0.5,-1.5854451989616296,-0.7074036485366346,-0.1910442864490085,-0.27006403888955177,354,0.15819209039548024,0.7200542980467516,-0.0008399483634689655,14.94632768361582,"{'stop': 149, 'breakeven': 149, 'target': 48, 'max_hold': 8}"
repeat_sweep,0.5,24,atr,4.0,0.5,1.0,-1.2232501408762486,-0.6628371162483404,-0.15140060368301744,-0.22841298408264343,290,0.19655172413793104,0.7737638573663829,-0.0007859752384103239,19.217241379310344,"{'stop': 150, 'breakeven': 82, 'target': 48, 'max_hold': 10}"
repeat_sweep,0.5,24,atr,4.0,1.0,,-0.7376305209510295,-0.49132760227481753,-0.11651996231604012,-0.2371533001129178,203,0.27586206896551724,0.8329386263544072,-0.0008223666072424343,32.960591133004925,"{'stop': 144, 'max_hold': 32, 'target': 27}"
repeat_sweep,0.5,24,atr,4.0,1.0,0.5,-1.091576925333001,-0.6083377151891249,-0.150003812736338,-0.24657983385051774,266,0.16165413533834586,0.7620759686101938,-0.0008440003800404809,22.62406015037594,"{'breakeven': 116, 'stop': 107, 'target': 29, 'max_hold': 14}"
repeat_sweep,0.5,24,atr,4.0,1.0,1.0,-0.6667044297455655,-0.47667533640496634,-0.10108178776196808,-0.21205583767835767,230,0.21304347826086956,0.8466931549116249,-0.0006191526054922518,27.404347826086955,"{'stop': 118, 'breakeven': 62, 'target': 31, 'max_hold': 19}"
repeat_sweep,0.5,24,atr,4.0,1.5,,-0.09714700733300784,-0.16453251036654187,-0.029383411157342887,-0.17858726577430306,166,0.3253012048192771,0.9685385612101476,-0.00017003515492971635,43.1144578313253,"{'stop': 106, 'max_hold': 40, 'target': 20}"
repeat_sweep,0.5,24,atr,4.0,1.5,0.5,-0.3061406535579851,-0.403355335098458,-0.062042232463869196,-0.15381532625253325,223,0.19730941704035873,0.9103955132602017,-0.00035131035931726943,29.614349775784753,"{'breakeven': 100, 'stop': 78, 'target': 23, 'max_hold': 22}"
repeat_sweep,0.5,24,atr,4.0,1.5,1.0,-0.1565968165215379,-0.2709845028649502,-0.03980783914085784,-0.1469007958757581,179,0.2681564245810056,0.9484827261695122,-0.00024588884123251224,39.07821229050279,"{'stop': 88, 'breakeven': 40, 'max_hold': 31, 'target': 20}"
repeat_sweep,0.5,24,atr,4.0,2.0,,0.12704275026187395,0.033570779729991854,0.006131084470639481,-0.18263157781712236,143,0.3706293706293706,1.0311207232619855,0.0001964839099007911,50.81818181818182,"{'stop': 83, 'max_hold': 40, 'target': 20}"
repeat_sweep,0.5,24,atr,4.0,2.0,0.5,0.3020184338148609,0.2823148719529309,0.03874215976334394,-0.13723031838649735,176,0.23863636363636365,1.0895110897352458,0.00041702813350147166,39.14772727272727,"{'breakeven': 67, 'stop': 65, 'max_hold': 23, 'target': 21}"
repeat_sweep,0.5,24,atr,4.0,2.0,1.0,0.2924530297302444,0.2582281956330659,0.03693484767491606,-0.14303181565579037,150,0.32,1.0860304639972476,0.00047127816735245253,47.26,"{'stop': 73, 'max_hold': 33, 'breakeven': 25, 'target': 19}"
repeat_sweep,0.5,24,atr,4.0,3.0,,-0.23723797141280878,-0.26527462526646917,-0.054291976277170306,-0.20466328516206123,127,0.4094488188976378,0.9239112938776677,-0.0005052706445109504,62.69291338582677,"{'stop': 60, 'max_hold': 59, 'target': 8}"
repeat_sweep,0.5,24,atr,4.0,3.0,0.5,0.42535069345100324,0.4609542835622433,0.06105176764186937,-0.13244646989732434,148,0.30405405405405406,1.138068813478825,0.0007106274558096002,51.277027027027025,"{'stop': 51, 'breakeven': 47, 'max_hold': 40, 'target': 10}"
repeat_sweep,0.5,24,atr,4.0,3.0,1.0,-0.010462970030649084,-0.09875410472231425,-0.014618483823024664,-0.14802912612220265,131,0.366412213740458,0.9931059793869812,-4.05665988275368e-05,59.595419847328245,"{'stop': 54, 'max_hold': 51, 'breakeven': 19, 'target': 7}"
repeat_sweep,0.5,24,atr,5.0,0.5,,-0.9736440659176085,-0.5704976984335798,-0.13752100912243426,-0.24105445035103001,234,0.24786324786324787,0.7953450347309996,-0.000870342580665152,27.243589743589745,"{'stop': 174, 'target': 32, 'max_hold': 28}"
repeat_sweep,0.5,24,atr,5.0,0.5,0.5,-1.6678506623956049,-0.7103299194041515,-0.20202493552037892,-0.2844100044242036,338,0.14497041420118342,0.6943624962278435,-0.0009387245785897991,16.37869822485207,"{'breakeven': 149, 'stop': 140, 'target': 38, 'max_hold': 11}"
repeat_sweep,0.5,24,atr,5.0,0.5,1.0,-1.3483834086279078,-0.6692981609087408,-0.16586306564704334,-0.24781640729722376,282,0.18439716312056736,0.751143204469258,-0.0008963821186583611,20.840425531914892,"{'stop': 149, 'breakeven': 80, 'target': 40, 'max_hold': 13}"
repeat_sweep,0.5,24,atr,5.0,1.0,,-0.3587528320086403,-0.3529808367694154,-0.07180173735347994,-0.20341539787437357,196,0.2755102040816326,0.9048351408381513,-0.00047419572177152727,35.05612244897959,"{'stop': 139, 'max_hold': 35, 'target': 22}"
repeat_sweep,0.5,24,atr,5.0,1.0,0.5,-0.5538387624621327,-0.492947436870184,-0.09416273326757574,-0.1910198252889449,258,0.15891472868217055,0.8602736373279731,-0.0005006258750632331,24.833333333333332,"{'breakeven': 113, 'stop': 104, 'target': 24, 'max_hold': 17}"
repeat_sweep,0.5,24,atr,5.0,1.0,1.0,-0.21677720412470428,-0.28921666368138804,-0.04770239622451,-0.1649365414057219,223,0.2062780269058296,0.9384262792287186,-0.0002506319442043957,29.390134529147982,"{'stop': 113, 'breakeven': 63, 'target': 27, 'max_hold': 20}"
repeat_sweep,0.5,24,atr,5.0,1.5,,0.32752287576918926,0.3484233794545402,0.04244876722621149,-0.12183099564864275,162,0.3271604938271605,1.0895145916650901,0.00048132855251112626,44.2037037037037,"{'stop': 103, 'max_hold': 41, 'target': 18}"
repeat_sweep,0.5,24,atr,5.0,1.5,0.5,0.04289686651571838,-0.05371741591893778,-0.00752147284446536,-0.14001926034222556,217,0.1935483870967742,1.0075509170724983,3.0051860071532773e-05,30.903225806451612,"{'breakeven': 97, 'stop': 77, 'max_hold': 24, 'target': 19}"
repeat_sweep,0.5,24,atr,5.0,1.5,1.0,0.17291942152851067,0.10888266569375823,0.015107527815320099,-0.13875053222715272,174,0.26436781609195403,1.0468408229607449,0.00022758303040409255,40.2816091954023,"{'stop': 87, 'breakeven': 38, 'max_hold': 31, 'target': 18}"
repeat_sweep,0.5,24,atr,5.0,2.0,,0.12295632687068761,0.02973597267212777,0.00547101875465561,-0.1839865409811775,140,0.36428571428571427,1.0308136103526389,0.00019776973021904835,53.285714285714285,"{'stop': 82, 'max_hold': 46, 'target': 12}"
repeat_sweep,0.5,24,atr,5.0,2.0,0.5,0.3874065151365306,0.4169610817582767,0.05524624239394216,-0.13249735961201736,172,0.23837209302325582,1.1197980110696077,0.0005683872904735514,41.20348837209303,"{'stop': 65, 'breakeven': 64, 'max_hold': 29, 'target': 14}"
repeat_sweep,0.5,24,atr,5.0,2.0,1.0,0.32429576026374696,0.30074603888382306,0.04261714222872892,-0.14170474991756,147,0.3129251700680272,1.0972895438494539,0.000540993842115538,49.54421768707483,"{'stop': 72, 'max_hold': 38, 'breakeven': 25, 'target': 12}"
repeat_sweep,0.5,24,atr,5.0,3.0,,-0.178956690617851,-0.24254856543466843,-0.045904112170018996,-0.18925740536850744,127,0.4015748031496063,0.9402400470308753,-0.0003977944563824533,63.04724409448819,"{'max_hold': 61, 'stop': 60, 'target': 6}"
repeat_sweep,0.5,24,atr,5.0,3.0,0.5,0.20409331913006085,0.1418957847590455,0.020478044994962863,-0.1443175005496944,147,0.29931972789115646,1.0622012609905356,0.00032232200801938463,52.12244897959184,"{'stop': 51, 'breakeven': 47, 'max_hold': 43, 'target': 6}"
repeat_sweep,0.5,24,atr,5.0,3.0,1.0,-0.16067233516390333,-0.2529982852688803,-0.03745111507876808,-0.14802912612220265,131,0.35877862595419846,0.948351190973066,-0.0003049816540765986,59.98473282442748,"{'stop': 54, 'max_hold': 53, 'breakeven': 20, 'target': 4}"
repeat_sweep,0.5,48,h4_level,,0.5,,-0.8978653268422545,-0.5613261529261302,-0.1268336550398822,-0.22595358220655248,237,0.2869198312236287,0.8096504477058467,-0.0007822561139817412,24.29957805907173,"{'stop': 167, 'target': 65, 'max_hold': 5}"
repeat_sweep,0.5,48,h4_level,,0.5,0.5,-1.163057817884281,-0.623882135631727,-0.1560028500029429,-0.25005179839775094,320,0.19375,0.7577552215965645,-0.0007357672000322286,16.553125,"{'stop': 139, 'breakeven': 118, 'target': 60, 'max_hold': 3}"
repeat_sweep,0.5,48,h4_level,,0.5,1.0,-0.8861499911188719,-0.5676880316327768,-0.12539282758484505,-0.22088333837898932,273,0.24175824175824176,0.807647869622107,-0.0006713381893318903,19.893772893772894,"{'stop': 147, 'target': 63, 'breakeven': 59, 'max_hold': 4}"
repeat_sweep,0.5,48,h4_level,,1.0,,-0.5664202600282389,-0.40794741919526606,-0.09062756048022469,-0.22215500384583964,207,0.33816425120772947,0.8705767921070494,-0.0006032873990837184,28.971014492753625,"{'stop': 134, 'target': 68, 'max_hold': 5}"
repeat_sweep,0.5,48,h4_level,,1.0,0.5,-0.6969033430421333,-0.4807259954741569,-0.10541038207357989,-0.21927331383361104,267,0.24719101123595505,0.8399071573143512,-0.0005600118432688931,20.51685393258427,"{'stop': 111, 'breakeven': 88, 'target': 64, 'max_hold': 4}"
repeat_sweep,0.5,48,h4_level,,1.0,1.0,-0.4361426862456672,-0.35999792381441426,-0.07119533029686731,-0.19776594693243243,232,0.29310344827586204,0.8958389274460411,-0.00040864991471394925,24.63362068965517,"{'stop': 119, 'target': 66, 'breakeven': 43, 'max_hold': 4}"
repeat_sweep,0.5,48,h4_level,,1.5,,-0.16694402922361773,-0.22125453263012157,-0.03516079753753776,-0.15891560330796572,181,0.39779005524861877,0.9560513376308454,-0.0002144235691449029,34.65745856353591,"{'stop': 104, 'target': 71, 'max_hold': 6}"
repeat_sweep,0.5,48,h4_level,,1.5,0.5,-0.21914662873454505,-0.2824777688890995,-0.04152541582329172,-0.1470041907602101,223,0.3004484304932735,0.9422656645741956,-0.00021984220146742506,25.94170403587444,"{'stop': 86, 'breakeven': 68, 'target': 66, 'max_hold': 3}"
repeat_sweep,0.5,48,h4_level,,1.5,1.0,-0.008175660126362621,-0.09197453745060613,-0.011891844765915871,-0.12929496679776453,193,0.3626943005181347,0.9945267963604436,-2.3655339246825957e-05,31.248704663212436,"{'stop': 94, 'target': 68, 'breakeven': 27, 'max_hold': 4}"
repeat_sweep,0.5,48,h4_level,,2.0,,-0.23470207132591173,-0.2667483903046756,-0.051948034284831635,-0.19474544616931877,159,0.44654088050314467,0.9330017922914086,-0.0003863660125309119,39.81761006289308,"{'stop': 83, 'target': 71, 'max_hold': 5}"
repeat_sweep,0.5,48,h4_level,,2.0,0.5,-0.23400150942141756,-0.2548311412255948,-0.05033487718353036,-0.19752247288713554,186,0.3655913978494624,0.9326420655666318,-0.00032017352311208304,31.908602150537636,"{'stop': 72, 'target': 67, 'breakeven': 44, 'max_hold': 3}"
repeat_sweep,0.5,48,h4_level,,2.0,1.0,-0.13190771875717616,-0.20416081498557068,-0.03479384328377555,-0.1704237088112851,168,0.4107142857142857,0.9591662673594836,-0.0002130935940031965,36.833333333333336,"{'stop': 76, 'target': 69, 'breakeven': 20, 'max_hold': 3}"
repeat_sweep,0.5,48,h4_level,,3.0,,0.015110773315929993,-0.05852262944608677,-0.008186340104269108,-0.13988332687290939,141,0.5106382978723404,1.003210738343046,1.8397752283791193e-05,47.836879432624116,"{'target': 73, 'stop': 59, 'max_hold': 9}"
repeat_sweep,0.5,48,h4_level,,3.0,0.5,0.03562275262528311,-0.03563013644704994,-0.004953604832310887,-0.13902851143083483,161,0.42857142857142855,1.0087389740617347,4.215901362324249e-05,39.62111801242236,"{'target': 70, 'stop': 53, 'breakeven': 34, 'max_hold': 4}"
repeat_sweep,0.5,48,h4_level,,3.0,1.0,-0.06671415331588813,-0.13334433372385177,-0.019829944650901155,-0.1487123156801533,147,0.47619047619047616,0.9824535478025987,-9.823898738529609e-05,44.625850340136054,"{'target': 72, 'stop': 58, 'breakeven': 12, 'max_hold': 5}"
repeat_sweep,0.5,48,atr,2.0,0.5,,-0.9408063010171045,-0.5309808877447643,-0.11891717304955107,-0.22395753932806906,330,0.3606060606060606,0.8538078975498933,-0.0005258575683589758,15.933333333333334,"{'stop': 211, 'target': 117, 'max_hold': 2}"
repeat_sweep,0.5,48,atr,2.0,0.5,0.5,-1.9250185846888803,-0.699580144260497,-0.20784651501296136,-0.2971017927226466,447,0.24384787472035793,0.7290504572103419,-0.0007375657379795612,9.89261744966443,"{'stop': 189, 'breakeven': 149, 'target': 109}"
repeat_sweep,0.5,48,atr,2.0,0.5,1.0,-1.338512566544766,-0.604169932610183,-0.1581701326769075,-0.2617974250945728,372,0.3010752688172043,0.7959867380311942,-0.0006465719537285969,12.900537634408602,"{'stop': 193, 'target': 111, 'breakeven': 67, 'max_hold': 1}"
repeat_sweep,0.5,48,atr,2.0,1.0,,-0.45076124030296494,-0.35718854836538744,-0.06279655736831957,-0.17580786857724673,230,0.3565217391304348,0.9185587427169192,-0.00036241410709368405,24.095652173913045,"{'stop': 148, 'target': 81, 'max_hold': 1}"
repeat_sweep,0.5,48,atr,2.0,1.0,0.5,-1.2320524197887335,-0.5942183538159648,-0.14336994999053176,-0.24127485977138774,316,0.25316455696202533,0.7971271137777879,-0.0006810195621721917,15.373417721518987,"{'stop': 131, 'breakeven': 105, 'target': 80}"
repeat_sweep,0.5,48,atr,2.0,1.0,1.0,-0.5238287497323598,-0.383668772861263,-0.06973570111350946,-0.18176016930813998,270,0.3074074074074074,0.9071806828935353,-0.00035048495137395366,19.122222222222224,"{'stop': 140, 'target': 83, 'breakeven': 47}"
repeat_sweep,0.5,48,atr,2.0,1.5,,-0.12055226865998053,-0.17723653915671703,-0.026773066116831057,-0.15105838922502113,163,0.3619631901840491,0.9696148983409065,-0.00016598729159177325,40.84662576687116,"{'stop': 104, 'target': 54, 'max_hold': 5}"
repeat_sweep,0.5,48,atr,2.0,1.5,0.5,-0.6204676011658105,-0.4708606866188418,-0.0875320651751389,-0.1858980111584373,232,0.2413793103448276,0.8658883600799882,-0.0005272168827405571,24.978448275862068,"{'stop': 89, 'breakeven': 87, 'target': 54, 'max_hold': 2}"
repeat_sweep,0.5,48,atr,2.0,1.5,1.0,-0.26415785941565545,-0.25682603551750305,-0.04404457164443398,-0.17149574246117383,187,0.3048128342245989,0.938801701791383,-0.0002880549655404306,33.62566844919786,"{'stop': 97, 'target': 53, 'breakeven': 33, 'max_hold': 4}"
repeat_sweep,0.5,48,atr,2.0,2.0,,0.09834269014233343,0.013765334378138741,0.0021101115300841133,-0.15329170161207728,134,0.40298507462686567,1.021828982920687,0.00014624786993029597,52.291044776119406,"{'stop': 80, 'target': 46, 'max_hold': 8}"
repeat_sweep,0.5,48,atr,2.0,2.0,0.5,-0.0265923367867018,-0.10025034616826427,-0.015592373609045751,-0.15553436177541846,183,0.2786885245901639,0.9911326910709232,-4.3011027270956644e-05,33.79234972677595,"{'stop': 69, 'breakeven': 63, 'target': 48, 'max_hold': 3}"
repeat_sweep,0.5,48,atr,2.0,2.0,1.0,0.2044748736078246,0.14617456345080374,0.0199390234538237,-0.13640556183726416,147,0.3469387755102041,1.0512928274995783,0.0002999278006331644,46.197278911564624,"{'stop': 75, 'target': 47, 'breakeven': 21, 'max_hold': 4}"
repeat_sweep,0.5,48,atr,2.0,3.0,,0.2279036786219611,0.13136174090745853,0.024332063960069705,-0.18522945716143568,106,0.44339622641509435,1.0658377004055326,0.00048273620882802854,77.13207547169812,"{'stop': 56, 'target': 34, 'max_hold': 16}"
repeat_sweep,0.5,48,atr,2.0,3.0,0.5,-0.023878879459526936,-0.08204280665185658,-0.01615270474427244,-0.19688142572712575,141,0.2695035460992908,0.9890441483251692,-5.9654213514783675e-05,53.97872340425532,"{'breakeven': 52, 'stop': 50, 'target': 31, 'max_hold': 8}"
repeat_sweep,0.5,48,atr,2.0,3.0,1.0,0.014505868359002857,-0.05808964858062531,-0.010156413406078757,-0.17484033135408283,120,0.3416666666666667,1.0007664173751671,4.991465778081174e-06,65.5,"{'stop': 54, 'target': 32, 'breakeven': 23, 'max_hold': 11}"
repeat_sweep,0.5,48,atr,3.0,0.5,,-1.0965325596287687,-0.5489417818472169,-0.1383291235586056,-0.25199233895645745,259,0.28185328185328185,0.8090840665407272,-0.0007937912435374328,21.72972972972973,"{'stop': 185, 'target': 71, 'max_hold': 3}"
repeat_sweep,0.5,48,atr,3.0,0.5,0.5,-1.9876667064571267,-0.7259872371177013,-0.2185830904877366,-0.3010839300089495,369,0.1897018970189702,0.6879625893208069,-0.0009463608153735713,13.560975609756097,"{'stop': 161, 'breakeven': 138, 'target': 68, 'max_hold': 2}"
repeat_sweep,0.5,48,atr,3.0,0.5,1.0,-1.5651009986817683,-0.637844669031633,-0.18160868923867568,-0.28472243801048225,309,0.2297734627831715,0.742643202868227,-0.0009104540122355252,16.825242718446603,"{'stop': 168, 'breakeven': 70, 'target': 69, 'max_hold': 2}"
repeat_sweep,0.5,48,atr,3.0,1.0,,-0.30998251917631203,-0.2909541474207632,-0.05670862104443619,-0.19490569750300568,187,0.2727272727272727,0.9272719170165542,-0.00037846120486236396,34.98930481283423,"{'stop': 136, 'target': 45, 'max_hold': 6}"
repeat_sweep,0.5,48,atr,3.0,1.0,0.5,-0.6473519473258914,-0.5429664715155338,-0.09452614918531022,-0.17409205566868213,265,0.19245283018867926,0.8593156191703405,-0.000500860843756587,21.943396226415093,"{'stop': 107, 'breakeven': 107, 'target': 48, 'max_hold': 3}"
repeat_sweep,0.5,48,atr,3.0,1.0,1.0,-0.21275758614216175,-0.26003750426863864,-0.03776092251124996,-0.14521337073070828,225,0.24,0.952500064210741,-0.00019318423719407124,26.88,"{'stop': 119, 'breakeven': 52, 'target': 50, 'max_hold': 4}"
repeat_sweep,0.5,48,atr,3.0,1.5,,-0.1266844412974068,-0.1688159126973375,-0.03368468638872191,-0.19953501924379413,146,0.3013698630136986,0.959744521758791,-0.0002399210362764381,51.136986301369866,"{'stop': 101, 'target': 34, 'max_hold': 11}"
repeat_sweep,0.5,48,atr,3.0,1.5,0.5,-0.41037734989549396,-0.41783554886063706,-0.07283006649072143,-0.17430318384664978,204,0.18137254901960784,0.8836286767561943,-0.00047383705172995204,33.049019607843135,"{'breakeven': 96, 'stop': 71, 'target': 33, 'max_hold': 4}"
repeat_sweep,0.5,48,atr,3.0,1.5,1.0,-0.04714389246242661,-0.11668607447441728,-0.021465367020138792,-0.1839582582311049,166,0.25301204819277107,0.9802806603140644,-9.957114374375763e-05,43.58433734939759,"{'stop': 84, 'breakeven': 40, 'target': 35, 'max_hold': 7}"
repeat_sweep,0.5,48,atr,3.0,2.0,,-0.08875102185019965,-0.14550382042778612,-0.03281835889790086,-0.22554980894256782,123,0.3333333333333333,0.9653025094576582,-0.0002476674070247899,65.45528455284553,"{'stop': 82, 'target': 27, 'max_hold': 14}"
repeat_sweep,0.5,48,atr,3.0,2.0,0.5,-0.18483322215800418,-0.21331406568056288,-0.04111438309205939,-0.19274107856360512,168,0.20238095238095238,0.9439666637878241,-0.000271160463254884,41.476190476190474,"{'breakeven': 72, 'stop': 62, 'target': 30, 'max_hold': 4}"
repeat_sweep,0.5,48,atr,3.0,2.0,1.0,0.11360890844415002,0.02750272041224658,0.004853878817691282,-0.17648722544297535,137,0.27007299270072993,1.0295229408544835,0.0001749224447344333,56.63503649635037,"{'stop': 69, 'breakeven': 31, 'target': 29, 'max_hold': 8}"
repeat_sweep,0.5,48,atr,3.0,3.0,,0.7641557347459662,0.8626837092559647,0.1374257913901029,-0.15930032051796594,99,0.42424242424242425,1.282544444376923,0.002098348798711606,88.12121212121212,"{'stop': 53, 'max_hold': 24, 'target': 22}"
repeat_sweep,0.5,48,atr,3.0,3.0,0.5,0.39820634257013177,0.3605331196702771,0.05676373761024789,-0.1574438921510477,130,0.25384615384615383,1.1356953308084605,0.000757470237228844,63.56923076923077,"{'breakeven': 49, 'stop': 47, 'target': 19, 'max_hold': 15}"
repeat_sweep,0.5,48,atr,3.0,3.0,1.0,0.4644667481144817,0.45324730782616685,0.07049640333656115,-0.1555362869658754,111,0.3153153153153153,1.160674719989347,0.0010639781653971878,76.06306306306307,"{'stop': 51, 'breakeven': 23, 'target': 20, 'max_hold': 17}"
repeat_sweep,0.5,48,atr,4.0,0.5,,-0.3152694850359033,-0.31984626136105593,-0.0559405796111796,-0.17489833826142964,225,0.25333333333333335,0.9302717384994602,-0.00031030368148647137,28.102222222222224,"{'stop': 168, 'target': 51, 'max_hold': 6}"
repeat_sweep,0.5,48,atr,4.0,0.5,0.5,-1.3958669999787314,-0.6902871644535421,-0.172909841094935,-0.2504897236961042,342,0.15204678362573099,0.7470870496869071,-0.0007741781312284672,16.067251461988302,"{'breakeven': 146, 'stop': 144, 'target': 50, 'max_hold': 2}"
repeat_sweep,0.5,48,atr,4.0,0.5,1.0,-0.8621588297654544,-0.5546834130451441,-0.1154726693838315,-0.20817761387509437,279,0.1935483870967742,0.8315997904425502,-0.0005975879141854946,20.555555555555557,"{'stop': 147, 'breakeven': 78, 'target': 51, 'max_hold': 3}"
repeat_sweep,0.5,48,atr,4.0,1.0,,-0.2427097178570828,-0.3065816634941961,-0.053330916599327094,-0.17395337996245397,166,0.24096385542168675,0.928379247404176,-0.0003898884727426345,44.80722891566265,"{'stop': 124, 'target': 31, 'max_hold': 11}"
repeat_sweep,0.5,48,atr,4.0,1.0,0.5,-0.6455393175533243,-0.5030655717642674,-0.10118086930838166,-0.20112859036156472,238,0.15546218487394958,0.8374705674484986,-0.0005988800245224282,26.77310924369748,"{'breakeven': 103, 'stop': 98, 'target': 33, 'max_hold': 4}"
repeat_sweep,0.5,48,atr,4.0,1.0,1.0,-0.1343845576860124,-0.21984622017549543,-0.03373806712793359,-0.15346212048131502,200,0.2,0.9581254501525728,-0.00017895061181092333,33.275,"{'stop': 107, 'breakeven': 53, 'target': 35, 'max_hold': 5}"
repeat_sweep,0.5,48,atr,4.0,1.5,,-0.04366351674042365,-0.12018810264328603,-0.02093480762610056,-0.17418369344122453,137,0.291970802919708,0.9822514629837426,-0.00010888208703317389,60.68613138686131,"{'stop': 96, 'target': 23, 'max_hold': 18}"
repeat_sweep,0.5,48,atr,4.0,1.5,0.5,-0.41938654212247134,-0.3849981203484992,-0.07705095798554895,-0.20013333549733348,195,0.16923076923076924,0.8735117908413754,-0.0005263558270953801,37.68205128205128,"{'breakeven': 93, 'stop': 69, 'target': 23, 'max_hold': 10}"
repeat_sweep,0.5,48,atr,4.0,1.5,1.0,-0.0004211879767696478,-0.0898329236455954,-0.014203065008535076,-0.15810534080543048,155,0.23870967741935484,0.9934377850986928,-3.372089955267105e-05,51.438709677419354,"{'stop': 79, 'breakeven': 39, 'target': 25, 'max_hold': 12}"
repeat_sweep,0.5,48,atr,4.0,2.0,,0.23831150783431246,0.1605830047189887,0.028096204862805507,-0.1749637510642692,117,0.3333333333333333,1.0720211842155891,0.000521967120284133,73.71794871794872,"{'stop': 78, 'max_hold': 21, 'target': 18}"
repeat_sweep,0.5,48,atr,4.0,2.0,0.5,0.2698322486346826,0.21747493465669965,0.033664271924161326,-0.15479610088078832,158,0.1962025316455696,1.0862558717608073,0.00042337338996924456,47.74050632911393,"{'breakeven': 68, 'stop': 59, 'target': 22, 'max_hold': 9}"
repeat_sweep,0.5,48,atr,4.0,2.0,1.0,0.36187037860428023,0.3521197988254974,0.05216390126826864,-0.14814248287731158,129,0.2558139534883721,1.1200887170808866,0.0007246627026271755,64.03100775193798,"{'stop': 66, 'breakeven': 30, 'target': 20, 'max_hold': 13}"
repeat_sweep,0.5,48,atr,4.0,3.0,,0.6689747137962785,0.7895600640014081,0.12244632917050358,-0.15508171544284843,99,0.3939393939393939,1.250995924368924,0.001926505206678443,94.05050505050505,"{'stop': 56, 'max_hold': 29, 'target': 14}"
repeat_sweep,0.5,48,atr,4.0,3.0,0.5,0.6227919362053802,0.6709423479662991,0.10875744618477201,-0.16209655943528967,129,0.24031007751937986,1.2366534936035538,0.001335641550627619,67.95348837209302,"{'breakeven': 50, 'stop': 47, 'max_hold': 17, 'target': 15}"
repeat_sweep,0.5,48,atr,4.0,3.0,1.0,0.5476574730119836,0.5681815494303724,0.09129539012855536,-0.16067996262828865,110,0.3,1.2033602048429983,0.0013482697535861046,82.48181818181818,"{'stop': 50, 'breakeven': 25, 'max_hold': 21, 'target': 14}"
repeat_sweep,0.5,48,atr,5.0,0.5,,-0.5128683911428993,-0.44019788260908294,-0.08390590941733111,-0.19060952524354513,202,0.21782178217821782,0.8764921435502736,-0.0005652367489307494,34.67326732673267,"{'stop': 157, 'target': 36, 'max_hold': 9}"
repeat_sweep,0.5,48,atr,5.0,0.5,0.5,-1.3350052800570953,-0.6812218044552496,-0.16775300180860386,-0.24625313034827234,315,0.1365079365079365,0.7404480571301908,-0.000811650545213766,18.806349206349207,"{'breakeven': 142, 'stop': 130, 'target': 40, 'max_hold': 3}"
repeat_sweep,0.5,48,atr,5.0,0.5,1.0,-0.9290525702608654,-0.5759421909417256,-0.12268176210840476,-0.21301054869379732,265,0.17735849056603772,0.8158437759205385,-0.0006736885379913357,23.237735849056605,"{'stop': 140, 'breakeven': 78, 'target': 42, 'max_hold': 5}"
repeat_sweep,0.5,48,atr,5.0,1.0,,-0.1505887112785712,-0.21285300013039934,-0.041965090326161913,-0.19715526819191176,159,0.22641509433962265,0.9485498393983629,-0.00028754346148292085,49.528301886792455,"{'stop': 121, 'target': 22, 'max_hold': 16}"
repeat_sweep,0.5,48,atr,5.0,1.0,0.5,-0.44655879108112323,-0.4078669666000561,-0.08174851189291832,-0.200429352184039,229,0.13973799126637554,0.8721217797672971,-0.0004770333822318949,29.88646288209607,"{'breakeven': 104, 'stop': 93, 'target': 25, 'max_hold': 7}"
repeat_sweep,0.5,48,atr,5.0,1.0,1.0,-0.005257708565140638,-0.09129304797327344,-0.01563929768494865,-0.17130874729395762,193,0.18134715025906736,0.9915746801084042,-3.6190829155177796e-05,36.55440414507772,"{'stop': 101, 'breakeven': 57, 'target': 27, 'max_hold': 8}"
repeat_sweep,0.5,48,atr,5.0,1.5,,0.5196579686552609,0.6959946312464425,0.08078767108856488,-0.11607513544161097,134,0.291044776119403,1.1612748891736642,0.000992282518734635,62.38059701492537,"{'stop': 94, 'max_hold': 20, 'target': 20}"
repeat_sweep,0.5,48,atr,5.0,1.5,0.5,0.12834671134908238,0.04902395105391248,0.007235009771803469,-0.14758112343591,190,0.1631578947368421,1.035616451264242,0.00015034737899541394,38.94210526315789,"{'breakeven': 91, 'stop': 68, 'target': 21, 'max_hold': 10}"
repeat_sweep,0.5,48,atr,5.0,1.5,1.0,0.505952745702278,0.5615704487789689,0.07846709441593092,-0.1397279621578078,151,0.23178807947019867,1.1643271698544924,0.0008584227626826072,52.9271523178808,"{'stop': 78, 'breakeven': 38, 'target': 22, 'max_hold': 13}"
repeat_sweep,0.5,48,atr,5.0,2.0,,0.4456220049047342,0.4628507570097162,0.07330311223877106,-0.1583731065113766,117,0.3333333333333333,1.1494374419540627,0.00107085254350973,75.41880341880342,"{'stop': 78, 'max_hold': 23, 'target': 16}"
repeat_sweep,0.5,48,atr,5.0,2.0,0.5,0.6317962554109777,0.7874982593995997,0.11162950040481623,-0.14175205985842332,155,0.2,1.2295523326359465,0.0011334926267983043,51.44516129032258,"{'breakeven': 66, 'stop': 58, 'target': 19, 'max_hold': 12}"
repeat_sweep,0.5,48,atr,5.0,2.0,1.0,0.6127964817375768,0.7732555427869093,0.10796899257751025,-0.13962912207312028,127,0.25984251968503935,1.2199025806109616,0.0013473776302079486,67.71653543307086,"{'stop': 67, 'breakeven': 27, 'target': 17, 'max_hold': 16}"
repeat_sweep,0.5,48,atr,5.0,3.0,,0.571953030297063,0.6598187747283083,0.09752565622457898,-0.14780673112058207,97,0.38144329896907214,1.2082799209065451,0.0016273753991412495,98.6701030927835,"{'stop': 56, 'max_hold': 31, 'target': 10}"
repeat_sweep,0.5,48,atr,5.0,3.0,0.5,0.40122226498814656,0.3765825727370076,0.059447708594516646,-0.15786101879980752,127,0.2125984251968504,1.1446143854816893,0.0008309089690243911,70.85826771653544,"{'breakeven': 52, 'stop': 47, 'max_hold': 18, 'target': 10}"
repeat_sweep,0.5,48,atr,5.0,3.0,1.0,0.38278654987512584,0.36721422469457493,0.05527069602631407,-0.15051349405727588,108,0.2777777777777778,1.1357227821929101,0.0009173810521315283,86.13888888888889,"{'stop': 50, 'breakeven': 26, 'max_hold': 22, 'target': 10}"
repeat_sweep,0.5,96,h4_level,,0.5,,-1.0579541126031844,-0.5840207058900113,-0.1471786906581961,-0.2520093708559612,233,0.27467811158798283,0.7760536791175374,-0.000941342087437735,25.59656652360515,"{'stop': 167, 'target': 65, 'max_hold': 1}"
repeat_sweep,0.5,96,h4_level,,0.5,0.5,-1.3015348675692144,-0.6356088715158072,-0.17200422748505484,-0.2706133208538408,318,0.18867924528301888,0.7292864500314983,-0.0008274063528669887,17.27672955974843,"{'stop': 139, 'breakeven': 118, 'target': 60, 'max_hold': 1}"
repeat_sweep,0.5,96,h4_level,,0.5,1.0,-1.0198823751872357,-0.585923743094973,-0.14182282777255883,-0.2420499756903871,269,0.2342007434944238,0.7786065054036204,-0.000783153394253342,20.936802973977695,"{'stop': 146, 'target': 63, 'breakeven': 59, 'max_hold': 1}"
repeat_sweep,0.5,96,h4_level,,1.0,,-0.7320545922879887,-0.455257373967721,-0.11264115844720124,-0.24742302901212931,204,0.3235294117647059,0.8357841897363977,-0.0007834517837401173,30.485294117647058,"{'stop': 135, 'target': 68, 'max_hold': 1}"
repeat_sweep,0.5,96,h4_level,,1.0,0.5,-0.8322473355677081,-0.5120661553612176,-0.12201324492449772,-0.23827633138227644,264,0.23863636363636365,0.8112912553253337,-0.0006676128012964652,21.53409090909091,"{'stop': 111, 'breakeven': 88, 'target': 64, 'max_hold': 1}"
repeat_sweep,0.5,96,h4_level,,1.0,1.0,-0.6249562958509136,-0.4235496560644597,-0.09604937192330643,-0.2267723997601092,229,0.2794759825327511,0.85377658789489,-0.0005834993656107972,25.61572052401747,"{'stop': 119, 'target': 66, 'breakeven': 44}"
repeat_sweep,0.5,96,h4_level,,1.5,,-0.3643959153447515,-0.32534277579297965,-0.06222129960692724,-0.1912484439074177,176,0.3806818181818182,0.9105390988379637,-0.0004535934532140341,37.04545454545455,"{'stop': 104, 'target': 71, 'max_hold': 1}"
repeat_sweep,0.5,96,h4_level,,1.5,0.5,-0.36660804579794454,-0.3568228685475208,-0.06057388927738949,-0.16975898860956107,221,0.29411764705882354,0.9079514506620192,-0.0003536766849184853,27.167420814479637,"{'stop': 86, 'breakeven': 68, 'target': 66, 'max_hold': 1}"
repeat_sweep,0.5,96,h4_level,,1.5,1.0,-0.20162444293664494,-0.24053999208806853,-0.038953372749999327,-0.16194135707686141,189,0.3492063492063492,0.9464407453517434,-0.00023684274857206834,32.79365079365079,"{'stop': 93, 'target': 68, 'breakeven': 28}"
repeat_sweep,0.5,96,h4_level,,2.0,,-0.41315579675460773,-0.350026564826961,-0.07995052363300603,-0.22841273110950977,156,0.42948717948717946,0.8880092335054793,-0.0006682860513625976,42.12820512820513,"{'stop': 84, 'target': 71, 'max_hold': 1}"
repeat_sweep,0.5,96,h4_level,,2.0,0.5,-0.34929974898120525,-0.31138307994402653,-0.06803862400426053,-0.21850456362783421,184,0.358695652173913,0.9023643832093912,-0.0004691373922437395,33.34782608695652,"{'stop': 72, 'target': 67, 'breakeven': 44, 'max_hold': 1}"
repeat_sweep,0.5,96,h4_level,,2.0,1.0,-0.24616788043129414,-0.27477026026705476,-0.0527873075247659,-0.19211434117164228,166,0.4036144578313253,0.9286331159192064,-0.0003769200522080581,38.48795180722892,"{'stop': 76, 'target': 69, 'breakeven': 20, 'max_hold': 1}"
repeat_sweep,0.5,96,h4_level,,3.0,,-0.1395166914943799,-0.18955465372320027,-0.030197128185977973,-0.159305654558467,135,0.5111111111111111,0.9642913637344905,-0.00021855526254582706,52.39259259259259,"{'target': 73, 'stop': 60, 'max_hold': 2}"
repeat_sweep,0.5,96,h4_level,,3.0,0.5,-0.1448358191414388,-0.1745407188367803,-0.029570032159300652,-0.16941623912385007,157,0.42038216560509556,0.9617291745300802,-0.0001888248547054784,41.76433121019108,"{'target': 70, 'stop': 53, 'breakeven': 34}"
repeat_sweep,0.5,96,h4_level,,3.0,1.0,-0.2844008722685323,-0.26991678281302867,-0.04962146463704853,-0.18383986397548802,144,0.4652777777777778,0.9286030064833535,-0.0004112848760545405,46.81944444444444,"{'target': 72, 'stop': 59, 'breakeven': 13}"
repeat_sweep,0.5,96,atr,2.0,0.5,,-0.9199930674142456,-0.5282418898363959,-0.1170234813850709,-0.22153389126582668,326,0.3558282208588957,0.856351137439628,-0.0005224961253256775,16.171779141104295,"{'stop': 210, 'target': 116}"
repeat_sweep,0.5,96,atr,2.0,0.5,0.5,-1.9250185846888803,-0.699580144260497,-0.20784651501296136,-0.2971017927226466,447,0.24384787472035793,0.7290504572103419,-0.0007375657379795612,9.89261744966443,"{'stop': 189, 'breakeven': 149, 'target': 109}"
repeat_sweep,0.5,96,atr,2.0,0.5,1.0,-1.3275179053051516,-0.6033894762323497,-0.1572869359440019,-0.2606723221726107,369,0.2981029810298103,0.797098626728701,-0.0006475856353075959,13.037940379403794,"{'stop': 192, 'target': 110, 'breakeven': 67}"
repeat_sweep,0.5,96,atr,2.0,1.0,,-0.4409274252782847,-0.35397944031018247,-0.06176658439315952,-0.17449201100220724,229,0.3537117903930131,0.9201548257995474,-0.0003568631060602245,24.209606986899562,"{'stop': 148, 'target': 81}"
repeat_sweep,0.5,96,atr,2.0,1.0,0.5,-1.2320524197887335,-0.5942183538159648,-0.14336994999053176,-0.24127485977138774,316,0.25316455696202533,0.7971271137777879,-0.0006810195621721917,15.373417721518987,"{'stop': 131, 'breakeven': 105, 'target': 80}"
repeat_sweep,0.5,96,atr,2.0,1.0,1.0,-0.5238287497323598,-0.383668772861263,-0.06973570111350946,-0.18176016930813998,270,0.3074074074074074,0.9071806828935353,-0.00035048495137395366,19.122222222222224,"{'stop': 140, 'target': 83, 'breakeven': 47}"
repeat_sweep,0.5,96,atr,2.0,1.5,,-0.06749262461084256,-0.12571403470563097,-0.01968069428846808,-0.15655128987429234,156,0.33974358974358976,0.9822811723497114,-0.00010130996283771298,43.80769230769231,"{'stop': 103, 'target': 53}"
repeat_sweep,0.5,96,atr,2.0,1.5,0.5,-0.5326919739069594,-0.4472486083049992,-0.07705478208405914,-0.17228624226710165,232,0.23706896551724138,0.8846759212902439,-0.0004538705025536075,25.28448275862069,"{'stop': 89, 'breakeven': 88, 'target': 55}"
repeat_sweep,0.5,96,atr,2.0,1.5,1.0,-0.07443708147729786,-0.13866784823629263,-0.019465982750644484,-0.1403784871419803,181,0.292817679558011,0.98142280165754,-8.958323766088427e-05,35.64088397790055,"{'stop': 95, 'target': 53, 'breakeven': 33}"
repeat_sweep,0.5,96,atr,2.0,2.0,,0.01681281959410247,-0.059540277463281714,-0.012174585314847053,-0.20447646254848373,131,0.37404580152671757,1.0001972914993038,1.4127292657755658e-06,56.29770992366412,"{'stop': 82, 'target': 49}"
repeat_sweep,0.5,96,atr,2.0,2.0,0.5,0.1430350939985957,0.0667794120086985,0.01009298546000914,-0.1511391783248175,183,0.2786885245901639,1.0342435217279093,0.00016609876329706436,34.21857923497268,"{'stop': 69, 'breakeven': 63, 'target': 51}"
repeat_sweep,0.5,96,atr,2.0,2.0,1.0,0.4492178308655772,0.45213860255735216,0.06060134534885275,-0.13403267273814712,145,0.3448275862068966,1.1197978978044407,0.0007039568601054323,47.827586206896555,"{'stop': 74, 'target': 50, 'breakeven': 21}"
repeat_sweep,0.5,96,atr,2.0,3.0,,0.09900886233732407,0.008647587686509122,0.0021131491662458313,-0.2443628492536133,85,0.38823529411764707,1.0268971407373781,0.00022756109591424975,107.81176470588235,"{'stop': 48, 'target': 29, 'max_hold': 8}"
repeat_sweep,0.5,96,atr,2.0,3.0,0.5,0.0041403021495860694,-0.06138718136359062,-0.012220709234061489,-0.1990759139384386,127,0.2283464566929134,0.9971627959833514,-1.6003274206408138e-05,62.08661417322835,"{'breakeven': 52, 'stop': 46, 'target': 29}"
repeat_sweep,0.5,96,atr,2.0,3.0,1.0,-0.2482694315119607,-0.234853579662248,-0.05099193487728659,-0.21712223824997712,106,0.2641509433962264,0.9190229262582258,-0.0005698465423294365,79.85849056603773,"{'stop': 50, 'target': 28, 'breakeven': 27, 'max_hold': 1}"
repeat_sweep,0.5,96,atr,3.0,0.5,,-1.1551263933179259,-0.5540972522708539,-0.14262827559567182,-0.25740657440754144,247,0.27530364372469635,0.795829391736911,-0.0008633198352714247,23.45748987854251,"{'stop': 179, 'target': 66, 'max_hold': 2}"
repeat_sweep,0.5,96,atr,3.0,0.5,0.5,-1.9593883377714971,-0.7256310394305123,-0.21669700376927115,-0.2986324895078064,366,0.1885245901639344,0.6893210073062805,-0.0009445599861483367,13.811475409836065,"{'stop': 160, 'breakeven': 137, 'target': 69}"
repeat_sweep,0.5,96,atr,3.0,0.5,1.0,-1.6968772061787112,-0.6458321129345107,-0.1940351925721464,-0.30044215622926473,304,0.22039473684210525,0.720774145510712,-0.0009990173207679916,17.55263157894737,"{'stop': 166, 'breakeven': 71, 'target': 67}"
repeat_sweep,0.5,96,atr,3.0,1.0,,-0.3250027760896165,-0.2962535222302303,-0.05834057756998057,-0.19692787829419223,179,0.2569832402234637,0.9233476891817586,-0.00040887194148647363,37.150837988826815,"{'stop': 133, 'target': 45, 'max_hold': 1}"
repeat_sweep,0.5,96,atr,3.0,1.0,0.5,-0.6118266170026255,-0.536345572121839,-0.09053450131368013,-0.1687988230340305,262,0.18702290076335878,0.8663125692096049,-0.00048098482126398336,22.293893129770993,"{'stop': 107, 'breakeven': 106, 'target': 49}"
repeat_sweep,0.5,96,atr,3.0,1.0,1.0,-0.10064917721981968,-0.18168987770685532,-0.023098604663205013,-0.1271320392458687,223,0.23318385650224216,0.9771675111356091,-9.365677690500459e-05,27.47085201793722,"{'stop': 119, 'target': 52, 'breakeven': 52}"
repeat_sweep,0.5,96,atr,3.0,1.5,,-0.28023184908796334,-0.25257604148134555,-0.05763457010372186,-0.228187003667086,130,0.26153846153846155,0.9162421369787924,-0.0005468420631487409,59.784615384615385,"{'stop': 96, 'target': 32, 'max_hold': 2}"
repeat_sweep,0.5,96,atr,3.0,1.5,0.5,-0.3472513283720948,-0.39023694328880487,-0.06388841346050056,-0.1637169790283497,199,0.1708542713567839,0.8999637726433464,-0.00041287927966247927,34.653266331658294,"{'breakeven': 94, 'stop': 71, 'target': 34}"
repeat_sweep,0.5,96,atr,3.0,1.5,1.0,0.02268910460746425,-0.06103291538504093,-0.010408030024570025,-0.17053142486981732,155,0.21935483870967742,1.0010764494886482,5.657757112894462e-06,48.71612903225807,"{'stop': 79, 'breakeven': 42, 'target': 34}"
repeat_sweep,0.5,96,atr,3.0,2.0,,-0.4181149591365944,-0.31716912517994983,-0.09048335473259173,-0.28528424600362623,110,0.2818181818181818,0.8671416770376912,-0.001083228288307364,78.53636363636363,"{'stop': 79, 'target': 29, 'max_hold': 2}"
repeat_sweep,0.5,96,atr,3.0,2.0,0.5,-0.15759552404508942,-0.19167920443372574,-0.03682512679226713,-0.1921185289821027,164,0.18902439024390244,0.9512169275093654,-0.00023694026670214877,43.859756097560975,"{'breakeven': 72, 'stop': 61, 'target': 31}"
repeat_sweep,0.5,96,atr,3.0,2.0,1.0,0.05174816012372144,-0.034293197329798325,-0.005861844706447905,-0.17093316350978982,129,0.23255813953488372,1.0112647621881705,6.901088687577076e-05,63.224806201550386,"{'stop': 65, 'breakeven': 34, 'target': 30}"
repeat_sweep,0.5,96,atr,3.0,3.0,,0.5543821841996741,0.42672894293937064,0.09207781761177447,-0.21577589037558398,75,0.38666666666666666,1.225913042422741,0.001981751025743767,133.01333333333332,"{'stop': 43, 'target': 21, 'max_hold': 11}"
repeat_sweep,0.5,96,atr,3.0,3.0,0.5,0.6973821771215242,0.7447558311733743,0.12012598829531385,-0.1612958009419725,110,0.22727272727272727,1.294177110895998,0.0016897675346978544,79.99090909090908,"{'breakeven': 46, 'stop': 39, 'target': 22, 'max_hold': 3}"
repeat_sweep,0.5,96,atr,3.0,3.0,1.0,0.2561563011634739,0.19360231927376653,0.03067925801771665,-0.15846534345662533,95,0.24210526315789474,1.0947112871660982,0.0006648087398417905,95.26315789473684,"{'stop': 44, 'breakeven': 28, 'target': 20, 'max_hold': 3}"
repeat_sweep,0.5,96,atr,4.0,0.5,,-0.27943140969787916,-0.3094299547489797,-0.0506342947670938,-0.1636373401798481,214,0.2383177570093458,0.9366006288502182,-0.00028835550140702805,30.626168224299064,"{'stop': 163, 'target': 49, 'max_hold': 2}"
repeat_sweep,0.5,96,atr,4.0,0.5,0.5,-1.3916827081016379,-0.6902618958408336,-0.1728406620252041,-0.25039867196299526,339,0.1504424778761062,0.7456309574473022,-0.0007807487245584793,16.309734513274336,"{'breakeven': 145, 'stop': 143, 'target': 51}"
repeat_sweep,0.5,96,atr,4.0,0.5,1.0,-0.8990097831103827,-0.5601504948021017,-0.11964938140967041,-0.21360220604989721,274,0.18248175182481752,0.823824129755033,-0.000633053936371468,21.631386861313867,"{'stop': 145, 'breakeven': 79, 'target': 50}"
repeat_sweep,0.5,96,atr,4.0,1.0,,-0.4362355407999419,-0.3819321544865764,-0.08223507664933571,-0.21531331071059634,149,0.2214765100671141,0.8719052204961879,-0.0007422689682417551,51.88590604026846,"{'stop': 116, 'target': 31, 'max_hold': 2}"
repeat_sweep,0.5,96,atr,4.0,1.0,0.5,-0.538399802522617,-0.4783334225758599,-0.08810783364236052,-0.1841975272559745,234,0.14957264957264957,0.8619548668131414,-0.0005169202827860699,27.662393162393162,"{'breakeven': 101, 'stop': 98, 'target': 35}"
repeat_sweep,0.5,96,atr,4.0,1.0,1.0,-0.23973323092885432,-0.33328251965122774,-0.049325808114012326,-0.14799998561469896,195,0.18461538461538463,0.92898354946424,-0.00030634197786636553,35.16410256410256,"{'stop': 105, 'breakeven': 54, 'target': 36}"
repeat_sweep,0.5,96,atr,4.0,1.5,,-0.04334090519212463,-0.11712984802932196,-0.020885207773314263,-0.17830816076945577,116,0.2413793103448276,0.9832145759718963,-0.00011294728764640984,74.86206896551724,"{'stop': 88, 'target': 24, 'max_hold': 4}"
repeat_sweep,0.5,96,atr,4.0,1.5,0.5,-0.01577784110983728,-0.07803449291403558,-0.01502677964741439,-0.19256586525100128,176,0.1534090909090909,0.9916206687844841,-3.507533648779567e-05,43.90340909090909,"{'breakeven': 86, 'stop': 63, 'target': 26, 'max_hold': 1}"
repeat_sweep,0.5,96,atr,4.0,1.5,1.0,0.08163285859384228,-0.0016995837255535191,-0.0002480803243908314,-0.1459653447258309,133,0.18045112781954886,1.0236606291205514,0.00012601177310962152,63.65413533834587,"{'stop': 67, 'breakeven': 42, 'target': 23, 'max_hold': 1}"
repeat_sweep,0.5,96,atr,4.0,2.0,,0.099940394095393,0.0005093408947130283,0.00012121602580372759,-0.23798604640222898,94,0.2872340425531915,1.0277225743928173,0.00023385695300134738,97.3936170212766,"{'stop': 67, 'target': 21, 'max_hold': 6}"
repeat_sweep,0.5,96,atr,4.0,2.0,0.5,0.3942211126520446,0.3767120885784486,0.05787464991862867,-0.15363098682875564,147,0.17687074829931973,1.1401978609092416,0.0006878757850624,52.224489795918366,"{'breakeven': 66, 'stop': 55, 'target': 24, 'max_hold': 2}"
repeat_sweep,0.5,96,atr,4.0,2.0,1.0,0.34717715209423505,0.31419908226763993,0.04964209840507339,-0.15799568237690598,114,0.20175438596491227,1.1286944059688975,0.0007992921696466766,75.99122807017544,"{'stop': 58, 'breakeven': 33, 'target': 21, 'max_hold': 2}"
repeat_sweep,0.5,96,atr,4.0,3.0,,0.6699123274147499,0.5489011150574753,0.12180405330105737,-0.22190527575864605,72,0.3611111111111111,1.2929526978589378,0.0026588837169138663,144.51388888888889,"{'stop': 43, 'target': 15, 'max_hold': 13, 'data_end': 1}"
repeat_sweep,0.5,96,atr,4.0,3.0,0.5,0.458809659680924,0.43971984609114195,0.07180927235588141,-0.16330687139601452,108,0.17592592592592593,1.1954562098027792,0.0011437352101781276,87.48148148148148,"{'breakeven': 50, 'stop': 39, 'target': 14, 'max_hold': 5}"
repeat_sweep,0.5,96,atr,4.0,3.0,1.0,0.26694664373753246,0.18094083531272562,0.03365315285163839,-0.18598981702209239,91,0.1978021978021978,1.106976693935539,0.0007819689104903336,105.26373626373626,"{'stop': 44, 'breakeven': 29, 'target': 14, 'max_hold': 4}"
repeat_sweep,0.5,96,atr,5.0,0.5,,-0.5797204854013512,-0.47747259725204155,-0.0920324641139304,-0.1927492062237649,188,0.2074468085106383,0.8557652859579036,-0.000679070989997544,39.78191489361702,"{'stop': 149, 'target': 36, 'max_hold': 3}"
repeat_sweep,0.5,96,atr,5.0,0.5,0.5,-1.2428433368318268,-0.6776425727478304,-0.15948772074354534,-0.23535670153784027,310,0.13548387096774195,0.7533993976642469,-0.0007777653185758995,19.383870967741935,"{'breakeven': 139, 'stop': 129, 'target': 42}"
repeat_sweep,0.5,96,atr,5.0,0.5,1.0,-1.2045901867251863,-0.6656819898782353,-0.15047642513302506,-0.22604851478789412,258,0.16279069767441862,0.762216358677056,-0.0008762638120696772,25.1046511627907,"{'stop': 138, 'breakeven': 78, 'target': 42}"
repeat_sweep,0.5,96,atr,5.0,1.0,,-0.17667076475156054,-0.1993912324646816,-0.04293863604880088,-0.2153486666290939,136,0.20588235294117646,0.9421217860536875,-0.00034728419203553613,60.38970588235294,"{'stop': 108, 'target': 24, 'max_hold': 4}"
repeat_sweep,0.5,96,atr,5.0,1.0,0.5,-0.22346557138381343,-0.24572690114078782,-0.04843552686330166,-0.19711121020303268,210,0.12857142857142856,0.9307223602185644,-0.00026721961434195656,33.65238095238095,"{'breakeven': 96, 'stop': 87, 'target': 26, 'max_hold': 1}"
repeat_sweep,0.5,96,atr,5.0,1.0,1.0,-0.2508617285541206,-0.2923190999332915,-0.0531420268514734,-0.1817945760766253,182,0.14835164835164835,0.9208290775517223,-0.0003487002907956777,39.96153846153846,"{'stop': 97, 'breakeven': 58, 'target': 26, 'max_hold': 1}"
repeat_sweep,0.5,96,atr,5.0,1.5,,0.4877633441090958,0.4642020983055961,0.07493043639399777,-0.16141770290893676,108,0.25,1.1719997653884784,0.0011646892341580803,82.64814814814815,"{'stop': 81, 'target': 21, 'max_hold': 6}"
repeat_sweep,0.5,96,atr,5.0,1.5,0.5,0.4153479806828265,0.40155657452754656,0.05926217039185122,-0.14758112343591046,168,0.15476190476190477,1.144222794143293,0.0006098034644103205,45.208333333333336,"{'breakeven': 83, 'stop': 59, 'target': 23, 'max_hold': 3}"
repeat_sweep,0.5,96,atr,5.0,1.5,1.0,0.48191598592688717,0.5297716651925077,0.07417969443057792,-0.14002201194286712,128,0.1796875,1.1828305886654351,0.000972729486226128,66.5703125,"{'stop': 63, 'breakeven': 42, 'target': 20, 'max_hold': 3}"
repeat_sweep,0.5,96,atr,5.0,2.0,,-0.117346254164449,-0.14800968382655014,-0.040568396320225464,-0.2740928517066953,92,0.2608695652173913,0.951425359366978,-0.00041844000278162255,104.1195652173913,"{'stop': 68, 'target': 17, 'max_hold': 7}"
repeat_sweep,0.5,96,atr,5.0,2.0,0.5,0.5477642004734151,0.5961773397128933,0.08991116830430812,-0.15081279061630803,139,0.16546762589928057,1.2095568144747921,0.0010604645135361777,58.460431654676256,"{'breakeven': 63, 'stop': 53, 'target': 21, 'max_hold': 2}"
repeat_sweep,0.5,96,atr,5.0,2.0,1.0,0.11824850795403345,0.02667741277093121,0.0049922241552990965,-0.18713299517331106,109,0.1743119266055046,1.0397952066884026,0.00025792109921063275,84.1651376146789,"{'stop': 58, 'breakeven': 32, 'target': 16, 'max_hold': 3}"
repeat_sweep,0.5,96,atr,5.0,3.0,,0.4910633240437887,0.3680754078749266,0.08112157799679487,-0.2203939091316861,71,0.3380281690140845,1.2076819359595152,0.001928138515223687,149.73239436619718,"{'stop': 44, 'max_hold': 14, 'target': 13}"
repeat_sweep,0.5,96,atr,5.0,3.0,0.5,0.35323922371603644,0.2753781246516423,0.05143148114659302,-0.186766763742235,108,0.1574074074074074,1.150070039850474,0.000898233059887302,92.70370370370371,"{'breakeven': 51, 'stop': 40, 'target': 11, 'max_hold': 6}"
repeat_sweep,0.5,96,atr,5.0,3.0,1.0,0.17882662874958075,0.0807321831944512,0.016332971987122358,-0.20231054507448198,92,0.18478260869565216,1.0700996818195987,0.0005171627704065106,108.8913043478261,"{'stop': 45, 'breakeven': 30, 'target': 12, 'max_hold': 5}"
repeat_sweep,0.5,168,h4_level,,0.5,,-1.0676595230093322,-0.585120031421907,-0.1482657237229077,-0.25339368977439625,233,0.27467811158798283,0.7741471989086555,-0.00094935583846707,25.751072961373392,"{'stop': 167, 'target': 66}"
repeat_sweep,0.5,168,h4_level,,0.5,0.5,-1.311709770138,-0.6363082930188897,-0.17302113389351892,-0.2719140011088659,318,0.18867924528301888,0.7274271166085071,-0.0008330892020869848,17.39308176100629,"{'stop': 139, 'breakeven': 118, 'target': 61}"
repeat_sweep,0.5,168,h4_level,,0.5,1.0,-1.0296027431999784,-0.5870002766168236,-0.14287680159102967,-0.24340159158782715,269,0.2342007434944238,0.7767073566002417,-0.0007898714093163854,21.074349442379184,"{'stop': 146, 'target': 64, 'breakeven': 59}"
repeat_sweep,0.5,168,h4_level,,1.0,,-0.7410891139445754,-0.45725471495818815,-0.11377221414487948,-0.2488158359510474,204,0.3235294117647059,0.833865678738632,-0.000792604744474603,30.66176470588235,"{'stop': 135, 'target': 69}"
repeat_sweep,0.5,168,h4_level,,1.0,0.5,-0.8415480744044925,-0.5136633382538305,-0.1230915479634993,-0.23963467663848093,264,0.23863636363636365,0.8093563634701805,-0.0006744580514932785,21.674242424242426,"{'stop': 111, 'breakeven': 88, 'target': 65}"
repeat_sweep,0.5,168,h4_level,,1.0,1.0,-0.6249562958509136,-0.4235496560644597,-0.09604937192330643,-0.2267723997601092,229,0.2794759825327511,0.85377658789489,-0.0005834993656107972,25.61572052401747,"{'stop': 119, 'target': 66, 'breakeven': 44}"
repeat_sweep,0.5,168,h4_level,,1.5,,-0.37333150122111,-0.32901788171433927,-0.06341662205436571,-0.19274521410184464,176,0.3806818181818182,0.9084466946056106,-0.00046420256679264254,37.25,"{'stop': 104, 'target': 72}"
repeat_sweep,0.5,168,h4_level,,1.5,0.5,-0.375612256346276,-0.3604754918429062,-0.0617276493133504,-0.1712395175543614,221,0.29411764705882354,0.9058232552778073,-0.00036185381637531195,27.334841628959275,"{'stop': 86, 'breakeven': 68, 'target': 67}"
repeat_sweep,0.5,168,h4_level,,1.5,1.0,-0.20162444293664494,-0.24053999208806853,-0.038953372749999327,-0.16194135707686141,189,0.3492063492063492,0.9464407453517434,-0.00023684274857206834,32.79365079365079,"{'stop': 93, 'target': 68, 'breakeven': 28}"
repeat_sweep,0.5,168,h4_level,,2.0,,-0.4208240146109015,-0.3528480656185986,-0.08108048617590569,-0.2297886656506356,156,0.42948717948717946,0.8860679521857688,-0.0006798703209264352,42.36538461538461,"{'stop': 84, 'target': 72}"
repeat_sweep,0.5,168,h4_level,,2.0,0.5,-0.3571335271590221,-0.3146147926650115,-0.06918321619560941,-0.21989816692844688,184,0.358695652173913,0.9003203702028603,-0.00047895883817829763,33.54891304347826,"{'stop': 72, 'target': 68, 'breakeven': 44}"
repeat_sweep,0.5,168,h4_level,,2.0,1.0,-0.253867750364033,-0.27873539469543923,-0.053950630683084144,-0.19355500488925492,166,0.4036144578313253,0.9265718564760979,-0.0003878064742078093,38.71084337349398,"{'stop': 76, 'target': 70, 'breakeven': 20}"
repeat_sweep,0.5,168,h4_level,,3.0,,-0.24650041446524956,-0.25200999321791856,-0.04474758423982106,-0.17756273736782668,135,0.5037037037037037,0.9374961447769656,-0.00038265392824130375,53.955555555555556,"{'target': 75, 'stop': 60}"
repeat_sweep,0.5,168,h4_level,,3.0,0.5,-0.1448358191414388,-0.1745407188367803,-0.029570032159300652,-0.16941623912385007,157,0.42038216560509556,0.9617291745300802,-0.0001888248547054784,41.76433121019108,"{'target': 70, 'stop': 53, 'breakeven': 34}"
repeat_sweep,0.5,168,h4_level,,3.0,1.0,-0.2844008722685323,-0.26991678281302867,-0.04962146463704853,-0.18383986397548802,144,0.4652777777777778,0.9286030064833535,-0.0004112848760545405,46.81944444444444,"{'target': 72, 'stop': 59, 'breakeven': 13}"
repeat_sweep,0.5,168,atr,2.0,0.5,,-0.9199930674142456,-0.5282418898363959,-0.1170234813850709,-0.22153389126582668,326,0.3558282208588957,0.856351137439628,-0.0005224961253256775,16.171779141104295,"{'stop': 210, 'target': 116}"
repeat_sweep,0.5,168,atr,2.0,0.5,0.5,-1.9250185846888803,-0.699580144260497,-0.20784651501296136,-0.2971017927226466,447,0.24384787472035793,0.7290504572103419,-0.0007375657379795612,9.89261744966443,"{'stop': 189, 'breakeven': 149, 'target': 109}"
repeat_sweep,0.5,168,atr,2.0,0.5,1.0,-1.3275179053051516,-0.6033894762323497,-0.1572869359440019,-0.2606723221726107,369,0.2981029810298103,0.797098626728701,-0.0006475856353075959,13.037940379403794,"{'stop': 192, 'target': 110, 'breakeven': 67}"
repeat_sweep,0.5,168,atr,2.0,1.0,,-0.4409274252782847,-0.35397944031018247,-0.06176658439315952,-0.17449201100220724,229,0.3537117903930131,0.9201548257995474,-0.0003568631060602245,24.209606986899562,"{'stop': 148, 'target': 81}"
repeat_sweep,0.5,168,atr,2.0,1.0,0.5,-1.2320524197887335,-0.5942183538159648,-0.14336994999053176,-0.24127485977138774,316,0.25316455696202533,0.7971271137777879,-0.0006810195621721917,15.373417721518987,"{'stop': 131, 'breakeven': 105, 'target': 80}"
repeat_sweep,0.5,168,atr,2.0,1.0,1.0,-0.5238287497323598,-0.383668772861263,-0.06973570111350946,-0.18176016930813998,270,0.3074074074074074,0.9071806828935353,-0.00035048495137395366,19.122222222222224,"{'stop': 140, 'target': 83, 'breakeven': 47}"
repeat_sweep,0.5,168,atr,2.0,1.5,,-0.06749262461084256,-0.12571403470563097,-0.01968069428846808,-0.15655128987429234,156,0.33974358974358976,0.9822811723497114,-0.00010130996283771298,43.80769230769231,"{'stop': 103, 'target': 53}"
repeat_sweep,0.5,168,atr,2.0,1.5,0.5,-0.5326919739069594,-0.4472486083049992,-0.07705478208405914,-0.17228624226710165,232,0.23706896551724138,0.8846759212902439,-0.0004538705025536075,25.28448275862069,"{'stop': 89, 'breakeven': 88, 'target': 55}"
repeat_sweep,0.5,168,atr,2.0,1.5,1.0,-0.07443708147729786,-0.13866784823629263,-0.019465982750644484,-0.1403784871419803,181,0.292817679558011,0.98142280165754,-8.958323766088427e-05,35.64088397790055,"{'stop': 95, 'target': 53, 'breakeven': 33}"
repeat_sweep,0.5,168,atr,2.0,2.0,,0.01681281959410247,-0.059540277463281714,-0.012174585314847053,-0.20447646254848373,131,0.37404580152671757,1.0001972914993038,1.4127292657755658e-06,56.29770992366412,"{'stop': 82, 'target': 49}"
repeat_sweep,0.5,168,atr,2.0,2.0,0.5,0.1430350939985957,0.0667794120086985,0.01009298546000914,-0.1511391783248175,183,0.2786885245901639,1.0342435217279093,0.00016609876329706436,34.21857923497268,"{'stop': 69, 'breakeven': 63, 'target': 51}"
repeat_sweep,0.5,168,atr,2.0,2.0,1.0,0.4492178308655772,0.45213860255735216,0.06060134534885275,-0.13403267273814712,145,0.3448275862068966,1.1197978978044407,0.0007039568601054323,47.827586206896555,"{'stop': 74, 'target': 50, 'breakeven': 21}"
repeat_sweep,0.5,168,atr,2.0,3.0,,-0.066722364171795,-0.10262920258596199,-0.027075143989600536,-0.26381520373718637,83,0.37349397590361444,0.9719216799411154,-0.0002626059180916265,119.92771084337349,"{'stop': 52, 'target': 29, 'max_hold': 2}"
repeat_sweep,0.5,168,atr,2.0,3.0,0.5,0.0041403021495860694,-0.06138718136359062,-0.012220709234061489,-0.1990759139384386,127,0.2283464566929134,0.9971627959833514,-1.6003274206408138e-05,62.08661417322835,"{'breakeven': 52, 'stop': 46, 'target': 29}"
repeat_sweep,0.5,168,atr,2.0,3.0,1.0,-0.25539896578460314,-0.2412831027904225,-0.052387927329755835,-0.21712223824997712,105,0.26666666666666666,0.9168702666908433,-0.0005945031316920731,80.67619047619047,"{'stop': 51, 'target': 28, 'breakeven': 26}"
repeat_sweep,0.5,168,atr,3.0,0.5,,-1.2392453127198193,-0.5637882807335762,-0.1511600046827477,-0.268114839999982,242,0.2727272727272727,0.7822580069351349,-0.0009411496526481022,24.05785123966942,"{'stop': 176, 'target': 66}"
repeat_sweep,0.5,168,atr,3.0,0.5,0.5,-1.9593883377714971,-0.7256310394305123,-0.21669700376927115,-0.2986324895078064,366,0.1885245901639344,0.6893210073062805,-0.0009445599861483367,13.811475409836065,"{'stop': 160, 'breakeven': 137, 'target': 69}"
repeat_sweep,0.5,168,atr,3.0,0.5,1.0,-1.6968772061787112,-0.6458321129345107,-0.1940351925721464,-0.30044215622926473,304,0.22039473684210525,0.720774145510712,-0.0009990173207679916,17.55263157894737,"{'stop': 166, 'breakeven': 71, 'target': 67}"
repeat_sweep,0.5,168,atr,3.0,1.0,,-0.41789758612979144,-0.3352751981618947,-0.07145331681733236,-0.21311840902359147,179,0.25139664804469275,0.9031974639290714,-0.0005225108734213732,37.25698324022346,"{'stop': 134, 'target': 45}"
repeat_sweep,0.5,168,atr,3.0,1.0,0.5,-0.6118266170026255,-0.536345572121839,-0.09053450131368013,-0.1687988230340305,262,0.18702290076335878,0.8663125692096049,-0.00048098482126398336,22.293893129770993,"{'stop': 107, 'breakeven': 106, 'target': 49}"
repeat_sweep,0.5,168,atr,3.0,1.0,1.0,-0.10064917721981968,-0.18168987770685532,-0.023098604663205013,-0.1271320392458687,223,0.23318385650224216,0.9771675111356091,-9.365677690500459e-05,27.47085201793722,"{'stop': 119, 'target': 52, 'breakeven': 52}"
repeat_sweep,0.5,168,atr,3.0,1.5,,-0.3607324361437467,-0.2880063413384804,-0.06991353240124054,-0.24274997583846403,127,0.25196850393700787,0.894580809290363,-0.0007095775876352351,61.39370078740158,"{'stop': 95, 'target': 32}"
repeat_sweep,0.5,168,atr,3.0,1.5,0.5,-0.3472513283720948,-0.39023694328880487,-0.06388841346050056,-0.1637169790283497,199,0.1708542713567839,0.8999637726433464,-0.00041287927966247927,34.653266331658294,"{'breakeven': 94, 'stop': 71, 'target': 34}"
repeat_sweep,0.5,168,atr,3.0,1.5,1.0,0.02268910460746425,-0.06103291538504093,-0.010408030024570025,-0.17053142486981732,155,0.21935483870967742,1.0010764494886482,5.657757112894462e-06,48.71612903225807,"{'stop': 79, 'breakeven': 42, 'target': 34}"
repeat_sweep,0.5,168,atr,3.0,2.0,,-0.3037349255003029,-0.257969402012434,-0.0735946063451236,-0.28528424600362634,110,0.2727272727272727,0.9004902477695625,-0.0008264356947924883,79.58181818181818,"{'stop': 80, 'target': 30}"
repeat_sweep,0.5,168,atr,3.0,2.0,0.5,-0.15759552404508942,-0.19167920443372574,-0.03682512679226713,-0.1921185289821027,164,0.18902439024390244,0.9512169275093654,-0.00023694026670214877,43.859756097560975,"{'breakeven': 72, 'stop': 61, 'target': 31}"
repeat_sweep,0.5,168,atr,3.0,2.0,1.0,0.05174816012372144,-0.034293197329798325,-0.005861844706447905,-0.17093316350978982,129,0.23255813953488372,1.0112647621881705,6.901088687577076e-05,63.224806201550386,"{'stop': 65, 'breakeven': 34, 'target': 30}"
repeat_sweep,0.5,168,atr,3.0,3.0,,0.5260611294264044,0.414024466111282,0.08933649781243758,-0.21577589037558376,68,0.35294117647058826,1.2153354570751589,0.0021756249673450818,166.89705882352942,"{'stop': 44, 'target': 19, 'max_hold': 5}"
repeat_sweep,0.5,168,atr,3.0,3.0,0.5,0.9186755865149238,1.1621517595564075,0.1687825537109633,-0.1452327996950996,100,0.24,1.422372867085954,0.0024816018096690765,91.72,"{'breakeven': 41, 'stop': 35, 'target': 22, 'max_hold': 2}"
repeat_sweep,0.5,168,atr,3.0,3.0,1.0,0.5151108525195064,0.5698207155839402,0.08062020150756943,-0.14148345137812612,87,0.25287356321839083,1.2141068876865302,0.0015219028504011973,107.51724137931035,"{'stop': 39, 'breakeven': 26, 'target': 20, 'max_hold': 2}"
repeat_sweep,0.5,168,atr,4.0,0.5,,-0.34850963217330416,-0.341959146875913,-0.06008145843141377,-0.17569776676631954,209,0.23444976076555024,0.921811402578489,-0.0003647191097124538,31.492822966507177,"{'stop': 160, 'target': 49}"
repeat_sweep,0.5,168,atr,4.0,0.5,0.5,-1.3916827081016379,-0.6902618958408336,-0.1728406620252041,-0.25039867196299526,339,0.1504424778761062,0.7456309574473022,-0.0007807487245584793,16.309734513274336,"{'breakeven': 145, 'stop': 143, 'target': 51}"
repeat_sweep,0.5,168,atr,4.0,0.5,1.0,-0.8990097831103827,-0.5601504948021017,-0.11964938140967041,-0.21360220604989721,274,0.18248175182481752,0.823824129755033,-0.000633053936371468,21.631386861313867,"{'stop': 145, 'breakeven': 79, 'target': 50}"
repeat_sweep,0.5,168,atr,4.0,1.0,,-0.28601286650832164,-0.2827822647317396,-0.06171548460711296,-0.21824383033942785,149,0.21476510067114093,0.9119406213305702,-0.0005170032533278589,52.651006711409394,"{'stop': 117, 'target': 32}"
repeat_sweep,0.5,168,atr,4.0,1.0,0.5,-0.538399802522617,-0.4783334225758599,-0.08810783364236052,-0.1841975272559745,234,0.14957264957264957,0.8619548668131414,-0.0005169202827860699,27.662393162393162,"{'breakeven': 101, 'stop': 98, 'target': 35}"
repeat_sweep,0.5,168,atr,4.0,1.0,1.0,-0.23973323092885432,-0.33328251965122774,-0.049325808114012326,-0.14799998561469896,195,0.18461538461538463,0.92898354946424,-0.00030634197786636553,35.16410256410256,"{'stop': 105, 'breakeven': 54, 'target': 36}"
repeat_sweep,0.5,168,atr,4.0,1.5,,0.1043137709242055,0.018080882484179137,0.003223968900842644,-0.17830816076945544,112,0.22321428571428573,1.0304278375887346,0.0002137120328294634,79.11607142857143,"{'stop': 87, 'target': 25}"
repeat_sweep,0.5,168,atr,4.0,1.5,0.5,0.049904498227273976,-0.024914230050037844,-0.004797630266648034,-0.19256586525100128,175,0.15428571428571428,1.0123602930274778,5.1990035113447064e-05,44.582857142857144,"{'breakeven': 85, 'stop': 63, 'target': 27}"
repeat_sweep,0.5,168,atr,4.0,1.5,1.0,0.14350304071457162,0.0694311989331109,0.010134548886999273,-0.1459653447258309,132,0.18181818181818182,1.0452611886986147,0.00024265970598700716,64.70454545454545,"{'stop': 67, 'breakeven': 41, 'target': 24}"
repeat_sweep,0.5,168,atr,4.0,2.0,,0.3515624940650684,0.23166372490266132,0.05362876098262892,-0.23149399417264072,86,0.26744186046511625,1.129897424044719,0.0011768722202645614,112.82558139534883,"{'stop': 63, 'target': 22, 'max_hold': 1}"
repeat_sweep,0.5,168,atr,4.0,2.0,0.5,0.3612795899689233,0.3386205320474589,0.052022606498929314,-0.15363098682875542,144,0.16666666666666666,1.130298240339136,0.0006516943835284085,53.88194444444444,"{'breakeven': 65, 'stop': 55, 'target': 24}"
repeat_sweep,0.5,168,atr,4.0,2.0,1.0,0.3237727077801572,0.28736940403182454,0.04540312508425304,-0.15799568237690642,112,0.1875,1.1215416544250818,0.0007683478159503111,78.125,"{'stop': 58, 'breakeven': 33, 'target': 21}"
repeat_sweep,0.5,168,atr,4.0,3.0,,0.6553500783971111,0.5525735449932478,0.12651271802253317,-0.22895181857480906,67,0.3283582089552239,1.2924192864243673,0.0030174383861783158,177.8955223880597,"{'stop': 45, 'target': 16, 'max_hold': 5, 'data_end': 1}"
repeat_sweep,0.5,168,atr,4.0,3.0,0.5,0.6558300576615408,0.7257703038013257,0.11852327766592996,-0.16330687139601519,104,0.17307692307692307,1.3033896476026852,0.0018124557090906715,93.375,"{'breakeven': 48, 'stop': 38, 'target': 17, 'max_hold': 1}"
repeat_sweep,0.5,168,atr,4.0,3.0,1.0,0.45494725191806845,0.40114823436075586,0.07460948670749246,-0.1859898170220925,88,0.19318181818181818,1.1989388530493637,0.0014819424884245753,112.375,"{'stop': 43, 'breakeven': 28, 'target': 16, 'max_hold': 1}"
repeat_sweep,0.5,168,atr,5.0,0.5,,-0.3801060920419225,-0.33265247955140465,-0.06799078608000364,-0.20438983702058067,183,0.20218579234972678,0.9004427571330064,-0.00048239126999901347,41.540983606557376,"{'stop': 146, 'target': 37}"
repeat_sweep,0.5,168,atr,5.0,0.5,0.5,-1.2428433368318268,-0.6776425727478304,-0.15948772074354534,-0.23535670153784027,310,0.13548387096774195,0.7533993976642469,-0.0007777653185758995,19.383870967741935,"{'breakeven': 139, 'stop': 129, 'target': 42}"
repeat_sweep,0.5,168,atr,5.0,0.5,1.0,-1.2045901867251863,-0.6656819898782353,-0.15047642513302506,-0.22604851478789412,258,0.16279069767441862,0.762216358677056,-0.0008762638120696772,25.1046511627907,"{'stop': 138, 'breakeven': 78, 'target': 42}"
repeat_sweep,0.5,168,atr,5.0,1.0,,0.2239357483508333,0.1269911786778803,0.024615961641673234,-0.19383993359186702,128,0.203125,1.069040374122991,0.0004271106454800642,67.625,"{'stop': 102, 'target': 25, 'max_hold': 1}"
repeat_sweep,0.5,168,atr,5.0,1.0,0.5,-0.15795158278198887,-0.19559178877099706,-0.03855333419042717,-0.19711121020303268,209,0.1291866028708134,0.9495359744305637,-0.00019542872557466783,34.17224880382775,"{'breakeven': 95, 'stop': 87, 'target': 27}"
repeat_sweep,0.5,168,atr,5.0,1.0,1.0,-0.18559022979650375,-0.24571853054903395,-0.04330871214852228,-0.1762533417880744,181,0.14917127071823205,0.9398325320923406,-0.00026625379866358046,40.59668508287293,"{'stop': 97, 'breakeven': 57, 'target': 27}"
repeat_sweep,0.5,168,atr,5.0,1.5,,0.9372249058180089,1.201362241556635,0.1843531251464796,-0.15345340378569639,100,0.24,1.3818491652507618,0.0027217833428975964,93.03,"{'stop': 76, 'target': 23, 'max_hold': 1}"
repeat_sweep,0.5,168,atr,5.0,1.5,0.5,0.5182276449562617,0.5552870391621093,0.08194988506894463,-0.14758112343591068,163,0.147239263803681,1.1913264122513458,0.0008308900768558243,47.668711656441715,"{'breakeven': 80, 'stop': 59, 'target': 24}"
repeat_sweep,0.5,168,atr,5.0,1.5,1.0,0.7032734488260812,0.8911358255942062,0.1247786312140684,-0.1400220119428668,124,0.1774193548387097,1.2870199883636575,0.0015657163179536627,69.79838709677419,"{'stop': 63, 'breakeven': 39, 'target': 22}"
repeat_sweep,0.5,168,atr,5.0,2.0,,0.4006140808743599,0.26388374963346084,0.06653742079676417,-0.25214671570032565,88,0.23863636363636365,1.1547542380271063,0.001400510757245905,119.61363636363636,"{'stop': 67, 'target': 19, 'max_hold': 2}"
repeat_sweep,0.5,168,atr,5.0,2.0,0.5,0.5355541499951056,0.5894392802919326,0.08889498275969498,-0.1508127906163088,133,0.15789473684210525,1.2138529854610707,0.0011067206472555721,61.30075187969925,"{'breakeven': 60, 'stop': 52, 'target': 20, 'max_hold': 1}"
repeat_sweep,0.5,168,atr,5.0,2.0,1.0,0.19097875535642506,0.11130132230101365,0.01873988624409706,-0.16837074220389914,105,0.1619047619047619,1.0728068868727891,0.00048072605501925527,88.2,"{'stop': 57, 'breakeven': 31, 'target': 16, 'max_hold': 1}"
repeat_sweep,0.5,168,atr,5.0,3.0,,0.11388366121072864,0.009113691111342796,0.0025758646908260463,-0.2826368218273444,64,0.28125,1.0418887339173402,0.00045348396235693434,198.703125,"{'stop': 46, 'target': 11, 'max_hold': 7}"
repeat_sweep,0.5,168,atr,5.0,3.0,0.5,0.25993093281984975,0.142677829017207,0.03256939892731037,-0.22827231919391267,103,0.13592233009708737,1.1155278149266312,0.0006847426873043079,103.40776699029126,"{'breakeven': 51, 'stop': 38, 'target': 12, 'max_hold': 1, 'data_end': 1}"
repeat_sweep,0.5,168,atr,5.0,3.0,1.0,-0.05901545731750897,-0.11383654839643878,-0.030067051865198313,-0.2641247673856819,88,0.14772727272727273,0.970127465569507,-0.00022832779395956908,121.67045454545455,"{'stop': 44, 'breakeven': 31, 'target': 12, 'max_hold': 1}"
repeat_sweep,1.0,24,h4_level,,0.5,,-0.9827758661969305,-0.5998694976521814,-0.13144823890798574,-0.21912805939034852,238,0.2773109243697479,0.7998853801015093,-0.0008144642775963631,22.365546218487395,"{'stop': 169, 'target': 51, 'max_hold': 18}"
repeat_sweep,1.0,24,h4_level,,0.5,0.5,-1.190011441492722,-0.6688909385020809,-0.1544179022357408,-0.23085662153167352,317,0.17665615141955837,0.7587696154052801,-0.0007355538057052315,15.350157728706625,"{'stop': 140, 'breakeven': 120, 'target': 45, 'max_hold': 12}"
repeat_sweep,1.0,24,h4_level,,0.5,1.0,-0.9376183994215751,-0.6201463059853356,-0.12777822002932826,-0.20604528124424526,267,0.22846441947565543,0.8014850045336607,-0.0007030651385344794,19.138576779026216,"{'stop': 146, 'breakeven': 58, 'target': 50, 'max_hold': 13}"
repeat_sweep,1.0,24,h4_level,,1.0,,-0.5690554017701203,-0.4090729194607417,-0.08617336725519342,-0.21065527233822035,211,0.32701421800947866,0.8763823671181677,-0.0005607164658013251,25.89099526066351,"{'stop': 137, 'target': 55, 'max_hold': 19}"
repeat_sweep,1.0,24,h4_level,,1.0,0.5,-0.7014722872652973,-0.5029375160518852,-0.10091387263438278,-0.20064892638466858,261,0.22988505747126436,0.8450140533956002,-0.0005463654342302035,19.337164750957854,"{'stop': 110, 'breakeven': 89, 'target': 51, 'max_hold': 11}"
repeat_sweep,1.0,24,h4_level,,1.0,1.0,-0.3689566912815089,-0.3423559519014501,-0.058798368135318024,-0.17174630033084282,229,0.2794759825327511,0.9144592637874567,-0.0003317610610107883,22.925764192139738,"{'stop': 119, 'target': 53, 'breakeven': 43, 'max_hold': 14}"
repeat_sweep,1.0,24,h4_level,,1.5,,-0.300257056610112,-0.2976673838724713,-0.049983287346556105,-0.16791657418526673,182,0.3791208791208791,0.9282082383334,-0.0003424696565080495,31.87912087912088,"{'stop': 103, 'target': 56, 'max_hold': 23}"
repeat_sweep,1.0,24,h4_level,,1.5,0.5,-0.35867433337662485,-0.38537752871714714,-0.057147829679795925,-0.14829050845292102,223,0.2825112107623318,0.9123633626170531,-0.0003310003718259816,24.08968609865471,"{'stop': 85, 'breakeven': 72, 'target': 52, 'max_hold': 14}"
repeat_sweep,1.0,24,h4_level,,1.5,1.0,-0.19585557046793664,-0.23929406584119564,-0.035772326624191164,-0.14949107282890584,191,0.3507853403141361,0.9502401384263596,-0.00021539963390837055,29.56544502617801,"{'stop': 94, 'target': 53, 'breakeven': 25, 'max_hold': 19}"
repeat_sweep,1.0,24,h4_level,,2.0,,-0.27398993417446427,-0.3074792672501958,-0.054910862470442856,-0.1785839512417008,159,0.4339622641509434,0.9256012927488335,-0.00042194474274684,37.0125786163522,"{'stop': 81, 'target': 57, 'max_hold': 21}"
repeat_sweep,1.0,24,h4_level,,2.0,0.5,-0.24108775588307174,-0.2962933993582562,-0.048731051231596934,-0.16446890594641606,183,0.34972677595628415,0.9326532013146982,-0.00031757901760173644,30.557377049180328,"{'stop': 69, 'target': 54, 'breakeven': 46, 'max_hold': 14}"
repeat_sweep,1.0,24,h4_level,,2.0,1.0,-0.14888393059551858,-0.21031272481919078,-0.03526458944063171,-0.16767691765179327,167,0.40718562874251496,0.956222729186933,-0.00022522103199206086,34.455089820359284,"{'stop': 74, 'target': 55, 'max_hold': 19, 'breakeven': 19}"
repeat_sweep,1.0,24,h4_level,,3.0,,-0.10995734504723886,-0.16254462546174486,-0.023851060508010336,-0.14673546074043353,146,0.5,0.97312417086278,-0.0001488114158494815,41.13013698630137,"{'stop': 60, 'target': 59, 'max_hold': 27}"
repeat_sweep,1.0,24,h4_level,,3.0,0.5,0.08089349698333263,0.015259683577092994,0.0019893453699688646,-0.13036609572659563,163,0.4171779141104294,1.020824103464134,9.558314375506159e-05,35.85889570552147,"{'target': 56, 'stop': 51, 'breakeven': 35, 'max_hold': 21}"
repeat_sweep,1.0,24,h4_level,,3.0,1.0,0.09283598529577954,0.024804758928899936,0.0034586716537980955,-0.13943581002790595,148,0.47297297297297297,1.0235953679432324,0.0001232289987474527,40.189189189189186,"{'target': 58, 'stop': 56, 'max_hold': 23, 'breakeven': 11}"
repeat_sweep,1.0,24,atr,2.0,0.5,,-1.2819992771444562,-0.5942149395388391,-0.15021243167947618,-0.2527914087721418,342,0.3567251461988304,0.809375633285346,-0.0006632309014873548,14.242690058479532,"{'stop': 217, 'target': 115, 'max_hold': 10}"
repeat_sweep,1.0,24,atr,2.0,0.5,0.5,-1.9856816994385518,-0.6878121470520806,-0.2112303652172901,-0.30710473218975576,445,0.24719101123595505,0.721699571525071,-0.0007552145880171704,9.480898876404494,"{'stop': 191, 'breakeven': 144, 'target': 108, 'max_hold': 2}"
repeat_sweep,1.0,24,atr,2.0,0.5,1.0,-1.5477021306035774,-0.6317649960632011,-0.1742687601692764,-0.27584427952675417,369,0.3089430894308943,0.7707174228082576,-0.0007292497801115458,12.433604336043361,"{'stop': 194, 'target': 111, 'breakeven': 60, 'max_hold': 4}"
repeat_sweep,1.0,24,atr,2.0,1.0,,-0.4944958325131547,-0.3626065184771019,-0.06542406111611909,-0.18042715114689956,245,0.37551020408163266,0.9138599585058481,-0.0003594719125188093,21.06122448979592,"{'stop': 152, 'target': 82, 'max_hold': 11}"
repeat_sweep,1.0,24,atr,2.0,1.0,0.5,-1.1459010712899929,-0.557935539190742,-0.133467696390965,-0.23921705468799015,313,0.26517571884984026,0.8097192239954208,-0.0006348660498827551,14.792332268370608,"{'stop': 130, 'breakeven': 100, 'target': 81, 'max_hold': 2}"
repeat_sweep,1.0,24,atr,2.0,1.0,1.0,-0.657132707846826,-0.4382969236975936,-0.08185181020277355,-0.18674967990249425,275,0.31636363636363635,0.8868621308546774,-0.0004156933816936058,17.810909090909092,"{'stop': 140, 'target': 83, 'breakeven': 47, 'max_hold': 5}"
repeat_sweep,1.0,24,atr,2.0,1.5,,-0.24029989389902467,-0.25522029082932496,-0.040708417043059164,-0.15950305875281034,184,0.3858695652173913,0.9463770181162419,-0.00026528968771407204,33.369565217391305,"{'stop': 109, 'target': 54, 'max_hold': 21}"
repeat_sweep,1.0,24,atr,2.0,1.5,0.5,-0.4873899465259535,-0.42369843685274344,-0.07129767313191582,-0.16827457203174756,239,0.2510460251046025,0.8927416819014704,-0.00040510738864159724,22.807531380753137,"{'stop': 90, 'breakeven': 88, 'target': 54, 'max_hold': 7}"
repeat_sweep,1.0,24,atr,2.0,1.5,1.0,-0.18949672045033816,-0.22671318255178485,-0.03386971931124394,-0.14939457392826094,200,0.32,0.9558230899437902,-0.0001946000152552202,29.32,"{'stop': 99, 'target': 55, 'breakeven': 34, 'max_hold': 12}"
repeat_sweep,1.0,24,atr,2.0,2.0,,0.14240095929601668,0.0698093812489949,0.009972602958695953,-0.14285476794481022,154,0.42857142857142855,1.0330284038484865,0.00019687823541739317,40.86363636363637,"{'stop': 83, 'target': 50, 'max_hold': 21}"
repeat_sweep,1.0,24,atr,2.0,2.0,0.5,-0.06867013057739378,-0.1462728768250671,-0.020895562296036285,-0.14285329412797443,188,0.2978723404255319,0.9814418152773422,-8.691670497684866e-05,31.069148936170212,"{'stop': 68, 'breakeven': 61, 'target': 47, 'max_hold': 12}"
repeat_sweep,1.0,24,atr,2.0,2.0,1.0,0.18373776891654417,0.12217648379454736,0.016502039510985167,-0.13506723224033101,162,0.3950617283950617,1.0437951776362182,0.0002416709102637965,38.098765432098766,"{'stop': 77, 'target': 49, 'max_hold': 19, 'breakeven': 17}"
repeat_sweep,1.0,24,atr,2.0,3.0,,-0.2824716992773247,-0.2656027004470982,-0.05846053076805646,-0.22010518217490949,134,0.43283582089552236,0.9167038152782251,-0.000539545558148661,53.8955223880597,"{'stop': 64, 'max_hold': 38, 'target': 32}"
repeat_sweep,1.0,24,atr,2.0,3.0,0.5,-0.11155344114033158,-0.1460908868508532,-0.028337076074092415,-0.19396881410557965,159,0.3081761006289308,0.9661691970059577,-0.0001717195826593991,42.465408805031444,"{'stop': 53, 'breakeven': 52, 'target': 31, 'max_hold': 23}"
repeat_sweep,1.0,24,atr,2.0,3.0,1.0,0.10182765313983226,0.02783992070709859,0.003867943218418546,-0.13893513775103183,141,0.3829787234042553,1.0253468168444066,0.00014231887409771858,50.07801418439716,"{'stop': 56, 'target': 32, 'max_hold': 31, 'breakeven': 22}"
repeat_sweep,1.0,24,atr,3.0,0.5,,-1.0159171552843913,-0.5483842753657298,-0.13034901516811048,-0.23769648588333026,281,0.30604982206405695,0.8192260160697473,-0.0006872090687692122,18.601423487544483,"{'stop': 193, 'target': 73, 'max_hold': 15}"
repeat_sweep,1.0,24,atr,3.0,0.5,0.5,-1.6054502488525606,-0.6573884463236789,-0.18817231561100556,-0.28624220073127815,377,0.1989389920424403,0.732360767398072,-0.0007790224777953281,12.464190981432361,"{'stop': 164, 'breakeven': 138, 'target': 70, 'max_hold': 5}"
repeat_sweep,1.0,24,atr,3.0,0.5,1.0,-1.4996433104191669,-0.6525264751462208,-0.1764916160443607,-0.27047426084100534,318,0.24213836477987422,0.7476279357786698,-0.0008582706923808231,15.38679245283019,"{'stop': 170, 'target': 72, 'breakeven': 70, 'max_hold': 6}"
repeat_sweep,1.0,24,atr,3.0,1.0,,-0.28757599023437996,-0.29222599684588385,-0.04996085408610251,-0.17096649382789586,211,0.3080568720379147,0.9386742003903038,-0.00028931910289423064,27.895734597156398,"{'stop': 144, 'target': 48, 'max_hold': 19}"
repeat_sweep,1.0,24,atr,3.0,1.0,0.5,-0.6862098325050031,-0.5612350549986109,-0.09674853722638699,-0.1723850574989947,272,0.20220588235294118,0.8563297631264452,-0.0005016481316164243,19.889705882352942,"{'stop': 109, 'breakeven': 108, 'target': 47, 'max_hold': 8}"
repeat_sweep,1.0,24,atr,3.0,1.0,1.0,-0.4099482215784355,-0.4104443732833552,-0.06018499579025538,-0.14663374553975417,241,0.24481327800829875,0.9162840492783034,-0.00032515519813512776,23.244813278008298,"{'stop': 122, 'breakeven': 59, 'target': 50, 'max_hold': 10}"
repeat_sweep,1.0,24,atr,3.0,1.5,,-0.3276116325748864,-0.29794085874066684,-0.05982384291455323,-0.20079099982263593,170,0.3352941176470588,0.9142908417181632,-0.0004518456991319526,39.4,"{'stop': 108, 'target': 31, 'max_hold': 31}"
repeat_sweep,1.0,24,atr,3.0,1.5,0.5,-0.6729464651453223,-0.5362016616094434,-0.10497507842647624,-0.1957753694969666,225,0.2,0.831932311915448,-0.000660424055013417,27.266666666666666,"{'breakeven': 100, 'stop': 79, 'target': 30, 'max_hold': 16}"
repeat_sweep,1.0,24,atr,3.0,1.5,1.0,-0.4214528331607455,-0.3615733083521654,-0.07534058069150917,-0.2083687566288187,187,0.26737967914438504,0.8858163824958545,-0.0005374929739207488,34.74866310160428,"{'stop': 91, 'breakeven': 43, 'target': 30, 'max_hold': 23}"
repeat_sweep,1.0,24,atr,3.0,2.0,,-0.20646289633081455,-0.23018562716193855,-0.04935001213746648,-0.21439223962818543,145,0.38620689655172413,0.9361308865277895,-0.0003961964959127446,48.351724137931036,"{'stop': 83, 'max_hold': 36, 'target': 26}"
repeat_sweep,1.0,24,atr,3.0,2.0,0.5,-0.12200403276874179,-0.18361324551036215,-0.029794201071147053,-0.16226607720119857,178,0.25280898876404495,0.9649096092735264,-0.0001635398258518674,36.752808988764045,"{'breakeven': 66, 'stop': 65, 'target': 29, 'max_hold': 18}"
repeat_sweep,1.0,24,atr,3.0,2.0,1.0,0.06229134375083954,-0.01837792075512372,-0.0029519502454623536,-0.1606248217519034,155,0.33548387096774196,1.01337118369996,7.189297748518493e-05,44.23870967741936,"{'stop': 73, 'target': 28, 'max_hold': 28, 'breakeven': 26}"
repeat_sweep,1.0,24,atr,3.0,3.0,,0.13610640440949473,0.05053877366112179,0.008223193654529837,-0.16271058949053474,128,0.4296875,1.0354924470864941,0.00023258604190857759,59.0703125,"{'stop': 61, 'max_hold': 49, 'target': 18}"
repeat_sweep,1.0,24,atr,3.0,3.0,0.5,0.3790734306816305,0.3584348033224069,0.05171561204161912,-0.1442817816859756,152,0.3026315789473684,1.1176940193261997,0.0005963443917604451,47.348684210526315,"{'stop': 51, 'breakeven': 50, 'max_hold': 32, 'target': 19}"
repeat_sweep,1.0,24,atr,3.0,3.0,1.0,0.36919426605537514,0.38101543122854886,0.04914442869508684,-0.12898277777523393,132,0.3787878787878788,1.1141040859737699,0.0006535421490333515,55.89393939393939,"{'stop': 54, 'max_hold': 42, 'breakeven': 19, 'target': 17}"
repeat_sweep,1.0,24,atr,4.0,0.5,,-0.5251162975626182,-0.44521558793347726,-0.08258134089428049,-0.18548618496848213,248,0.27419354838709675,0.8902533362400726,-0.00045343692289781507,23.237903225806452,"{'stop': 179, 'target': 51, 'max_hold': 18}"
repeat_sweep,1.0,24,atr,4.0,0.5,0.5,-1.3695998133597456,-0.6798798602942111,-0.16981340327463545,-0.24976972137570075,345,0.16231884057971013,0.7507139364659456,-0.000752192813022305,14.884057971014492,"{'stop': 148, 'breakeven': 141, 'target': 49, 'max_hold': 7}"
repeat_sweep,1.0,24,atr,4.0,0.5,1.0,-1.1307563646992063,-0.6473925923137535,-0.14164233177326369,-0.21878892878128253,286,0.1993006993006993,0.7881277909991111,-0.0007386395897285991,18.96153846153846,"{'stop': 150, 'breakeven': 78, 'target': 50, 'max_hold': 8}"
repeat_sweep,1.0,24,atr,4.0,1.0,,-0.562616871291019,-0.43954120065585783,-0.09223473978276242,-0.20984321753031365,202,0.28217821782178215,0.869479127816925,-0.0006312738897125532,32.07425742574257,"{'stop': 143, 'max_hold': 30, 'target': 29}"
repeat_sweep,1.0,24,atr,4.0,1.0,0.5,-0.9290547306236954,-0.5734652189848211,-0.13112008990863822,-0.22864523526074354,258,0.16666666666666666,0.7921213299862752,-0.0007458641574007498,22.686046511627907,"{'breakeven': 109, 'stop': 106, 'target': 30, 'max_hold': 13}"
repeat_sweep,1.0,24,atr,4.0,1.0,1.0,-0.535329693657688,-0.43427617880492203,-0.08418845359578941,-0.1938592483416114,228,0.2149122807017544,0.8741673710065019,-0.0005053340272253764,26.82456140350877,"{'stop': 117, 'breakeven': 61, 'target': 33, 'max_hold': 17}"
repeat_sweep,1.0,24,atr,4.0,1.5,,0.10644671701505673,0.02719811593163814,0.003999156289195671,-0.14703798966249948,163,0.3374233128834356,1.0242248579782665,0.00012973119615747433,42.58895705521472,"{'stop': 103, 'max_hold': 39, 'target': 21}"
repeat_sweep,1.0,24,atr,4.0,1.5,0.5,-0.1381067526000837,-0.27118252202599247,-0.036035978307539906,-0.13288459019525567,215,0.20465116279069767,0.9552987890230297,-0.0001780602754821565,29.948837209302326,"{'breakeven': 93, 'stop': 77, 'target': 23, 'max_hold': 22}"
repeat_sweep,1.0,24,atr,4.0,1.5,1.0,-0.017059468895001005,-0.13469245315302567,-0.017183254299762973,-0.12757399466353825,178,0.2696629213483146,0.9882891443616542,-5.540464705728412e-05,38.235955056179776,"{'stop': 87, 'breakeven': 40, 'max_hold': 30, 'target': 21}"
repeat_sweep,1.0,24,atr,4.0,2.0,,0.21185868525089224,0.12785822392060844,0.022339140311275152,-0.17471805587684597,140,0.38571428571428573,1.0583247817952048,0.00036626879445485287,52.05714285714286,"{'stop': 80, 'max_hold': 41, 'target': 19}"
repeat_sweep,1.0,24,atr,4.0,2.0,0.5,0.3585679272899184,0.3614643350460551,0.04916765939145851,-0.13602354264133398,170,0.24705882352941178,1.1095324029916143,0.0005166964589609144,40.61176470588235,"{'stop': 64, 'breakeven': 62, 'max_hold': 25, 'target': 19}"
repeat_sweep,1.0,24,atr,4.0,2.0,1.0,0.3706350501350298,0.37226133125003824,0.05134750191916271,-0.13793402002496447,147,0.32653061224489793,1.1136638029581198,0.0006170303704094825,48.2108843537415,"{'stop': 70, 'max_hold': 34, 'breakeven': 25, 'target': 18}"
repeat_sweep,1.0,24,atr,4.0,3.0,,-0.2942769522579629,-0.2833002574771864,-0.06296096643764282,-0.2222411197162888,126,0.4126984126984127,0.9075976250037391,-0.0006171007158924477,62.51587301587302,"{'stop': 60, 'max_hold': 59, 'target': 7}"
repeat_sweep,1.0,24,atr,4.0,3.0,0.5,0.36286435036230935,0.3735626340650154,0.04935602031350417,-0.13212247642764552,149,0.2953020134228188,1.116604491720441,0.0005967396699169782,50.422818791946305,"{'stop': 51, 'breakeven': 49, 'max_hold': 40, 'target': 9}"
repeat_sweep,1.0,24,atr,4.0,3.0,1.0,-0.08289683870952957,-0.1755340399871748,-0.02577467231008468,-0.1468357494191319,130,0.36153846153846153,0.9713368209979276,-0.00016953385385578748,59.223076923076924,"{'stop': 54, 'max_hold': 51, 'breakeven': 19, 'target': 6}"
repeat_sweep,1.0,24,atr,5.0,0.5,,-1.016926338182741,-0.5690551118063143,-0.1428199676393076,-0.25097739160265786,238,0.24789915966386555,0.7925421459623343,-0.0008919619765014322,25.756302521008404,"{'stop': 178, 'target': 35, 'max_hold': 25}"
repeat_sweep,1.0,24,atr,5.0,0.5,0.5,-1.4368669040544317,-0.6794088382309036,-0.1794379381214839,-0.2641089253250194,329,0.14893617021276595,0.7281063066530887,-0.0008404571776174342,16.343465045592705,"{'breakeven': 141, 'stop': 139, 'target': 39, 'max_hold': 10}"
repeat_sweep,1.0,24,atr,5.0,0.5,1.0,-1.285243666166932,-0.6572547811746061,-0.15944153580140508,-0.2425871068088098,278,0.18345323741007194,0.7598731966258637,-0.0008689330102889821,20.784172661870503,"{'stop': 149, 'breakeven': 77, 'target': 41, 'max_hold': 11}"
repeat_sweep,1.0,24,atr,5.0,1.0,,-0.17108680342417748,-0.24116644851810437,-0.04199677210321351,-0.17414019388381385,195,0.28205128205128205,0.9509220608914648,-0.0002401944342294408,34.13846153846154,"{'stop': 138, 'max_hold': 33, 'target': 24}"
repeat_sweep,1.0,24,atr,5.0,1.0,0.5,-0.38029318826472697,-0.40685312700392157,-0.06987275510333468,-0.17173950614040923,250,0.164,0.9002649383242676,-0.00036163590416295844,24.96,"{'breakeven': 106, 'stop': 103, 'target': 25, 'max_hold': 16}"
repeat_sweep,1.0,24,atr,5.0,1.0,1.0,-0.0742966184673968,-0.17347589265427918,-0.025441237602034428,-0.1466557526395692,221,0.2081447963800905,0.9753807661571906,-9.96408654187696e-05,28.800904977375566,"{'stop': 112, 'breakeven': 62, 'target': 29, 'max_hold': 18}"
repeat_sweep,1.0,24,atr,5.0,1.5,,0.3345186286169774,0.35864101443583857,0.04368666246116404,-0.12181167435600049,160,0.33125,1.0922982390518137,0.0004982283317898171,44.36875,"{'stop': 102, 'max_hold': 41, 'target': 17}"
repeat_sweep,1.0,24,atr,5.0,1.5,0.5,0.02483341117022967,-0.07583165023595835,-0.010526675596362445,-0.13881638555415265,210,0.19523809523809524,1.0023869529985434,9.704318059828206e-06,31.633333333333333,"{'breakeven': 91, 'stop': 77, 'max_hold': 25, 'target': 17}"
repeat_sweep,1.0,24,atr,5.0,1.5,1.0,0.15445380384194055,0.08631502481103444,0.011828599873949353,-0.13703987109828408,174,0.25862068965517243,1.0415301468215148,0.00020077667982177467,39.78735632183908,"{'stop': 87, 'breakeven': 39, 'max_hold': 31, 'target': 17}"
repeat_sweep,1.0,24,atr,5.0,2.0,,0.15199944988182548,0.060048321193960225,0.010976766048125919,-0.18279888313064085,138,0.37681159420289856,1.0401635240435487,0.00025594704297964753,53.94202898550725,"{'stop': 80, 'max_hold': 47, 'target': 11}"
repeat_sweep,1.0,24,atr,5.0,2.0,0.5,0.3847097014537584,0.41358326396488143,0.05429685024176578,-0.1312839637688441,166,0.2469879518072289,1.1202841538701669,0.0005782521954188624,42.54216867469879,"{'stop': 64, 'breakeven': 59, 'max_hold': 31, 'target': 12}"
repeat_sweep,1.0,24,atr,5.0,2.0,1.0,0.34428323739028566,0.32772524360421423,0.0460462207928638,-0.1405025145041091,145,0.31724137931034485,1.1052585392370045,0.000579442526111872,49.95862068965517,"{'stop': 70, 'max_hold': 39, 'breakeven': 25, 'target': 11}"
repeat_sweep,1.0,24,atr,5.0,3.0,,-0.25627264731951394,-0.2748189008039122,-0.057974817548431035,-0.21095644214732168,126,0.40476190476190477,0.9177378570813648,-0.0005507060723300214,62.86507936507937,"{'max_hold': 61, 'stop': 60, 'target': 5}"
repeat_sweep,1.0,24,atr,5.0,3.0,0.5,0.11740872260279764,0.03322055247924917,0.005680040346890625,-0.17097970753010794,148,0.2905405405405405,1.0338858712644856,0.00017458737657570974,51.25,"{'stop': 51, 'breakeven': 49, 'max_hold': 43, 'target': 5}"
repeat_sweep,1.0,24,atr,5.0,3.0,1.0,-0.2598383146030766,-0.3052561396286227,-0.051695787448383324,-0.16935216278131826,130,0.35384615384615387,0.9196981662128694,-0.0004766271080179454,59.60769230769231,"{'stop': 54, 'max_hold': 53, 'breakeven': 20, 'target': 3}"
repeat_sweep,1.0,48,h4_level,,0.5,,-0.8584148787278492,-0.5570458393466378,-0.12195509432232687,-0.21893188263531183,225,0.2577777777777778,0.8145444613011088,-0.0007881395567659657,25.462222222222223,"{'stop': 165, 'target': 55, 'max_hold': 5}"
repeat_sweep,1.0,48,h4_level,,0.5,0.5,-1.142491807453145,-0.6218712704606774,-0.15342559054783933,-0.24671599708116898,308,0.16233766233766234,0.7581534618064659,-0.0007501345983070078,17.08116883116883,"{'stop': 136, 'breakeven': 121, 'target': 48, 'max_hold': 3}"
repeat_sweep,1.0,48,h4_level,,0.5,1.0,-0.844622666672369,-0.5617727303487718,-0.1201157984022232,-0.21381564450031298,260,0.2153846153846154,0.8131910233605749,-0.0006713430123490911,20.78076923076923,"{'stop': 144, 'breakeven': 59, 'target': 53, 'max_hold': 4}"
repeat_sweep,1.0,48,h4_level,,1.0,,-0.5234095529954145,-0.3892408719303458,-0.08435909478607329,-0.21672722694231672,196,0.30612244897959184,0.878443941974637,-0.000586637839136833,30.4234693877551,"{'stop': 133, 'target': 58, 'max_hold': 5}"
repeat_sweep,1.0,48,h4_level,,1.0,0.5,-0.6492380327978374,-0.4634561972657772,-0.0986913917858726,-0.21294653597927027,254,0.2204724409448819,0.8483395341910013,-0.0005460190112175055,21.448818897637796,"{'stop': 109, 'breakeven': 87, 'target': 54, 'max_hold': 4}"
repeat_sweep,1.0,48,h4_level,,1.0,1.0,-0.39101911018456376,-0.3371681038891808,-0.06479291478966731,-0.19216798398867296,221,0.26244343891402716,0.9047565921058945,-0.0003840654774609632,25.705882352941178,"{'stop': 118, 'target': 56, 'breakeven': 43, 'max_hold': 4}"
repeat_sweep,1.0,48,h4_level,,1.5,,-0.15210171902726688,-0.21050335619598526,-0.032934584770030306,-0.1564563404840309,169,0.3668639053254438,0.9590621608275612,-0.0002101270235869615,36.94082840236686,"{'stop': 102, 'target': 61, 'max_hold': 6}"
repeat_sweep,1.0,48,h4_level,,1.5,0.5,-0.23178298096233282,-0.3008469700578803,-0.043475425706196336,-0.1445100999283192,213,0.2676056338028169,0.938064498656443,-0.0002441914791507581,27.0,"{'stop': 84, 'breakeven': 70, 'target': 56, 'max_hold': 3}"
repeat_sweep,1.0,48,h4_level,,1.5,1.0,0.007130247292289029,-0.07583440772508927,-0.00961194259646958,-0.12674909562575165,181,0.3314917127071823,0.9984529412237158,-6.9960300862235495e-06,33.15469613259668,"{'stop': 92, 'target': 58, 'breakeven': 27, 'max_hold': 4}"
repeat_sweep,1.0,48,h4_level,,2.0,,-0.09665016511519027,-0.1748940552371655,-0.03004247854414943,-0.17177529849948447,146,0.4246575342465753,0.968305728856222,-0.000192889989945057,43.50684931506849,"{'stop': 79, 'target': 62, 'max_hold': 5}"
repeat_sweep,1.0,48,h4_level,,2.0,0.5,-0.09290170760580634,-0.16958708658865626,-0.028392048061135933,-0.16741869108231433,173,0.34104046242774566,0.9692548472496545,-0.0001520858519864947,34.42774566473989,"{'stop': 68, 'target': 58, 'breakeven': 44, 'max_hold': 3}"
repeat_sweep,1.0,48,h4_level,,2.0,1.0,0.0075304091397259175,-0.07681283157377938,-0.012491925211966626,-0.16262810465420774,155,0.3870967741935484,0.9969844693453843,-1.6505167015181604e-05,40.05806451612903,"{'stop': 72, 'target': 60, 'breakeven': 20, 'max_hold': 3}"
repeat_sweep,1.0,48,h4_level,,3.0,,0.09595408622074887,0.025092976886637353,0.003516604445674476,-0.1401429755250425,130,0.47692307692307695,1.0248212564374786,0.000150600862866778,51.62307692307692,"{'target': 63, 'stop': 58, 'max_hold': 9}"
repeat_sweep,1.0,48,h4_level,,3.0,0.5,0.11581404461828738,0.04817296569218743,0.006447939531440294,-0.1338497524242317,151,0.39072847682119205,1.0307274681580514,0.00015428974358435346,42.00662251655629,"{'target': 60, 'stop': 52, 'breakeven': 35, 'max_hold': 4}"
repeat_sweep,1.0,48,h4_level,,3.0,1.0,0.07938420865998573,0.008212406380449693,0.0011270665764235854,-0.13723950377159366,136,0.4411764705882353,1.0204607002672248,0.00011954996636494369,47.98529411764706,"{'target': 62, 'stop': 56, 'breakeven': 13, 'max_hold': 5}"
repeat_sweep,1.0,48,atr,2.0,0.5,,-1.0408373029905478,-0.5460829828465112,-0.12766312614466624,-0.2337797187511862,334,0.3592814371257485,0.8407230756289605,-0.0005641010573467084,15.01497005988024,"{'stop': 214, 'target': 118, 'max_hold': 2}"
repeat_sweep,1.0,48,atr,2.0,0.5,0.5,-1.9230159302984469,-0.6790164601869013,-0.20621705197074236,-0.30369963625621166,440,0.24545454545454545,0.7282183062537538,-0.0007427312547028923,9.631818181818181,"{'stop': 189, 'breakeven': 143, 'target': 108}"
repeat_sweep,1.0,48,atr,2.0,0.5,1.0,-1.430530607452088,-0.617139943155247,-0.1644324610800899,-0.2664427459344103,367,0.3079019073569482,0.7849067918929771,-0.0006858734854619838,12.525885558583106,"{'stop': 194, 'target': 112, 'breakeven': 60, 'max_hold': 1}"
repeat_sweep,1.0,48,atr,2.0,1.0,,-0.47370548489832104,-0.35134506950150174,-0.06363340966562558,-0.18111371181588076,229,0.3624454148471616,0.9153727600957913,-0.0003716307895457023,23.310043668122272,"{'stop': 146, 'target': 82, 'max_hold': 1}"
repeat_sweep,1.0,48,atr,2.0,1.0,0.5,-1.0496230951950274,-0.5296766516853393,-0.1243755880816424,-0.23481417896352585,312,0.266025641025641,0.8242580562763366,-0.0005878756138198851,15.0,"{'stop': 130, 'breakeven': 99, 'target': 83}"
repeat_sweep,1.0,48,atr,2.0,1.0,1.0,-0.5787917857253749,-0.40134477979647876,-0.07395352883390283,-0.1842643346984718,270,0.3111111111111111,0.8990876058633358,-0.0003765106314404323,18.355555555555554,"{'stop': 139, 'target': 84, 'breakeven': 47}"
repeat_sweep,1.0,48,atr,2.0,1.5,,-0.27448560226793434,-0.2623374377671698,-0.046470040570503635,-0.17713842509869604,165,0.3575757575757576,0.9361711832899297,-0.0003467260024053728,38.7939393939394,"{'stop': 106, 'target': 54, 'max_hold': 5}"
repeat_sweep,1.0,48,atr,2.0,1.5,0.5,-0.4643307259365377,-0.39098986322496465,-0.0693388266036633,-0.1773417500692791,227,0.24669603524229075,0.8947794302189529,-0.0004127759130280887,24.744493392070485,"{'stop': 89, 'breakeven': 82, 'target': 54, 'max_hold': 2}"
repeat_sweep,1.0,48,atr,2.0,1.5,1.0,-0.21316193855902268,-0.23770241527301586,-0.03752233790927406,-0.15785425598716507,188,0.30851063829787234,0.9486453102799663,-0.0002362968673130828,32.079787234042556,"{'stop': 97, 'target': 54, 'breakeven': 33, 'max_hold': 4}"
repeat_sweep,1.0,48,atr,2.0,2.0,,0.2433054644276825,0.18940441615661474,0.026455083784715505,-0.13967511593203996,134,0.4253731343283582,1.0619535875154749,0.0004027769189847519,50.28358208955224,"{'stop': 77, 'target': 49, 'max_hold': 8}"
repeat_sweep,1.0,48,atr,2.0,2.0,0.5,0.12273496142790392,0.045669299677030116,0.007049202013291511,-0.15435318831562872,176,0.29545454545454547,1.0290419516780547,0.00014227229253546423,34.3125,"{'stop': 67, 'breakeven': 57, 'target': 49, 'max_hold': 3}"
repeat_sweep,1.0,48,atr,2.0,2.0,1.0,0.260002199777737,0.1972443482668503,0.028867892967444186,-0.14635599560190715,146,0.3698630136986301,1.0662838767778287,0.00038985404184261983,44.99315068493151,"{'stop': 73, 'target': 50, 'breakeven': 19, 'max_hold': 4}"
repeat_sweep,1.0,48,atr,2.0,3.0,,0.14350917526263157,0.051051520433766234,0.009938456688533215,-0.19467503815929,106,0.44339622641509435,1.0386480928992698,0.00028285741352162213,75.54716981132076,"{'stop': 56, 'target': 34, 'max_hold': 16}"
repeat_sweep,1.0,48,atr,2.0,3.0,0.5,-0.11676244917239208,-0.1382586283420468,-0.029468200701088465,-0.21313823993816294,141,0.2695035460992908,0.9624259070351052,-0.0002042150475150143,53.09929078014184,"{'breakeven': 52, 'stop': 50, 'target': 31, 'max_hold': 8}"
repeat_sweep,1.0,48,atr,2.0,3.0,1.0,-0.049101992339576545,-0.10239513576007009,-0.01924345598108601,-0.18793330208748227,117,0.3504273504273504,0.9828151601644608,-0.00011409015656878882,66.64102564102564,"{'stop': 54, 'target': 32, 'breakeven': 20, 'max_hold': 11}"
repeat_sweep,1.0,48,atr,3.0,0.5,,-0.976180582014953,-0.5305271761717817,-0.1260671740952285,-0.2376262324673235,259,0.28957528957528955,0.8227236765612003,-0.000716908417972191,21.11969111969112,"{'stop': 183, 'target': 73, 'max_hold': 3}"
repeat_sweep,1.0,48,atr,3.0,0.5,0.5,-1.7509088909953079,-0.6956323208053972,-0.20006026729497484,-0.28759484186034767,364,0.19230769230769232,0.7096419543510872,-0.000866490458083243,13.291208791208792,"{'stop': 160, 'breakeven': 134, 'target': 68, 'max_hold': 2}"
repeat_sweep,1.0,48,atr,3.0,0.5,1.0,-1.4467694953497645,-0.6325580237833085,-0.17083696629274947,-0.2700731946628062,307,0.23778501628664495,0.7536506821923363,-0.0008564019707084872,16.39087947882736,"{'stop': 168, 'target': 71, 'breakeven': 66, 'max_hold': 2}"
repeat_sweep,1.0,48,atr,3.0,1.0,,-0.3409843026528577,-0.31311788692008446,-0.058217506019270004,-0.18592839454786103,187,0.27807486631016043,0.9232341986317172,-0.00039428884475781054,33.46524064171123,"{'stop': 135, 'target': 46, 'max_hold': 6}"
repeat_sweep,1.0,48,atr,3.0,1.0,0.5,-0.588009968594919,-0.5073653843541163,-0.08640361822032128,-0.17029860704887145,257,0.19844357976653695,0.8706005556062335,-0.00046632289799907687,21.891050583657588,"{'stop': 106, 'breakeven': 100, 'target': 48, 'max_hold': 3}"
repeat_sweep,1.0,48,atr,3.0,1.0,1.0,-0.27186374913269007,-0.30883312299937443,-0.04405126162507489,-0.14263774946563657,223,0.242152466367713,0.940612042740111,-0.00024033205157062792,26.071748878923767,"{'stop': 118, 'breakeven': 51, 'target': 50, 'max_hold': 4}"
repeat_sweep,1.0,48,atr,3.0,1.5,,-0.28420776987094826,-0.2619504127731716,-0.05520903216005557,-0.2107613863844614,145,0.30344827586206896,0.9197208670744887,-0.00047540566471669204,50.282758620689656,"{'stop': 100, 'target': 34, 'max_hold': 11}"
repeat_sweep,1.0,48,atr,3.0,1.5,0.5,-0.49344345970161735,-0.42444561004922404,-0.08176100679279885,-0.19263011527747176,196,0.1836734693877551,0.8633947030536195,-0.0005673393739635458,33.62244897959184,"{'breakeven': 90, 'stop': 70, 'target': 32, 'max_hold': 4}"
repeat_sweep,1.0,48,atr,3.0,1.5,1.0,-0.24198688037086385,-0.24504875734402917,-0.04985296633036551,-0.20344100851887148,165,0.24848484848484848,0.9268790439292635,-0.0003665968621152826,42.61818181818182,"{'stop': 83, 'breakeven': 41, 'target': 34, 'max_hold': 7}"
repeat_sweep,1.0,48,atr,3.0,2.0,,-0.013422895438613032,-0.08945620384403033,-0.01878692210180688,-0.21001251220723005,123,0.34959349593495936,0.9884680295703183,-8.097408618858173e-05,64.17073170731707,"{'stop': 80, 'target': 30, 'max_hold': 13}"
repeat_sweep,1.0,48,atr,3.0,2.0,0.5,-0.050701144004316336,-0.11240312739248336,-0.020211658019417933,-0.17981401842000289,162,0.21604938271604937,0.9820841610494537,-8.790067466519689e-05,42.53703703703704,"{'breakeven': 66, 'stop': 61, 'target': 30, 'max_hold': 5}"
repeat_sweep,1.0,48,atr,3.0,2.0,1.0,0.14327402169265335,0.0586557514262898,0.01004077037075235,-0.17118134414099462,136,0.27941176470588236,1.0387270322988196,0.00022825866890174013,55.81617647058823,"{'stop': 68, 'target': 31, 'breakeven': 30, 'max_hold': 7}"
repeat_sweep,1.0,48,atr,3.0,3.0,,0.8355478865531606,0.9571053312284744,0.1512960842595168,-0.1580767333782621,98,0.42857142857142855,1.3118650043025601,0.002295854286575706,87.94897959183673,"{'stop': 52, 'target': 24, 'max_hold': 22}"
repeat_sweep,1.0,48,atr,3.0,3.0,0.5,0.45820686788244536,0.4332184399108776,0.06807128167426635,-0.1571292341301771,129,0.2558139534883721,1.158630229479326,0.0008846885876106578,63.74418604651163,"{'breakeven': 48, 'stop': 47, 'target': 20, 'max_hold': 14}"
repeat_sweep,1.0,48,atr,3.0,3.0,1.0,0.44853539735636533,0.4301485738154265,0.06639490594082109,-0.15435342572892186,108,0.32407407407407407,1.1542339587139354,0.001036724872143746,77.77777777777777,"{'stop': 51, 'breakeven': 20, 'target': 20, 'max_hold': 17}"
repeat_sweep,1.0,48,atr,4.0,0.5,,-0.4822835202002574,-0.4350154012402691,-0.07677203832279744,-0.17648119607699697,223,0.2556053811659193,0.895919112011924,-0.0004625126323379429,27.50224215246637,"{'stop': 166, 'target': 51, 'max_hold': 6}"
repeat_sweep,1.0,48,atr,4.0,0.5,0.5,-1.3079724456287263,-0.6483083110565125,-0.16282661229459428,-0.2511561390123854,334,0.15568862275449102,0.7592487315666124,-0.0007402746901379096,16.04491017964072,"{'stop': 143, 'breakeven': 139, 'target': 50, 'max_hold': 2}"
repeat_sweep,1.0,48,atr,4.0,0.5,1.0,-1.0275622977488184,-0.6060354301769756,-0.1298108398402117,-0.21419678351528737,276,0.1956521739130435,0.8049864935747805,-0.0006930732114485545,20.217391304347824,"{'stop': 147, 'breakeven': 75, 'target': 51, 'max_hold': 3}"
repeat_sweep,1.0,48,atr,4.0,1.0,,-0.3901037190813707,-0.37854861301479953,-0.07353545043311005,-0.19425629339245565,165,0.24242424242424243,0.8916986808806924,-0.0005879324707450067,43.70909090909091,"{'stop': 123, 'target': 32, 'max_hold': 10}"
repeat_sweep,1.0,48,atr,4.0,1.0,0.5,-0.7614938335381018,-0.5055416345189458,-0.11209729309643524,-0.22173701519777445,230,0.1565217391304348,0.8130341658794625,-0.0006993641030578083,27.030434782608694,"{'stop': 97, 'breakeven': 97, 'target': 32, 'max_hold': 4}"
repeat_sweep,1.0,48,atr,4.0,1.0,1.0,-0.3360520957650746,-0.3359305326068061,-0.06163644836020443,-0.18347974470170458,199,0.19597989949748743,0.9064192412722104,-0.0003985749710383939,32.175879396984925,"{'stop': 106, 'breakeven': 54, 'target': 35, 'max_hold': 4}"
repeat_sweep,1.0,48,atr,4.0,1.5,,0.10097226660845839,0.019545913234372693,0.003012115199167109,-0.15410460299548034,137,0.29927007299270075,1.0244539940547162,0.0001477105472056103,58.48905109489051,"{'stop': 95, 'target': 26, 'max_hold': 16}"
repeat_sweep,1.0,48,atr,4.0,1.5,0.5,-0.2201030886372035,-0.2644632393998381,-0.047826584911863645,-0.1808439805108616,187,0.17647058823529413,0.9283652752296064,-0.0003040576490435402,38.032085561497325,"{'breakeven': 86, 'stop': 68, 'target': 24, 'max_hold': 9}"
repeat_sweep,1.0,48,atr,4.0,1.5,1.0,0.10053802165724153,0.018530483587095328,0.0027154879374626795,-0.14654166604447127,155,0.23870967741935484,1.0249288166771438,0.00012610370022994247,49.27741935483871,"{'stop': 78, 'breakeven': 40, 'target': 27, 'max_hold': 10}"
repeat_sweep,1.0,48,atr,4.0,2.0,,0.33487440904591564,0.304330967920044,0.04802016139929899,-0.15778927043637303,117,0.3418803418803419,1.1060525169414523,0.0007617776443476309,73.35042735042735,"{'stop': 77, 'max_hold': 20, 'target': 20}"
repeat_sweep,1.0,48,atr,4.0,2.0,0.5,0.34695794245199885,0.31477072124469846,0.0485425552710288,-0.15421559883040226,152,0.20394736842105263,1.115069380688414,0.0005784525854255986,49.776315789473685,"{'breakeven': 62, 'stop': 59, 'target': 21, 'max_hold': 10}"
repeat_sweep,1.0,48,atr,4.0,2.0,1.0,0.3579808247814073,0.34757037373202126,0.0510752109403525,-0.14694926495585547,128,0.2578125,1.1186110494243537,0.000718213239150005,64.1328125,"{'stop': 66, 'breakeven': 29, 'target': 20, 'max_hold': 13}"
repeat_sweep,1.0,48,atr,4.0,3.0,,0.9045247434685681,1.1742454689015174,0.1806600002374057,-0.15385198838059766,98,0.3979591836734694,1.357537047768564,0.002710253662019387,93.93877551020408,"{'stop': 55, 'max_hold': 27, 'target': 16}"
repeat_sweep,1.0,48,atr,4.0,3.0,0.5,0.7137080683630976,0.7945584439616425,0.12854655644884017,-0.1617836389830699,128,0.2421875,1.278342304408461,0.0015482194395880454,68.140625,"{'breakeven': 50, 'stop': 46, 'max_hold': 17, 'target': 15}"
repeat_sweep,1.0,48,atr,4.0,3.0,1.0,0.6708149384864074,0.7413552823906836,0.1182493600137855,-0.15950430626522438,107,0.308411214953271,1.2595974268045596,0.001723443768464188,83.49532710280374,"{'stop': 49, 'breakeven': 23, 'max_hold': 21, 'target': 14}"
repeat_sweep,1.0,48,atr,5.0,0.5,,-0.8701087043734561,-0.5288878057392715,-0.1274885798684664,-0.241050329550073,207,0.21739130434782608,0.8072149668627926,-0.0008975934859803669,32.34782608695652,"{'stop': 161, 'target': 38, 'max_hold': 8}"
repeat_sweep,1.0,48,atr,5.0,0.5,0.5,-1.2718075261076345,-0.6349770993374672,-0.1593600898827705,-0.2509698224535125,307,0.14006514657980457,0.7499747815093509,-0.0007860454943987721,18.827361563517915,"{'breakeven': 135, 'stop': 129, 'target': 40, 'max_hold': 3}"
repeat_sweep,1.0,48,atr,5.0,0.5,1.0,-1.1468984651082466,-0.6105236535840352,-0.14357862599124516,-0.23517291287303477,263,0.17490494296577946,0.7781497349548472,-0.0008148934797943925,22.809885931558934,"{'stop': 141, 'breakeven': 76, 'target': 42, 'max_hold': 4}"
repeat_sweep,1.0,48,atr,5.0,1.0,,-0.03717829065386301,-0.12316971699227751,-0.02217562390609562,-0.1800412020714961,158,0.23417721518987342,0.9814963456466085,-0.0001022224411836162,47.91139240506329,"{'stop': 119, 'target': 25, 'max_hold': 14}"
repeat_sweep,1.0,48,atr,5.0,1.0,0.5,-0.2768468637788701,-0.31360943271801817,-0.05680732242020281,-0.181140350045788,221,0.14479638009049775,0.9163281230373208,-0.0003167144343592261,29.8868778280543,"{'breakeven': 97, 'stop': 92, 'target': 26, 'max_hold': 6}"
repeat_sweep,1.0,48,atr,5.0,1.0,1.0,0.05103103401125326,-0.037391128398581795,-0.0060232301421299095,-0.16108714553686387,192,0.18229166666666666,1.008596326386394,3.674961199618697e-05,34.994791666666664,"{'stop': 100, 'breakeven': 57, 'target': 29, 'max_hold': 6}"
repeat_sweep,1.0,48,atr,5.0,1.5,,0.5852162468490554,0.8011044281291615,0.09402928109840958,-0.1173745616635754,134,0.291044776119403,1.1843462758829464,0.0011257487298639913,61.417910447761194,"{'stop': 94, 'target': 22, 'max_hold': 18}"
repeat_sweep,1.0,48,atr,5.0,1.5,0.5,0.1555587880738742,0.08232518133559562,0.01205148661295996,-0.1463888255992114,182,0.16483516483516483,1.0452198491975737,0.00019655289257985273,40.34065934065934,"{'breakeven': 84, 'stop': 68, 'target': 20, 'max_hold': 10}"
repeat_sweep,1.0,48,atr,5.0,1.5,1.0,0.4754964822151651,0.520210004624075,0.07252075381350132,-0.13940668800844724,151,0.2251655629139073,1.1552029384398252,0.0008049462648716953,51.90066225165563,"{'stop': 78, 'breakeven': 39, 'target': 22, 'max_hold': 12}"
repeat_sweep,1.0,48,atr,5.0,2.0,,0.608215383355267,0.7039465462756039,0.11062391143225336,-0.1571481698682029,117,0.3418803418803419,1.211622439519223,0.001502837522663314,75.5042735042735,"{'stop': 77, 'max_hold': 22, 'target': 18}"
repeat_sweep,1.0,48,atr,5.0,2.0,0.5,0.6814351482756966,0.8709110929986025,0.12240795522249992,-0.14055160877678285,149,0.2080536912751678,1.251988883533997,0.0012750796749258046,53.49664429530201,"{'breakeven': 60, 'stop': 58, 'target': 18, 'max_hold': 13}"
repeat_sweep,1.0,48,atr,5.0,2.0,1.0,0.604030747820798,0.7624741530158712,0.1055447063558157,-0.13842397927634242,126,0.2619047619047619,1.2168808946009984,0.0013336061594472488,67.65079365079364,"{'stop': 67, 'breakeven': 26, 'target': 17, 'max_hold': 16}"
repeat_sweep,1.0,48,atr,5.0,3.0,,0.7254367674925818,0.8957287937291081,0.13128375879177367,-0.14656641576208762,96,0.3854166666666667,1.273002831614158,0.0021069704259551627,99.44791666666667,"{'stop': 55, 'max_hold': 30, 'target': 11}"
repeat_sweep,1.0,48,atr,5.0,3.0,0.5,0.47830898885965045,0.40355156919743473,0.07456412291425885,-0.1847697508958982,126,0.21428571428571427,1.176728228250995,0.0010009207658646922,71.06349206349206,"{'breakeven': 52, 'stop': 46, 'max_hold': 18, 'target': 10}"
repeat_sweep,1.0,48,atr,5.0,3.0,1.0,0.3897464180936154,0.33234264049170714,0.055911940270535476,-0.1682358309117744,105,0.2857142857142857,1.1398257706314052,0.0009469058753924626,88.03809523809524,"{'stop': 49, 'breakeven': 24, 'max_hold': 23, 'target': 9}"
repeat_sweep,1.0,96,h4_level,,0.5,,-1.01879013389753,-0.5807497714581944,-0.14241380185680785,-0.2452240342673292,221,0.24434389140271492,0.7802990091475366,-0.0009559701702790129,26.850678733031675,"{'stop': 165, 'target': 55, 'max_hold': 1}"
repeat_sweep,1.0,96,h4_level,,0.5,0.5,-1.2811293464698574,-0.6338649742798514,-0.16947583040041125,-0.2673689780587051,306,0.1568627450980392,0.7291897200438818,-0.0008454613479736853,17.836601307189543,"{'stop': 136, 'breakeven': 121, 'target': 48, 'max_hold': 1}"
repeat_sweep,1.0,96,h4_level,,0.5,1.0,-0.9785770824524378,-0.5810368503156568,-0.13664493062680483,-0.23517429325277817,256,0.20703125,0.7835832438498005,-0.0007888364085051039,21.890625,"{'stop': 143, 'breakeven': 59, 'target': 53, 'max_hold': 1}"
repeat_sweep,1.0,96,h4_level,,1.0,,-0.6898072633006758,-0.43987176408093936,-0.10652443639257891,-0.24217157156051894,193,0.29015544041450775,0.8428900366905999,-0.0007768118587744737,32.04663212435233,"{'stop': 134, 'target': 58, 'max_hold': 1}"
repeat_sweep,1.0,96,h4_level,,1.0,0.5,-0.7849673665427358,-0.49727354236365284,-0.11541895368539212,-0.2321035483544528,251,0.21115537848605578,0.8191131626337632,-0.000659025682225971,22.529880478087648,"{'stop': 109, 'breakeven': 87, 'target': 54, 'max_hold': 1}"
repeat_sweep,1.0,96,h4_level,,1.0,1.0,-0.5804477887453818,-0.40572572344943647,-0.08981827973813028,-0.22137684289402437,218,0.24770642201834864,0.8617640762792621,-0.0005673992891289413,26.75229357798165,"{'stop': 118, 'target': 56, 'breakeven': 44}"
repeat_sweep,1.0,96,h4_level,,1.5,,-0.3498056541109018,-0.3179603024213797,-0.06005752463739533,-0.1888837196971953,164,0.3475609756097561,0.9127060268641445,-0.00046666615083316456,39.573170731707314,"{'stop': 102, 'target': 61, 'max_hold': 1}"
repeat_sweep,1.0,96,h4_level,,1.5,0.5,-0.3789312819718822,-0.373421447553736,-0.06248514517338388,-0.16733143096820158,211,0.26066350710900477,0.9033680233117494,-0.00038459962795668704,28.29383886255924,"{'stop': 84, 'breakeven': 70, 'target': 56, 'max_hold': 1}"
repeat_sweep,1.0,96,h4_level,,1.5,1.0,-0.18656680145310153,-0.23033227118326896,-0.03673591074566407,-0.15949094131249342,177,0.3163841807909605,0.9494419826320775,-0.00023426034153158152,34.847457627118644,"{'stop': 91, 'target': 58, 'breakeven': 28}"
repeat_sweep,1.0,96,h4_level,,2.0,,-0.2742978274576551,-0.29818405601952813,-0.05869198948341492,-0.19683141435158147,143,0.40559440559440557,0.9213518430091674,-0.00049638018567922,46.10489510489511,"{'stop': 80, 'target': 62, 'max_hold': 1}"
repeat_sweep,1.0,96,h4_level,,2.0,0.5,-0.20766537363129847,-0.245813059451953,-0.04650485517267833,-0.18918789455841845,171,0.3333333333333333,0.9379743272759231,-0.00031040852203312417,36.005847953216374,"{'stop': 68, 'target': 58, 'breakeven': 44, 'max_hold': 1}"
repeat_sweep,1.0,96,h4_level,,2.0,1.0,-0.10617663311458347,-0.18975302178594794,-0.030901143913844242,-0.16284928494420747,153,0.3790849673202614,0.9654312008498146,-0.00019168173700231223,41.89542483660131,"{'stop': 72, 'target': 60, 'breakeven': 20, 'max_hold': 1}"
repeat_sweep,1.0,96,h4_level,,3.0,,-0.06000032137612045,-0.12177805353578464,-0.018753900801503076,-0.15400066150665004,124,0.47580645161290325,0.9844863990110118,-0.0001009752527662911,56.766129032258064,"{'target': 63, 'stop': 59, 'max_hold': 2}"
repeat_sweep,1.0,96,h4_level,,3.0,0.5,-0.06504327611144006,-0.11221579378726869,-0.018450550310030178,-0.16442026284648947,147,0.38095238095238093,0.9826280793735006,-8.935613674057672e-05,44.36054421768708,"{'target': 60, 'stop': 52, 'breakeven': 35}"
repeat_sweep,1.0,96,h4_level,,3.0,1.0,-0.1383049545633267,-0.17540444211989123,-0.029301425754901578,-0.16705064820920368,133,0.42857142857142855,0.9643939025401035,-0.00021447440286152559,50.43609022556391,"{'target': 62, 'stop': 57, 'breakeven': 14}"
repeat_sweep,1.0,96,atr,2.0,0.5,,-1.0192007705275532,-0.5436276451565047,-0.12578823196206612,-0.23138674620907662,330,0.35454545454545455,0.8432612639707943,-0.0005612439165197258,15.23939393939394,"{'stop': 213, 'target': 117}"
repeat_sweep,1.0,96,atr,2.0,0.5,0.5,-1.9230159302984469,-0.6790164601869013,-0.20621705197074236,-0.30369963625621166,440,0.24545454545454545,0.7282183062537538,-0.0007427312547028923,9.631818181818181,"{'stop': 189, 'breakeven': 143, 'target': 108}"
repeat_sweep,1.0,96,atr,2.0,0.5,1.0,-1.4190961297856548,-0.616436465298286,-0.16355583440153976,-0.2653247229986583,364,0.30494505494505497,0.7860150570572275,-0.000687225004961574,12.662087912087912,"{'stop': 193, 'target': 111, 'breakeven': 60}"
repeat_sweep,1.0,96,atr,2.0,1.0,,-0.46353028877522684,-0.3481766077699962,-0.06260435637898931,-0.17980632524384133,228,0.35964912280701755,0.9169972123888382,-0.000366095866062324,23.42105263157895,"{'stop': 146, 'target': 82}"
repeat_sweep,1.0,96,atr,2.0,1.0,0.5,-1.0496230951950274,-0.5296766516853393,-0.1243755880816424,-0.23481417896352585,312,0.266025641025641,0.8242580562763366,-0.0005878756138198851,15.0,"{'stop': 130, 'breakeven': 99, 'target': 83}"
repeat_sweep,1.0,96,atr,2.0,1.0,1.0,-0.5787917857253749,-0.40134477979647876,-0.07395352883390283,-0.1842643346984718,270,0.3111111111111111,0.8990876058633358,-0.0003765106314404323,18.355555555555554,"{'stop': 139, 'target': 84, 'breakeven': 47}"
repeat_sweep,1.0,96,atr,2.0,1.5,,-0.21863801566385618,-0.22014279696354735,-0.03952121004977982,-0.17952533807555826,158,0.33544303797468356,0.9488112626128063,-0.0002908747852538651,41.62658227848101,"{'stop': 105, 'target': 53}"
repeat_sweep,1.0,96,atr,2.0,1.5,0.5,-0.3782644658393517,-0.3585411474453687,-0.058652642242104314,-0.16358692066449998,227,0.2422907488986784,0.9139872229811605,-0.0003378139738061843,25.05726872246696,"{'stop': 89, 'breakeven': 83, 'target': 55}"
repeat_sweep,1.0,96,atr,2.0,1.5,1.0,-0.024571110906761125,-0.09309248612202992,-0.012776055735139291,-0.1372404612590521,182,0.2967032967032967,0.9921040509531143,-3.720933250230275e-05,34.032967032967036,"{'stop': 95, 'target': 54, 'breakeven': 33}"
repeat_sweep,1.0,96,atr,2.0,2.0,,0.15413778849526372,0.06168182602544245,0.011823358659803995,-0.1916830194833582,131,0.3969465648854962,1.037917565533086,0.0002638164893672798,54.2442748091603,"{'stop': 79, 'target': 52}"
repeat_sweep,1.0,96,atr,2.0,2.0,0.5,0.293119444667474,0.222240192169502,0.03332532956499357,-0.1499518572211116,176,0.29545454545454547,1.073425115542957,0.0003596989497738044,34.75568181818182,"{'stop': 67, 'breakeven': 57, 'target': 52}"
repeat_sweep,1.0,96,atr,2.0,2.0,1.0,0.5026116563730966,0.4852855266779115,0.06988618571756589,-0.1440104472020448,144,0.3680555555555556,1.1349897888917386,0.0007979378342446885,46.61805555555556,"{'stop': 72, 'target': 53, 'breakeven': 19}"
repeat_sweep,1.0,96,atr,2.0,3.0,,0.035526865685110584,-0.0335588901091587,-0.008361528226673576,-0.2491598559867627,85,0.38823529411764707,1.0048627992464982,4.105992851802614e-05,106.85882352941177,"{'stop': 48, 'target': 29, 'max_hold': 8}"
repeat_sweep,1.0,96,atr,2.0,3.0,0.5,-0.003974445827959186,-0.0656505607059301,-0.013178026161938639,-0.20072983414364487,128,0.234375,0.9945360892555706,-3.0518468378364625e-05,60.609375,"{'breakeven': 52, 'stop': 46, 'target': 30}"
repeat_sweep,1.0,96,atr,2.0,3.0,1.0,-0.23232705029212614,-0.2189959138641994,-0.047727230873606974,-0.21793662736192831,104,0.27884615384615385,0.9246570159991184,-0.0005369435407021411,80.75961538461539,"{'stop': 50, 'target': 29, 'breakeven': 24, 'max_hold': 1}"
repeat_sweep,1.0,96,atr,3.0,0.5,,-1.0322057020654316,-0.5364198254489454,-0.13042750492625788,-0.24314445279329355,247,0.2834008097165992,0.8095202222609371,-0.0007827018117030135,22.817813765182187,"{'stop': 177, 'target': 68, 'max_hold': 2}"
repeat_sweep,1.0,96,atr,3.0,0.5,0.5,-1.724346756055294,-0.6949568249674642,-0.19812947249509127,-0.2850960885294811,361,0.19113573407202217,0.7111695271591217,-0.000864000944043612,13.542936288088642,"{'stop': 159, 'breakeven': 133, 'target': 69}"
repeat_sweep,1.0,96,atr,3.0,0.5,1.0,-1.5768860203976085,-0.6410957743961703,-0.1834270281212026,-0.2861148605978058,302,0.22847682119205298,0.7313050264464463,-0.0009446568898682046,17.1158940397351,"{'stop': 166, 'target': 69, 'breakeven': 67}"
repeat_sweep,1.0,96,atr,3.0,1.0,,-0.35703373864282956,-0.3183798344552939,-0.059846852073930035,-0.18797312391445942,179,0.26256983240223464,0.9191789442699826,-0.000425406961935907,35.55865921787709,"{'stop': 132, 'target': 46, 'max_hold': 1}"
repeat_sweep,1.0,96,atr,3.0,1.0,0.5,-0.552522678318872,-0.4993067825106932,-0.08237616336938403,-0.16498106225428621,254,0.19291338582677164,0.8777381197204125,-0.0004454129305568144,22.251968503937007,"{'stop': 106, 'breakeven': 99, 'target': 49}"
repeat_sweep,1.0,96,atr,3.0,1.0,1.0,-0.1560964121605797,-0.23682197343184708,-0.02948479412609184,-0.12450193577403412,221,0.23529411764705882,0.9656205330047881,-0.000140330567336652,26.660633484162897,"{'stop': 118, 'target': 52, 'breakeven': 51}"
repeat_sweep,1.0,96,atr,3.0,1.5,,-0.4871239801147929,-0.3444046289439031,-0.08490835975437983,-0.24653663922795233,129,0.2558139534883721,0.8639874151376046,-0.0008899141787753853,59.627906976744185,"{'stop': 96, 'target': 31, 'max_hold': 2}"
repeat_sweep,1.0,96,atr,3.0,1.5,0.5,-0.42798814750295877,-0.39765444434771385,-0.07290548400313945,-0.1833387883360107,191,0.17277486910994763,0.879833270352311,-0.0005062761015538123,35.30890052356021,"{'breakeven': 88, 'stop': 70, 'target': 33}"
repeat_sweep,1.0,96,atr,3.0,1.5,1.0,-0.16532391613694397,-0.2055137535436667,-0.03911640617956891,-0.19033473675160928,154,0.21428571428571427,0.9463949799677056,-0.0002797579223055785,47.714285714285715,"{'stop': 78, 'breakeven': 43, 'target': 33}"
repeat_sweep,1.0,96,atr,3.0,2.0,,-0.3116469183578024,-0.2609168736038876,-0.07250947643741756,-0.27790259570371145,109,0.28440366972477066,0.8979869213478354,-0.0008305083756698041,78.25688073394495,"{'stop': 78, 'target': 30, 'max_hold': 1}"
repeat_sweep,1.0,96,atr,3.0,2.0,0.5,-0.03872772315255806,-0.1009429118952961,-0.018401474285278163,-0.18229585356488676,156,0.1987179487179487,0.9852312106602936,-7.295979109222144e-05,45.82051282051282,"{'breakeven': 66, 'stop': 59, 'target': 31}"
repeat_sweep,1.0,96,atr,3.0,2.0,1.0,0.17924524499568237,0.0968040723532195,0.016241058448319468,-0.16777247127640416,127,0.2440944881889764,1.0529762187025402,0.0003217197837188269,62.44094488188976,"{'stop': 63, 'breakeven': 33, 'target': 31}"
repeat_sweep,1.0,96,atr,3.0,3.0,,0.6287509191371913,0.5074269418106645,0.1089113279346583,-0.21463449998541118,76,0.3815789473684211,1.2568630757741137,0.0022576009288795586,128.81578947368422,"{'stop': 44, 'target': 22, 'max_hold': 10}"
repeat_sweep,1.0,96,atr,3.0,3.0,0.5,0.7465014285210613,0.8225491165601124,0.13241608014612516,-0.16098258144132127,111,0.22522522522522523,1.316432757718123,0.00182484742479768,77.54054054054055,"{'breakeven': 46, 'stop': 40, 'target': 22, 'max_hold': 3}"
repeat_sweep,1.0,96,atr,3.0,3.0,1.0,0.32360340194631754,0.2777127624193622,0.04381050412252785,-0.1577547381721387,94,0.24468085106382978,1.1224625945445448,0.00087638013240453,94.82978723404256,"{'stop': 45, 'breakeven': 26, 'target': 20, 'max_hold': 3}"
repeat_sweep,1.0,96,atr,4.0,0.5,,-0.4463311322102237,-0.42377632088621703,-0.0715828410806727,-0.16891656648246878,212,0.24056603773584906,0.9013181704742481,-0.00044825502819815664,30.0188679245283,"{'stop': 161, 'target': 49, 'max_hold': 2}"
repeat_sweep,1.0,96,atr,4.0,0.5,0.5,-1.3039670290919583,-0.6482643171555691,-0.16275658984838148,-0.25106516823649805,331,0.1540785498489426,0.7578401445186547,-0.0007466968074055908,16.293051359516618,"{'stop': 142, 'breakeven': 138, 'target': 51}"
repeat_sweep,1.0,96,atr,4.0,0.5,1.0,-1.0660393767968697,-0.6098905283492562,-0.1339198474470905,-0.21958013974993362,271,0.18450184501845018,0.7969877391178514,-0.0007306935677779716,21.29889298892989,"{'stop': 145, 'breakeven': 76, 'target': 50}"
repeat_sweep,1.0,96,atr,4.0,1.0,,-0.5002538120829592,-0.38461506130075124,-0.09020324027855353,-0.2345286218732312,150,0.21333333333333335,0.8584169218723272,-0.000822419446251239,50.2,"{'stop': 118, 'target': 31, 'max_hold': 1}"
repeat_sweep,1.0,96,atr,4.0,1.0,0.5,-0.6481875920727759,-0.48324750624744073,-0.09918303330940204,-0.20524272143603495,226,0.1504424778761062,0.8379711876934776,-0.0006162816107915857,27.95575221238938,"{'stop': 97, 'breakeven': 95, 'target': 34}"
repeat_sweep,1.0,96,atr,4.0,1.0,1.0,-0.3080299990568011,-0.32343993353763345,-0.05775772043297145,-0.1785732509936072,196,0.1836734693877551,0.9129286903692616,-0.0003726552653964713,33.32142857142857,"{'stop': 105, 'breakeven': 55, 'target': 36}"
repeat_sweep,1.0,96,atr,4.0,1.5,,-0.0033455385546572007,-0.08152868981165956,-0.014685926798632898,-0.18013201037032534,118,0.23728813559322035,0.9958297379774212,-2.8274317789713755e-05,72.11016949152543,"{'stop': 90, 'target': 25, 'max_hold': 3}"
repeat_sweep,1.0,96,atr,4.0,1.5,0.5,0.1549204613832507,0.06882817566617627,0.012107689654349718,-0.1759118200818406,172,0.16279069767441862,1.0463769968683154,0.0001968759859724309,43.63953488372093,"{'breakeven': 81, 'stop': 63, 'target': 27, 'max_hold': 1}"
repeat_sweep,1.0,96,atr,4.0,1.5,1.0,0.2609086734313766,0.22203371499443575,0.030544106673898952,-0.13756517416584413,136,0.19117647058823528,1.0860052312794535,0.000452980429111056,59.404411764705884,"{'stop': 68, 'breakeven': 42, 'target': 25, 'max_hold': 1}"
repeat_sweep,1.0,96,atr,4.0,2.0,,0.23364876348000674,0.11530845641847923,0.027313919102487594,-0.23687698154036074,94,0.2872340425531915,1.0782651562503598,0.0006579554713411325,96.68085106382979,"{'stop': 67, 'target': 22, 'max_hold': 5}"
repeat_sweep,1.0,96,atr,4.0,2.0,0.5,0.4720522809423962,0.4928750900716097,0.07408208139058448,-0.1503059961496961,142,0.176056338028169,1.1758545552738315,0.0008724746277461857,54.63380281690141,"{'breakeven': 63, 'stop': 54, 'target': 23, 'max_hold': 2}"
repeat_sweep,1.0,96,atr,4.0,2.0,1.0,0.5276490202420848,0.6006010593907077,0.0882578842091728,-0.1469492649558558,113,0.21238938053097345,1.2047858614960327,0.0012826740428124605,75.30088495575221,"{'stop': 58, 'breakeven': 31, 'target': 22, 'max_hold': 2}"
repeat_sweep,1.0,96,atr,4.0,3.0,,0.6911310522131372,0.5735043227797018,0.12661415877402438,-0.2207728063152895,72,0.3611111111111111,1.3032617227494598,0.002746457527576713,144.15277777777777,"{'stop': 43, 'target': 15, 'max_hold': 13, 'data_end': 1}"
repeat_sweep,1.0,96,atr,4.0,3.0,0.5,0.3675265507267005,0.3261069941072711,0.05315361479992542,-0.1629944029426147,108,0.16666666666666666,1.1551179057838001,0.0009044236928795512,86.45370370370371,"{'breakeven': 51, 'stop': 39, 'target': 13, 'max_hold': 5}"
repeat_sweep,1.0,96,atr,4.0,3.0,1.0,0.2908633092113932,0.2289573583568766,0.03839137213590593,-0.16767913646201826,89,0.20224719101123595,1.1181831435238103,0.0008747171243808407,106.34831460674157,"{'stop': 44, 'breakeven': 27, 'target': 14, 'max_hold': 4}"
repeat_sweep,1.0,96,atr,5.0,0.5,,-0.8079499558862406,-0.5100059797621193,-0.12026476300518396,-0.23581049591081016,195,0.20512820512820512,0.8138748790490744,-0.0008910369319039131,36.4,"{'stop': 155, 'target': 38, 'max_hold': 2}"
repeat_sweep,1.0,96,atr,5.0,0.5,0.5,-1.1794359682482485,-0.6288434370926386,-0.15101145642813052,-0.24014157979656892,302,0.1390728476821192,0.7632676847871219,-0.0007508387211808467,19.420529801324502,"{'breakeven': 132, 'stop': 128, 'target': 42}"
repeat_sweep,1.0,96,atr,5.0,0.5,1.0,-1.2445101690876674,-0.619037890864307,-0.153629732072594,-0.24817500566579953,258,0.16279069767441862,0.7567259947539081,-0.0008978412232229045,24.2015503875969,"{'stop': 139, 'breakeven': 77, 'target': 42}"
repeat_sweep,1.0,96,atr,5.0,1.0,,-0.08639874339545701,-0.13058720405837126,-0.02832040144317427,-0.21686965156643767,137,0.20437956204379562,0.969555286409733,-0.000181718316587003,58.56934306569343,"{'stop': 109, 'target': 25, 'max_hold': 3}"
repeat_sweep,1.0,96,atr,5.0,1.0,0.5,-0.09331981468622631,-0.1539385204963947,-0.028464957910134814,-0.1849112088276922,206,0.13592233009708737,0.9683006647053267,-0.00012408864492695457,33.16990291262136,"{'breakeven': 90, 'stop': 88, 'target': 27, 'max_hold': 1}"
repeat_sweep,1.0,96,atr,5.0,1.0,1.0,-0.07658048983457755,-0.15146656433523947,-0.02624209445471737,-0.1732533814963677,185,0.15675675675675677,0.9724835488129467,-0.00011997249729386721,37.037837837837834,"{'stop': 98, 'breakeven': 58, 'target': 28, 'max_hold': 1}"
repeat_sweep,1.0,96,atr,5.0,1.5,,0.5115792577867168,0.5015009427196225,0.08033904556239735,-0.16019719749024086,110,0.24545454545454545,1.1780238864863974,0.0012151012003183523,79.39090909090909,"{'stop': 83, 'target': 22, 'max_hold': 5}"
repeat_sweep,1.0,96,atr,5.0,1.5,0.5,0.4317870621309622,0.4274631695811925,0.06257583138190737,-0.14638882559921151,163,0.15337423312883436,1.1528462681831304,0.0006580517284095646,46.34969325153374,"{'breakeven': 79, 'stop': 59, 'target': 22, 'max_hold': 3}"
repeat_sweep,1.0,96,atr,5.0,1.5,1.0,0.6053360154273636,0.7195971738049102,0.10031665870038142,-0.13940668800844713,130,0.18461538461538463,1.2326956653263998,0.0012332435984584692,63.261538461538464,"{'stop': 64, 'breakeven': 42, 'target': 21, 'max_hold': 3}"
repeat_sweep,1.0,96,atr,5.0,2.0,,0.10120502620753573,0.001548195158117117,0.0003991209913203342,-0.2577975969164875,92,0.2608695652173913,1.0302012247511527,0.0002592738229735938,103.96739130434783,"{'stop': 68, 'target': 18, 'max_hold': 6}"
repeat_sweep,1.0,96,atr,5.0,2.0,0.5,0.5979706607490188,0.6782604610693491,0.1014847302958175,-0.14962501298662778,134,0.16417910447761194,1.2380206204108781,0.0012197159787908328,61.05223880597015,"{'breakeven': 60, 'stop': 52, 'target': 20, 'max_hold': 2}"
repeat_sweep,1.0,96,atr,5.0,2.0,1.0,0.31879704466398573,0.24052988362609068,0.0437477030363711,-0.18188053133712867,108,0.18518518518518517,1.1198902705578209,0.0007839466000784885,83.32407407407408,"{'stop': 58, 'breakeven': 30, 'target': 17, 'max_hold': 3}"
repeat_sweep,1.0,96,atr,5.0,3.0,,0.47626102693462347,0.3467396215645719,0.07726210756444707,-0.22282457140554635,71,0.3380281690140845,1.1994594962928677,0.0018478037637194983,149.32394366197184,"{'stop': 44, 'max_hold': 14, 'target': 13}"
repeat_sweep,1.0,96,atr,5.0,3.0,0.5,0.2232908559081584,0.11719931258800484,0.025047138081821352,-0.21371403576291015,108,0.14814814814814814,1.0918365813473259,0.0005477467341289755,91.64814814814815,"{'breakeven': 52, 'stop': 40, 'target': 10, 'max_hold': 6}"
repeat_sweep,1.0,96,atr,5.0,3.0,1.0,0.18276922535018342,0.08507077151845008,0.017127673741329952,-0.20133441175639644,90,0.18888888888888888,1.071919061461067,0.0005372123229267033,110.06666666666666,"{'stop': 45, 'breakeven': 28, 'target': 12, 'max_hold': 5}"
repeat_sweep,1.0,168,h4_level,,0.5,,-1.0284749452888917,-0.5818927027017365,-0.1435069083997743,-0.24662091092304406,221,0.24434389140271492,0.7783572866270396,-0.0009644190571108459,27.013574660633484,"{'stop': 165, 'target': 56}"
repeat_sweep,1.0,168,h4_level,,0.5,0.5,-1.2912990376541122,-0.6345791772490285,-0.17049584207013846,-0.26867544379451114,306,0.1568627450980392,0.7272980594574399,-0.0008513670540258376,17.95751633986928,"{'stop': 136, 'breakeven': 121, 'target': 49}"
repeat_sweep,1.0,168,h4_level,,0.5,1.0,-0.9882761205945108,-0.5821693114904741,-0.1377052637009203,-0.23653817022468304,256,0.20703125,0.7816465667200543,-0.0007958955727705675,22.03515625,"{'stop': 143, 'breakeven': 59, 'target': 54}"
repeat_sweep,1.0,168,h4_level,,1.0,,-0.6988650994004378,-0.4420145236314085,-0.10766328865801189,-0.24357409746063285,193,0.29015544041450775,0.8409333452824483,-0.0007864864908461581,32.233160621761655,"{'stop': 134, 'target': 59}"
repeat_sweep,1.0,168,h4_level,,1.0,0.5,-0.7942794226584742,-0.4990101845324004,-0.11650535553025965,-0.2334729012383414,251,0.21115537848605578,0.8171369932890581,-0.0006662254672935355,22.677290836653388,"{'stop': 109, 'breakeven': 87, 'target': 55}"
repeat_sweep,1.0,168,h4_level,,1.0,1.0,-0.5804477887453818,-0.40572572344943647,-0.08981827973813028,-0.22137684289402437,218,0.24770642201834864,0.8617640762792621,-0.0005673992891289413,26.75229357798165,"{'stop': 118, 'target': 56, 'breakeven': 44}"
repeat_sweep,1.0,168,h4_level,,1.5,,-0.35875380578630406,-0.3217461885644095,-0.06125560510097494,-0.19038486632674545,164,0.3475609756097561,0.9105762903428488,-0.0004780515410150858,39.792682926829265,"{'stop': 102, 'target': 62}"
repeat_sweep,1.0,168,h4_level,,1.5,0.5,-0.3879110410226712,-0.37695745074299086,-0.0636365578925665,-0.16881628886002265,211,0.26066350710900477,0.9012161197633837,-0.0003931643011887188,28.46919431279621,"{'stop': 84, 'breakeven': 70, 'target': 57}"
repeat_sweep,1.0,168,h4_level,,1.5,1.0,-0.18656680145310153,-0.23033227118326896,-0.03673591074566407,-0.15949094131249342,177,0.3163841807909605,0.9494419826320775,-0.00023426034153158152,34.847457627118644,"{'stop': 91, 'target': 58, 'breakeven': 28}"
repeat_sweep,1.0,168,h4_level,,2.0,,-0.2818422322102941,-0.3018609606462283,-0.05984806078233618,-0.19826366633900783,143,0.40559440559440557,0.9193495329524095,-0.0005090175706579522,46.36363636363637,"{'stop': 80, 'target': 63}"
repeat_sweep,1.0,168,h4_level,,2.0,0.5,-0.21537670269756762,-0.25009153642123727,-0.047675894150653764,-0.19063377686780936,171,0.3333333333333333,0.9358626138058178,-0.0003209766276001341,36.22222222222222,"{'stop': 68, 'target': 59, 'breakeven': 44}"
repeat_sweep,1.0,168,h4_level,,2.0,1.0,-0.11375590475862153,-0.19527156885538788,-0.03209134665388502,-0.1643421356318947,153,0.3790849673202614,0.963301074427239,-0.00020349314910661742,42.13725490196079,"{'stop': 72, 'target': 61, 'breakeven': 20}"
repeat_sweep,1.0,168,h4_level,,3.0,,-0.16721555612120473,-0.1945648415743522,-0.03347604553766581,-0.17205598538147537,124,0.46774193548387094,0.9570494171531883,-0.0002796310581605601,58.46774193548387,"{'target': 65, 'stop': 59}"
repeat_sweep,1.0,168,h4_level,,3.0,0.5,-0.06504327611144006,-0.11221579378726869,-0.018450550310030178,-0.16442026284648947,147,0.38095238095238093,0.9826280793735006,-8.935613674057672e-05,44.36054421768708,"{'target': 60, 'stop': 52, 'breakeven': 35}"
repeat_sweep,1.0,168,h4_level,,3.0,1.0,-0.1383049545633267,-0.17540444211989123,-0.029301425754901578,-0.16705064820920368,133,0.42857142857142855,0.9643939025401035,-0.00021447440286152559,50.43609022556391,"{'target': 62, 'stop': 57, 'breakeven': 14}"
repeat_sweep,1.0,168,atr,2.0,0.5,,-1.0192007705275532,-0.5436276451565047,-0.12578823196206612,-0.23138674620907662,330,0.35454545454545455,0.8432612639707943,-0.0005612439165197258,15.23939393939394,"{'stop': 213, 'target': 117}"
repeat_sweep,1.0,168,atr,2.0,0.5,0.5,-1.9230159302984469,-0.6790164601869013,-0.20621705197074236,-0.30369963625621166,440,0.24545454545454545,0.7282183062537538,-0.0007427312547028923,9.631818181818181,"{'stop': 189, 'breakeven': 143, 'target': 108}"
repeat_sweep,1.0,168,atr,2.0,0.5,1.0,-1.4190961297856548,-0.616436465298286,-0.16355583440153976,-0.2653247229986583,364,0.30494505494505497,0.7860150570572275,-0.000687225004961574,12.662087912087912,"{'stop': 193, 'target': 111, 'breakeven': 60}"
repeat_sweep,1.0,168,atr,2.0,1.0,,-0.46353028877522684,-0.3481766077699962,-0.06260435637898931,-0.17980632524384133,228,0.35964912280701755,0.9169972123888382,-0.000366095866062324,23.42105263157895,"{'stop': 146, 'target': 82}"
repeat_sweep,1.0,168,atr,2.0,1.0,0.5,-1.0496230951950274,-0.5296766516853393,-0.1243755880816424,-0.23481417896352585,312,0.266025641025641,0.8242580562763366,-0.0005878756138198851,15.0,"{'stop': 130, 'breakeven': 99, 'target': 83}"
repeat_sweep,1.0,168,atr,2.0,1.0,1.0,-0.5787917857253749,-0.40134477979647876,-0.07395352883390283,-0.1842643346984718,270,0.3111111111111111,0.8990876058633358,-0.0003765106314404323,18.355555555555554,"{'stop': 139, 'target': 84, 'breakeven': 47}"
repeat_sweep,1.0,168,atr,2.0,1.5,,-0.21863801566385618,-0.22014279696354735,-0.03952121004977982,-0.17952533807555826,158,0.33544303797468356,0.9488112626128063,-0.0002908747852538651,41.62658227848101,"{'stop': 105, 'target': 53}"
repeat_sweep,1.0,168,atr,2.0,1.5,0.5,-0.3782644658393517,-0.3585411474453687,-0.058652642242104314,-0.16358692066449998,227,0.2422907488986784,0.9139872229811605,-0.0003378139738061843,25.05726872246696,"{'stop': 89, 'breakeven': 83, 'target': 55}"
repeat_sweep,1.0,168,atr,2.0,1.5,1.0,-0.024571110906761125,-0.09309248612202992,-0.012776055735139291,-0.1372404612590521,182,0.2967032967032967,0.9921040509531143,-3.720933250230275e-05,34.032967032967036,"{'stop': 95, 'target': 54, 'breakeven': 33}"
repeat_sweep,1.0,168,atr,2.0,2.0,,0.15413778849526372,0.06168182602544245,0.011823358659803995,-0.1916830194833582,131,0.3969465648854962,1.037917565533086,0.0002638164893672798,54.2442748091603,"{'stop': 79, 'target': 52}"
repeat_sweep,1.0,168,atr,2.0,2.0,0.5,0.293119444667474,0.222240192169502,0.03332532956499357,-0.1499518572211116,176,0.29545454545454547,1.073425115542957,0.0003596989497738044,34.75568181818182,"{'stop': 67, 'breakeven': 57, 'target': 52}"
repeat_sweep,1.0,168,atr,2.0,2.0,1.0,0.5026116563730966,0.4852855266779115,0.06988618571756589,-0.1440104472020448,144,0.3680555555555556,1.1349897888917386,0.0007979378342446885,46.61805555555556,"{'stop': 72, 'target': 53, 'breakeven': 19}"
repeat_sweep,1.0,168,atr,2.0,3.0,,-0.13120684704822325,-0.13871989843085383,-0.037244728135602756,-0.2684887212065522,83,0.37349397590361444,0.951411063156534,-0.00045360108952149415,118.95180722891567,"{'stop': 52, 'target': 29, 'max_hold': 2}"
repeat_sweep,1.0,168,atr,2.0,3.0,0.5,-0.003974445827959186,-0.0656505607059301,-0.013178026161938639,-0.20072983414364487,128,0.234375,0.9945360892555706,-3.0518468378364625e-05,60.609375,"{'breakeven': 52, 'stop': 46, 'target': 30}"
repeat_sweep,1.0,168,atr,2.0,3.0,1.0,-0.23962351060062032,-0.22542344674144063,-0.04912802571113084,-0.21793662736192831,103,0.2815533980582524,0.9224530663463096,-0.0005617594521725251,81.60194174757281,"{'stop': 51, 'target': 29, 'breakeven': 23}"
repeat_sweep,1.0,168,atr,3.0,0.5,,-1.114998196861672,-0.5474357684557881,-0.13908064421038369,-0.2540583794930018,242,0.2809917355371901,0.7955340995450204,-0.0008588659674357155,23.40495867768595,"{'stop': 174, 'target': 68}"
repeat_sweep,1.0,168,atr,3.0,0.5,0.5,-1.724346756055294,-0.6949568249674642,-0.19812947249509127,-0.2850960885294811,361,0.19113573407202217,0.7111695271591217,-0.000864000944043612,13.542936288088642,"{'stop': 159, 'breakeven': 133, 'target': 69}"
repeat_sweep,1.0,168,atr,3.0,0.5,1.0,-1.5768860203976085,-0.6410957743961703,-0.1834270281212026,-0.2861148605978058,302,0.22847682119205298,0.7313050264464463,-0.0009446568898682046,17.1158940397351,"{'stop': 166, 'target': 69, 'breakeven': 67}"
repeat_sweep,1.0,168,atr,3.0,1.0,,-0.4540018823495166,-0.35694000667552284,-0.07293861623800346,-0.20434418914635277,179,0.2569832402234637,0.8988116385418616,-0.0005390458938708065,35.66480446927374,"{'stop': 133, 'target': 46}"
repeat_sweep,1.0,168,atr,3.0,1.0,0.5,-0.552522678318872,-0.4993067825106932,-0.08237616336938403,-0.16498106225428621,254,0.19291338582677164,0.8777381197204125,-0.0004454129305568144,22.251968503937007,"{'stop': 106, 'breakeven': 99, 'target': 49}"
repeat_sweep,1.0,168,atr,3.0,1.0,1.0,-0.1560964121605797,-0.23682197343184708,-0.02948479412609184,-0.12450193577403412,221,0.23529411764705882,0.9656205330047881,-0.000140330567336652,26.660633484162897,"{'stop': 118, 'target': 52, 'breakeven': 51}"
repeat_sweep,1.0,168,atr,3.0,1.5,,-0.571633788223837,-0.3713545188533707,-0.09683194628767089,-0.2607533808573499,126,0.24603174603174602,0.8425801091933302,-0.0010621096387489145,61.24603174603175,"{'stop': 95, 'target': 31}"
repeat_sweep,1.0,168,atr,3.0,1.5,0.5,-0.42798814750295877,-0.39765444434771385,-0.07290548400313945,-0.1833387883360107,191,0.17277486910994763,0.879833270352311,-0.0005062761015538123,35.30890052356021,"{'breakeven': 88, 'stop': 70, 'target': 33}"
repeat_sweep,1.0,168,atr,3.0,1.5,1.0,-0.16532391613694397,-0.2055137535436667,-0.03911640617956891,-0.19033473675160928,154,0.21428571428571427,0.9463949799677056,-0.0002797579223055785,47.714285714285715,"{'stop': 78, 'breakeven': 43, 'target': 33}"
repeat_sweep,1.0,168,atr,3.0,2.0,,-0.4059634993866653,-0.3195893737724964,-0.08881471653070039,-0.27790259570371145,109,0.27522935779816515,0.8714904283161077,-0.0010659099816503657,78.44036697247707,"{'stop': 79, 'target': 30}"
repeat_sweep,1.0,168,atr,3.0,2.0,0.5,-0.03872772315255806,-0.1009429118952961,-0.018401474285278163,-0.18229585356488676,156,0.1987179487179487,0.9852312106602936,-7.295979109222144e-05,45.82051282051282,"{'breakeven': 66, 'stop': 59, 'target': 31}"
repeat_sweep,1.0,168,atr,3.0,2.0,1.0,0.17924524499568237,0.0968040723532195,0.016241058448319468,-0.16777247127640416,127,0.2440944881889764,1.0529762187025402,0.0003217197837188269,62.44094488188976,"{'stop': 63, 'breakeven': 33, 'target': 31}"
repeat_sweep,1.0,168,atr,3.0,3.0,,0.3876791903704756,0.26781473417820617,0.05836404649462912,-0.21792694369008536,69,0.34782608695652173,1.1501261043697428,0.001516691574957329,158.5072463768116,"{'stop': 45, 'target': 19, 'max_hold': 5}"
repeat_sweep,1.0,168,atr,3.0,3.0,0.5,0.9641126714074109,1.2532055774817015,0.18160650841680415,-0.1449135813628757,101,0.2376237623762376,1.4445010221232364,0.0026222160029968932,88.91089108910892,"{'breakeven': 41, 'stop': 36, 'target': 22, 'max_hold': 2}"
repeat_sweep,1.0,168,atr,3.0,3.0,1.0,0.5782621017684372,0.6705649037928194,0.09438771424389647,-0.14075850631314712,86,0.2558139534883721,1.2428906365639205,0.001763121513325115,107.18604651162791,"{'stop': 40, 'breakeven': 24, 'target': 20, 'max_hold': 2}"
repeat_sweep,1.0,168,atr,4.0,0.5,,-0.5177778884796653,-0.44677257175187607,-0.08082154519725115,-0.18090086613942136,207,0.23671497584541062,0.8864283672417297,-0.0005292187565546281,30.879227053140095,"{'stop': 158, 'target': 49}"
repeat_sweep,1.0,168,atr,4.0,0.5,0.5,-1.3039670290919583,-0.6482643171555691,-0.16275658984838148,-0.25106516823649805,331,0.1540785498489426,0.7578401445186547,-0.0007466968074055908,16.293051359516618,"{'stop': 142, 'breakeven': 138, 'target': 51}"
repeat_sweep,1.0,168,atr,4.0,0.5,1.0,-1.0660393767968697,-0.6098905283492562,-0.1339198474470905,-0.21958013974993362,271,0.18450184501845018,0.7969877391178514,-0.0007306935677779716,21.29889298892989,"{'stop': 145, 'breakeven': 76, 'target': 50}"
repeat_sweep,1.0,168,atr,4.0,1.0,,-0.5860506066297562,-0.43560807584396,-0.10287228748834698,-0.23615789787422825,150,0.20666666666666667,0.8371979339646844,-0.0009580285716935525,50.32666666666667,"{'stop': 119, 'target': 31}"
repeat_sweep,1.0,168,atr,4.0,1.0,0.5,-0.6481875920727759,-0.48324750624744073,-0.09918303330940204,-0.20524272143603495,226,0.1504424778761062,0.8379711876934776,-0.0006162816107915857,27.95575221238938,"{'stop': 97, 'breakeven': 95, 'target': 34}"
repeat_sweep,1.0,168,atr,4.0,1.0,1.0,-0.3080299990568011,-0.32343993353763345,-0.05775772043297145,-0.1785732509936072,196,0.1836734693877551,0.9129286903692616,-0.0003726552653964713,33.32142857142857,"{'stop': 105, 'breakeven': 55, 'target': 36}"
repeat_sweep,1.0,168,atr,4.0,1.5,,-0.0792992027105415,-0.15232262723946277,-0.027438181069534107,-0.18013201037032534,114,0.21929824561403508,0.9726222133596496,-0.00019359620078319506,75.35087719298245,"{'stop': 89, 'target': 25}"
repeat_sweep,1.0,168,atr,4.0,1.5,0.5,0.21841098343565682,0.12857939885166744,0.022618636077025744,-0.1759118200818406,171,0.16374269005847952,1.0673510435187588,0.00028733441493545853,44.333333333333336,"{'breakeven': 80, 'stop': 63, 'target': 28}"
repeat_sweep,1.0,168,atr,4.0,1.5,1.0,0.3204263986416149,0.29983256538237346,0.04124651907741805,-0.13756517416584413,135,0.1925925925925926,1.1074208553654068,0.0005694581757467326,60.4,"{'stop': 68, 'breakeven': 41, 'target': 26}"
repeat_sweep,1.0,168,atr,4.0,2.0,,0.2712757565064228,0.1542808531345494,0.03554252567659666,-0.23037548052446777,86,0.26744186046511625,1.096386605610863,0.000870222661572305,109.4186046511628,"{'stop': 63, 'target': 22, 'max_hold': 1}"
repeat_sweep,1.0,168,atr,4.0,2.0,0.5,0.4383411130046014,0.4533443909815073,0.06814038028535285,-0.1503059961496963,139,0.16546762589928057,1.1657713580116238,0.000838975884632204,56.402877697841724,"{'breakeven': 62, 'stop': 54, 'target': 23}"
repeat_sweep,1.0,168,atr,4.0,2.0,1.0,0.5021573024666205,0.5706933021687021,0.08386296126892057,-0.14694926495585525,111,0.1981981981981982,1.197630540858158,0.0012601604944551515,77.44144144144144,"{'stop': 58, 'breakeven': 31, 'target': 22}"
repeat_sweep,1.0,168,atr,4.0,3.0,,0.608317015700876,0.49464554105757225,0.11269489820695666,-0.22782960494500848,67,0.3283582089552239,1.2649633810813568,0.0027284978718896172,174.91044776119404,"{'stop': 45, 'target': 16, 'max_hold': 5, 'data_end': 1}"
repeat_sweep,1.0,168,atr,4.0,3.0,0.5,0.5707110572640395,0.6077173537465456,0.09905452723178376,-0.16299440294261436,104,0.16346153846153846,1.262752221485186,0.0015639399026652272,92.3076923076923,"{'breakeven': 49, 'stop': 38, 'target': 16, 'max_hold': 1}"
repeat_sweep,1.0,168,atr,4.0,3.0,1.0,0.4778506576623574,0.47433121168936465,0.07953544797305545,-0.16767913646201826,86,0.19767441860465115,1.2112274825613465,0.0015942045604260132,113.66279069767442,"{'stop': 43, 'breakeven': 26, 'target': 16, 'max_hold': 1}"
repeat_sweep,1.0,168,atr,5.0,0.5,,-0.8793793891809534,-0.5227036359950881,-0.12901903200747578,-0.2468301789442463,190,0.2,0.7986635327484666,-0.0009908969386845361,37.50526315789474,"{'stop': 152, 'target': 38}"
repeat_sweep,1.0,168,atr,5.0,0.5,0.5,-1.1794359682482485,-0.6288434370926386,-0.15101145642813052,-0.24014157979656892,302,0.1390728476821192,0.7632676847871219,-0.0007508387211808467,19.420529801324502,"{'breakeven': 132, 'stop': 128, 'target': 42}"
repeat_sweep,1.0,168,atr,5.0,0.5,1.0,-1.2445101690876674,-0.619037890864307,-0.153629732072594,-0.24817500566579953,258,0.16279069767441862,0.7567259947539081,-0.0008978412232229045,24.2015503875969,"{'stop': 139, 'breakeven': 77, 'target': 42}"
repeat_sweep,1.0,168,atr,5.0,1.0,,0.05723082656718479,-0.023815957814086363,-0.0046537003526666565,-0.19540261151764993,129,0.20155038759689922,1.0135697907614798,8.347504336734842e-05,63.883720930232556,"{'stop': 103, 'target': 25, 'max_hold': 1}"
repeat_sweep,1.0,168,atr,5.0,1.0,0.5,-0.02945857417153652,-0.09937400166111125,-0.018375366773201174,-0.1849112088276922,205,0.13658536585365855,0.9872285262402583,-5.01987584792553e-05,33.697560975609754,"{'breakeven': 89, 'stop': 88, 'target': 28}"
repeat_sweep,1.0,168,atr,5.0,1.0,1.0,-0.013527396602761824,-0.0962064090949748,-0.016129418423830755,-0.1676543026141618,184,0.15760869565217392,0.9914098370249764,-3.762715561228324e-05,37.64673913043478,"{'stop': 98, 'breakeven': 57, 'target': 29}"
repeat_sweep,1.0,168,atr,5.0,1.5,,0.746466768264971,0.8889780689367041,0.13532140338349152,-0.15222130681508017,102,0.23529411764705882,1.2852894316010888,0.0020481464387640987,87.08823529411765,"{'stop': 78, 'target': 23, 'max_hold': 1}"
repeat_sweep,1.0,168,atr,5.0,1.5,0.5,0.5335014063832438,0.5829305554535605,0.0853345194187427,-0.1463888255992114,158,0.14556962025316456,1.2005576341870565,0.0008876615964387631,48.924050632911396,"{'breakeven': 76, 'stop': 59, 'target': 23}"
repeat_sweep,1.0,168,atr,5.0,1.5,1.0,0.8169371254755078,1.0913878818524547,0.15214676994160548,-0.13940668800844747,126,0.18253968253968253,1.336006017630475,0.0018250882300707202,66.33333333333333,"{'stop': 64, 'breakeven': 39, 'target': 23}"
repeat_sweep,1.0,168,atr,5.0,2.0,,0.34942011595912503,0.2138789689053962,0.05369608196139031,-0.2510582608294758,88,0.23863636363636365,1.131148363728125,0.0011828360143579305,116.4090909090909,"{'stop': 67, 'target': 19, 'max_hold': 2}"
repeat_sweep,1.0,168,atr,5.0,2.0,0.5,0.5850805258970002,0.6713967943096699,0.10045775406776492,-0.14962501298662823,128,0.15625,1.2430645898140593,0.0012752439051674517,64.125,"{'breakeven': 57, 'stop': 51, 'target': 19, 'max_hold': 1}"
repeat_sweep,1.0,168,atr,5.0,2.0,1.0,0.3803746266200053,0.355991216636038,0.05802551572229908,-0.16299704321532127,104,0.17307692307692307,1.1544352816040597,0.0010291256612648034,87.36538461538461,"{'stop': 57, 'breakeven': 29, 'target': 17, 'max_hold': 1}"
repeat_sweep,1.0,168,atr,5.0,3.0,,0.0183166457737111,-0.054537745596759696,-0.015536354251040385,-0.28487342263673365,64,0.28125,1.0007303354117743,7.890315206395253e-06,197.265625,"{'stop': 46, 'target': 12, 'max_hold': 6}"
repeat_sweep,1.0,168,atr,5.0,3.0,0.5,0.12806434922741383,0.0262301611323903,0.006658375957203644,-0.25384426437935803,103,0.1262135922330097,1.053724416316527,0.00031724246223732467,102.30097087378641,"{'breakeven': 52, 'stop': 38, 'target': 11, 'max_hold': 1, 'data_end': 1}"
repeat_sweep,1.0,168,atr,5.0,3.0,1.0,-0.05730226523727659,-0.11134471382924419,-0.02930863170508169,-0.2632242761881697,86,0.1511627906976744,0.970993775347879,-0.0002246826939818349,123.19767441860465,"{'stop': 44, 'breakeven': 29, 'target': 12, 'max_hold': 1}"
ema_cross,0.5,24,h4_level,,0.5,,0.29923201167982766,0.30304831853499836,0.02102654521089442,-0.06938347426754032,132,0.32575757575757575,1.0819448923001243,0.0002695139987059707,20.21212121212121,"{'stop': 88, 'target': 36, 'max_hold': 8}"
ema_cross,0.5,24,h4_level,,0.5,0.5,-0.49777449293567544,-0.4038637105878322,-0.03764685452047922,-0.09321673013325071,141,0.22695035460992907,0.8701646002124184,-0.0003637378035179682,13.617021276595745,"{'stop': 64, 'breakeven': 45, 'target': 29, 'max_hold': 3}"
ema_cross,0.5,24,h4_level,,0.5,1.0,-0.37703588239396624,-0.3625919917678519,-0.029996741829189766,-0.0827286385530408,140,0.25,0.9040532044656374,-0.0002827606563722802,14.985714285714286,"{'stop': 72, 'breakeven': 33, 'target': 32, 'max_hold': 3}"
ema_cross,0.5,24,h4_level,,1.0,,0.673744612265763,0.891145830908042,0.05340334182522488,-0.05992660232816105,116,0.3879310344827586,1.1955459138799034,0.0007018709527296248,27.155172413793103,"{'stop': 69, 'target': 38, 'max_hold': 9}"
ema_cross,0.5,24,h4_level,,1.0,0.5,-0.022059055185754725,-0.06801694149832525,-0.004071477249577793,-0.05985975199543547,125,0.272,0.9966668457661947,-9.882313237806867e-06,19.272,"{'stop': 50, 'breakeven': 40, 'target': 31, 'max_hold': 4}"
ema_cross,0.5,24,h4_level,,1.0,1.0,0.15388828458420775,0.12869377889613018,0.00866018218199005,-0.06729293565137873,119,0.31932773109243695,1.045376280765526,0.00014550240724856472,22.386554621848738,"{'stop': 55, 'target': 34, 'breakeven': 25, 'max_hold': 5}"
ema_cross,0.5,24,h4_level,,1.5,,0.4116973214937736,0.4176618714291422,0.032920875714042896,-0.07882183643289076,112,0.4107142857142857,1.1160530626833811,0.0004777746769265719,30.991071428571427,"{'stop': 63, 'target': 39, 'max_hold': 10}"
ema_cross,0.5,24,h4_level,,1.5,0.5,-0.056153873066707966,-0.11354175745644024,-0.007035733747806305,-0.06196604584445975,121,0.30578512396694213,0.9868634252399575,-4.262988269998009e-05,22.462809917355372,"{'stop': 45, 'breakeven': 37, 'target': 34, 'max_hold': 5}"
ema_cross,0.5,24,h4_level,,1.5,1.0,0.0027092042595785065,-0.04162939630212779,-0.0028982003889548302,-0.06961908282121054,115,0.3565217391304348,1.0026924559960284,9.84550932296172e-06,27.095652173913045,"{'stop': 53, 'target': 36, 'breakeven': 18, 'max_hold': 8}"
ema_cross,0.5,24,h4_level,,2.0,,0.38958889101942706,0.46842884404895196,0.031673907130023604,-0.06761732872007686,103,0.44660194174757284,1.1136302935989293,0.0005059074016924778,35.85436893203884,"{'stop': 51, 'target': 40, 'max_hold': 12}"
ema_cross,0.5,24,h4_level,,2.0,0.5,0.07123756663756983,0.03463079078200149,0.002539840835596996,-0.07334053823908104,113,0.34513274336283184,1.0233535251029255,8.022207538108768e-05,26.01769911504425,"{'target': 37, 'stop': 36, 'breakeven': 35, 'max_hold': 5}"
ema_cross,0.5,24,h4_level,,2.0,1.0,0.018142094237296066,-0.023950668460478542,-0.0018644188953289564,-0.07784412774973148,106,0.39622641509433965,1.0072128001041563,2.9338432183007788e-05,32.160377358490564,"{'stop': 45, 'target': 38, 'breakeven': 13, 'max_hold': 10}"
ema_cross,0.5,24,h4_level,,3.0,,0.786739452515196,1.077307200136317,0.07480534069646194,-0.06943733476114933,86,0.5581395348837209,1.2863468482686558,0.0012996336618268998,47.348837209302324,"{'target': 41, 'stop': 27, 'max_hold': 18}"
ema_cross,0.5,24,h4_level,,3.0,0.5,0.009582986160234704,-0.0249879151664265,-0.003245373832433396,-0.12987773532999047,92,0.42391304347826086,1.0028956699283817,1.1639672732019949e-05,38.46739130434783,"{'target': 35, 'breakeven': 24, 'stop': 23, 'max_hold': 10}"
ema_cross,0.5,24,h4_level,,3.0,1.0,0.501726257909825,0.44816385242394774,0.043019902243296215,-0.0959914593973118,86,0.5232558139534884,1.179474373392047,0.000784135402387264,45.13953488372093,"{'target': 40, 'stop': 24, 'max_hold': 16, 'breakeven': 6}"
ema_cross,0.5,24,atr,2.0,0.5,,-0.09667845145871379,-0.14079207640685656,-0.008815791306018617,-0.06261567789186528,133,0.38345864661654133,0.9770663643915749,-7.092843780020053e-05,17.13533834586466,"{'stop': 79, 'target': 47, 'max_hold': 7}"
ema_cross,0.5,24,atr,2.0,0.5,0.5,-0.5943899345847207,-0.5360782021361888,-0.037832477212782156,-0.07057268335482692,144,0.2777777777777778,0.8668211066489095,-0.000366669120106225,10.909722222222221,"{'stop': 66, 'breakeven': 38, 'target': 38, 'max_hold': 2}"
ema_cross,0.5,24,atr,2.0,0.5,1.0,-0.5868283328693786,-0.48330968376218847,-0.03758736386139738,-0.07777076504821734,138,0.30434782608695654,0.8659943672889988,-0.0003815028908272681,13.442028985507246,"{'stop': 70, 'target': 40, 'breakeven': 24, 'max_hold': 4}"
ema_cross,0.5,24,atr,2.0,1.0,,0.5676989121516075,0.7253318414920112,0.040631919038100595,-0.05601838594941666,116,0.41379310344827586,1.1502436607126236,0.0005382824012950514,26.25,"{'stop': 66, 'target': 43, 'max_hold': 7}"
ema_cross,0.5,24,atr,2.0,1.0,0.5,-0.10885984589715952,-0.15832748163348853,-0.009555989624878913,-0.06035584932121907,126,0.2857142857142857,0.9726042921883185,-8.151864247771651e-05,18.317460317460316,"{'stop': 50, 'breakeven': 39, 'target': 33, 'max_hold': 4}"
ema_cross,0.5,24,atr,2.0,1.0,1.0,0.2986320480773243,0.28691236176478246,0.01874094547651106,-0.06531940750561083,119,0.33613445378151263,1.0813428338071882,0.0002606346604117764,22.18487394957983,"{'stop': 56, 'target': 37, 'breakeven': 22, 'max_hold': 4}"
ema_cross,0.5,24,atr,2.0,1.5,,0.46537754697070893,0.49952326259927454,0.03918552988609458,-0.07844585591908626,111,0.3963963963963964,1.1284595068737195,0.0005593119515208581,33.567567567567565,"{'stop': 64, 'target': 39, 'max_hold': 8}"
ema_cross,0.5,24,atr,2.0,1.5,0.5,-0.03123845321570212,-0.08578991485934244,-0.005282271327872623,-0.06157217123403391,120,0.2833333333333333,0.9920431021512607,-2.6517961745968777e-05,24.558333333333334,"{'stop': 45, 'breakeven': 39, 'target': 30, 'max_hold': 6}"
ema_cross,0.5,24,atr,2.0,1.5,1.0,-0.03782914137315676,-0.09985064520100777,-0.0061256707390756615,-0.06134833407179463,114,0.3157894736842105,0.9904623097838474,-3.588443065778806e-05,28.75438596491228,"{'stop': 53, 'target': 33, 'breakeven': 22, 'max_hold': 6}"
ema_cross,0.5,24,atr,2.0,2.0,,0.2486368055280066,0.22887752680676213,0.019868802978861844,-0.08680975915838507,102,0.39215686274509803,1.071405766478615,0.0003536199997462563,41.8235294117647,"{'stop': 56, 'target': 31, 'max_hold': 15}"
ema_cross,0.5,24,atr,2.0,2.0,0.5,-0.47514775033887247,-0.41781384853334275,-0.04217021703777224,-0.10093063498446231,112,0.24107142857142858,0.8624060572368366,-0.0005124028204584628,30.419642857142858,"{'breakeven': 46, 'stop': 37, 'target': 21, 'max_hold': 8}"
ema_cross,0.5,24,atr,2.0,2.0,1.0,-0.33205057187049547,-0.3033909704882793,-0.03353123503026467,-0.11052153258318564,105,0.29523809523809524,0.9079363743168517,-0.00041342677100484286,36.95238095238095,"{'stop': 47, 'target': 26, 'breakeven': 22, 'max_hold': 10}"
ema_cross,0.5,24,atr,2.0,3.0,,1.0046309027063074,1.905612316239505,0.12021306758728101,-0.06308369575638917,83,0.4578313253012048,1.3929987681729483,0.0021087481983724492,63.975903614457835,"{'stop': 32, 'max_hold': 27, 'target': 24}"
ema_cross,0.5,24,atr,2.0,3.0,0.5,0.27853006192519464,0.21150401590559553,0.024107206051227514,-0.11397989748803505,89,0.2808988764044944,1.111103420764742,0.0004760613751360278,48.42696629213483,"{'breakeven': 36, 'stop': 21, 'target': 18, 'max_hold': 14}"
ema_cross,0.5,24,atr,2.0,3.0,1.0,0.7578320406471011,0.8066820950666654,0.08332807308600376,-0.10329728848031194,83,0.37349397590361444,1.3067889782728175,0.00151065496407582,58.46987951807229,"{'stop': 24, 'target': 22, 'max_hold': 21, 'breakeven': 16}"
ema_cross,0.5,24,atr,3.0,0.5,,0.31078668465079257,0.30164309206710255,0.021819070349957448,-0.07233406275090049,129,0.34108527131782945,1.083279469509488,0.00027874859509581913,22.6046511627907,"{'stop': 82, 'target': 39, 'max_hold': 8}"
ema_cross,0.5,24,atr,3.0,0.5,0.5,-1.1595983722923884,-0.6543114363469311,-0.07329100070539163,-0.11201240973958926,142,0.2112676056338028,0.7351665058074845,-0.0007568341576714063,14.485915492957746,"{'stop': 64, 'breakeven': 48, 'target': 26, 'max_hold': 4}"
ema_cross,0.5,24,atr,3.0,0.5,1.0,-0.8230087154804998,-0.6391347498537754,-0.057415752799164665,-0.089833564537526,137,0.22627737226277372,0.7985610162126481,-0.0006016883222231487,16.905109489051096,"{'stop': 69, 'breakeven': 35, 'target': 28, 'max_hold': 5}"
ema_cross,0.5,24,atr,3.0,1.0,,0.6355529597674098,0.8858696150851995,0.053947280609117465,-0.0608975403270029,115,0.34782608695652173,1.1815307974139162,0.0007185041431006584,31.869565217391305,"{'stop': 72, 'target': 33, 'max_hold': 10}"
ema_cross,0.5,24,atr,3.0,1.0,0.5,0.048442794504655995,0.01687742166595182,0.0008906844544924741,-0.05277372765351496,125,0.24,1.0150691173247228,4.593507224183463e-05,21.256,"{'stop': 50, 'breakeven': 44, 'target': 25, 'max_hold': 6}"
ema_cross,0.5,24,atr,3.0,1.0,1.0,0.06301365407531852,0.02864208318775121,0.0019319036531464384,-0.06744983039406216,118,0.2627118644067797,1.0189315160115426,6.364062859799956e-05,25.60169491525424,"{'stop': 55, 'breakeven': 31, 'target': 26, 'max_hold': 6}"
ema_cross,0.5,24,atr,3.0,1.5,,0.5718953449969563,0.7609179432787769,0.05631319568349591,-0.07400692306038115,110,0.33636363636363636,1.1698079921612468,0.0008008109061943161,39.518181818181816,"{'stop': 69, 'target': 28, 'max_hold': 13}"
ema_cross,0.5,24,atr,3.0,1.5,0.5,-0.0541010794193501,-0.12492694109093243,-0.008804197946668202,-0.07047477405421909,119,0.21008403361344538,0.984131248170988,-5.6101277680940325e-05,27.537815126050422,"{'breakeven': 47, 'stop': 45, 'target': 20, 'max_hold': 7}"
ema_cross,0.5,24,atr,3.0,1.5,1.0,-0.06488420586396278,-0.11161172403842234,-0.010023621158823381,-0.08980795920124618,113,0.23893805309734514,0.9819910073043995,-7.166808973857236e-05,32.76106194690266,"{'stop': 53, 'breakeven': 30, 'target': 22, 'max_hold': 8}"
ema_cross,0.5,24,atr,3.0,2.0,,0.3981759141964701,0.38733489726967824,0.038495984678245554,-0.09938682248773234,101,0.36633663366336633,1.123177913590907,0.0006332085303455924,48.524752475247524,"{'stop': 58, 'max_hold': 24, 'target': 19}"
ema_cross,0.5,24,atr,3.0,2.0,0.5,-0.07130434557205774,-0.11722928214240573,-0.01112760098588328,-0.0949216849452843,111,0.22522522522522523,0.977155166243783,-8.611233880937038e-05,33.86486486486486,"{'breakeven': 47, 'stop': 37, 'target': 16, 'max_hold': 11}"
ema_cross,0.5,24,atr,3.0,2.0,1.0,0.028872704825769233,-0.01818137608573152,-0.00223257751736583,-0.12279474924441636,104,0.27884615384615385,1.009541088300345,4.337870659869085e-05,41.60576923076923,"{'stop': 47, 'breakeven': 23, 'max_hold': 17, 'target': 17}"
ema_cross,0.5,24,atr,3.0,3.0,,1.0738944718037136,2.207140334024928,0.13923456932328349,-0.06308369575638906,83,0.4578313253012048,1.4517438848559552,0.0024239620590783763,70.08433734939759,"{'max_hold': 38, 'stop': 32, 'target': 13}"
ema_cross,0.5,24,atr,3.0,3.0,0.5,0.5423734727080042,0.6510716706593009,0.05875805175510651,-0.09024820830494096,89,0.2808988764044944,1.2430662568221333,0.001041502193860741,52.52808988764045,"{'breakeven': 36, 'stop': 21, 'max_hold': 20, 'target': 12}"
ema_cross,0.5,24,atr,3.0,3.0,1.0,0.9162138731361419,1.4291737089566858,0.11330413410758955,-0.07927946994652102,83,0.37349397590361444,1.40857114220898,0.0020118389768463544,64.04819277108433,"{'max_hold': 30, 'stop': 24, 'breakeven': 16, 'target': 13}"
ema_cross,0.5,24,atr,4.0,0.5,,0.2112467856737762,0.19405516068756012,0.014772672527216812,-0.0761261513214877,130,0.2846153846153846,1.0576889923565314,0.00020749116757499595,24.907692307692308,"{'stop': 91, 'target': 31, 'max_hold': 8}"
ema_cross,0.5,24,atr,4.0,0.5,0.5,-0.7490219203248736,-0.5542516811876025,-0.05241879347686029,-0.09457579517763814,141,0.19148936170212766,0.8167235477648097,-0.0005278634169041678,16.02836879432624,"{'stop': 64, 'breakeven': 50, 'target': 22, 'max_hold': 5}"
ema_cross,0.5,24,atr,4.0,0.5,1.0,-0.6871315954145815,-0.554927399208529,-0.051629606112014836,-0.09303848789166314,138,0.1956521739130435,0.8283718492867183,-0.0005279080445421379,18.115942028985508,"{'stop': 71, 'breakeven': 39, 'target': 23, 'max_hold': 5}"
ema_cross,0.5,24,atr,4.0,1.0,,0.6499505807501743,1.0836191960837351,0.06352553253108728,-0.058623483932983445,114,0.30701754385964913,1.2031731601239135,0.000855965854034366,36.79824561403509,"{'stop': 76, 'target': 24, 'max_hold': 14}"
ema_cross,0.5,24,atr,4.0,1.0,0.5,0.03955454753949832,-0.0039482362771357075,-0.0003075719547153133,-0.07790110143520712,124,0.18548387096774194,1.013988235560832,4.440268143000321e-05,23.56451612903226,"{'breakeven': 50, 'stop': 50, 'target': 18, 'max_hold': 6}"
ema_cross,0.5,24,atr,4.0,1.0,1.0,0.13308214552575373,0.10906191517912148,0.008022332994873205,-0.07355760241049736,117,0.20512820512820512,1.0440835903014547,0.00015419712722341655,28.264957264957264,"{'stop': 55, 'breakeven': 37, 'target': 19, 'max_hold': 6}"
ema_cross,0.5,24,atr,4.0,1.5,,0.4687004358121139,0.5172017073338457,0.046487323160199434,-0.08988238534601856,110,0.32727272727272727,1.1420180328258818,0.0006821423033066257,43.345454545454544,"{'stop': 70, 'max_hold': 21, 'target': 19}"
ema_cross,0.5,24,atr,4.0,1.5,0.5,-0.4571633503909155,-0.46766772204036794,-0.04282900265830014,-0.0915799843346966,119,0.19327731092436976,0.8631228565382653,-0.000486449508947971,30.067226890756302,"{'breakeven': 49, 'stop': 45, 'target': 14, 'max_hold': 11}"
ema_cross,0.5,24,atr,4.0,1.5,1.0,-0.4602093722480873,-0.4578089596606864,-0.0448633616584061,-0.0979958139999213,113,0.22123893805309736,0.865970668958048,-0.0005360023592057255,35.64601769911504,"{'stop': 53, 'breakeven': 32, 'max_hold': 14, 'target': 14}"
ema_cross,0.5,24,atr,4.0,2.0,,0.6939362370471263,0.7860559266507436,0.0781236008474675,-0.09938682248773245,101,0.36633663366336633,1.2311001742096046,0.0011879938327245434,51.28712871287129,"{'stop': 58, 'max_hold': 27, 'target': 16}"
ema_cross,0.5,24,atr,4.0,2.0,0.5,-0.05020653685788278,-0.11217402738793487,-0.009670614597087734,-0.08621081744389503,111,0.21621621621621623,0.983295703675903,-6.310037689771862e-05,35.828828828828826,"{'breakeven': 48, 'stop': 37, 'max_hold': 13, 'target': 13}"
ema_cross,0.5,24,atr,4.0,2.0,1.0,0.10930203814946089,0.05698415929631134,0.0060639276854626,-0.1064142695153375,104,0.2692307692307692,1.0364779416132952,0.00016616090733250193,43.625,"{'stop': 47, 'breakeven': 24, 'max_hold': 19, 'target': 14}"
ema_cross,0.5,24,atr,4.0,3.0,,0.9284164222813954,1.3075806784384951,0.12348112820824908,-0.09443480639046264,83,0.43373493975903615,1.395079552553237,0.0021935183791806077,72.26506024096386,"{'max_hold': 43, 'stop': 33, 'target': 7}"
ema_cross,0.5,24,atr,4.0,3.0,0.5,0.4639272750231273,0.3763327072837861,0.051205417785974205,-0.13606422400953067,89,0.25842696629213485,1.2158853966731373,0.0009359147569157299,53.89887640449438,"{'breakeven': 38, 'max_hold': 23, 'stop': 21, 'target': 7}"
ema_cross,0.5,24,atr,4.0,3.0,1.0,0.832639140793334,0.8458706867791264,0.10628186053792099,-0.1256478823525815,83,0.3493975903614458,1.3844158718873307,0.0019136673420382419,65.6144578313253,"{'max_hold': 34, 'stop': 24, 'breakeven': 18, 'target': 7}"
ema_cross,0.5,24,atr,5.0,0.5,,0.5577598031466978,0.5924956244597398,0.05093000476027432,-0.08595844873405478,130,0.2692307692307692,1.1664866422959084,0.000611906826155274,27.0,"{'stop': 93, 'target': 26, 'max_hold': 11}"
ema_cross,0.5,24,atr,5.0,0.5,0.5,-0.025277905527579518,-0.05388885700972017,-0.00551115438776173,-0.10226890480842188,141,0.18439716312056736,0.9941151866593758,-1.7235739585587363e-05,17.0354609929078,"{'stop': 64, 'breakeven': 51, 'target': 21, 'max_hold': 5}"
ema_cross,0.5,24,atr,5.0,0.5,1.0,0.052905857738719704,0.00970555492926341,0.0007852368328906678,-0.08090591816889159,138,0.18840579710144928,1.0170119814594678,5.317338826369747e-05,19.159420289855074,"{'stop': 71, 'breakeven': 40, 'target': 22, 'max_hold': 5}"
ema_cross,0.5,24,atr,5.0,1.0,,0.5473733706331658,0.6735912432283907,0.05123346681207375,-0.07606017347630856,114,0.30701754385964913,1.167297932161585,0.0007048239900070333,38.85964912280702,"{'stop': 76, 'max_hold': 19, 'target': 19}"
ema_cross,0.5,24,atr,5.0,1.0,0.5,-0.10945733691757814,-0.14864167096599415,-0.012670054717838664,-0.08523891473702072,124,0.18548387096774194,0.9673203142304865,-0.00010375058702230812,25.306451612903224,"{'breakeven': 50, 'stop': 50, 'target': 15, 'max_hold': 9}"
ema_cross,0.5,24,atr,5.0,1.0,1.0,-0.030663381484585858,-0.0739160516961311,-0.006367370868795796,-0.08614327636129782,117,0.20512820512820512,0.9920575050770845,-2.7781537114496574e-05,30.102564102564102,"{'stop': 55, 'breakeven': 37, 'target': 15, 'max_hold': 10}"
ema_cross,0.5,24,atr,5.0,1.5,,0.6867344030865217,0.8436840112469494,0.07583233140917267,-0.08988238534601822,110,0.32727272727272727,1.2204319235637349,0.001058780614476113,44.736363636363635,"{'stop': 70, 'max_hold': 23, 'target': 17}"
ema_cross,0.5,24,atr,5.0,1.5,0.5,-0.06778877996407769,-0.14723025982405735,-0.010894815737744756,-0.07399848204278281,119,0.19327731092436976,0.9787408666891859,-7.555311791406598e-05,30.714285714285715,"{'breakeven': 49, 'stop': 45, 'target': 14, 'max_hold': 11}"
ema_cross,0.5,24,atr,5.0,1.5,1.0,-0.0891097532951016,-0.16503922535583204,-0.013705345428963511,-0.08304295781450843,113,0.22123893805309736,0.9719345906009719,-0.00011223756421827636,36.230088495575224,"{'stop': 53, 'breakeven': 32, 'max_hold': 14, 'target': 14}"
ema_cross,0.5,24,atr,5.0,2.0,,0.5221854970629147,0.5444199902751922,0.05751546686446707,-0.10564539857435118,101,0.3465346534653465,1.173359620044002,0.0009169890995239181,53.42574257425743,"{'stop': 60, 'max_hold': 30, 'target': 11}"
ema_cross,0.5,24,atr,5.0,2.0,0.5,-0.15500484023623753,-0.19092485575726645,-0.020263177317143666,-0.10613168849479393,111,0.1981981981981982,0.9477046808417161,-0.00019965811996993727,37.24324324324324,"{'breakeven': 50, 'stop': 37, 'max_hold': 15, 'target': 9}"
ema_cross,0.5,24,atr,5.0,2.0,1.0,-0.06398750287488757,-0.09573823771088599,-0.012796327486816694,-0.133659526149411,104,0.25,0.9790831599537272,-9.618041168947891e-05,45.23076923076923,"{'stop': 47, 'breakeven': 26, 'max_hold': 22, 'target': 9}"
ema_cross,0.5,24,atr,5.0,3.0,,0.8587715057214289,1.1643004492845612,0.11321279970454956,-0.0972367568647049,83,0.43373493975903615,1.3661439558311124,0.002032865258024748,73.67469879518072,"{'max_hold': 46, 'stop': 33, 'target': 4}"
ema_cross,0.5,24,atr,5.0,3.0,0.5,0.3891446568510268,0.2998303310786281,0.04159767068308384,-0.13873736700832706,89,0.25842696629213485,1.1813261534229873,0.0007860921832535239,55.21348314606742,"{'breakeven': 38, 'max_hold': 26, 'stop': 21, 'target': 4}"
ema_cross,0.5,24,atr,5.0,3.0,1.0,0.7613140882973102,0.7492659916982318,0.09617072891632983,-0.1283532550281059,83,0.3493975903614458,1.352144009226617,0.0017530142208823818,67.02409638554217,"{'max_hold': 37, 'stop': 24, 'breakeven': 18, 'target': 4}"
ema_cross,0.5,48,h4_level,,0.5,,0.7980846435230673,1.0537356449673334,0.06510120363240701,-0.06178134330306839,123,0.3333333333333333,1.2420092715530222,0.0007924831007868179,23.3739837398374,"{'stop': 82, 'target': 38, 'max_hold': 3}"
ema_cross,0.5,48,h4_level,,0.5,0.5,-0.13350452717549255,-0.18959113134526875,-0.012632406781817651,-0.06662973469372091,137,0.23357664233576642,0.9643920197377178,-0.00010020445413165401,14.72992700729927,"{'stop': 63, 'breakeven': 42, 'target': 30, 'max_hold': 2}"
ema_cross,0.5,48,h4_level,,0.5,1.0,-0.03759098742969818,-0.0998983532344286,-0.005704491329175609,-0.05710295660018583,136,0.25735294117647056,0.9913256235982381,-2.537686810989744e-05,16.147058823529413,"{'stop': 70, 'target': 33, 'breakeven': 31, 'max_hold': 2}"
ema_cross,0.5,48,h4_level,,1.0,,1.1233573874017708,1.5957409685650465,0.09562733444195226,-0.05992660232816116,109,0.3944954128440367,1.3524642376603433,0.001275560202224343,30.174311926605505,"{'stop': 66, 'target': 40, 'max_hold': 3}"
ema_cross,0.5,48,h4_level,,1.0,0.5,0.24528521082997595,0.25723594186758003,0.015398079684505683,-0.059859751995435806,120,0.2833333333333333,1.0749705368974152,0.0002257298927692319,21.066666666666666,"{'stop': 49, 'breakeven': 37, 'target': 32, 'max_hold': 2}"
ema_cross,0.5,48,h4_level,,1.0,1.0,0.5550786498814624,0.5936188697123135,0.039946356400994754,-0.0672929356513785,116,0.3275862068965517,1.1675444990876032,0.0005356274516534189,23.913793103448278,"{'stop': 54, 'target': 36, 'breakeven': 24, 'max_hold': 2}"
ema_cross,0.5,48,h4_level,,1.5,,0.7970306177798404,0.9139899435496827,0.06948335537247208,-0.07602201300226352,104,0.4230769230769231,1.2370929214195632,0.0010053210541197811,35.32692307692308,"{'stop': 60, 'target': 41, 'max_hold': 3}"
ema_cross,0.5,48,h4_level,,1.5,0.5,0.23278748276927774,0.24584673119634576,0.01513731703054888,-0.0615721712340338,115,0.3217391304347826,1.071048678693319,0.00023611946862354816,25.017391304347825,"{'stop': 43, 'target': 35, 'breakeven': 35, 'max_hold': 2}"
ema_cross,0.5,48,h4_level,,1.5,1.0,0.3940749764313041,0.4406089900329391,0.02942884221128228,-0.06679128859600036,109,0.3669724770642202,1.1175303845742643,0.00044021880190302123,30.440366972477065,"{'stop': 51, 'target': 38, 'breakeven': 18, 'max_hold': 2}"
ema_cross,0.5,48,h4_level,,2.0,,0.6810769041413779,0.9125741711283586,0.0611967463520795,-0.0670594766849607,95,0.4631578947368421,1.2090874490597474,0.00098592274515381,40.96842105263158,"{'stop': 49, 'target': 43, 'max_hold': 3}"
ema_cross,0.5,48,h4_level,,2.0,0.5,0.38604264197533866,0.5380874059153067,0.028165279185273118,-0.05234331611490317,107,0.3644859813084112,1.1231050910857168,0.00042929709378336273,28.878504672897197,"{'target': 39, 'breakeven': 33, 'stop': 33, 'max_hold': 2}"
ema_cross,0.5,48,h4_level,,2.0,1.0,0.31686117645254297,0.3562152413734854,0.023747507308994775,-0.0666661741295228,100,0.41,1.0944758814095437,0.00040473062249293026,36.07,"{'stop': 44, 'target': 41, 'breakeven': 13, 'max_hold': 2}"
ema_cross,0.5,48,h4_level,,3.0,,1.0100256288795275,1.9490355427638504,0.10872781663003095,-0.055785445798411826,78,0.6025641025641025,1.403074249165032,0.002028837753164093,57.32051282051282,"{'target': 46, 'stop': 27, 'max_hold': 5}"
ema_cross,0.5,48,h4_level,,3.0,0.5,0.5479283958507166,0.5615687024370609,0.051340372842501925,-0.09142313775624988,87,0.45977011494252873,1.2229966914962178,0.0009174415395806163,43.793103448275865,"{'target': 40, 'breakeven': 24, 'stop': 21, 'max_hold': 2}"
ema_cross,0.5,48,h4_level,,3.0,1.0,0.7342999131335572,0.9924187566258916,0.07266422368319514,-0.07321931714616625,79,0.5569620253164557,1.2846463982766032,0.0013861680382940232,54.25316455696203,"{'target': 45, 'stop': 25, 'breakeven': 7, 'max_hold': 2}"
ema_cross,0.5,48,atr,2.0,0.5,,0.6694661460302134,0.9619704274203367,0.05272249745800939,-0.054806775712838096,128,0.3984375,1.1957010302440136,0.0006215875404100046,18.9921875,"{'stop': 76, 'target': 50, 'max_hold': 2}"
ema_cross,0.5,48,atr,2.0,0.5,0.5,-0.19745418932686923,-0.2237188486730426,-0.0157884394679092,-0.07057268335482747,144,0.2777777777777778,0.9514323898576511,-0.0001337167056164863,11.625,"{'stop': 66, 'target': 39, 'breakeven': 38, 'max_hold': 1}"
ema_cross,0.5,48,atr,2.0,0.5,1.0,0.12602068109706674,0.1161139304949174,0.006654660622173569,-0.05731147497814537,134,0.31343283582089554,1.03561270410992,0.00010343421664084267,15.529850746268657,"{'stop': 67, 'target': 41, 'breakeven': 24, 'max_hold': 2}"
ema_cross,0.5,48,atr,2.0,1.0,,1.102439314889763,1.6501140344877894,0.09243672484448529,-0.056018385949416216,110,0.42727272727272725,1.3363243895512742,0.001217479304284796,28.645454545454545,"{'stop': 62, 'target': 45, 'max_hold': 3}"
ema_cross,0.5,48,atr,2.0,1.0,0.5,0.21011817605566158,0.21358658010845663,0.012891199446060542,-0.06035584932121929,124,0.28225806451612906,1.0616138581897308,0.00018494450057827993,19.596774193548388,"{'stop': 50, 'breakeven': 39, 'target': 34, 'max_hold': 1}"
ema_cross,0.5,48,atr,2.0,1.0,1.0,0.5919264743171473,0.6624488336735261,0.043270765318337734,-0.06531940750561094,116,0.33620689655172414,1.1758753327876947,0.0005709379238320481,24.18103448275862,"{'stop': 54, 'target': 38, 'breakeven': 22, 'max_hold': 2}"
ema_cross,0.5,48,atr,2.0,1.5,,0.5980208735558002,0.6803240380516313,0.05390011346050372,-0.07922711891066991,104,0.40384615384615385,1.1739149718905892,0.0007973014889255943,38.48076923076923,"{'stop': 62, 'target': 39, 'max_hold': 3}"
ema_cross,0.5,48,atr,2.0,1.5,0.5,0.12385479851000457,0.11074619858007534,0.006818883902490747,-0.061572171234034134,116,0.27586206896551724,1.0374026729329864,0.00012883507290134625,28.43103448275862,"{'stop': 44, 'breakeven': 40, 'target': 30, 'max_hold': 2}"
ema_cross,0.5,48,atr,2.0,1.5,1.0,0.019254054377171165,-0.027101937778980054,-0.0016583665028258032,-0.06118996052422543,109,0.3211009174311927,1.0058609909067537,2.2954001376056327e-05,33.11926605504587,"{'stop': 52, 'target': 33, 'breakeven': 22, 'max_hold': 2}"
ema_cross,0.5,48,atr,2.0,2.0,,0.36252665138565526,0.3469377474310188,0.0326173064196571,-0.09401486768499401,91,0.3956043956043956,1.110027425029806,0.0005977654039119953,50.395604395604394,"{'stop': 55, 'target': 32, 'max_hold': 4}"
ema_cross,0.5,48,atr,2.0,2.0,0.5,-0.17361347143440162,-0.2257576645807782,-0.019607048690058915,-0.08684998016110912,107,0.22429906542056074,0.9451502848706004,-0.00021236633541252655,34.822429906542055,"{'breakeven': 47, 'stop': 36, 'target': 22, 'max_hold': 2}"
ema_cross,0.5,48,atr,2.0,2.0,1.0,-0.1824572004653702,-0.23088705409529628,-0.021374870786882272,-0.09257717315783331,96,0.3020833333333333,0.946769807287132,-0.00025948556314913984,44.072916666666664,"{'stop': 47, 'target': 26, 'breakeven': 20, 'max_hold': 3}"
ema_cross,0.5,48,atr,2.0,3.0,,0.9935146379325736,1.4174163906558461,0.11892000704406369,-0.0838991335418654,69,0.4782608695652174,1.3940243293711412,0.002514860474077834,87.95652173913044,"{'stop': 33, 'target': 24, 'max_hold': 12}"
ema_cross,0.5,48,atr,2.0,3.0,0.5,0.39408754680714714,0.42474539439623815,0.03868658908126288,-0.09108183300316797,83,0.27710843373493976,1.1615056126062302,0.0007697180292765538,58.83132530120482,"{'breakeven': 38, 'stop': 22, 'target': 19, 'max_hold': 4}"
ema_cross,0.5,48,atr,2.0,3.0,1.0,0.4032081814899143,0.30139704353208463,0.04135380774440245,-0.13720707827713052,74,0.36486486486486486,1.1521678956636259,0.0009254671961550987,75.98648648648648,"{'stop': 28, 'target': 21, 'breakeven': 18, 'max_hold': 7}"
ema_cross,0.5,48,atr,3.0,0.5,,0.8406241638919715,1.3317950445008195,0.07658281623385088,-0.057503454867228077,123,0.34959349593495936,1.2644800913949217,0.0009221511765998004,25.975609756097562,"{'stop': 79, 'target': 41, 'max_hold': 3}"
ema_cross,0.5,48,atr,3.0,0.5,0.5,-0.7231201705385862,-0.5254588783079835,-0.05178662201829809,-0.09855504237563717,138,0.21014492753623187,0.8155462154936863,-0.0005328554843390636,16.942028985507246,"{'stop': 63, 'breakeven': 46, 'target': 26, 'max_hold': 3}"
ema_cross,0.5,48,atr,3.0,0.5,1.0,-0.2954881828434759,-0.3852015047870632,-0.02625473536565137,-0.06815844444887309,132,0.22727272727272727,0.915860539272095,-0.00025829441787642883,20.234848484848484,"{'stop': 66, 'breakeven': 35, 'target': 28, 'max_hold': 3}"
ema_cross,0.5,48,atr,3.0,1.0,,0.7370678657819817,1.1017825093532077,0.06797301777938336,-0.06169368019763388,109,0.3394495412844037,1.2253965867279624,0.0009412245035523921,35.28440366972477,"{'stop': 72, 'target': 33, 'max_hold': 4}"
ema_cross,0.5,48,atr,3.0,1.0,0.5,0.31316617815701286,0.4163009893244212,0.022242046663112358,-0.053427801599047475,122,0.22950819672131148,1.098063727425273,0.0003049291383596934,23.565573770491802,"{'stop': 50, 'breakeven': 44, 'target': 26, 'max_hold': 2}"
ema_cross,0.5,48,atr,3.0,1.0,1.0,0.3202299137027764,0.33440894212861294,0.02330547752643164,-0.06969155004673411,115,0.25217391304347825,1.0986573539270204,0.0003388614349931934,28.16521739130435,"{'stop': 55, 'breakeven': 31, 'target': 27, 'max_hold': 2}"
ema_cross,0.5,48,atr,3.0,1.5,,0.7488113236789592,0.9622815186673637,0.08040275714230805,-0.08355429838625139,98,0.32653061224489793,1.2462850588882597,0.0012404421271021082,47.83673469387755,"{'stop': 65, 'target': 28, 'max_hold': 5}"
ema_cross,0.5,48,atr,3.0,1.5,0.5,0.25102441476411225,0.3013879533562086,0.01996493249617437,-0.06624329962046605,114,0.20175438596491227,1.0858712532100603,0.00031463309488646455,31.640350877192983,"{'breakeven': 47, 'stop': 44, 'target': 20, 'max_hold': 3}"
ema_cross,0.5,48,atr,3.0,1.5,1.0,0.11221967455662381,0.06770643281868384,0.006223486087040264,-0.09191868228690481,107,0.2336448598130841,1.0359007996907368,0.00014986542100706808,37.76635514018692,"{'stop': 52, 'breakeven': 30, 'target': 22, 'max_hold': 3}"
ema_cross,0.5,48,atr,3.0,2.0,,0.886485397826389,0.9113516931849597,0.10012593034286366,-0.10986530347351098,82,0.36585365853658536,1.3245296510403792,0.0018100452222019126,64.7560975609756,"{'stop': 51, 'target': 21, 'max_hold': 10}"
ema_cross,0.5,48,atr,3.0,2.0,0.5,0.49668507107743665,0.6101683461314824,0.04817286538391685,-0.07895012202671081,103,0.21359223300970873,1.1910060309555766,0.0007438249397874317,40.04854368932039,"{'breakeven': 46, 'stop': 35, 'target': 17, 'max_hold': 5}"
ema_cross,0.5,48,atr,3.0,2.0,1.0,0.3453934989978188,0.3017433195774228,0.03233159476898906,-0.1071493308096031,93,0.26881720430107525,1.11944768072239,0.0005913086298648585,51.59139784946237,"{'stop': 46, 'breakeven': 22, 'target': 18, 'max_hold': 7}"
ema_cross,0.5,48,atr,3.0,3.0,,1.3964849883196617,2.330116632867288,0.20632582673658262,-0.08854742454788267,65,0.49230769230769234,1.7025993567965436,0.0044016152128070075,109.6,"{'stop': 29, 'max_hold': 21, 'target': 15}"
ema_cross,0.5,48,atr,3.0,3.0,0.5,0.6977216011645575,1.0850573815142666,0.08669722023250492,-0.07990104644190654,82,0.24390243902439024,1.3343234802258737,0.0016193567779705864,67.17073170731707,"{'breakeven': 40, 'stop': 22, 'target': 14, 'max_hold': 6}"
ema_cross,0.5,48,atr,3.0,3.0,1.0,0.5786734927871113,0.5105643526112988,0.07046195560430513,-0.1380079812543219,72,0.3194444444444444,1.2537578945921446,0.0015439399615825153,90.43055555555556,"{'stop': 26, 'breakeven': 21, 'target': 13, 'max_hold': 12}"
ema_cross,0.5,48,atr,4.0,0.5,,0.5927683730768654,0.8383418754549755,0.05540067997240272,-0.06608363675300877,126,0.2777777777777778,1.1831119546184319,0.0006788685026255653,26.96031746031746,"{'stop': 91, 'target': 32, 'max_hold': 3}"
ema_cross,0.5,48,atr,4.0,0.5,0.5,-0.1792253307977559,-0.2500551574235178,-0.016703337298306975,-0.06679861143602239,136,0.19117647058823528,0.950065893242044,-0.00014550857708129386,18.36764705882353,"{'stop': 63, 'breakeven': 47, 'target': 23, 'max_hold': 3}"
ema_cross,0.5,48,atr,4.0,0.5,1.0,-0.03665587984641327,-0.11747322568269646,-0.006976367356468116,-0.05938687148433108,135,0.1925925925925926,0.9894277944195501,-3.2915545172907055e-05,20.17037037037037,"{'stop': 71, 'breakeven': 38, 'target': 24, 'max_hold': 2}"
ema_cross,0.5,48,atr,4.0,1.0,,0.9189252944117264,1.5664318790385978,0.10019665247094767,-0.06396489615140089,103,0.2912621359223301,1.3251437920326745,0.001434902549438448,44.37864077669903,"{'stop': 72, 'target': 25, 'max_hold': 6}"
ema_cross,0.5,48,atr,4.0,1.0,0.5,0.3220459822311973,0.45444836304347713,0.02658562577077661,-0.05850087255839265,121,0.17355371900826447,1.1150585111879878,0.00037268887955976414,26.123966942148762,"{'breakeven': 50, 'stop': 50, 'target': 19, 'max_hold': 2}"
ema_cross,0.5,48,atr,4.0,1.0,1.0,0.4003455375753893,0.5763179810959829,0.03513961742399396,-0.060972620283630596,114,0.19298245614035087,1.141400509357459,0.0005055305773206212,31.105263157894736,"{'stop': 55, 'breakeven': 37, 'target': 20, 'max_hold': 2}"
ema_cross,0.5,48,atr,4.0,1.5,,0.9546799763059448,1.1602125870176858,0.10990209750632096,-0.0947258276078724,92,0.31521739130434784,1.34410272887775,0.0017589246991141336,56.72826086956522,"{'stop': 62, 'target': 21, 'max_hold': 9}"
ema_cross,0.5,48,atr,4.0,1.5,0.5,0.37491640114940294,0.5036856908185503,0.03458723974450906,-0.06866829924888396,111,0.1891891891891892,1.1407782752242988,0.0005179346846864144,36.108108108108105,"{'breakeven': 47, 'stop': 43, 'target': 16, 'max_hold': 5}"
ema_cross,0.5,48,atr,4.0,1.5,1.0,0.2536410651690734,0.2810365006572087,0.02143741344308059,-0.07627981914430626,105,0.20952380952380953,1.089113518588581,0.0003706007354227073,42.8,"{'stop': 51, 'breakeven': 32, 'target': 17, 'max_hold': 5}"
ema_cross,0.5,48,atr,4.0,2.0,,1.126620677516915,1.3304574452481728,0.14617111098078173,-0.10986530347351031,81,0.37037037037037035,1.4660503532860958,0.0025928810944112505,74.23456790123457,"{'stop': 50, 'target': 17, 'max_hold': 14}"
ema_cross,0.5,48,atr,4.0,2.0,0.5,0.44068556198884284,0.5627127145934853,0.04442623748313723,-0.07895012202671059,103,0.1941747572815534,1.1793080982987887,0.0007027593175824237,43.922330097087375,"{'breakeven': 48, 'stop': 35, 'target': 14, 'max_hold': 6}"
ema_cross,0.5,48,atr,4.0,2.0,1.0,0.39165720138900234,0.3783658956793525,0.04054165252321851,-0.10714933080960254,93,0.24731182795698925,1.1467603966368995,0.0007305855833454608,55.935483870967744,"{'stop': 46, 'breakeven': 24, 'target': 15, 'max_hold': 8}"
ema_cross,0.5,48,atr,4.0,3.0,,1.4240790739398912,2.219687729528132,0.2256919800824997,-0.10167735626960372,63,0.47619047619047616,1.7763594897800563,0.004936352810959072,116.46031746031746,"{'stop': 29, 'max_hold': 23, 'target': 11}"
ema_cross,0.5,48,atr,4.0,3.0,0.5,0.8171926469187633,1.168985586733641,0.11365652158738593,-0.0972266235591176,81,0.2222222222222222,1.430709607995477,0.002109231048463609,69.8395061728395,"{'breakeven': 41, 'stop': 22, 'target': 10, 'max_hold': 8}"
ema_cross,0.5,48,atr,4.0,3.0,1.0,0.7928935057971922,0.757347179303142,0.10932365337045025,-0.14435077644448646,71,0.29577464788732394,1.3917451896348452,0.002324778052891563,92.91549295774648,"{'stop': 25, 'breakeven': 23, 'max_hold': 14, 'target': 9}"
ema_cross,0.5,48,atr,5.0,0.5,,1.0624737199318002,1.8546098019093953,0.12255936046795002,-0.06608363675300877,122,0.26229508196721313,1.3833874341440877,0.0014554172074436064,31.901639344262296,"{'stop': 89, 'target': 28, 'max_hold': 5}"
ema_cross,0.5,48,atr,5.0,0.5,0.5,0.4284834996951191,0.534460844984482,0.035701242311886316,-0.06679861143602184,136,0.18382352941176472,1.1428534242965034,0.0004234896078582212,19.558823529411764,"{'stop': 63, 'breakeven': 48, 'target': 22, 'max_hold': 3}"
ema_cross,0.5,48,atr,5.0,0.5,1.0,0.546689937078032,0.9958249537340456,0.05208377297664257,-0.0523021368176646,135,0.18518518518518517,1.191240086895742,0.0006051353536097553,21.68888888888889,"{'stop': 71, 'breakeven': 39, 'target': 22, 'max_hold': 3}"
ema_cross,0.5,48,atr,5.0,1.0,,0.9994196377042583,1.3948158588144601,0.1051345541506068,-0.0753752213858302,100,0.29,1.3553874641964678,0.0015398435328209537,49.32,"{'stop': 70, 'target': 20, 'max_hold': 10}"
ema_cross,0.5,48,atr,5.0,1.0,0.5,0.3719846259608036,0.43550144141347563,0.03110933433583063,-0.07143336709715886,118,0.17796610169491525,1.1338168020464325,0.000435667444906003,30.016949152542374,"{'stop': 50, 'breakeven': 47, 'target': 16, 'max_hold': 5}"
ema_cross,0.5,48,atr,5.0,1.0,1.0,0.5105629313824782,0.6634448203113227,0.04564572722877136,-0.06880109065792694,113,0.19469026548672566,1.1813813518746081,0.000639338060721901,34.64601769911504,"{'stop': 55, 'breakeven': 36, 'target': 17, 'max_hold': 5}"
ema_cross,0.5,48,atr,5.0,1.5,,1.16428007544988,1.5834124379363346,0.14999005362811713,-0.09472582760787174,91,0.31868131868131866,1.463531195645283,0.0023612822317197147,61.57142857142857,"{'stop': 61, 'target': 18, 'max_hold': 12}"
ema_cross,0.5,48,atr,5.0,1.5,0.5,0.6317481732450746,0.9853432167893881,0.06766184287335153,-0.06866829924888385,111,0.1891891891891892,1.2563930735314277,0.0009432908982845644,37.765765765765764,"{'breakeven': 47, 'stop': 43, 'target': 15, 'max_hold': 6}"
ema_cross,0.5,48,atr,5.0,1.5,1.0,0.5392761480170215,0.7483076349296471,0.0570807710567367,-0.07627981914430582,105,0.20952380952380953,1.2069983420799033,0.0008608540995925078,44.46666666666667,"{'stop': 51, 'breakeven': 32, 'target': 16, 'max_hold': 6}"
ema_cross,0.5,48,atr,5.0,2.0,,1.10947809662524,1.3919779961857175,0.1529300849793931,-0.10986530347351064,80,0.35,1.4850946823294249,0.0027470407216885597,78.1625,"{'stop': 51, 'max_hold': 16, 'target': 13}"
ema_cross,0.5,48,atr,5.0,2.0,0.5,0.4624522907263633,0.6864372749900843,0.0492124827801963,-0.07169261427550999,103,0.17475728155339806,1.196505711604951,0.000778717657057259,45.38834951456311,"{'breakeven': 50, 'stop': 35, 'target': 11, 'max_hold': 7}"
ema_cross,0.5,48,atr,5.0,2.0,1.0,0.35969716009714375,0.2990024235914613,0.03777266428762971,-0.12632895691588097,92,0.22826086956521738,1.1419705380324987,0.0007018162435899506,59.96739130434783,"{'stop': 45, 'breakeven': 26, 'max_hold': 11, 'target': 10}"
ema_cross,0.5,48,atr,5.0,3.0,,1.5287842054557768,2.842200267977486,0.2696454573059215,-0.09487208214845522,63,0.4603174603174603,1.8994915393841332,0.005806060292615118,121.15873015873017,"{'stop': 30, 'max_hold': 24, 'target': 9}"
ema_cross,0.5,48,atr,5.0,3.0,0.5,1.103128819186579,2.341496795955951,0.18335445576463472,-0.07830651576432224,81,0.2222222222222222,1.6640243347295325,0.0032517982365548475,72.45679012345678,"{'breakeven': 41, 'stop': 22, 'target': 10, 'max_hold': 8}"
ema_cross,0.5,48,atr,5.0,3.0,1.0,1.0455380183848215,1.3237251315496783,0.16911974620006842,-0.1277604709386161,71,0.29577464788732394,1.5817947824438432,0.003452610975958648,95.50704225352112,"{'stop': 25, 'breakeven': 23, 'max_hold': 14, 'target': 9}"
ema_cross,0.5,96,h4_level,,0.5,,0.7244412664263677,0.729057735693929,0.05881376940719907,-0.08067093527403446,118,0.3305084745762712,1.227224747551366,0.0007539650647853654,26.88135593220339,"{'stop': 79, 'target': 38, 'max_hold': 1}"
ema_cross,0.5,96,h4_level,,0.5,0.5,-0.3204849995040511,-0.2984505593030724,-0.024897087117032868,-0.0834211441089987,132,0.22727272727272727,0.9134477083981047,-0.00024380672355499,16.37121212121212,"{'stop': 60, 'breakeven': 42, 'target': 30}"
ema_cross,0.5,96,h4_level,,0.5,1.0,-0.15602260723877928,-0.2016237767965614,-0.013740919152025799,-0.06815128339694976,130,0.25384615384615383,0.9589048484609913,-0.00011955182778438828,18.246153846153845,"{'stop': 66, 'target': 33, 'breakeven': 31}"
ema_cross,0.5,96,h4_level,,1.0,,0.8998897884321622,1.286491367397646,0.07709505657265114,-0.05992660232816127,107,0.38317757009345793,1.2864921988889364,0.0010692630332854347,33.429906542056074,"{'stop': 66, 'target': 40, 'max_hold': 1}"
ema_cross,0.5,96,h4_level,,1.0,0.5,0.032107179062150625,-0.0032973064300970173,-0.00019737594515856216,-0.05985975199543547,118,0.2711864406779661,1.0122665982539434,3.682144890248019e-05,22.60169491525424,"{'stop': 48, 'breakeven': 38, 'target': 32}"
ema_cross,0.5,96,h4_level,,1.0,1.0,0.35325995601506993,0.34943728952207376,0.02351466103800126,-0.06729293565137917,114,0.3157894736842105,1.1067834641333296,0.00033955113046199115,25.50877192982456,"{'stop': 53, 'target': 36, 'breakeven': 25}"
ema_cross,0.5,96,h4_level,,1.5,,0.6026018635623868,0.6886177188166316,0.052350105173467165,-0.07602201300226374,102,0.4117647058823529,1.1827782266117208,0.0007965905377116661,38.77450980392157,"{'stop': 60, 'target': 41, 'max_hold': 1}"
ema_cross,0.5,96,h4_level,,1.5,0.5,0.07196651861680461,0.0425371128510719,0.002619102396267614,-0.06157217123403369,112,0.3125,1.0238189769562138,7.842941562159293e-05,27.071428571428573,"{'stop': 42, 'target': 35, 'breakeven': 35}"
ema_cross,0.5,96,h4_level,,1.5,1.0,0.2459320888848243,0.2476474366616555,0.016540691412128217,-0.06679128859599981,107,0.35514018691588783,1.074241973114878,0.0002741721081698734,32.25233644859813,"{'stop': 50, 'target': 38, 'breakeven': 19}"
ema_cross,0.5,96,h4_level,,2.0,,0.5062300042193439,0.4919414461693631,0.04452697451004384,-0.09051275280171112,93,0.45161290322580644,1.1570262556188513,0.0007615823701940256,45.0,"{'stop': 49, 'target': 43, 'max_hold': 1}"
ema_cross,0.5,96,h4_level,,2.0,0.5,0.23665094289459648,0.2302556515254406,0.015486409609277496,-0.0672574571207275,104,0.3557692307692308,1.0766261836359547,0.0002650494681993284,31.201923076923077,"{'target': 39, 'breakeven': 33, 'stop': 32}"
ema_cross,0.5,96,h4_level,,2.0,1.0,0.17216765980458185,0.13076436114447776,0.010930485176493088,-0.08358917583374503,98,0.3979591836734694,1.0525571682584005,0.00022271049404122645,38.16326530612245,"{'stop': 43, 'target': 41, 'breakeven': 14}"
ema_cross,0.5,96,h4_level,,3.0,,0.8612316129243535,1.1674678303439676,0.09160014238449499,-0.07846052799374104,76,0.5789473684210527,1.3434215052172833,0.0017865328570441812,63.94736842105263,"{'target': 46, 'stop': 28, 'max_hold': 2}"
ema_cross,0.5,96,h4_level,,3.0,0.5,0.5026339098618385,0.4551122430411552,0.04514315372922595,-0.09919125318969657,84,0.4523809523809524,1.2108883126188958,0.0008417303480840157,47.19047619047619,"{'target': 40, 'breakeven': 24, 'stop': 20}"
ema_cross,0.5,96,h4_level,,3.0,1.0,0.6939705776789372,0.8125350151234804,0.06613815901858433,-0.08139730323933592,77,0.5454545454545454,1.2763124167959916,0.0013002262445403665,57.37662337662338,"{'target': 45, 'stop': 24, 'breakeven': 8}"
ema_cross,0.5,96,atr,2.0,0.5,,0.5600033309629203,0.8075777673023848,0.04426073356321636,-0.054806775712838096,127,0.3937007874015748,1.163988544005604,0.0005355508515576963,19.409448818897637,"{'stop': 77, 'target': 50}"
ema_cross,0.5,96,atr,2.0,0.5,0.5,-0.16395587142140167,-0.19521520843718168,-0.01377686109108378,-0.07057268335482703,144,0.2777777777777778,0.9591869763710675,-0.00011236672032890621,11.722222222222221,"{'stop': 66, 'target': 40, 'breakeven': 38}"
ema_cross,0.5,96,atr,2.0,0.5,1.0,0.01907051038887982,-0.02507021247933701,-0.0014368108552063052,-0.05731147497814515,133,0.3082706766917293,1.005817782485495,1.7382992520449387e-05,15.902255639097744,"{'stop': 68, 'target': 41, 'breakeven': 24}"
ema_cross,0.5,96,atr,2.0,1.0,,1.1047914845876843,1.801356538846794,0.10090908582562408,-0.056018385949416105,109,0.42201834862385323,1.3592625214347287,0.001339470970824613,29.192660550458715,"{'stop': 63, 'target': 46}"
ema_cross,0.5,96,atr,2.0,1.0,0.5,0.32610448284008164,0.3829070625024914,0.02311068096843094,-0.06035584932121896,124,0.28225806451612906,1.1024627668938836,0.0003075594648318322,19.717741935483872,"{'stop': 50, 'breakeven': 39, 'target': 35}"
ema_cross,0.5,96,atr,2.0,1.0,1.0,0.5403053400168758,0.647652817783994,0.042304298326989676,-0.0653194075056106,115,0.33043478260869563,1.1703947593470594,0.0005701055956058899,24.52173913043478,"{'stop': 55, 'target': 38, 'breakeven': 22}"
ema_cross,0.5,96,atr,2.0,1.5,,0.6377008130271591,0.8820158162263765,0.0596094453308198,-0.067583193219656,104,0.3942307692307692,1.1869005073768257,0.0008767467948537171,40.43269230769231,"{'stop': 63, 'target': 41}"
ema_cross,0.5,96,atr,2.0,1.5,0.5,0.19644500150900648,0.2178807507573811,0.013415390894233381,-0.061572171234034134,116,0.2672413793103448,1.0625345718676007,0.0002159084491192617,28.629310344827587,"{'stop': 44, 'breakeven': 41, 'target': 31}"
ema_cross,0.5,96,atr,2.0,1.5,1.0,0.06661941171352002,0.034631441226930834,0.0021190965215729385,-0.06118996052422565,109,0.3119266055045872,1.0190764677003874,7.487523973840811e-05,33.65137614678899,"{'stop': 52, 'target': 34, 'breakeven': 23}"
ema_cross,0.5,96,atr,2.0,2.0,,0.36037319258263706,0.42608981025266074,0.034072060143551575,-0.0799645035476152,91,0.37362637362637363,1.1103239214090599,0.0006307993594317225,53.08791208791209,"{'stop': 57, 'target': 34}"
ema_cross,0.5,96,atr,2.0,2.0,0.5,-0.0919978721548017,-0.14409790457631605,-0.013183679937871062,-0.091491128733859,107,0.21495327102803738,0.9695999120808664,-0.00011796903035385189,35.03738317757009,"{'breakeven': 48, 'stop': 36, 'target': 23}"
ema_cross,0.5,96,atr,2.0,2.0,1.0,0.06796429492644744,0.02368222225525828,0.0018293635274224673,-0.07724627814504548,96,0.2916666666666667,1.0211995469262098,0.00010355022880263207,44.854166666666664,"{'stop': 47, 'target': 28, 'breakeven': 21}"
ema_cross,0.5,96,atr,2.0,3.0,,0.6205586000939919,0.8622106356827035,0.07223593761005698,-0.08377991945420638,64,0.421875,1.2309236640457588,0.0017671183101023722,106.125,"{'stop': 35, 'target': 26, 'max_hold': 2, 'data_end': 1}"
ema_cross,0.5,96,atr,2.0,3.0,0.5,0.25383170276507894,0.20357397469766433,0.02231145772343579,-0.10959877241956595,79,0.25316455696202533,1.1046048093427951,0.0005139256337296698,63.278481012658226,"{'breakeven': 38, 'stop': 21, 'target': 20}"
ema_cross,0.5,96,atr,2.0,3.0,1.0,0.519109965555618,0.4357507523917883,0.05688545427355751,-0.1305458543934106,70,0.34285714285714286,1.2096477691526732,0.001291994682550964,84.28571428571429,"{'stop': 26, 'target': 23, 'breakeven': 20, 'data_end': 1}"
ema_cross,0.5,96,atr,3.0,0.5,,0.6984264377978802,1.1574205287359116,0.06655567913656824,-0.05750345486722763,122,0.3360655737704918,1.2264839492819506,0.000825225438855145,27.049180327868854,"{'stop': 81, 'target': 41}"
ema_cross,0.5,96,atr,3.0,0.5,0.5,-0.6886727673476909,-0.4600374395238557,-0.05444077300074879,-0.11833987480909303,137,0.19708029197080293,0.8080681430414665,-0.0005615221891039011,17.635036496350367,"{'stop': 63, 'breakeven': 47, 'target': 27}"
ema_cross,0.5,96,atr,3.0,0.5,1.0,-0.21536391210629316,-0.28009889803100047,-0.022243222334785595,-0.07941203086177007,131,0.22137404580152673,0.934066371258499,-0.00020793096683814296,20.297709923664122,"{'stop': 67, 'breakeven': 35, 'target': 29}"
ema_cross,0.5,96,atr,3.0,1.0,,0.9696804652647388,1.86609694129036,0.10582100139092732,-0.05670712975809,109,0.3302752293577982,1.3339461084239603,0.00142450585607278,37.321100917431195,"{'stop': 73, 'target': 36}"
ema_cross,0.5,96,atr,3.0,1.0,0.5,0.4410062529847623,0.6295674307587419,0.036665264732399505,-0.05823882072204922,122,0.22131147540983606,1.1545533652055482,0.00048177154364842275,23.80327868852459,"{'stop': 50, 'breakeven': 45, 'target': 27}"
ema_cross,0.5,96,atr,3.0,1.0,1.0,0.4456281232410853,0.5071720889345718,0.03774369996312288,-0.07441990753555061,115,0.24347826086956523,1.152914851930789,0.0005264681606038459,28.417391304347827,"{'stop': 55, 'breakeven': 32, 'target': 28}"
ema_cross,0.5,96,atr,3.0,1.5,,0.7321776337573175,1.104981495960663,0.08092298367782069,-0.07323469576064423,96,0.3125,1.242095159097297,0.0012809629283511185,51.84375,"{'stop': 66, 'target': 30}"
ema_cross,0.5,96,atr,3.0,1.5,0.5,0.43232677030240096,0.6219956390504257,0.04265126499998928,-0.06857164636251012,114,0.19298245614035087,1.1664335587237487,0.0006111831228259579,32.13157894736842,"{'breakeven': 48, 'stop': 44, 'target': 22}"
ema_cross,0.5,96,atr,3.0,1.5,1.0,-0.012516555883192754,-0.060386321820769716,-0.005687365358133967,-0.09418300679108116,107,0.21495327102803738,0.99710926243926,-1.2173038682310957e-05,38.757009345794394,"{'stop': 52, 'breakeven': 32, 'target': 23}"
ema_cross,0.5,96,atr,3.0,2.0,,0.2729956760428885,0.25729160421680397,0.025996355860020248,-0.10103849264399123,78,0.2948717948717949,1.0936104618089129,0.0006128074273093127,78.55128205128206,"{'stop': 55, 'target': 21, 'max_hold': 2}"
ema_cross,0.5,96,atr,3.0,2.0,0.5,0.44477787859804024,0.5066853587512378,0.046155956797469866,-0.09109392249111858,99,0.18181818181818182,1.1908361749732532,0.0007612523306636468,43.57575757575758,"{'breakeven': 47, 'stop': 34, 'target': 18}"
ema_cross,0.5,96,atr,3.0,2.0,1.0,0.25453273810361887,0.23921221655177258,0.022403277270762967,-0.09365440274625036,88,0.22727272727272727,1.0926657241291227,0.0004673084040100206,58.875,"{'stop': 43, 'breakeven': 25, 'target': 19, 'max_hold': 1}"
ema_cross,0.5,96,atr,3.0,3.0,,1.1986342096829103,2.6097650503157843,0.18803064296383298,-0.07204887771068935,58,0.41379310344827586,1.5778758768909824,0.004605101068895808,138.6551724137931,"{'stop': 32, 'target': 20, 'max_hold': 5, 'data_end': 1}"
ema_cross,0.5,96,atr,3.0,3.0,0.5,0.7023117945270919,1.0848780042160757,0.09051655455871699,-0.08343477718872505,78,0.20512820512820512,1.3556206006488483,0.0017793921260188961,72.85897435897436,"{'breakeven': 41, 'stop': 21, 'target': 16}"
ema_cross,0.5,96,atr,3.0,3.0,1.0,0.8682394759274129,1.2791567337943044,0.12342941943996144,-0.09649280356273338,67,0.26865671641791045,1.4380538114702461,0.0027451470236419737,103.97014925373135,"{'breakeven': 25, 'stop': 24, 'target': 16, 'max_hold': 1, 'data_end': 1}"
ema_cross,0.5,96,atr,4.0,0.5,,0.7357619802331048,1.2096057067015964,0.07993514413603475,-0.06608363675300877,126,0.2698412698412698,1.254847811316595,0.0009599216555842802,28.634920634920636,"{'stop': 92, 'target': 34}"
ema_cross,0.5,96,atr,4.0,0.5,0.5,-0.046046645574804666,-0.10132972158903346,-0.008371635843139602,-0.08261777207967413,135,0.17777777777777778,0.9853614321975067,-4.3206427337699494e-05,19.16296296296296,"{'stop': 63, 'breakeven': 48, 'target': 24}"
ema_cross,0.5,96,atr,4.0,0.5,1.0,0.1796424777513094,0.20720604334347814,0.013295915173970885,-0.06416760321961612,135,0.18518518518518517,1.0634635761537408,0.00019802854665365108,20.444444444444443,"{'stop': 71, 'breakeven': 39, 'target': 25}"
ema_cross,0.5,96,atr,4.0,1.0,,1.0843917381808124,2.2934484894655935,0.1392416980483573,-0.06071280810880675,101,0.27722772277227725,1.4321748940219807,0.0019937210855051897,50.524752475247524,"{'stop': 73, 'target': 27, 'max_hold': 1}"
ema_cross,0.5,96,atr,4.0,1.0,0.5,0.47423695766897095,0.7940031277050889,0.04644987578484039,-0.058500872558392425,121,0.1652892561983471,1.1900089511009406,0.0006169351784669285,27.776859504132233,"{'breakeven': 51, 'stop': 50, 'target': 19, 'max_hold': 1}"
ema_cross,0.5,96,atr,4.0,1.0,1.0,0.541592559324848,0.8391381906989772,0.055169385661334,-0.06574529234020388,114,0.18421052631578946,1.2134218566901016,0.0007647744559852431,32.85964912280702,"{'stop': 55, 'breakeven': 38, 'target': 20, 'max_hold': 1}"
ema_cross,0.5,96,atr,4.0,1.5,,0.5259920926467626,0.7035506427386197,0.05875962283280023,-0.08351868261263229,87,0.26436781609195403,1.1867477423166368,0.0010826354398534245,68.88505747126437,"{'stop': 64, 'target': 21, 'max_hold': 2}"
ema_cross,0.5,96,atr,4.0,1.5,0.5,0.31802294938765824,0.37795873379901684,0.03059487615219103,-0.08094766284316146,107,0.1588785046728972,1.132151972008423,0.0004983255989600502,40.76635514018692,"{'breakeven': 48, 'stop': 42, 'target': 16, 'max_hold': 1}"
ema_cross,0.5,96,atr,4.0,1.5,1.0,-0.1016420523865782,-0.17568828673953485,-0.015585489760864046,-0.0887110350388366,102,0.16666666666666666,0.9653913793249507,-0.00014760579731659752,46.205882352941174,"{'stop': 50, 'breakeven': 35, 'target': 17}"
ema_cross,0.5,96,atr,4.0,2.0,,0.6875876844478016,0.9681762731393415,0.08948518604643452,-0.09242654310901055,75,0.28,1.2749549840454737,0.0018473704465865432,88.93333333333334,"{'stop': 54, 'target': 19, 'max_hold': 2}"
ema_cross,0.5,96,atr,4.0,2.0,0.5,0.5411573267466758,0.6907688784694943,0.06292484667457687,-0.09109392249111836,99,0.16161616161616163,1.2522336383361274,0.0010127388977463777,49.39393939393939,"{'breakeven': 49, 'stop': 34, 'target': 15, 'max_hold': 1}"
ema_cross,0.5,96,atr,4.0,2.0,1.0,0.5076988819083045,0.6924035417076256,0.058834716040853996,-0.08497171446546059,88,0.20454545454545456,1.2123006812983652,0.0010768422224698927,63.93181818181818,"{'stop': 43, 'breakeven': 27, 'target': 17, 'max_hold': 1}"
ema_cross,0.5,96,atr,4.0,3.0,,1.0655993590746888,2.463366298832445,0.17613795619400907,-0.07150294955220127,56,0.3392857142857143,1.5519216536802665,0.0045519364306431595,157.03571428571428,"{'stop': 34, 'target': 14, 'max_hold': 7, 'data_end': 1}"
ema_cross,0.5,96,atr,4.0,3.0,0.5,0.6504705237878111,0.7794572649720709,0.08688183260632942,-0.11146452347126756,76,0.15789473684210525,1.3629952611302554,0.0017802065828380763,78.3157894736842,"{'breakeven': 44, 'stop': 20, 'target': 12}"
ema_cross,0.5,96,atr,4.0,3.0,1.0,1.038852267797894,1.5061182453502304,0.16553710204528094,-0.10990976475873393,65,0.23076923076923078,1.6227876297064674,0.003694468839103506,111.0923076923077,"{'breakeven': 28, 'stop': 22, 'target': 13, 'max_hold': 1, 'data_end': 1}"
ema_cross,0.5,96,atr,5.0,0.5,,1.2148579915513493,2.3979100431264744,0.1584626162563607,-0.06608363675300843,120,0.25833333333333336,1.4869453515063398,0.0018790389493569552,36.175,"{'stop': 89, 'target': 30, 'max_hold': 1}"
ema_cross,0.5,96,atr,5.0,0.5,0.5,0.4606258958368614,0.5251532198117572,0.04338698902131477,-0.08261777207967413,135,0.17037037037037037,1.1725210143855722,0.0005179795202397493,21.57037037037037,"{'stop': 63, 'breakeven': 49, 'target': 22, 'max_hold': 1}"
ema_cross,0.5,96,atr,5.0,0.5,1.0,0.6988932344490401,1.474251425004923,0.07710649973424433,-0.05230213681766449,135,0.17777777777777778,1.2752506870898588,0.0008728794542726919,23.22962962962963,"{'stop': 71, 'breakeven': 40, 'target': 23, 'max_hold': 1}"
ema_cross,0.5,96,atr,5.0,1.0,,0.918175734031153,1.8876003722269212,0.11460151918512484,-0.060712808108806526,94,0.2553191489361702,1.373674871987709,0.0018043603613921279,62.340425531914896,"{'stop': 70, 'target': 21, 'max_hold': 3}"
ema_cross,0.5,96,atr,5.0,1.0,0.5,0.5336630789000639,0.7280652347496016,0.054266293889349226,-0.07453493354618512,114,0.15789473684210525,1.227376740655451,0.0007532922194957438,33.666666666666664,"{'breakeven': 48, 'stop': 48, 'target': 17, 'max_hold': 1}"
ema_cross,0.5,96,atr,5.0,1.0,1.0,0.6474616951321603,0.9466850687035607,0.06864969559979506,-0.07251587446478636,109,0.1743119266055046,1.2714777584596404,0.0009727564773198788,38.58715596330275,"{'stop': 53, 'breakeven': 37, 'target': 18, 'max_hold': 1}"
ema_cross,0.5,96,atr,5.0,1.5,,0.9505234357309383,1.708997866430201,0.1319772633305074,-0.07722494329743368,85,0.25882352941176473,1.391474763438624,0.002292022057216247,75.96470588235294,"{'stop': 63, 'target': 20, 'max_hold': 2}"
ema_cross,0.5,96,atr,5.0,1.5,0.5,0.710216972321308,1.0728109421222223,0.08684153843736442,-0.0809476628431618,107,0.1588785046728972,1.3296985608485186,0.0012432446547270058,42.7196261682243,"{'breakeven': 48, 'stop': 42, 'target': 16, 'max_hold': 1}"
ema_cross,0.5,96,atr,5.0,1.5,1.0,0.39582197990709655,0.4631295195087686,0.041084699032661876,-0.08871103503883648,102,0.16666666666666666,1.1584088386983142,0.0006756138349922132,48.166666666666664,"{'stop': 50, 'breakeven': 35, 'target': 17}"
ema_cross,0.5,96,atr,5.0,2.0,,0.3749484750282182,0.42350570235433566,0.044840594970349645,-0.10587955420924355,73,0.2328767123287671,1.151282232128723,0.001077154712723817,99.75342465753425,"{'stop': 56, 'target': 14, 'max_hold': 3}"
ema_cross,0.5,96,atr,5.0,2.0,0.5,0.41458187297396537,0.4821687744907926,0.04607375261846203,-0.09555523927720011,98,0.1326530612244898,1.1978463360692353,0.0007889608783589707,52.05102040816327,"{'breakeven': 52, 'stop': 33, 'target': 12, 'max_hold': 1}"
ema_cross,0.5,96,atr,5.0,2.0,1.0,0.3599750926142063,0.37735245439635234,0.04029394039682033,-0.10678065009880011,86,0.16279069767441862,1.1621429393481244,0.000811468565795051,71.37209302325581,"{'stop': 41, 'breakeven': 31, 'target': 13, 'max_hold': 1}"
ema_cross,0.5,96,atr,5.0,3.0,,1.2484845004927008,3.5973377649041915,0.23992613600209967,-0.06669547084036176,55,0.32727272727272727,1.7363346106169164,0.006121629130182136,164.29090909090908,"{'stop': 34, 'target': 12, 'max_hold': 8, 'data_end': 1}"
ema_cross,0.5,96,atr,5.0,3.0,0.5,1.0060821693378574,1.9854059686235686,0.16879911418960059,-0.08501994899643861,76,0.15789473684210525,1.6607938810932956,0.0032406748599378846,81.71052631578948,"{'breakeven': 44, 'stop': 20, 'target': 12}"
ema_cross,0.5,96,atr,5.0,3.0,1.0,1.321319779015148,2.6413485032346116,0.2538316363521893,-0.09609925992020574,65,0.23076923076923078,1.9127934692092907,0.005414826608101283,115.26153846153846,"{'breakeven': 28, 'stop': 22, 'target': 13, 'max_hold': 1, 'data_end': 1}"
ema_cross,0.5,168,h4_level,,0.5,,0.7158354528616155,0.6945570266555025,0.056030564941451866,-0.08067093527403446,116,0.33620689655172414,1.2204606428892635,0.0007310080775379773,29.25,"{'stop': 77, 'target': 38, 'max_hold': 1}"
ema_cross,0.5,168,h4_level,,0.5,0.5,-0.3204849995040511,-0.2984505593030724,-0.024897087117032868,-0.0834211441089987,132,0.22727272727272727,0.9134477083981047,-0.00024380672355499,16.37121212121212,"{'stop': 60, 'breakeven': 42, 'target': 30}"
ema_cross,0.5,168,h4_level,,0.5,1.0,-0.15602260723877928,-0.2016237767965614,-0.013740919152025799,-0.06815128339694976,130,0.25384615384615383,0.9589048484609913,-0.00011955182778438828,18.246153846153845,"{'stop': 66, 'target': 33, 'breakeven': 31}"
ema_cross,0.5,168,h4_level,,1.0,,0.916670918797398,1.2679133176457726,0.07598173717313728,-0.05992660232816083,105,0.3904761904761905,1.2884925971448913,0.0010719143785756348,35.97142857142857,"{'stop': 64, 'target': 40, 'max_hold': 1}"
ema_cross,0.5,168,h4_level,,1.0,0.5,0.032107179062150625,-0.0032973064300970173,-0.00019737594515856216,-0.05985975199543547,118,0.2711864406779661,1.0122665982539434,3.682144890248019e-05,22.60169491525424,"{'stop': 48, 'breakeven': 38, 'target': 32}"
ema_cross,0.5,168,h4_level,,1.0,1.0,0.35325995601506993,0.34943728952207376,0.02351466103800126,-0.06729293565137917,114,0.3157894736842105,1.1067834641333296,0.00033955113046199115,25.50877192982456,"{'stop': 53, 'target': 36, 'breakeven': 25}"
ema_cross,0.5,168,h4_level,,1.5,,0.6267475456243303,0.6973858227784756,0.05301667408686006,-0.0760220130022643,100,0.42,1.1889534562678032,0.0008180069980842375,41.5,"{'stop': 58, 'target': 41, 'max_hold': 1}"
ema_cross,0.5,168,h4_level,,1.5,0.5,0.07196651861680461,0.0425371128510719,0.002619102396267614,-0.06157217123403369,112,0.3125,1.0238189769562138,7.842941562159293e-05,27.071428571428573,"{'stop': 42, 'target': 35, 'breakeven': 35}"
ema_cross,0.5,168,h4_level,,1.5,1.0,0.2459320888848243,0.2476474366616555,0.016540691412128217,-0.06679128859599981,107,0.35514018691588783,1.074241973114878,0.0002741721081698734,32.25233644859813,"{'stop': 50, 'target': 38, 'breakeven': 19}"
ema_cross,0.5,168,h4_level,,2.0,,0.5354084878490144,0.5091137024033158,0.04608128269359524,-0.09051275280171112,91,0.46153846153846156,1.1656972610420313,0.0007978876073606315,47.857142857142854,"{'stop': 47, 'target': 43, 'max_hold': 1}"
ema_cross,0.5,168,h4_level,,2.0,0.5,0.23665094289459648,0.2302556515254406,0.015486409609277496,-0.0672574571207275,104,0.3557692307692308,1.0766261836359547,0.0002650494681993284,31.201923076923077,"{'target': 39, 'breakeven': 33, 'stop': 32}"
ema_cross,0.5,168,h4_level,,2.0,1.0,0.17216765980458185,0.13076436114447776,0.010930485176493088,-0.08358917583374503,98,0.3979591836734694,1.0525571682584005,0.00022271049404122645,38.16326530612245,"{'stop': 43, 'target': 41, 'breakeven': 14}"
ema_cross,0.5,168,h4_level,,3.0,,0.9234332457169774,1.2299668442385732,0.09650384801375389,-0.07846052799374104,74,0.5945945945945946,1.3751180886288061,0.00191713483120633,68.06756756756756,"{'target': 47, 'stop': 26, 'max_hold': 1}"
ema_cross,0.5,168,h4_level,,3.0,0.5,0.5026339098618385,0.4551122430411552,0.04514315372922595,-0.09919125318969657,84,0.4523809523809524,1.2108883126188958,0.0008417303480840157,47.19047619047619,"{'target': 40, 'breakeven': 24, 'stop': 20}"
ema_cross,0.5,168,h4_level,,3.0,1.0,0.6939705776789372,0.8125350151234804,0.06613815901858433,-0.08139730323933592,77,0.5454545454545454,1.2763124167959916,0.0013002262445403665,57.37662337662338,"{'target': 45, 'stop': 24, 'breakeven': 8}"
ema_cross,0.5,168,atr,2.0,0.5,,0.5600033309629203,0.8075777673023848,0.04426073356321636,-0.054806775712838096,127,0.3937007874015748,1.163988544005604,0.0005355508515576963,19.409448818897637,"{'stop': 77, 'target': 50}"
ema_cross,0.5,168,atr,2.0,0.5,0.5,-0.16395587142140167,-0.19521520843718168,-0.01377686109108378,-0.07057268335482703,144,0.2777777777777778,0.9591869763710675,-0.00011236672032890621,11.722222222222221,"{'stop': 66, 'target': 40, 'breakeven': 38}"
ema_cross,0.5,168,atr,2.0,0.5,1.0,0.01907051038887982,-0.02507021247933701,-0.0014368108552063052,-0.05731147497814515,133,0.3082706766917293,1.005817782485495,1.7382992520449387e-05,15.902255639097744,"{'stop': 68, 'target': 41, 'breakeven': 24}"
ema_cross,0.5,168,atr,2.0,1.0,,1.1047914845876843,1.801356538846794,0.10090908582562408,-0.056018385949416105,109,0.42201834862385323,1.3592625214347287,0.001339470970824613,29.192660550458715,"{'stop': 63, 'target': 46}"
ema_cross,0.5,168,atr,2.0,1.0,0.5,0.32610448284008164,0.3829070625024914,0.02311068096843094,-0.06035584932121896,124,0.28225806451612906,1.1024627668938836,0.0003075594648318322,19.717741935483872,"{'stop': 50, 'breakeven': 39, 'target': 35}"
ema_cross,0.5,168,atr,2.0,1.0,1.0,0.5403053400168758,0.647652817783994,0.042304298326989676,-0.0653194075056106,115,0.33043478260869563,1.1703947593470594,0.0005701055956058899,24.52173913043478,"{'stop': 55, 'target': 38, 'breakeven': 22}"
ema_cross,0.5,168,atr,2.0,1.5,,0.6377008130271591,0.8820158162263765,0.0596094453308198,-0.067583193219656,104,0.3942307692307692,1.1869005073768257,0.0008767467948537171,40.43269230769231,"{'stop': 63, 'target': 41}"
ema_cross,0.5,168,atr,2.0,1.5,0.5,0.19644500150900648,0.2178807507573811,0.013415390894233381,-0.061572171234034134,116,0.2672413793103448,1.0625345718676007,0.0002159084491192617,28.629310344827587,"{'stop': 44, 'breakeven': 41, 'target': 31}"
ema_cross,0.5,168,atr,2.0,1.5,1.0,0.06661941171352002,0.034631441226930834,0.0021190965215729385,-0.06118996052422565,109,0.3119266055045872,1.0190764677003874,7.487523973840811e-05,33.65137614678899,"{'stop': 52, 'target': 34, 'breakeven': 23}"
ema_cross,0.5,168,atr,2.0,2.0,,0.36037319258263706,0.42608981025266074,0.034072060143551575,-0.0799645035476152,91,0.37362637362637363,1.1103239214090599,0.0006307993594317225,53.08791208791209,"{'stop': 57, 'target': 34}"
ema_cross,0.5,168,atr,2.0,2.0,0.5,-0.0919978721548017,-0.14409790457631605,-0.013183679937871062,-0.091491128733859,107,0.21495327102803738,0.9695999120808664,-0.00011796903035385189,35.03738317757009,"{'breakeven': 48, 'stop': 36, 'target': 23}"
ema_cross,0.5,168,atr,2.0,2.0,1.0,0.06796429492644744,0.02368222225525828,0.0018293635274224673,-0.07724627814504548,96,0.2916666666666667,1.0211995469262098,0.00010355022880263207,44.854166666666664,"{'stop': 47, 'target': 28, 'breakeven': 21}"
ema_cross,0.5,168,atr,2.0,3.0,,0.8071581178920199,1.1236155266152164,0.09949045724417593,-0.08854492919288981,63,0.4444444444444444,1.3104423422818252,0.002381577710473738,110.31746031746032,"{'stop': 35, 'target': 27, 'data_end': 1}"
ema_cross,0.5,168,atr,2.0,3.0,0.5,0.25383170276507894,0.20357397469766433,0.02231145772343579,-0.10959877241956595,79,0.25316455696202533,1.1046048093427951,0.0005139256337296698,63.278481012658226,"{'breakeven': 38, 'stop': 21, 'target': 20}"
ema_cross,0.5,168,atr,2.0,3.0,1.0,0.519109965555618,0.4357507523917883,0.05688545427355751,-0.1305458543934106,70,0.34285714285714286,1.2096477691526732,0.001291994682550964,84.28571428571429,"{'stop': 26, 'target': 23, 'breakeven': 20, 'data_end': 1}"
ema_cross,0.5,168,atr,3.0,0.5,,0.6984264377978802,1.1574205287359116,0.06655567913656824,-0.05750345486722763,122,0.3360655737704918,1.2264839492819506,0.000825225438855145,27.049180327868854,"{'stop': 81, 'target': 41}"
ema_cross,0.5,168,atr,3.0,0.5,0.5,-0.6886727673476909,-0.4600374395238557,-0.05444077300074879,-0.11833987480909303,137,0.19708029197080293,0.8080681430414665,-0.0005615221891039011,17.635036496350367,"{'stop': 63, 'breakeven': 47, 'target': 27}"
ema_cross,0.5,168,atr,3.0,0.5,1.0,-0.21536391210629316,-0.28009889803100047,-0.022243222334785595,-0.07941203086177007,131,0.22137404580152673,0.934066371258499,-0.00020793096683814296,20.297709923664122,"{'stop': 67, 'breakeven': 35, 'target': 29}"
ema_cross,0.5,168,atr,3.0,1.0,,0.9696804652647388,1.86609694129036,0.10582100139092732,-0.05670712975809,109,0.3302752293577982,1.3339461084239603,0.00142450585607278,37.321100917431195,"{'stop': 73, 'target': 36}"
ema_cross,0.5,168,atr,3.0,1.0,0.5,0.4410062529847623,0.6295674307587419,0.036665264732399505,-0.05823882072204922,122,0.22131147540983606,1.1545533652055482,0.00048177154364842275,23.80327868852459,"{'stop': 50, 'breakeven': 45, 'target': 27}"
ema_cross,0.5,168,atr,3.0,1.0,1.0,0.4456281232410853,0.5071720889345718,0.03774369996312288,-0.07441990753555061,115,0.24347826086956523,1.152914851930789,0.0005264681606038459,28.417391304347827,"{'stop': 55, 'breakeven': 32, 'target': 28}"
ema_cross,0.5,168,atr,3.0,1.5,,0.7321776337573175,1.104981495960663,0.08092298367782069,-0.07323469576064423,96,0.3125,1.242095159097297,0.0012809629283511185,51.84375,"{'stop': 66, 'target': 30}"
ema_cross,0.5,168,atr,3.0,1.5,0.5,0.43232677030240096,0.6219956390504257,0.04265126499998928,-0.06857164636251012,114,0.19298245614035087,1.1664335587237487,0.0006111831228259579,32.13157894736842,"{'breakeven': 48, 'stop': 44, 'target': 22}"
ema_cross,0.5,168,atr,3.0,1.5,1.0,-0.012516555883192754,-0.060386321820769716,-0.005687365358133967,-0.09418300679108116,107,0.21495327102803738,0.99710926243926,-1.2173038682310957e-05,38.757009345794394,"{'stop': 52, 'breakeven': 32, 'target': 23}"
ema_cross,0.5,168,atr,3.0,2.0,,0.349254463510739,0.3603896531502188,0.03641322731878893,-0.10103849264399123,73,0.2876712328767123,1.1269215378790225,0.000864035909261877,85.47945205479452,"{'stop': 52, 'target': 21}"
ema_cross,0.5,168,atr,3.0,2.0,0.5,0.44477787859804024,0.5066853587512378,0.046155956797469866,-0.09109392249111858,99,0.18181818181818182,1.1908361749732532,0.0007612523306636468,43.57575757575758,"{'breakeven': 47, 'stop': 34, 'target': 18}"
ema_cross,0.5,168,atr,3.0,2.0,1.0,0.31257916778379125,0.31322944233668265,0.029335316344583084,-0.09365440274625036,85,0.2235294117647059,1.1166426487948928,0.0006012060575014005,61.35294117647059,"{'stop': 41, 'breakeven': 25, 'target': 19}"
ema_cross,0.5,168,atr,3.0,3.0,,1.0905356283943302,2.283260566282119,0.1645063613216997,-0.07204887771068935,52,0.4230769230769231,1.544333437150045,0.004562406624723301,165.82692307692307,"{'stop': 30, 'target': 18, 'max_hold': 3, 'data_end': 1}"
ema_cross,0.5,168,atr,3.0,3.0,0.5,0.7023117945270919,1.0848780042160757,0.09051655455871699,-0.08343477718872505,78,0.20512820512820512,1.3556206006488483,0.0017793921260188961,72.85897435897436,"{'breakeven': 41, 'stop': 21, 'target': 16}"
ema_cross,0.5,168,atr,3.0,3.0,1.0,0.8678383126093767,1.2720356968836493,0.12274229062417863,-0.09649280356273338,65,0.27692307692307694,1.4462143529715712,0.0028134665099454953,109.38461538461539,"{'breakeven': 24, 'stop': 23, 'target': 16, 'max_hold': 1, 'data_end': 1}"
ema_cross,0.5,168,atr,4.0,0.5,,0.7357619802331048,1.2096057067015964,0.07993514413603475,-0.06608363675300877,126,0.2698412698412698,1.254847811316595,0.0009599216555842802,28.634920634920636,"{'stop': 92, 'target': 34}"
ema_cross,0.5,168,atr,4.0,0.5,0.5,-0.046046645574804666,-0.10132972158903346,-0.008371635843139602,-0.08261777207967413,135,0.17777777777777778,0.9853614321975067,-4.3206427337699494e-05,19.16296296296296,"{'stop': 63, 'breakeven': 48, 'target': 24}"
ema_cross,0.5,168,atr,4.0,0.5,1.0,0.1796424777513094,0.20720604334347814,0.013295915173970885,-0.06416760321961612,135,0.18518518518518517,1.0634635761537408,0.00019802854665365108,20.444444444444443,"{'stop': 71, 'breakeven': 39, 'target': 25}"
ema_cross,0.5,168,atr,4.0,1.0,,1.1058580218863199,2.426404778652305,0.14731384772060885,-0.06071280810880664,101,0.27722772277227725,1.4558424869238038,0.0021029050748211393,50.881188118811885,"{'stop': 73, 'target': 28}"
ema_cross,0.5,168,atr,4.0,1.0,0.5,0.5196994200779996,0.9207477146720067,0.05386454471445834,-0.05850087255839265,121,0.1652892561983471,1.218078115704675,0.0007080722274000758,28.074380165289256,"{'breakeven': 51, 'stop': 50, 'target': 20}"
ema_cross,0.5,168,atr,4.0,1.0,1.0,0.5836344564962531,0.9528566206195166,0.06264583708092886,-0.06574529234020388,114,0.18421052631578946,1.240416711798194,0.0008615076395020047,33.175438596491226,"{'stop': 55, 'breakeven': 38, 'target': 21}"
ema_cross,0.5,168,atr,4.0,1.5,,0.5992803537016937,0.8449517502957578,0.07056925705593953,-0.08351868261263229,82,0.25609756097560976,1.2254810031286678,0.0013535601018349877,74.91463414634147,"{'stop': 61, 'target': 21}"
ema_cross,0.5,168,atr,4.0,1.5,0.5,-0.2911860704567767,-0.40147567789207067,-0.03416548543333808,-0.08509976398252161,107,0.14953271028037382,0.9001588070654485,-0.0004010875516343434,42.85981308411215,"{'breakeven': 49, 'stop': 42, 'target': 16}"
ema_cross,0.5,168,atr,4.0,1.5,1.0,-0.1016420523865782,-0.17568828673953485,-0.015585489760864046,-0.0887110350388366,102,0.16666666666666666,0.9653913793249507,-0.00014760579731659752,46.205882352941174,"{'stop': 50, 'breakeven': 35, 'target': 17}"
ema_cross,0.5,168,atr,4.0,2.0,,0.5711260492442378,0.7643245834312525,0.0706438790597852,-0.09242654310901055,69,0.2753623188405797,1.2326817868990094,0.0016308118949116541,102.8695652173913,"{'stop': 50, 'target': 17, 'max_hold': 2}"
ema_cross,0.5,168,atr,4.0,2.0,0.5,0.02323508154655462,-0.04245135676924756,-0.00386706060318065,-0.09109392249111836,99,0.15151515151515152,1.009493606943218,4.064589659890157e-05,51.656565656565654,"{'breakeven': 50, 'stop': 34, 'target': 15}"
ema_cross,0.5,168,atr,4.0,2.0,1.0,0.48020088576541253,0.6463876727864301,0.054924668766002105,-0.08497171446546059,84,0.20238095238095238,1.2055457842148107,0.001062090682858592,69.66666666666667,"{'stop': 40, 'breakeven': 27, 'target': 16, 'max_hold': 1}"
ema_cross,0.5,168,atr,4.0,3.0,,1.1644040396112898,2.4343027738740886,0.19820958176405368,-0.08142355334402862,50,0.38,1.6499897947103894,0.005649138031191469,186.5,"{'stop': 31, 'target': 15, 'max_hold': 3, 'data_end': 1}"
ema_cross,0.5,168,atr,4.0,3.0,0.5,0.6504705237878111,0.7794572649720709,0.08688183260632942,-0.11146452347126756,76,0.15789473684210525,1.3629952611302554,0.0017802065828380763,78.3157894736842,"{'breakeven': 44, 'stop': 20, 'target': 12}"
ema_cross,0.5,168,atr,4.0,3.0,1.0,1.0388845064988104,1.4996321669553536,0.16482421869469333,-0.10990976475873393,63,0.23809523809523808,1.636627056523453,0.0037950943984789336,116.9047619047619,"{'breakeven': 27, 'stop': 21, 'target': 13, 'max_hold': 1, 'data_end': 1}"
ema_cross,0.5,168,atr,5.0,0.5,,0.7653720505399652,1.1803929398005146,0.08566732137561872,-0.0725752573461651,120,0.25,1.2640804511400774,0.0010770622234102874,38.041666666666664,"{'stop': 90, 'target': 30}"
ema_cross,0.5,168,atr,5.0,0.5,0.5,-0.20923076480977154,-0.24453127659110177,-0.022177201376113898,-0.0906926986407468,135,0.16296296296296298,0.9390536915069071,-0.0001948886806017332,23.22962962962963,"{'stop': 63, 'breakeven': 50, 'target': 22}"
ema_cross,0.5,168,atr,5.0,0.5,1.0,0.1420422245796629,0.15538985826881024,0.00942344793279859,-0.06064390583648571,135,0.17037037037037037,1.0475302619083195,0.0001600112534312094,24.88888888888889,"{'stop': 71, 'breakeven': 41, 'target': 23}"
ema_cross,0.5,168,atr,5.0,1.0,,0.5028215049450632,0.8985776710911844,0.05455517371581764,-0.06071280810880686,89,0.23595505617977527,1.1868662767536746,0.0009876868458994538,70.21348314606742,"{'stop': 68, 'target': 21}"
ema_cross,0.5,168,atr,5.0,1.0,0.5,-0.07795121389607015,-0.14234796937731808,-0.01198152858636381,-0.08417070253109604,114,0.14912280701754385,0.9743545158959661,-9.089380781653811e-05,35.63157894736842,"{'breakeven': 49, 'stop': 48, 'target': 17}"
ema_cross,0.5,168,atr,5.0,1.0,1.0,0.06369715431059705,0.020658251188511677,0.0014980511498481341,-0.07251587446478625,109,0.1651376146788991,1.0234887929194079,8.984632031437284e-05,40.642201834862384,"{'stop': 53, 'breakeven': 38, 'target': 18}"
ema_cross,0.5,168,atr,5.0,1.5,,0.8531213881039603,1.4767606123598676,0.1140427545533742,-0.07722494329743368,78,0.2564102564102564,1.3597137142279792,0.0021915358701703855,88.75641025641026,"{'stop': 58, 'target': 18, 'max_hold': 2}"
ema_cross,0.5,168,atr,5.0,1.5,0.5,0.21444954275298375,0.22912036156044796,0.018546757778098444,-0.08094766284316168,107,0.14953271028037382,1.0855886636251857,0.0003438315041326122,44.81308411214953,"{'breakeven': 49, 'stop': 42, 'target': 16}"
ema_cross,0.5,168,atr,5.0,1.5,1.0,0.39582197990709655,0.4631295195087686,0.041084699032661876,-0.08871103503883648,102,0.16666666666666666,1.1584088386983142,0.0006756138349922132,48.166666666666664,"{'stop': 50, 'breakeven': 35, 'target': 17}"
ema_cross,0.5,168,atr,5.0,2.0,,0.4400589799392558,0.5318383056867739,0.05528273962038455,-0.10394651725771575,67,0.23880597014925373,1.1887470618545182,0.0013933451084297186,114.53731343283582,"{'stop': 51, 'target': 14, 'max_hold': 2}"
ema_cross,0.5,168,atr,5.0,2.0,0.5,-0.11424571291482921,-0.20573720879615867,-0.01965926821474029,-0.09555523927720044,98,0.12244897959183673,0.9546484510710774,-0.00019305143912674478,54.33673469387755,"{'breakeven': 53, 'stop': 33, 'target': 12}"
ema_cross,0.5,168,atr,5.0,2.0,1.0,0.33108360700408984,0.3387791913012799,0.03617506228709644,-0.10678065009880011,82,0.15853658536585366,1.152716682034038,0.0007786397223428142,77.53658536585365,"{'stop': 38, 'breakeven': 31, 'target': 12, 'max_hold': 1}"
ema_cross,0.5,168,atr,5.0,3.0,,1.2968395672022135,3.6096785936516267,0.2554425924399948,-0.0707660213541571,48,0.375,1.8382488021325953,0.007406932553623741,204.47916666666666,"{'stop': 30, 'target': 13, 'max_hold': 4, 'data_end': 1}"
ema_cross,0.5,168,atr,5.0,3.0,0.5,1.0060821693378574,1.9854059686235686,0.16879911418960059,-0.08501994899643861,76,0.15789473684210525,1.6607938810932956,0.0032406748599378846,81.71052631578948,"{'breakeven': 44, 'stop': 20, 'target': 12}"
ema_cross,0.5,168,atr,5.0,3.0,1.0,1.3217517063727608,2.633368344140228,0.2530647489691735,-0.09609925992020574,63,0.23809523809523808,1.9343786465945843,0.005570066699825847,121.2063492063492,"{'breakeven': 27, 'stop': 21, 'target': 13, 'max_hold': 1, 'data_end': 1}"
ema_cross,1.0,24,h4_level,,0.5,,0.35465488632467956,0.40239222842254224,0.025522236728527714,-0.06342626652751215,131,0.3282442748091603,1.09803216649946,0.0003201258563030035,20.3206106870229,"{'stop': 87, 'target': 36, 'max_hold': 8}"
ema_cross,1.0,24,h4_level,,0.5,0.5,-0.43803290467690387,-0.3822069616863346,-0.03340950839721313,-0.08741208755017726,140,0.22857142857142856,0.8844055114243103,-0.0003209027924966299,13.67142857142857,"{'stop': 63, 'breakeven': 45, 'target': 29, 'max_hold': 3}"
ema_cross,1.0,24,h4_level,,0.5,1.0,-0.31836662395676285,-0.33472239310411633,-0.025725711423280728,-0.07685685796133357,139,0.2517985611510791,0.9182087183893689,-0.0002390349104001002,15.050359712230216,"{'stop': 71, 'breakeven': 33, 'target': 32, 'max_hold': 3}"
ema_cross,1.0,24,h4_level,,1.0,,0.6202178418506679,0.8112553543875115,0.04861577700897213,-0.05992660232816149,117,0.38461538461538464,1.1777750315507738,0.0006392612957389888,26.700854700854702,"{'stop': 70, 'target': 38, 'max_hold': 9}"
ema_cross,1.0,24,h4_level,,1.0,0.5,-0.0766838214959323,-0.1299427387721867,-0.00789316967544651,-0.060743445536304064,127,0.2677165354330709,0.981727623805138,-5.3801856391647046e-05,18.69291338582677,"{'stop': 50, 'breakeven': 42, 'target': 31, 'max_hold': 4}"
ema_cross,1.0,24,h4_level,,1.0,1.0,0.09181568281661194,0.0605705260499171,0.004075968511847217,-0.0672929356513785,120,0.31666666666666665,1.027701683817959,8.909439622837023e-05,21.983333333333334,"{'stop': 56, 'target': 34, 'breakeven': 25, 'max_hold': 5}"
ema_cross,1.0,24,h4_level,,1.5,,0.43660525246517384,0.44765325047144444,0.03528485128731207,-0.07882183643289076,112,0.4107142857142857,1.123328862402507,0.0005077281549288854,30.794642857142858,"{'stop': 63, 'target': 39, 'max_hold': 10}"
ema_cross,1.0,24,h4_level,,1.5,0.5,-0.08931903128515457,-0.15300925767484747,-0.00948137867570642,-0.061966045844460194,122,0.30327868852459017,0.9777765002446832,-7.177055433656897e-05,21.975409836065573,"{'stop': 45, 'breakeven': 38, 'target': 34, 'max_hold': 5}"
ema_cross,1.0,24,h4_level,,1.5,1.0,-0.016902647390910793,-0.06368110755567695,-0.004433420301065083,-0.06961908282121043,116,0.35344827586206895,0.9973765927547338,-9.550807990089346e-06,26.629310344827587,"{'stop': 53, 'target': 36, 'breakeven': 19, 'max_hold': 8}"
ema_cross,1.0,24,h4_level,,2.0,,0.4139212151722546,0.5090822640618876,0.03403502885132581,-0.06685565625438539,103,0.44660194174757284,1.120945913799528,0.0005384781738891684,35.640776699029125,"{'stop': 51, 'target': 40, 'max_hold': 12}"
ema_cross,1.0,24,h4_level,,2.0,0.5,0.013126130244585822,-0.0253811395496512,-0.0020165567742304047,-0.079450994321416,114,0.34210526315789475,1.0062202384569308,2.1417856165685225e-05,25.56140350877193,"{'target': 37, 'breakeven': 36, 'stop': 36, 'max_hold': 5}"
ema_cross,1.0,24,h4_level,,2.0,1.0,0.046043969733617865,0.0056159528532088296,0.00041994594618044445,-0.0747773275803939,106,0.39622641509433965,1.01499363874393,6.098739007224501e-05,31.952830188679247,"{'stop': 45, 'target': 38, 'breakeven': 13, 'max_hold': 10}"
ema_cross,1.0,24,h4_level,,3.0,,0.8083804303220916,1.1127324321189416,0.07726517438863056,-0.0694373347611491,86,0.5581395348837209,1.2949416979266462,0.0013386428424810755,47.093023255813954,"{'target': 41, 'stop': 27, 'max_hold': 18}"
ema_cross,1.0,24,h4_level,,3.0,0.5,-0.007572812750003813,-0.03626123965405552,-0.004780059207765697,-0.1318228293728807,93,0.41935483870967744,0.9968534063558604,-1.2572875351022382e-05,37.763440860215056,"{'target': 35, 'breakeven': 25, 'stop': 23, 'max_hold': 10}"
ema_cross,1.0,24,h4_level,,3.0,1.0,0.5252406193752668,0.4883259142249547,0.04540699076992882,-0.09298501154090177,86,0.5232558139534884,1.1884028674163325,0.0008231445830414397,44.883720930232556,"{'target': 40, 'stop': 24, 'max_hold': 16, 'breakeven': 6}"
ema_cross,1.0,24,atr,2.0,0.5,,-0.03219418836195169,-0.07862734778271344,-0.004451498859029623,-0.05661514707746895,132,0.38636363636363635,0.9924123147261545,-2.3279112734252724e-05,17.21969696969697,"{'stop': 78, 'target': 47, 'max_hold': 7}"
ema_cross,1.0,24,atr,2.0,0.5,0.5,-0.5252388949717247,-0.5198753163951968,-0.033595948406526244,-0.06462308816560047,143,0.27972027972027974,0.880954710912695,-0.0003247532443971405,10.944055944055943,"{'stop': 65, 'breakeven': 38, 'target': 38, 'max_hold': 2}"
ema_cross,1.0,24,atr,2.0,0.5,1.0,-0.5180038481622723,-0.4640466558450419,-0.03334975579425481,-0.07186724734288619,137,0.30656934306569344,0.8802455445161262,-0.0003378595590339975,13.496350364963504,"{'stop': 69, 'target': 40, 'breakeven': 24, 'max_hold': 4}"
ema_cross,1.0,24,atr,2.0,1.0,,0.5415584062773079,0.6900579943736346,0.03865593505630227,-0.056018385949416105,116,0.4051724137931034,1.1440841980642866,0.0005142726701126148,26.18103448275862,"{'stop': 66, 'target': 43, 'max_hold': 7}"
ema_cross,1.0,24,atr,2.0,1.0,0.5,-0.1917049960514041,-0.24962221896609516,-0.01506616103514602,-0.06035584932121918,128,0.2734375,0.9514641533043801,-0.0001435922813975694,17.65625,"{'stop': 50, 'breakeven': 42, 'target': 33, 'max_hold': 3}"
ema_cross,1.0,24,atr,2.0,1.0,1.0,0.27124873203242394,0.2572976300956642,0.016806528750446637,-0.06531940750561094,119,0.3277310924369748,1.0743432657216092,0.00023723021657007378,22.11764705882353,"{'stop': 56, 'target': 37, 'breakeven': 22, 'max_hold': 4}"
ema_cross,1.0,24,atr,2.0,1.5,,0.5083389806093861,0.5949157511532798,0.043420607828873026,-0.07298614592856145,111,0.3963963963963964,1.1407713304902072,0.0006129175604890422,33.153153153153156,"{'stop': 64, 'target': 40, 'max_hold': 7}"
ema_cross,1.0,24,atr,2.0,1.5,0.5,-0.0863593633353942,-0.15350286998642104,-0.009451504995719562,-0.06157217123403391,121,0.2727272727272727,0.9768702284180146,-7.678399745093725e-05,23.94214876033058,"{'stop': 45, 'breakeven': 41, 'target': 30, 'max_hold': 5}"
ema_cross,1.0,24,atr,2.0,1.5,1.0,-0.03806827087596016,-0.10077693587377674,-0.006182497128716213,-0.061348334071793964,114,0.30701754385964913,0.9900946210081548,-3.690002598010379e-05,28.75438596491228,"{'stop': 52, 'target': 33, 'breakeven': 23, 'max_hold': 6}"
ema_cross,1.0,24,atr,2.0,2.0,,0.3130364669335193,0.3388173149082133,0.026490656099096066,-0.07818566210605993,102,0.39215686274509803,1.0901830672382107,0.0004466100958869121,41.411764705882355,"{'stop': 56, 'target': 32, 'max_hold': 14}"
ema_cross,1.0,24,atr,2.0,2.0,0.5,-0.5505309845822357,-0.44154796982455496,-0.04817547174107284,-0.10910586172599757,113,0.23008849557522124,0.8423151214845362,-0.0005887034625327953,29.805309734513273,"{'breakeven': 48, 'stop': 37, 'target': 21, 'max_hold': 7}"
ema_cross,1.0,24,atr,2.0,2.0,1.0,-0.2579493670190753,-0.26689909139087376,-0.027256100240151904,-0.1021213676603917,105,0.29523809523809524,0.9280521622440321,-0.00032309353475391996,36.55238095238095,"{'stop': 47, 'target': 27, 'breakeven': 22, 'max_hold': 9}"
ema_cross,1.0,24,atr,2.0,3.0,,0.9332811601001051,1.4277963177630457,0.10917398998162797,-0.07646328024761462,83,0.4578313253012048,1.3598147176185156,0.0019306896076377183,63.144578313253014,"{'stop': 32, 'max_hold': 27, 'target': 24}"
ema_cross,1.0,24,atr,2.0,3.0,0.5,0.22998262513975298,0.1565898672482435,0.01887617711487133,-0.12054532931525341,90,0.26666666666666666,1.0908443287223277,0.0003880541726466819,47.65555555555556,"{'breakeven': 38, 'stop': 21, 'target': 18, 'max_hold': 13}"
ema_cross,1.0,24,atr,2.0,3.0,1.0,0.6797156092708291,0.6257609526140635,0.0726524766149359,-0.11610260485483526,83,0.37349397590361444,1.2706282305023133,0.0013325963733410889,57.63855421686747,"{'stop': 24, 'target': 22, 'max_hold': 21, 'breakeven': 16}"
ema_cross,1.0,24,atr,3.0,0.5,,0.36663936977515216,0.3963846225847934,0.026318251442433827,-0.06639574277835136,128,0.34375,1.0994760032104585,0.0003306188133895781,22.734375,"{'stop': 81, 'target': 39, 'max_hold': 8}"
ema_cross,1.0,24,atr,3.0,0.5,0.5,-1.094448925208394,-0.6509155098479051,-0.06921059965510945,-0.10632808499413604,141,0.2127659574468085,0.7468731237440562,-0.0007170908584598184,14.546099290780141,"{'stop': 63, 'breakeven': 48, 'target': 26, 'max_hold': 4}"
ema_cross,1.0,24,atr,3.0,0.5,1.0,-0.761585377545364,-0.6340576761879037,-0.05326545129655158,-0.08400726510685175,136,0.22794117647058823,0.8111695263042006,-0.0005593430941034271,16.985294117647058,"{'stop': 68, 'breakeven': 35, 'target': 28, 'max_hold': 5}"
ema_cross,1.0,24,atr,3.0,1.0,,0.6120874731027535,0.8182238691668924,0.05194601300811086,-0.06348630853436454,115,0.3391304347826087,1.176016578529953,0.0006942856316470704,31.8,"{'stop': 72, 'target': 33, 'max_hold': 10}"
ema_cross,1.0,24,atr,3.0,1.0,0.5,-0.028071333416049227,-0.08863511271392721,-0.004677605298903376,-0.052773727653514735,127,0.2283464566929134,0.9938497881734112,-1.8634480602104583e-05,20.543307086614174,"{'stop': 50, 'breakeven': 47, 'target': 25, 'max_hold': 5}"
ema_cross,1.0,24,atr,3.0,1.0,1.0,0.03790942720097064,0.0004359455602652337,2.9404454100934174e-05,-0.0674498303940616,118,0.2542372881355932,1.0119574005813714,4.003784201187578e-05,25.533898305084747,"{'stop': 55, 'breakeven': 31, 'target': 26, 'max_hold': 6}"
ema_cross,1.0,24,atr,3.0,1.5,,0.640909766685896,1.0054237905919958,0.06472282785232353,-0.06437367850050035,109,0.3394495412844037,1.1946899177207417,0.0009138468094533342,39.4954128440367,"{'stop': 68, 'target': 28, 'max_hold': 13}"
ema_cross,1.0,24,atr,3.0,1.5,0.5,-0.10103584023415234,-0.17817749974468827,-0.012958669904120534,-0.07272899172279945,120,0.2,0.9697376598369833,-0.0001065396693839918,26.891666666666666,"{'breakeven': 49, 'stop': 45, 'target': 20, 'max_hold': 6}"
ema_cross,1.0,24,atr,3.0,1.5,1.0,-0.06502587940767725,-0.1122419968834645,-0.010080224676776606,-0.0898079592012464,113,0.23008849557522124,0.9815599744001756,-7.269267263011213e-05,32.76106194690266,"{'stop': 52, 'breakeven': 31, 'target': 22, 'max_hold': 8}"
ema_cross,1.0,24,atr,3.0,2.0,,0.48310546203841576,0.5704832767223147,0.04907760582148524,-0.08602812356474032,100,0.37,1.1545567661792562,0.0007865310577660476,48.56,"{'stop': 57, 'max_hold': 24, 'target': 19}"
ema_cross,1.0,24,atr,3.0,2.0,0.5,-0.1376972622751643,-0.16798081821357413,-0.017327481936314615,-0.10315155099604356,112,0.21428571428571427,0.9558291461688873,-0.0001669004016312334,33.214285714285715,"{'breakeven': 49, 'stop': 37, 'target': 16, 'max_hold': 10}"
ema_cross,1.0,24,atr,3.0,2.0,1.0,0.12731027502892225,0.07227008342121433,0.007934045184646799,-0.10978325759504826,103,0.2815533980582524,1.0415332343388681,0.0001865090261938232,41.57281553398058,"{'stop': 46, 'breakeven': 23, 'max_hold': 17, 'target': 17}"
ema_cross,1.0,24,atr,3.0,3.0,,1.096427821134367,2.3802727406761273,0.14530426513181793,-0.06104521664628382,83,0.4578313253012048,1.4693925357151294,0.0025186609836475504,69.36144578313252,"{'max_hold': 38, 'stop': 32, 'target': 13}"
ema_cross,1.0,24,atr,3.0,3.0,0.5,0.49901802386673966,0.550059894474401,0.053350030043507024,-0.0969894925615048,90,0.26666666666666666,1.22174447031976,0.0009472123156077872,51.71111111111111,"{'breakeven': 38, 'stop': 21, 'max_hold': 19, 'target': 12}"
ema_cross,1.0,24,atr,3.0,3.0,1.0,0.9418803989311475,1.6526936728896562,0.1192356758799138,-0.07214626511604894,83,0.37349397590361444,1.4278029237891539,0.002106537901415529,63.325301204819276,"{'max_hold': 30, 'stop': 24, 'breakeven': 16, 'target': 13}"
ema_cross,1.0,24,atr,4.0,0.5,,0.2618666327076482,0.27403860523015866,0.019240827559627194,-0.07021210585810445,129,0.2868217054263566,1.0722756980705337,0.00025840690799422303,25.05426356589147,"{'stop': 90, 'target': 31, 'max_hold': 8}"
ema_cross,1.0,24,atr,4.0,0.5,0.5,-0.687215035688581,-0.5434396260241082,-0.04824648981598356,-0.08877985245382758,140,0.19285714285714287,0.829719194601097,-0.0004862007316927309,16.1,"{'stop': 63, 'breakeven': 50, 'target': 22, 'max_hold': 5}"
ema_cross,1.0,24,atr,4.0,0.5,1.0,-0.6288850596384279,-0.5439912466852825,-0.04745382757288108,-0.08723270431653607,137,0.19708029197080293,0.8409737003441976,-0.0004853333635059104,18.204379562043794,"{'stop': 70, 'breakeven': 39, 'target': 23, 'max_hold': 5}"
ema_cross,1.0,24,atr,4.0,1.0,,0.6296043430021675,0.9986498817667795,0.06150607744993053,-0.061589230192583555,114,0.2982456140350877,1.1980188292408243,0.0008315348994978518,36.728070175438596,"{'stop': 76, 'target': 24, 'max_hold': 14}"
ema_cross,1.0,24,atr,4.0,1.0,0.5,-0.02440366868426795,-0.06877236677355164,-0.00586919540679709,-0.08534235016402336,126,0.1746031746031746,0.9934506356840949,-2.0655004518858938e-05,22.80952380952381,"{'breakeven': 53, 'stop': 50, 'target': 18, 'max_hold': 5}"
ema_cross,1.0,24,atr,4.0,1.0,1.0,0.11191546125084452,0.08025425064751207,0.006108269100759234,-0.07611147137349283,117,0.19658119658119658,1.0374210548133966,0.00013039260741860763,28.196581196581196,"{'stop': 55, 'breakeven': 37, 'target': 19, 'max_hold': 6}"
ema_cross,1.0,24,atr,4.0,1.5,,0.5334561568655399,0.6909350980860367,0.05481872855500103,-0.07933991008251673,109,0.3302752293577982,1.166061907653514,0.0007940895037868577,43.357798165137616,"{'stop': 69, 'max_hold': 21, 'target': 19}"
ema_cross,1.0,24,atr,4.0,1.5,0.5,-0.5056575804301655,-0.4823747470221169,-0.04684086394615583,-0.09710471834465284,120,0.18333333333333332,0.8493057391291828,-0.0005333016653904639,29.4,"{'breakeven': 51, 'stop': 45, 'target': 14, 'max_hold': 10}"
ema_cross,1.0,24,atr,4.0,1.5,1.0,-0.45697876403401944,-0.45801615717103245,-0.04491797315723722,-0.09807071749319085,113,0.21238938053097345,0.864444757217159,-0.0005370269420972655,35.64601769911504,"{'stop': 52, 'breakeven': 33, 'max_hold': 14, 'target': 14}"
ema_cross,1.0,24,atr,4.0,2.0,,0.768642822515585,1.0358124621545826,0.08910900248413212,-0.0860281235647401,100,0.37,1.2646646629075076,0.001346864213168788,51.35,"{'stop': 57, 'max_hold': 27, 'target': 16}"
ema_cross,1.0,24,atr,4.0,2.0,0.5,-0.1141162844906687,-0.16800305330987111,-0.0158796303379789,-0.09451989130631999,112,0.20535714285714285,0.9619453177741869,-0.0001440939036652217,35.160714285714285,"{'breakeven': 50, 'stop': 37, 'target': 13, 'max_hold': 12}"
ema_cross,1.0,24,atr,4.0,2.0,1.0,0.20034506655558132,0.1751301008022906,0.01631508655917302,-0.09315980796237644,103,0.27184466019417475,1.069007457692456,0.00031048328712893344,43.61165048543689,"{'stop': 46, 'breakeven': 24, 'max_hold': 19, 'target': 14}"
ema_cross,1.0,24,atr,4.0,3.0,,0.9562740821951462,1.4260131020487674,0.1300359309790191,-0.09118845457464253,83,0.43373493975903615,1.413774028382566,0.0022973118457261963,71.49397590361446,"{'max_hold': 42, 'stop': 33, 'target': 8}"
ema_cross,1.0,24,atr,4.0,3.0,0.5,0.4226573436751229,0.3217326994802187,0.045835974112498956,-0.14246601040724216,90,0.24444444444444444,1.1950258305604935,0.0008427980724066098,53.06666666666667,"{'breakeven': 40, 'max_hold': 22, 'stop': 21, 'target': 7}"
ema_cross,1.0,24,atr,4.0,3.0,1.0,0.8625714677717118,0.953541225069341,0.1127363164452233,-0.11822909537762794,83,0.3493975903614458,1.405265815376377,0.0020174608085838297,64.8433734939759,"{'max_hold': 33, 'stop': 24, 'breakeven': 18, 'target': 8}"
ema_cross,1.0,24,atr,5.0,0.5,,0.6036244945565957,0.6935364747624007,0.05555736447995008,-0.08010734330733438,129,0.2713178294573643,1.1822247150965461,0.0006659575716797747,27.162790697674417,"{'stop': 92, 'target': 26, 'max_hold': 11}"
ema_cross,1.0,24,atr,5.0,0.5,0.5,0.0274321238628071,-0.011731095689212497,-0.0011323112630926557,-0.09652220841859549,140,0.18571428571428572,1.009666329144976,2.8074286178125054e-05,17.114285714285714,"{'stop': 63, 'breakeven': 51, 'target': 21, 'max_hold': 5}"
ema_cross,1.0,24,atr,5.0,0.5,1.0,0.10221115483830422,0.06920331572206469,0.005191803656552141,-0.07502246969500037,137,0.1897810218978102,1.0322335789502495,9.998953961237629e-05,19.255474452554743,"{'stop': 70, 'breakeven': 40, 'target': 22, 'max_hold': 5}"
ema_cross,1.0,24,atr,5.0,1.0,,0.5257715270909197,0.6263724890094682,0.04923735228440074,-0.07860714374966182,114,0.2982456140350877,1.1620264313486348,0.000680393035470519,38.78947368421053,"{'stop': 76, 'max_hold': 19, 'target': 19}"
ema_cross,1.0,24,atr,5.0,1.0,0.5,-0.17564576174489607,-0.1960992834734828,-0.018162901542096765,-0.09262094802377396,126,0.1746031746031746,0.9472273186788226,-0.00016645663378938756,24.523809523809526,"{'breakeven': 53, 'stop': 50, 'target': 15, 'max_hold': 8}"
ema_cross,1.0,24,atr,5.0,1.0,1.0,-0.05141306447458816,-0.09309590523579597,-0.008254111149423204,-0.08866245114129301,117,0.19658119658119658,0.985195443961121,-5.158605691930547e-05,30.034188034188034,"{'stop': 55, 'breakeven': 37, 'target': 15, 'max_hold': 10}"
ema_cross,1.0,24,atr,5.0,1.5,,0.7450467665140739,1.0637441017382536,0.08439736138272069,-0.07933991008251684,109,0.3302752293577982,1.245548018504837,0.001174183212306524,44.76146788990825,"{'stop': 69, 'max_hold': 23, 'target': 17}"
ema_cross,1.0,24,atr,5.0,1.5,0.5,-0.11194525735008191,-0.18887979941857824,-0.01504052513489429,-0.07963014139782543,120,0.18333333333333332,0.9644445699137043,-0.00012582941094850807,30.041666666666668,"{'breakeven': 51, 'stop': 45, 'target': 14, 'max_hold': 10}"
ema_cross,1.0,24,atr,5.0,1.5,1.0,-0.08858809470295892,-0.16556649362004272,-0.013761738438311744,-0.08311910301062153,113,0.21238938053097345,0.971410600388842,-0.00011326214710981612,36.230088495575224,"{'stop': 52, 'breakeven': 33, 'max_hold': 14, 'target': 14}"
ema_cross,1.0,24,atr,5.0,2.0,,0.5912228500154445,0.7392425872752165,0.06829088457293686,-0.09237953244096919,100,0.35,1.2048247742808589,0.0010731494326361565,53.51,"{'stop': 59, 'max_hold': 30, 'target': 11}"
ema_cross,1.0,24,atr,5.0,2.0,0.5,-0.2177653199298772,-0.23110334988046952,-0.026405781428092356,-0.11425962212036245,112,0.1875,0.9269751456579749,-0.0002794323811742952,36.5625,"{'breakeven': 52, 'stop': 37, 'max_hold': 14, 'target': 9}"
ema_cross,1.0,24,atr,5.0,2.0,1.0,0.03171604555279402,-0.02265839827397634,-0.0027373427551747875,-0.12080919057366402,103,0.2524271844660194,1.0100367266419075,4.559496500965192e-05,45.23300970873787,"{'stop': 46, 'breakeven': 26, 'max_hold': 22, 'target': 9}"
ema_cross,1.0,24,atr,5.0,3.0,,0.8878502768504895,1.3127505430655866,0.11970769326417385,-0.09118845457464275,83,0.43373493975903615,1.3848384316604412,0.002136658724570335,72.90361445783132,"{'max_hold': 45, 'stop': 33, 'target': 5}"
ema_cross,1.0,24,atr,5.0,3.0,0.5,0.3479717565919583,0.24998253855596603,0.03627730234352944,-0.14511934534742588,90,0.24444444444444444,1.1607416832244726,0.0006946401940073169,54.36666666666667,"{'breakeven': 40, 'max_hold': 25, 'stop': 21, 'target': 4}"
ema_cross,1.0,24,atr,5.0,3.0,1.0,0.7925605615202099,0.8479528608683744,0.10256619275700496,-0.12095742285953093,83,0.3493975903614458,1.3729939527156638,0.0018568076874279698,66.25301204819277,"{'max_hold': 36, 'stop': 24, 'breakeven': 18, 'target': 5}"
ema_cross,1.0,48,h4_level,,0.5,,0.8524971079953814,1.2512840979780957,0.06979096069019586,-0.055775471615893246,122,0.3360655737704918,1.2619378173883442,0.0008511152519941305,23.516393442622952,"{'stop': 81, 'target': 38, 'max_hold': 3}"
ema_cross,1.0,48,h4_level,,0.5,0.5,-0.0749876121602,-0.13659109828851204,-0.008284919310077465,-0.06065489928617307,136,0.23529411764705882,0.980569803771057,-5.417184462890645e-05,14.794117647058824,"{'stop': 62, 'breakeven': 42, 'target': 30, 'max_hold': 2}"
ema_cross,1.0,48,h4_level,,0.5,1.0,0.020050385309557002,-0.025055680488187054,-0.0013264994881995174,-0.05294206592492745,135,0.25925925925925924,1.0074312462864716,2.1551002100439066e-05,16.22222222222222,"{'stop': 69, 'target': 33, 'breakeven': 31, 'max_hold': 2}"
ema_cross,1.0,48,h4_level,,1.0,,1.0726231876161214,1.5126482097308025,0.09064786772694222,-0.05992660232816083,110,0.39090909090909093,1.3320015429803984,0.0012037509375207144,29.663636363636364,"{'stop': 67, 'target': 40, 'max_hold': 3}"
ema_cross,1.0,48,h4_level,,1.0,0.5,0.19316170255789247,0.1921437365418971,0.011501676416874274,-0.059859751995435584,122,0.2786885245901639,1.0589338880045427,0.00017614787315815196,20.434426229508198,"{'stop': 49, 'breakeven': 39, 'target': 32, 'max_hold': 2}"
ema_cross,1.0,48,h4_level,,1.0,1.0,0.4966545583732264,0.5233826000200051,0.035219951624197554,-0.06729293565137884,117,0.3247863247863248,1.1479435190569418,0.0004744386792873664,23.487179487179485,"{'stop': 55, 'target': 36, 'breakeven': 24, 'max_hold': 2}"
ema_cross,1.0,48,h4_level,,1.5,,0.8204977614967404,0.9461865867402574,0.07193100899973581,-0.07602201300226419,104,0.4230769230769231,1.2447004878000123,0.0010375786458145806,35.11538461538461,"{'stop': 60, 'target': 41, 'max_hold': 3}"
ema_cross,1.0,48,h4_level,,1.5,0.5,0.20120887255207223,0.20523980569841827,0.012637060460502836,-0.0615721712340338,116,0.31896551724137934,1.061420059179333,0.00020306850921848456,24.482758620689655,"{'stop': 43, 'breakeven': 36, 'target': 35, 'max_hold': 2}"
ema_cross,1.0,48,h4_level,,1.5,1.0,0.37580981837205457,0.4168784509441527,0.0278438489264643,-0.06679128859599992,110,0.36363636363636365,1.1115543074689698,0.00041585201916762124,29.918181818181818,"{'stop': 51, 'target': 38, 'breakeven': 19, 'max_hold': 2}"
ema_cross,1.0,48,h4_level,,2.0,,0.7038660312740638,0.9948187663263869,0.06362543498234308,-0.06395681016080512,95,0.4631578947368421,1.216576499449255,0.0010212363192196952,40.73684210526316,"{'stop': 49, 'target': 43, 'max_hold': 3}"
ema_cross,1.0,48,h4_level,,2.0,0.5,0.3301985819696912,0.41536773154569995,0.023492417689133127,-0.05655811923981491,108,0.3611111111111111,1.1041366671244244,0.0003639937974041209,28.37037037037037,"{'target': 39, 'breakeven': 34, 'stop': 33, 'max_hold': 2}"
ema_cross,1.0,48,h4_level,,2.0,1.0,0.3427536524817124,0.4104717675240946,0.026090488419528324,-0.0635621996048652,100,0.41,1.1023069344795924,0.0004382785178555217,35.85,"{'stop': 44, 'target': 41, 'breakeven': 13, 'max_hold': 2}"
ema_cross,1.0,48,h4_level,,3.0,,1.0293796619459155,1.9945217751196875,0.11126528637969146,-0.055785445798411826,78,0.6025641025641025,1.411619177269461,0.0020718478754238254,57.03846153846154,"{'target': 46, 'stop': 27, 'max_hold': 5}"
ema_cross,1.0,48,h4_level,,3.0,0.5,0.5331026735989839,0.5320429241644676,0.049721642763563834,-0.09345419421120549,88,0.45454545454545453,1.2156594819670383,0.0008815600755059393,42.98863636363637,"{'target': 40, 'breakeven': 25, 'stop': 21, 'max_hold': 2}"
ema_cross,1.0,48,h4_level,,3.0,1.0,0.7551134645534143,1.0710325670009566,0.07511915714685857,-0.07013713631248664,79,0.5569620253164557,1.2933666294964212,0.0014286337286264176,53.9746835443038,"{'target': 45, 'stop': 25, 'breakeven': 7, 'max_hold': 2}"
ema_cross,1.0,48,atr,2.0,0.5,,0.7246943696507738,1.0465448655391263,0.057357749719024964,-0.054806775712837874,127,0.4015748031496063,1.21470536015629,0.0006765657048739049,19.094488188976378,"{'stop': 75, 'target': 50, 'max_hold': 2}"
ema_cross,1.0,48,atr,2.0,0.5,0.5,-0.13410782009639685,-0.17725628221004436,-0.011454848353166236,-0.06462308816560036,143,0.27972027972027974,0.9669455895004031,-9.017179204383719e-05,11.664335664335665,"{'stop': 65, 'target': 39, 'breakeven': 38, 'max_hold': 1}"
ema_cross,1.0,48,atr,2.0,0.5,1.0,0.18532359703314225,0.19345290214166733,0.01108707116054175,-0.05731147497814526,133,0.3157894736842105,1.0528191217054192,0.00015203627350660314,15.601503759398497,"{'stop': 66, 'target': 41, 'breakeven': 24, 'max_hold': 2}"
ema_cross,1.0,48,atr,2.0,1.0,,1.2205013095765604,1.946869154019395,0.10906046766287147,-0.056018385949415994,111,0.42342342342342343,1.3885843596443597,0.0014092583196865858,28.306306306306308,"{'stop': 63, 'target': 46, 'max_hold': 2}"
ema_cross,1.0,48,atr,2.0,1.0,0.5,0.18294664186675677,0.18007700389702713,0.010868700513425589,-0.06035584932121929,126,0.2777777777777778,1.0534071836309802,0.00015899524535384297,18.857142857142858,"{'stop': 50, 'breakeven': 41, 'target': 34, 'max_hold': 1}"
ema_cross,1.0,48,atr,2.0,1.0,1.0,0.8224465481689818,1.0107880805921294,0.06602407853801173,-0.06531940750561105,115,0.3391304347826087,1.2630935663126845,0.0008532059846495151,24.63478260869565,"{'stop': 54, 'target': 38, 'breakeven': 21, 'max_hold': 2}"
ema_cross,1.0,48,atr,2.0,1.5,,0.6455654288514265,0.805814280320401,0.058813278654783696,-0.07298614592856167,106,0.4056603773584906,1.1855486385318372,0.0008470613402236473,37.0188679245283,"{'stop': 63, 'target': 41, 'max_hold': 2}"
ema_cross,1.0,48,atr,2.0,1.5,0.5,0.11624665551183261,0.10061006624814785,0.006194780226898455,-0.06157217123403391,117,0.27350427350427353,1.0350713352884067,0.00012004193234259078,27.70940170940171,"{'stop': 44, 'breakeven': 41, 'target': 30, 'max_hold': 2}"
ema_cross,1.0,48,atr,2.0,1.5,1.0,0.26971542671805787,0.3210283076231245,0.019643709470617887,-0.06118996052422543,108,0.32407407407407407,1.0801801115166094,0.0003123244719050837,33.574074074074076,"{'stop': 51, 'target': 33, 'breakeven': 22, 'max_hold': 2}"
ema_cross,1.0,48,atr,2.0,2.0,,0.40828441713037605,0.4295614734130793,0.03763536978169979,-0.08761346654919511,93,0.3978494623655914,1.122096067914315,0.0006625981131145541,48.54838709677419,"{'stop': 56, 'target': 34, 'max_hold': 3}"
ema_cross,1.0,48,atr,2.0,2.0,0.5,-0.20325008508816078,-0.24613635146232285,-0.022259603817024187,-0.09043606799555393,108,0.2222222222222222,0.936278332462991,-0.00024674840142985445,34.083333333333336,"{'breakeven': 48, 'stop': 36, 'target': 22, 'max_hold': 2}"
ema_cross,1.0,48,atr,2.0,2.0,1.0,-0.12987322854261138,-0.19287491615695807,-0.016619185524249347,-0.08616561373239928,98,0.30612244897959184,0.9630228083047782,-0.00018046572753730033,42.44897959183673,"{'stop': 48, 'target': 28, 'breakeven': 20, 'max_hold': 2}"
ema_cross,1.0,48,atr,2.0,3.0,,1.0731082579775237,1.895537635218229,0.13122636189245607,-0.0692290986231715,69,0.4782608695652174,1.4306751790352803,0.0027487845399059964,87.8695652173913,"{'stop': 33, 'target': 25, 'max_hold': 11}"
ema_cross,1.0,48,atr,2.0,3.0,0.5,0.3802906068235292,0.3983018692149748,0.03708734180819406,-0.09311365241968517,84,0.27380952380952384,1.1549774303679894,0.000733937565364559,57.80952380952381,"{'breakeven': 39, 'stop': 22, 'target': 19, 'max_hold': 4}"
ema_cross,1.0,48,atr,2.0,3.0,1.0,0.4190026328208855,0.3214441322051085,0.04333697639449685,-0.13481962198906838,75,0.36,1.1576266328411913,0.0009507160840657827,74.58666666666667,"{'stop': 28, 'target': 22, 'breakeven': 19, 'max_hold': 6}"
ema_cross,1.0,48,atr,3.0,0.5,,0.8893645161553664,1.5800041545676782,0.08132312808732345,-0.051470198892973884,122,0.3524590163934426,1.283516631676997,0.0009818461808875473,26.139344262295083,"{'stop': 78, 'target': 41, 'max_hold': 3}"
ema_cross,1.0,48,atr,3.0,0.5,0.5,-0.6624549521464049,-0.5131406406588972,-0.04761153483736724,-0.09278457223000647,137,0.2116788321167883,0.8287693215640615,-0.0004903169160020835,17.021897810218977,"{'stop': 62, 'breakeven': 46, 'target': 26, 'max_hold': 3}"
ema_cross,1.0,48,atr,3.0,0.5,1.0,-0.2408818024337548,-0.3222965059393354,-0.021967228496132196,-0.06815844444887342,131,0.22900763358778625,0.9304658903541112,-0.00021171163216170442,20.34351145038168,"{'stop': 65, 'breakeven': 35, 'target': 28, 'max_hold': 3}"
ema_cross,1.0,48,atr,3.0,1.0,,0.8625907539389756,1.5664806214085092,0.08422449338504534,-0.05376669984548832,110,0.33636363636363636,1.2722303962602142,0.0011372583718281294,34.88181818181818,"{'stop': 73, 'target': 34, 'max_hold': 3}"
ema_cross,1.0,48,atr,3.0,1.0,0.5,0.28817804941667696,0.3780967163887902,0.020200876348471564,-0.053427801599047364,124,0.22580645161290322,1.0897340953833727,0.00027662611066742035,22.75,"{'stop': 50, 'breakeven': 46, 'target': 26, 'max_hold': 2}"
ema_cross,1.0,48,atr,3.0,1.0,1.0,0.5141548613037438,0.6025773409204399,0.041994548911785,-0.06969155004673444,114,0.2543859649122807,1.1680351718598916,0.0005768757572605128,28.56140350877193,"{'stop': 55, 'breakeven': 30, 'target': 27, 'max_hold': 2}"
ema_cross,1.0,48,atr,3.0,1.5,,0.7966816414465501,1.14223951212411,0.08664434032193702,-0.07585479175099896,98,0.32653061224489793,1.2634415228708054,0.001326852568612957,47.683673469387756,"{'stop': 65, 'target': 29, 'max_hold': 4}"
ema_cross,1.0,48,atr,3.0,1.5,0.5,0.24464686087127918,0.29184355249077926,0.0193326798899478,-0.06624329962046571,115,0.2,1.0835366852591655,0.0003040713951702951,30.878260869565217,"{'breakeven': 48, 'stop': 44, 'target': 20, 'max_hold': 3}"
ema_cross,1.0,48,atr,3.0,1.5,1.0,0.3217688938685838,0.3012852240275506,0.02769374078512743,-0.09191868228690503,106,0.2358490566037736,1.1073057515911249,0.0004458929892784453,38.27358490566038,"{'stop': 51, 'breakeven': 30, 'target': 22, 'max_hold': 3}"
ema_cross,1.0,48,atr,3.0,2.0,,0.9704337407908843,1.1737717090255768,0.11222557999742766,-0.09561107933892299,82,0.36585365853658536,1.359821555878683,0.002006883765398781,64.6829268292683,"{'stop': 51, 'target': 22, 'max_hold': 9}"
ema_cross,1.0,48,atr,3.0,2.0,0.5,0.47082281620970384,0.5490909954989507,0.045336924647801924,-0.08256723388189047,104,0.21153846153846154,1.1794626608294436,0.0006989263397386685,39.23076923076923,"{'breakeven': 47, 'stop': 35, 'target': 17, 'max_hold': 5}"
ema_cross,1.0,48,atr,3.0,2.0,1.0,0.3995336672966968,0.38980509572827715,0.038662914845310814,-0.09918524736849954,94,0.26595744680851063,1.138381637240629,0.0006811352392698859,50.819148936170215,"{'stop': 46, 'breakeven': 23, 'target': 19, 'max_hold': 6}"
ema_cross,1.0,48,atr,3.0,3.0,,1.5158858419306747,3.5618917266685997,0.23308969466351126,-0.06543985964489651,65,0.49230769230769234,1.782757662019131,0.004903787627693999,109.52307692307693,"{'stop': 29, 'max_hold': 20, 'target': 16}"
ema_cross,1.0,48,atr,3.0,3.0,0.5,0.6858757417455189,1.037411813527455,0.08502405184429507,-0.08195785968080738,83,0.24096385542168675,1.3268542711870976,0.0015729086127018925,66.03614457831326,"{'breakeven': 41, 'stop': 22, 'target': 14, 'max_hold': 6}"
ema_cross,1.0,48,atr,3.0,3.0,1.0,0.6963925775642503,0.7647521767543775,0.08894565841817159,-0.1163065122555893,73,0.3150684931506849,1.3102437915672709,0.0018715299286797484,88.91780821917808,"{'stop': 26, 'breakeven': 22, 'target': 14, 'max_hold': 11}"
ema_cross,1.0,48,atr,4.0,0.5,,0.637902702386801,0.9990419978123046,0.060047724563861316,-0.060105305578097235,125,0.28,1.1994440253097747,0.0007351845654186125,27.128,"{'stop': 90, 'target': 32, 'max_hold': 3}"
ema_cross,1.0,48,atr,4.0,0.5,0.5,-0.1229262884126456,-0.20343285911520942,-0.012373774578746,-0.060824857068633165,135,0.1925925925925926,0.9655630197736371,-9.94705713818567e-05,18.45925925925926,"{'stop': 62, 'breakeven': 47, 'target': 23, 'max_hold': 3}"
ema_cross,1.0,48,atr,4.0,0.5,1.0,0.0133815739677561,-0.04384766632123214,-0.0026039757247068307,-0.05938687148433075,134,0.19402985074626866,1.0046311050993002,1.4306274240021471e-05,20.276119402985074,"{'stop': 70, 'breakeven': 38, 'target': 24, 'max_hold': 2}"
ema_cross,1.0,48,atr,4.0,1.0,,1.0557900128539286,1.89029382121005,0.12251118692194418,-0.06481065829412702,104,0.28846153846153844,1.387450415190721,0.001709682119066781,44.27884615384615,"{'stop': 73, 'target': 25, 'max_hold': 6}"
ema_cross,1.0,48,atr,4.0,1.0,0.5,0.30098254431125615,0.40071480561719025,0.02453578237840115,-0.06123003701001406,123,0.17073170731707318,1.1068693588729273,0.0003430539615415362,25.260162601626018,"{'breakeven': 52, 'stop': 50, 'target': 19, 'max_hold': 2}"
ema_cross,1.0,48,atr,4.0,1.0,1.0,0.5952576899562277,0.9558505353362521,0.05828071173896254,-0.06097262028363082,113,0.19469026548672566,1.2240694297967634,0.0008009879347656505,31.902654867256636,"{'stop': 55, 'breakeven': 36, 'target': 19, 'max_hold': 3}"
ema_cross,1.0,48,atr,4.0,1.5,,1.0370818378346511,1.522005958280824,0.12210926957661972,-0.08022916658916879,92,0.31521739130434784,1.3784250805290983,0.001934367748485256,56.66304347826087,"{'stop': 62, 'target': 22, 'max_hold': 8}"
ema_cross,1.0,48,atr,4.0,1.5,0.5,0.36900216047991863,0.48838376848520276,0.03394592310914524,-0.06950665705871784,112,0.1875,1.138269814896685,0.0005052748895332056,35.285714285714285,"{'breakeven': 48, 'stop': 43, 'target': 16, 'max_hold': 5}"
ema_cross,1.0,48,atr,4.0,1.5,1.0,0.43163421838242183,0.6174837438666888,0.04263506657859839,-0.06904645993045455,104,0.21153846153846154,1.1613642988826005,0.0006679110501321371,43.29807692307692,"{'stop': 50, 'breakeven': 32, 'target': 17, 'max_hold': 5}"
ema_cross,1.0,48,atr,4.0,2.0,,1.2615845161971664,2.117498076826041,0.17160037027048558,-0.08103920950317967,81,0.37037037037037035,1.5384825123212456,0.0029958589582094537,74.17283950617283,"{'stop': 50, 'target': 18, 'max_hold': 13}"
ema_cross,1.0,48,atr,4.0,2.0,0.5,0.41647610189183687,0.5038370753476402,0.041600433638596224,-0.08256723388189036,104,0.19230769230769232,1.16795041440545,0.0006582555792856316,43.06730769230769,"{'breakeven': 49, 'stop': 35, 'target': 14, 'max_hold': 6}"
ema_cross,1.0,48,atr,4.0,2.0,1.0,0.44116343135283054,0.4730877461163936,0.0469233251255603,-0.09918524736849932,94,0.24468085106382978,1.165454455766848,0.0008189305230326098,55.11702127659574,"{'stop': 46, 'breakeven': 25, 'target': 16, 'max_hold': 7}"
ema_cross,1.0,48,atr,4.0,3.0,,1.5379116148153764,3.3376058772433645,0.2528855106751151,-0.07576853588356613,63,0.47619047619047616,1.8578453648324753,0.005454467207271049,116.38095238095238,"{'stop': 29, 'max_hold': 22, 'target': 12}"
ema_cross,1.0,48,atr,4.0,3.0,0.5,0.8063869951015908,1.1279376815922408,0.11194184444222399,-0.09924470675029007,82,0.21951219512195122,1.4226904879074034,0.002056242365685626,68.65853658536585,"{'breakeven': 42, 'stop': 22, 'target': 10, 'max_hold': 8}"
ema_cross,1.0,48,atr,4.0,3.0,1.0,0.8992566352067068,1.0461642826987552,0.1284783824347968,-0.12280899334793327,72,0.2916666666666667,1.4497124781605253,0.002646072907152523,91.34722222222223,"{'stop': 25, 'breakeven': 24, 'max_hold': 13, 'target': 10}"
ema_cross,1.0,48,atr,5.0,0.5,,1.101915657735885,2.1213121012602536,0.12750211207276285,-0.060105305578097123,121,0.2644628099173554,1.4026511912989275,0.0015200127161539283,32.11570247933884,"{'stop': 88, 'target': 28, 'max_hold': 5}"
ema_cross,1.0,48,atr,5.0,0.5,0.5,0.4771713520061863,0.6619258978275729,0.04026154812538851,-0.06082485706863272,135,0.18518518518518517,1.1611726262260582,0.0004737424149275807,19.659259259259258,"{'stop': 62, 'breakeven': 48, 'target': 22, 'max_hold': 3}"
ema_cross,1.0,48,atr,5.0,0.5,1.0,0.5903386162559129,1.1195101607360702,0.05671621286392825,-0.0506616329651155,134,0.1865671641791045,1.2092457019659657,0.0006571187468941961,21.80597014925373,"{'stop': 70, 'breakeven': 39, 'target': 22, 'max_hold': 3}"
ema_cross,1.0,48,atr,5.0,1.0,,1.1362087739198592,1.9680287784964567,0.1275492406761427,-0.06481065829412735,101,0.2871287128712871,1.420420286110463,0.0018217458522067382,49.16831683168317,"{'stop': 71, 'target': 20, 'max_hold': 10}"
ema_cross,1.0,48,atr,5.0,1.0,0.5,0.35059495496153353,0.3919115159156572,0.029050458190728712,-0.07412504356463112,120,0.175,1.125322917905402,0.00040424201118154925,29.066666666666666,"{'stop': 50, 'breakeven': 49, 'target': 16, 'max_hold': 5}"
ema_cross,1.0,48,atr,5.0,1.0,1.0,0.6625149735406036,1.1185260487638555,0.06452876467584057,-0.05769089128246485,112,0.19642857142857142,1.2506086519829913,0.0008831292459916202,35.410714285714285,"{'stop': 55, 'breakeven': 35, 'target': 16, 'max_hold': 6}"
ema_cross,1.0,48,atr,5.0,1.5,,1.2991392796290135,2.396460300401476,0.1755040410023634,-0.0732346957606439,91,0.31868131868131866,1.533944688052608,0.0027199768137818525,61.51648351648352,"{'stop': 61, 'target': 19, 'max_hold': 11}"
ema_cross,1.0,48,atr,5.0,1.5,0.5,0.6262529629718488,0.9639367924425793,0.06700002405858663,-0.06950665705871761,112,0.1875,1.2536303875219814,0.0009268332797956572,36.92857142857143,"{'breakeven': 48, 'stop': 43, 'target': 15, 'max_hold': 6}"
ema_cross,1.0,48,atr,5.0,1.5,1.0,0.7285757818833629,1.2361551948326626,0.08535214012783654,-0.06904645993045444,104,0.21153846153846154,1.3016432422048743,0.00124854664917485,45.46153846153846,"{'stop': 50, 'breakeven': 32, 'target': 16, 'max_hold': 6}"
ema_cross,1.0,48,atr,5.0,2.0,,1.2391912251930028,2.2027522451305703,0.17850930067673687,-0.08103920950318022,80,0.35,1.5571452884590022,0.0031550558087842405,78.1,"{'stop': 51, 'max_hold': 15, 'target': 14}"
ema_cross,1.0,48,atr,5.0,2.0,0.5,0.4394670803543929,0.6155404867725687,0.046373729251056206,-0.07533822753756647,104,0.17307692307692307,1.1851078049955224,0.000733483550111671,44.51923076923077,"{'breakeven': 51, 'stop': 35, 'target': 11, 'max_hold': 7}"
ema_cross,1.0,48,atr,5.0,2.0,1.0,0.4892448231785756,0.5337877360316057,0.0556919200020638,-0.10433345737033994,93,0.22580645161290322,1.1969521768778366,0.0009680118491393119,59.10752688172043,"{'stop': 45, 'breakeven': 27, 'target': 11, 'max_hold': 10}"
ema_cross,1.0,48,atr,5.0,3.0,,1.6346983300777767,3.9340435122938078,0.29807671702874305,-0.07576853588356591,63,0.4603174603174603,1.9805112410036687,0.006329028271630008,121.15873015873017,"{'stop': 30, 'max_hold': 24, 'target': 9}"
ema_cross,1.0,48,atr,5.0,3.0,0.5,1.0936203538129945,2.318229385863958,0.1815324659494706,-0.07830651576432202,82,0.21951219512195122,1.6546974867828208,0.00318487580758063,71.2439024390244,"{'breakeven': 42, 'stop': 22, 'target': 10, 'max_hold': 8}"
ema_cross,1.0,48,atr,5.0,3.0,1.0,1.1384947351593577,1.7892737925514643,0.18930697642291627,-0.10580101112025386,72,0.2916666666666667,1.638730734423994,0.003758241484065896,93.90277777777777,"{'stop': 25, 'breakeven': 24, 'max_hold': 13, 'target': 10}"
ema_cross,1.0,96,h4_level,,0.5,,0.7784644721842474,0.8487665737014095,0.06347584220462599,-0.07478598259096425,117,0.3333333333333333,1.2474903901542658,0.0008147736494972514,27.05982905982906,"{'stop': 78, 'target': 38, 'max_hold': 1}"
ema_cross,1.0,96,h4_level,,0.5,0.5,-0.25942815481715,-0.2656685205085158,-0.020603602373829966,-0.0775537964919315,131,0.22900763358778625,0.929345504979705,-0.00019711334475384245,16.450381679389313,"{'stop': 59, 'breakeven': 42, 'target': 30}"
ema_cross,1.0,96,h4_level,,0.5,1.0,-0.0955941654249591,-0.1511318331143521,-0.009398312581456403,-0.06218618796441966,129,0.2558139534883721,0.975308241042842,-7.117130438345106e-05,18.34108527131783,"{'stop': 65, 'target': 33, 'breakeven': 31}"
ema_cross,1.0,96,h4_level,,1.0,,0.8497062518650349,1.2048041029748877,0.07219981636231276,-0.05992660232816094,108,0.37962962962962965,1.2669899348763631,0.000998034126355248,32.879629629629626,"{'stop': 67, 'target': 40, 'max_hold': 1}"
ema_cross,1.0,96,h4_level,,1.0,0.5,-0.022709252687576762,-0.0641300515954646,-0.004033934521833538,-0.06290240568150152,120,0.26666666666666666,0.9964966221556002,-1.043846363767212e-05,21.933333333333334,"{'stop': 48, 'breakeven': 40, 'target': 32}"
ema_cross,1.0,96,h4_level,,1.0,1.0,0.2921237951517156,0.28031078955963445,0.018862935924223834,-0.06729293565137939,115,0.3130434782608696,1.0874591850858304,0.0002790032170216715,25.06086956521739,"{'stop': 54, 'target': 36, 'breakeven': 25}"
ema_cross,1.0,96,h4_level,,1.5,,0.6260661556721375,0.7202985679646347,0.05475854709931949,-0.07602201300226386,102,0.4117647058823529,1.1903248803530084,0.0008294806312044028,38.55882352941177,"{'stop': 60, 'target': 41, 'max_hold': 1}"
ema_cross,1.0,96,h4_level,,1.5,0.5,0.03871436711494119,0.0024309336073743337,0.0001496778603318205,-0.06157217123403402,113,0.30973451327433627,1.0140123910839642,4.589648431198743e-05,26.504424778761063,"{'stop': 42, 'breakeven': 36, 'target': 35}"
ema_cross,1.0,96,h4_level,,1.5,1.0,0.22680393523225775,0.22421399704567516,0.014975541783940338,-0.06679128859599981,108,0.35185185185185186,1.0682635822348252,0.00025089155810356954,31.703703703703702,"{'stop': 50, 'target': 38, 'breakeven': 20}"
ema_cross,1.0,96,h4_level,,2.0,,0.5291876517970062,0.536273167286876,0.04691751217020701,-0.08748808449166501,93,0.45161290322580644,1.164463939638434,0.0007976553759602529,44.763440860215056,"{'stop': 49, 'target': 43, 'max_hold': 1}"
ema_cross,1.0,96,h4_level,,2.0,0.5,0.17829958574857685,0.14809241444128407,0.010871171729354367,-0.0734080254574051,105,0.3523809523809524,1.0575166116852488,0.00019944462645290855,30.65714285714286,"{'target': 39, 'breakeven': 34, 'stop': 32}"
ema_cross,1.0,96,h4_level,,2.0,1.0,0.19931597137196877,0.1644386536271255,0.01324413284246706,-0.08054148188599819,98,0.3979591836734694,1.0606356636294254,0.0002569430403295848,37.93877551020408,"{'stop': 43, 'target': 41, 'breakeven': 14}"
ema_cross,1.0,96,h4_level,,3.0,,0.8807642029843864,1.24805945329756,0.09409841319404855,-0.07539577777759421,76,0.5789473684210527,1.3519068240798018,0.0018306748246265385,63.6578947368421,"{'target': 46, 'stop': 28, 'max_hold': 2}"
ema_cross,1.0,96,h4_level,,3.0,0.5,0.4872633749075246,0.43015650640342473,0.043533965398367735,-0.10120494459646545,85,0.4470588235294118,1.203122216938608,0.0008054731992948985,46.31764705882353,"{'target': 40, 'breakeven': 25, 'stop': 20}"
ema_cross,1.0,96,h4_level,,3.0,1.0,0.7155094725131425,0.8753654076944121,0.06857815672306367,-0.07834231981326378,77,0.5454545454545454,1.2855712450491015,0.0013437949398164596,57.09090909090909,"{'target': 45, 'stop': 24, 'breakeven': 8}"
ema_cross,1.0,96,atr,2.0,0.5,,0.6137430765167696,0.8914723976573619,0.048858727752593145,-0.05480677571283821,126,0.3968253968253968,1.1821174024135686,0.0005902825197962919,19.515873015873016,"{'stop': 76, 'target': 50}"
ema_cross,1.0,96,atr,2.0,0.5,0.5,-0.10153475745591839,-0.14599136383928757,-0.00943441277680257,-0.0646230881656007,143,0.27972027972027974,0.9748266153173496,-6.867250615984041e-05,11.762237762237762,"{'stop': 65, 'target': 40, 'breakeven': 38}"
ema_cross,1.0,96,atr,2.0,0.5,1.0,0.0765633801160384,0.051647109948818874,0.00295997204952525,-0.05731147497814526,132,0.3106060606060606,1.022178747430561,6.570134357367477e-05,15.977272727272727,"{'stop': 67, 'target': 41, 'breakeven': 24}"
ema_cross,1.0,96,atr,2.0,1.0,,1.1414196697105996,1.9285285082983303,0.1080330542923078,-0.056018385949416216,110,0.41818181818181815,1.379204514540997,0.001416009252867007,28.7,"{'stop': 64, 'target': 46}"
ema_cross,1.0,96,atr,2.0,1.0,0.5,0.3008455454873473,0.3490593942086146,0.02106777620101119,-0.06035584932121918,126,0.2777777777777778,1.0939403149013427,0.0002796639403335294,18.976190476190474,"{'stop': 50, 'breakeven': 41, 'target': 35}"
ema_cross,1.0,96,atr,2.0,1.0,1.0,0.7602866816211429,0.995669369583433,0.065036533292675,-0.06531940750561094,114,0.3333333333333333,1.2556845562265428,0.0008548423909197716,24.982456140350877,"{'stop': 55, 'target': 38, 'breakeven': 21}"
ema_cross,1.0,96,atr,2.0,1.5,,0.6024485634403358,0.7587480235508065,0.05537809396988691,-0.07298614592856167,106,0.39622641509433965,1.1723361666480403,0.0008047598666210925,38.783018867924525,"{'stop': 64, 'target': 42}"
ema_cross,1.0,96,atr,2.0,1.5,0.5,0.18929070474873969,0.20767820820126237,0.012787198196945404,-0.06157217123403358,117,0.26495726495726496,1.0601523336952197,0.0002063710916697547,27.905982905982906,"{'stop': 44, 'breakeven': 42, 'target': 31}"
ema_cross,1.0,96,atr,2.0,1.5,1.0,0.31008523563132645,0.38407892021477885,0.023501773966129402,-0.06118996052422532,108,0.3148148148148148,1.0934245438625803,0.0003647264624744944,34.111111111111114,"{'stop': 51, 'target': 34, 'breakeven': 23}"
ema_cross,1.0,96,atr,2.0,2.0,,0.22939149304288142,0.21538210487734233,0.018870372840966265,-0.08761346654919511,93,0.3763440860215054,1.0667820502817629,0.00038102896157069855,51.0,"{'stop': 58, 'target': 35}"
ema_cross,1.0,96,atr,2.0,2.0,0.5,-0.12022611137880061,-0.16677658949184732,-0.015853614157264384,-0.0950589900271307,108,0.21296296296296297,0.9605188167640922,-0.0001532251454920934,34.2962962962963,"{'breakeven': 49, 'stop': 36, 'target': 23}"
ema_cross,1.0,96,atr,2.0,2.0,1.0,-0.08753009940304975,-0.14969231643941477,-0.012898330317026696,-0.08616561373239928,98,0.29591836734693877,0.9749047297521423,-0.00012271659507305185,43.04081632653061,"{'stop': 48, 'target': 29, 'breakeven': 21}"
ema_cross,1.0,96,atr,2.0,3.0,,0.5584729111607106,0.6602419973228859,0.06292739238284373,-0.09530958745126539,64,0.421875,1.2042750088709449,0.001563192364731582,105.765625,"{'stop': 35, 'target': 26, 'max_hold': 2, 'data_end': 1}"
ema_cross,1.0,96,atr,2.0,3.0,0.5,0.23994687979715545,0.18583718865040222,0.020737422948963635,-0.11158919858594596,80,0.25,1.098278105420708,0.00047955355156641176,62.15,"{'breakeven': 39, 'stop': 21, 'target': 20}"
ema_cross,1.0,96,atr,2.0,3.0,1.0,0.3797554698965327,0.2507593359190541,0.03828593973307526,-0.15268001724742997,71,0.3380281690140845,1.1477256125351447,0.0009023484580584527,82.45070422535211,"{'stop': 26, 'target': 23, 'breakeven': 21, 'data_end': 1}"
ema_cross,1.0,96,atr,3.0,0.5,,0.7437168740103383,1.384331942396304,0.07125184040903387,-0.05147019889297333,121,0.33884297520661155,1.2442883266047824,0.0008846127511308512,27.223140495867767,"{'stop': 80, 'target': 41}"
ema_cross,1.0,96,atr,3.0,0.5,0.5,-0.633213366233212,-0.446132498562783,-0.05027737233679885,-0.11269605442053099,136,0.19852941176470587,0.8210984784321668,-0.0005188816217700672,17.720588235294116,"{'stop': 62, 'breakeven': 47, 'target': 27}"
ema_cross,1.0,96,atr,3.0,0.5,1.0,-0.16537181503094103,-0.22588582787910846,-0.017938052334772192,-0.07941203086176984,130,0.2230769230769231,0.9486724476828677,-0.00016060244084070328,20.407692307692308,"{'stop': 66, 'breakeven': 35, 'target': 29}"
ema_cross,1.0,96,atr,3.0,1.0,,0.931583559083963,1.7774697180722951,0.10079520594380109,-0.05670712975808989,110,0.32727272727272727,1.3165934250706306,0.0013507642479994799,36.74545454545454,"{'stop': 74, 'target': 36}"
ema_cross,1.0,96,atr,3.0,1.0,0.5,0.4188047649721337,0.5940246438393205,0.03459529473703693,-0.05823882072204856,124,0.21774193548387097,1.145816648430943,0.0004506162190966543,22.983870967741936,"{'stop': 50, 'breakeven': 47, 'target': 27}"
ema_cross,1.0,96,atr,3.0,1.0,1.0,0.6164038806066666,0.7618453816884283,0.056696462861639096,-0.07441990753555061,114,0.24561403508771928,1.2226281326934223,0.0007661281559028372,28.81578947368421,"{'stop': 55, 'breakeven': 31, 'target': 28}"
ema_cross,1.0,96,atr,3.0,1.5,,0.6264975193846222,0.870149715979463,0.06600502549781306,-0.07585479175099896,96,0.3125,1.201296333975547,0.0010650900348322583,51.510416666666664,"{'stop': 66, 'target': 30}"
ema_cross,1.0,96,atr,3.0,1.5,0.5,0.4266860010682634,0.6125702369800251,0.0420049496623931,-0.06857164636250979,115,0.19130434782608696,1.1639313909402305,0.0005980427272146623,31.36521739130435,"{'breakeven': 49, 'stop': 44, 'target': 22}"
ema_cross,1.0,96,atr,3.0,1.5,1.0,0.20344018246519918,0.16487838451138015,0.015528742008137808,-0.09418300679108116,106,0.2169811320754717,1.067343684496159,0.00028232586487501556,39.27358490566038,"{'stop': 51, 'breakeven': 32, 'target': 23}"
ema_cross,1.0,96,atr,3.0,2.0,,0.2020591495299196,0.15210580767505774,0.017089236497124682,-0.1123509796130353,78,0.2948717948717949,1.0680506163882675,0.00044548357469738207,78.25641025641026,"{'stop': 55, 'target': 21, 'max_hold': 2}"
ema_cross,1.0,96,atr,3.0,2.0,0.5,0.4213039381343603,0.4576795128317591,0.043325473017368665,-0.0946633436775548,100,0.18,1.1791152353458847,0.0007143835127041709,42.69,"{'breakeven': 48, 'stop': 34, 'target': 18}"
ema_cross,1.0,96,atr,3.0,2.0,1.0,0.13326810668520597,0.07771024161449352,0.008649787677112997,-0.11130820722477008,89,0.2247191011235955,1.0470009978055135,0.00023557447663983617,57.78651685393258,"{'stop': 43, 'breakeven': 26, 'target': 19, 'max_hold': 1}"
ema_cross,1.0,96,atr,3.0,3.0,,1.1792377519403194,2.351729224897102,0.182958421383554,-0.07779740092805931,58,0.41379310344827586,1.5638420942299744,0.00449326565558775,137.81034482758622,"{'stop': 32, 'target': 20, 'max_hold': 5, 'data_end': 1}"
ema_cross,1.0,96,atr,3.0,3.0,0.5,0.69090898764724,1.0392333851663251,0.08883750560935377,-0.08548369103359366,79,0.20253164556962025,1.3478987955921746,0.0017285663910144675,71.59493670886076,"{'breakeven': 42, 'stop': 21, 'target': 16}"
ema_cross,1.0,96,atr,3.0,3.0,1.0,0.8180337805993784,1.0451332556883073,0.11324962825405227,-0.10835903234125677,68,0.2647058823529412,1.4032886114546865,0.002503752900061338,101.5,"{'breakeven': 26, 'stop': 24, 'target': 16, 'max_hold': 1, 'data_end': 1}"
ema_cross,1.0,96,atr,4.0,0.5,,0.7754430108374231,1.4090306311771983,0.08469021665580456,-0.060105305578097123,125,0.272,1.2718939591169451,0.001018486143600997,28.816,"{'stop': 91, 'target': 34}"
ema_cross,1.0,96,atr,4.0,0.5,0.5,0.0014291387040306336,-0.05219067071678469,-0.004005387731083276,-0.07674528179219453,134,0.1791044776119403,1.0013460188497845,3.938594447133501e-06,19.261194029850746,"{'stop': 62, 'breakeven': 48, 'target': 24}"
ema_cross,1.0,96,atr,4.0,0.5,1.0,0.22304519902003625,0.27673727849096363,0.017757567882284775,-0.0641676032196169,134,0.1865671641791045,1.0797675707799934,0.0002469738294384195,20.55223880597015,"{'stop': 70, 'breakeven': 39, 'target': 25}"
ema_cross,1.0,96,atr,4.0,1.0,,1.1007429824935242,2.23234769738168,0.14467992380868533,-0.06481065829412702,102,0.27450980392156865,1.4439251895286012,0.0020468376255163255,50.27450980392157,"{'stop': 74, 'target': 27, 'max_hold': 1}"
ema_cross,1.0,96,atr,4.0,1.0,0.5,0.45552305143504324,0.724487040219608,0.04436036828592238,-0.06123003701001439,123,0.16260162601626016,1.1812900582127868,0.0005833287759136247,26.88617886178862,"{'breakeven': 53, 'stop': 50, 'target': 19, 'max_hold': 1}"
ema_cross,1.0,96,atr,4.0,1.0,1.0,0.7409323073264413,1.2693049695143594,0.08345082628959499,-0.06574529234020376,113,0.18584070796460178,1.312824477747451,0.001120859205469159,33.743362831858406,"{'stop': 55, 'breakeven': 37, 'target': 20, 'max_hold': 1}"
ema_cross,1.0,96,atr,4.0,1.5,,0.4271394053115625,0.44265672312017645,0.044745638573840285,-0.10108428548975712,87,0.26436781609195403,1.1470712199145154,0.0008526181515595556,68.59770114942529,"{'stop': 64, 'target': 21, 'max_hold': 2}"
ema_cross,1.0,96,atr,4.0,1.5,0.5,0.31262296909374404,0.36632279221068664,0.029956034290425926,-0.08177496712570653,108,0.1574074074074074,1.1296323340643724,0.0004853784881134479,39.870370370370374,"{'breakeven': 49, 'stop': 42, 'target': 16, 'max_hold': 1}"
ema_cross,1.0,96,atr,4.0,1.5,1.0,0.09795316245123968,0.05847320395583919,0.004843835673065344,-0.08283855416446073,101,0.16831683168316833,1.0361303302362945,0.00015340475908975307,46.75247524752475,"{'stop': 49, 'breakeven': 35, 'target': 17}"
ema_cross,1.0,96,atr,4.0,2.0,,0.6620684059473844,0.8652188748341015,0.08483369805259544,-0.09804882963153294,75,0.28,1.2620827572783815,0.001760884393628311,88.28,"{'stop': 54, 'target': 19, 'max_hold': 2}"
ema_cross,1.0,96,atr,4.0,2.0,0.5,0.5196847765178089,0.6343426144217752,0.06004899291832699,-0.09466334367755458,100,0.16,1.2399875622719552,0.0009633552141160746,48.45,"{'breakeven': 50, 'stop': 34, 'target': 15, 'max_hold': 1}"
ema_cross,1.0,96,atr,4.0,2.0,1.0,0.3610744009683249,0.3392048940921567,0.037756288643265856,-0.11130820722476975,89,0.20224719101123595,1.144140097573269,0.0007266231972108554,62.48314606741573,"{'stop': 43, 'breakeven': 28, 'target': 17, 'max_hold': 1}"
ema_cross,1.0,96,atr,4.0,3.0,,0.9947857677600308,1.6988962412202036,0.15704935411158738,-0.09244199280751209,56,0.3392857142857143,1.497735769202696,0.004105042021019289,155.16071428571428,"{'stop': 34, 'target': 14, 'max_hold': 7, 'data_end': 1}"
ema_cross,1.0,96,atr,4.0,3.0,0.5,0.6396531487880065,0.7510603347826897,0.0852083799737311,-0.11345077888900246,77,0.15584415584415584,1.3548678021439489,0.0017280501215112048,76.94805194805195,"{'breakeven': 45, 'stop': 20, 'target': 12}"
ema_cross,1.0,96,atr,4.0,3.0,1.0,0.940607531470817,1.0308307107917531,0.14110248131145076,-0.136882302626659,66,0.22727272727272727,1.536058986755782,0.0031504725484063226,107.5909090909091,"{'breakeven': 29, 'stop': 22, 'target': 13, 'max_hold': 1, 'data_end': 1}"
ema_cross,1.0,96,atr,5.0,0.5,,1.250442805517761,2.721281461743005,0.16356345382207294,-0.06010530557809668,119,0.2605042016806723,1.5076546718030426,0.0019482799434398317,36.42857142857143,"{'stop': 88, 'target': 30, 'max_hold': 1}"
ema_cross,1.0,96,atr,5.0,0.5,0.5,0.5035934079671752,0.6251998155125539,0.047981136017939185,-0.07674528179219486,134,0.17164179104477612,1.1912143294559978,0.0005693124968572497,21.686567164179106,"{'stop': 62, 'breakeven': 49, 'target': 22, 'max_hold': 1}"
ema_cross,1.0,96,atr,5.0,0.5,1.0,0.7376143743325922,1.6156036162472138,0.08184911742342948,-0.05066163296511539,134,0.1791044776119403,1.2944832687438141,0.0009268609378605874,23.35820895522388,"{'stop': 70, 'breakeven': 40, 'target': 23, 'max_hold': 1}"
ema_cross,1.0,96,atr,5.0,1.0,,0.9392869141394574,1.8653390172070514,0.12089384964690852,-0.0648106582941268,95,0.25263157894736843,1.3893676016430432,0.0018782258819436907,61.95789473684211,"{'stop': 71, 'target': 21, 'max_hold': 3}"
ema_cross,1.0,96,atr,5.0,1.0,0.5,0.5153381501773098,0.6755087675500048,0.052161178892526916,-0.07721761936815374,116,0.15517241379310345,1.2180250621881252,0.000715306860908554,32.62068965517241,"{'breakeven': 50, 'stop': 48, 'target': 17, 'max_hold': 1}"
ema_cross,1.0,96,atr,5.0,1.0,1.0,0.8351880700635675,1.7104409501939626,0.09867686290271616,-0.05769089128246507,108,0.17592592592592593,1.3816002051446232,0.0013672000218895248,39.51851851851852,"{'stop': 53, 'breakeven': 36, 'target': 18, 'max_hold': 1}"
ema_cross,1.0,96,atr,5.0,1.5,,0.9138354581589316,1.4323896825030014,0.12404580895119999,-0.08660060210321996,85,0.25882352941176473,1.3700120553894528,0.002166361338184977,75.10588235294118,"{'stop': 63, 'target': 20, 'max_hold': 2}"
ema_cross,1.0,96,atr,5.0,1.5,0.5,0.7053580053204939,1.0537189264984235,0.08616783057414312,-0.08177496712570631,108,0.1574074074074074,1.326739277085474,0.0012234001452158944,41.80555555555556,"{'breakeven': 49, 'stop': 42, 'target': 16, 'max_hold': 1}"
ema_cross,1.0,96,atr,5.0,1.5,1.0,0.5882605418957289,0.8520362199804644,0.06892825703363092,-0.08089827100919644,101,0.16831683168316833,1.252713207492165,0.0010729879428334336,49.227722772277225,"{'stop': 49, 'breakeven': 35, 'target': 17}"
ema_cross,1.0,96,atr,5.0,2.0,,0.3004821024194587,0.27354528575255066,0.032983635446058646,-0.12057833625360181,73,0.2328767123287671,1.1178204890104853,0.0008389015233797107,98.72602739726027,"{'stop': 56, 'target': 14, 'max_hold': 3}"
ema_cross,1.0,96,atr,5.0,2.0,0.5,0.39325354301962484,0.4363307344399547,0.043243491250319455,-0.09910714015097732,99,0.13131313131313133,1.1859334743676793,0.0007413387536757092,51.07070707070707,"{'breakeven': 53, 'stop': 33, 'target': 12, 'max_hold': 1}"
ema_cross,1.0,96,atr,5.0,2.0,1.0,0.244175461667475,0.18447722462086763,0.02353901312426321,-0.12759847820043868,87,0.16091954022988506,1.104485181554044,0.0005196622348078247,69.51724137931035,"{'stop': 41, 'breakeven': 32, 'target': 13, 'max_hold': 1}"
ema_cross,1.0,96,atr,5.0,3.0,,1.1868966388615894,3.2028929989420036,0.21772520393249883,-0.06797767018892575,55,0.32727272727272727,1.6753426094077257,0.005614562905225701,162.12727272727273,"{'stop': 34, 'target': 12, 'max_hold': 8, 'data_end': 1}"
ema_cross,1.0,96,atr,5.0,3.0,0.5,0.9968310515142867,1.95483738447805,0.1669995349750597,-0.08542886293309215,77,0.15584415584415584,1.6508906667988443,0.0031695512781291972,80.2987012987013,"{'breakeven': 45, 'stop': 20, 'target': 12}"
ema_cross,1.0,96,atr,5.0,3.0,1.0,1.2185042064676268,1.8206009132683212,0.21874008349628604,-0.12014718981086658,66,0.22727272727272727,1.795469593892657,0.004675054761823209,111.10606060606061,"{'breakeven': 29, 'stop': 22, 'target': 13, 'max_hold': 1, 'data_end': 1}"
ema_cross,1.0,168,h4_level,,0.5,,0.7719158915268011,0.8113871193908994,0.06068038298530043,-0.07478598259096425,115,0.3391304347826087,1.2409825323699053,0.0007926745768774841,29.452173913043477,"{'stop': 76, 'target': 38, 'max_hold': 1}"
ema_cross,1.0,168,h4_level,,0.5,0.5,-0.25942815481715,-0.2656685205085158,-0.020603602373829966,-0.0775537964919315,131,0.22900763358778625,0.929345504979705,-0.00019711334475384245,16.450381679389313,"{'stop': 59, 'breakeven': 42, 'target': 30}"
ema_cross,1.0,168,h4_level,,0.5,1.0,-0.0955941654249591,-0.1511318331143521,-0.009398312581456403,-0.06218618796441966,129,0.2558139534883721,0.975308241042842,-7.117130438345106e-05,18.34108527131783,"{'stop': 65, 'target': 33, 'breakeven': 31}"
ema_cross,1.0,168,h4_level,,1.0,,0.8648506967086298,1.1863104877542112,0.07109155683737378,-0.05992660232816138,106,0.3867924528301887,1.268512568662718,0.0009993165173138386,35.386792452830186,"{'stop': 65, 'target': 40, 'max_hold': 1}"
ema_cross,1.0,168,h4_level,,1.0,0.5,-0.022709252687576762,-0.0641300515954646,-0.004033934521833538,-0.06290240568150152,120,0.26666666666666666,0.9964966221556002,-1.043846363767212e-05,21.933333333333334,"{'stop': 48, 'breakeven': 40, 'target': 32}"
ema_cross,1.0,168,h4_level,,1.0,1.0,0.2921237951517156,0.28031078955963445,0.018862935924223834,-0.06729293565137939,115,0.3130434782608696,1.0874591850858304,0.0002790032170216715,25.06086956521739,"{'stop': 54, 'target': 36, 'breakeven': 25}"
ema_cross,1.0,168,h4_level,,1.5,,0.6508520590185766,0.7290867388881286,0.055426641543531385,-0.07602201300226374,100,0.42,1.1967027674523263,0.0008515548934468289,41.28,"{'stop': 58, 'target': 41, 'max_hold': 1}"
ema_cross,1.0,168,h4_level,,1.5,0.5,0.03871436711494119,0.0024309336073743337,0.0001496778603318205,-0.06157217123403402,113,0.30973451327433627,1.0140123910839642,4.589648431198743e-05,26.504424778761063,"{'stop': 42, 'breakeven': 36, 'target': 35}"
ema_cross,1.0,168,h4_level,,1.5,1.0,0.22680393523225775,0.22421399704567516,0.014975541783940338,-0.06679128859599981,108,0.35185185185185186,1.0682635822348252,0.00025089155810356954,31.703703703703702,"{'stop': 50, 'target': 38, 'breakeven': 20}"
ema_cross,1.0,168,h4_level,,2.0,,0.5589575591605813,0.554079768400087,0.048475377592908986,-0.08748808449166501,91,0.46153846153846156,1.1733531829929886,0.0008347534264404022,47.61538461538461,"{'stop': 47, 'target': 43, 'max_hold': 1}"
ema_cross,1.0,168,h4_level,,2.0,0.5,0.17829958574857685,0.14809241444128407,0.010871171729354367,-0.0734080254574051,105,0.3523809523809524,1.0575166116852488,0.00019944462645290855,30.65714285714286,"{'target': 39, 'breakeven': 34, 'stop': 32}"
ema_cross,1.0,168,h4_level,,2.0,1.0,0.19931597137196877,0.1644386536271255,0.01324413284246706,-0.08054148188599819,98,0.3979591836734694,1.0606356636294254,0.0002569430403295848,37.93877551020408,"{'stop': 43, 'target': 41, 'breakeven': 14}"
ema_cross,1.0,168,h4_level,,3.0,,0.9433044100383903,1.3132478305624902,0.0990133415999972,-0.07539577777759421,74,0.5945945945945946,1.383988605151897,0.001962469824939561,67.77027027027027,"{'target': 47, 'stop': 26, 'max_hold': 1}"
ema_cross,1.0,168,h4_level,,3.0,0.5,0.4872633749075246,0.43015650640342473,0.043533965398367735,-0.10120494459646545,85,0.4470588235294118,1.203122216938608,0.0008054731992948985,46.31764705882353,"{'target': 40, 'breakeven': 25, 'stop': 20}"
ema_cross,1.0,168,h4_level,,3.0,1.0,0.7155094725131425,0.8753654076944121,0.06857815672306367,-0.07834231981326378,77,0.5454545454545454,1.2855712450491015,0.0013437949398164596,57.09090909090909,"{'target': 45, 'stop': 24, 'breakeven': 8}"
ema_cross,1.0,168,atr,2.0,0.5,,0.6137430765167696,0.8914723976573619,0.048858727752593145,-0.05480677571283821,126,0.3968253968253968,1.1821174024135686,0.0005902825197962919,19.515873015873016,"{'stop': 76, 'target': 50}"
ema_cross,1.0,168,atr,2.0,0.5,0.5,-0.10153475745591839,-0.14599136383928757,-0.00943441277680257,-0.0646230881656007,143,0.27972027972027974,0.9748266153173496,-6.867250615984041e-05,11.762237762237762,"{'stop': 65, 'target': 40, 'breakeven': 38}"
ema_cross,1.0,168,atr,2.0,0.5,1.0,0.0765633801160384,0.051647109948818874,0.00295997204952525,-0.05731147497814526,132,0.3106060606060606,1.022178747430561,6.570134357367477e-05,15.977272727272727,"{'stop': 67, 'target': 41, 'breakeven': 24}"
ema_cross,1.0,168,atr,2.0,1.0,,1.1414196697105996,1.9285285082983303,0.1080330542923078,-0.056018385949416216,110,0.41818181818181815,1.379204514540997,0.001416009252867007,28.7,"{'stop': 64, 'target': 46}"
ema_cross,1.0,168,atr,2.0,1.0,0.5,0.3008455454873473,0.3490593942086146,0.02106777620101119,-0.06035584932121918,126,0.2777777777777778,1.0939403149013427,0.0002796639403335294,18.976190476190474,"{'stop': 50, 'breakeven': 41, 'target': 35}"
ema_cross,1.0,168,atr,2.0,1.0,1.0,0.7602866816211429,0.995669369583433,0.065036533292675,-0.06531940750561094,114,0.3333333333333333,1.2556845562265428,0.0008548423909197716,24.982456140350877,"{'stop': 55, 'target': 38, 'breakeven': 21}"
ema_cross,1.0,168,atr,2.0,1.5,,0.6024485634403358,0.7587480235508065,0.05537809396988691,-0.07298614592856167,106,0.39622641509433965,1.1723361666480403,0.0008047598666210925,38.783018867924525,"{'stop': 64, 'target': 42}"
ema_cross,1.0,168,atr,2.0,1.5,0.5,0.18929070474873969,0.20767820820126237,0.012787198196945404,-0.06157217123403358,117,0.26495726495726496,1.0601523336952197,0.0002063710916697547,27.905982905982906,"{'stop': 44, 'breakeven': 42, 'target': 31}"
ema_cross,1.0,168,atr,2.0,1.5,1.0,0.31008523563132645,0.38407892021477885,0.023501773966129402,-0.06118996052422532,108,0.3148148148148148,1.0934245438625803,0.0003647264624744944,34.111111111111114,"{'stop': 51, 'target': 34, 'breakeven': 23}"
ema_cross,1.0,168,atr,2.0,2.0,,0.22939149304288142,0.21538210487734233,0.018870372840966265,-0.08761346654919511,93,0.3763440860215054,1.0667820502817629,0.00038102896157069855,51.0,"{'stop': 58, 'target': 35}"
ema_cross,1.0,168,atr,2.0,2.0,0.5,-0.12022611137880061,-0.16677658949184732,-0.015853614157264384,-0.0950589900271307,108,0.21296296296296297,0.9605188167640922,-0.0001532251454920934,34.2962962962963,"{'breakeven': 49, 'stop': 36, 'target': 23}"
ema_cross,1.0,168,atr,2.0,2.0,1.0,-0.08753009940304975,-0.14969231643941477,-0.012898330317026696,-0.08616561373239928,98,0.29591836734693877,0.9749047297521423,-0.00012271659507305185,43.04081632653061,"{'stop': 48, 'target': 29, 'breakeven': 21}"
ema_cross,1.0,168,atr,2.0,3.0,,0.7493467967139168,0.8993214255213888,0.08994530371112175,-0.10001463454401216,63,0.4444444444444444,1.2834383420324937,0.0021744148453351577,109.95238095238095,"{'stop': 35, 'target': 27, 'data_end': 1}"
ema_cross,1.0,168,atr,2.0,3.0,0.5,0.23994687979715545,0.18583718865040222,0.020737422948963635,-0.11158919858594596,80,0.25,1.098278105420708,0.00047955355156641176,62.15,"{'breakeven': 39, 'stop': 21, 'target': 20}"
ema_cross,1.0,168,atr,2.0,3.0,1.0,0.3797554698965327,0.2507593359190541,0.03828593973307526,-0.15268001724742997,71,0.3380281690140845,1.1477256125351447,0.0009023484580584527,82.45070422535211,"{'stop': 26, 'target': 23, 'breakeven': 21, 'data_end': 1}"
ema_cross,1.0,168,atr,3.0,0.5,,0.7437168740103383,1.384331942396304,0.07125184040903387,-0.05147019889297333,121,0.33884297520661155,1.2442883266047824,0.0008846127511308512,27.223140495867767,"{'stop': 80, 'target': 41}"
ema_cross,1.0,168,atr,3.0,0.5,0.5,-0.633213366233212,-0.446132498562783,-0.05027737233679885,-0.11269605442053099,136,0.19852941176470587,0.8210984784321668,-0.0005188816217700672,17.720588235294116,"{'stop': 62, 'breakeven': 47, 'target': 27}"
ema_cross,1.0,168,atr,3.0,0.5,1.0,-0.16537181503094103,-0.22588582787910846,-0.017938052334772192,-0.07941203086176984,130,0.2230769230769231,0.9486724476828677,-0.00016060244084070328,20.407692307692308,"{'stop': 66, 'breakeven': 35, 'target': 29}"
ema_cross,1.0,168,atr,3.0,1.0,,0.931583559083963,1.7774697180722951,0.10079520594380109,-0.05670712975808989,110,0.32727272727272727,1.3165934250706306,0.0013507642479994799,36.74545454545454,"{'stop': 74, 'target': 36}"
ema_cross,1.0,168,atr,3.0,1.0,0.5,0.4188047649721337,0.5940246438393205,0.03459529473703693,-0.05823882072204856,124,0.21774193548387097,1.145816648430943,0.0004506162190966543,22.983870967741936,"{'stop': 50, 'breakeven': 47, 'target': 27}"
ema_cross,1.0,168,atr,3.0,1.0,1.0,0.6164038806066666,0.7618453816884283,0.056696462861639096,-0.07441990753555061,114,0.24561403508771928,1.2226281326934223,0.0007661281559028372,28.81578947368421,"{'stop': 55, 'breakeven': 31, 'target': 28}"
ema_cross,1.0,168,atr,3.0,1.5,,0.6264975193846222,0.870149715979463,0.06600502549781306,-0.07585479175099896,96,0.3125,1.201296333975547,0.0010650900348322583,51.510416666666664,"{'stop': 66, 'target': 30}"
ema_cross,1.0,168,atr,3.0,1.5,0.5,0.4266860010682634,0.6125702369800251,0.0420049496623931,-0.06857164636250979,115,0.19130434782608696,1.1639313909402305,0.0005980427272146623,31.36521739130435,"{'breakeven': 49, 'stop': 44, 'target': 22}"
ema_cross,1.0,168,atr,3.0,1.5,1.0,0.20344018246519918,0.16487838451138015,0.015528742008137808,-0.09418300679108116,106,0.2169811320754717,1.067343684496159,0.00028232586487501556,39.27358490566038,"{'stop': 51, 'breakeven': 32, 'target': 23}"
ema_cross,1.0,168,atr,3.0,2.0,,0.28194241113580165,0.24401811778727062,0.027415674576728888,-0.1123509796130353,73,0.2876712328767123,1.1006592152799612,0.0006852515187998141,85.16438356164383,"{'stop': 52, 'target': 21}"
ema_cross,1.0,168,atr,3.0,2.0,0.5,0.4213039381343603,0.4576795128317591,0.043325473017368665,-0.0946633436775548,100,0.18,1.1791152353458847,0.0007143835127041709,42.69,"{'breakeven': 48, 'stop': 34, 'target': 18}"
ema_cross,1.0,168,atr,3.0,2.0,1.0,0.19480058202786177,0.13915035134488082,0.01548857614289556,-0.11130820722477008,86,0.22093023255813954,1.070265101615164,0.00035983143901956584,60.19767441860465,"{'stop': 41, 'breakeven': 26, 'target': 19}"
ema_cross,1.0,168,atr,3.0,3.0,,1.06998568844753,2.050641451626232,0.15953457517186354,-0.07779740092805931,52,0.4230769230769231,1.5294509669815721,0.004437667125264313,164.8846153846154,"{'stop': 30, 'target': 18, 'max_hold': 3, 'data_end': 1}"
ema_cross,1.0,168,atr,3.0,3.0,0.5,0.69090898764724,1.0392333851663251,0.08883750560935377,-0.08548369103359366,79,0.20253164556962025,1.3478987955921746,0.0017285663910144675,71.59493670886076,"{'breakeven': 42, 'stop': 21, 'target': 16}"
ema_cross,1.0,168,atr,3.0,3.0,1.0,0.8174372382363653,1.0388494924992153,0.11256872575542065,-0.10835903234125677,66,0.2727272727272727,1.4105574990866596,0.00256372226919115,106.75757575757575,"{'breakeven': 25, 'stop': 23, 'target': 16, 'max_hold': 1, 'data_end': 1}"
ema_cross,1.0,168,atr,4.0,0.5,,0.7754430108374231,1.4090306311771983,0.08469021665580456,-0.060105305578097123,125,0.272,1.2718939591169451,0.001018486143600997,28.816,"{'stop': 91, 'target': 34}"
ema_cross,1.0,168,atr,4.0,0.5,0.5,0.0014291387040306336,-0.05219067071678469,-0.004005387731083276,-0.07674528179219453,134,0.1791044776119403,1.0013460188497845,3.938594447133501e-06,19.261194029850746,"{'stop': 62, 'breakeven': 48, 'target': 24}"
ema_cross,1.0,168,atr,4.0,0.5,1.0,0.22304519902003625,0.27673727849096363,0.017757567882284775,-0.0641676032196169,134,0.1865671641791045,1.0797675707799934,0.0002469738294384195,20.55223880597015,"{'stop': 70, 'breakeven': 39, 'target': 25}"
ema_cross,1.0,168,atr,4.0,1.0,,1.12199326640914,2.357491966635292,0.15279060628074914,-0.06481065829412691,102,0.27450980392156865,1.4673732301297835,0.0021549511835644705,50.627450980392155,"{'stop': 74, 'target': 28}"
ema_cross,1.0,168,atr,4.0,1.0,0.5,0.5018338404197284,0.8453405296027879,0.05176023191364387,-0.06123003701001439,123,0.16260162601626016,1.209153567187281,0.0006729839216120867,27.178861788617887,"{'breakeven': 53, 'stop': 50, 'target': 20}"
ema_cross,1.0,168,atr,4.0,1.0,1.0,0.774164534713141,1.386071366015289,0.09112766716306075,-0.06574529234020376,113,0.18584070796460178,1.3400609937775654,0.0012184484348577503,34.06194690265487,"{'stop': 55, 'breakeven': 37, 'target': 21}"
ema_cross,1.0,168,atr,4.0,1.5,,0.5056713127617498,0.5579399162495071,0.056398957780296355,-0.10108428548975712,82,0.25609756097560976,1.1848274701962795,0.001109517369132956,74.60975609756098,"{'stop': 61, 'target': 21}"
ema_cross,1.0,168,atr,4.0,1.5,0.5,-0.29724702255546703,-0.4045953942925568,-0.034764183848905006,-0.0859233306639362,108,0.14814814814814814,0.8982780965078672,-0.00040570676293840536,41.94444444444444,"{'breakeven': 50, 'stop': 42, 'target': 16}"
ema_cross,1.0,168,atr,4.0,1.5,1.0,0.09795316245123968,0.05847320395583919,0.004843835673065344,-0.08283855416446073,101,0.16831683168316833,1.0361303302362945,0.00015340475908975307,46.75247524752475,"{'stop': 49, 'breakeven': 35, 'target': 17}"
ema_cross,1.0,168,atr,4.0,2.0,,0.5439322378203427,0.6738768130228479,0.06607283283271759,-0.09804882963153294,69,0.2753623188405797,1.2192690696379933,0.0015368053156092285,102.15942028985508,"{'stop': 50, 'target': 17, 'max_hold': 2}"
ema_cross,1.0,168,atr,4.0,2.0,0.5,-0.0001375427189524985,-0.06932146753456735,-0.006562201905457199,-0.09466334367755469,100,0.15,1.000229822345774,9.83142980073284e-07,50.69,"{'breakeven': 51, 'stop': 34, 'target': 15}"
ema_cross,1.0,168,atr,4.0,2.0,1.0,0.33190521618625135,0.3047760832850563,0.03392407943544673,-0.11130820722476975,85,0.2,1.135496997837074,0.0006955643098180861,68.08235294117647,"{'stop': 40, 'breakeven': 28, 'target': 16, 'max_hold': 1}"
ema_cross,1.0,168,atr,4.0,3.0,,1.0974288831473116,1.750193207527737,0.1787627593932719,-0.10213887165393931,50,0.38,1.5923997658527906,0.0051486162924127355,184.4,"{'stop': 31, 'target': 15, 'max_hold': 3, 'data_end': 1}"
ema_cross,1.0,168,atr,4.0,3.0,0.5,0.6396531487880065,0.7510603347826897,0.0852083799737311,-0.11345077888900246,77,0.15584415584415584,1.3548678021439489,0.0017280501215112048,76.94805194805195,"{'breakeven': 45, 'stop': 20, 'target': 12}"
ema_cross,1.0,168,atr,4.0,3.0,1.0,0.9403901439038327,1.0257318903702934,0.14040454303148153,-0.136882302626659,64,0.234375,1.5475118744959995,0.0032325259493322218,113.203125,"{'breakeven': 28, 'stop': 21, 'target': 13, 'max_hold': 1, 'data_end': 1}"
ema_cross,1.0,168,atr,5.0,0.5,,0.8040298838053875,1.3572883335796864,0.09044763329853067,-0.06663848134610117,119,0.25210084033613445,1.2807249550943811,0.0011395639172751245,38.3109243697479,"{'stop': 89, 'target': 30}"
ema_cross,1.0,168,atr,5.0,0.5,0.5,-0.160083107983378,-0.21057312166053255,-0.017871740678600423,-0.08487189883337376,134,0.16417910447761194,0.9530968509817154,-0.00014887561593081088,23.35820895522388,"{'stop': 62, 'breakeven': 50, 'target': 22}"
ema_cross,1.0,168,atr,5.0,0.5,1.0,0.18501697732467123,0.25385060576843765,0.013868049744434785,-0.05463075300708642,134,0.17164179104477612,1.0623990078054382,0.0002086728250725265,25.029850746268657,"{'stop': 70, 'breakeven': 41, 'target': 23}"
ema_cross,1.0,168,atr,5.0,1.0,,0.5363880135039274,0.9336199066303674,0.06050852074521562,-0.06481065829412713,90,0.23333333333333334,1.2037297267679707,0.001074730156653799,69.72222222222223,"{'stop': 69, 'target': 21}"
ema_cross,1.0,168,atr,5.0,1.0,0.5,-0.09863852852469931,-0.16071741189436348,-0.013954362692288225,-0.08682545673060094,116,0.14655172413793102,0.9674116511588161,-0.00011432423489834371,34.55172413793103,"{'breakeven': 51, 'stop': 48, 'target': 17}"
ema_cross,1.0,168,atr,5.0,1.0,1.0,0.3217010714747753,0.5137444628531491,0.02963837595342933,-0.05769089128246485,108,0.16666666666666666,1.124411723174303,0.0004761147708376714,41.592592592592595,"{'stop': 53, 'breakeven': 37, 'target': 18}"
ema_cross,1.0,168,atr,5.0,1.5,,0.8141998329516582,1.2267462324814087,0.10623696236074665,-0.08660060210321996,78,0.2564102564102564,1.3372370283672164,0.0020545979071234888,87.82051282051282,"{'stop': 58, 'target': 18, 'max_hold': 2}"
ema_cross,1.0,168,atr,5.0,1.5,0.5,0.20914210128162428,0.2190815220744651,0.01791538426548911,-0.08177496712570642,108,0.14814814814814814,1.0833205326633542,0.00033231489416404137,43.879629629629626,"{'breakeven': 50, 'stop': 42, 'target': 16}"
ema_cross,1.0,168,atr,5.0,1.5,1.0,0.5882605418957289,0.8520362199804644,0.06892825703363092,-0.08089827100919644,101,0.16831683168316833,1.252713207492165,0.0010729879428334336,49.227722772277225,"{'stop': 49, 'breakeven': 35, 'target': 17}"
ema_cross,1.0,168,atr,5.0,2.0,,0.3683228732999781,0.3649169879145957,0.04330728155472885,-0.11867707722301046,67,0.23880597014925373,1.1535822512238856,0.001133755812577185,113.41791044776119,"{'stop': 51, 'target': 14, 'max_hold': 2}"
ema_cross,1.0,168,atr,5.0,2.0,0.5,-0.13745093674488215,-0.22512688815720452,-0.02231168205634959,-0.09910714015097788,99,0.12121212121212122,0.9457486958669822,-0.0002307542474717669,53.333333333333336,"{'breakeven': 54, 'stop': 33, 'target': 12}"
ema_cross,1.0,168,atr,5.0,2.0,1.0,0.2135696143679443,0.15271713075563428,0.019486473479556343,-0.12759847820043868,83,0.1566265060240964,1.0934213415371319,0.00047316596387972457,75.51807228915662,"{'stop': 38, 'breakeven': 32, 'target': 12, 'max_hold': 1}"
ema_cross,1.0,168,atr,5.0,3.0,,1.2372410741909055,3.1083625218124347,0.2329638375345513,-0.07494744769947681,48,0.375,1.7724950277330342,0.006825919170861159,202.0,"{'stop': 30, 'target': 13, 'max_hold': 4, 'data_end': 1}"
ema_cross,1.0,168,atr,5.0,3.0,0.5,0.9968310515142867,1.95483738447805,0.1669995349750597,-0.08542886293309215,77,0.15584415584415584,1.6508906667988443,0.0031695512781291972,80.2987012987013,"{'breakeven': 45, 'stop': 20, 'target': 12}"
ema_cross,1.0,168,atr,5.0,3.0,1.0,1.2188255046949947,1.8143966553052646,0.2179946593371631,-0.12014718981086658,64,0.234375,1.813808910786015,0.004804751356918387,116.828125,"{'breakeven': 28, 'stop': 21, 'target': 13, 'max_hold': 1, 'data_end': 1}"
ema_touch,0.5,24,h4_level,,0.5,,0.10553653733637937,0.04311789760768282,0.0056314030522253145,-0.13060476889350703,239,0.32217573221757323,1.022756485689415,7.059118110121253e-05,15.9581589958159,"{'stop': 161, 'target': 68, 'max_hold': 10}"
ema_touch,0.5,24,h4_level,,0.5,0.5,-1.4071448531273778,-0.5639183421673974,-0.13351966192154063,-0.23677126976995144,309,0.21035598705501618,0.7318772186137085,-0.0006544330891601766,10.262135922330097,"{'stop': 131, 'breakeven': 112, 'target': 63, 'max_hold': 3}"
ema_touch,0.5,24,h4_level,,0.5,1.0,-0.5567586238642722,-0.3234058315347058,-0.06385125659977009,-0.19743384433350264,274,0.2518248175182482,0.8825371474065131,-0.00032124771911633466,12.445255474452555,"{'stop': 140, 'target': 66, 'breakeven': 64, 'max_hold': 4}"
ema_touch,0.5,24,h4_level,,1.0,,0.40118468374034505,0.3098961447335987,0.04008049757618792,-0.12933525717347338,207,0.391304347826087,1.0909024737072932,0.0003213216850149758,21.115942028985508,"{'stop': 124, 'target': 72, 'max_hold': 11}"
ema_touch,0.5,24,h4_level,,1.0,0.5,-0.6047086391229453,-0.3094779388358556,-0.06444123582347894,-0.20822562042995252,261,0.2720306513409962,0.8755078318257258,-0.00034379432226530225,13.831417624521073,"{'stop': 101, 'breakeven': 88, 'target': 68, 'max_hold': 4}"
ema_touch,0.5,24,h4_level,,1.0,1.0,-0.22729992449898886,-0.15906766750623716,-0.029665656325728595,-0.1864970851135752,231,0.3246753246753247,0.9506642035275171,-0.00015401450136588314,17.25974025974026,"{'stop': 109, 'target': 70, 'breakeven': 45, 'max_hold': 7}"
ema_touch,0.5,24,h4_level,,1.5,,0.4811428420223345,0.4571709033678642,0.05181332326424637,-0.11333469143060182,190,0.43157894736842106,1.1150925402792693,0.00043846023381714734,24.873684210526317,"{'stop': 104, 'target': 73, 'max_hold': 13}"
ema_touch,0.5,24,h4_level,,1.5,0.5,-0.35527085954526744,-0.20770109407005916,-0.04173093872658162,-0.20091824221448473,228,0.3201754385964912,0.9226689094387613,-0.0002387488030284291,18.04385964912281,"{'stop': 85, 'target': 70, 'breakeven': 66, 'max_hold': 7}"
ema_touch,0.5,24,h4_level,,1.5,1.0,-0.14395462526417582,-0.12894281900783308,-0.02242416545892012,-0.1739078269845945,202,0.3712871287128713,0.9667061046028065,-0.00011979026239943172,21.76732673267327,"{'stop': 97, 'target': 70, 'breakeven': 26, 'max_hold': 9}"
ema_touch,0.5,24,h4_level,,2.0,,0.5939128606903525,0.5264657089914465,0.06775586283695789,-0.12869947971874218,169,0.48520710059171596,1.1519236390133274,0.0006240318414864316,31.153846153846153,"{'stop': 79, 'target': 74, 'max_hold': 16}"
ema_touch,0.5,24,h4_level,,2.0,0.5,-0.1533281762818623,-0.11023084904826612,-0.02185574837735782,-0.19827252140449336,193,0.37823834196891193,0.9622516197046285,-0.00012737158802477957,24.16580310880829,"{'target': 69, 'stop': 64, 'breakeven': 49, 'max_hold': 11}"
ema_touch,0.5,24,h4_level,,2.0,1.0,0.31638525174656307,0.19985473799748107,0.03086277865330289,-0.15442605445607138,177,0.4406779661016949,1.0799033704185994,0.00030040420037648504,27.870056497175142,"{'target': 73, 'stop': 70, 'breakeven': 21, 'max_hold': 13}"
ema_touch,0.5,24,h4_level,,3.0,,0.8960900685388692,1.2303559505713932,0.11800714274394442,-0.0959130101245419,155,0.567741935483871,1.2567965534464036,0.0011224386483676338,38.619354838709675,"{'target': 78, 'stop': 53, 'max_hold': 24}"
ema_touch,0.5,24,h4_level,,3.0,0.5,0.1854089432953418,0.08481152790959588,0.015616264092197074,-0.18412902676205878,169,0.46745562130177515,1.0485139658426816,0.00019477111387728336,32.47337278106509,"{'target': 73, 'stop': 48, 'breakeven': 30, 'max_hold': 18}"
ema_touch,0.5,24,h4_level,,3.0,1.0,0.7300057222364383,0.7071883274523763,0.09072973555218677,-0.12829642689244858,157,0.5414012738853503,1.2062502932251462,0.0008751899276230163,36.68789808917197,"{'target': 77, 'stop': 50, 'max_hold': 20, 'breakeven': 10}"
ema_touch,0.5,24,atr,2.0,0.5,,-0.7203432043125265,-0.4413765795354569,-0.0646414214783918,-0.1464541266471956,273,0.358974358974359,0.8864364343022437,-0.00033417770337645496,11.846153846153847,"{'stop': 174, 'target': 94, 'max_hold': 5}"
ema_touch,0.5,24,atr,2.0,0.5,0.5,-1.7008748149101298,-0.6680785508832608,-0.13951955422352136,-0.20883705073162995,353,0.24645892351274787,0.7436930761243025,-0.0006038441125815384,7.169971671388102,"{'stop': 149, 'breakeven': 117, 'target': 87}"
ema_touch,0.5,24,atr,2.0,0.5,1.0,-1.3215160191580508,-0.6338909287993875,-0.11070019155477462,-0.17463602415709722,310,0.2903225806451613,0.7972856599527711,-0.0005322942812545184,9.070967741935483,"{'stop': 159, 'target': 89, 'breakeven': 61, 'max_hold': 1}"
ema_touch,0.5,24,atr,2.0,1.0,,-0.11344834553165478,-0.11810005017570821,-0.016166546582296437,-0.13688856658607673,210,0.38095238095238093,0.9794981829719902,-7.684444034644926e-05,20.152380952380952,"{'stop': 129, 'target': 74, 'max_hold': 7}"
ema_touch,0.5,24,atr,2.0,1.0,0.5,-0.4378551808448338,-0.3070661023586293,-0.04471375378201248,-0.1456160528256235,275,0.2581818181818182,0.9205796562384192,-0.0002180586913821182,12.607272727272727,"{'stop': 106, 'breakeven': 98, 'target': 69, 'max_hold': 2}"
ema_touch,0.5,24,atr,2.0,1.0,1.0,-0.5191561631553723,-0.382239495696441,-0.052763941955305205,-0.13803895868784888,243,0.3045267489711934,0.9091055258091983,-0.00029538090668656565,16.045267489711936,"{'stop': 121, 'target': 71, 'breakeven': 47, 'max_hold': 4}"
ema_touch,0.5,24,atr,2.0,1.5,,-0.10929185184325738,-0.14237405810550757,-0.018813879421626156,-0.13214401325615066,182,0.36813186813186816,0.9771757006539558,-0.00010026223532727871,27.642857142857142,"{'stop': 110, 'target': 57, 'max_hold': 15}"
ema_touch,0.5,24,atr,2.0,1.5,0.5,-0.47690096726419473,-0.3250574646827502,-0.05535113701449257,-0.1702810826649196,225,0.24,0.9014912354890475,-0.0003311593085593296,19.302222222222223,"{'stop': 89, 'breakeven': 79, 'target': 52, 'max_hold': 5}"
ema_touch,0.5,24,atr,2.0,1.5,1.0,-0.6256223150690404,-0.38426124926867533,-0.07142390816355026,-0.18587330442370653,197,0.28426395939086296,0.8724170271893478,-0.0005042903655785622,23.558375634517766,"{'stop': 102, 'target': 51, 'breakeven': 36, 'max_hold': 8}"
ema_touch,0.5,24,atr,2.0,2.0,,0.25786797298112496,0.24443695614714725,0.026202697367474492,-0.10719613670733519,154,0.38961038961038963,1.0629677290757968,0.000321201765145475,38.16883116883117,"{'stop': 85, 'target': 48, 'max_hold': 21}"
ema_touch,0.5,24,atr,2.0,2.0,0.5,-0.001760168805523931,-0.04795233632673599,-0.007923235059387412,-0.16523147079634126,184,0.24456521739130435,0.9979419143773267,-7.81141145064528e-06,28.32608695652174,"{'breakeven': 68, 'stop': 66, 'target': 39, 'max_hold': 11}"
ema_touch,0.5,24,atr,2.0,2.0,1.0,0.03833021878441312,-0.02314396343027383,-0.003285008676444545,-0.14193803435359464,165,0.30303030303030304,1.0079034607867403,3.5090523721815974e-05,33.551515151515154,"{'stop': 76, 'target': 42, 'breakeven': 33, 'max_hold': 14}"
ema_touch,0.5,24,atr,2.0,3.0,,0.5954489751414129,0.6593045837815562,0.0771494197027427,-0.11701635571868585,127,0.4330708661417323,1.1688333978509686,0.0009623206791105915,56.63779527559055,"{'stop': 55, 'max_hold': 38, 'target': 34}"
ema_touch,0.5,24,atr,2.0,3.0,0.5,0.13883664522095263,0.04966064351772601,0.00978265106648979,-0.19699001812165284,155,0.27741935483870966,1.0383687425008197,0.00017875008129024944,41.15483870967742,"{'breakeven': 51, 'stop': 51, 'target': 31, 'max_hold': 22}"
ema_touch,0.5,24,atr,2.0,3.0,1.0,0.5169663984433305,0.4784192362018952,0.06426905135900696,-0.13433626095227724,137,0.3795620437956204,1.1486405937450672,0.0007610090941792353,50.14598540145985,"{'stop': 52, 'target': 33, 'max_hold': 29, 'breakeven': 23}"
ema_touch,0.5,24,atr,3.0,0.5,,-0.6840459405817022,-0.4585661610785679,-0.06750195190067587,-0.14720220903764092,234,0.29914529914529914,0.8778799842064271,-0.0004050092155836593,16.78205128205128,"{'stop': 162, 'target': 64, 'max_hold': 8}"
ema_touch,0.5,24,atr,3.0,0.5,0.5,-1.6852608798574156,-0.6754117747343713,-0.14827560806876816,-0.2195336439419976,319,0.18181818181818182,0.7139535252453861,-0.0007131657970113586,9.498432601880877,"{'stop': 135, 'breakeven': 126, 'target': 57, 'max_hold': 1}"
ema_touch,0.5,24,atr,3.0,0.5,1.0,-1.3479769990984476,-0.5962626265361842,-0.12112697572454245,-0.20314366578397625,281,0.21708185053380782,0.7672841759097259,-0.0006463105233863488,11.669039145907472,"{'stop': 144, 'breakeven': 76, 'target': 59, 'max_hold': 2}"
ema_touch,0.5,24,atr,3.0,1.0,,-0.06266018411119581,-0.09161302690276207,-0.013450971940170642,-0.1468237912764031,188,0.31382978723404253,0.987107921427968,-5.379320187236633e-05,26.02127659574468,"{'stop': 127, 'target': 49, 'max_hold': 12}"
ema_touch,0.5,24,atr,3.0,1.0,0.5,-0.27965836029627145,-0.22855814434799018,-0.036418067538668275,-0.15933830598143162,252,0.18253968253968253,0.9390577580403973,-0.0001792709865927437,16.33730158730159,"{'breakeven': 107, 'stop': 99, 'target': 43, 'max_hold': 3}"
ema_touch,0.5,24,atr,3.0,1.0,1.0,-0.3234511223011785,-0.24765255199845831,-0.040866239103203306,-0.16501440737609563,222,0.22522522522522523,0.9318497458361049,-0.00023308760428305354,20.14864864864865,"{'stop': 110, 'breakeven': 61, 'target': 44, 'max_hold': 7}"
ema_touch,0.5,24,atr,3.0,1.5,,0.13923980586204804,0.06781927457125841,0.009935904245998106,-0.14650561081360947,167,0.30538922155688625,1.0336977992273817,0.00015870826826617026,33.98203592814371,"{'stop': 109, 'target': 38, 'max_hold': 20}"
ema_touch,0.5,24,atr,3.0,1.5,0.5,0.018138642242277844,-0.03365961317901285,-0.0059803008204937225,-0.1776699211808681,211,0.1848341232227488,1.0030540822384817,1.0345953160511885e-05,23.473933649289098,"{'breakeven': 87, 'stop': 82, 'target': 35, 'max_hold': 7}"
ema_touch,0.5,24,atr,3.0,1.5,1.0,-0.025523271755609624,-0.0845773229701168,-0.012209392550614817,-0.1443577559782625,186,0.23118279569892472,0.9910177199810212,-3.610299314915521e-05,27.989247311827956,"{'stop': 96, 'breakeven': 44, 'target': 36, 'max_hold': 10}"
ema_touch,0.5,24,atr,3.0,2.0,,0.15214869148911148,0.07856925667881458,0.011603219835942147,-0.14768142561632303,143,0.3356643356643357,1.0380968819039589,0.00020759271287908756,45.27972027972028,"{'stop': 85, 'target': 32, 'max_hold': 26}"
ema_touch,0.5,24,atr,3.0,2.0,0.5,-0.09846292802596097,-0.11151609357007276,-0.01907480021122565,-0.17104975255647492,177,0.21468926553672316,0.9734583823474109,-0.00010095836926690777,32.78531073446328,"{'breakeven': 71, 'stop': 63, 'target': 25, 'max_hold': 18}"
ema_touch,0.5,24,atr,3.0,2.0,1.0,-0.054014674298896746,-0.08645205489904209,-0.01415007657197187,-0.16367542204168772,157,0.2611464968152866,0.9853734182220577,-6.50701734365977e-05,38.71337579617835,"{'stop': 71, 'breakeven': 39, 'target': 27, 'max_hold': 20}"
ema_touch,0.5,24,atr,3.0,3.0,,0.6154880588380509,0.7885049450358514,0.08320113091818238,-0.10551757657575556,122,0.4262295081967213,1.1875461983161313,0.0010761141903903738,63.795081967213115,"{'stop': 55, 'max_hold': 50, 'target': 17}"
ema_touch,0.5,24,atr,3.0,3.0,0.5,-0.15408238399727064,-0.19338717509327025,-0.029311675759146283,-0.15156990501055367,153,0.2549019607843137,0.9568283886696017,-0.00019983222368118723,46.37908496732026,"{'breakeven': 55, 'stop': 50, 'max_hold': 32, 'target': 16}"
ema_touch,0.5,24,atr,3.0,3.0,1.0,0.33620382453940756,0.32521184444395335,0.03736221350503022,-0.11488577105459385,133,0.3609022556390977,1.096246935738987,0.0005010147834612481,56.443609022556394,"{'stop': 52, 'max_hold': 40, 'breakeven': 24, 'target': 17}"
ema_touch,0.5,24,atr,4.0,0.5,,-0.30836274298265615,-0.2585613535466946,-0.03831335654864798,-0.14817897579472883,224,0.26339285714285715,0.9390804012523909,-0.00021380960082581702,18.857142857142858,"{'stop': 164, 'target': 51, 'max_hold': 9}"
ema_touch,0.5,24,atr,4.0,0.5,0.5,-1.0650008035367717,-0.5998683135387732,-0.1134809814505594,-0.18917648905491724,304,0.1513157894736842,0.784949836878365,-0.0005508008461228752,11.296052631578947,"{'stop': 130, 'breakeven': 128, 'target': 45, 'max_hold': 1}"
ema_touch,0.5,24,atr,4.0,0.5,1.0,-0.8131743780613742,-0.47340931776940476,-0.08792903056172252,-0.18573574127358494,269,0.1821561338289963,0.8373270769394001,-0.00046752793404786496,13.524163568773234,"{'stop': 140, 'breakeven': 80, 'target': 47, 'max_hold': 2}"
ema_touch,0.5,24,atr,4.0,1.0,,0.34426165675131243,0.24226867213559888,0.03513546945274504,-0.14502687922060165,177,0.2994350282485876,1.082136806074314,0.00034258744092881965,30.451977401129945,"{'stop': 121, 'target': 38, 'max_hold': 18}"
ema_touch,0.5,24,atr,4.0,1.0,0.5,-0.0008660741330182048,-0.04097820182450436,-0.00637664524527215,-0.15561066521613476,242,0.16942148760330578,1.000076395986702,2.2176145176543365e-07,19.09090909090909,"{'breakeven': 108, 'stop': 93, 'target': 34, 'max_hold': 7}"
ema_touch,0.5,24,atr,4.0,1.0,1.0,0.13492747815821196,0.060732718950387427,0.009028378130227388,-0.14865756525082752,212,0.21226415094339623,1.0320019760436612,0.00010716704973365304,22.97641509433962,"{'stop': 103, 'breakeven': 63, 'target': 36, 'max_hold': 10}"
ema_touch,0.5,24,atr,4.0,1.5,,0.013623829878420866,-0.05349931734195024,-0.006346025069024819,-0.11861880458143215,164,0.2926829268292683,1.0028022429516308,1.3344998700681258e-05,37.25,"{'stop': 109, 'target': 29, 'max_hold': 26}"
ema_touch,0.5,24,atr,4.0,1.5,0.5,-0.21652989320332763,-0.20468458198855327,-0.03372728741032616,-0.1647768829613767,208,0.17307692307692307,0.9446848976091711,-0.00019002514945617972,26.01923076923077,"{'breakeven': 88, 'stop': 81, 'target': 24, 'max_hold': 15}"
ema_touch,0.5,24,atr,4.0,1.5,1.0,-0.30468519238567604,-0.2615943379118266,-0.04395794140059017,-0.16803858123032733,183,0.21311475409836064,0.9267817847488878,-0.00030002905912508904,30.57377049180328,"{'stop': 95, 'breakeven': 46, 'target': 26, 'max_hold': 16}"
ema_touch,0.5,24,atr,4.0,2.0,,0.3515193673715696,0.2990751471024114,0.04031215709084446,-0.13478939150045954,139,0.3381294964028777,1.096035016374375,0.0005148882023560461,50.62589928057554,"{'stop': 82, 'max_hold': 37, 'target': 20}"
ema_touch,0.5,24,atr,4.0,2.0,0.5,-0.046914968652071044,-0.1054318095213919,-0.013445026343996025,-0.1275234334403419,174,0.20114942528735633,0.9865916312394499,-5.0685275202453884e-05,36.05172413793103,"{'breakeven': 73, 'stop': 61, 'max_hold': 23, 'target': 17}"
ema_touch,0.5,24,atr,4.0,2.0,1.0,0.021881306825437867,-0.04175296228059245,-0.005104731210930469,-0.1222603363235677,154,0.24675324675324675,1.0057078581865289,2.531207127353826e-05,42.422077922077925,"{'stop': 69, 'breakeven': 41, 'max_hold': 26, 'target': 18}"
ema_touch,0.5,24,atr,4.0,3.0,,0.3928161490662139,0.34169097545372623,0.047373123068851664,-0.13864317898927714,122,0.4098360655737705,1.1146504644095272,0.0006698732709453484,66.6639344262295,"{'max_hold': 56, 'stop': 56, 'target': 10}"
ema_touch,0.5,24,atr,4.0,3.0,0.5,-0.12328649817685457,-0.14298734339676042,-0.026395602476003588,-0.18460097130947617,153,0.24183006535947713,0.9645293671141494,-0.0001652864053275612,47.98692810457516,"{'breakeven': 57, 'stop': 50, 'max_hold': 35, 'target': 11}"
ema_touch,0.5,24,atr,4.0,3.0,1.0,0.2734531164729261,0.19669623820671683,0.028823816160862048,-0.14653974282197413,133,0.3458646616541353,1.0790407142687004,0.00041426829295384496,58.54135338345865,"{'stop': 52, 'max_hold': 44, 'breakeven': 26, 'target': 11}"
ema_touch,0.5,24,atr,5.0,0.5,,-0.5281527767883472,-0.34079941479014925,-0.05934755013422832,-0.17414217149044164,213,0.2300469483568075,0.8984259020735048,-0.00037481673694057067,22.220657276995304,"{'stop': 162, 'target': 37, 'max_hold': 14}"
ema_touch,0.5,24,atr,5.0,0.5,0.5,-1.2359073392011146,-0.5998268032059463,-0.12583681826304882,-0.2097885882899495,294,0.12585034013605442,0.7558071549529416,-0.000639082837036968,13.238095238095237,"{'breakeven': 131, 'stop': 126, 'target': 34, 'max_hold': 3}"
ema_touch,0.5,24,atr,5.0,0.5,1.0,-0.7440557945401557,-0.41761011916089547,-0.08053082288159874,-0.19283733603823927,260,0.1576923076923077,0.8519721676568721,-0.0004366730551283766,15.923076923076923,"{'stop': 136, 'breakeven': 83, 'target': 36, 'max_hold': 5}"
ema_touch,0.5,24,atr,5.0,1.0,,0.4689435464090743,0.4231425482958141,0.05449985586052697,-0.1287978627533971,174,0.27586206896551724,1.1199456995484027,0.0005147507507194579,32.60919540229885,"{'stop': 123, 'target': 32, 'max_hold': 19}"
ema_touch,0.5,24,atr,5.0,1.0,0.5,-0.13913573387302,-0.15581357973380788,-0.024304217613720147,-0.15598266630701574,236,0.1440677966101695,0.9643304215509795,-0.00010639487144971108,20.39406779661017,"{'breakeven': 111, 'stop': 91, 'target': 25, 'max_hold': 9}"
ema_touch,0.5,24,atr,5.0,1.0,1.0,-0.007148473820286715,-0.05441474549722967,-0.008450858104481762,-0.15530455995447057,207,0.18357487922705315,0.9980880286283075,-6.590838641375538e-06,24.71014492753623,"{'stop': 101, 'breakeven': 67, 'target': 27, 'max_hold': 12}"
ema_touch,0.5,24,atr,5.0,1.5,,0.2030007722633249,0.16316830690216927,0.01836232858079212,-0.11253612254370948,159,0.29559748427672955,1.0518966098268088,0.00024593765572524553,41.0314465408805,"{'stop': 105, 'max_hold': 34, 'target': 20}"
ema_touch,0.5,24,atr,5.0,1.5,0.5,-0.23697264371588186,-0.2566697379662414,-0.036764388340875476,-0.1432361626741947,204,0.16176470588235295,0.9381208884944884,-0.00021216945754205183,27.823529411764707,"{'breakeven': 89, 'stop': 79, 'max_hold': 18, 'target': 18}"
ema_touch,0.5,24,atr,5.0,1.5,1.0,-0.24818655075460655,-0.30642547159524774,-0.038275672255345006,-0.12491021733957774,179,0.2011173184357542,0.9380712228776068,-0.0002530622835238968,33.08379888268156,"{'stop': 92, 'breakeven': 48, 'max_hold': 20, 'target': 19}"
ema_touch,0.5,24,atr,5.0,2.0,,0.2914113050379277,0.26807877856828016,0.03133924912652031,-0.11690313307861533,139,0.33093525179856115,1.0784707878300417,0.000423465883033411,52.73381294964029,"{'stop': 83, 'max_hold': 41, 'target': 15}"
ema_touch,0.5,24,atr,5.0,2.0,0.5,-0.046528905365007825,-0.10030428188769445,-0.013770605972636463,-0.13728831624610704,174,0.19540229885057472,0.9865798531488331,-5.091168264619331e-05,37.327586206896555,"{'breakeven': 74, 'stop': 61, 'max_hold': 25, 'target': 14}"
ema_touch,0.5,24,atr,5.0,2.0,1.0,0.05576888500358331,-0.009296611559852124,-0.0010245922156503218,-0.11021136131739373,154,0.24025974025974026,1.0153823539749347,6.845015000742011e-05,44.01948051948052,"{'stop': 69, 'breakeven': 42, 'max_hold': 29, 'target': 14}"
ema_touch,0.5,24,atr,5.0,3.0,,0.6252002912832019,0.6337371225321891,0.08786332931137975,-0.13864317898927714,121,0.4132231404958678,1.1962098281512275,0.001148857898951716,67.79338842975207,"{'max_hold': 59, 'stop': 56, 'target': 6}"
ema_touch,0.5,24,atr,5.0,3.0,0.5,0.10050809620016743,0.023728812776094933,0.004191942397682169,-0.17666043544771226,151,0.24503311258278146,1.0297436910583004,0.00013757157024735814,49.397350993377486,"{'breakeven': 56, 'stop': 49, 'max_hold': 39, 'target': 7}"
ema_touch,0.5,24,atr,5.0,3.0,1.0,0.47962726488413465,0.43787244521890467,0.06073751904408109,-0.1387105302178051,131,0.3511450381679389,1.1473769612890232,0.0007678670351020808,60.343511450381676,"{'stop': 51, 'max_hold': 49, 'breakeven': 25, 'target': 6}"
ema_touch,0.5,48,h4_level,,0.5,,0.2808757863048017,0.18250213435265902,0.025649192173650803,-0.14054187511082716,228,0.31140350877192985,1.0635800457653526,0.00020189404613191916,17.333333333333332,"{'stop': 155, 'target': 70, 'max_hold': 3}"
ema_touch,0.5,48,h4_level,,0.5,0.5,-1.1584973469957107,-0.5358882953921225,-0.11195721268814429,-0.20891893637315306,303,0.21122112211221122,0.775862596631445,-0.000547875983707231,10.884488448844884,"{'stop': 129, 'breakeven': 109, 'target': 63, 'max_hold': 2}"
ema_touch,0.5,48,h4_level,,0.5,1.0,-0.30307110954575395,-0.2256707535302207,-0.037945629822157545,-0.1681459791690555,267,0.250936329588015,0.9350663041738274,-0.00017894437178889795,13.314606741573034,"{'stop': 138, 'target': 66, 'breakeven': 61, 'max_hold': 2}"
ema_touch,0.5,48,h4_level,,1.0,,0.5266278659902034,0.46199762857928034,0.05587908246344253,-0.12095101577746192,197,0.38071065989847713,1.1242461766441867,0.00045115089434163714,22.888324873096447,"{'stop': 120, 'target': 74, 'max_hold': 3}"
ema_touch,0.5,48,h4_level,,1.0,0.5,-0.3640143483561312,-0.22773099771223515,-0.041738250984358904,-0.1832787429188717,255,0.27058823529411763,0.9237466659851393,-0.00021291654761879328,14.745098039215685,"{'stop': 100, 'breakeven': 85, 'target': 68, 'max_hold': 2}"
ema_touch,0.5,48,h4_level,,1.0,1.0,-0.035896397869803996,-0.06008700303494271,-0.009575472084541792,-0.15936012117251575,223,0.3183856502242152,0.9926948829474956,-2.336770291744167e-05,18.60089686098655,"{'stop': 106, 'target': 71, 'breakeven': 44, 'max_hold': 2}"
ema_touch,0.5,48,h4_level,,1.5,,0.5477974421833463,0.4988635457153278,0.05956802180814624,-0.11940744582314744,177,0.4293785310734463,1.1342682134556525,0.000531090054641285,27.401129943502823,"{'stop': 98, 'target': 74, 'max_hold': 5}"
ema_touch,0.5,48,h4_level,,1.5,0.5,-0.15162323319357773,-0.11358107720082743,-0.020903584933626096,-0.18404108720210144,216,0.3287037037037037,0.9667067258490263,-0.00010543259709530041,19.930555555555557,"{'stop': 81, 'target': 70, 'breakeven': 63, 'max_hold': 2}"
ema_touch,0.5,48,h4_level,,1.5,1.0,0.05450865510084637,-0.0005473428684421483,-8.380621696491009e-05,-0.15311465956145554,190,0.3736842105263158,1.0127968738668716,4.6752000672269954e-05,24.01578947368421,"{'stop': 91, 'target': 71, 'breakeven': 26, 'max_hold': 2}"
ema_touch,0.5,48,h4_level,,2.0,,0.6590105837393637,0.5560401867573341,0.07549223917562098,-0.13576759553274365,156,0.48717948717948717,1.1730107901105997,0.0007435106884323677,34.532051282051285,"{'stop': 76, 'target': 75, 'max_hold': 5}"
ema_touch,0.5,48,h4_level,,2.0,0.5,0.02271479228904449,-0.01722600031764331,-0.0031457167684986187,-0.18261446130804349,183,0.3770491803278688,1.0052672640462168,1.819354138887334e-05,26.2896174863388,"{'target': 70, 'stop': 62, 'breakeven': 49, 'max_hold': 2}"
ema_touch,0.5,48,h4_level,,2.0,1.0,0.5220439568913896,0.41650208731356114,0.055259988536432214,-0.13267637838950386,164,0.4451219512195122,1.1386838092132203,0.000532754102260374,31.323170731707318,"{'target': 74, 'stop': 67, 'breakeven': 21, 'max_hold': 2}"
ema_touch,0.5,48,h4_level,,3.0,,0.9107007440922728,1.1975490770244221,0.11983587701632037,-0.1000676125224691,136,0.5808823529411765,1.2724475044234715,0.0012965405406216177,45.31617647058823,"{'target': 80, 'stop': 51, 'max_hold': 5}"
ema_touch,0.5,48,h4_level,,3.0,0.5,0.4050203361492315,0.2795603188176412,0.04418886042350767,-0.15806556742529798,152,0.48026315789473684,1.1164052638024402,0.0004824184025134731,37.49342105263158,"{'target': 74, 'stop': 45, 'breakeven': 31, 'max_hold': 2}"
ema_touch,0.5,48,h4_level,,3.0,1.0,0.9817514467560039,1.384432823949033,0.12812260619674554,-0.09254519539003814,138,0.5652173913043478,1.3030572908579927,0.001351887487540807,43.992753623188406,"{'target': 78, 'stop': 47, 'breakeven': 10, 'max_hold': 3}"
ema_touch,0.5,48,atr,2.0,0.5,,-0.5585519475159811,-0.3739011141950792,-0.05221015526575945,-0.13963626553548947,271,0.36162361623616235,0.9111410463763903,-0.0002649511587031861,12.132841328413285,"{'stop': 173, 'target': 97, 'max_hold': 1}"
ema_touch,0.5,48,atr,2.0,0.5,0.5,-1.7008748149101298,-0.6680785508832608,-0.13951955422352136,-0.20883705073162995,353,0.24645892351274787,0.7436930761243025,-0.0006038441125815384,7.169971671388102,"{'stop': 149, 'breakeven': 117, 'target': 87}"
ema_touch,0.5,48,atr,2.0,0.5,1.0,-1.194780737402385,-0.5978254693282835,-0.10221914534160348,-0.1709849288563381,309,0.2912621359223301,0.8142497537238373,-0.0004889880487057749,9.11326860841424,"{'stop': 159, 'target': 90, 'breakeven': 60}"
ema_touch,0.5,48,atr,2.0,1.0,,-0.07908306430486403,-0.09603935617189527,-0.013146689802220446,-0.13688856658607695,210,0.37142857142857144,0.9860330031142985,-5.394011159863599e-05,20.428571428571427,"{'stop': 132, 'target': 78}"
ema_touch,0.5,48,atr,2.0,1.0,0.5,-0.3066389641163535,-0.2290231767317041,-0.03334945100125586,-0.14561605282562318,274,0.2591240875912409,0.9435001753305424,-0.00015557707626573492,12.678832116788321,"{'stop': 106, 'breakeven': 97, 'target': 71}"
ema_touch,0.5,48,atr,2.0,1.0,1.0,-0.4328681407641122,-0.3300659886379532,-0.045561965369858126,-0.138038958687848,240,0.30416666666666664,0.9236045366152754,-0.00025247123818274565,16.491666666666667,"{'stop': 121, 'target': 73, 'breakeven': 46}"
ema_touch,0.5,48,atr,2.0,1.5,,0.3944808853668803,0.34214002249754355,0.04078591451528624,-0.11920825344418473,169,0.3668639053254438,1.0874707724939603,0.0004038195266837418,32.532544378698226,"{'stop': 106, 'target': 61, 'max_hold': 2}"
ema_touch,0.5,48,atr,2.0,1.5,0.5,-0.21263079176334304,-0.1693289405759892,-0.02883351532778322,-0.17028108266491926,216,0.24537037037037038,0.9536872630361609,-0.00015776029958903273,20.962962962962962,"{'stop': 85, 'breakeven': 78, 'target': 52, 'max_hold': 1}"
ema_touch,0.5,48,atr,2.0,1.5,1.0,-0.35176559374608163,-0.2766070589507057,-0.04431026609888167,-0.16019210162954745,185,0.2864864864864865,0.9234679660411166,-0.00030990680879086846,26.36756756756757,"{'stop': 96, 'target': 52, 'breakeven': 35, 'max_hold': 2}"
ema_touch,0.5,48,atr,2.0,2.0,,0.5638870054061329,0.8142708417341683,0.0712601957124177,-0.08751411945520915,134,0.3805970149253731,1.1498244817393706,0.0008427788927976007,49.8134328358209,"{'stop': 80, 'target': 45, 'max_hold': 9}"
ema_touch,0.5,48,atr,2.0,2.0,0.5,0.17842223444290728,0.08995241401015133,0.014760405825852807,-0.16409126968162369,169,0.23668639053254437,1.047584837216586,0.00018823209205483244,32.65680473372781,"{'breakeven': 66, 'stop': 62, 'target': 38, 'max_hold': 3}"
ema_touch,0.5,48,atr,2.0,2.0,1.0,0.09657140614960553,0.026502324530716204,0.004319881271654946,-0.16300008954490774,146,0.2808219178082192,1.024656793996586,0.0001151365160888886,40.54109589041096,"{'stop': 70, 'target': 38, 'breakeven': 34, 'max_hold': 4}"
ema_touch,0.5,48,atr,2.0,3.0,,0.6532813903160296,0.7963015861703014,0.08885529734081699,-0.11158498097203828,103,0.4368932038834951,1.1974343489704082,0.0013477939131783777,76.80582524271844,"{'stop': 56, 'target': 33, 'max_hold': 14}"
ema_touch,0.5,48,atr,2.0,3.0,0.5,0.4012309075876877,0.28197554571565886,0.0479178636255837,-0.16993623863362806,133,0.2706766917293233,1.1246360138031932,0.0006146979803125758,50.56390977443609,"{'breakeven': 50, 'stop': 47, 'target': 29, 'max_hold': 7}"
ema_touch,0.5,48,atr,2.0,3.0,1.0,0.72794993349595,0.8668013489115906,0.09808790156472535,-0.11316076248368856,112,0.3482142857142857,1.234095898563664,0.0013416128295350403,66.8125,"{'stop': 48, 'target': 31, 'breakeven': 25, 'max_hold': 8}"
ema_touch,0.5,48,atr,3.0,0.5,,-0.5739575786360761,-0.42274507737722783,-0.05889291206907055,-0.13931069862350798,232,0.2974137931034483,0.8975217567705781,-0.0003495389295171025,17.288793103448278,"{'stop': 163, 'target': 68, 'max_hold': 1}"
ema_touch,0.5,48,atr,3.0,0.5,0.5,-1.651787575543713,-0.6663442576354378,-0.14628498299853254,-0.21953364394199704,319,0.18181818181818182,0.7182588110655935,-0.0007024319377810925,9.507836990595612,"{'stop': 135, 'breakeven': 126, 'target': 58}"
ema_touch,0.5,48,atr,3.0,0.5,1.0,-1.199965277463899,-0.5761671685048545,-0.11067170203747034,-0.19208262477825977,280,0.21785714285714286,0.7893482079078341,-0.0005866972708510459,11.735714285714286,"{'stop': 144, 'breakeven': 75, 'target': 61}"
ema_touch,0.5,48,atr,3.0,1.0,,-0.17452386090923624,-0.16211506934739534,-0.026397234369681555,-0.1628302321057834,182,0.2857142857142857,0.9641857516400687,-0.00015852449081423211,28.016483516483518,"{'stop': 130, 'target': 51, 'max_hold': 1}"
ema_touch,0.5,48,atr,3.0,1.0,0.5,-0.14373675115083936,-0.1370092621281386,-0.02183082373126355,-0.15933830598143184,247,0.18218623481781376,0.9681786054137306,-9.39092489062394e-05,16.995951417004047,"{'breakeven': 104, 'stop': 98, 'target': 44, 'max_hold': 1}"
ema_touch,0.5,48,atr,3.0,1.0,1.0,-0.3309965926533758,-0.23662217528866275,-0.04111950891575322,-0.1737770725232758,215,0.21395348837209302,0.9310391282133162,-0.00024175030910515228,21.50232558139535,"{'stop': 109, 'breakeven': 60, 'target': 45, 'max_hold': 1}"
ema_touch,0.5,48,atr,3.0,1.5,,0.46772179123342394,0.4335262260788379,0.058637706088632946,-0.13525757511604275,147,0.29931972789115646,1.1295209409377593,0.0006511321186847496,43.265306122448976,"{'stop': 101, 'target': 37, 'max_hold': 9}"
ema_touch,0.5,48,atr,3.0,1.5,0.5,0.1346127537599251,0.05345556339040339,0.009279787616301327,-0.1735981631795369,194,0.18556701030927836,1.0359296383477417,0.0001258081111189723,27.25257731958763,"{'breakeven': 82, 'stop': 76, 'target': 32, 'max_hold': 4}"
ema_touch,0.5,48,atr,3.0,1.5,1.0,0.07945178548666065,0.013289743347294245,0.001943855801110228,-0.1462673695279444,168,0.22023809523809523,1.0201242928574676,8.313283646875246e-05,33.041666666666664,"{'stop': 86, 'breakeven': 44, 'target': 33, 'max_hold': 5}"
ema_touch,0.5,48,atr,3.0,2.0,,0.412284400633506,0.3815643724832556,0.049602509849609344,-0.12999774986011325,122,0.3442622950819672,1.115667897821869,0.0006887448643137185,58.49180327868852,"{'stop': 78, 'target': 30, 'max_hold': 14}"
ema_touch,0.5,48,atr,3.0,2.0,0.5,0.21042645268840307,0.1365700855939478,0.019573769119780815,-0.14332398661576473,161,0.19875776397515527,1.0629482420061833,0.0002512780951312393,38.80124223602485,"{'breakeven': 69, 'stop': 60, 'target': 26, 'max_hold': 6}"
ema_touch,0.5,48,atr,3.0,2.0,1.0,0.11428174795728965,0.041811004687974745,0.00651776203746568,-0.15588628128183324,140,0.22857142857142856,1.0328620120509053,0.00015256156139800014,46.385714285714286,"{'stop': 66, 'breakeven': 42, 'target': 26, 'max_hold': 6}"
ema_touch,0.5,48,atr,3.0,3.0,,0.4761874574972814,0.5969871396131778,0.06735063377966655,-0.11281756223979444,97,0.4020618556701031,1.1563598262493613,0.0011569140077752147,90.21649484536083,"{'stop': 56, 'max_hold': 23, 'target': 18}"
ema_touch,0.5,48,atr,3.0,3.0,0.5,0.2572991895980813,0.22392775787291205,0.02858974743704623,-0.1276739771282489,134,0.21641791044776118,1.0872863126421983,0.0004313091969956404,57.82089552238806,"{'breakeven': 59, 'stop': 46, 'target': 17, 'max_hold': 12}"
ema_touch,0.5,48,atr,3.0,3.0,1.0,0.6023488767067542,0.983478179905038,0.08846057548113251,-0.08994665798246182,110,0.2909090909090909,1.2163291459065235,0.001282526886864398,76.17272727272727,"{'stop': 48, 'breakeven': 30, 'target': 19, 'max_hold': 13}"
ema_touch,0.5,48,atr,4.0,0.5,,-0.22366645222523535,-0.21374864911247715,-0.030396822936830548,-0.1422082575166843,217,0.2488479262672811,0.9550572326842183,-0.00016373398403629938,19.889400921658986,"{'stop': 163, 'target': 52, 'max_hold': 2}"
ema_touch,0.5,48,atr,4.0,0.5,0.5,-1.0660647369788907,-0.6003278165348647,-0.11356790861407007,-0.18917648905491702,303,0.1485148514851485,0.7848771815774042,-0.000552805374465874,11.363036303630363,"{'stop': 130, 'breakeven': 128, 'target': 45}"
ema_touch,0.5,48,atr,4.0,0.5,1.0,-0.7806950666266539,-0.45737450969158683,-0.08495079359720914,-0.1857357412735845,264,0.17803030303030304,0.8419087614784994,-0.00045822177530242586,13.981060606060606,"{'stop': 139, 'breakeven': 78, 'target': 46, 'max_hold': 1}"
ema_touch,0.5,48,atr,4.0,1.0,,0.6995103395044696,0.6710418902840072,0.08786051309492127,-0.1309314878356339,165,0.28484848484848485,1.1847476058426227,0.0008196155416714424,34.93939393939394,"{'stop': 118, 'target': 43, 'max_hold': 4}"
ema_touch,0.5,48,atr,4.0,1.0,0.5,0.3471251915359106,0.24941732444188847,0.03585957948061402,-0.14377341093228235,230,0.16521739130434782,1.0922438755474435,0.00027004509457788524,21.482608695652175,"{'breakeven': 103, 'stop': 89, 'target': 35, 'max_hold': 3}"
ema_touch,0.5,48,atr,4.0,1.0,1.0,0.3866351516453496,0.28854634894046644,0.04108786851420332,-0.14239607835994716,200,0.195,1.101393988155271,0.0003495042321554392,25.795,"{'stop': 98, 'breakeven': 63, 'target': 37, 'max_hold': 2}"
ema_touch,0.5,48,atr,4.0,1.5,,0.4315366275552095,0.4810534749633554,0.05235131832583839,-0.10882640091068108,141,0.28368794326241137,1.1190973374736848,0.000626003558519096,48.638297872340424,"{'stop': 100, 'target': 29, 'max_hold': 12}"
ema_touch,0.5,48,atr,4.0,1.5,0.5,0.023172493167696376,-0.03138281246448066,-0.005207909655325471,-0.16594783087780385,186,0.16666666666666666,1.0058579491816986,2.1169327212945714e-05,32.17741935483871,"{'breakeven': 81, 'stop': 74, 'target': 25, 'max_hold': 6}"
ema_touch,0.5,48,atr,4.0,1.5,1.0,-0.05501567944201783,-0.08619310259506938,-0.014637982304950947,-0.16982776886126738,165,0.19393939393939394,0.9856735738990581,-6.034128175833118e-05,36.86666666666667,"{'stop': 86, 'breakeven': 47, 'target': 26, 'max_hold': 6}"
ema_touch,0.5,48,atr,4.0,2.0,,0.5697645994215872,0.7914018587591063,0.07863104209635385,-0.09935665582040065,115,0.33043478260869563,1.18261754660663,0.001090056143032405,68.99130434782609,"{'stop': 75, 'max_hold': 21, 'target': 19}"
ema_touch,0.5,48,atr,4.0,2.0,0.5,0.3109198925066718,0.30837075418620313,0.03641644953012024,-0.11809307152432147,161,0.17391304347826086,1.1054697684401518,0.0004175214331924161,42.69565217391305,"{'breakeven': 74, 'stop': 59, 'target': 19, 'max_hold': 9}"
ema_touch,0.5,48,atr,4.0,2.0,1.0,0.2405220964342218,0.20470256341142865,0.025249356559109426,-0.1233465577485765,138,0.2028985507246377,1.0798260596930946,0.000369790242891645,51.51449275362319,"{'stop': 65, 'breakeven': 45, 'target': 19, 'max_hold': 9}"
ema_touch,0.5,48,atr,4.0,3.0,,0.4323340240531044,0.4105065278172791,0.05941170420256969,-0.14472779402186386,95,0.3894736842105263,1.141322652433876,0.0010773787497452732,95.89473684210526,"{'stop': 56, 'max_hold': 27, 'target': 12}"
ema_touch,0.5,48,atr,4.0,3.0,0.5,0.4844636768493984,0.46937676279833723,0.07156217130740372,-0.15246210928884363,132,0.20454545454545456,1.1833316128386124,0.0009163019464540488,60.878787878787875,"{'breakeven': 60, 'stop': 45, 'max_hold': 14, 'target': 13}"
ema_touch,0.5,48,atr,4.0,3.0,1.0,0.7562837852873463,1.1798105202293498,0.1246932065234212,-0.10568918007205208,108,0.28703703703703703,1.2958652577120466,0.0017735314992676234,81.30555555555556,"{'stop': 47, 'breakeven': 30, 'max_hold': 16, 'target': 15}"
ema_touch,0.5,48,atr,5.0,0.5,,-0.02521761525666294,-0.05514404524621979,-0.009852352767587336,-0.17866576025745462,203,0.21674876847290642,0.9961596737034212,-1.4767906822000316e-05,24.88177339901478,"{'stop': 159, 'target': 41, 'max_hold': 3}"
ema_touch,0.5,48,atr,5.0,0.5,0.5,-0.8123580398920837,-0.5056044058146067,-0.09570582161540542,-0.18928992808361422,293,0.12286689419795221,0.8221067339468282,-0.0004671576212996007,13.679180887372013,"{'breakeven': 131, 'stop': 126, 'target': 36}"
ema_touch,0.5,48,atr,5.0,0.5,1.0,-0.2907568068481827,-0.22847017056066543,-0.03966805558886288,-0.17362465958473938,255,0.1568627450980392,0.9356309668483576,-0.00019064334198074176,17.07450980392157,"{'stop': 135, 'breakeven': 80, 'target': 38, 'max_hold': 2}"
ema_touch,0.5,48,atr,5.0,1.0,,0.7770094052184122,0.9896370028302528,0.10258411466838746,-0.10365832560323451,155,0.2645161290322581,1.2198415045264894,0.0010052782392629186,39.94838709677419,"{'stop': 114, 'target': 33, 'max_hold': 8}"
ema_touch,0.5,48,atr,5.0,1.0,0.5,0.09336301960994003,0.02794304465358451,0.004012196739333174,-0.14358480935321027,222,0.13963963963963963,1.0254243302200474,7.696847208132802e-05,23.09009009009009,"{'breakeven': 104, 'stop': 87, 'target': 27, 'max_hold': 4}"
ema_touch,0.5,48,atr,5.0,1.0,1.0,0.2728749228250225,0.21067967832406398,0.02678309034711268,-0.12712707063239093,195,0.16923076923076924,1.073297714375762,0.00025843481077829876,27.671794871794873,"{'stop': 97, 'breakeven': 65, 'target': 29, 'max_hold': 4}"
ema_touch,0.5,48,atr,5.0,1.5,,0.7435018840805357,1.322003267458461,0.10317987723229516,-0.07804812572865838,127,0.2992125984251969,1.237187452133826,0.0012351029592541417,57.99212598425197,"{'stop': 88, 'target': 21, 'max_hold': 18}"
ema_touch,0.5,48,atr,5.0,1.5,0.5,0.2623707414022057,0.23258313338319403,0.0273893737365547,-0.11776165080478618,180,0.16111111111111112,1.0801938511246238,0.00029077733391429485,35.53333333333333,"{'breakeven': 80, 'stop': 71, 'target': 21, 'max_hold': 8}"
ema_touch,0.5,48,atr,5.0,1.5,1.0,0.234222931106533,0.2272822954011227,0.02322099155599111,-0.10216806159498337,158,0.189873417721519,1.0692338394265268,0.0002929305602185083,41.55696202531646,"{'stop': 81, 'breakeven': 47, 'target': 21, 'max_hold': 9}"
ema_touch,0.5,48,atr,5.0,2.0,,0.6720091736552627,1.0307687144278745,0.09549746534992987,-0.09264684115188293,112,0.33035714285714285,1.2201450959316138,0.0013288107128716484,73.69642857142857,"{'stop': 73, 'max_hold': 25, 'target': 14}"
ema_touch,0.5,48,atr,5.0,2.0,0.5,0.3721856293440037,0.3939953223309908,0.04709132347759182,-0.11952254457993527,159,0.16352201257861634,1.1326534244040745,0.0005282886338161773,44.9937106918239,"{'breakeven': 75, 'stop': 58, 'target': 15, 'max_hold': 11}"
ema_touch,0.5,48,atr,5.0,2.0,1.0,0.42975723876002353,0.6033189548348296,0.05607064089989744,-0.09293697877476415,135,0.2,1.1529343735115314,0.0007124194575915234,55.55555555555556,"{'stop': 63, 'breakeven': 45, 'target': 15, 'max_hold': 12}"
ema_touch,0.5,48,atr,5.0,3.0,,0.7292651590752578,0.8726939213118283,0.12303738145923937,-0.14098572071441762,94,0.39361702127659576,1.2662489567667117,0.002023003784905162,99.73404255319149,"{'stop': 55, 'max_hold': 29, 'target': 10}"
ema_touch,0.5,48,atr,5.0,3.0,0.5,0.46200036178235004,0.4945491793252904,0.0649543499571088,-0.1313405272367968,130,0.2,1.1705770367817,0.0008481178737423502,62.93846153846154,"{'breakeven': 60, 'stop': 44, 'max_hold': 16, 'target': 10}"
ema_touch,0.5,48,atr,5.0,3.0,1.0,0.8082636797532267,1.2611593449061658,0.13329089710333886,-0.10568918007205197,105,0.2857142857142857,1.3223623482683116,0.0019157797459614643,86.32380952380953,"{'stop': 45, 'breakeven': 30, 'max_hold': 19, 'target': 11}"
ema_touch,0.5,96,h4_level,,0.5,,0.16182652297943306,0.07321606753677924,0.012088085223990186,-0.16510153618832202,224,0.3080357142857143,1.0371912171211235,0.00011810033423237455,18.580357142857142,"{'stop': 153, 'target': 70, 'max_hold': 1}"
ema_touch,0.5,96,h4_level,,0.5,0.5,-1.3344751306615805,-0.5522724655187179,-0.12385737027643029,-0.2242685956832886,296,0.20945945945945946,0.7388061150984947,-0.0006295738023716576,11.381756756756756,"{'stop': 124, 'breakeven': 109, 'target': 63}"
ema_touch,0.5,96,h4_level,,0.5,1.0,-0.4723245733953011,-0.2877659001140635,-0.054259572353083096,-0.1885545588673846,262,0.2480916030534351,0.8972383270398508,-0.00027998784568109426,13.80916030534351,"{'stop': 134, 'target': 66, 'breakeven': 62}"
ema_touch,0.5,96,h4_level,,1.0,,0.3976648649317308,0.26666528982023385,0.04050564439337401,-0.15189695074555798,194,0.37628865979381443,1.0955391243474986,0.00034700388004233347,24.350515463917525,"{'stop': 119, 'target': 74, 'max_hold': 1}"
ema_touch,0.5,96,h4_level,,1.0,0.5,-0.545448038355698,-0.2843740938401905,-0.057726520593594954,-0.20299500497410106,250,0.268,0.8847267792261707,-0.00031801788112645443,15.26,"{'stop': 98, 'breakeven': 84, 'target': 68}"
ema_touch,0.5,96,h4_level,,1.0,1.0,-0.16668686460732093,-0.13028192744760864,-0.022894256459551898,-0.17572856733147857,219,0.3150684931506849,0.9628095791556553,-0.00011688651546350076,19.292237442922374,"{'stop': 104, 'target': 71, 'breakeven': 44}"
ema_touch,0.5,96,h4_level,,1.5,,0.3566756137949194,0.2463542681735979,0.03640207959090436,-0.14776313745558078,174,0.41954022988505746,1.0877318604019914,0.0003555217309143899,29.235632183908045,"{'stop': 99, 'target': 74, 'max_hold': 1}"
ema_touch,0.5,96,h4_level,,1.5,0.5,-0.2486122622913887,-0.15398721145015745,-0.030039082339004874,-0.1950751757637219,212,0.32547169811320753,0.943662807361306,-0.00017508731392281161,20.63679245283019,"{'stop': 79, 'target': 70, 'breakeven': 63}"
ema_touch,0.5,96,h4_level,,1.5,1.0,-0.026814554246112402,-0.054344322707006044,-0.008909738478382279,-0.16394975656277044,186,0.3709677419354839,0.9930805447295601,-2.493455749737685e-05,25.048387096774192,"{'stop': 89, 'target': 71, 'breakeven': 26}"
ema_touch,0.5,96,h4_level,,2.0,,0.4952011460724388,0.3499390127615182,0.05509900680142299,-0.15745316981554358,153,0.477124183006536,1.131201385956811,0.0005755627565691327,36.95424836601307,"{'stop': 77, 'target': 75, 'max_hold': 1}"
ema_touch,0.5,96,h4_level,,2.0,0.5,0.014926537106128974,-0.02038162881157254,-0.003736313510550704,-0.1833177095458265,179,0.3743016759776536,1.0027517343173569,9.168017221294497e-06,27.39664804469274,"{'target': 70, 'stop': 60, 'breakeven': 49}"
ema_touch,0.5,96,h4_level,,2.0,1.0,0.5253585003139266,0.4094867901142101,0.05463478872364935,-0.1334225915038948,160,0.44375,1.1441780125013963,0.0005355208111196828,32.6875,"{'target': 74, 'stop': 65, 'breakeven': 21}"
ema_touch,0.5,96,h4_level,,3.0,,0.6556444477284187,0.5981225320255665,0.08254835581723485,-0.13801244961911308,134,0.5671641791044776,1.1901594956478958,0.0009495869337549078,47.92537313432836,"{'target': 80, 'stop': 53, 'max_hold': 1}"
ema_touch,0.5,96,h4_level,,3.0,0.5,0.34545288452347556,0.21015853963711403,0.03538210575808742,-0.16835911507180523,149,0.47651006711409394,1.0994847231528098,0.0004043529976329927,38.79194630872483,"{'target': 74, 'stop': 44, 'breakeven': 31}"
ema_touch,0.5,96,h4_level,,3.0,1.0,0.8504377172502973,0.9202977938930071,0.10512831125122601,-0.11423292759022752,136,0.5514705882352942,1.2620279763289488,0.0011453927337587812,45.5514705882353,"{'target': 78, 'stop': 46, 'breakeven': 12}"
ema_touch,0.5,96,atr,2.0,0.5,,-0.596145704092864,-0.38837410947906487,-0.05549335237579134,-0.14288633310347554,270,0.3592592592592593,0.9054932062735509,-0.0002845083694181248,12.325925925925926,"{'stop': 173, 'target': 97}"
ema_touch,0.5,96,atr,2.0,0.5,0.5,-1.7008748149101298,-0.6680785508832608,-0.13951955422352136,-0.20883705073162995,353,0.24645892351274787,0.7436930761243025,-0.0006038441125815384,7.169971671388102,"{'stop': 149, 'breakeven': 117, 'target': 87}"
ema_touch,0.5,96,atr,2.0,0.5,1.0,-1.194780737402385,-0.5978254693282835,-0.10221914534160348,-0.1709849288563381,309,0.2912621359223301,0.8142497537238373,-0.0004889880487057749,9.11326860841424,"{'stop': 159, 'target': 90, 'breakeven': 60}"
ema_touch,0.5,96,atr,2.0,1.0,,-0.07908306430486403,-0.09603935617189527,-0.013146689802220446,-0.13688856658607695,210,0.37142857142857144,0.9860330031142985,-5.394011159863599e-05,20.428571428571427,"{'stop': 132, 'target': 78}"
ema_touch,0.5,96,atr,2.0,1.0,0.5,-0.3066389641163535,-0.2290231767317041,-0.03334945100125586,-0.14561605282562318,274,0.2591240875912409,0.9435001753305424,-0.00015557707626573492,12.678832116788321,"{'stop': 106, 'breakeven': 97, 'target': 71}"
ema_touch,0.5,96,atr,2.0,1.0,1.0,-0.4328681407641122,-0.3300659886379532,-0.045561965369858126,-0.138038958687848,240,0.30416666666666664,0.9236045366152754,-0.00025247123818274565,16.491666666666667,"{'stop': 121, 'target': 73, 'breakeven': 46}"
ema_touch,0.5,96,atr,2.0,1.5,,0.05016901326038674,-0.009047549313668348,-0.001078542551632533,-0.1192082534441844,168,0.35119047619047616,1.0107379539923134,5.1952405724423276e-05,33.220238095238095,"{'stop': 109, 'target': 59}"
ema_touch,0.5,96,atr,2.0,1.5,0.5,-0.3410621697898129,-0.24742265002657537,-0.04213139672234878,-0.1702810826649197,215,0.2372093023255814,0.9268860381854233,-0.0002519236427024931,21.516279069767442,"{'stop': 85, 'breakeven': 79, 'target': 51}"
ema_touch,0.5,96,atr,2.0,1.5,1.0,-0.5584356071154656,-0.38523211784937156,-0.06598240720008464,-0.17127961076673315,184,0.27717391304347827,0.8819033634443967,-0.00049251569982667,26.88586956521739,"{'stop': 98, 'target': 51, 'breakeven': 35}"
ema_touch,0.5,96,atr,2.0,2.0,,0.07868150382408137,0.010594103961849784,0.0014125027511278088,-0.1333291381899162,131,0.3435114503816794,1.0189832844038316,0.00011777002611597714,52.74809160305343,"{'stop': 86, 'target': 45}"
ema_touch,0.5,96,atr,2.0,2.0,0.5,0.04890665275288578,-0.00901461008447705,-0.0015924800459137245,-0.17665545497701984,170,0.2235294117647059,1.0122569934697032,4.964786092863958e-05,33.13529411764706,"{'breakeven': 68, 'stop': 64, 'target': 38}"
ema_touch,0.5,96,atr,2.0,2.0,1.0,-0.0012169820934988694,-0.04628864124978674,-0.008056562376067,-0.17405052640433938,145,0.2689655172413793,0.9986712054520562,-6.41472890337261e-06,41.744827586206895,"{'stop': 72, 'target': 39, 'breakeven': 34}"
ema_touch,0.5,96,atr,2.0,3.0,,0.6114432243628134,0.6783796489735701,0.08474400688403882,-0.12492121043469051,94,0.39361702127659576,1.1882527557487443,0.0014298362224137815,90.03191489361703,"{'stop': 56, 'target': 35, 'max_hold': 3}"
ema_touch,0.5,96,atr,2.0,3.0,0.5,0.44104825186562663,0.3059290399347704,0.054398031491404986,-0.1778125787045376,125,0.248,1.1427138676545523,0.0007283943148789675,56.24,"{'breakeven': 49, 'stop': 45, 'target': 31}"
ema_touch,0.5,96,atr,2.0,3.0,1.0,0.5992555073973682,0.5567424191351784,0.07858362584480338,-0.14114898226521355,106,0.3018867924528302,1.1978071181290044,0.0011728470466115268,73.4622641509434,"{'stop': 46, 'target': 32, 'breakeven': 28}"
ema_touch,0.5,96,atr,3.0,0.5,,-0.6083295900270527,-0.4327069279627932,-0.06215295973521873,-0.14363754245359117,231,0.2943722943722944,0.8918370660065046,-0.0003727641878021558,17.536796536796537,"{'stop': 163, 'target': 68}"
ema_touch,0.5,96,atr,3.0,0.5,0.5,-1.651787575543713,-0.6663442576354378,-0.14628498299853254,-0.21953364394199704,319,0.18181818181818182,0.7182588110655935,-0.0007024319377810925,9.507836990595612,"{'stop': 135, 'breakeven': 126, 'target': 58}"
ema_touch,0.5,96,atr,3.0,0.5,1.0,-1.199965277463899,-0.5761671685048545,-0.11067170203747034,-0.19208262477825977,280,0.21785714285714286,0.7893482079078341,-0.0005866972708510459,11.735714285714286,"{'stop': 144, 'breakeven': 75, 'target': 61}"
ema_touch,0.5,96,atr,3.0,1.0,,-0.08290141783643469,-0.09956425907047918,-0.016212071413886475,-0.1628302321057834,182,0.2857142857142857,0.9832562386417686,-7.41128563401112e-05,28.313186813186814,"{'stop': 130, 'target': 52}"
ema_touch,0.5,96,atr,3.0,1.0,0.5,-0.048787876004803804,-0.07278783375112921,-0.011597890125963017,-0.15933830598143184,247,0.18218623481781376,0.9892545761171436,-3.1711202451624037e-05,17.214574898785425,"{'breakeven': 104, 'stop': 98, 'target': 45}"
ema_touch,0.5,96,atr,3.0,1.0,1.0,-0.23265058610551811,-0.1788979399060732,-0.031088360277322313,-0.1737770725232758,215,0.21395348837209302,0.9514222614251129,-0.0001702948789921755,21.753488372093024,"{'stop': 109, 'breakeven': 60, 'target': 46}"
ema_touch,0.5,96,atr,3.0,1.5,,-0.026685242743904127,-0.08280878267244479,-0.014064015770959615,-0.16983724814058299,142,0.2605633802816901,0.990876593964489,-5.101120841933765e-05,46.96478873239437,"{'stop': 105, 'target': 37}"
ema_touch,0.5,96,atr,3.0,1.5,0.5,0.11854313949990788,0.0406863191724054,0.007161368607830676,-0.17601416774726864,190,0.1736842105263158,1.0318262877473878,0.00011187548890367188,28.88421052631579,"{'breakeven': 82, 'stop': 75, 'target': 33}"
ema_touch,0.5,96,atr,3.0,1.5,1.0,-0.005553345637988149,-0.05797973788134008,-0.009266716002040432,-0.15982680054548482,164,0.2073170731707317,0.996569573932852,-1.4554175674537839e-05,34.896341463414636,"{'stop': 87, 'breakeven': 43, 'target': 34}"
ema_touch,0.5,96,atr,3.0,2.0,,-0.10959814268477784,-0.1383899459854313,-0.025934613794202255,-0.18740244177082388,113,0.2743362831858407,0.9699523891640219,-0.00020823827850063544,68.5575221238938,"{'stop': 82, 'target': 31}"
ema_touch,0.5,96,atr,3.0,2.0,0.5,0.015280550770882228,-0.04188398149175909,-0.006650001987344223,-0.15877196365996504,157,0.16560509554140126,1.0036972213231217,1.4997602946747848e-05,41.547770700636946,"{'breakeven': 72, 'stop': 59, 'target': 26}"
ema_touch,0.5,96,atr,3.0,2.0,1.0,0.05598692777258625,-0.007605617089103499,-0.0012896789970293643,-0.16956927780088693,134,0.20149253731343283,1.0158836228213217,7.581789033749276e-05,50.582089552238806,"{'stop': 65, 'breakeven': 42, 'target': 27}"
ema_touch,0.5,96,atr,3.0,3.0,,0.4168353661756708,0.43198029256884485,0.05942603569233973,-0.1375665434618617,83,0.3253012048192771,1.1439010651857573,0.0012545734298811694,119.03614457831326,"{'stop': 54, 'target': 23, 'max_hold': 6}"
ema_touch,0.5,96,atr,3.0,3.0,0.5,0.38930671833969543,0.44202578293869216,0.05215421551874466,-0.11798908012109854,120,0.175,1.1479865314491473,0.0007714529742456247,69.775,"{'breakeven': 58, 'stop': 41, 'target': 20, 'max_hold': 1}"
ema_touch,0.5,96,atr,3.0,3.0,1.0,0.4305237624524485,0.4811117811018827,0.058991484966462115,-0.1226149250208649,100,0.21,1.1652939107262765,0.0010193997534839912,89.2,"{'stop': 42, 'breakeven': 37, 'target': 20, 'max_hold': 1}"
ema_touch,0.5,96,atr,4.0,0.5,,-0.07335036490077246,-0.106894371686209,-0.014405260479984028,-0.1347616366769152,217,0.2488479262672811,0.9855701556459565,-5.2570325465507646e-05,20.19815668202765,"{'stop': 163, 'target': 54}"
ema_touch,0.5,96,atr,4.0,0.5,0.5,-1.0660647369788907,-0.6003278165348647,-0.11356790861407007,-0.18917648905491702,303,0.1485148514851485,0.7848771815774042,-0.000552805374465874,11.363036303630363,"{'stop': 130, 'breakeven': 128, 'target': 45}"
ema_touch,0.5,96,atr,4.0,0.5,1.0,-0.6757831907441623,-0.4058356093235472,-0.07537817773292588,-0.1857357412735845,264,0.17803030303030304,0.8619859015536592,-0.00040002890608163043,14.18560606060606,"{'stop': 139, 'breakeven': 78, 'target': 47}"
ema_touch,0.5,96,atr,4.0,1.0,,0.4397081171941649,0.31659869030289445,0.05058117697880293,-0.1597643279269766,160,0.2625,1.113749255086131,0.0005280376089406213,37.13125,"{'stop': 118, 'target': 42}"
ema_touch,0.5,96,atr,4.0,1.0,0.5,0.162694949401044,0.0778868612843537,0.012578533777387602,-0.16149750509864802,225,0.1511111111111111,1.0431985720937638,0.00012828793306099152,22.595555555555556,"{'breakeven': 104, 'stop': 87, 'target': 34}"
ema_touch,0.5,96,atr,4.0,1.0,1.0,0.29954947156345263,0.19818394599162362,0.02986376176695038,-0.15068708828823396,197,0.18781725888324874,1.0790609472584873,0.00027418470229143856,26.766497461928935,"{'stop': 97, 'breakeven': 63, 'target': 37}"
ema_touch,0.5,96,atr,4.0,1.5,,0.020040393635872532,-0.04716165611115275,-0.007254832005659129,-0.15382903408991,132,0.22727272727272727,1.0056178577482857,3.3115574519272926e-05,55.765151515151516,"{'stop': 102, 'target': 30}"
ema_touch,0.5,96,atr,4.0,1.5,0.5,-0.18175512697390447,-0.17014561384780214,-0.03079428787188132,-0.18098784432625625,182,0.13736263736263737,0.9487295959539085,-0.00018771238896638564,34.4010989010989,"{'breakeven': 84, 'stop': 73, 'target': 25}"
ema_touch,0.5,96,atr,4.0,1.5,1.0,-0.17249845549707615,-0.15845036990079506,-0.02906491613927753,-0.18343230222482232,159,0.16981132075471697,0.9542488257546458,-0.00019700049796171032,39.905660377358494,"{'stop': 85, 'breakeven': 47, 'target': 27}"
ema_touch,0.5,96,atr,4.0,2.0,,0.19700245608684658,0.16759714276964935,0.01909309426721295,-0.11392255232808524,104,0.2403846153846154,1.0608796134564273,0.0004341316103705172,84.0,"{'stop': 79, 'target': 24, 'max_hold': 1}"
ema_touch,0.5,96,atr,4.0,2.0,0.5,0.20900250299606604,0.16418562297519773,0.020770183166166856,-0.12650427479453819,154,0.13636363636363635,1.073055299238372,0.0002965638026937594,47.175324675324674,"{'breakeven': 76, 'stop': 57, 'target': 21}"
ema_touch,0.5,96,atr,4.0,2.0,1.0,0.16687825756721308,0.10919338738776514,0.014184338642476924,-0.1299010771788388,130,0.16153846153846155,1.05738808544264,0.00027552875265712595,57.86153846153846,"{'stop': 62, 'breakeven': 47, 'target': 21}"
ema_touch,0.5,96,atr,4.0,3.0,,0.3976370768503736,0.29261427747121355,0.05863137240215788,-0.2003708530863667,78,0.28205128205128205,1.1488326747620157,0.0013685907581329315,136.89743589743588,"{'stop': 54, 'target': 15, 'max_hold': 9}"
ema_touch,0.5,96,atr,4.0,3.0,0.5,0.4900344654792838,0.44377802670859934,0.07475515988949977,-0.16845169294194617,117,0.1452991452991453,1.2093940454317524,0.0010827223730042997,75.2051282051282,"{'breakeven': 60, 'stop': 40, 'target': 15, 'max_hold': 2}"
ema_touch,0.5,96,atr,4.0,3.0,1.0,0.6041997610683992,0.6484069263212178,0.09634550058840419,-0.14858801884647832,97,0.18556701030927836,1.261883428400928,0.0016031007710534664,97.91752577319588,"{'stop': 41, 'breakeven': 38, 'target': 16, 'max_hold': 2}"
ema_touch,0.5,96,atr,5.0,0.5,,0.07610186986197212,0.01200925128437207,0.0019849111922676244,-0.16528184357759568,203,0.21182266009852216,1.018780939276465,7.280325408572535e-05,25.92118226600985,"{'stop': 160, 'target': 43}"
ema_touch,0.5,96,atr,5.0,0.5,0.5,-0.8123580398920837,-0.5056044058146067,-0.09570582161540542,-0.18928992808361422,293,0.12286689419795221,0.8221067339468282,-0.0004671576212996007,13.679180887372013,"{'breakeven': 131, 'stop': 126, 'target': 36}"
ema_touch,0.5,96,atr,5.0,0.5,1.0,-0.2587051094502431,-0.20931671509100827,-0.03634254340307219,-0.17362465958473938,255,0.15294117647058825,0.9427517358177505,-0.00017008740166002173,17.4078431372549,"{'stop': 135, 'breakeven': 81, 'target': 39}"
ema_touch,0.5,96,atr,5.0,1.0,,0.4193577176954152,0.3870996988464353,0.049110850972458486,-0.1268687398073669,148,0.22972972972972974,1.1151735221835428,0.0005639641483728999,43.99324324324324,"{'stop': 114, 'target': 34}"
ema_touch,0.5,96,atr,5.0,1.0,0.5,-0.12989307897960845,-0.1384823869283826,-0.023123727078950496,-0.16697955308142642,218,0.12385321100917432,0.9659870831950903,-0.00010509993231495524,24.211009174311926,"{'breakeven': 105, 'stop': 86, 'target': 27}"
ema_touch,0.5,96,atr,5.0,1.0,1.0,0.11983691516199872,0.050060301451929974,0.0073002527885888124,-0.1458291815441588,192,0.15625,1.0328692893944893,0.0001172733796195864,28.770833333333332,"{'stop': 96, 'breakeven': 66, 'target': 30}"
ema_touch,0.5,96,atr,5.0,1.5,,0.4259144945141765,0.6536397919701324,0.05534282166130278,-0.08466868501762148,117,0.2222222222222222,1.1344674150347538,0.0008105773283015085,70.83760683760684,"{'stop': 91, 'target': 25, 'max_hold': 1}"
ema_touch,0.5,96,atr,5.0,1.5,0.5,0.08636677512969412,0.017959749057269107,0.002521392386557686,-0.14039129269109507,173,0.12716763005780346,1.026184933064542,9.713370256051844e-05,39.10982658959538,"{'breakeven': 82, 'stop': 69, 'target': 22}"
ema_touch,0.5,96,atr,5.0,1.5,1.0,0.08921033788440161,0.026242070262071298,0.0029262474482851797,-0.11150977872788492,150,0.15333333333333332,1.0269690136847047,0.00011780574971256124,46.46,"{'stop': 78, 'breakeven': 49, 'target': 23}"
ema_touch,0.5,96,atr,5.0,2.0,,0.48562190699896596,0.5914715058353442,0.07147650782509496,-0.12084522605048842,93,0.22580645161290322,1.1757532615059387,0.0013014802821756535,103.65591397849462,"{'stop': 72, 'target': 17, 'max_hold': 4}"
ema_touch,0.5,96,atr,5.0,2.0,0.5,0.35060296659080153,0.3199893649843124,0.04455223276555853,-0.13923035463301325,144,0.11805555555555555,1.1409948791419724,0.0005610900700257019,54.291666666666664,"{'breakeven': 75, 'stop': 52, 'target': 16, 'max_hold': 1}"
ema_touch,0.5,96,atr,5.0,2.0,1.0,0.4989931279560323,0.6256295469907948,0.06969191150125975,-0.11139485313069009,122,0.14754098360655737,1.2031559902912212,0.0009474574034386444,67.05737704918033,"{'stop': 56, 'breakeven': 48, 'target': 17, 'max_hold': 1}"
ema_touch,0.5,96,atr,5.0,3.0,,0.6624266778582345,0.6956357595377847,0.12315939794157682,-0.17704581205458747,78,0.2692307692307692,1.272563736538389,0.002543750051718738,141.06410256410257,"{'stop': 55, 'target': 14, 'max_hold': 9}"
ema_touch,0.5,96,atr,5.0,3.0,0.5,0.3174689299931704,0.2828059811339851,0.04177852855574571,-0.14772858900728936,115,0.12173913043478261,1.1351373296366543,0.0007030271162667063,80.74782608695652,"{'breakeven': 62, 'stop': 39, 'target': 12, 'max_hold': 2}"
ema_touch,0.5,96,atr,5.0,3.0,1.0,0.32024447442674137,0.31268600282388154,0.04162428183398159,-0.13311846855334364,94,0.14893617021276595,1.1361303947577006,0.0008501897268312451,106.7127659574468,"{'breakeven': 40, 'stop': 40, 'target': 12, 'max_hold': 2}"
ema_touch,0.5,168,h4_level,,0.5,,0.126438269025936,0.048200149106091356,0.007957918661921859,-0.16510153618832202,221,0.31221719457013575,1.0285579364602098,9.047281441270451e-05,19.809954751131222,"{'stop': 150, 'target': 70, 'max_hold': 1}"
ema_touch,0.5,168,h4_level,,0.5,0.5,-1.3344751306615805,-0.5522724655187179,-0.12385737027643029,-0.2242685956832886,296,0.20945945945945946,0.7388061150984947,-0.0006295738023716576,11.381756756756756,"{'stop': 124, 'breakeven': 109, 'target': 63}"
ema_touch,0.5,168,h4_level,,0.5,1.0,-0.4723245733953011,-0.2877659001140635,-0.054259572353083096,-0.1885545588673846,262,0.2480916030534351,0.8972383270398508,-0.00027998784568109426,13.80916030534351,"{'stop': 134, 'target': 66, 'breakeven': 62}"
ema_touch,0.5,168,h4_level,,1.0,,0.3535181047079343,0.22620834091015074,0.034360357217463555,-0.15189695074555798,192,0.3802083333333333,1.083604287494278,0.0003031129707843193,25.598958333333332,"{'stop': 117, 'target': 74, 'max_hold': 1}"
ema_touch,0.5,168,h4_level,,1.0,0.5,-0.545448038355698,-0.2843740938401905,-0.057726520593594954,-0.20299500497410106,250,0.268,0.8847267792261707,-0.00031801788112645443,15.26,"{'stop': 98, 'breakeven': 84, 'target': 68}"
ema_touch,0.5,168,h4_level,,1.0,1.0,-0.16668686460732093,-0.13028192744760864,-0.022894256459551898,-0.17572856733147857,219,0.3150684931506849,0.9628095791556553,-0.00011688651546350076,19.292237442922374,"{'stop': 104, 'target': 71, 'breakeven': 44}"
ema_touch,0.5,168,h4_level,,1.5,,0.3268254741671062,0.21655572700054762,0.031998953655575146,-0.14776313745558078,172,0.42441860465116277,1.0794409158353226,0.0003206242130987894,30.656976744186046,"{'stop': 97, 'target': 74, 'max_hold': 1}"
ema_touch,0.5,168,h4_level,,1.5,0.5,-0.2486122622913887,-0.15398721145015745,-0.030039082339004874,-0.1950751757637219,212,0.32547169811320753,0.943662807361306,-0.00017508731392281161,20.63679245283019,"{'stop': 79, 'target': 70, 'breakeven': 63}"
ema_touch,0.5,168,h4_level,,1.5,1.0,-0.026814554246112402,-0.054344322707006044,-0.008909738478382279,-0.16394975656277044,186,0.3709677419354839,0.9930805447295601,-2.493455749737685e-05,25.048387096774192,"{'stop': 89, 'target': 71, 'breakeven': 26}"
ema_touch,0.5,168,h4_level,,2.0,,0.4870957451388312,0.3353391179336843,0.052800207081806994,-0.15745316981554358,151,0.48344370860927155,1.1283195102353671,0.0005585535558501121,38.503311258278146,"{'target': 75, 'stop': 75, 'max_hold': 1}"
ema_touch,0.5,168,h4_level,,2.0,0.5,0.014926537106128974,-0.02038162881157254,-0.003736313510550704,-0.1833177095458265,179,0.3743016759776536,1.0027517343173569,9.168017221294497e-06,27.39664804469274,"{'target': 70, 'stop': 60, 'breakeven': 49}"
ema_touch,0.5,168,h4_level,,2.0,1.0,0.5253585003139266,0.4094867901142101,0.05463478872364935,-0.1334225915038948,160,0.44375,1.1441780125013963,0.0005355208111196828,32.6875,"{'target': 74, 'stop': 65, 'breakeven': 21}"
ema_touch,0.5,168,h4_level,,3.0,,0.6707845909917536,0.6010692741751712,0.08295504291969769,-0.13801244961911308,132,0.5757575757575758,1.1952449724576444,0.0009637235928903192,49.78030303030303,"{'target': 80, 'stop': 51, 'max_hold': 1}"
ema_touch,0.5,168,h4_level,,3.0,0.5,0.34545288452347556,0.21015853963711403,0.03538210575808742,-0.16835911507180523,149,0.47651006711409394,1.0994847231528098,0.0004043529976329927,38.79194630872483,"{'target': 74, 'stop': 44, 'breakeven': 31}"
ema_touch,0.5,168,h4_level,,3.0,1.0,0.8504377172502973,0.9202977938930071,0.10512831125122601,-0.11423292759022752,136,0.5514705882352942,1.2620279763289488,0.0011453927337587812,45.5514705882353,"{'target': 78, 'stop': 46, 'breakeven': 12}"
ema_touch,0.5,168,atr,2.0,0.5,,-0.596145704092864,-0.38837410947906487,-0.05549335237579134,-0.14288633310347554,270,0.3592592592592593,0.9054932062735509,-0.0002845083694181248,12.325925925925926,"{'stop': 173, 'target': 97}"
ema_touch,0.5,168,atr,2.0,0.5,0.5,-1.7008748149101298,-0.6680785508832608,-0.13951955422352136,-0.20883705073162995,353,0.24645892351274787,0.7436930761243025,-0.0006038441125815384,7.169971671388102,"{'stop': 149, 'breakeven': 117, 'target': 87}"
ema_touch,0.5,168,atr,2.0,0.5,1.0,-1.194780737402385,-0.5978254693282835,-0.10221914534160348,-0.1709849288563381,309,0.2912621359223301,0.8142497537238373,-0.0004889880487057749,9.11326860841424,"{'stop': 159, 'target': 90, 'breakeven': 60}"
ema_touch,0.5,168,atr,2.0,1.0,,-0.07908306430486403,-0.09603935617189527,-0.013146689802220446,-0.13688856658607695,210,0.37142857142857144,0.9860330031142985,-5.394011159863599e-05,20.428571428571427,"{'stop': 132, 'target': 78}"
ema_touch,0.5,168,atr,2.0,1.0,0.5,-0.3066389641163535,-0.2290231767317041,-0.03334945100125586,-0.14561605282562318,274,0.2591240875912409,0.9435001753305424,-0.00015557707626573492,12.678832116788321,"{'stop': 106, 'breakeven': 97, 'target': 71}"
ema_touch,0.5,168,atr,2.0,1.0,1.0,-0.4328681407641122,-0.3300659886379532,-0.045561965369858126,-0.138038958687848,240,0.30416666666666664,0.9236045366152754,-0.00025247123818274565,16.491666666666667,"{'stop': 121, 'target': 73, 'breakeven': 46}"
ema_touch,0.5,168,atr,2.0,1.5,,0.05016901326038674,-0.009047549313668348,-0.001078542551632533,-0.1192082534441844,168,0.35119047619047616,1.0107379539923134,5.1952405724423276e-05,33.220238095238095,"{'stop': 109, 'target': 59}"
ema_touch,0.5,168,atr,2.0,1.5,0.5,-0.3410621697898129,-0.24742265002657537,-0.04213139672234878,-0.1702810826649197,215,0.2372093023255814,0.9268860381854233,-0.0002519236427024931,21.516279069767442,"{'stop': 85, 'breakeven': 79, 'target': 51}"
ema_touch,0.5,168,atr,2.0,1.5,1.0,-0.5584356071154656,-0.38523211784937156,-0.06598240720008464,-0.17127961076673315,184,0.27717391304347827,0.8819033634443967,-0.00049251569982667,26.88586956521739,"{'stop': 98, 'target': 51, 'breakeven': 35}"
ema_touch,0.5,168,atr,2.0,2.0,,0.07868150382408137,0.010594103961849784,0.0014125027511278088,-0.1333291381899162,131,0.3435114503816794,1.0189832844038316,0.00011777002611597714,52.74809160305343,"{'stop': 86, 'target': 45}"
ema_touch,0.5,168,atr,2.0,2.0,0.5,0.04890665275288578,-0.00901461008447705,-0.0015924800459137245,-0.17665545497701984,170,0.2235294117647059,1.0122569934697032,4.964786092863958e-05,33.13529411764706,"{'breakeven': 68, 'stop': 64, 'target': 38}"
ema_touch,0.5,168,atr,2.0,2.0,1.0,-0.0012169820934988694,-0.04628864124978674,-0.008056562376067,-0.17405052640433938,145,0.2689655172413793,0.9986712054520562,-6.41472890337261e-06,41.744827586206895,"{'stop': 72, 'target': 39, 'breakeven': 34}"
ema_touch,0.5,168,atr,2.0,3.0,,0.5805899680889706,0.6145713374682822,0.07962916745177684,-0.12956863198307955,90,0.3888888888888889,1.1801646847358072,0.0014208686616172278,97.28888888888889,"{'stop': 55, 'target': 34, 'max_hold': 1}"
ema_touch,0.5,168,atr,2.0,3.0,0.5,0.44104825186562663,0.3059290399347704,0.054398031491404986,-0.1778125787045376,125,0.248,1.1427138676545523,0.0007283943148789675,56.24,"{'breakeven': 49, 'stop': 45, 'target': 31}"
ema_touch,0.5,168,atr,2.0,3.0,1.0,0.5992555073973682,0.5567424191351784,0.07858362584480338,-0.14114898226521355,106,0.3018867924528302,1.1978071181290044,0.0011728470466115268,73.4622641509434,"{'stop': 46, 'target': 32, 'breakeven': 28}"
ema_touch,0.5,168,atr,3.0,0.5,,-0.6083295900270527,-0.4327069279627932,-0.06215295973521873,-0.14363754245359117,231,0.2943722943722944,0.8918370660065046,-0.0003727641878021558,17.536796536796537,"{'stop': 163, 'target': 68}"
ema_touch,0.5,168,atr,3.0,0.5,0.5,-1.651787575543713,-0.6663442576354378,-0.14628498299853254,-0.21953364394199704,319,0.18181818181818182,0.7182588110655935,-0.0007024319377810925,9.507836990595612,"{'stop': 135, 'breakeven': 126, 'target': 58}"
ema_touch,0.5,168,atr,3.0,0.5,1.0,-1.199965277463899,-0.5761671685048545,-0.11067170203747034,-0.19208262477825977,280,0.21785714285714286,0.7893482079078341,-0.0005866972708510459,11.735714285714286,"{'stop': 144, 'breakeven': 75, 'target': 61}"
ema_touch,0.5,168,atr,3.0,1.0,,-0.08290141783643469,-0.09956425907047918,-0.016212071413886475,-0.1628302321057834,182,0.2857142857142857,0.9832562386417686,-7.41128563401112e-05,28.313186813186814,"{'stop': 130, 'target': 52}"
ema_touch,0.5,168,atr,3.0,1.0,0.5,-0.048787876004803804,-0.07278783375112921,-0.011597890125963017,-0.15933830598143184,247,0.18218623481781376,0.9892545761171436,-3.1711202451624037e-05,17.214574898785425,"{'breakeven': 104, 'stop': 98, 'target': 45}"
ema_touch,0.5,168,atr,3.0,1.0,1.0,-0.23265058610551811,-0.1788979399060732,-0.031088360277322313,-0.1737770725232758,215,0.21395348837209302,0.9514222614251129,-0.0001702948789921755,21.753488372093024,"{'stop': 109, 'breakeven': 60, 'target': 46}"
ema_touch,0.5,168,atr,3.0,1.5,,-0.026685242743904127,-0.08280878267244479,-0.014064015770959615,-0.16983724814058299,142,0.2605633802816901,0.990876593964489,-5.101120841933765e-05,46.96478873239437,"{'stop': 105, 'target': 37}"
ema_touch,0.5,168,atr,3.0,1.5,0.5,0.11854313949990788,0.0406863191724054,0.007161368607830676,-0.17601416774726864,190,0.1736842105263158,1.0318262877473878,0.00011187548890367188,28.88421052631579,"{'breakeven': 82, 'stop': 75, 'target': 33}"
ema_touch,0.5,168,atr,3.0,1.5,1.0,-0.005553345637988149,-0.05797973788134008,-0.009266716002040432,-0.15982680054548482,164,0.2073170731707317,0.996569573932852,-1.4554175674537839e-05,34.896341463414636,"{'stop': 87, 'breakeven': 43, 'target': 34}"
ema_touch,0.5,168,atr,3.0,2.0,,-0.10959814268477784,-0.1383899459854313,-0.025934613794202255,-0.18740244177082388,113,0.2743362831858407,0.9699523891640219,-0.00020823827850063544,68.5575221238938,"{'stop': 82, 'target': 31}"
ema_touch,0.5,168,atr,3.0,2.0,0.5,0.015280550770882228,-0.04188398149175909,-0.006650001987344223,-0.15877196365996504,157,0.16560509554140126,1.0036972213231217,1.4997602946747848e-05,41.547770700636946,"{'breakeven': 72, 'stop': 59, 'target': 26}"
ema_touch,0.5,168,atr,3.0,2.0,1.0,0.05598692777258625,-0.007605617089103499,-0.0012896789970293643,-0.16956927780088693,134,0.20149253731343283,1.0158836228213217,7.581789033749276e-05,50.582089552238806,"{'stop': 65, 'breakeven': 42, 'target': 27}"
ema_touch,0.5,168,atr,3.0,3.0,,0.3464902036388151,0.3486351579930203,0.04762889392958547,-0.13661529205421963,78,0.2948717948717949,1.1219878755900343,0.001146816224173387,129.14102564102564,"{'stop': 55, 'target': 23}"
ema_touch,0.5,168,atr,3.0,3.0,0.5,0.35308564373635687,0.38903221216250106,0.04590155285052955,-0.11798908012109854,120,0.16666666666666666,1.1332678395019669,0.0007005524542003085,69.575,"{'breakeven': 58, 'stop': 42, 'target': 20}"
ema_touch,0.5,168,atr,3.0,3.0,1.0,0.3940476298015771,0.42978609888151015,0.0526981902893664,-0.1226149250208649,100,0.2,1.1502199983499752,0.000934319129429612,88.96,"{'stop': 43, 'breakeven': 37, 'target': 20}"
ema_touch,0.5,168,atr,4.0,0.5,,-0.07335036490077246,-0.106894371686209,-0.014405260479984028,-0.1347616366769152,217,0.2488479262672811,0.9855701556459565,-5.2570325465507646e-05,20.19815668202765,"{'stop': 163, 'target': 54}"
ema_touch,0.5,168,atr,4.0,0.5,0.5,-1.0660647369788907,-0.6003278165348647,-0.11356790861407007,-0.18917648905491702,303,0.1485148514851485,0.7848771815774042,-0.000552805374465874,11.363036303630363,"{'stop': 130, 'breakeven': 128, 'target': 45}"
ema_touch,0.5,168,atr,4.0,0.5,1.0,-0.6757831907441623,-0.4058356093235472,-0.07537817773292588,-0.1857357412735845,264,0.17803030303030304,0.8619859015536592,-0.00040002890608163043,14.18560606060606,"{'stop': 139, 'breakeven': 78, 'target': 47}"
ema_touch,0.5,168,atr,4.0,1.0,,0.4397081171941649,0.31659869030289445,0.05058117697880293,-0.1597643279269766,160,0.2625,1.113749255086131,0.0005280376089406213,37.13125,"{'stop': 118, 'target': 42}"
ema_touch,0.5,168,atr,4.0,1.0,0.5,0.162694949401044,0.0778868612843537,0.012578533777387602,-0.16149750509864802,225,0.1511111111111111,1.0431985720937638,0.00012828793306099152,22.595555555555556,"{'breakeven': 104, 'stop': 87, 'target': 34}"
ema_touch,0.5,168,atr,4.0,1.0,1.0,0.29954947156345263,0.19818394599162362,0.02986376176695038,-0.15068708828823396,197,0.18781725888324874,1.0790609472584873,0.00027418470229143856,26.766497461928935,"{'stop': 97, 'breakeven': 63, 'target': 37}"
ema_touch,0.5,168,atr,4.0,1.5,,0.020040393635872532,-0.04716165611115275,-0.007254832005659129,-0.15382903408991,132,0.22727272727272727,1.0056178577482857,3.3115574519272926e-05,55.765151515151516,"{'stop': 102, 'target': 30}"
ema_touch,0.5,168,atr,4.0,1.5,0.5,-0.18175512697390447,-0.17014561384780214,-0.03079428787188132,-0.18098784432625625,182,0.13736263736263737,0.9487295959539085,-0.00018771238896638564,34.4010989010989,"{'breakeven': 84, 'stop': 73, 'target': 25}"
ema_touch,0.5,168,atr,4.0,1.5,1.0,-0.17249845549707615,-0.15845036990079506,-0.02906491613927753,-0.18343230222482232,159,0.16981132075471697,0.9542488257546458,-0.00019700049796171032,39.905660377358494,"{'stop': 85, 'breakeven': 47, 'target': 27}"
ema_touch,0.5,168,atr,4.0,2.0,,0.21347216554157056,0.1918500804445738,0.02185605082859432,-0.11392255232808524,102,0.23529411764705882,1.0674690337025914,0.00048457129437827034,86.30392156862744,"{'stop': 78, 'target': 24}"
ema_touch,0.5,168,atr,4.0,2.0,0.5,0.20900250299606604,0.16418562297519773,0.020770183166166856,-0.12650427479453819,154,0.13636363636363635,1.073055299238372,0.0002965638026937594,47.175324675324674,"{'breakeven': 76, 'stop': 57, 'target': 21}"
ema_touch,0.5,168,atr,4.0,2.0,1.0,0.16687825756721308,0.10919338738776514,0.014184338642476924,-0.1299010771788388,130,0.16153846153846155,1.05738808544264,0.00027552875265712595,57.86153846153846,"{'stop': 62, 'breakeven': 47, 'target': 21}"
ema_touch,0.5,168,atr,4.0,3.0,,0.6122803528021373,0.5341880598572402,0.10852626896359019,-0.2031611657373874,71,0.28169014084507044,1.254250070954426,0.002499920149979421,156.80281690140845,"{'stop': 51, 'target': 18, 'max_hold': 2}"
ema_touch,0.5,168,atr,4.0,3.0,0.5,0.5859951442011344,0.5665726747185371,0.09544012623098386,-0.16845169294194562,115,0.14782608695652175,1.261229746092639,0.0013523519602989108,78.45217391304348,"{'breakeven': 59, 'stop': 39, 'target': 16, 'max_hold': 1}"
ema_touch,0.5,168,atr,4.0,3.0,1.0,0.6978058270032816,0.7904136560247209,0.11744599921791532,-0.14858801884647865,95,0.18947368421052632,1.315578769852056,0.0019404498166848206,102.32631578947368,"{'stop': 40, 'breakeven': 37, 'target': 17, 'max_hold': 1}"
ema_touch,0.5,168,atr,5.0,0.5,,0.07610186986197212,0.01200925128437207,0.0019849111922676244,-0.16528184357759568,203,0.21182266009852216,1.018780939276465,7.280325408572535e-05,25.92118226600985,"{'stop': 160, 'target': 43}"
ema_touch,0.5,168,atr,5.0,0.5,0.5,-0.8123580398920837,-0.5056044058146067,-0.09570582161540542,-0.18928992808361422,293,0.12286689419795221,0.8221067339468282,-0.0004671576212996007,13.679180887372013,"{'breakeven': 131, 'stop': 126, 'target': 36}"
ema_touch,0.5,168,atr,5.0,0.5,1.0,-0.2587051094502431,-0.20931671509100827,-0.03634254340307219,-0.17362465958473938,255,0.15294117647058825,0.9427517358177505,-0.00017008740166002173,17.4078431372549,"{'stop': 135, 'breakeven': 81, 'target': 39}"
ema_touch,0.5,168,atr,5.0,1.0,,0.4193577176954152,0.3870996988464353,0.049110850972458486,-0.1268687398073669,148,0.22972972972972974,1.1151735221835428,0.0005639641483728999,43.99324324324324,"{'stop': 114, 'target': 34}"
ema_touch,0.5,168,atr,5.0,1.0,0.5,-0.12989307897960845,-0.1384823869283826,-0.023123727078950496,-0.16697955308142642,218,0.12385321100917432,0.9659870831950903,-0.00010509993231495524,24.211009174311926,"{'breakeven': 105, 'stop': 86, 'target': 27}"
ema_touch,0.5,168,atr,5.0,1.0,1.0,0.11983691516199872,0.050060301451929974,0.0073002527885888124,-0.1458291815441588,192,0.15625,1.0328692893944893,0.0001172733796195864,28.770833333333332,"{'stop': 96, 'breakeven': 66, 'target': 30}"
ema_touch,0.5,168,atr,5.0,1.5,,0.4293093802887604,0.6662399639244181,0.05640966165166805,-0.08466868501762148,115,0.21739130434782608,1.1383581883678968,0.0008405958443468568,72.86086956521739,"{'stop': 90, 'target': 25}"
ema_touch,0.5,168,atr,5.0,1.5,0.5,0.08636677512969412,0.017959749057269107,0.002521392386557686,-0.14039129269109507,173,0.12716763005780346,1.026184933064542,9.713370256051844e-05,39.10982658959538,"{'breakeven': 82, 'stop': 69, 'target': 22}"
ema_touch,0.5,168,atr,5.0,1.5,1.0,0.08921033788440161,0.026242070262071298,0.0029262474482851797,-0.11150977872788492,150,0.15333333333333332,1.0269690136847047,0.00011780574971256124,46.46,"{'stop': 78, 'breakeven': 49, 'target': 23}"
ema_touch,0.5,168,atr,5.0,2.0,,0.6416282305131602,0.8288204311626675,0.10246361640501855,-0.12362583323541243,90,0.23333333333333334,1.2441063756244335,0.001815063990291098,108.82222222222222,"{'stop': 69, 'target': 20, 'max_hold': 1}"
ema_touch,0.5,168,atr,5.0,2.0,0.5,0.40836515661952616,0.3923929115306953,0.054633004227899296,-0.13923035463301325,143,0.11888111888111888,1.166167857211918,0.0006651021897658759,54.3986013986014,"{'breakeven': 74, 'stop': 52, 'target': 17}"
ema_touch,0.5,168,atr,5.0,2.0,1.0,0.5551889053896212,0.7183033945411232,0.08001530113818456,-0.11139485313069009,121,0.1487603305785124,1.2285838095304231,0.0010735739361349902,67.2892561983471,"{'stop': 56, 'breakeven': 47, 'target': 18}"
ema_touch,0.5,168,atr,5.0,3.0,,0.725778588406574,0.8014890709122029,0.14405144265654113,-0.1797297653636014,69,0.2608695652173913,1.325636364026875,0.00330534066580807,169.40579710144928,"{'stop': 51, 'target': 13, 'max_hold': 5}"
ema_touch,0.5,168,atr,5.0,3.0,0.5,0.38723467234375375,0.3742028947858073,0.055280465649150345,-0.14772858900728902,113,0.12389380530973451,1.1701755939493017,0.000886463502420847,85.26548672566372,"{'breakeven': 61, 'stop': 38, 'target': 12, 'max_hold': 2}"
ema_touch,0.5,168,atr,5.0,3.0,1.0,0.39147931707873207,0.4173995098835398,0.055124219817711984,-0.13206584701810598,92,0.15217391304347827,1.171864727793116,0.0010786966491850164,112.82608695652173,"{'breakeven': 39, 'stop': 39, 'target': 12, 'max_hold': 2}"
ema_touch,1.0,24,h4_level,,0.5,,0.3539020509002527,0.27504850949115134,0.033269507034605184,-0.12095868869151427,220,0.3090909090909091,1.0815383598346042,0.0002547337846409946,17.145454545454545,"{'stop': 151, 'target': 59, 'max_hold': 10}"
ema_touch,1.0,24,h4_level,,0.5,0.5,-1.1113489718779788,-0.47111791070147213,-0.10667032743682436,-0.22641959690727387,288,0.19444444444444445,0.7725603539319781,-0.0005490037600118521,10.86111111111111,"{'stop': 120, 'breakeven': 111, 'target': 54, 'max_hold': 3}"
ema_touch,1.0,24,h4_level,,0.5,1.0,-0.3094241387844537,-0.20221142922288482,-0.03812276777718615,-0.1885292434937782,255,0.23529411764705882,0.9297377166011841,-0.0001915754301962614,13.207843137254901,"{'stop': 130, 'breakeven': 64, 'target': 57, 'max_hold': 4}"
ema_touch,1.0,24,h4_level,,1.0,,0.5676804571257523,0.49934159895919666,0.05965302895668678,-0.11946336752440545,188,0.3723404255319149,1.13702957554273,0.0004966073066045804,22.882978723404257,"{'stop': 116, 'target': 61, 'max_hold': 11}"
ema_touch,1.0,24,h4_level,,1.0,0.5,-0.39250085198704093,-0.22183791379303935,-0.04364788648788043,-0.19675575622569696,241,0.24896265560165975,0.9127887205615938,-0.0002408475993974556,14.688796680497925,"{'stop': 92, 'breakeven': 88, 'target': 57, 'max_hold': 4}"
ema_touch,1.0,24,h4_level,,1.0,1.0,-0.054820233719280076,-0.06433922627133795,-0.011405627957347453,-0.17727331549258107,212,0.3018867924528302,0.9869866062226176,-4.117341967904665e-05,18.4811320754717,"{'stop': 101, 'target': 59, 'breakeven': 45, 'max_hold': 7}"
ema_touch,1.0,24,h4_level,,1.5,,0.6844482131405959,0.7278850192928296,0.07707125819937,-0.10588383626063347,172,0.4127906976744186,1.1763798368311296,0.000682883215774954,27.02906976744186,"{'stop': 97, 'target': 62, 'max_hold': 13}"
ema_touch,1.0,24,h4_level,,1.5,0.5,-0.13135333925322545,-0.09884651528111074,-0.01871934811003395,-0.18937792654397356,210,0.29523809523809524,0.9685977851649059,-9.660123048784613e-05,19.223809523809525,"{'stop': 78, 'breakeven': 66, 'target': 59, 'max_hold': 7}"
ema_touch,1.0,24,h4_level,,1.5,1.0,0.0646905720323578,0.006295008745259994,0.0010510523167595043,-0.16696598198547763,184,0.34782608695652173,1.0148767566606927,5.408062871385304e-05,23.47826086956522,"{'stop': 90, 'target': 59, 'breakeven': 26, 'max_hold': 9}"
ema_touch,1.0,24,h4_level,,2.0,,0.9725536117737404,1.2134637913505653,0.1183402253023269,-0.09752266705100132,151,0.4768211920529801,1.2773621685678478,0.0011422422932252675,34.18543046357616,"{'stop': 71, 'target': 64, 'max_hold': 16}"
ema_touch,1.0,24,h4_level,,2.0,0.5,0.23036576273462067,0.11473760444979801,0.019179428665360376,-0.1671590474398661,175,0.36,1.0595685324860233,0.00019960851521299945,26.205714285714286,"{'target': 59, 'stop': 57, 'breakeven': 48, 'max_hold': 11}"
ema_touch,1.0,24,h4_level,,2.0,1.0,0.711080791862481,0.6551048656433603,0.07969935100319159,-0.1216589208582981,159,0.4276729559748428,1.2026355073934345,0.0007559040788204167,30.37735849056604,"{'target': 63, 'stop': 62, 'breakeven': 21, 'max_hold': 13}"
ema_touch,1.0,24,h4_level,,3.0,,1.2081620935826423,1.8110556893008247,0.16369369530330968,-0.0903857878420653,138,0.5652173913043478,1.3844305162145485,0.0016792295942990908,41.7536231884058,"{'target': 68, 'stop': 46, 'max_hold': 24}"
ema_touch,1.0,24,h4_level,,3.0,0.5,0.46590233592602065,0.3109405790726485,0.051645846626469316,-0.16609555041190915,152,0.45394736842105265,1.13605304468018,0.0005471645614921125,34.796052631578945,"{'target': 63, 'stop': 42, 'breakeven': 29, 'max_hold': 18}"
ema_touch,1.0,24,h4_level,,3.0,1.0,1.0495459283451956,1.1460805301764083,0.13530161661286155,-0.11805594201311098,140,0.5357142857142857,1.329937191491469,0.0013940036582364634,39.542857142857144,"{'target': 67, 'stop': 43, 'max_hold': 20, 'breakeven': 10}"
ema_touch,1.0,24,atr,2.0,0.5,,-0.2725686615635032,-0.1946080869418985,-0.026979034660136514,-0.13863264925979812,260,0.3730769230769231,0.9539485238002134,-0.0001312550730173667,11.765384615384615,"{'stop': 163, 'target': 93, 'max_hold': 4}"
ema_touch,1.0,24,atr,2.0,0.5,0.5,-1.2752374906551718,-0.5729601081707655,-0.10573559612943828,-0.1845426838999492,332,0.25301204819277107,0.7938767849208457,-0.0004742808778717699,7.337349397590361,"{'stop': 138, 'breakeven': 110, 'target': 84}"
ema_touch,1.0,24,atr,2.0,0.5,1.0,-0.8758148774501181,-0.47292128103656034,-0.07505664301446835,-0.15870853358503423,291,0.29896907216494845,0.8548127625782473,-0.0003717742170376497,9.329896907216495,"{'stop': 147, 'target': 86, 'breakeven': 57, 'max_hold': 1}"
ema_touch,1.0,24,atr,2.0,1.0,,0.04245352747686429,-0.004120032747968477,-0.0005227119290897031,-0.12687081901167996,198,0.3888888888888889,1.0086638647535955,3.201416459974513e-05,20.651515151515152,"{'stop': 120, 'target': 71, 'max_hold': 7}"
ema_touch,1.0,24,atr,2.0,1.0,0.5,-0.3194762619760282,-0.24508035333143352,-0.03235092012093188,-0.13200127909552273,257,0.2607003891050584,0.940132255524419,-0.0001624081088957179,12.933852140077821,"{'stop': 97, 'breakeven': 93, 'target': 65, 'max_hold': 2}"
ema_touch,1.0,24,atr,2.0,1.0,1.0,-0.3728369337270399,-0.3022596757292289,-0.037571918220458245,-0.12430344249464498,226,0.30973451327433627,0.93244898259395,-0.00021741980733431187,16.513274336283185,"{'stop': 111, 'target': 67, 'breakeven': 44, 'max_hold': 4}"
ema_touch,1.0,24,atr,2.0,1.5,,0.06433428369344964,0.008959043758502929,0.001083402258921895,-0.12092833656422874,173,0.37572254335260113,1.0138844789260861,5.897543657935593e-05,28.127167630057805,"{'stop': 103, 'target': 55, 'max_hold': 15}"
ema_touch,1.0,24,atr,2.0,1.5,0.5,-0.36610290528555023,-0.25742769926634534,-0.04166023006924435,-0.161832740563559,213,0.23943661971830985,0.921204898637737,-0.0002552916186872883,19.5962441314554,"{'stop': 82, 'breakeven': 77, 'target': 49, 'max_hold': 5}"
ema_touch,1.0,24,atr,2.0,1.5,1.0,-0.5123753317220701,-0.3499575820266835,-0.05695270886925541,-0.16274174869831193,186,0.2849462365591398,0.8907506307782505,-0.00041751956364252766,23.86021505376344,"{'stop': 95, 'target': 48, 'breakeven': 35, 'max_hold': 8}"
ema_touch,1.0,24,atr,2.0,2.0,,0.49528863425813446,0.5890535420640822,0.05785130841476649,-0.09821061123247254,145,0.4068965517241379,1.1299451688752398,0.0006396440076069143,39.08275862068965,"{'stop': 78, 'target': 47, 'max_hold': 20}"
ema_touch,1.0,24,atr,2.0,2.0,0.5,0.13850802028413195,0.07075861470411306,0.00954426397282604,-0.13488483363809056,172,0.25,1.0366109281401057,0.00013285827173368953,29.093023255813954,"{'breakeven': 65, 'stop': 59, 'target': 37, 'max_hold': 11}"
ema_touch,1.0,24,atr,2.0,2.0,1.0,0.1835544421770642,0.13255587265607827,0.015222282275981547,-0.11483672485395191,155,0.3096774193548387,1.0478335580962768,0.00020276500435730725,34.32258064516129,"{'stop': 69, 'target': 40, 'breakeven': 32, 'max_hold': 14}"
ema_touch,1.0,24,atr,2.0,3.0,,0.4652837768394087,0.47948487164182374,0.05356943467947817,-0.11172288814045139,119,0.4369747899159664,1.1323983906339035,0.0007418774882050116,57.46218487394958,"{'stop': 50, 'max_hold': 38, 'target': 31}"
ema_touch,1.0,24,atr,2.0,3.0,0.5,0.17819801563624368,0.08325356997962212,0.0146904844371476,-0.1764547086778786,144,0.2847222222222222,1.0514483618134713,0.00022710433995823428,42.208333333333336,"{'breakeven': 48, 'stop': 45, 'target': 28, 'max_hold': 23}"
ema_touch,1.0,24,atr,2.0,3.0,1.0,0.6381465783825951,0.6174651990515531,0.07484320902381203,-0.12121040851982212,127,0.3937007874015748,1.191847850259234,0.0009175065008627229,50.92125984251968,"{'stop': 45, 'max_hold': 30, 'target': 30, 'breakeven': 22}"
ema_touch,1.0,24,atr,3.0,0.5,,-0.39382623935313193,-0.2867766655786529,-0.040537356703095107,-0.14135514345736444,224,0.3080357142857143,0.9263848760269788,-0.00023917835826204922,16.928571428571427,"{'stop': 154, 'target': 63, 'max_hold': 7}"
ema_touch,1.0,24,atr,3.0,0.5,0.5,-1.3560119012437541,-0.5950172904840025,-0.11988955537733814,-0.2014891958514632,301,0.18604651162790697,0.7550963266275357,-0.0005983731637647366,9.787375415282392,"{'stop': 125, 'breakeven': 120, 'target': 55, 'max_hold': 1}"
ema_touch,1.0,24,atr,3.0,0.5,1.0,-1.034540415609235,-0.5294472636074862,-0.09296350213823801,-0.17558595261181276,266,0.22180451127819548,0.8116679984310476,-0.0005114208759839559,12.015037593984962,"{'stop': 134, 'breakeven': 73, 'target': 57, 'max_hold': 2}"
ema_touch,1.0,24,atr,3.0,1.0,,-0.01499014870965619,-0.051748408988854924,-0.007540907086262205,-0.14572249144676686,178,0.3202247191011236,0.997226839246928,-1.1485005377453216e-05,26.60112359550562,"{'stop': 119, 'target': 47, 'max_hold': 12}"
ema_touch,1.0,24,atr,3.0,1.0,0.5,-0.3956437101123878,-0.2927925176330304,-0.04596841022871401,-0.15699994863368816,239,0.1799163179916318,0.9131304219551151,-0.00025298208195718855,16.531380753138077,"{'breakeven': 105, 'stop': 91, 'target': 40, 'max_hold': 3}"
ema_touch,1.0,24,atr,3.0,1.0,1.0,-0.4360045842711838,-0.3046408484190448,-0.0495625797078999,-0.16269183848820146,210,0.22380952380952382,0.9076800323757426,-0.00031335013265613857,20.5,"{'stop': 102, 'breakeven': 60, 'target': 41, 'max_hold': 7}"
ema_touch,1.0,24,atr,3.0,1.5,,0.23591956852180687,0.1602522579444583,0.023149737021377126,-0.14445810198443865,159,0.31446540880503143,1.0611628876288106,0.00027789772516850206,34.41509433962264,"{'stop': 102, 'target': 37, 'max_hold': 20}"
ema_touch,1.0,24,atr,3.0,1.5,0.5,0.008219185545942037,-0.0374136610391975,-0.006416204114674695,-0.17149361854624634,200,0.185,1.0001764003023956,5.724664270650992e-07,23.725,"{'breakeven': 85, 'stop': 75, 'target': 33, 'max_hold': 7}"
ema_touch,1.0,24,atr,3.0,1.5,1.0,-0.029014938534826534,-0.08161183456743049,-0.011580578206417336,-0.14189827085493423,176,0.23295454545454544,0.9893714602893716,-4.108423875674981e-05,28.204545454545453,"{'stop': 89, 'breakeven': 43, 'target': 34, 'max_hold': 10}"
ema_touch,1.0,24,atr,3.0,2.0,,0.24594871555428657,0.1695945859488068,0.023510695213626365,-0.13862880752999518,134,0.35074626865671643,1.0644438015295705,0.00033985818462822705,46.776119402985074,"{'stop': 78, 'target': 30, 'max_hold': 26}"
ema_touch,1.0,24,atr,3.0,2.0,0.5,-0.027673019750226287,-0.0595602944530821,-0.009214538620587076,-0.15470942018001133,166,0.22289156626506024,0.9926768941253381,-2.6718725750159348e-05,33.8433734939759,"{'breakeven': 67, 'stop': 57, 'target': 23, 'max_hold': 19}"
ema_touch,1.0,24,atr,3.0,2.0,1.0,0.05671438398175297,0.0002602513748083711,3.641164353251902e-05,-0.13990951463495527,148,0.2702702702702703,1.015058522797945,6.330539294524997e-05,39.689189189189186,"{'stop': 64, 'breakeven': 38, 'target': 25, 'max_hold': 21}"
ema_touch,1.0,24,atr,3.0,3.0,,0.8169952735065702,1.1711888096608924,0.11501561571045493,-0.09820416209727678,116,0.4396551724137931,1.2692320891254438,0.0014922485695050643,64.37931034482759,"{'stop': 50, 'max_hold': 48, 'target': 18}"
ema_touch,1.0,24,atr,3.0,3.0,0.5,0.13254192283796384,0.07070957329139894,0.00888542069888798,-0.12566078799925096,143,0.26573426573426573,1.039438031690215,0.0001714718783948463,47.11888111888112,"{'breakeven': 52, 'stop': 44, 'max_hold': 31, 'target': 16}"
ema_touch,1.0,24,atr,3.0,3.0,1.0,0.7421715184184088,0.9402768322969927,0.09454224355888519,-0.10054724344098631,125,0.376,1.2400819432961292,0.0011518632153990275,56.864,"{'stop': 45, 'max_hold': 38, 'breakeven': 24, 'target': 18}"
ema_touch,1.0,24,atr,4.0,0.5,,-0.0387381848309878,-0.06665371253717499,-0.009764539621100798,-0.14649656034770442,213,0.27230046948356806,0.992311153275174,-2.6491455466609555e-05,19.417840375586856,"{'stop': 154, 'target': 50, 'max_hold': 9}"
ema_touch,1.0,24,atr,4.0,0.5,0.5,-0.7787851108836152,-0.4529451086634596,-0.08490242245140833,-0.18744527941130995,288,0.15625,0.8317582045926859,-0.00042220012152091076,11.586805555555555,"{'breakeven': 123, 'stop': 120, 'target': 44, 'max_hold': 1}"
ema_touch,1.0,24,atr,4.0,0.5,1.0,-0.5141164460464849,-0.3149904014238651,-0.05778506985891163,-0.18345025625448652,255,0.18823529411764706,0.8899779967278838,-0.00030896463644099925,13.87843137254902,"{'stop': 130, 'breakeven': 77, 'target': 46, 'max_hold': 2}"
ema_touch,1.0,24,atr,4.0,1.0,,0.3136610506776785,0.202859131845542,0.02988419903234596,-0.14731502969804655,168,0.30357142857142855,1.0753296883521517,0.00031155312306299567,31.13095238095238,"{'stop': 114, 'target': 36, 'max_hold': 18}"
ema_touch,1.0,24,atr,4.0,1.0,0.5,-0.21212016038026438,-0.17958151935645836,-0.027044089277287964,-0.15059505774426096,230,0.16521739130434782,0.9521975188013991,-0.00013738524373784999,19.35217391304348,"{'breakeven': 106, 'stop': 86, 'target': 31, 'max_hold': 7}"
ema_touch,1.0,24,atr,4.0,1.0,1.0,-0.051401373871108595,-0.0774147928022562,-0.011116815100325028,-0.14360065690185553,201,0.208955223880597,0.9884534945447744,-3.833088819926824e-05,23.383084577114428,"{'stop': 96, 'breakeven': 62, 'target': 33, 'max_hold': 10}"
ema_touch,1.0,24,atr,4.0,1.5,,0.00913776970308606,-0.04847816754561855,-0.005847770561623777,-0.12062688953993472,155,0.2967741935483871,1.0024767489316033,1.1448855362162565e-05,38.174193548387095,"{'stop': 102, 'target': 27, 'max_hold': 26}"
ema_touch,1.0,24,atr,4.0,1.5,0.5,-0.2597150172034773,-0.21522823931623908,-0.03522396878534073,-0.16365867646942678,197,0.17258883248730963,0.9342897310375884,-0.0002178108790147286,26.573604060913706,"{'breakeven': 85, 'stop': 75, 'target': 22, 'max_hold': 15}"
ema_touch,1.0,24,atr,4.0,1.5,1.0,-0.31896356238594903,-0.2622320610404169,-0.04137255826889741,-0.157770785558219,173,0.2138728323699422,0.9235671725731177,-0.00030139771807033454,31.052023121387283,"{'stop': 88, 'breakeven': 45, 'target': 24, 'max_hold': 16}"
ema_touch,1.0,24,atr,4.0,2.0,,0.5544943712285769,0.5780550419155498,0.06867809166188121,-0.11880891382643566,132,0.3560606060606061,1.1617459981017062,0.0008326129756487825,51.81818181818182,"{'stop': 76, 'max_hold': 36, 'target': 20}"
ema_touch,1.0,24,atr,4.0,2.0,0.5,0.19536625469044047,0.1465252474773829,0.016488630623470835,-0.11253098634770065,164,0.21341463414634146,1.0574151194994272,0.0002066007515052971,37.00609756097561,"{'breakeven': 69, 'stop': 55, 'max_hold': 23, 'target': 17}"
ema_touch,1.0,24,atr,4.0,2.0,1.0,0.2988859643141545,0.2919588817312316,0.029484644312720354,-0.10098903016029159,146,0.2602739726027397,1.0869528687446468,0.0003613062507393647,43.21917808219178,"{'stop': 62, 'breakeven': 40, 'max_hold': 26, 'target': 18}"
ema_touch,1.0,24,atr,4.0,3.0,,0.5973714371888311,0.5937306375110418,0.07813531057456813,-0.1316006041091572,116,0.4224137931034483,1.188397457362327,0.0010649951887094342,67.39655172413794,"{'max_hold': 54, 'stop': 51, 'target': 11}"
ema_touch,1.0,24,atr,4.0,3.0,0.5,0.15468356627252886,0.07461616869144634,0.011916243000529514,-0.15970054760926822,143,0.2517482517482518,1.0475759015720265,0.00020843348824173283,48.83916083916084,"{'breakeven': 54, 'stop': 44, 'max_hold': 34, 'target': 11}"
ema_touch,1.0,24,atr,4.0,3.0,1.0,0.6712469204482496,0.6472380535690315,0.0855332046100814,-0.13215107507729196,125,0.36,1.2191101859958924,0.0010595649494991506,59.096,"{'stop': 45, 'max_hold': 42, 'breakeven': 26, 'target': 12}"
ema_touch,1.0,24,atr,5.0,0.5,,-0.29381826673907907,-0.21747607001842892,-0.034997510623023254,-0.16092580034234372,203,0.23645320197044334,0.9417030440977215,-0.00021167839044383384,22.87192118226601,"{'stop': 153, 'target': 36, 'max_hold': 14}"
ema_touch,1.0,24,atr,5.0,0.5,0.5,-0.9979032720357177,-0.5410444635675387,-0.10154095568103083,-0.1876758058136112,280,0.12857142857142856,0.7933790600873413,-0.0005297198579500896,13.557142857142857,"{'breakeven': 128, 'stop': 116, 'target': 33, 'max_hold': 3}"
ema_touch,1.0,24,atr,5.0,0.5,1.0,-0.4902997013857391,-0.31583758269776524,-0.0542312726792652,-0.1717062048665715,248,0.16129032258064516,0.8980251669793412,-0.00029369754325582774,16.298387096774192,"{'stop': 126, 'breakeven': 82, 'target': 35, 'max_hold': 5}"
ema_touch,1.0,24,atr,5.0,1.0,,0.29590018894637615,0.22108185773541092,0.028535893806146184,-0.1290738828524669,164,0.2804878048780488,1.073944023807178,0.0003150985069325825,33.792682926829265,"{'stop': 115, 'target': 29, 'max_hold': 20}"
ema_touch,1.0,24,atr,5.0,1.0,0.5,-0.42764079690773327,-0.3109580765104411,-0.05146814654893184,-0.16551474438774927,224,0.14285714285714285,0.8974347016748998,-0.00030258934528426404,20.928571428571427,"{'breakeven': 108, 'stop': 84, 'target': 22, 'max_hold': 10}"
ema_touch,1.0,24,atr,5.0,1.0,1.0,-0.2698950511463456,-0.22659646667521735,-0.035234028615859225,-0.15549240079881943,196,0.1836734693877551,0.9360366513286543,-0.00021840192867787108,25.448979591836736,"{'stop': 94, 'breakeven': 65, 'target': 24, 'max_hold': 13}"
ema_touch,1.0,24,atr,5.0,1.5,,0.328506201668695,0.3201816603559249,0.03447760304777492,-0.10768138003109995,152,0.3026315789473684,1.087917434338831,0.00040243614417245674,41.723684210526315,"{'stop': 99, 'max_hold': 33, 'target': 20}"
ema_touch,1.0,24,atr,5.0,1.5,0.5,-0.09909907380769885,-0.13501283312363205,-0.018937169313780866,-0.14026199492043834,194,0.16494845360824742,0.9727260655142836,-8.968372768667672e-05,28.24742268041237,"{'breakeven': 86, 'stop': 73, 'target': 18, 'max_hold': 17}"
ema_touch,1.0,24,atr,5.0,1.5,1.0,-0.07628291844212141,-0.13343756778406732,-0.01630387145218526,-0.12218351790230975,170,0.20588235294117646,0.9800120786055779,-7.804234065102751e-05,33.411764705882355,"{'stop': 85, 'breakeven': 47, 'max_hold': 19, 'target': 19}"
ema_touch,1.0,24,atr,5.0,2.0,,0.49492214730986417,0.5911041335509698,0.05946052163291338,-0.10059229543145498,132,0.3484848484848485,1.1420268827691324,0.000736342503028735,54.03787878787879,"{'stop': 77, 'max_hold': 40, 'target': 15}"
ema_touch,1.0,24,atr,5.0,2.0,0.5,0.19115120500821248,0.13288799353368613,0.01615317238777858,-0.12155479180806406,164,0.2073170731707317,1.057120104449797,0.00020636053872962243,38.359756097560975,"{'breakeven': 70, 'stop': 55, 'max_hold': 25, 'target': 14}"
ema_touch,1.0,24,atr,5.0,2.0,1.0,0.32730281426644997,0.34974173288631005,0.0337066368923149,-0.09637579311494937,146,0.2534246575342466,1.0975243454107575,0.0004068080598148291,44.9041095890411,"{'stop': 62, 'breakeven': 41, 'max_hold': 29, 'target': 14}"
ema_touch,1.0,24,atr,5.0,3.0,,0.8148244990650002,0.9045182310523245,0.11903514563423223,-0.1316006041091573,115,0.4260869565217391,1.2759867171279413,0.0015633065640367476,68.6,"{'max_hold': 58, 'stop': 51, 'target': 6}"
ema_touch,1.0,24,atr,5.0,3.0,0.5,0.3739472922317337,0.2884644769530564,0.04370742386403581,-0.1515175259210464,141,0.2553191489361702,1.1239770243382936,0.0005380717442626652,50.361702127659576,"{'breakeven': 53, 'stop': 43, 'max_hold': 38, 'target': 7}"
ema_touch,1.0,24,atr,5.0,3.0,1.0,0.8614729951322027,0.9535949642359541,0.11842683284355338,-0.12418986811496024,123,0.36585365853658536,1.299852628724821,0.001438146858365947,61.03252032520325,"{'max_hold': 48, 'stop': 44, 'breakeven': 25, 'target': 6}"
ema_touch,1.0,48,h4_level,,0.5,,0.5253460042360749,0.4109539389828311,0.05383745174540033,-0.13100604870379295,209,0.2966507177033493,1.1271831221577382,0.0004076649897411796,18.708133971291865,"{'stop': 145, 'target': 61, 'max_hold': 3}"
ema_touch,1.0,48,h4_level,,0.5,0.5,-0.8597997629971983,-0.4260555119659911,-0.08443972984929438,-0.1981895022544259,282,0.1950354609929078,0.8211635819979822,-0.0004322683737454249,11.542553191489361,"{'stop': 118, 'breakeven': 108, 'target': 54, 'max_hold': 2}"
ema_touch,1.0,48,h4_level,,0.5,1.0,-0.054463609916075795,-0.07239760155900281,-0.011505167999888655,-0.1589164247452609,248,0.23387096774193547,0.9873730404423862,-3.4709705362123815e-05,14.165322580645162,"{'stop': 128, 'breakeven': 61, 'target': 57, 'max_hold': 2}"
ema_touch,1.0,48,h4_level,,1.0,,0.6911619327950942,0.682520663074824,0.07574891611928791,-0.11098406277991857,178,0.3595505617977528,1.1740351795967774,0.0006501421967913688,24.9438202247191,"{'stop': 112, 'target': 63, 'max_hold': 3}"
ema_touch,1.0,48,h4_level,,1.0,0.5,-0.15219120280910092,-0.11922200884024717,-0.020440314323198927,-0.17144749129825643,235,0.24680851063829787,0.9655793795424463,-9.620286377163923e-05,15.702127659574469,"{'stop': 91, 'breakeven': 85, 'target': 57, 'max_hold': 2}"
ema_touch,1.0,48,h4_level,,1.0,1.0,0.13700700254664064,0.060486551011959475,0.00906261909957018,-0.14982866352849755,204,0.29411764705882354,1.0326377888555873,0.00010606660339691996,19.995098039215687,"{'stop': 98, 'target': 60, 'breakeven': 44, 'max_hold': 2}"
ema_touch,1.0,48,h4_level,,1.5,,0.7543705798173181,0.7589856360381708,0.08501217578702214,-0.11200762142321585,159,0.4088050314465409,1.1995478226938903,0.0008059837003744753,30.0188679245283,"{'stop': 91, 'target': 63, 'max_hold': 5}"
ema_touch,1.0,48,h4_level,,1.5,0.5,0.07606701596751739,0.015141022586005345,0.0026081476143249294,-0.17225703214627042,198,0.30303030303030304,1.0181674550171256,5.7449634926511335e-05,21.353535353535353,"{'stop': 74, 'breakeven': 63, 'target': 59, 'max_hold': 2}"
ema_touch,1.0,48,h4_level,,1.5,1.0,0.2677814490944276,0.16389178255779982,0.023927886356740924,-0.14599808473193132,172,0.3488372093023256,1.0676337876837567,0.00025018226055677564,26.08139534883721,"{'stop': 84, 'target': 60, 'breakeven': 26, 'max_hold': 2}"
ema_touch,1.0,48,h4_level,,2.0,,1.0424933299964485,1.2060153919962335,0.12644310832898986,-0.10484369367765478,138,0.4782608695652174,1.305983779482055,0.001326122264212013,38.289855072463766,"{'stop': 68, 'target': 65, 'max_hold': 5}"
ema_touch,1.0,48,h4_level,,2.0,0.5,0.4105030398199192,0.259929451920968,0.03867438484773711,-0.14878800598362407,165,0.3575757575757576,1.1107808053562198,0.00038087045288012815,28.684848484848484,"{'target': 60, 'stop': 55, 'breakeven': 48, 'max_hold': 2}"
ema_touch,1.0,48,h4_level,,2.0,1.0,0.9243521134988743,1.0624424551879723,0.10525236564546492,-0.09906641543879491,146,0.4315068493150685,1.2768383573139948,0.001057458067373355,34.47945205479452,"{'target': 64, 'stop': 59, 'breakeven': 21, 'max_hold': 2}"
ema_touch,1.0,48,h4_level,,3.0,,1.2240294688923712,1.8950530245960113,0.16559715947790044,-0.08738391872343654,119,0.5798319327731093,1.4088758140664672,0.001967102580175053,49.90756302521008,"{'target': 70, 'stop': 44, 'max_hold': 5}"
ema_touch,1.0,48,h4_level,,3.0,0.5,0.688174848821209,0.5824924829691902,0.08123207256783482,-0.13945600148136406,135,0.4666666666666667,1.2196043944996964,0.0009154095724710232,40.74074074074074,"{'target': 64, 'stop': 39, 'breakeven': 30, 'max_hold': 2}"
ema_touch,1.0,48,h4_level,,3.0,1.0,1.3026017796158307,1.9418339577271606,0.1742225198474947,-0.0897206062105409,121,0.5619834710743802,1.451685728040061,0.0020191418743547326,48.32231404958678,"{'target': 68, 'stop': 40, 'breakeven': 10, 'max_hold': 3}"
ema_touch,1.0,48,atr,2.0,0.5,,-0.16639749391006795,-0.13267460785693275,-0.018393032376711416,-0.13863264925979812,260,0.36923076923076925,0.9719299739309468,-8.11785206690251e-05,11.723076923076922,"{'stop': 164, 'target': 96}"
ema_touch,1.0,48,atr,2.0,0.5,0.5,-1.2752374906551718,-0.5729601081707655,-0.10573559612943828,-0.1845426838999492,332,0.25301204819277107,0.7938767849208457,-0.0004742808778717699,7.337349397590361,"{'stop': 138, 'breakeven': 110, 'target': 84}"
ema_touch,1.0,48,atr,2.0,0.5,1.0,-0.7533290917401964,-0.41734159494554784,-0.06623567253784723,-0.15870853358503423,290,0.3,0.8733893526990466,-0.0003250771621349649,9.375862068965517,"{'stop': 147, 'target': 87, 'breakeven': 56}"
ema_touch,1.0,48,atr,2.0,1.0,,0.11961936430350066,0.055017711461329284,0.006980142113247156,-0.1268708190116803,197,0.38071065989847713,1.0234120346100812,8.903028219046176e-05,20.898477157360407,"{'stop': 122, 'target': 75}"
ema_touch,1.0,48,atr,2.0,1.0,0.5,-0.18406989024208653,-0.15787382060024086,-0.020839546254928898,-0.13200127909552284,256,0.26171875,0.9649724697753411,-9.53158701286263e-05,13.01171875,"{'stop': 97, 'breakeven': 92, 'target': 67}"
ema_touch,1.0,48,atr,2.0,1.0,1.0,-0.28460405014805507,-0.24339176625049322,-0.030254434419788256,-0.12430344249464498,223,0.3094170403587444,0.9480725829629318,-0.00017019019415505824,17.0,"{'stop': 111, 'target': 69, 'breakeven': 43}"
ema_touch,1.0,48,atr,2.0,1.5,,0.534078295787684,0.5279288982584136,0.05692414587056693,-0.10782540235693516,161,0.37267080745341613,1.1244685837471087,0.0005584394595070936,33.30434782608695,"{'stop': 100, 'target': 59, 'max_hold': 2}"
ema_touch,1.0,48,atr,2.0,1.5,0.5,-0.09071078320831541,-0.09119468239146043,-0.01475828537623336,-0.16183274056355879,204,0.24509803921568626,0.9791749202421591,-6.83455640479132e-05,21.36764705882353,"{'stop': 78, 'breakeven': 76, 'target': 49, 'max_hold': 1}"
ema_touch,1.0,48,atr,2.0,1.5,1.0,-0.2278534254029768,-0.20802151812618094,-0.029416519938087138,-0.14141094730519066,174,0.28735632183908044,0.9476792361954725,-0.00020486319795887396,26.867816091954023,"{'stop': 89, 'target': 49, 'breakeven': 34, 'max_hold': 2}"
ema_touch,1.0,48,atr,2.0,2.0,,0.7613526687309579,1.1339059499952504,0.09794550896080101,-0.08637886498541725,128,0.390625,1.2141702231397817,0.0011550495839701825,50.234375,"{'stop': 75, 'target': 44, 'max_hold': 9}"
ema_touch,1.0,48,atr,2.0,2.0,0.5,0.3156924102151462,0.23226388349977842,0.03105442037744477,-0.133703182386832,158,0.24050632911392406,1.0903361397002604,0.0003410675527429306,33.765822784810126,"{'breakeven': 64, 'stop': 55, 'target': 36, 'max_hold': 3}"
ema_touch,1.0,48,atr,2.0,2.0,1.0,0.2477657304532342,0.1681876642507721,0.022968382010384536,-0.13656401087857484,136,0.2867647058823529,1.0700223656525956,0.0003121218427225049,41.93382352941177,"{'stop': 63, 'target': 36, 'breakeven': 33, 'max_hold': 4}"
ema_touch,1.0,48,atr,2.0,3.0,,0.4308172899527804,0.46981003833272705,0.050274068204421374,-0.10700935293514624,96,0.4375,1.1292625213339114,0.0008808134958359268,78.47916666666667,"{'stop': 52, 'target': 29, 'max_hold': 15}"
ema_touch,1.0,48,atr,2.0,3.0,0.5,0.4070573816463693,0.3067471928406049,0.0447686393742881,-0.1459463702331295,124,0.27419354838709675,1.1307592655020267,0.000607405045611193,52.08870967741935,"{'breakeven': 48, 'stop': 42, 'target': 26, 'max_hold': 8}"
ema_touch,1.0,48,atr,2.0,3.0,1.0,0.8528977742922441,0.9543840720213247,0.10678791493897588,-0.11189197103091408,102,0.3627450980392157,1.2923216614340518,0.0015645805322668765,69.3921568627451,"{'stop': 41, 'target': 28, 'breakeven': 24, 'max_hold': 9}"
ema_touch,1.0,48,atr,3.0,0.5,,-0.33301407991555887,-0.2543060407915511,-0.03594746687816408,-0.14135514345736444,224,0.29910714285714285,0.9381948714857569,-0.00020672175381576124,17.013392857142858,"{'stop': 157, 'target': 67}"
ema_touch,1.0,48,atr,3.0,0.5,0.5,-1.3234955673201283,-0.5848084646224078,-0.11783258726389767,-0.20148919585146297,301,0.18604651162790697,0.759752222665885,-0.0005869974126203681,9.79734219269103,"{'stop': 125, 'breakeven': 120, 'target': 56}"
ema_touch,1.0,48,atr,3.0,0.5,1.0,-0.8877338226280538,-0.4679940970901963,-0.0821731893542873,-0.17558595261181276,265,0.22264150943396227,0.835542188863181,-0.00044792427086211745,12.086792452830188,"{'stop': 134, 'breakeven': 72, 'target': 59}"
ema_touch,1.0,48,atr,3.0,1.0,,-0.13186416874847043,-0.13180715194558734,-0.02056472597611858,-0.15602132109347233,172,0.29069767441860467,0.9725940141076872,-0.00012082945542658157,28.732558139534884,"{'stop': 122, 'target': 49, 'max_hold': 1}"
ema_touch,1.0,48,atr,3.0,1.0,0.5,-0.2519757927003247,-0.20080098841113053,-0.03152574486614135,-0.15699994863368838,234,0.1794871794871795,0.9437110138341857,-0.00016445304891554623,17.23076923076923,"{'breakeven': 102, 'stop': 90, 'target': 41, 'max_hold': 1}"
ema_touch,1.0,48,atr,3.0,1.0,1.0,-0.44575545514063414,-0.29049381392518564,-0.04981355315612135,-0.17147887758102287,203,0.21182266009852216,0.906625489246569,-0.00032529259194364035,21.945812807881772,"{'stop': 101, 'breakeven': 59, 'target': 42, 'max_hold': 1}"
ema_touch,1.0,48,atr,3.0,1.5,,0.5402579203928839,0.5066071989606112,0.06747150840886595,-0.13318308256829936,140,0.30714285714285716,1.1563918314142039,0.0007615046754378285,44.18571428571428,"{'stop': 95, 'target': 36, 'max_hold': 9}"
ema_touch,1.0,48,atr,3.0,1.5,0.5,0.1266300145513375,0.04907667251986779,0.008215006965130334,-0.1673912786529005,184,0.18478260869565216,1.0348965714471074,0.00011653620232331183,27.619565217391305,"{'breakeven': 81, 'stop': 69, 'target': 30, 'max_hold': 4}"
ema_touch,1.0,48,atr,3.0,1.5,1.0,0.046689188072124146,-0.012752131479523124,-0.0018339270468525903,-0.14381337345818923,159,0.22012578616352202,1.0111518490345073,4.440500168285933e-05,33.57861635220126,"{'stop': 80, 'breakeven': 43, 'target': 31, 'max_hold': 5}"
ema_touch,1.0,48,atr,3.0,2.0,,0.6276206753336717,0.5355997399780896,0.0759700463287516,-0.14184108142371277,114,0.35964912280701755,1.185244975942535,0.0010409329559741924,60.04385964912281,"{'stop': 71, 'target': 28, 'max_hold': 15}"
ema_touch,1.0,48,atr,3.0,2.0,0.5,0.3855250969861303,0.30631794721090055,0.04108665254786281,-0.13413073873720682,151,0.2119205298013245,1.1226315010464776,0.0004605298703193733,40.34437086092715,"{'breakeven': 66, 'stop': 53, 'target': 24, 'max_hold': 8}"
ema_touch,1.0,48,atr,3.0,2.0,1.0,0.3973485700817496,0.31600305532621703,0.0428689347632043,-0.1356598742975752,130,0.24615384615384617,1.1256491011231868,0.0005548396775687971,48.52307692307692,"{'stop': 59, 'breakeven': 39, 'target': 24, 'max_hold': 8}"
ema_touch,1.0,48,atr,3.0,3.0,,0.7419350863076838,1.0220852671205451,0.10789523893445341,-0.1055638334739133,90,0.4222222222222222,1.263051278124228,0.0018345400879404997,92.74444444444444,"{'stop': 50, 'max_hold': 23, 'target': 17}"
ema_touch,1.0,48,atr,3.0,3.0,0.5,0.6092836280223833,0.7571727414373736,0.08489939084693465,-0.11212684530318207,124,0.23387096774193547,1.2332847264268532,0.001085291642142762,59.87903225806452,"{'breakeven': 54, 'stop': 41, 'target': 17, 'max_hold': 12}"
ema_touch,1.0,48,atr,3.0,3.0,1.0,1.0029272588888565,1.8114693036435205,0.15849120932334904,-0.08749317971028592,101,0.31683168316831684,1.417159902080252,0.0022864087919609697,78.63366336633663,"{'stop': 41, 'breakeven': 28, 'target': 19, 'max_hold': 13}"
ema_touch,1.0,48,atr,4.0,0.5,,0.039659309138558106,-0.011479238253392194,-0.0016129942512175255,-0.14051404941794587,206,0.25728155339805825,1.0091028651912726,3.2623281721933165e-05,20.524271844660195,"{'stop': 153, 'target': 51, 'max_hold': 2}"
ema_touch,1.0,48,atr,4.0,0.5,0.5,-0.77982122328171,-0.4534238052708299,-0.08499215187073006,-0.18744527941130984,287,0.15331010452961671,0.8316799303697794,-0.0004238683144244883,11.658536585365853,"{'breakeven': 123, 'stop': 120, 'target': 44}"
ema_touch,1.0,48,atr,4.0,0.5,1.0,-0.48782945244624554,-0.3013972171589449,-0.05529139672219763,-0.18345025625448674,251,0.18326693227091634,0.8943864254150905,-0.00029835508450819074,14.322709163346614,"{'stop': 129, 'breakeven': 76, 'target': 45, 'max_hold': 1}"
ema_touch,1.0,48,atr,4.0,1.0,,0.6877138515664597,0.6179153340440211,0.0823417670925668,-0.1332573615768219,156,0.28846153846153844,1.1843507807987972,0.0008137148205510903,35.92948717948718,"{'stop': 111, 'target': 41, 'max_hold': 4}"
ema_touch,1.0,48,atr,4.0,1.0,0.5,0.1803104518318788,0.1032077120736034,0.014313618647972426,-0.1386874910836562,218,0.16055045871559634,1.0482025574889526,0.0001397160523939491,21.889908256880734,"{'breakeven': 101, 'stop': 82, 'target': 32, 'max_hold': 3}"
ema_touch,1.0,48,atr,4.0,1.0,1.0,0.23106493090149066,0.14786829597470058,0.020302609411712025,-0.13730197726215554,189,0.19047619047619047,1.061041813955106,0.00020887261036772753,26.391534391534393,"{'stop': 91, 'breakeven': 62, 'target': 34, 'max_hold': 2}"
ema_touch,1.0,48,atr,4.0,1.5,,0.8205337124388249,1.0589166961297605,0.10811408189211003,-0.10209876025872167,130,0.3076923076923077,1.2511444569079508,0.0012494482816216806,51.44615384615385,"{'stop': 89, 'target': 28, 'max_hold': 13}"
ema_touch,1.0,48,atr,4.0,1.5,0.5,0.20722718438160276,0.12635524523489383,0.01826496649294751,-0.14455249925709868,172,0.1744186046511628,1.0618272157084387,0.0002148009871304802,34.05813953488372,"{'breakeven': 76, 'stop': 66, 'target': 23, 'max_hold': 7}"
ema_touch,1.0,48,atr,4.0,1.5,1.0,0.13236200327822895,0.06594602809923905,0.008821613122347971,-0.13377019627433429,153,0.20261437908496732,1.037648844620172,0.00015258128302825564,38.76470588235294,"{'stop': 77, 'breakeven': 45, 'target': 24, 'max_hold': 7}"
ema_touch,1.0,48,atr,4.0,2.0,,0.818594513554946,1.2796239349343288,0.11067687667604265,-0.08649172124286864,107,0.34579439252336447,1.27489203964495,0.0015580280315133943,71.99065420560747,"{'stop': 68, 'max_hold': 21, 'target': 18}"
ema_touch,1.0,48,atr,4.0,2.0,0.5,0.5274396169486713,0.6455664809651737,0.06607419125936276,-0.1023507155460992,151,0.18543046357615894,1.190173832673259,0.0007096386862979337,44.13245033112583,"{'breakeven': 70, 'stop': 53, 'target': 18, 'max_hold': 10}"
ema_touch,1.0,48,atr,4.0,2.0,1.0,0.5289453879143734,0.6490028459557752,0.0657629191434359,-0.10132916912958678,129,0.21705426356589147,1.1888085741641068,0.0008267947263358381,53.12403100775194,"{'stop': 58, 'breakeven': 43, 'target': 18, 'max_hold': 10}"
ema_touch,1.0,48,atr,4.0,3.0,,0.7919709470381774,0.8791093840207418,0.12108410271185721,-0.13773496781260652,89,0.4157303370786517,1.2896052109985254,0.00206366640584795,98.29213483146067,"{'stop': 50, 'max_hold': 27, 'target': 12}"
ema_touch,1.0,48,atr,4.0,3.0,0.5,0.8000970758197552,0.9392675541618557,0.12875207403456335,-0.13707710168851062,123,0.21951219512195122,1.3397816591176683,0.0015922053269391123,62.86178861788618,"{'breakeven': 56, 'stop': 40, 'max_hold': 14, 'target': 13}"
ema_touch,1.0,48,atr,4.0,3.0,1.0,1.122174148868772,1.8497230985758275,0.19549571764881457,-0.10568918007205197,100,0.31,1.5075249855298893,0.0027949939940716713,83.63,"{'stop': 40, 'breakeven': 29, 'max_hold': 16, 'target': 15}"
ema_touch,1.0,48,atr,5.0,0.5,,0.19203613093069782,0.09118708158991971,0.01577893574442113,-0.17303915718435947,193,0.22279792746113988,1.046282958362546,0.00017547858354081464,25.704663212435232,"{'stop': 150, 'target': 40, 'max_hold': 3}"
ema_touch,1.0,48,atr,5.0,0.5,0.5,-0.588330094379754,-0.37603419089361423,-0.07057251978942836,-0.1876758058136112,279,0.12544802867383512,0.8644435050258811,-0.000348775588451396,14.021505376344086,"{'breakeven': 128, 'stop': 116, 'target': 35}"
ema_touch,1.0,48,atr,5.0,0.5,1.0,-0.05138353699668177,-0.07104990089571897,-0.01219970883894994,-0.17170620486657173,243,0.16049382716049382,0.9887319245371796,-3.2576331683771595e-05,17.51440329218107,"{'stop': 125, 'breakeven': 79, 'target': 37, 'max_hold': 2}"
ema_touch,1.0,48,atr,5.0,1.0,,0.7813808807083471,1.0071247839563724,0.09732730149584845,-0.09663877112973973,143,0.27972027972027974,1.226198060083838,0.0010307721558014443,42.82517482517483,"{'stop': 103, 'target': 31, 'max_hold': 9}"
ema_touch,1.0,48,atr,5.0,1.0,0.5,-0.10348781087016957,-0.12844418435570748,-0.01789861714903307,-0.1393493776212199,206,0.1407766990291262,0.9731106242275717,-8.078260035182861e-05,24.558252427184467,"{'breakeven': 99, 'stop': 78, 'target': 24, 'max_hold': 5}"
ema_touch,1.0,48,atr,5.0,1.0,1.0,0.10215725424458841,0.043794805313158165,0.005231949543514247,-0.11946507139608875,180,0.17222222222222222,1.028265041497887,9.941622714823384e-05,29.594444444444445,"{'stop': 88, 'breakeven': 61, 'target': 26, 'max_hold': 5}"
ema_touch,1.0,48,atr,5.0,1.5,,0.9959177478282351,2.0273309184910806,0.13443364789380619,-0.06631065834770755,119,0.31092436974789917,1.3351122084938363,0.0016514472238202925,60.075630252100844,"{'stop': 81, 'target': 20, 'max_hold': 18}"
ema_touch,1.0,48,atr,5.0,1.5,0.5,0.44473480643145835,0.4551264256769949,0.050379080878204974,-0.11069249781149648,169,0.16568047337278108,1.142859399532719,0.000495408674947837,36.55621301775148,"{'breakeven': 76, 'stop': 65, 'target': 20, 'max_hold': 8}"
ema_touch,1.0,48,atr,5.0,1.5,1.0,0.4186604440131147,0.4778399227314193,0.046334432713690976,-0.09696643271000671,149,0.19463087248322147,1.1295876398679188,0.0005232224654009994,42.43624161073826,"{'stop': 74, 'breakeven': 46, 'target': 20, 'max_hold': 9}"
ema_touch,1.0,48,atr,5.0,2.0,,1.0787849439120283,1.9770938161842608,0.161017492884163,-0.08144150346639722,105,0.3523809523809524,1.3905711628062314,0.002217141007594545,76.56190476190476,"{'stop': 66, 'max_hold': 25, 'target': 14}"
ema_touch,1.0,48,atr,5.0,2.0,0.5,0.7221799417478836,0.9521285708979996,0.10344380285992116,-0.10864478393118504,150,0.18,1.2853629768250412,0.0010640721192461632,46.38666666666666,"{'breakeven': 71, 'stop': 52, 'target': 15, 'max_hold': 12}"
ema_touch,1.0,48,atr,5.0,2.0,1.0,0.8114303606059563,1.4835855250250767,0.1175245585695186,-0.0792165713314924,127,0.2204724409448819,1.321016691217392,0.0014015775255328334,57.15748031496063,"{'stop': 56, 'breakeven': 43, 'target': 15, 'max_hold': 13}"
ema_touch,1.0,48,atr,5.0,3.0,,1.05917937086718,1.4064679030920892,0.1884136734668067,-0.13396229878590427,88,0.42045454545454547,1.4349275111119608,0.0030849550018504004,102.42045454545455,"{'stop': 49, 'max_hold': 29, 'target': 10}"
ema_touch,1.0,48,atr,5.0,3.0,0.5,0.7924746329696647,1.0064465337481312,0.12179158937608126,-0.12101148475569223,121,0.21487603305785125,1.3288556237054234,0.001530121668331255,65.10743801652893,"{'breakeven': 56, 'stop': 39, 'max_hold': 16, 'target': 10}"
ema_touch,1.0,48,atr,5.0,3.0,1.0,1.1803012334161902,1.9361930540915222,0.20463465634813516,-0.10568918007205197,97,0.30927835051546393,1.5482636518867803,0.0029805487247350627,89.1340206185567,"{'stop': 38, 'breakeven': 29, 'max_hold': 19, 'target': 11}"
ema_touch,1.0,96,h4_level,,0.5,,0.40219093441822207,0.2560581394461124,0.039903640360642534,-0.15583820317900998,205,0.2926829268292683,1.099850717796296,0.00032012007417502877,20.097560975609756,"{'stop': 143, 'target': 61, 'max_hold': 1}"
ema_touch,1.0,96,h4_level,,0.5,0.5,-1.0297099917722015,-0.452443663299828,-0.09670863361388427,-0.2137473490258539,275,0.19272727272727272,0.7826464518334391,-0.00051726219576338,12.094545454545454,"{'stop': 113, 'breakeven': 108, 'target': 54}"
ema_touch,1.0,96,h4_level,,0.5,1.0,-0.22003678131874488,-0.15743383578985579,-0.028267472066326516,-0.1795514409244161,243,0.23045267489711935,0.9481840589273969,-0.00014068590629883815,14.716049382716049,"{'stop': 124, 'breakeven': 62, 'target': 57}"
ema_touch,1.0,96,h4_level,,1.0,,0.5600176877836825,0.4223067723096902,0.0600861763079088,-0.14228087316545757,175,0.35428571428571426,1.143932695068492,0.0005380990718387075,26.6,"{'stop': 111, 'target': 63, 'max_hold': 1}"
ema_touch,1.0,96,h4_level,,1.0,0.5,-0.3291035790723661,-0.1921339986051667,-0.03678393272289737,-0.19144936861740935,230,0.24347826086956523,0.9246352266763115,-0.0002079061896745936,16.282608695652176,"{'stop': 89, 'breakeven': 84, 'target': 57}"
ema_touch,1.0,96,h4_level,,1.0,1.0,0.008843309719836392,-0.027086962409247857,-0.004506801957636863,-0.16638270063453775,200,0.29,1.001960163403765,6.252189785272422e-06,20.78,"{'stop': 96, 'target': 60, 'breakeven': 44}"
ema_touch,1.0,96,h4_level,,1.5,,0.5578931804601693,0.4359120857659437,0.061289933465672464,-0.14060159253896243,156,0.3974358974358974,1.1483437781228802,0.0006154439094047307,32.11538461538461,"{'stop': 92, 'target': 63, 'max_hold': 1}"
ema_touch,1.0,96,h4_level,,1.5,0.5,-0.017430230844647638,-0.03677683005507595,-0.006746726931427416,-0.1834504746962614,194,0.29896907216494845,0.9950578311368565,-1.5309494142277933e-05,22.15463917525773,"{'stop': 72, 'breakeven': 63, 'target': 59}"
ema_touch,1.0,96,h4_level,,1.5,1.0,0.18921507472944474,0.09488662529238699,0.014890010761017702,-0.1569242315777919,168,0.34523809523809523,1.0481920513656517,0.00017565857734239305,27.273809523809526,"{'stop': 82, 'target': 60, 'breakeven': 26}"
ema_touch,1.0,96,h4_level,,2.0,,0.87178570683374,0.8254473602762705,0.105083757486929,-0.12730521962267627,135,0.4666666666666667,1.2589515181042399,0.0011487281986732277,41.11851851851852,"{'stop': 69, 'target': 65, 'max_hold': 1}"
ema_touch,1.0,96,h4_level,,2.0,0.5,0.41246377662104844,0.25454066622849114,0.0380590113492596,-0.14952035725048163,161,0.35403726708074534,1.1150484363003383,0.00037984647039546,29.975155279503106,"{'target': 60, 'stop': 53, 'breakeven': 48}"
ema_touch,1.0,96,h4_level,,2.0,1.0,0.9361755207326405,1.0476355007397533,0.10459754732620241,-0.09984154532024192,142,0.4295774647887324,1.2925475951152283,0.0010753558791898432,36.105633802816904,"{'target': 64, 'stop': 57, 'breakeven': 21}"
ema_touch,1.0,96,h4_level,,3.0,,0.9637393112983501,1.039242989715011,0.12678591071756729,-0.12199833145118011,117,0.5641025641025641,1.311212201310299,0.00158119950973888,52.97435897435897,"{'target': 70, 'stop': 46, 'max_hold': 1}"
ema_touch,1.0,96,h4_level,,3.0,0.5,0.6380647614826745,0.48082612002582753,0.0721128931163062,-0.1499770709470456,132,0.4621212121212121,1.2052350504791771,0.000837130998097395,42.28030303030303,"{'target': 64, 'stop': 38, 'breakeven': 30}"
ema_touch,1.0,96,h4_level,,3.0,1.0,1.1815552955291957,1.413216364324737,0.15028857968466913,-0.10634506044407432,119,0.5462184873949579,1.410794554031745,0.0017943622294746694,50.1764705882353,"{'target': 68, 'stop': 39, 'breakeven': 12}"
ema_touch,1.0,96,atr,2.0,0.5,,-0.16639749391006795,-0.13267460785693275,-0.018393032376711416,-0.13863264925979812,260,0.36923076923076925,0.9719299739309468,-8.11785206690251e-05,11.723076923076922,"{'stop': 164, 'target': 96}"
ema_touch,1.0,96,atr,2.0,0.5,0.5,-1.2752374906551718,-0.5729601081707655,-0.10573559612943828,-0.1845426838999492,332,0.25301204819277107,0.7938767849208457,-0.0004742808778717699,7.337349397590361,"{'stop': 138, 'breakeven': 110, 'target': 84}"
ema_touch,1.0,96,atr,2.0,0.5,1.0,-0.7533290917401964,-0.41734159494554784,-0.06623567253784723,-0.15870853358503423,290,0.3,0.8733893526990466,-0.0003250771621349649,9.375862068965517,"{'stop': 147, 'target': 87, 'breakeven': 56}"
ema_touch,1.0,96,atr,2.0,1.0,,0.11961936430350066,0.055017711461329284,0.006980142113247156,-0.1268708190116803,197,0.38071065989847713,1.0234120346100812,8.903028219046176e-05,20.898477157360407,"{'stop': 122, 'target': 75}"
ema_touch,1.0,96,atr,2.0,1.0,0.5,-0.18406989024208653,-0.15787382060024086,-0.020839546254928898,-0.13200127909552284,256,0.26171875,0.9649724697753411,-9.53158701286263e-05,13.01171875,"{'stop': 97, 'breakeven': 92, 'target': 67}"
ema_touch,1.0,96,atr,2.0,1.0,1.0,-0.28460405014805507,-0.24339176625049322,-0.030254434419788256,-0.12430344249464498,223,0.3094170403587444,0.9480725829629318,-0.00017019019415505824,17.0,"{'stop': 111, 'target': 69, 'breakeven': 43}"
ema_touch,1.0,96,atr,2.0,1.5,,0.22073225996808968,0.17786523529497933,0.01917839056099213,-0.10782540235693538,159,0.3584905660377358,1.0496930434049865,0.0002338269277955748,34.062893081761004,"{'stop': 102, 'target': 57}"
ema_touch,1.0,96,atr,2.0,1.5,0.5,-0.22484689478137465,-0.17455611534269563,-0.028248894528037027,-0.16183274056355834,203,0.23645320197044334,0.9495502919792196,-0.00016763474648068602,21.95566502463054,"{'stop': 78, 'breakeven': 77, 'target': 48}"
ema_touch,1.0,96,atr,2.0,1.5,1.0,-0.40052926314964665,-0.3249162154966893,-0.04696800290686609,-0.1445541978724194,172,0.27906976744186046,0.9102853479399007,-0.0003613319837205645,27.412790697674417,"{'stop': 90, 'target': 48, 'breakeven': 34}"
ema_touch,1.0,96,atr,2.0,2.0,,0.29307556116898215,0.255684849692986,0.031181893582282516,-0.12195440449336059,124,0.3548387096774194,1.0769437602713863,0.00046071833000968965,53.516129032258064,"{'stop': 80, 'target': 44}"
ema_touch,1.0,96,atr,2.0,2.0,0.5,0.22840912530220692,0.14723063737016323,0.020509027032662885,-0.13929863647264973,156,0.23076923076923078,1.0644078915768456,0.0002510156490785804,34.78846153846154,"{'breakeven': 64, 'stop': 56, 'target': 36}"
ema_touch,1.0,96,atr,2.0,2.0,1.0,0.1831854027128624,0.10630955578162654,0.01511094515777267,-0.14214098673135733,134,0.27611940298507465,1.0509924077466408,0.00023504274594774265,43.343283582089555,"{'stop': 64, 'target': 37, 'breakeven': 33}"
ema_touch,1.0,96,atr,2.0,3.0,,0.42606163776843725,0.43857582997313793,0.0516495153957095,-0.11776644280391135,87,0.39080459770114945,1.1307301576209492,0.0010087691738300932,94.816091954023,"{'stop': 52, 'target': 32, 'max_hold': 3}"
ema_touch,1.0,96,atr,2.0,3.0,0.5,0.43258085246502315,0.3363316384986762,0.04909838031667868,-0.14598204479318388,114,0.24561403508771928,1.1464488071179575,0.000716878346739096,58.98245614035088,"{'breakeven': 47, 'stop': 39, 'target': 28}"
ema_touch,1.0,96,atr,2.0,3.0,1.0,0.643255422393853,0.5592008076485628,0.07824350744560293,-0.13992023326042136,96,0.3020833333333333,1.2248791177450458,0.0012689917249824876,77.32291666666667,"{'stop': 39, 'target': 29, 'breakeven': 28}"
ema_touch,1.0,96,atr,3.0,0.5,,-0.33301407991555887,-0.2543060407915511,-0.03594746687816408,-0.14135514345736444,224,0.29910714285714285,0.9381948714857569,-0.00020672175381576124,17.013392857142858,"{'stop': 157, 'target': 67}"
ema_touch,1.0,96,atr,3.0,0.5,0.5,-1.3234955673201283,-0.5848084646224078,-0.11783258726389767,-0.20148919585146297,301,0.18604651162790697,0.759752222665885,-0.0005869974126203681,9.79734219269103,"{'stop': 125, 'breakeven': 120, 'target': 56}"
ema_touch,1.0,96,atr,3.0,0.5,1.0,-0.8877338226280538,-0.4679940970901963,-0.0821731893542873,-0.17558595261181276,265,0.22264150943396227,0.835542188863181,-0.00044792427086211745,12.086792452830188,"{'stop': 134, 'breakeven': 72, 'target': 59}"
ema_touch,1.0,96,atr,3.0,1.0,,-0.036232665515938914,-0.06613549516183559,-0.010318547326320537,-0.15602132109347233,172,0.29069767441860467,0.9928530074828092,-3.151016778536064e-05,29.046511627906977,"{'stop': 122, 'target': 50}"
ema_touch,1.0,96,atr,3.0,1.0,0.5,-0.14925277428296607,-0.13626904370613602,-0.021394232862225193,-0.15699994863368838,234,0.1794871794871795,0.9661828902183304,-9.879955543567441e-05,17.46153846153846,"{'breakeven': 102, 'stop': 90, 'target': 42}"
ema_touch,1.0,96,atr,3.0,1.0,1.0,-0.33738231194903845,-0.23252633907688447,-0.03987335563292849,-0.17147887758102287,203,0.21182266009852216,0.9283490906759263,-0.0002496131955185664,22.211822660098523,"{'stop': 101, 'breakeven': 59, 'target': 43}"
ema_touch,1.0,96,atr,3.0,1.5,,-0.00079953254172469,-0.05971040288494796,-0.009682585015644452,-0.16215909703877207,135,0.26666666666666666,0.9974069991248502,-1.425609065083837e-05,47.91851851851852,"{'stop': 99, 'target': 36}"
ema_touch,1.0,96,atr,3.0,1.5,0.5,0.040449948884743236,-0.014612119901372705,-0.0024815095336078175,-0.169825429188731,181,0.1712707182320442,1.0096353830739293,3.276128407982199e-05,29.204419889502763,"{'breakeven': 81, 'stop': 69, 'target': 31}"
ema_touch,1.0,96,atr,3.0,1.5,1.0,-0.07348144378763269,-0.11091193964822091,-0.016820224272850348,-0.15165386455415897,155,0.2064516129032258,0.9767863119711984,-9.592270855971011e-05,35.38709677419355,"{'stop': 81, 'breakeven': 42, 'target': 32}"
ema_touch,1.0,96,atr,3.0,2.0,,-0.06473134022177798,-0.09553614381695931,-0.017714415252152893,-0.18542108299967075,105,0.2761904761904762,0.9821729647175169,-0.00012119038168539565,71.83809523809524,"{'stop': 76, 'target': 29}"
ema_touch,1.0,96,atr,3.0,2.0,0.5,0.1509323444632209,0.07852150752429173,0.011221204456232758,-0.14290612610514797,141,0.1702127659574468,1.0485542375175145,0.00019317895060916665,45.58156028368794,"{'breakeven': 66, 'stop': 51, 'target': 24}"
ema_touch,1.0,96,atr,3.0,2.0,1.0,0.328477441646022,0.24719728826905576,0.03446195738516655,-0.13941074202908443,121,0.2066115702479339,1.108463398864636,0.000501544194596193,54.70247933884298,"{'stop': 56, 'breakeven': 40, 'target': 25}"
ema_touch,1.0,96,atr,3.0,3.0,,0.6546395634657877,0.8158218346611007,0.09909338969939463,-0.12146449811625704,77,0.33766233766233766,1.242769217253912,0.0020320135816777845,123.1038961038961,"{'stop': 49, 'target': 22, 'max_hold': 6}"
ema_touch,1.0,96,atr,3.0,3.0,0.5,0.7302946160347081,1.038892224185222,0.11189435893026367,-0.10770545425731692,111,0.1891891891891892,1.3148430976824521,0.0015527303807598267,71.42342342342343,"{'breakeven': 54, 'stop': 36, 'target': 20, 'max_hold': 1}"
ema_touch,1.0,96,atr,3.0,3.0,1.0,0.8071615237753005,1.0295333871015944,0.12494382134139626,-0.12135965953775019,91,0.23076923076923078,1.3562943873649975,0.0020793592210771004,92.85714285714286,"{'stop': 36, 'breakeven': 34, 'target': 20, 'max_hold': 1}"
ema_touch,1.0,96,atr,4.0,0.5,,0.18687910880056466,0.11163467189316856,0.014853296842107122,-0.13305272089948306,206,0.25728155339805825,1.0417771288896729,0.00014972286380864083,20.849514563106798,"{'stop': 153, 'target': 53}"
ema_touch,1.0,96,atr,4.0,0.5,0.5,-0.77982122328171,-0.4534238052708299,-0.08499215187073006,-0.18744527941130984,287,0.15331010452961671,0.8316799303697794,-0.0004238683144244883,11.658536585365853,"{'breakeven': 123, 'stop': 120, 'target': 44}"
ema_touch,1.0,96,atr,4.0,0.5,1.0,-0.381424812800851,-0.24752489072765846,-0.045408504633352775,-0.18345025625448674,251,0.18326693227091634,0.9160528013677354,-0.00023714824198113892,14.53784860557769,"{'stop': 129, 'breakeven': 76, 'target': 46}"
ema_touch,1.0,96,atr,4.0,1.0,,0.3916165667564153,0.26052278489489533,0.042208087539866934,-0.1620130368132494,152,0.2631578947368421,1.1022876620957491,0.00047343979667895857,38.0328947368421,"{'stop': 112, 'target': 40}"
ema_touch,1.0,96,atr,4.0,1.0,0.5,-0.04464436256638597,-0.07264509417840592,-0.011370182398527051,-0.15651686500128303,214,0.14485981308411214,0.9888843033476844,-3.277384746630597e-05,22.96728971962617,"{'breakeven': 102, 'stop': 81, 'target': 31}"
ema_touch,1.0,96,atr,4.0,1.0,1.0,0.1118677492822722,0.04369475298843097,0.00636380148953819,-0.14564223514944985,187,0.18181818181818182,1.0300340487693316,0.00010355265943500655,27.28342245989305,"{'stop': 91, 'breakeven': 62, 'target': 34}"
ema_touch,1.0,96,atr,4.0,1.5,,0.2419344258856388,0.1884700450660643,0.024498137666252973,-0.1299842511188749,122,0.23770491803278687,1.0696932250234954,0.00040496193517565617,59.631147540983605,"{'stop': 93, 'target': 29}"
ema_touch,1.0,96,atr,4.0,1.5,0.5,-0.041127991910318615,-0.07995928776418199,-0.012395647432300705,-0.15502448532130841,165,0.1393939393939394,0.987088294107882,-4.650635038790756e-05,37.339393939393936,"{'breakeven': 78, 'stop': 64, 'target': 23}"
ema_touch,1.0,96,atr,4.0,1.5,1.0,-0.03785909526896111,-0.07537391984968869,-0.01169082965929713,-0.15510444040340587,146,0.17123287671232876,0.9895897585336443,-4.379198674651581e-05,42.554794520547944,"{'stop': 75, 'breakeven': 46, 'target': 25}"
ema_touch,1.0,96,atr,4.0,2.0,,0.4546238234308457,0.5767959988835537,0.05942124999167109,-0.10301952528569347,97,0.24742268041237114,1.1509261917209885,0.0010437718252125164,87.20618556701031,"{'stop': 73, 'target': 23, 'max_hold': 1}"
ema_touch,1.0,96,atr,4.0,2.0,0.5,0.49388817605631424,0.6792298379667612,0.06414746341655508,-0.09444146860299474,141,0.14184397163120568,1.1906530169706009,0.0007536626699233761,49.86524822695036,"{'breakeven': 70, 'stop': 51, 'target': 20}"
ema_touch,1.0,96,atr,4.0,2.0,1.0,0.5412618101872706,0.8011379433724293,0.07125468707379867,-0.08894184536292038,120,0.16666666666666666,1.2098057577332357,0.0009653534371160526,60.141666666666666,"{'stop': 55, 'breakeven': 45, 'target': 20}"
ema_touch,1.0,96,atr,4.0,3.0,,0.6940191033792674,0.604228076508702,0.11711932406367076,-0.193832972377582,73,0.3013698630136986,1.2872576356510024,0.002523955619704632,142.57534246575344,"{'stop': 49, 'target': 15, 'max_hold': 9}"
ema_touch,1.0,96,atr,4.0,3.0,0.5,0.7978088955637691,0.9334165415190293,0.13429907965809385,-0.14387904401130214,109,0.1559633027522936,1.386918465424491,0.0018768526367555316,76.81651376146789,"{'breakeven': 57, 'stop': 35, 'target': 15, 'max_hold': 2}"
ema_touch,1.0,96,atr,4.0,3.0,1.0,0.9455788487948981,1.1626511660165815,0.16310713197752058,-0.14028896778760414,89,0.20224719101123595,1.4723267932244635,0.0027067662131661486,101.65168539325843,"{'breakeven': 36, 'stop': 35, 'target': 16, 'max_hold': 2}"
ema_touch,1.0,96,atr,5.0,0.5,,0.28953837833550744,0.1749937405901725,0.027922623022651694,-0.15956355312185266,193,0.21761658031088082,1.0699757939615213,0.0002675871102986816,26.797927461139896,"{'stop': 151, 'target': 42}"
ema_touch,1.0,96,atr,5.0,0.5,0.5,-0.588330094379754,-0.37603419089361423,-0.07057251978942836,-0.1876758058136112,279,0.12544802867383512,0.8644435050258811,-0.000348775588451396,14.021505376344086,"{'breakeven': 128, 'stop': 116, 'target': 35}"
ema_touch,1.0,96,atr,5.0,0.5,1.0,-0.01949121151367632,-0.05112847920313995,-0.0087790771245706,-0.17170620486657173,243,0.15637860082304528,0.996206139568618,-1.1005283199065395e-05,17.864197530864196,"{'stop': 125, 'breakeven': 80, 'target': 38}"
ema_touch,1.0,96,atr,5.0,1.0,,0.3157062352838812,0.2645054657649971,0.03284283183546033,-0.12416693069261531,137,0.23357664233576642,1.0873182145364848,0.0004329888005326109,47.627737226277375,"{'stop': 105, 'target': 32}"
ema_touch,1.0,96,atr,5.0,1.0,0.5,-0.34438560002726815,-0.2547204244510805,-0.04386188058482554,-0.17219616636297375,199,0.12060301507537688,0.9093879827829586,-0.0002803110784515984,26.316582914572866,"{'breakeven': 99, 'stop': 76, 'target': 24}"
ema_touch,1.0,96,atr,5.0,1.0,1.0,-0.0600676868888273,-0.09889348289526284,-0.013242908101626094,-0.13391082722459613,174,0.15517241379310345,0.9854181072371689,-5.244414494713718e-05,31.5,"{'stop': 86, 'breakeven': 61, 'target': 27}"
ema_touch,1.0,96,atr,5.0,1.5,,0.586400518751557,1.0610667285032076,0.07747432268211107,-0.07301550468121842,111,0.22522522522522523,1.191264575201451,0.001119439296014849,72.27027027027027,"{'stop': 86, 'target': 24, 'max_hold': 1}"
ema_touch,1.0,96,atr,5.0,1.5,0.5,0.2598247673867533,0.21238777241827025,0.025821889179421076,-0.12157898209209617,162,0.12962962962962962,1.0850204126552676,0.00030586552345931604,40.05555555555556,"{'breakeven': 78, 'stop': 63, 'target': 21}"
ema_touch,1.0,96,atr,5.0,1.5,1.0,0.25679789690453203,0.27488745914597834,0.025391859320713195,-0.09237183609467214,142,0.15492957746478872,1.0823714005932452,0.0003465894238443601,46.943661971830984,"{'stop': 72, 'breakeven': 48, 'target': 22}"
ema_touch,1.0,96,atr,5.0,2.0,,0.7929166273210866,1.1420036450087798,0.12883719655858616,-0.11281679977264492,87,0.2413793103448276,1.318189508179542,0.0022590937108212645,108.77011494252874,"{'stop': 66, 'target': 17, 'max_hold': 4}"
ema_touch,1.0,96,atr,5.0,2.0,0.5,0.6922542611957038,0.897079282292092,0.10341011908216369,-0.1152742250583968,132,0.12878787878787878,1.3179425891702488,0.0012170364008192692,57.553030303030305,"{'breakeven': 69, 'stop': 46, 'target': 16, 'max_hold': 1}"
ema_touch,1.0,96,atr,5.0,2.0,1.0,0.8766038191388659,1.5987452341580697,0.13759582368463552,-0.08606488435106807,113,0.1592920353982301,1.4132897313163935,0.0018176063749955292,69.82300884955752,"{'stop': 49, 'breakeven': 46, 'target': 17, 'max_hold': 1}"
ema_touch,1.0,96,atr,5.0,3.0,,0.9185411736332938,1.0649404836888114,0.1813777053308412,-0.17031722251986614,73,0.2876712328767123,1.415403511212775,0.003710782681885075,147.013698630137,"{'stop': 50, 'target': 14, 'max_hold': 9}"
ema_touch,1.0,96,atr,5.0,3.0,0.5,0.6119786918337919,0.7498673147357627,0.09593807180466496,-0.1279400634210487,107,0.1308411214953271,1.2944741915622178,0.0014366587735981356,82.79439252336448,"{'breakeven': 59, 'stop': 34, 'target': 12, 'max_hold': 2}"
ema_touch,1.0,96,atr,5.0,3.0,1.0,0.6533284139205302,0.8165089468506832,0.10147830255399226,-0.12428314832972653,86,0.16279069767441862,1.3184741192890976,0.0018638977109443893,111.38372093023256,"{'breakeven': 38, 'stop': 34, 'target': 12, 'max_hold': 2}"
ema_touch,1.0,168,h4_level,,0.5,,0.37408601541156633,0.2288268365715041,0.03565996305044017,-0.15583820317900998,202,0.297029702970297,1.0915782674020809,0.0002928942194209737,21.465346534653467,"{'stop': 140, 'target': 61, 'max_hold': 1}"
ema_touch,1.0,168,h4_level,,0.5,0.5,-1.0297099917722015,-0.452443663299828,-0.09670863361388427,-0.2137473490258539,275,0.19272727272727272,0.7826464518334391,-0.00051726219576338,12.094545454545454,"{'stop': 113, 'breakeven': 108, 'target': 54}"
ema_touch,1.0,168,h4_level,,0.5,1.0,-0.22003678131874488,-0.15743383578985579,-0.028267472066326516,-0.1795514409244161,243,0.23045267489711935,0.9481840589273969,-0.00014068590629883815,14.716049382716049,"{'stop': 124, 'breakeven': 62, 'target': 57}"
ema_touch,1.0,168,h4_level,,1.0,,0.5202491332488965,0.3783027484165908,0.05382524536560496,-0.14228087316545757,173,0.3583815028901734,1.1317046451244532,0.0004915969666713899,28.01156069364162,"{'stop': 109, 'target': 63, 'max_hold': 1}"
ema_touch,1.0,168,h4_level,,1.0,0.5,-0.3291035790723661,-0.1921339986051667,-0.03678393272289737,-0.19144936861740935,230,0.24347826086956523,0.9246352266763115,-0.0002079061896745936,16.282608695652176,"{'stop': 89, 'breakeven': 84, 'target': 57}"
ema_touch,1.0,168,h4_level,,1.0,1.0,0.008843309719836392,-0.027086962409247857,-0.004506801957636863,-0.16638270063453775,200,0.29,1.001960163403765,6.252189785272422e-06,20.78,"{'stop': 96, 'target': 60, 'breakeven': 44}"
ema_touch,1.0,168,h4_level,,1.5,,0.5333764242263693,0.40384373418107244,0.0567810721627402,-0.14060159253896243,154,0.4025974025974026,1.1403384095963955,0.0005798430736430253,33.74025974025974,"{'stop': 90, 'target': 63, 'max_hold': 1}"
ema_touch,1.0,168,h4_level,,1.5,0.5,-0.017430230844647638,-0.03677683005507595,-0.006746726931427416,-0.1834504746962614,194,0.29896907216494845,0.9950578311368565,-1.5309494142277933e-05,22.15463917525773,"{'stop': 72, 'breakeven': 63, 'target': 59}"
ema_touch,1.0,168,h4_level,,1.5,1.0,0.18921507472944474,0.09488662529238699,0.014890010761017702,-0.1569242315777919,168,0.34523809523809523,1.0481920513656517,0.00017565857734239305,27.273809523809526,"{'stop': 82, 'target': 60, 'breakeven': 26}"
ema_touch,1.0,168,h4_level,,2.0,,0.873735669198596,0.8065345133954143,0.10267605336107155,-0.12730521962267627,133,0.47368421052631576,1.2587516966183911,0.0011380360300689875,42.93984962406015,"{'stop': 67, 'target': 65, 'max_hold': 1}"
ema_touch,1.0,168,h4_level,,2.0,0.5,0.41246377662104844,0.25454066622849114,0.0380590113492596,-0.14952035725048163,161,0.35403726708074534,1.1150484363003383,0.00037984647039546,29.975155279503106,"{'target': 60, 'stop': 53, 'breakeven': 48}"
ema_touch,1.0,168,h4_level,,2.0,1.0,0.9361755207326405,1.0476355007397533,0.10459754732620241,-0.09984154532024192,142,0.4295774647887324,1.2925475951152283,0.0010753558791898432,36.105633802816904,"{'target': 64, 'stop': 57, 'breakeven': 21}"
ema_touch,1.0,168,h4_level,,3.0,,0.9866852207716681,1.0427127591083103,0.12720921679407016,-0.12199833145118011,115,0.5739130434782609,1.320649298440508,0.001608410502415769,55.19130434782609,"{'target': 70, 'stop': 44, 'max_hold': 1}"
ema_touch,1.0,168,h4_level,,3.0,0.5,0.6380647614826745,0.48082612002582753,0.0721128931163062,-0.1499770709470456,132,0.4621212121212121,1.2052350504791771,0.000837130998097395,42.28030303030303,"{'target': 64, 'stop': 38, 'breakeven': 30}"
ema_touch,1.0,168,h4_level,,3.0,1.0,1.1815552955291957,1.413216364324737,0.15028857968466913,-0.10634506044407432,119,0.5462184873949579,1.410794554031745,0.0017943622294746694,50.1764705882353,"{'target': 68, 'stop': 39, 'breakeven': 12}"
ema_touch,1.0,168,atr,2.0,0.5,,-0.16639749391006795,-0.13267460785693275,-0.018393032376711416,-0.13863264925979812,260,0.36923076923076925,0.9719299739309468,-8.11785206690251e-05,11.723076923076922,"{'stop': 164, 'target': 96}"
ema_touch,1.0,168,atr,2.0,0.5,0.5,-1.2752374906551718,-0.5729601081707655,-0.10573559612943828,-0.1845426838999492,332,0.25301204819277107,0.7938767849208457,-0.0004742808778717699,7.337349397590361,"{'stop': 138, 'breakeven': 110, 'target': 84}"
ema_touch,1.0,168,atr,2.0,0.5,1.0,-0.7533290917401964,-0.41734159494554784,-0.06623567253784723,-0.15870853358503423,290,0.3,0.8733893526990466,-0.0003250771621349649,9.375862068965517,"{'stop': 147, 'target': 87, 'breakeven': 56}"
ema_touch,1.0,168,atr,2.0,1.0,,0.11961936430350066,0.055017711461329284,0.006980142113247156,-0.1268708190116803,197,0.38071065989847713,1.0234120346100812,8.903028219046176e-05,20.898477157360407,"{'stop': 122, 'target': 75}"
ema_touch,1.0,168,atr,2.0,1.0,0.5,-0.18406989024208653,-0.15787382060024086,-0.020839546254928898,-0.13200127909552284,256,0.26171875,0.9649724697753411,-9.53158701286263e-05,13.01171875,"{'stop': 97, 'breakeven': 92, 'target': 67}"
ema_touch,1.0,168,atr,2.0,1.0,1.0,-0.28460405014805507,-0.24339176625049322,-0.030254434419788256,-0.12430344249464498,223,0.3094170403587444,0.9480725829629318,-0.00017019019415505824,17.0,"{'stop': 111, 'target': 69, 'breakeven': 43}"
ema_touch,1.0,168,atr,2.0,1.5,,0.22073225996808968,0.17786523529497933,0.01917839056099213,-0.10782540235693538,159,0.3584905660377358,1.0496930434049865,0.0002338269277955748,34.062893081761004,"{'stop': 102, 'target': 57}"
ema_touch,1.0,168,atr,2.0,1.5,0.5,-0.22484689478137465,-0.17455611534269563,-0.028248894528037027,-0.16183274056355834,203,0.23645320197044334,0.9495502919792196,-0.00016763474648068602,21.95566502463054,"{'stop': 78, 'breakeven': 77, 'target': 48}"
ema_touch,1.0,168,atr,2.0,1.5,1.0,-0.40052926314964665,-0.3249162154966893,-0.04696800290686609,-0.1445541978724194,172,0.27906976744186046,0.9102853479399007,-0.0003613319837205645,27.412790697674417,"{'stop': 90, 'target': 48, 'breakeven': 34}"
ema_touch,1.0,168,atr,2.0,2.0,,0.29307556116898215,0.255684849692986,0.031181893582282516,-0.12195440449336059,124,0.3548387096774194,1.0769437602713863,0.00046071833000968965,53.516129032258064,"{'stop': 80, 'target': 44}"
ema_touch,1.0,168,atr,2.0,2.0,0.5,0.22840912530220692,0.14723063737016323,0.020509027032662885,-0.13929863647264973,156,0.23076923076923078,1.0644078915768456,0.0002510156490785804,34.78846153846154,"{'breakeven': 64, 'stop': 56, 'target': 36}"
ema_touch,1.0,168,atr,2.0,2.0,1.0,0.1831854027128624,0.10630955578162654,0.01511094515777267,-0.14214098673135733,134,0.27611940298507465,1.0509924077466408,0.00023504274594774265,43.343283582089555,"{'stop': 64, 'target': 37, 'breakeven': 33}"
ema_touch,1.0,168,atr,2.0,3.0,,0.39288255111591086,0.3812986089806467,0.046690724772180836,-0.12245186232649141,83,0.3855421686746988,1.1217654562001573,0.0009787529248418462,102.91566265060241,"{'stop': 51, 'target': 31, 'max_hold': 1}"
ema_touch,1.0,168,atr,2.0,3.0,0.5,0.43258085246502315,0.3363316384986762,0.04909838031667868,-0.14598204479318388,114,0.24561403508771928,1.1464488071179575,0.000716878346739096,58.98245614035088,"{'breakeven': 47, 'stop': 39, 'target': 28}"
ema_touch,1.0,168,atr,2.0,3.0,1.0,0.643255422393853,0.5592008076485628,0.07824350744560293,-0.13992023326042136,96,0.3020833333333333,1.2248791177450458,0.0012689917249824876,77.32291666666667,"{'stop': 39, 'target': 29, 'breakeven': 28}"
ema_touch,1.0,168,atr,3.0,0.5,,-0.33301407991555887,-0.2543060407915511,-0.03594746687816408,-0.14135514345736444,224,0.29910714285714285,0.9381948714857569,-0.00020672175381576124,17.013392857142858,"{'stop': 157, 'target': 67}"
ema_touch,1.0,168,atr,3.0,0.5,0.5,-1.3234955673201283,-0.5848084646224078,-0.11783258726389767,-0.20148919585146297,301,0.18604651162790697,0.759752222665885,-0.0005869974126203681,9.79734219269103,"{'stop': 125, 'breakeven': 120, 'target': 56}"
ema_touch,1.0,168,atr,3.0,0.5,1.0,-0.8877338226280538,-0.4679940970901963,-0.0821731893542873,-0.17558595261181276,265,0.22264150943396227,0.835542188863181,-0.00044792427086211745,12.086792452830188,"{'stop': 134, 'breakeven': 72, 'target': 59}"
ema_touch,1.0,168,atr,3.0,1.0,,-0.036232665515938914,-0.06613549516183559,-0.010318547326320537,-0.15602132109347233,172,0.29069767441860467,0.9928530074828092,-3.151016778536064e-05,29.046511627906977,"{'stop': 122, 'target': 50}"
ema_touch,1.0,168,atr,3.0,1.0,0.5,-0.14925277428296607,-0.13626904370613602,-0.021394232862225193,-0.15699994863368838,234,0.1794871794871795,0.9661828902183304,-9.879955543567441e-05,17.46153846153846,"{'breakeven': 102, 'stop': 90, 'target': 42}"
ema_touch,1.0,168,atr,3.0,1.0,1.0,-0.33738231194903845,-0.23252633907688447,-0.03987335563292849,-0.17147887758102287,203,0.21182266009852216,0.9283490906759263,-0.0002496131955185664,22.211822660098523,"{'stop': 101, 'breakeven': 59, 'target': 43}"
ema_touch,1.0,168,atr,3.0,1.5,,-0.00079953254172469,-0.05971040288494796,-0.009682585015644452,-0.16215909703877207,135,0.26666666666666666,0.9974069991248502,-1.425609065083837e-05,47.91851851851852,"{'stop': 99, 'target': 36}"
ema_touch,1.0,168,atr,3.0,1.5,0.5,0.040449948884743236,-0.014612119901372705,-0.0024815095336078175,-0.169825429188731,181,0.1712707182320442,1.0096353830739293,3.276128407982199e-05,29.204419889502763,"{'breakeven': 81, 'stop': 69, 'target': 31}"
ema_touch,1.0,168,atr,3.0,1.5,1.0,-0.07348144378763269,-0.11091193964822091,-0.016820224272850348,-0.15165386455415897,155,0.2064516129032258,0.9767863119711984,-9.592270855971011e-05,35.38709677419355,"{'stop': 81, 'breakeven': 42, 'target': 32}"
ema_touch,1.0,168,atr,3.0,2.0,,-0.06473134022177798,-0.09553614381695931,-0.017714415252152893,-0.18542108299967075,105,0.2761904761904762,0.9821729647175169,-0.00012119038168539565,71.83809523809524,"{'stop': 76, 'target': 29}"
ema_touch,1.0,168,atr,3.0,2.0,0.5,0.1509323444632209,0.07852150752429173,0.011221204456232758,-0.14290612610514797,141,0.1702127659574468,1.0485542375175145,0.00019317895060916665,45.58156028368794,"{'breakeven': 66, 'stop': 51, 'target': 24}"
ema_touch,1.0,168,atr,3.0,2.0,1.0,0.328477441646022,0.24719728826905576,0.03446195738516655,-0.13941074202908443,121,0.2066115702479339,1.108463398864636,0.000501544194596193,54.70247933884298,"{'stop': 56, 'breakeven': 40, 'target': 25}"
ema_touch,1.0,168,atr,3.0,3.0,,0.5710400527941535,0.7208115286727765,0.08685453574267088,-0.12049548638961882,72,0.3055555555555556,1.2167451639106712,0.001969265508258008,134.33333333333334,"{'stop': 50, 'target': 22}"
ema_touch,1.0,168,atr,3.0,3.0,0.5,0.693690195121146,0.9775426673815578,0.10528667704623995,-0.10770545425731692,111,0.18018018018018017,1.2964592217387532,0.0014760811699000254,71.2072072072072,"{'breakeven': 54, 'stop': 37, 'target': 20}"
ema_touch,1.0,168,atr,3.0,3.0,1.0,0.7702443749548421,0.9744472796595454,0.11825859009696926,-0.12135965953775019,91,0.21978021978021978,1.3369447445010874,0.0019858640298085514,92.5934065934066,"{'stop': 37, 'breakeven': 34, 'target': 20}"
ema_touch,1.0,168,atr,4.0,0.5,,0.18687910880056466,0.11163467189316856,0.014853296842107122,-0.13305272089948306,206,0.25728155339805825,1.0417771288896729,0.00014972286380864083,20.849514563106798,"{'stop': 153, 'target': 53}"
ema_touch,1.0,168,atr,4.0,0.5,0.5,-0.77982122328171,-0.4534238052708299,-0.08499215187073006,-0.18744527941130984,287,0.15331010452961671,0.8316799303697794,-0.0004238683144244883,11.658536585365853,"{'breakeven': 123, 'stop': 120, 'target': 44}"
ema_touch,1.0,168,atr,4.0,0.5,1.0,-0.381424812800851,-0.24752489072765846,-0.045408504633352775,-0.18345025625448674,251,0.18326693227091634,0.9160528013677354,-0.00023714824198113892,14.53784860557769,"{'stop': 129, 'breakeven': 76, 'target': 46}"
ema_touch,1.0,168,atr,4.0,1.0,,0.3916165667564153,0.26052278489489533,0.042208087539866934,-0.1620130368132494,152,0.2631578947368421,1.1022876620957491,0.00047343979667895857,38.0328947368421,"{'stop': 112, 'target': 40}"
ema_touch,1.0,168,atr,4.0,1.0,0.5,-0.04464436256638597,-0.07264509417840592,-0.011370182398527051,-0.15651686500128303,214,0.14485981308411214,0.9888843033476844,-3.277384746630597e-05,22.96728971962617,"{'breakeven': 102, 'stop': 81, 'target': 31}"
ema_touch,1.0,168,atr,4.0,1.0,1.0,0.1118677492822722,0.04369475298843097,0.00636380148953819,-0.14564223514944985,187,0.18181818181818182,1.0300340487693316,0.00010355265943500655,27.28342245989305,"{'stop': 91, 'breakeven': 62, 'target': 34}"
ema_touch,1.0,168,atr,4.0,1.5,,0.2419344258856388,0.1884700450660643,0.024498137666252973,-0.1299842511188749,122,0.23770491803278687,1.0696932250234954,0.00040496193517565617,59.631147540983605,"{'stop': 93, 'target': 29}"
ema_touch,1.0,168,atr,4.0,1.5,0.5,-0.041127991910318615,-0.07995928776418199,-0.012395647432300705,-0.15502448532130841,165,0.1393939393939394,0.987088294107882,-4.650635038790756e-05,37.339393939393936,"{'breakeven': 78, 'stop': 64, 'target': 23}"
ema_touch,1.0,168,atr,4.0,1.5,1.0,-0.03785909526896111,-0.07537391984968869,-0.01169082965929713,-0.15510444040340587,146,0.17123287671232876,0.9895897585336443,-4.379198674651581e-05,42.554794520547944,"{'stop': 75, 'breakeven': 46, 'target': 25}"
ema_touch,1.0,168,atr,4.0,2.0,,0.46891250849124033,0.6046770622788112,0.06229354390711084,-0.10301952528569347,95,0.24210526315789474,1.1594512509411925,0.0011107626483543558,89.74736842105263,"{'stop': 72, 'target': 23}"
ema_touch,1.0,168,atr,4.0,2.0,0.5,0.49388817605631424,0.6792298379667612,0.06414746341655508,-0.09444146860299474,141,0.14184397163120568,1.1906530169706009,0.0007536626699233761,49.86524822695036,"{'breakeven': 70, 'stop': 51, 'target': 20}"
ema_touch,1.0,168,atr,4.0,2.0,1.0,0.5412618101872706,0.8011379433724293,0.07125468707379867,-0.08894184536292038,120,0.16666666666666666,1.2098057577332357,0.0009653534371160526,60.141666666666666,"{'stop': 55, 'breakeven': 45, 'target': 20}"
ema_touch,1.0,168,atr,4.0,3.0,,0.8816351134332945,0.8551221207994287,0.16815642923960583,-0.19664609901846686,66,0.30303030303030304,1.4052939999986198,0.00383342548092175,164.54545454545453,"{'stop': 46, 'target': 18, 'max_hold': 2}"
ema_touch,1.0,168,atr,4.0,3.0,0.5,0.8867666905612507,1.0851478894209652,0.15613004094077043,-0.14387904401130192,107,0.1588785046728972,1.449663246058191,0.0021814850018619125,80.33644859813084,"{'breakeven': 56, 'stop': 34, 'target': 16, 'max_hold': 1}"
ema_touch,1.0,168,atr,4.0,3.0,1.0,1.0312731031031794,1.3222175776620537,0.18549253916083552,-0.1402889677876039,87,0.20689655172413793,1.5390613414593988,0.0031005074800535505,106.55172413793103,"{'breakeven': 35, 'stop': 34, 'target': 17, 'max_hold': 1}"
ema_touch,1.0,168,atr,5.0,0.5,,0.28953837833550744,0.1749937405901725,0.027922623022651694,-0.15956355312185266,193,0.21761658031088082,1.0699757939615213,0.0002675871102986816,26.797927461139896,"{'stop': 151, 'target': 42}"
ema_touch,1.0,168,atr,5.0,0.5,0.5,-0.588330094379754,-0.37603419089361423,-0.07057251978942836,-0.1876758058136112,279,0.12544802867383512,0.8644435050258811,-0.000348775588451396,14.021505376344086,"{'breakeven': 128, 'stop': 116, 'target': 35}"
ema_touch,1.0,168,atr,5.0,0.5,1.0,-0.01949121151367632,-0.05112847920313995,-0.0087790771245706,-0.17170620486657173,243,0.15637860082304528,0.996206139568618,-1.1005283199065395e-05,17.864197530864196,"{'stop': 125, 'breakeven': 80, 'target': 38}"
ema_touch,1.0,168,atr,5.0,1.0,,0.3157062352838812,0.2645054657649971,0.03284283183546033,-0.12416693069261531,137,0.23357664233576642,1.0873182145364848,0.0004329888005326109,47.627737226277375,"{'stop': 105, 'target': 32}"
ema_touch,1.0,168,atr,5.0,1.0,0.5,-0.34438560002726815,-0.2547204244510805,-0.04386188058482554,-0.17219616636297375,199,0.12060301507537688,0.9093879827829586,-0.0002803110784515984,26.316582914572866,"{'breakeven': 99, 'stop': 76, 'target': 24}"
ema_touch,1.0,168,atr,5.0,1.0,1.0,-0.0600676868888273,-0.09889348289526284,-0.013242908101626094,-0.13391082722459613,174,0.15517241379310345,0.9854181072371689,-5.244414494713718e-05,31.5,"{'stop': 86, 'breakeven': 61, 'target': 27}"
ema_touch,1.0,168,atr,5.0,1.5,,0.5877025693607385,1.0759842806347788,0.07856353527960613,-0.07301550468121842,109,0.22018348623853212,1.1960747620467456,0.0011567773995069745,74.43119266055047,"{'stop': 85, 'target': 24}"
ema_touch,1.0,168,atr,5.0,1.5,0.5,0.2598247673867533,0.21238777241827025,0.025821889179421076,-0.12157898209209617,162,0.12962962962962962,1.0850204126552676,0.00030586552345931604,40.05555555555556,"{'breakeven': 78, 'stop': 63, 'target': 21}"
ema_touch,1.0,168,atr,5.0,1.5,1.0,0.25679789690453203,0.27488745914597834,0.025391859320713195,-0.09237183609467214,142,0.15492957746478872,1.0823714005932452,0.0003465894238443601,46.943661971830984,"{'stop': 72, 'breakeven': 48, 'target': 22}"
ema_touch,1.0,168,atr,5.0,2.0,,0.9435908460953774,1.3966378387409952,0.16148317668354384,-0.11562279941456655,84,0.25,1.3992930168250892,0.002843562449110869,114.48809523809524,"{'stop': 63, 'target': 20, 'max_hold': 1}"
ema_touch,1.0,168,atr,5.0,2.0,0.5,0.7465448368972863,0.9894572403996271,0.11405891661548684,-0.1152742250583968,131,0.1297709923664122,1.346734412349081,0.0013355835722210895,57.69465648854962,"{'breakeven': 68, 'stop': 46, 'target': 17}"
ema_touch,1.0,168,atr,5.0,2.0,1.0,0.9287801766007283,1.726308493387317,0.14857454083764599,-0.08606488435106807,112,0.16071428571428573,1.4426941753920512,0.0019616264591724468,70.09821428571429,"{'stop': 49, 'breakeven': 45, 'target': 18}"
ema_touch,1.0,168,atr,5.0,3.0,,0.9701288652706994,1.1752919301204887,0.20335267690679748,-0.1730231202097594,64,0.28125,1.4812271340671002,0.004695986526317278,178.40625,"{'stop': 46, 'target': 13, 'max_hold': 5}"
ema_touch,1.0,168,atr,5.0,3.0,0.5,0.6786301698333763,0.8608870354623753,0.1101419419154146,-0.12794006342104836,105,0.13333333333333333,1.3377228917818418,0.001648045201694143,87.6952380952381,"{'breakeven': 58, 'stop': 33, 'target': 12, 'max_hold': 2}"
ema_touch,1.0,168,atr,5.0,3.0,1.0,0.7207896339756428,0.9313730638684581,0.11575397664707565,-0.12428314832972676,84,0.16666666666666666,1.3638295889707264,0.002138303101715499,118.19047619047619,"{'breakeven': 37, 'stop': 33, 'target': 12, 'max_hold': 2}"
trendline,0.5,24,h4_level,,0.5,,0.7488583593174616,0.8584179341985961,0.08315189172276494,-0.09686644280142409,202,0.3564356435643564,1.1849678377494344,0.0006221958007305574,23.876237623762375,"{'stop': 127, 'target': 60, 'max_hold': 15}"
trendline,0.5,24,h4_level,,0.5,0.5,-0.23587407312455258,-0.21424470466074994,-0.029707645779229463,-0.1386622172355234,239,0.2301255230125523,0.9455958727418499,-0.00015017309263440367,15.146443514644352,"{'stop': 98, 'breakeven': 85, 'target': 50, 'max_hold': 6}"
trendline,0.5,24,h4_level,,0.5,1.0,0.4096092506663961,0.5518099493137198,0.040627983289859726,-0.0736267683110613,222,0.2882882882882883,1.1004956847319631,0.0003010490896337022,19.153153153153152,"{'stop': 111, 'target': 56, 'breakeven': 46, 'max_hold': 9}"
trendline,0.5,24,h4_level,,1.0,,0.9361386062754719,1.0328044172504467,0.11013829378010143,-0.10664002974862741,180,0.4222222222222222,1.2373240888495,0.0009011398140532203,29.2,"{'stop': 100, 'target': 63, 'max_hold': 17}"
trendline,0.5,24,h4_level,,1.0,0.5,0.2769260534270111,0.2645377504262413,0.02463405424400622,-0.09312112998736155,204,0.30392156862745096,1.0683996046593298,0.00021505114070514912,21.75,"{'stop': 78, 'breakeven': 63, 'target': 54, 'max_hold': 9}"
trendline,0.5,24,h4_level,,1.0,1.0,0.9127600400806852,1.1699172887991403,0.10316527494581695,-0.08818168252878011,193,0.36787564766839376,1.2355265446970243,0.0007894611397830613,25.39378238341969,"{'stop': 89, 'target': 61, 'breakeven': 31, 'max_hold': 12}"
trendline,0.5,24,h4_level,,1.5,,1.3886652655558458,2.7018600598250724,0.160153919306242,-0.0592754309105894,154,0.5064935064935064,1.3871919860011626,0.0014622667883430005,37.05844155844156,"{'stop': 66, 'target': 64, 'max_hold': 24}"
trendline,0.5,24,h4_level,,1.5,0.5,0.9188632357136601,1.3578751588927154,0.10227907023630789,-0.07532288190595648,183,0.3770491803278688,1.2533634131836149,0.0008238098080495188,27.415300546448087,"{'target': 61, 'stop': 59, 'breakeven': 53, 'max_hold': 10}"
trendline,0.5,24,h4_level,,1.5,1.0,1.093685036151794,1.790522938914664,0.12221166194387378,-0.06825473122279746,167,0.4431137724550898,1.2958391739484607,0.001057669723077483,32.67065868263473,"{'stop': 64, 'target': 63, 'breakeven': 23, 'max_hold': 17}"
trendline,0.5,24,h4_level,,2.0,,1.4220290246700178,2.5139534684453633,0.17242852578356493,-0.06858859081834767,149,0.5302013422818792,1.4085555154617262,0.0016189409049563027,40.1744966442953,"{'target': 64, 'stop': 57, 'max_hold': 28}"
trendline,0.5,24,h4_level,,2.0,0.5,1.0815398978953907,1.5404433205885015,0.12926443698953194,-0.08391378979146635,173,0.41040462427745666,1.303164372427428,0.001082435429762108,31.786127167630056,"{'target': 62, 'stop': 54, 'breakeven': 42, 'max_hold': 15}"
trendline,0.5,24,h4_level,,2.0,1.0,1.2223133114355167,2.2353602923694242,0.14499820481193737,-0.06486569762686578,158,0.4810126582278481,1.3446072098318378,0.001308088369236875,36.879746835443036,"{'target': 63, 'stop': 56, 'max_hold': 22, 'breakeven': 17}"
trendline,0.5,24,h4_level,,3.0,,1.6198594422047112,3.10763837613941,0.20403076358235972,-0.06565460291291203,135,0.5851851851851851,1.5331682737939143,0.002072319133977368,45.96296296296296,"{'target': 64, 'stop': 38, 'max_hold': 33}"
trendline,0.5,24,h4_level,,3.0,0.5,1.3462727997576875,2.2438678311395415,0.15988852556396238,-0.07125576798467825,154,0.4805194805194805,1.4227403587728504,0.0014616932684400614,38.9025974025974,"{'target': 65, 'stop': 37, 'breakeven': 30, 'max_hold': 22}"
trendline,0.5,24,h4_level,,3.0,1.0,1.6196819061655208,2.9105993891020847,0.20220310252312568,-0.06947129284786424,138,0.5652173913043478,1.534784924747463,0.0020106154674959043,44.405797101449274,"{'target': 65, 'stop': 37, 'max_hold': 29, 'breakeven': 7}"
trendline,0.5,24,atr,2.0,0.5,,0.2235180507776462,0.17054518297793075,0.0171457853873358,-0.10053514903176441,220,0.37727272727272726,1.042736153744549,0.00014556106444901283,18.086363636363636,"{'stop': 136, 'target': 80, 'max_hold': 4}"
trendline,0.5,24,atr,2.0,0.5,0.5,-1.3425390065661198,-0.6825606259911412,-0.10406262839854685,-0.15245917276203602,254,0.24803149606299213,0.7890389021380866,-0.0006067673246139443,11.641732283464567,"{'stop': 109, 'breakeven': 82, 'target': 63}"
trendline,0.5,24,atr,2.0,0.5,1.0,-0.46375003971383844,-0.4610910011739582,-0.04476555390175818,-0.0970861582372744,234,0.3034188034188034,0.91945995401733,-0.0002561930728293039,15.568376068376068,"{'stop': 123, 'target': 70, 'breakeven': 39, 'max_hold': 2}"
trendline,0.5,24,atr,2.0,1.0,,0.9756684824169729,1.08052916331574,0.1048522264977354,-0.09703784965505524,178,0.4101123595505618,1.2155932281150785,0.0008670966981213248,29.45505617977528,"{'stop': 104, 'target': 65, 'max_hold': 9}"
trendline,0.5,24,atr,2.0,1.0,0.5,0.08141769357115394,0.046916482516904785,0.0032317637260619314,-0.0688833338027307,213,0.28169014084507044,1.0173238413290935,5.585243202034332e-05,19.507042253521128,"{'stop': 84, 'breakeven': 69, 'target': 59, 'max_hold': 1}"
trendline,0.5,24,atr,2.0,1.0,1.0,0.6847979587960792,0.8214516045430837,0.06682660493406245,-0.08135184661454697,197,0.3350253807106599,1.1480685351944828,0.0005199159420124536,23.98984771573604,"{'stop': 95, 'target': 63, 'breakeven': 35, 'max_hold': 4}"
trendline,0.5,24,atr,2.0,1.5,,2.0717044465837033,4.957498122541054,0.2797617486624002,-0.05643204329021578,146,0.4794520547945205,1.6055542769372464,0.002537086322216473,42.33561643835616,"{'stop': 68, 'target': 57, 'max_hold': 21}"
trendline,0.5,24,atr,2.0,1.5,0.5,1.0954711744315948,2.0598558233892312,0.1279038831488455,-0.06209360951214338,184,0.29891304347826086,1.2848161581459625,0.0010076598212279608,28.434782608695652,"{'breakeven': 66, 'stop': 63, 'target': 50, 'max_hold': 5}"
trendline,0.5,24,atr,2.0,1.5,1.0,1.2499379162392468,1.9261979969772218,0.15410078956816964,-0.0800025697306298,165,0.3696969696969697,1.3328088828189295,0.0013297933763542179,34.64242424242424,"{'stop': 70, 'target': 53, 'breakeven': 30, 'max_hold': 12}"
trendline,0.5,24,atr,2.0,2.0,,1.853784440907571,4.285879217676903,0.26476525325979217,-0.06177618169167731,135,0.4888888888888889,1.582546363865558,0.002622690503552066,49.77777777777778,"{'stop': 57, 'target': 47, 'max_hold': 31}"
trendline,0.5,24,atr,2.0,2.0,0.5,1.0489960695871892,1.2633109600028527,0.13335723730272808,-0.10556168791761844,167,0.30538922155688625,1.2878837048560798,0.001163607421230976,35.64670658682635,"{'breakeven': 56, 'stop': 56, 'target': 43, 'max_hold': 12}"
trendline,0.5,24,atr,2.0,2.0,1.0,1.0663532897629298,1.442830688802553,0.13966129187417797,-0.09679672948326801,151,0.36423841059602646,1.300620189125574,0.0013408947319863737,42.7682119205298,"{'stop': 60, 'target': 42, 'breakeven': 29, 'max_hold': 20}"
trendline,0.5,24,atr,2.0,3.0,,1.8229695765993594,3.0316902676753124,0.2513451150499537,-0.08290593459690199,117,0.5128205128205128,1.631621407103774,0.0028863590755782956,63.47863247863248,"{'max_hold': 46, 'stop': 38, 'target': 33}"
trendline,0.5,24,atr,2.0,3.0,0.5,1.04087389490649,1.7205426487827824,0.1307659166596009,-0.07600271737065789,146,0.3082191780821918,1.3380741336358772,0.0012977021386991075,48.054794520547944,"{'breakeven': 51, 'stop': 39, 'target': 29, 'max_hold': 27}"
trendline,0.5,24,atr,2.0,3.0,1.0,1.4699238376213015,1.7763839892703177,0.19614058819937452,-0.11041564739611442,124,0.4274193548387097,1.4986367754815082,0.002191757227735458,58.475806451612904,"{'stop': 38, 'max_hold': 37, 'target': 32, 'breakeven': 17}"
trendline,0.5,24,atr,3.0,0.5,,0.8094534469973985,1.0093018758582224,0.08487780504633746,-0.08409555860001228,197,0.3350253807106599,1.1785804136643179,0.0006488227448659617,24.79695431472081,"{'stop': 130, 'target': 56, 'max_hold': 11}"
trendline,0.5,24,atr,3.0,0.5,0.5,-0.6336569505160844,-0.47069493441685606,-0.05997322742767952,-0.12741421893987526,244,0.20081967213114754,0.8817998136990349,-0.0003402506417740099,14.532786885245901,"{'stop': 103, 'breakeven': 92, 'target': 46, 'max_hold': 3}"
trendline,0.5,24,atr,3.0,0.5,1.0,0.1723976399235862,0.13319105483215232,0.012656618962971988,-0.09502604344504884,224,0.24107142857142858,1.0372919842898878,0.00012000844806439905,19.165178571428573,"{'stop': 118, 'breakeven': 52, 'target': 50, 'max_hold': 4}"
trendline,0.5,24,atr,3.0,1.0,,1.2420502203783457,1.7763533094816573,0.15662836336969188,-0.08817410508014101,160,0.36875,1.3359049160752432,0.0013906261484406403,36.9125,"{'stop': 97, 'target': 44, 'max_hold': 19}"
trendline,0.5,24,atr,3.0,1.0,0.5,0.17853157749832196,0.14326639206924233,0.01396098726790096,-0.09744774797674427,198,0.21717171717171718,1.0438014547771632,0.00014692553530249946,24.69191919191919,"{'stop': 78, 'breakeven': 77, 'target': 37, 'max_hold': 6}"
trendline,0.5,24,atr,3.0,1.0,1.0,0.8039680356314375,1.1674070029008867,0.0925665752853495,-0.07929246188803996,186,0.27419354838709675,1.205960334974361,0.0007473144080736583,28.849462365591396,"{'stop': 90, 'breakeven': 44, 'target': 41, 'max_hold': 11}"
trendline,0.5,24,atr,3.0,1.5,,1.6755837397580957,3.2246869901090562,0.23539288016932236,-0.07299712526869517,136,0.4338235294117647,1.546477474191658,0.002349947788819651,49.81617647058823,"{'stop': 67, 'max_hold': 35, 'target': 34}"
trendline,0.5,24,atr,3.0,1.5,0.5,0.7679939158420714,0.8177088024394934,0.09440860292551179,-0.11545504052770372,175,0.24571428571428572,1.2283992116451836,0.0008126997058678457,33.537142857142854,"{'breakeven': 72, 'stop': 60, 'target': 30, 'max_hold': 13}"
trendline,0.5,24,atr,3.0,1.5,1.0,0.8987869333703287,1.0170580208248337,0.1145279860746049,-0.11260713128413535,159,0.3018867924528302,1.2657785328854028,0.0010652722118471099,39.77987421383648,"{'stop': 67, 'breakeven': 40, 'target': 31, 'max_hold': 21}"
trendline,0.5,24,atr,3.0,2.0,,1.4834502964930756,2.779654448989422,0.22336752813219407,-0.0803580201177172,129,0.4496124031007752,1.4980281444740222,0.00238092297236213,57.81395348837209,"{'stop': 58, 'max_hold': 45, 'target': 26}"
trendline,0.5,24,atr,3.0,2.0,0.5,0.7546084182071955,0.7631290338240182,0.10152436159435108,-0.13303695324710074,162,0.25925925925925924,1.2353253129480575,0.0009494402392077476,41.71604938271605,"{'breakeven': 63, 'stop': 53, 'target': 23, 'max_hold': 23}"
trendline,0.5,24,atr,3.0,2.0,1.0,0.8926748476970261,1.072321924820479,0.12520392360047694,-0.11675964158005792,146,0.3219178082191781,1.2824076995908815,0.0012680660039786247,48.678082191780824,"{'stop': 58, 'breakeven': 34, 'max_hold': 31, 'target': 23}"
trendline,0.5,24,atr,3.0,3.0,,1.42877061822223,2.8795590905828568,0.20753052640622505,-0.07207024404705598,114,0.4649122807017544,1.5093414452462943,0.0025238876127541957,72.15789473684211,"{'max_hold': 58, 'stop': 40, 'target': 16}"
trendline,0.5,24,atr,3.0,3.0,0.5,0.6710877030556762,0.908042683165203,0.08244921109637815,-0.09079882765971026,143,0.26573426573426573,1.226475656626934,0.0008873987888446311,53.94405594405595,"{'breakeven': 56, 'stop': 38, 'max_hold': 36, 'target': 13}"
trendline,0.5,24,atr,3.0,3.0,1.0,1.137621622141523,1.660269398340129,0.15514604935235243,-0.09344631028401851,121,0.38016528925619836,1.4014799081748077,0.0018380796737525332,66.06611570247934,"{'max_hold': 48, 'stop': 38, 'breakeven': 21, 'target': 14}"
trendline,0.5,24,atr,4.0,0.5,,1.1131426073211148,2.0300604136211318,0.1426427301373463,-0.07026526362479357,188,0.30319148936170215,1.2989613225627326,0.001089804201716054,28.23404255319149,"{'stop': 128, 'target': 46, 'max_hold': 14}"
trendline,0.5,24,atr,4.0,0.5,0.5,-0.03651425044279535,-0.06365977225626487,-0.01027056992387565,-0.16133532307547493,233,0.17167381974248927,0.9907395258208554,-2.6667549574381392e-05,17.261802575107296,"{'stop': 97, 'breakeven': 96, 'target': 36, 'max_hold': 4}"
trendline,0.5,24,atr,4.0,0.5,1.0,0.6777349310139281,0.8117347002940623,0.08054090156464633,-0.09922072018785111,215,0.2186046511627907,1.1789949650150777,0.0005725029385017141,21.986046511627908,"{'stop': 112, 'breakeven': 56, 'target': 41, 'max_hold': 6}"
trendline,0.5,24,atr,4.0,1.0,,1.303408248428632,2.3980617521188945,0.18650592304439795,-0.07777361149253303,156,0.3525641025641026,1.3955872641869687,0.0016794233129242403,41.38461538461539,"{'stop': 97, 'target': 30, 'max_hold': 29}"
trendline,0.5,24,atr,4.0,1.0,0.5,0.350271375404858,0.38711285546266094,0.03749281158528883,-0.09685240636216796,193,0.19170984455958548,1.100083633005953,0.0003339851868089465,27.89119170984456,"{'breakeven': 82, 'stop': 74, 'target': 24, 'max_hold': 13}"
trendline,0.5,24,atr,4.0,1.0,1.0,0.8952437226536683,1.3876458925130488,0.11781717393631164,-0.08490435101057581,183,0.2459016393442623,1.263750300498215,0.0009529630394646297,32.114754098360656,"{'stop': 87, 'breakeven': 50, 'target': 28, 'max_hold': 18}"
trendline,0.5,24,atr,4.0,1.5,,1.3795482448489018,2.2692065808444912,0.2033284210204125,-0.08960331013351075,134,0.41044776119402987,1.4699783994483362,0.002108097322213512,54.96268656716418,"{'stop': 69, 'max_hold': 44, 'target': 21}"
trendline,0.5,24,atr,4.0,1.5,0.5,0.5986065872649443,0.5814653029343305,0.07557047045224219,-0.1299655715842033,174,0.22413793103448276,1.1868488470628735,0.0006789515376651579,36.90229885057471,"{'breakeven': 75, 'stop': 60, 'max_hold': 20, 'target': 19}"
trendline,0.5,24,atr,4.0,1.5,1.0,0.8043482643589075,0.9084908592175421,0.11028641168505593,-0.12139518033240593,157,0.2802547770700637,1.2557478123034564,0.0010525074837658386,44.35031847133758,"{'stop': 67, 'breakeven': 42, 'max_hold': 28, 'target': 20}"
trendline,0.5,24,atr,4.0,2.0,,1.188659758810933,1.8822962777938868,0.17475485795502177,-0.09284131303698917,127,0.4251968503937008,1.3943107047697194,0.001958988052167617,62.79527559055118,"{'stop': 59, 'max_hold': 54, 'target': 14}"
trendline,0.5,24,atr,4.0,2.0,0.5,0.43557341966611085,0.3099627741030343,0.05185242026385528,-0.16728596010893582,159,0.2389937106918239,1.1340474346384333,0.000545854759859257,45.106918238993714,"{'breakeven': 65, 'stop': 52, 'max_hold': 30, 'target': 12}"
trendline,0.5,24,atr,4.0,2.0,1.0,0.5524156079409447,0.46320958609455787,0.07014860439237469,-0.15144031232992405,143,0.3006993006993007,1.1710613370439176,0.0007856283953880589,53.18881118881119,"{'stop': 58, 'max_hold': 39, 'breakeven': 35, 'target': 11}"
trendline,0.5,24,atr,4.0,3.0,,1.7126777112905454,3.803092253694226,0.27408978685721097,-0.07207024404705598,114,0.4649122807017544,1.6505768185150564,0.0032237368247172533,73.39473684210526,"{'max_hold': 61, 'stop': 40, 'target': 13}"
trendline,0.5,24,atr,4.0,3.0,0.5,0.9133697331646289,1.5104912778639032,0.12260633955808897,-0.08116984278881478,143,0.26573426573426573,1.3230854163442574,0.0012659444790993066,54.88811188811189,"{'breakeven': 56, 'max_hold': 40, 'stop': 38, 'target': 9}"
trendline,0.5,24,atr,4.0,3.0,1.0,1.4103802938902326,2.491099927489535,0.20988303018096577,-0.08425315575055248,121,0.38016528925619836,1.5256540759143662,0.0024065813822560667,67.21487603305785,"{'max_hold': 51, 'stop': 38, 'breakeven': 21, 'target': 11}"
trendline,0.5,24,atr,5.0,0.5,,1.1863725235485931,2.5173578116446302,0.16558243477307344,-0.06577628099078048,182,0.2857142857142857,1.3503458262205887,0.0012934238315951755,32.18131868131868,"{'stop': 127, 'target': 33, 'max_hold': 22}"
trendline,0.5,24,atr,5.0,0.5,0.5,-0.18336407523291026,-0.18069544393165715,-0.028341634877713906,-0.15684753450913413,228,0.14035087719298245,0.9517923874663392,-0.0001404841476407654,19.407894736842106,"{'breakeven': 102, 'stop': 94, 'target': 22, 'max_hold': 10}"
trendline,0.5,24,atr,5.0,0.5,1.0,0.5553114492483668,0.6570163658062079,0.06821879425067112,-0.10383119477847647,212,0.18867924528301888,1.1570522224318927,0.0005081419565725358,24.264150943396228,"{'stop': 110, 'breakeven': 62, 'target': 27, 'max_hold': 13}"
trendline,0.5,24,atr,5.0,1.0,,1.0220848411195802,1.619262361251739,0.1477640561542377,-0.09125393122829806,154,0.34415584415584416,1.317389856452384,0.001389390152310108,44.77272727272727,"{'stop': 98, 'max_hold': 36, 'target': 20}"
trendline,0.5,24,atr,5.0,1.0,0.5,-0.06908853796256427,-0.10781482075694465,-0.016253937574120525,-0.15075791491378576,192,0.17708333333333334,0.979539808615845,-6.956173228147074e-05,30.09375,"{'breakeven': 84, 'stop': 74, 'max_hold': 18, 'target': 16}"
trendline,0.5,24,atr,5.0,1.0,1.0,0.6905403830830426,0.7608331906389246,0.09301116382337016,-0.12224908819403923,181,0.23204419889502761,1.2128214797622892,0.0007860392792720097,35.34254143646409,"{'stop': 87, 'breakeven': 51, 'max_hold': 23, 'target': 20}"
trendline,0.5,24,atr,5.0,1.5,,0.8871336655440362,1.2623717950905313,0.1131126914592937,-0.08960331013351086,134,0.3805970149253731,1.2680380111517153,0.0012538457055922784,57.26119402985075,"{'stop': 72, 'max_hold': 52, 'target': 10}"
trendline,0.5,24,atr,5.0,1.5,0.5,0.1530527363720119,0.08044874025869524,0.011516520736362112,-0.1431535248324458,173,0.20809248554913296,1.043441801146596,0.00016000098069996775,38.35260115606936,"{'breakeven': 76, 'stop': 61, 'max_hold': 25, 'target': 11}"
trendline,0.5,24,atr,5.0,1.5,1.0,0.2639969757611675,0.19504283617995138,0.02627481403358578,-0.13471304328934175,156,0.26282051282051283,1.0750192439418265,0.0003158867489268299,46.506410256410255,"{'stop': 69, 'breakeven': 42, 'max_hold': 35, 'target': 10}"
trendline,0.5,24,atr,5.0,2.0,,1.2623387366831476,2.146088608051824,0.1871045694607254,-0.08718399080016326,127,0.4251968503937008,1.4182859238224985,0.0020781001308009498,63.53543307086614,"{'stop': 59, 'max_hold': 56, 'target': 12}"
trendline,0.5,24,atr,5.0,2.0,0.5,0.4698126063823658,0.33603711774241074,0.05621429187377869,-0.16728596010893582,159,0.2389937106918239,1.1428972906475239,0.0005818922718016601,45.691823899371066,"{'breakeven': 65, 'stop': 52, 'max_hold': 33, 'target': 9}"
trendline,0.5,24,atr,5.0,2.0,1.0,0.567375569628973,0.47062805015822745,0.07127205890718513,-0.15144031232992405,143,0.3006993006993007,1.1727057424777092,0.0007931806080893166,53.77622377622377,"{'stop': 58, 'max_hold': 41, 'breakeven': 35, 'target': 9}"
trendline,0.5,24,atr,5.0,3.0,,1.760660251049386,3.9791177841641976,0.2887839968177355,-0.07257488028301573,113,0.4690265486725664,1.69632928021421,0.0034039947840310246,75.27433628318585,"{'max_hold': 65, 'stop': 39, 'target': 8, 'data_end': 1}"
trendline,0.5,24,atr,5.0,3.0,0.5,0.8272917782883021,1.1940397785547638,0.11103625245102378,-0.09299208824133087,143,0.25874125874125875,1.2962301997050076,0.0011628293309871316,55.68531468531469,"{'breakeven': 57, 'max_hold': 43, 'stop': 38, 'target': 5}"
trendline,0.5,24,atr,5.0,3.0,1.0,1.2465467349779704,1.8494094187079209,0.1813883334361175,-0.09807905788802751,121,0.371900826446281,1.4619311954308452,0.002118732781566632,68.42148760330579,"{'max_hold': 55, 'stop': 38, 'breakeven': 22, 'target': 5, 'data_end': 1}"
trendline,0.5,48,h4_level,,0.5,,0.9657865801532671,1.200950600722416,0.11503568052213642,-0.09578718762698335,189,0.3386243386243386,1.2567148338589413,0.0008942810136546797,26.534391534391535,"{'stop': 123, 'target': 63, 'max_hold': 3}"
trendline,0.5,48,h4_level,,0.5,0.5,0.20373371573279228,0.1409597030493892,0.016978081301429082,-0.12044634696399958,230,0.23043478260869565,1.0525397588163714,0.00014620278291245175,16.61304347826087,"{'stop': 96, 'breakeven': 80, 'target': 52, 'max_hold': 2}"
trendline,0.5,48,h4_level,,0.5,1.0,0.7506098400883102,1.1455126724868503,0.08413553464339762,-0.07344793005278905,212,0.2830188679245283,1.201884684797863,0.0006001575775266,20.70754716981132,"{'stop': 107, 'target': 58, 'breakeven': 44, 'max_hold': 3}"
trendline,0.5,48,h4_level,,1.0,,0.8824669323984924,1.0198133835550216,0.1076642016514382,-0.10557245412501437,168,0.39285714285714285,1.2339450625317472,0.0009527030738439616,32.57738095238095,"{'stop': 100, 'target': 64, 'max_hold': 4}"
trendline,0.5,48,h4_level,,1.0,0.5,0.6790042836789968,0.8678377824539117,0.0745968010074467,-0.08595707920956797,192,0.3072916666666667,1.1894788512099275,0.0005935240653553033,24.276041666666668,"{'stop': 73, 'breakeven': 59, 'target': 56, 'max_hold': 4}"
trendline,0.5,48,h4_level,,1.0,1.0,1.1497869285763347,1.6031992175910255,0.13962590475770198,-0.08709204896413592,181,0.35911602209944754,1.3283514722303977,0.0011073019222346261,28.060773480662984,"{'stop': 85, 'target': 62, 'breakeven': 30, 'max_hold': 4}"
trendline,0.5,48,h4_level,,1.5,,1.2921868885318453,2.4439046757343275,0.167355353291204,-0.06847867470154834,143,0.46853146853146854,1.3806926798754608,0.0016551954415399282,42.07692307692308,"{'stop': 72, 'target': 68, 'max_hold': 3}"
trendline,0.5,48,h4_level,,1.5,0.5,0.999878502447169,1.5516827924330812,0.118658473959252,-0.07647083188516401,175,0.36,1.2936495107492476,0.0009896507003475932,29.285714285714285,"{'target': 62, 'stop': 59, 'breakeven': 51, 'max_hold': 3}"
trendline,0.5,48,h4_level,,1.5,1.0,1.2314553525515881,2.3964115842372014,0.15626961009910945,-0.06520983754501897,157,0.42038216560509556,1.3684505943614798,0.0014152389053388567,36.45859872611465,"{'target': 66, 'stop': 65, 'breakeven': 23, 'max_hold': 3}"
trendline,0.5,48,h4_level,,2.0,,1.3384705881277925,2.2870957477428093,0.17653764170413,-0.07718856627596782,136,0.5147058823529411,1.404658597524262,0.0018266174630277596,47.39705882352941,"{'target': 69, 'stop': 61, 'max_hold': 6}"
trendline,0.5,48,h4_level,,2.0,0.5,1.0798463595563015,1.5246732717260836,0.1332852640289952,-0.08741890246301942,163,0.3987730061349693,1.318131046743747,0.0011844010144304823,35.263803680981596,"{'target': 64, 'stop': 54, 'breakeven': 42, 'max_hold': 3}"
trendline,0.5,48,h4_level,,2.0,1.0,1.3126801824959091,2.61552188332508,0.1709743244156312,-0.06536910492152859,146,0.4657534246575342,1.4043575021102723,0.001651450062906839,42.23972602739726,"{'target': 67, 'stop': 56, 'breakeven': 19, 'max_hold': 4}"
trendline,0.5,48,h4_level,,3.0,,1.3691323650383231,2.6917301558344664,0.17824402492178804,-0.06621912844251299,120,0.5833333333333334,1.4470221167789064,0.0020795232975581225,55.875,"{'target': 70, 'stop': 43, 'max_hold': 7}"
trendline,0.5,48,h4_level,,3.0,0.5,1.140908400204779,2.1029813221451916,0.13771604359641842,-0.06548609925643001,141,0.46808510638297873,1.3629743926156908,0.001400703678525408,45.02836879432624,"{'target': 69, 'stop': 40, 'breakeven': 30, 'max_hold': 2}"
trendline,0.5,48,h4_level,,3.0,1.0,1.5501858509816981,2.8873293704985503,0.20220981714970288,-0.07003351235774935,123,0.5609756097560976,1.534123564150975,0.0022637171877618704,53.50406504065041,"{'target': 70, 'stop': 40, 'breakeven': 8, 'max_hold': 5}"
trendline,0.5,48,atr,2.0,0.5,,0.29067587616616924,0.263810564348386,0.023864334253128616,-0.09046011600056159,216,0.37037037037037035,1.0554766115716707,0.00019373463565833002,18.88888888888889,"{'stop': 135, 'target': 80, 'max_hold': 1}"
trendline,0.5,48,atr,2.0,0.5,0.5,-1.3425390065661198,-0.6825606259911412,-0.10406262839854685,-0.15245917276203602,254,0.24803149606299213,0.7890389021380866,-0.0006067673246139443,11.641732283464567,"{'stop': 109, 'breakeven': 82, 'target': 63}"
trendline,0.5,48,atr,2.0,0.5,1.0,-0.3589493669051862,-0.41271140301564135,-0.03608750336185984,-0.08744004429771512,229,0.3056768558951965,0.9369945586983202,-0.00020372828142786113,16.253275109170307,"{'stop': 120, 'target': 70, 'breakeven': 38, 'max_hold': 1}"
trendline,0.5,48,atr,2.0,1.0,,1.0187994797609283,1.3084310930866256,0.11230591957213654,-0.08583250594206204,172,0.38953488372093026,1.2259248925320496,0.0009574412169601066,31.651162790697676,"{'stop': 105, 'target': 67}"
trendline,0.5,48,atr,2.0,1.0,0.5,0.08997094801412357,0.05889761693434689,0.0040570642074739816,-0.0688833338027307,212,0.2783018867924528,1.019098666536193,6.186495192978404e-05,19.87264150943396,"{'stop': 84, 'breakeven': 69, 'target': 59}"
trendline,0.5,48,atr,2.0,1.0,1.0,0.705553549194544,0.8655920002949936,0.06946726481041354,-0.08025405131602315,194,0.3247422680412371,1.1530913963193814,0.0005473869728425119,24.824742268041238,"{'stop': 95, 'target': 63, 'breakeven': 36}"
trendline,0.5,48,atr,2.0,1.5,,1.6524230030374594,3.9385445156438013,0.22156210750703131,-0.056254818658769024,137,0.43795620437956206,1.4594479363390722,0.0022141099855720507,49.24817518248175,"{'stop': 76, 'target': 56, 'max_hold': 5}"
trendline,0.5,48,atr,2.0,1.5,0.5,0.9537360122170386,1.7407686707552865,0.10809061009285204,-0.0620936095121436,181,0.281767955801105,1.2455183287696219,0.000881350475363002,30.104972375690608,"{'breakeven': 67, 'stop': 63, 'target': 49, 'max_hold': 2}"
trendline,0.5,48,atr,2.0,1.5,1.0,0.9977729532371561,1.6049288339454306,0.1190586703294445,-0.07418314620017141,156,0.33974358974358976,1.2627001476580009,0.00111881323552051,38.98717948717949,"{'stop': 71, 'target': 51, 'breakeven': 32, 'max_hold': 2}"
trendline,0.5,48,atr,2.0,2.0,,1.77419921412016,3.544914201815265,0.2591977813619455,-0.07311821009073127,116,0.49137931034482757,1.5907848254048966,0.0029979965797422873,65.59482758620689,"{'stop': 58, 'target': 47, 'max_hold': 11}"
trendline,0.5,48,atr,2.0,2.0,0.5,1.2057748204850989,1.4975348206992565,0.1577643658063086,-0.10534938061249377,157,0.29936305732484075,1.3563857301319084,0.0014341031761438056,40.4203821656051,"{'breakeven': 57, 'stop': 53, 'target': 44, 'max_hold': 3}"
trendline,0.5,48,atr,2.0,2.0,1.0,1.1375434380320775,1.466304390023472,0.15133847082449936,-0.10321081479001559,134,0.3582089552238806,1.3455515792411066,0.0016199279407754842,51.798507462686565,"{'stop': 56, 'target': 43, 'breakeven': 30, 'max_hold': 5}"
trendline,0.5,48,atr,2.0,3.0,,1.3447145362584474,2.2981957021095334,0.19588059317872997,-0.08523233813331454,94,0.5,1.4790297884008214,0.0029093358616416693,92.3936170212766,"{'stop': 45, 'target': 32, 'max_hold': 17}"
trendline,0.5,48,atr,2.0,3.0,0.5,0.561916184484125,0.4202656033503661,0.0646384680374652,-0.15380385052254097,128,0.265625,1.1825679298540193,0.0007935042473198494,59.6796875,"{'breakeven': 54, 'stop': 40, 'target': 27, 'max_hold': 7}"
trendline,0.5,48,atr,2.0,3.0,1.0,1.3337230461411291,1.535208490263749,0.18099786011414198,-0.11789790198661976,102,0.39215686274509803,1.4997737261803943,0.002485858276203532,80.67647058823529,"{'stop': 39, 'target': 31, 'breakeven': 22, 'max_hold': 10}"
trendline,0.5,48,atr,3.0,0.5,,0.6842616666828045,0.9606327184589272,0.07200771715533949,-0.07495863483689813,191,0.3036649214659686,1.1492370479181189,0.0005822598343852381,28.172774869109947,"{'stop': 133, 'target': 57, 'max_hold': 1}"
trendline,0.5,48,atr,3.0,0.5,0.5,-0.7632014797769894,-0.5090482856697937,-0.07036421996472253,-0.13822700507111807,243,0.1934156378600823,0.8590258250189641,-0.0004084015626664185,15.312757201646091,"{'stop': 103, 'breakeven': 93, 'target': 46, 'max_hold': 1}"
trendline,0.5,48,atr,3.0,0.5,1.0,0.0696491136580274,0.019594824265631552,0.0018620186219640011,-0.09502604344504884,221,0.22624434389140272,1.0157324955983016,5.1428991192252674e-05,20.457013574660632,"{'stop': 118, 'breakeven': 53, 'target': 49, 'max_hold': 1}"
trendline,0.5,48,atr,3.0,1.0,,0.9895427745160597,1.342839173713918,0.12026356748573708,-0.08955917420335724,149,0.3422818791946309,1.2599537348544916,0.0011817362192352518,43.32214765100671,"{'stop': 98, 'target': 45, 'max_hold': 6}"
trendline,0.5,48,atr,3.0,1.0,0.5,0.1516956823672875,0.11169527297687515,0.010884452811244172,-0.09744774797674416,197,0.20812182741116753,1.0373011211204355,0.00012545607221890016,25.888324873096447,"{'breakeven': 78, 'stop': 78, 'target': 40, 'max_hold': 1}"
trendline,0.5,48,atr,3.0,1.0,1.0,0.7243269205638524,0.9081542201124849,0.08085004677003904,-0.08902678089193361,180,0.25555555555555554,1.1857162997774155,0.0006843571954619482,31.355555555555554,"{'stop': 88, 'breakeven': 46, 'target': 43, 'max_hold': 3}"
trendline,0.5,48,atr,3.0,1.5,,1.3276727257150942,2.0255652683800194,0.1842381126192738,-0.0909563939979191,122,0.38524590163934425,1.411674510166056,0.002121624308578921,62.35245901639344,"{'stop': 75, 'target': 36, 'max_hold': 11}"
trendline,0.5,48,atr,3.0,1.5,0.5,0.6888532014369793,0.6592365526362807,0.0821159756534453,-0.1245622308487967,166,0.22289156626506024,1.20573850072817,0.0007579856580056823,37.30722891566265,"{'breakeven': 69, 'stop': 60, 'target': 31, 'max_hold': 6}"
trendline,0.5,48,atr,3.0,1.5,1.0,0.8448412880819449,0.803067492238464,0.10603309740733668,-0.13203510094995985,150,0.26666666666666666,1.2526871445653627,0.0010557483144440713,45.50666666666667,"{'stop': 67, 'breakeven': 43, 'target': 33, 'max_hold': 7}"
trendline,0.5,48,atr,3.0,2.0,,0.9670756052947949,1.2503857153045923,0.1392389866787247,-0.11135682771680278,109,0.3853211009174312,1.3125131557120284,0.0018781818918074751,79.22935779816514,"{'stop': 65, 'target': 26, 'max_hold': 18}"
trendline,0.5,48,atr,3.0,2.0,0.5,0.7708561030224823,0.760473463866378,0.10265087168149378,-0.1349828449760746,144,0.2222222222222222,1.2597268243414372,0.0010805495172587964,50.61805555555556,"{'breakeven': 64, 'stop': 48, 'target': 25, 'max_hold': 7}"
trendline,0.5,48,atr,3.0,2.0,1.0,0.8262641099377138,0.8806681321866325,0.11302210105110233,-0.12833676718888076,127,0.2677165354330709,1.2799306200727818,0.00133513018449161,61.38582677165354,"{'stop': 54, 'breakeven': 39, 'target': 24, 'max_hold': 10}"
trendline,0.5,48,atr,3.0,3.0,,1.6428092833930628,3.647735095489434,0.29896708277296136,-0.08195964754750029,89,0.47191011235955055,1.7208923921722397,0.004471271843548098,103.15730337078652,"{'stop': 44, 'target': 23, 'max_hold': 22}"
trendline,0.5,48,atr,3.0,3.0,0.5,0.7638883856181777,0.7831208509593369,0.10230979859009337,-0.13064369115540986,123,0.22764227642276422,1.2979172607521732,0.0012617566882593806,67.42276422764228,"{'breakeven': 58, 'stop': 37, 'target': 17, 'max_hold': 11}"
trendline,0.5,48,atr,3.0,3.0,1.0,1.7585569431385695,2.8066972595100643,0.29101275955492856,-0.10368512619908554,97,0.36082474226804123,1.8389946664959793,0.003993049457094796,91.27835051546391,"{'stop': 35, 'breakeven': 25, 'target': 22, 'max_hold': 15}"
trendline,0.5,48,atr,4.0,0.5,,0.8175499844518331,1.3151473550366388,0.09943130711318227,-0.07560468926344166,178,0.2752808988764045,1.211920509819417,0.0008362837385557265,33.235955056179776,"{'stop': 129, 'target': 44, 'max_hold': 5}"
trendline,0.5,48,atr,4.0,0.5,0.5,-0.11859533392941335,-0.11655196366906463,-0.01880394871362956,-0.16133532307547493,231,0.1645021645021645,0.9720312692988969,-8.13837222344741e-05,18.41991341991342,"{'stop': 97, 'breakeven': 96, 'target': 36, 'max_hold': 2}"
trendline,0.5,48,atr,4.0,0.5,1.0,0.5418222126229243,0.5958086674781781,0.060039381006397496,-0.10076956627791334,210,0.20476190476190476,1.1391484118108741,0.00045268330704845394,23.89047619047619,"{'stop': 111, 'breakeven': 56, 'target': 39, 'max_hold': 4}"
trendline,0.5,48,atr,4.0,1.0,,1.0264065462563803,1.916979188533749,0.1449904280803176,-0.07563484723650926,142,0.3028169014084507,1.3050784283374977,0.0014867770395536304,49.809859154929576,"{'stop': 99, 'target': 34, 'max_hold': 9}"
trendline,0.5,48,atr,4.0,1.0,0.5,0.4186841821958556,0.4850150229198553,0.04666379639517948,-0.09621103304029055,182,0.17582417582417584,1.124409950594216,0.0004263834692710278,31.357142857142858,"{'breakeven': 78, 'stop': 72, 'target': 28, 'max_hold': 4}"
trendline,0.5,48,atr,4.0,1.0,1.0,0.9391997755812359,1.313709908894735,0.12340511369890894,-0.09393634992274169,168,0.22023809523809523,1.2907512216173083,0.001082028810025748,37.232142857142854,"{'stop': 81, 'breakeven': 50, 'target': 31, 'max_hold': 6}"
trendline,0.5,48,atr,4.0,1.5,,1.1333050020812456,1.84704891111032,0.17556139298028128,-0.09504967189783065,115,0.33043478260869563,1.3905248585863192,0.002184221416810175,71.73913043478261,"{'stop': 76, 'target': 25, 'max_hold': 14}"
trendline,0.5,48,atr,4.0,1.5,0.5,0.9364814697228114,1.321128355149129,0.13498540015500304,-0.10217432668740645,157,0.19745222929936307,1.3336674702397926,0.0012644817349161271,43.63694267515923,"{'breakeven': 69, 'stop': 57, 'target': 24, 'max_hold': 7}"
trendline,0.5,48,atr,4.0,1.5,1.0,1.037214354473637,1.4037696919460365,0.15589595101979992,-0.11105521932424856,139,0.2446043165467626,1.3722108652361253,0.0016233870789261642,54.07194244604317,"{'stop': 63, 'breakeven': 42, 'target': 25, 'max_hold': 9}"
trendline,0.5,48,atr,4.0,2.0,,1.0655676506304128,1.5417954910768712,0.173509980185655,-0.11253761033148857,105,0.38095238095238093,1.3933518510236256,0.0023745186078420856,87.76190476190476,"{'stop': 63, 'max_hold': 23, 'target': 19}"
trendline,0.5,48,atr,4.0,2.0,0.5,0.6914706041759511,0.5960843771102168,0.09407984604836406,-0.15782974635983216,140,0.2,1.2527816671992724,0.001037951886486608,56.92857142857143,"{'breakeven': 66, 'stop': 46, 'target': 17, 'max_hold': 11}"
trendline,0.5,48,atr,4.0,2.0,1.0,0.770685165054055,0.6597156772801154,0.10598868754747448,-0.16065813076391644,120,0.25833333333333336,1.2854265374712817,0.001339588707447892,70.84166666666667,"{'stop': 50, 'breakeven': 39, 'target': 16, 'max_hold': 15}"
trendline,0.5,48,atr,4.0,3.0,,1.9106530202618488,5.552117682063987,0.4142064634418925,-0.07460332924497959,90,0.4666666666666667,1.939906265228265,0.005856284445139596,108.06666666666666,"{'stop': 45, 'max_hold': 26, 'target': 19}"
trendline,0.5,48,atr,4.0,3.0,0.5,1.0539635275531722,1.4985800719886888,0.17314687854232358,-0.11554062527506404,122,0.22950819672131148,1.4695720010052156,0.002054141131480184,72.25409836065573,"{'breakeven': 56, 'stop': 38, 'max_hold': 14, 'target': 14}"
trendline,0.5,48,atr,4.0,3.0,1.0,1.953091462990923,3.97205810142334,0.3879506487265967,-0.09766993302227356,96,0.3645833333333333,2.0489080980017875,0.0051864651435251435,98.22916666666667,"{'stop': 36, 'breakeven': 23, 'max_hold': 19, 'target': 18}"
trendline,0.5,48,atr,5.0,0.5,,0.9211132061307284,1.7130071226845955,0.12334424222897766,-0.07200451217953763,170,0.24705882352941178,1.2638195904026022,0.0010718443174409006,37.38235294117647,"{'stop': 128, 'target': 36, 'max_hold': 6}"
trendline,0.5,48,atr,5.0,0.5,0.5,0.07937339728396994,0.015691709989079365,0.002405161254142918,-0.15327591803677154,219,0.136986301369863,1.0216457090330078,6.362051133880554e-05,21.80365296803653,"{'breakeven': 98, 'stop': 91, 'target': 26, 'max_hold': 4}"
trendline,0.5,48,atr,5.0,0.5,1.0,0.7061417565359186,0.7664405866625525,0.0883329400491113,-0.11525086430215681,200,0.18,1.203965436532895,0.0006773196409357174,27.41,"{'stop': 107, 'breakeven': 57, 'target': 30, 'max_hold': 6}"
trendline,0.5,48,atr,5.0,1.0,,0.7978715874640426,1.1320418924565532,0.11431225516836796,-0.10097882059850993,133,0.2781954887218045,1.2567727007657783,0.0012970870329077325,60.00751879699248,"{'stop': 96, 'target': 23, 'max_hold': 14}"
trendline,0.5,48,atr,5.0,1.0,0.5,0.47999332387298294,0.5153181858653526,0.05674544955878047,-0.11011730444461254,170,0.16470588235294117,1.1569924996260037,0.0005437328610296041,36.84117647058824,"{'breakeven': 76, 'stop': 66, 'target': 21, 'max_hold': 7}"
trendline,0.5,48,atr,5.0,1.0,1.0,0.8863131452510604,1.271184923862568,0.12529709454195403,-0.09856716531944987,159,0.20125786163522014,1.3086761869297008,0.0011661326545102993,44.081761006289305,"{'stop': 77, 'breakeven': 50, 'target': 23, 'max_hold': 9}"
trendline,0.5,48,atr,5.0,1.5,,1.0471893440722368,1.5267624880388593,0.16825912691003841,-0.11020648478609718,111,0.32432432432432434,1.3895433416117393,0.0021844893381442786,78.96396396396396,"{'stop': 74, 'max_hold': 20, 'target': 17}"
trendline,0.5,48,atr,5.0,1.5,0.5,0.8777627893946196,0.9361182584071274,0.12920198625648904,-0.13801887218430664,152,0.17763157894736842,1.33525338954015,0.0012658033231433058,47.41447368421053,"{'breakeven': 70, 'stop': 55, 'target': 18, 'max_hold': 9}"
trendline,0.5,48,atr,5.0,1.5,1.0,0.776226500401266,0.7474440773530957,0.10953434666560802,-0.1465452065036078,134,0.22388059701492538,1.2831132760040191,0.0012383019160747332,60.46268656716418,"{'stop': 61, 'breakeven': 43, 'target': 16, 'max_hold': 14}"
trendline,0.5,48,atr,5.0,2.0,,1.3095356308489112,2.137587102314531,0.23803491868209892,-0.11135682771680278,105,0.38095238095238093,1.5205744528038985,0.0031425140665623163,89.95238095238095,"{'stop': 63, 'max_hold': 26, 'target': 16}"
trendline,0.5,48,atr,5.0,2.0,0.5,0.9714915244407638,0.9981959997839469,0.1538669204273202,-0.1541449980370826,140,0.2,1.3858942438232322,0.001612856708500648,58.9,"{'breakeven': 65, 'stop': 47, 'target': 15, 'max_hold': 13}"
trendline,0.5,48,atr,5.0,2.0,1.0,1.025454055924221,1.0210607899919262,0.16029200154406453,-0.15698575747417742,120,0.25833333333333336,1.4138163169579046,0.001942158812791759,72.6,"{'stop': 50, 'breakeven': 39, 'max_hold': 17, 'target': 14}"
trendline,0.5,48,atr,5.0,3.0,,2.141646933327178,7.121699103116254,0.4862765188063769,-0.0682809694379809,88,0.4659090909090909,2.105778140853192,0.006840646162367981,115.1590909090909,"{'stop': 44, 'max_hold': 30, 'target': 13, 'data_end': 1}"
trendline,0.5,48,atr,5.0,3.0,0.5,1.166965823127092,1.9410490673796013,0.21274381243183815,-0.1096024907392168,122,0.22131147540983606,1.5651798385174476,0.002477099402149047,73.81147540983606,"{'breakeven': 57, 'stop': 38, 'max_hold': 16, 'target': 11}"
trendline,0.5,48,atr,5.0,3.0,1.0,2.007960689572837,4.5937522206300905,0.4368590884842012,-0.09509853111413147,95,0.3473684210526316,2.1787748888893015,0.005806797938362845,102.45263157894736,"{'stop': 35, 'breakeven': 25, 'max_hold': 22, 'target': 12, 'data_end': 1}"
trendline,0.5,96,h4_level,,0.5,,0.8524528324073358,1.0197220484039473,0.09767630717784104,-0.09578718762698368,184,0.33695652173913043,1.2270929540397737,0.0007929498874932587,28.657608695652176,"{'stop': 120, 'target': 63, 'max_hold': 1}"
trendline,0.5,96,h4_level,,0.5,0.5,0.08423815477918169,0.0223574078957611,0.0032752189348388416,-0.14649367896802623,228,0.22807017543859648,1.021583935471226,6.029424889211119e-05,17.19736842105263,"{'stop': 95, 'breakeven': 80, 'target': 52, 'max_hold': 1}"
trendline,0.5,96,h4_level,,0.5,1.0,0.599698958525837,0.5983781583677564,0.06385622322712448,-0.1067154981079359,207,0.28019323671497587,1.16075996174987,0.0004806749661599089,22.41062801932367,"{'stop': 105, 'target': 58, 'breakeven': 43, 'max_hold': 1}"
trendline,0.5,96,h4_level,,1.0,,0.9762347618956556,1.1267722713423831,0.1189561139256321,-0.10557245412501448,163,0.3987730061349693,1.2700482715227157,0.001070317567536241,35.22699386503067,"{'stop': 96, 'target': 65, 'max_hold': 2}"
trendline,0.5,96,h4_level,,1.0,0.5,0.621856239007043,0.5937666898856107,0.06785886988545053,-0.11428541048424856,188,0.30319148936170215,1.1763759498971476,0.0005579487687521364,26.03191489361702,"{'stop': 72, 'breakeven': 58, 'target': 57, 'max_hold': 1}"
trendline,0.5,96,h4_level,,1.0,1.0,1.0760736881915176,1.476855894982529,0.12862240591879037,-0.08709204896413536,176,0.35795454545454547,1.3114491498235448,0.0010577877903146674,30.306818181818183,"{'stop': 83, 'target': 63, 'breakeven': 29, 'max_hold': 1}"
trendline,0.5,96,h4_level,,1.5,,1.3507896169234328,2.3750953071994285,0.1719905186447941,-0.07241415454927369,138,0.4782608695652174,1.416689187723243,0.0017532298191337864,45.3768115942029,"{'target': 68, 'stop': 68, 'max_hold': 2}"
trendline,0.5,96,h4_level,,1.5,0.5,0.879158587534141,0.9303197158009077,0.10103204108863229,-0.10859926901759176,170,0.3588235294117647,1.2608739884777114,0.0008810764442904356,31.50588235294118,"{'target': 62, 'stop': 57, 'breakeven': 50, 'max_hold': 1}"
trendline,0.5,96,h4_level,,1.5,1.0,1.2032087143106598,1.8840861335029955,0.14908998670592544,-0.07913119472342234,152,0.42105263157894735,1.3708738810155918,0.0013993410669334565,39.16447368421053,"{'target': 66, 'stop': 62, 'breakeven': 23, 'max_hold': 1}"
trendline,0.5,96,h4_level,,2.0,,1.3457494432967343,2.2088645400757536,0.1738442488793588,-0.07870299229548805,129,0.5193798449612403,1.4240902808749154,0.0018961229038983924,52.06976744186046,"{'target': 69, 'stop': 58, 'max_hold': 2}"
trendline,0.5,96,h4_level,,2.0,0.5,0.9897049129199817,1.0156919520121128,0.11871510689488618,-0.11688101560685638,158,0.3987341772151899,1.2962326004413531,0.0011005444750636611,37.81012658227848,"{'target': 64, 'stop': 52, 'breakeven': 41, 'max_hold': 1}"
trendline,0.5,96,h4_level,,2.0,1.0,1.3371106113671527,2.174138017290516,0.17083615189996815,-0.0785764981529875,140,0.4642857142857143,1.428846678188635,0.0017176626107878777,45.66428571428571,"{'target': 67, 'stop': 53, 'breakeven': 19, 'max_hold': 1}"
trendline,0.5,96,h4_level,,3.0,,1.459489189590348,2.772517370794399,0.18359368388573238,-0.06621912844251288,113,0.5929203539823009,1.5055846174650263,0.002258788637841303,62.54867256637168,"{'target': 70, 'stop': 40, 'max_hold': 3}"
trendline,0.5,96,h4_level,,3.0,0.5,0.9885227374113066,1.3015407295752532,0.11406072478785267,-0.08763515593175131,138,0.463768115942029,1.3126357335438634,0.0012060817354020877,47.028985507246375,"{'target': 69, 'stop': 39, 'breakeven': 30}"
trendline,0.5,96,h4_level,,3.0,1.0,1.572539841547644,2.747989084229939,0.19245132748937777,-0.07003351235774935,116,0.5603448275862069,1.567347637596588,0.0022871613849454607,58.26724137931034,"{'target': 70, 'stop': 37, 'breakeven': 9}"
trendline,0.5,96,atr,2.0,0.5,,0.20527066867991675,0.1709085079186201,0.01546040345180133,-0.09046011600056192,214,0.3691588785046729,1.0394008696012318,0.0001398912960491916,19.093457943925234,"{'stop': 135, 'target': 79}"
trendline,0.5,96,atr,2.0,0.5,0.5,-1.3425390065661198,-0.6825606259911412,-0.10406262839854685,-0.15245917276203602,254,0.24803149606299213,0.7890389021380866,-0.0006067673246139443,11.641732283464567,"{'stop': 109, 'breakeven': 82, 'target': 63}"
trendline,0.5,96,atr,2.0,0.5,1.0,-0.45270683863992467,-0.46069706756555123,-0.04466149172912348,-0.09694329500538601,227,0.3039647577092511,0.9202533575784502,-0.0002624131831100862,16.45814977973568,"{'stop': 121, 'target': 69, 'breakeven': 37}"
trendline,0.5,96,atr,2.0,1.0,,1.0187994797609283,1.3084310930866256,0.11230591957213654,-0.08583250594206204,172,0.38953488372093026,1.2259248925320496,0.0009574412169601066,31.651162790697676,"{'stop': 105, 'target': 67}"
trendline,0.5,96,atr,2.0,1.0,0.5,0.08997094801412357,0.05889761693434689,0.0040570642074739816,-0.0688833338027307,212,0.2783018867924528,1.019098666536193,6.186495192978404e-05,19.87264150943396,"{'stop': 84, 'breakeven': 69, 'target': 59}"
trendline,0.5,96,atr,2.0,1.0,1.0,0.705553549194544,0.8655920002949936,0.06946726481041354,-0.08025405131602315,194,0.3247422680412371,1.1530913963193814,0.0005473869728425119,24.824742268041238,"{'stop': 95, 'target': 63, 'breakeven': 36}"
trendline,0.5,96,atr,2.0,1.5,,1.416936572730462,2.951928583214392,0.19059694290030027,-0.06456692210783666,135,0.4222222222222222,1.3837895888671892,0.0019745080996977854,51.666666666666664,"{'stop': 78, 'target': 57}"
trendline,0.5,96,atr,2.0,1.5,0.5,0.9157336103264949,1.6818671262936282,0.10443320059138728,-0.06209360951214338,180,0.2722222222222222,1.2380350775058953,0.0008604746061967529,30.544444444444444,"{'breakeven': 68, 'stop': 63, 'target': 49}"
trendline,0.5,96,atr,2.0,1.5,1.0,0.9614678839843326,1.4623779577046676,0.1153650591966715,-0.07888867483871764,155,0.32903225806451614,1.255357373826824,0.001096102308489753,39.55483870967742,"{'stop': 71, 'target': 51, 'breakeven': 33}"
trendline,0.5,96,atr,2.0,2.0,,1.6964229285484242,3.1849005637145416,0.2666731141532135,-0.08373043641971456,109,0.45871559633027525,1.5818479975705098,0.0032869787219001506,74.38532110091744,"{'stop': 59, 'target': 49, 'max_hold': 1}"
trendline,0.5,96,atr,2.0,2.0,0.5,1.010407291694201,0.9624048006550139,0.128655899880584,-0.1336816896518187,154,0.2792207792207792,1.3009635285095529,0.0012197685240440245,42.11038961038961,"{'breakeven': 59, 'stop': 52, 'target': 43}"
trendline,0.5,96,atr,2.0,2.0,1.0,1.0053819906464048,1.0715507687054386,0.13352190329559877,-0.12460623163651796,129,0.32558139534883723,1.3135298130842834,0.0015082418087338041,55.24031007751938,"{'stop': 55, 'target': 42, 'breakeven': 32}"
trendline,0.5,96,atr,2.0,3.0,,1.5055998242872624,2.0826066290546676,0.2504544986100943,-0.12026010822974287,83,0.46987951807228917,1.6014623726374373,0.004116778623459011,115.90361445783132,"{'stop': 42, 'target': 36, 'max_hold': 5}"
trendline,0.5,96,atr,2.0,3.0,0.5,0.39010495490626573,0.2403353883591359,0.041186771794574195,-0.17137206499539026,123,0.24390243902439024,1.126792270960642,0.000559129073595966,64.92682926829268,"{'breakeven': 54, 'stop': 39, 'target': 29, 'max_hold': 1}"
trendline,0.5,96,atr,2.0,3.0,1.0,1.484269728458005,1.7070900033219922,0.21912172965740795,-0.12835979897427652,93,0.3548387096774194,1.642507182497633,0.0032406291339565187,91.6774193548387,"{'stop': 37, 'target': 33, 'breakeven': 23}"
trendline,0.5,96,atr,3.0,0.5,,0.6621245600550831,0.8889605274551817,0.06946575813618239,-0.07814268011993886,189,0.30158730158730157,1.14475246440682,0.0005701878293610119,29.11111111111111,"{'stop': 132, 'target': 57}"
trendline,0.5,96,atr,3.0,0.5,0.5,-0.8005333411548963,-0.5162441087048619,-0.07362003720617694,-0.14260702633657696,243,0.18930041152263374,0.851973050514333,-0.0004294046240909548,15.345679012345679,"{'stop': 103, 'breakeven': 94, 'target': 46}"
trendline,0.5,96,atr,3.0,0.5,1.0,0.0360987088308704,-0.01732949125927209,-0.0016467529892841837,-0.09502604344504884,221,0.22171945701357465,1.008656681884455,2.8335127272966325e-05,20.493212669683256,"{'stop': 118, 'breakeven': 54, 'target': 49}"
trendline,0.5,96,atr,3.0,1.0,,0.7606943951157844,0.9723615014624866,0.09122106411919129,-0.09381394057867332,143,0.32167832167832167,1.2025360911381957,0.0009667517194650298,47.67832167832168,"{'stop': 97, 'target': 45, 'max_hold': 1}"
trendline,0.5,96,atr,3.0,1.0,0.5,0.12066884389871124,0.07536431091664021,0.007344082376645744,-0.09744774797674416,197,0.20304568527918782,1.0295564175728384,9.954874264447227e-05,25.928934010152282,"{'breakeven': 79, 'stop': 78, 'target': 40}"
trendline,0.5,96,atr,3.0,1.0,1.0,0.48717947957906826,0.42168317106078645,0.05105110458974571,-0.12106507466570582,177,0.23728813559322035,1.1248139652613607,0.0004648828072527951,32.74576271186441,"{'stop': 87, 'breakeven': 48, 'target': 42}"
trendline,0.5,96,atr,3.0,1.5,,0.9766419131385232,1.2904481720360623,0.13148057569670257,-0.10188752911265953,112,0.35714285714285715,1.3059687912455482,0.001722523438179985,72.83035714285714,"{'stop': 71, 'target': 38, 'max_hold': 3}"
trendline,0.5,96,atr,3.0,1.5,0.5,0.5039057280234581,0.40164924636314714,0.05589620767927972,-0.13916671868653707,156,0.21153846153846154,1.1517018216750177,0.0005744141905327442,41.52564102564103,"{'breakeven': 66, 'stop': 57, 'target': 32, 'max_hold': 1}"
trendline,0.5,96,atr,3.0,1.5,1.0,0.6651616229824604,0.5412475489438503,0.07930084277108418,-0.14651492265567923,142,0.24647887323943662,1.2021017206147282,0.000861249183185528,50.028169014084504,"{'stop': 63, 'breakeven': 44, 'target': 34, 'max_hold': 1}"
trendline,0.5,96,atr,3.0,2.0,,1.2173401611694619,1.6228463152639054,0.2069738177657794,-0.1275375344042492,91,0.3626373626373626,1.476566697980505,0.003214607992825448,104.17582417582418,"{'stop': 57, 'target': 30, 'max_hold': 4}"
trendline,0.5,96,atr,3.0,2.0,0.5,0.6162160369467093,0.5287838427271279,0.07784042784320766,-0.14720651720702482,136,0.20588235294117646,1.2130157315855161,0.0008970457040935431,55.029411764705884,"{'breakeven': 63, 'stop': 45, 'target': 27, 'max_hold': 1}"
trendline,0.5,96,atr,3.0,2.0,1.0,1.0059349731905194,1.0985107952938367,0.14689581350596526,-0.13372268541673515,115,0.25217391304347825,1.3797624278920197,0.0018609451436726564,70.22608695652174,"{'stop': 49, 'breakeven': 37, 'target': 28, 'max_hold': 1}"
trendline,0.5,96,atr,3.0,3.0,,1.8937234709490822,3.7426647438954093,0.3970420611136234,-0.10608539323786115,72,0.4583333333333333,2.0376796838284372,0.007059011992093104,144.90277777777777,"{'stop': 37, 'target': 25, 'max_hold': 10}"
trendline,0.5,96,atr,3.0,3.0,0.5,0.43228948276817036,0.3393686298459863,0.050461652425659365,-0.1486927428989535,113,0.168141592920354,1.1754642719924207,0.0007441968590232113,77.80530973451327,"{'breakeven': 61, 'stop': 33, 'target': 18, 'max_hold': 1}"
trendline,0.5,96,atr,3.0,3.0,1.0,1.6167108130327592,2.3572819088449983,0.2694740707537029,-0.11431558938393482,83,0.27710843373493976,1.9205500266849846,0.0043795057670987835,112.50602409638554,"{'breakeven': 30, 'stop': 30, 'target': 21, 'max_hold': 2}"
trendline,0.5,96,atr,4.0,0.5,,0.7096011797483589,0.859324748081606,0.0865241557434282,-0.10068854171439667,172,0.2616279069767442,1.187435666360773,0.0007678834431555413,36.19767441860465,"{'stop': 127, 'target': 45}"
trendline,0.5,96,atr,4.0,0.5,0.5,-0.11505690784175097,-0.11494558356492565,-0.018544782860546283,-0.16133532307547493,231,0.16017316017316016,0.9727262342749353,-7.947221637587083e-05,18.471861471861473,"{'breakeven': 97, 'stop': 97, 'target': 37}"
trendline,0.5,96,atr,4.0,0.5,1.0,0.4350643267201226,0.395414278208926,0.046607104632727436,-0.1178690482393292,207,0.1932367149758454,1.1126255626778645,0.0003693386011547758,24.956521739130434,"{'stop': 110, 'breakeven': 57, 'target': 40}"
trendline,0.5,96,atr,4.0,1.0,,0.8451584277696277,1.5052041250455954,0.11837629655155557,-0.078644679868898,131,0.2748091603053435,1.2596220752419967,0.0013555716997763225,57.778625954198475,"{'stop': 94, 'target': 35, 'max_hold': 2}"
trendline,0.5,96,atr,4.0,1.0,0.5,0.3657662606057387,0.4090237516568262,0.0393525976849185,-0.09621103304029055,175,0.17142857142857143,1.1096297683444758,0.00038423752539684745,33.542857142857144,"{'breakeven': 75, 'stop': 70, 'target': 29, 'max_hold': 1}"
trendline,0.5,96,atr,4.0,1.0,1.0,0.6809025107709638,0.7611106815844886,0.08369887417531774,-0.1099693857942875,160,0.2,1.2111622590018913,0.0008055956250952246,41.00625,"{'stop': 78, 'breakeven': 50, 'target': 31, 'max_hold': 1}"
trendline,0.5,96,atr,4.0,1.5,,1.073252055700529,1.6452883305647974,0.16974427086422272,-0.10316992329602959,99,0.31313131313131315,1.4125972145231895,0.002470801973928788,92.02020202020202,"{'stop': 67, 'target': 26, 'max_hold': 6}"
trendline,0.5,96,atr,4.0,1.5,0.5,0.760765014326083,0.8917664297480395,0.10447248890176919,-0.11715230066609139,145,0.1793103448275862,1.2794067239836535,0.001092394465180964,50.39310344827586,"{'breakeven': 66, 'stop': 53, 'target': 24, 'max_hold': 2}"
trendline,0.5,96,atr,4.0,1.5,1.0,0.9452448496915784,1.0976862861170975,0.13818227966361674,-0.12588503783937766,126,0.21428571428571427,1.3628161125290938,0.001609849106793709,63.26984126984127,"{'stop': 56, 'breakeven': 43, 'target': 25, 'max_hold': 2}"
trendline,0.5,96,atr,4.0,2.0,,1.3500299774543247,2.3723107545143036,0.2680971336164131,-0.11301096751605888,86,0.3488372093023256,1.6196346720846062,0.0042793819750011,117.96511627906976,"{'stop': 55, 'target': 24, 'max_hold': 7}"
trendline,0.5,96,atr,4.0,2.0,0.5,0.5161996725647627,0.4608390859123207,0.06843692243380284,-0.14850503033682272,130,0.16153846153846155,1.2015725516410107,0.0008592618261682556,63.315384615384616,"{'breakeven': 66, 'stop': 43, 'target': 19, 'max_hold': 2}"
trendline,0.5,96,atr,4.0,2.0,1.0,0.9310648324142766,1.003922807041717,0.14567095157734777,-0.14510174542861498,105,0.20952380952380953,1.407417453019122,0.002048234445230203,84.4095238095238,"{'stop': 45, 'breakeven': 38, 'target': 20, 'max_hold': 2}"
trendline,0.5,96,atr,4.0,3.0,,2.0047930893320625,4.939117777675351,0.4791128262633668,-0.0970037257319396,67,0.43283582089552236,2.256717809617238,0.008929096809898686,165.9402985074627,"{'stop': 36, 'target': 18, 'max_hold': 13}"
trendline,0.5,96,atr,4.0,3.0,0.5,0.9089929255570893,1.0968308567603806,0.1468692030064238,-0.13390323777015112,111,0.16216216216216217,1.4554155641838842,0.0019637020009919998,83.18018018018019,"{'breakeven': 60, 'stop': 33, 'target': 16, 'max_hold': 2}"
trendline,0.5,96,atr,4.0,3.0,1.0,1.8681242018735025,3.9511299890417653,0.3872701475832945,-0.09801503586502247,78,0.2692307692307692,2.331639497963047,0.0063996072523432,127.94871794871794,"{'breakeven': 29, 'stop': 28, 'target': 17, 'max_hold': 4}"
trendline,0.5,96,atr,5.0,0.5,,0.529477678483992,0.6772779602758153,0.06558811333528136,-0.09684076137450448,160,0.21875,1.1505037056791312,0.0006595860330307139,42.7125,"{'stop': 125, 'target': 35}"
trendline,0.5,96,atr,5.0,0.5,0.5,0.06802087496478337,0.006831661044601754,0.0010471291183273834,-0.15327591803677154,209,0.1339712918660287,1.0188369379279294,5.6226721497509625e-05,23.770334928229666,"{'breakeven': 95, 'stop': 86, 'target': 27, 'max_hold': 1}"
trendline,0.5,96,atr,5.0,0.5,1.0,0.4239707925814585,0.36100694005999834,0.04767998239313198,-0.13207497447336525,189,0.164021164021164,1.124032937745239,0.00042019231077632064,30.67195767195767,"{'stop': 100, 'breakeven': 58, 'target': 30, 'max_hold': 1}"
trendline,0.5,96,atr,5.0,1.0,,0.7231424918756694,0.9141413746836343,0.10497915260677626,-0.11483907797424375,114,0.24561403508771928,1.2586029871507873,0.0014118170555120582,75.78070175438596,"{'stop': 85, 'target': 25, 'max_hold': 4}"
trendline,0.5,96,atr,5.0,1.0,0.5,0.3985794587588583,0.37482996950567776,0.04554972272580882,-0.12152102668278997,160,0.15,1.1345846833339277,0.0004815333919265619,41.7,"{'breakeven': 73, 'stop': 63, 'target': 23, 'max_hold': 1}"
trendline,0.5,96,atr,5.0,1.0,1.0,0.6743133040386372,0.7999838985589843,0.09161276224147707,-0.11451825768806057,147,0.17006802721088435,1.246426754438966,0.0009605846348688927,49.64625850340136,"{'stop': 72, 'breakeven': 50, 'target': 24, 'max_hold': 1}"
trendline,0.5,96,atr,5.0,1.5,,1.1734142981710958,2.5658549758991804,0.2151233961641652,-0.08384082428071649,94,0.2872340425531915,1.5259721247935059,0.0032319405073789106,103.3936170212766,"{'stop': 66, 'target': 21, 'max_hold': 7}"
trendline,0.5,96,atr,5.0,1.5,0.5,0.744759257613413,0.8345924467188756,0.10799364628632624,-0.1293968651536369,140,0.15,1.2997003294471088,0.0011802028559489107,55.17857142857143,"{'breakeven': 68, 'stop': 51, 'target': 19, 'max_hold': 2}"
trendline,0.5,96,atr,5.0,1.5,1.0,0.7087662910632105,0.7344119318407805,0.10085157836999592,-0.13732290285264648,120,0.175,1.2857911762913123,0.001294349171428457,71.65833333333333,"{'stop': 54, 'breakeven': 45, 'target': 18, 'max_hold': 3}"
trendline,0.5,96,atr,5.0,2.0,,1.4097334740938803,2.7609892779814285,0.29558698493597246,-0.1070583603106483,81,0.32098765432098764,1.6969549013004883,0.004975690862263719,134.49382716049382,"{'stop': 54, 'target': 18, 'max_hold': 9}"
trendline,0.5,96,atr,5.0,2.0,0.5,0.8329325976651553,0.9888308561271865,0.13285036253936622,-0.13435094760258837,128,0.15625,1.369662104042105,0.001564975296083767,67.7421875,"{'breakeven': 66, 'stop': 42, 'target': 17, 'max_hold': 3}"
trendline,0.5,96,atr,5.0,2.0,1.0,1.220271408885647,1.5456174537517353,0.22427179030430855,-0.1451017454286151,102,0.19607843137254902,1.6217262285444585,0.0030972776742147056,92.24509803921569,"{'stop': 43, 'breakeven': 39, 'target': 17, 'max_hold': 3}"
trendline,0.5,96,atr,5.0,3.0,,2.134145505506904,5.727278108643265,0.5555673148413725,-0.0970037257319395,64,0.4375,2.4957895416732514,0.010548520268152738,181.40625,"{'stop': 34, 'max_hold': 16, 'target': 13, 'data_end': 1}"
trendline,0.5,96,atr,5.0,3.0,0.5,0.8361290691546648,1.1326982691180008,0.1450854944809512,-0.1280883872047629,110,0.13636363636363635,1.4561505610436787,0.001993242690254994,86.7909090909091,"{'breakeven': 62, 'stop': 33, 'target': 13, 'max_hold': 2}"
trendline,0.5,96,atr,5.0,3.0,1.0,1.727088947347794,3.9189494214659586,0.3740426281756972,-0.09544461740865728,76,0.23684210526315788,2.321771345992573,0.0064193992985529715,138.42105263157896,"{'breakeven': 31, 'stop': 27, 'target': 11, 'max_hold': 6, 'data_end': 1}"
trendline,0.5,168,h4_level,,0.5,,0.871428890977746,1.0263319971576246,0.09830945557931381,-0.09578718762698324,181,0.3425414364640884,1.2322313954530484,0.000807282439739048,29.718232044198896,"{'stop': 117, 'target': 63, 'max_hold': 1}"
trendline,0.5,168,h4_level,,0.5,0.5,0.08868016204214645,0.026017341670548238,0.003811376098286745,-0.14649367896802623,224,0.23214285714285715,1.0222877487766393,6.205609284910558e-05,18.138392857142858,"{'stop': 93, 'breakeven': 78, 'target': 52, 'max_hold': 1}"
trendline,0.5,168,h4_level,,0.5,1.0,0.6050480228957257,0.5933434137427638,0.06331893794662213,-0.1067154981079359,203,0.2857142857142857,1.1616324600349588,0.0004834756921875319,23.482758620689655,"{'stop': 103, 'target': 58, 'breakeven': 41, 'max_hold': 1}"
trendline,0.5,168,h4_level,,1.0,,0.8786426547913755,0.9771603729474874,0.10316121864578065,-0.10557245412501448,161,0.39751552795031053,1.2355385498090417,0.0009522950369761217,36.27950310559006,"{'stop': 95, 'target': 65, 'max_hold': 1}"
trendline,0.5,168,h4_level,,1.0,0.5,0.6036984510575819,0.556347062619825,0.06358235242321264,-0.11428541048424856,185,0.3081081081081081,1.1674228839660792,0.0005322084074313242,27.183783783783785,"{'stop': 71, 'target': 57, 'breakeven': 56, 'max_hold': 1}"
trendline,0.5,168,h4_level,,1.0,1.0,1.071732744392507,1.423728580702672,0.1239954392621967,-0.0870920489641358,173,0.36416184971098264,1.303753636782364,0.0010381301255346454,31.502890173410403,"{'stop': 82, 'target': 63, 'breakeven': 27, 'max_hold': 1}"
trendline,0.5,168,h4_level,,1.5,,1.4041217568281936,2.3289992085039875,0.17368385979788847,-0.07457446063687279,136,0.4852941176470588,1.4316686951574364,0.001789520066763683,46.88235294117647,"{'target': 69, 'stop': 66, 'max_hold': 1}"
trendline,0.5,168,h4_level,,1.5,0.5,0.8772564101200117,0.8980829526461191,0.09753115217452901,-0.10859926901759176,167,0.3652694610778443,1.2552285388889095,0.0008655239304701011,32.868263473053894,"{'target': 62, 'stop': 56, 'breakeven': 48, 'max_hold': 1}"
trendline,0.5,168,h4_level,,1.5,1.0,1.2175717961754708,1.8491503639712568,0.1463254775242968,-0.07913119472342234,150,0.4266666666666667,1.3694433080937398,0.00139049270238551,40.346666666666664,"{'target': 66, 'stop': 61, 'breakeven': 22, 'max_hold': 1}"
trendline,0.5,168,h4_level,,2.0,,1.3635074883064253,2.1131407338955595,0.1708445797378475,-0.08084865196029645,128,0.5234375,1.4246307960380975,0.0018767630281673266,53.3125,"{'target': 70, 'stop': 57, 'max_hold': 1}"
trendline,0.5,168,h4_level,,2.0,0.5,1.0025546921746478,0.9978419590569961,0.1166287815897169,-0.11688101560685638,155,0.4064516129032258,1.2954393210134216,0.0011002909507163384,39.354838709677416,"{'target': 64, 'stop': 51, 'breakeven': 39, 'max_hold': 1}"
trendline,0.5,168,h4_level,,2.0,1.0,1.3065652406590358,2.056815793198857,0.16161738237532552,-0.0785764981529875,139,0.4676258992805755,1.4080434021752675,0.0016431617531949304,46.75539568345324,"{'target': 67, 'stop': 53, 'breakeven': 18, 'max_hold': 1}"
trendline,0.5,168,h4_level,,3.0,,1.5436094910744897,2.9339109559623853,0.1942810264317696,-0.0662191284425131,112,0.5982142857142857,1.5490522764750747,0.002394255672946781,64.27678571428571,"{'target': 72, 'stop': 39, 'max_hold': 1}"
trendline,0.5,168,h4_level,,3.0,0.5,0.9885227374113066,1.3015407295752532,0.11406072478785267,-0.08763515593175131,138,0.463768115942029,1.3126357335438634,0.0012060817354020877,47.028985507246375,"{'target': 69, 'stop': 39, 'breakeven': 30}"
trendline,0.5,168,h4_level,,3.0,1.0,1.572539841547644,2.747989084229939,0.19245132748937777,-0.07003351235774935,116,0.5603448275862069,1.567347637596588,0.0022871613849454607,58.26724137931034,"{'target': 70, 'stop': 37, 'breakeven': 9}"
trendline,0.5,168,atr,2.0,0.5,,0.20527066867991675,0.1709085079186201,0.01546040345180133,-0.09046011600056192,214,0.3691588785046729,1.0394008696012318,0.0001398912960491916,19.093457943925234,"{'stop': 135, 'target': 79}"
trendline,0.5,168,atr,2.0,0.5,0.5,-1.3425390065661198,-0.6825606259911412,-0.10406262839854685,-0.15245917276203602,254,0.24803149606299213,0.7890389021380866,-0.0006067673246139443,11.641732283464567,"{'stop': 109, 'breakeven': 82, 'target': 63}"
trendline,0.5,168,atr,2.0,0.5,1.0,-0.45270683863992467,-0.46069706756555123,-0.04466149172912348,-0.09694329500538601,227,0.3039647577092511,0.9202533575784502,-0.0002624131831100862,16.45814977973568,"{'stop': 121, 'target': 69, 'breakeven': 37}"
trendline,0.5,168,atr,2.0,1.0,,1.0187994797609283,1.3084310930866256,0.11230591957213654,-0.08583250594206204,172,0.38953488372093026,1.2259248925320496,0.0009574412169601066,31.651162790697676,"{'stop': 105, 'target': 67}"
trendline,0.5,168,atr,2.0,1.0,0.5,0.08997094801412357,0.05889761693434689,0.0040570642074739816,-0.0688833338027307,212,0.2783018867924528,1.019098666536193,6.186495192978404e-05,19.87264150943396,"{'stop': 84, 'breakeven': 69, 'target': 59}"
trendline,0.5,168,atr,2.0,1.0,1.0,0.705553549194544,0.8655920002949936,0.06946726481041354,-0.08025405131602315,194,0.3247422680412371,1.1530913963193814,0.0005473869728425119,24.824742268041238,"{'stop': 95, 'target': 63, 'breakeven': 36}"
trendline,0.5,168,atr,2.0,1.5,,1.416936572730462,2.951928583214392,0.19059694290030027,-0.06456692210783666,135,0.4222222222222222,1.3837895888671892,0.0019745080996977854,51.666666666666664,"{'stop': 78, 'target': 57}"
trendline,0.5,168,atr,2.0,1.5,0.5,0.9157336103264949,1.6818671262936282,0.10443320059138728,-0.06209360951214338,180,0.2722222222222222,1.2380350775058953,0.0008604746061967529,30.544444444444444,"{'breakeven': 68, 'stop': 63, 'target': 49}"
trendline,0.5,168,atr,2.0,1.5,1.0,0.9614678839843326,1.4623779577046676,0.1153650591966715,-0.07888867483871764,155,0.32903225806451614,1.255357373826824,0.001096102308489753,39.55483870967742,"{'stop': 71, 'target': 51, 'breakeven': 33}"
trendline,0.5,168,atr,2.0,2.0,,1.40508190387981,1.5679677760356094,0.2152358302606101,-0.13727056993786202,108,0.4444444444444444,1.461511205888868,0.002761015668285873,75.50925925925925,"{'stop': 60, 'target': 48}"
trendline,0.5,168,atr,2.0,2.0,0.5,1.010407291694201,0.9624048006550139,0.128655899880584,-0.1336816896518187,154,0.2792207792207792,1.3009635285095529,0.0012197685240440245,42.11038961038961,"{'breakeven': 59, 'stop': 52, 'target': 43}"
trendline,0.5,168,atr,2.0,2.0,1.0,1.0053819906464048,1.0715507687054386,0.13352190329559877,-0.12460623163651796,129,0.32558139534883723,1.3135298130842834,0.0015082418087338041,55.24031007751938,"{'stop': 55, 'target': 42, 'breakeven': 32}"
trendline,0.5,168,atr,2.0,3.0,,2.0011873818124135,3.7889029901573283,0.35582439544490985,-0.0939122475210522,80,0.5,1.9025478745860882,0.005746574334557666,128.325,"{'stop': 40, 'target': 38, 'max_hold': 2}"
trendline,0.5,168,atr,2.0,3.0,0.5,0.43214950538041375,0.27640570484393256,0.047368216415611064,-0.17137206499539026,121,0.2396694214876033,1.1432984031956424,0.000641141260091686,66.20661157024793,"{'breakeven': 53, 'stop': 39, 'target': 29}"
trendline,0.5,168,atr,2.0,3.0,1.0,1.484269728458005,1.7070900033219922,0.21912172965740795,-0.12835979897427652,93,0.3548387096774194,1.642507182497633,0.0032406291339565187,91.6774193548387,"{'stop': 37, 'target': 33, 'breakeven': 23}"
trendline,0.5,168,atr,3.0,0.5,,0.6621245600550831,0.8889605274551817,0.06946575813618239,-0.07814268011993886,189,0.30158730158730157,1.14475246440682,0.0005701878293610119,29.11111111111111,"{'stop': 132, 'target': 57}"
trendline,0.5,168,atr,3.0,0.5,0.5,-0.8005333411548963,-0.5162441087048619,-0.07362003720617694,-0.14260702633657696,243,0.18930041152263374,0.851973050514333,-0.0004294046240909548,15.345679012345679,"{'stop': 103, 'breakeven': 94, 'target': 46}"
trendline,0.5,168,atr,3.0,0.5,1.0,0.0360987088308704,-0.01732949125927209,-0.0016467529892841837,-0.09502604344504884,221,0.22171945701357465,1.008656681884455,2.8335127272966325e-05,20.493212669683256,"{'stop': 118, 'breakeven': 54, 'target': 49}"
trendline,0.5,168,atr,3.0,1.0,,0.6488744896968542,0.7446935153340121,0.0765098641948887,-0.10274007040409405,143,0.3146853146853147,1.1697667534816019,0.0008298125675995755,47.74825174825175,"{'stop': 98, 'target': 45}"
trendline,0.5,168,atr,3.0,1.0,0.5,0.12066884389871124,0.07536431091664021,0.007344082376645744,-0.09744774797674416,197,0.20304568527918782,1.0295564175728384,9.954874264447227e-05,25.928934010152282,"{'breakeven': 79, 'stop': 78, 'target': 40}"
trendline,0.5,168,atr,3.0,1.0,1.0,0.48717947957906826,0.42168317106078645,0.05105110458974571,-0.12106507466570582,177,0.23728813559322035,1.1248139652613607,0.0004648828072527951,32.74576271186441,"{'stop': 87, 'breakeven': 48, 'target': 42}"
trendline,0.5,168,atr,3.0,1.5,,0.7212854021360785,0.7516649133600617,0.09444447541998047,-0.12564704530080917,113,0.336283185840708,1.214963437478292,0.0012828573796753889,72.66371681415929,"{'stop': 75, 'target': 38}"
trendline,0.5,168,atr,3.0,1.5,0.5,0.5467091897432307,0.44974364243135656,0.06258934696730312,-0.13916671868653707,154,0.2077922077922078,1.1678878749561923,0.0006428335638179873,42.23376623376623,"{'breakeven': 65, 'stop': 57, 'target': 32}"
trendline,0.5,168,atr,3.0,1.5,1.0,0.6802348500384748,0.5636935477049443,0.08258951654349533,-0.14651492265567923,141,0.24113475177304963,1.2097174215975537,0.0009000415385652184,50.46099290780142,"{'stop': 63, 'breakeven': 44, 'target': 34}"
trendline,0.5,168,atr,3.0,2.0,,0.9317881992302939,0.9565743306408844,0.15491345118500477,-0.1619460675692772,91,0.32967032967032966,1.341455690698586,0.0025198879396610067,104.76923076923077,"{'stop': 61, 'target': 30}"
trendline,0.5,168,atr,3.0,2.0,0.5,0.6682556100271958,0.5756346569197749,0.08473717302882067,-0.14720651720702482,129,0.20155038759689922,1.2395884166376805,0.0010160596606832019,58.906976744186046,"{'breakeven': 61, 'stop': 42, 'target': 26}"
trendline,0.5,168,atr,3.0,2.0,1.0,0.9952797988962853,1.0897596190672296,0.14572558272038827,-0.13372268541673515,114,0.24561403508771928,1.3773644662776574,0.0018654154458125963,70.82456140350877,"{'stop': 49, 'breakeven': 37, 'target': 28}"
trendline,0.5,168,atr,3.0,3.0,,1.8926165747782175,5.047115653974338,0.3687366325162065,-0.07305888309213715,61,0.47540983606557374,2.138829977723479,0.007798771713169968,189.14754098360655,"{'stop': 31, 'target': 24, 'max_hold': 6}"
trendline,0.5,168,atr,3.0,3.0,0.5,0.5201231475759983,0.4160524655312823,0.06186398228971868,-0.1486927428989535,106,0.16037735849056603,1.2241256852514346,0.0009386845762857898,83.87735849056604,"{'breakeven': 60, 'stop': 29, 'target': 17}"
trendline,0.5,168,atr,3.0,3.0,1.0,1.5296935549915849,2.086735846034009,0.2385464381279616,-0.11431558938393482,77,0.2727272727272727,1.9028599511409592,0.004235657992883875,125.24675324675324,"{'breakeven': 30, 'stop': 26, 'target': 20, 'max_hold': 1}"
trendline,0.5,168,atr,4.0,0.5,,0.7096011797483589,0.859324748081606,0.0865241557434282,-0.10068854171439667,172,0.2616279069767442,1.187435666360773,0.0007678834431555413,36.19767441860465,"{'stop': 127, 'target': 45}"
trendline,0.5,168,atr,4.0,0.5,0.5,-0.11505690784175097,-0.11494558356492565,-0.018544782860546283,-0.16133532307547493,231,0.16017316017316016,0.9727262342749353,-7.947221637587083e-05,18.471861471861473,"{'breakeven': 97, 'stop': 97, 'target': 37}"
trendline,0.5,168,atr,4.0,0.5,1.0,0.4350643267201226,0.395414278208926,0.046607104632727436,-0.1178690482393292,207,0.1932367149758454,1.1126255626778645,0.0003693386011547758,24.956521739130434,"{'stop': 110, 'breakeven': 57, 'target': 40}"
trendline,0.5,168,atr,4.0,1.0,,0.6938376602072797,0.9706567924159739,0.09495994799470853,-0.09783061194920639,133,0.2631578947368421,1.2066872461457279,0.0011054918580477254,57.19548872180451,"{'stop': 98, 'target': 35}"
trendline,0.5,168,atr,4.0,1.0,0.5,0.4229619519084002,0.49256480465785357,0.04739016869542101,-0.09621103304029055,172,0.1686046511627907,1.1285844818430157,0.0004574432208082926,34.348837209302324,"{'breakeven': 73, 'stop': 70, 'target': 29}"
trendline,0.5,168,atr,4.0,1.0,1.0,0.709515813351193,0.8048343779135398,0.08850714220527944,-0.1099693857942875,158,0.1962025316455696,1.2222265668593444,0.0008579410434829291,41.67088607594937,"{'stop': 78, 'breakeven': 49, 'target': 31}"
trendline,0.5,168,atr,4.0,1.5,,0.8972482245743897,1.1043574798862719,0.14013800984709923,-0.12689551381635122,97,0.27835051546391754,1.3305573997741358,0.002146900585736987,94.75257731958763,"{'stop': 70, 'target': 27}"
trendline,0.5,168,atr,4.0,1.5,0.5,0.8284144415219258,0.9682233426436917,0.1134295921493218,-0.11715230066609139,136,0.17647058823529413,1.3147330694509907,0.0012508867561997312,54.8014705882353,"{'breakeven': 63, 'stop': 49, 'target': 24}"
trendline,0.5,168,atr,4.0,1.5,1.0,1.0225964517848214,1.1795284802751798,0.14848498737206461,-0.12588503783937766,119,0.21008403361344538,1.4080770080334457,0.001814140509383287,67.72268907563026,"{'stop': 51, 'breakeven': 43, 'target': 25}"
trendline,0.5,168,atr,4.0,2.0,,0.938741558995714,1.1398642776355323,0.16869125627019477,-0.14799240539419134,80,0.3125,1.4028892556886987,0.0031000608255578,133.0375,"{'stop': 54, 'target': 23, 'max_hold': 3}"
trendline,0.5,168,atr,4.0,2.0,0.5,0.5430461316901275,0.4768938249144084,0.07082113193635764,-0.14850503033682272,120,0.15833333333333333,1.2199407732683973,0.0009508437226205425,70.575,"{'breakeven': 62, 'stop': 39, 'target': 18, 'max_hold': 1}"
trendline,0.5,168,atr,4.0,2.0,1.0,0.936271258362454,0.9814245791913403,0.14240641944720744,-0.14510174542861498,99,0.21212121212121213,1.4227046094694311,0.002121391721897274,91.35353535353535,"{'stop': 41, 'breakeven': 37, 'target': 19, 'max_hold': 2}"
trendline,0.5,168,atr,4.0,3.0,,2.2550404543146834,7.90077483683537,0.552733037276502,-0.06995934559475403,58,0.46551724137931033,2.6461626981485766,0.011530214751732638,214.22413793103448,"{'stop': 30, 'target': 22, 'max_hold': 6}"
trendline,0.5,168,atr,4.0,3.0,0.5,1.0427630770980145,1.3061050589259326,0.17489169625815726,-0.13390323777015178,104,0.15384615384615385,1.5724696640911333,0.002440166431804859,90.10576923076923,"{'breakeven': 59, 'stop': 29, 'target': 16}"
trendline,0.5,168,atr,4.0,3.0,1.0,1.7772499709034266,3.6177131142078944,0.3581673455783996,-0.09900379998949171,74,0.25675675675675674,2.335827151501345,0.006321766427641748,139.75675675675674,"{'breakeven': 30, 'stop': 25, 'target': 18, 'max_hold': 1}"
trendline,0.5,168,atr,5.0,0.5,,0.529477678483992,0.6772779602758153,0.06558811333528136,-0.09684076137450448,160,0.21875,1.1505037056791312,0.0006595860330307139,42.7125,"{'stop': 125, 'target': 35}"
trendline,0.5,168,atr,5.0,0.5,0.5,0.13264647658701328,0.058007235958426176,0.008891112344303398,-0.15327591803677154,206,0.13106796116504854,1.0374820951758565,0.0001132995026993205,24.538834951456312,"{'breakeven': 93, 'stop': 86, 'target': 27}"
trendline,0.5,168,atr,5.0,0.5,1.0,0.4251193537653004,0.3644120079516267,0.04812970664799887,-0.13207497447336525,186,0.15591397849462366,1.1255142965922154,0.000431372979251709,31.5,"{'stop': 100, 'breakeven': 57, 'target': 29}"
trendline,0.5,168,atr,5.0,1.0,,0.6048916454298932,0.6547227880521642,0.08650045318528066,-0.1321176760054804,113,0.22123893805309736,1.212394971150248,0.0012122402066814166,77.14159292035399,"{'stop': 88, 'target': 25}"
trendline,0.5,168,atr,5.0,1.0,0.5,0.433081866980573,0.411484930121267,0.050004071172832454,-0.12152102668278997,152,0.14473684210526316,1.1513837921461023,0.0005464452685133799,44.80263157894737,"{'breakeven': 71, 'stop': 59, 'target': 22}"
trendline,0.5,168,atr,5.0,1.0,1.0,0.6890333000021435,0.8126672438834406,0.09306523684968981,-0.11451825768806057,140,0.16428571428571428,1.2605750676745293,0.0010209594559240005,52.95,"{'stop': 67, 'breakeven': 50, 'target': 23}"
trendline,0.5,168,atr,5.0,1.5,,1.0863077208061465,1.8349185081506272,0.19831389142077605,-0.10807776505598177,85,0.27058823529411763,1.4988656669950544,0.0033414274248029156,117.41176470588235,"{'stop': 62, 'target': 21, 'max_hold': 2}"
trendline,0.5,168,atr,5.0,1.5,0.5,0.7685874760049375,0.8433984961375361,0.10913312147548893,-0.1293968651536369,129,0.14728682170542637,1.3205341877424839,0.0012862025143342214,61.86046511627907,"{'breakeven': 64, 'stop': 46, 'target': 18, 'max_hold': 1}"
trendline,0.5,168,atr,5.0,1.5,1.0,0.8116334789188963,0.8622953518017977,0.11841290082576728,-0.13732290285264692,111,0.17117117117117117,1.3527109999968834,0.0016082900666163052,79.31531531531532,"{'stop': 48, 'breakeven': 44, 'target': 18, 'max_hold': 1}"
trendline,0.5,168,atr,5.0,2.0,,1.2801322155522143,1.8999603771577478,0.27031602583652825,-0.14227455955734636,77,0.2987012987012987,1.6228266759482288,0.004881666433417909,149.11688311688312,"{'stop': 53, 'target': 21, 'max_hold': 3}"
trendline,0.5,168,atr,5.0,2.0,0.5,0.9289397441271892,1.1284721310191788,0.1516113001455388,-0.13435094760258826,118,0.15254237288135594,1.4430189095545103,0.001901641727165342,75.5677966101695,"{'breakeven': 62, 'stop': 38, 'target': 17, 'max_hold': 1}"
trendline,0.5,168,atr,5.0,2.0,1.0,1.2972707352330346,1.6674598952190351,0.24195134122849726,-0.14510174542861487,97,0.20618556701030927,1.6954888571648374,0.0034743732796400847,98.58762886597938,"{'stop': 40, 'breakeven': 37, 'target': 18, 'max_hold': 2}"
trendline,0.5,168,atr,5.0,3.0,,2.211723786520245,8.666131846720564,0.6062769128344299,-0.06995934559475425,53,0.4528301886792453,2.8980463205903035,0.013663969939507027,252.47169811320754,"{'stop': 28, 'target': 17, 'max_hold': 7, 'data_end': 1}"
trendline,0.5,168,atr,5.0,3.0,0.5,0.9982028408145996,1.4435339889897525,0.18489994052495407,-0.128088387204762,103,0.1262135922330097,1.6076348121684894,0.0026272841988908956,94.1747572815534,"{'breakeven': 61, 'stop': 29, 'target': 13}"
trendline,0.5,168,atr,5.0,3.0,1.0,1.4827614500138904,2.5129473901712,0.3010220441200171,-0.11978843858705268,72,0.20833333333333334,2.1734068247372966,0.005655041091340197,158.19444444444446,"{'breakeven': 33, 'stop': 24, 'target': 12, 'max_hold': 2, 'data_end': 1}"
trendline,1.0,24,h4_level,,0.5,,0.7567299376707597,0.8315256761821517,0.08431585618399295,-0.10139898093239752,194,0.3402061855670103,1.1910933970927935,0.0006555121447931804,24.7319587628866,"{'stop': 125, 'target': 54, 'max_hold': 15}"
trendline,1.0,24,h4_level,,0.5,0.5,-0.18925948354872213,-0.1877893031808636,-0.024765874924508102,-0.13188118015782613,229,0.2096069868995633,0.9552231653382369,-0.0001249367925900416,15.694323144104803,"{'stop': 95, 'breakeven': 85, 'target': 43, 'max_hold': 6}"
trendline,1.0,24,h4_level,,0.5,1.0,0.4618974103048876,0.5955622621999007,0.04661819526301891,-0.07827593892672047,213,0.27230046948356806,1.1165225439404358,0.00035245221979171955,19.845070422535212,"{'stop': 108, 'target': 50, 'breakeven': 46, 'max_hold': 9}"
trendline,1.0,24,h4_level,,1.0,,0.9672732547440115,1.0300598528313412,0.11446387395474811,-0.1111235173763151,172,0.4069767441860465,1.2520720120401065,0.0009752040221373486,30.3953488372093,"{'stop': 98, 'target': 57, 'max_hold': 17}"
trendline,1.0,24,h4_level,,1.0,0.5,0.3563207778175523,0.40659278474332516,0.03343705951362552,-0.08223721809213547,195,0.28717948717948716,1.0910732145327284,0.00028796912080279367,22.61025641025641,"{'stop': 75, 'breakeven': 63, 'target': 48, 'max_hold': 9}"
trendline,1.0,24,h4_level,,1.0,1.0,0.9909357547956962,1.2143772543172564,0.11264297060543726,-0.09275780669061284,184,0.3532608695652174,1.2646618934740677,0.0008948344882110062,26.483695652173914,"{'stop': 86, 'target': 55, 'breakeven': 31, 'max_hold': 12}"
trendline,1.0,24,h4_level,,1.5,,1.3796302289051467,2.5482714637327972,0.15887425448634018,-0.06234589083127573,147,0.4897959183673469,1.3915535514562352,0.001520333921278463,38.61224489795919,"{'stop': 65, 'target': 58, 'max_hold': 24}"
trendline,1.0,24,h4_level,,1.5,0.5,0.8849180487192695,1.3749138563597765,0.09759979274661768,-0.07098611472650584,175,0.35428571428571426,1.2472956764476706,0.0008255484232681838,28.485714285714284,"{'stop': 58, 'target': 54, 'breakeven': 53, 'max_hold': 10}"
trendline,1.0,24,h4_level,,1.5,1.0,1.0903216225792316,1.6587469829739858,0.1209738479259439,-0.07293086237242075,160,0.425,1.2983996417344559,0.0010933177798565729,33.90625,"{'stop': 63, 'target': 57, 'breakeven': 23, 'max_hold': 17}"
trendline,1.0,24,h4_level,,2.0,,1.4673069839780173,2.388460905422522,0.17498592221872777,-0.07326304643356618,142,0.5140845070422535,1.4248350901698068,0.0017199655486311804,41.88028169014085,"{'target': 58, 'stop': 56, 'max_hold': 28}"
trendline,1.0,24,h4_level,,2.0,0.5,1.0914788850329216,1.5271168954760408,0.12816777450446337,-0.0839279395599315,165,0.3878787878787879,1.3083719264718439,0.0011253819429802511,33.084848484848486,"{'target': 55, 'stop': 53, 'breakeven': 42, 'max_hold': 15}"
trendline,1.0,24,h4_level,,2.0,1.0,1.2637686863738133,2.120446140703933,0.14749576800053177,-0.06955883725090373,151,0.46357615894039733,1.3589267613968217,0.00138868129408321,38.33112582781457,"{'target': 57, 'stop': 55, 'max_hold': 22, 'breakeven': 17}"
trendline,1.0,24,h4_level,,3.0,,1.6037924035344275,2.845524631802147,0.2001649680001345,-0.0703437832739352,129,0.5658914728682171,1.5278590666264844,0.002132041408989998,47.87596899224806,"{'target': 58, 'stop': 38, 'max_hold': 33}"
trendline,1.0,24,h4_level,,3.0,0.5,1.3013463479349228,2.009141703097503,0.1525276849756212,-0.07591683789175674,147,0.4557823129251701,1.4080671161639142,0.0014679238108047132,40.55102040816327,"{'target': 58, 'stop': 37, 'breakeven': 30, 'max_hold': 22}"
trendline,1.0,24,h4_level,,3.0,1.0,1.603581837429273,2.675204314436038,0.19834317503352983,-0.07414131846424699,132,0.5454545454545454,1.5294266379206223,0.002066175705963635,46.20454545454545,"{'target': 59, 'stop': 37, 'max_hold': 29, 'breakeven': 7}"
trendline,1.0,24,atr,2.0,0.5,,0.3009613685449633,0.27213650398564715,0.025194412712277403,-0.09258005575615902,213,0.38497652582159625,1.0601440124341674,0.00020267754626885888,18.300469483568076,"{'stop': 130, 'target': 79, 'max_hold': 4}"
trendline,1.0,24,atr,2.0,0.5,0.5,-1.4734349421025792,-0.6629248150503311,-0.11230017036507078,-0.16940106602668759,244,0.2459016393442623,0.7600246050980589,-0.0006884311548047469,11.614754098360656,"{'stop': 105, 'breakeven': 79, 'target': 60}"
trendline,1.0,24,atr,2.0,0.5,1.0,-0.43905018925082423,-0.42622774841404926,-0.0428885514488353,-0.10062355538422663,225,0.30666666666666664,0.9190495780053154,-0.0002554589638550975,15.644444444444444,"{'stop': 118, 'target': 68, 'breakeven': 37, 'max_hold': 2}"
trendline,1.0,24,atr,2.0,1.0,,1.071204073282419,1.3624814426561813,0.11784322484961796,-0.08649161827839691,175,0.41714285714285715,1.2449801801049896,0.0009785232628124246,29.18285714285714,"{'stop': 101, 'target': 65, 'max_hold': 9}"
trendline,1.0,24,atr,2.0,1.0,0.5,0.14353397898280443,0.1423101874322896,0.009205847959568247,-0.06468860821329703,206,0.28640776699029125,1.0306533469212857,9.880398200966057e-05,19.315533980582526,"{'stop': 81, 'breakeven': 66, 'target': 58, 'max_hold': 1}"
trendline,1.0,24,atr,2.0,1.0,1.0,0.7328055930689517,0.8408048226131489,0.07207915748482474,-0.08572638446674097,190,0.34210526315789475,1.1631825011766455,0.000575842865866418,23.989473684210527,"{'stop': 91, 'target': 62, 'breakeven': 33, 'max_hold': 4}"
trendline,1.0,24,atr,2.0,1.5,,2.137872458458732,5.673656352700172,0.29176083508842665,-0.05142377630072248,144,0.4861111111111111,1.6416767402765295,0.0026657914807113607,42.013888888888886,"{'stop': 66, 'target': 57, 'max_hold': 21}"
trendline,1.0,24,atr,2.0,1.5,0.5,1.1391427598405868,2.1262737128544864,0.13202800964192174,-0.06209360951214338,178,0.30337078651685395,1.3035658514187187,0.0010698712804129997,28.365168539325843,"{'breakeven': 63, 'stop': 61, 'target': 49, 'max_hold': 5}"
trendline,1.0,24,atr,2.0,1.5,1.0,1.264257887032925,1.8318247958526956,0.1549409803186037,-0.08458286003628435,160,0.375,1.344188819143944,0.0013764387357496132,34.54375,"{'stop': 67, 'target': 52, 'breakeven': 29, 'max_hold': 12}"
trendline,1.0,24,atr,2.0,2.0,,1.9446956165555591,4.652938404757034,0.27898022976968107,-0.0599578600663313,132,0.49242424242424243,1.632708629925816,0.0028037482753856062,49.734848484848484,"{'stop': 55, 'target': 46, 'max_hold': 31}"
trendline,1.0,24,atr,2.0,2.0,0.5,1.0362400039124426,1.2688441179112058,0.13116021015165158,-0.10336983739781203,161,0.3105590062111801,1.2900665424357278,0.001188064673242003,36.024844720496894,"{'stop': 55, 'breakeven': 52, 'target': 42, 'max_hold': 12}"
trendline,1.0,24,atr,2.0,2.0,1.0,1.1653570748388429,1.616485521802451,0.15477413337064383,-0.09574730567216216,147,0.3741496598639456,1.3384882234294344,0.0015070083323714492,43.08163265306123,"{'stop': 58, 'target': 42, 'breakeven': 27, 'max_hold': 20}"
trendline,1.0,24,atr,2.0,3.0,,1.9069658413421873,3.2337521181994733,0.25990860492586787,-0.08037369452751464,115,0.5130434782608696,1.6737747955255131,0.0030198737359898994,63.18260869565217,"{'max_hold': 46, 'stop': 37, 'target': 32}"
trendline,1.0,24,atr,2.0,3.0,0.5,1.0871446159957545,1.8238519943467366,0.13519555588523047,-0.07412638542178118,141,0.3120567375886525,1.3620587151837205,0.0013820996049043798,48.148936170212764,"{'breakeven': 49, 'stop': 37, 'target': 29, 'max_hold': 26}"
trendline,1.0,24,atr,2.0,3.0,1.0,1.5477520238909854,1.8521982663692875,0.20432628988472157,-0.11031556048545799,122,0.4262295081967213,1.5350946544797457,0.002306224295371922,58.114754098360656,"{'max_hold': 37, 'stop': 37, 'target': 31, 'breakeven': 17}"
trendline,1.0,24,atr,3.0,0.5,,0.8838462005538822,1.2450775201711626,0.09461975262048128,-0.07599506945356604,195,0.3384615384615385,1.2002085291056837,0.0007216206321838559,24.43076923076923,"{'stop': 128, 'target': 56, 'max_hold': 11}"
trendline,1.0,24,atr,3.0,0.5,0.5,-0.685494689927989,-0.47067837713243177,-0.0634244320282249,-0.13475110629605058,237,0.20253164556962025,0.8715197852673717,-0.00037367680318155667,14.257383966244726,"{'stop': 102, 'breakeven': 87, 'target': 45, 'max_hold': 3}"
trendline,1.0,24,atr,3.0,0.5,1.0,0.1544316340716962,0.11513658610884035,0.010731224945494278,-0.09320430028514037,218,0.24311926605504589,1.0338965364323618,0.00010965202395280018,19.009174311926607,"{'stop': 116, 'target': 49, 'breakeven': 49, 'max_hold': 4}"
trendline,1.0,24,atr,3.0,1.0,,1.2876553732404497,1.944918775633627,0.16299707694793097,-0.08380662420970708,159,0.3710691823899371,1.3520470102939361,0.0014491098420387567,36.471698113207545,"{'stop': 96, 'target': 44, 'max_hold': 19}"
trendline,1.0,24,atr,3.0,1.0,0.5,0.13967093274268716,0.09980982041466067,0.00948012338548998,-0.09498186998137792,193,0.21761658031088082,1.0343903830544894,0.00011653437135430103,24.466321243523318,"{'stop': 77, 'breakeven': 74, 'target': 37, 'max_hold': 5}"
trendline,1.0,24,atr,3.0,1.0,1.0,0.7848431917251001,1.0967004355865546,0.08931267379555208,-0.08143762042711733,181,0.27624309392265195,1.2029740091884558,0.0007430720077539248,28.712707182320443,"{'stop': 88, 'breakeven': 42, 'target': 41, 'max_hold': 10}"
trendline,1.0,24,atr,3.0,1.5,,1.693084119496017,3.2121223338236318,0.23865044833425753,-0.07429681174383351,135,0.43703703703703706,1.5565358726842697,0.0023953485408902673,49.44444444444444,"{'stop': 66, 'max_hold': 35, 'target': 34}"
trendline,1.0,24,atr,3.0,1.5,0.5,0.7145918154801262,0.7633367278918844,0.08647755855689954,-0.11328887422425693,170,0.24705882352941178,1.213272714611653,0.000773597909459609,33.53529411764706,"{'breakeven': 68, 'stop': 60, 'target': 30, 'max_hold': 12}"
trendline,1.0,24,atr,3.0,1.5,1.0,0.8681801387933434,1.0066080800897188,0.1092808198478139,-0.1085634240468979,155,0.3032258064516129,1.2587298309440025,0.001047503802168061,39.6,"{'stop': 65, 'breakeven': 39, 'target': 31, 'max_hold': 20}"
trendline,1.0,24,atr,3.0,2.0,,1.5004313607908373,2.7558848205332556,0.2243253839857715,-0.08139867904289455,127,0.44881889763779526,1.5105702309640991,0.002425725730221349,57.43307086614173,"{'stop': 57, 'max_hold': 45, 'target': 25}"
trendline,1.0,24,atr,3.0,2.0,0.5,0.7068909636325794,0.7287320644358608,0.09354297313705562,-0.12836401429580402,157,0.2611464968152866,1.2209871475882086,0.0009114605483492454,41.97452229299363,"{'breakeven': 59, 'stop': 53, 'target': 23, 'max_hold': 22}"
trendline,1.0,24,atr,3.0,2.0,1.0,0.9406870736781208,1.153743124864451,0.1326432660063761,-0.11496776288219257,143,0.32867132867132864,1.3013419816207445,0.0013613708932401576,48.92307692307692,"{'stop': 57, 'breakeven': 32, 'max_hold': 31, 'target': 23}"
trendline,1.0,24,atr,3.0,3.0,,1.4739715951382129,3.281891628212299,0.21138337099020332,-0.06440900399424443,112,0.4642857142857143,1.5350571768838912,0.0026067940426740322,71.92857142857143,"{'max_hold': 58, 'stop': 39, 'target': 15}"
trendline,1.0,24,atr,3.0,3.0,0.5,0.7094350612070778,1.0924969977790637,0.08668957544993838,-0.07934994386819327,138,0.26811594202898553,1.2458655982946147,0.0009587649191755809,54.2536231884058,"{'breakeven': 54, 'stop': 36, 'max_hold': 35, 'target': 13}"
trendline,1.0,24,atr,3.0,3.0,1.0,1.1796961220741151,1.6187884600333489,0.15883175178605913,-0.09811766991641824,119,0.37815126050420167,1.4238421787408446,0.0019045830710047863,65.74789915966386,"{'max_hold': 48, 'stop': 37, 'breakeven': 21, 'target': 13}"
trendline,1.0,24,atr,4.0,0.5,,1.121760575107711,2.120146397938659,0.14383899940551892,-0.06784389962191684,188,0.30319148936170215,1.3017476295963735,0.001097606735317508,27.643617021276597,"{'stop': 128, 'target': 46, 'max_hold': 14}"
trendline,1.0,24,atr,4.0,0.5,0.5,-0.10746181133516063,-0.10916838972633497,-0.01790966951026607,-0.16405545190473458,228,0.17105263157894737,0.9735337592548788,-7.72639754074761e-05,16.81578947368421,"{'stop': 97, 'breakeven': 92, 'target': 36, 'max_hold': 3}"
trendline,1.0,24,atr,4.0,0.5,1.0,0.6130966969322091,0.6985131315606153,0.0713477460821812,-0.10214231180275213,211,0.21800947867298578,1.161722852578276,0.0005238390894879314,21.606635071090047,"{'stop': 112, 'breakeven': 53, 'target': 41, 'max_hold': 5}"
trendline,1.0,24,atr,4.0,1.0,,1.343957928491235,2.631527400664474,0.19303915067573452,-0.07335631414173804,155,0.3548387096774194,1.4124533276902875,0.001741279470644138,40.961290322580645,"{'stop': 96, 'target': 30, 'max_hold': 29}"
trendline,1.0,24,atr,4.0,1.0,0.5,0.3169576040260739,0.3486569989841369,0.032907956619399714,-0.09438490182409032,188,0.19148936170212766,1.091276728953794,0.0003077607379553825,27.74468085106383,"{'breakeven': 79, 'stop': 73, 'target': 24, 'max_hold': 12}"
trendline,1.0,24,atr,4.0,1.0,1.0,0.8775635609447715,1.2677670052411498,0.11448807065796829,-0.090306870414403,178,0.24719101123595505,1.261793015035141,0.0009544257849650962,32.06741573033708,"{'stop': 85, 'breakeven': 48, 'target': 28, 'max_hold': 17}"
trendline,1.0,24,atr,4.0,1.5,,1.396394567970467,2.2722500966024852,0.206501439433584,-0.09087971422791408,133,0.41353383458646614,1.4792793470292014,0.0021523623677994295,54.62406015037594,"{'stop': 68, 'max_hold': 44, 'target': 21}"
trendline,1.0,24,atr,4.0,1.5,0.5,0.5484649049732341,0.5410065211962687,0.06777594370974072,-0.12527749861475823,169,0.22485207100591717,1.1715516773774446,0.0006356613232840119,37.0,"{'breakeven': 71, 'stop': 60, 'max_hold': 19, 'target': 19}"
trendline,1.0,24,atr,4.0,1.5,1.0,0.7752998704894611,0.8949472305969798,0.10505921467049073,-0.11739151882777532,153,0.28104575163398693,1.2486431848644106,0.0010341730889123896,44.287581699346404,"{'stop': 65, 'breakeven': 41, 'max_hold': 27, 'target': 20}"
trendline,1.0,24,atr,4.0,2.0,,1.1917644184825948,1.7200347686127067,0.17360965009644835,-0.10093380277218067,125,0.424,1.4001341287635718,0.001977050817194672,62.424,"{'stop': 58, 'max_hold': 54, 'target': 13}"
trendline,1.0,24,atr,4.0,2.0,0.5,0.3844239951614115,0.27169280555957265,0.04423094310131637,-0.16279762362576833,154,0.24025974025974026,1.1186156244539929,0.00049403178023895,45.48051948051948,"{'breakeven': 61, 'stop': 52, 'max_hold': 29, 'target': 12}"
trendline,1.0,24,atr,4.0,2.0,1.0,0.6006311072926287,0.51579327238377,0.07722394578275571,-0.14971879223212925,140,0.30714285714285716,1.188320019970897,0.0008705947263782555,53.535714285714285,"{'stop': 57, 'max_hold': 39, 'breakeven': 33, 'target': 11}"
trendline,1.0,24,atr,4.0,3.0,,1.743077830541479,4.266720439868198,0.27481521385379515,-0.06440900399424443,112,0.4642857142857143,1.6741879127588253,0.003284637811715442,73.14285714285714,"{'max_hold': 61, 'stop': 39, 'target': 12}"
trendline,1.0,24,atr,4.0,3.0,0.5,0.9527920242120184,1.8247779686163161,0.1270040146236202,-0.06959970846202412,138,0.26811594202898553,1.3464570065813037,0.0013510260329902086,55.231884057971016,"{'breakeven': 54, 'max_hold': 39, 'stop': 36, 'target': 9}"
trendline,1.0,24,atr,4.0,3.0,1.0,1.4376812529649519,2.3775651370306914,0.21057189985236158,-0.08856619596775461,119,0.37815126050420167,1.5452551893914759,0.0024501662533390465,66.87394957983193,"{'max_hold': 51, 'stop': 37, 'breakeven': 21, 'target': 10}"
trendline,1.0,24,atr,5.0,0.5,,1.194361125591653,2.5359098726799423,0.1668027203526905,-0.06577628099078059,182,0.2857142857142857,1.3533002470689992,0.0013014835915790945,31.571428571428573,"{'stop': 127, 'target': 33, 'max_hold': 22}"
trendline,1.0,24,atr,5.0,0.5,0.5,-0.25145842799421336,-0.22459429052507965,-0.03584125526845794,-0.15958221905225,223,0.13901345291479822,0.9340986546720749,-0.00019476696414425198,19.0,"{'breakeven': 98, 'stop': 94, 'target': 22, 'max_hold': 9}"
trendline,1.0,24,atr,5.0,0.5,1.0,0.49412544930081315,0.5539785916786663,0.059130474270725486,-0.1067378327591113,208,0.1875,1.1396006165666757,0.0004575385139301088,23.923076923076923,"{'stop': 110, 'breakeven': 59, 'target': 27, 'max_hold': 12}"
trendline,1.0,24,atr,5.0,1.0,,1.060556324148469,1.7441336689390403,0.15408396042128158,-0.08834412359862942,153,0.3464052287581699,1.3330274273128344,0.0014501592456824608,44.36601307189542,"{'stop': 97, 'max_hold': 36, 'target': 20}"
trendline,1.0,24,atr,5.0,1.0,0.5,-0.10727848296804393,-0.14442092191951175,-0.020601276629507947,-0.14264745270764434,187,0.17647058823529413,0.9689452211449631,-0.00010671644340404913,30.005347593582886,"{'breakeven': 81, 'stop': 73, 'max_hold': 17, 'target': 16}"
trendline,1.0,24,atr,5.0,1.0,1.0,0.6747378079038887,0.8013707630404018,0.08975593825196793,-0.11200301083038489,176,0.23295454545454544,1.209934327259742,0.0007827764946022364,35.38636363636363,"{'stop': 85, 'breakeven': 49, 'max_hold': 22, 'target': 20}"
trendline,1.0,24,atr,5.0,1.5,,0.9060143557303831,1.2769386861801724,0.11604782288662241,-0.0908797142279143,133,0.38345864661654133,1.2757293260135192,0.001291687806692322,56.93984962406015,"{'stop': 71, 'max_hold': 52, 'target': 10}"
trendline,1.0,24,atr,5.0,1.5,0.5,0.09499202754157746,0.03021719670038745,0.004186185079185556,-0.1385365135188692,168,0.20833333333333334,1.0268876200815642,0.00010100812941877933,38.49404761904762,"{'breakeven': 72, 'stop': 61, 'max_hold': 24, 'target': 11}"
trendline,1.0,24,atr,5.0,1.5,1.0,0.22839389154201653,0.1639759111749145,0.021443141243951302,-0.13077006915410716,152,0.2631578947368421,1.0653091888731823,0.00027804697687463424,46.5,"{'stop': 67, 'breakeven': 41, 'max_hold': 34, 'target': 10}"
trendline,1.0,24,atr,5.0,2.0,,1.2583008821509465,1.9014068864467046,0.18443669153867082,-0.0970001175725943,125,0.424,1.42158182622348,0.002083023251790751,63.152,"{'stop': 58, 'max_hold': 56, 'target': 11}"
trendline,1.0,24,atr,5.0,2.0,0.5,0.4183258350514416,0.2982918824363823,0.0485612096075001,-0.16279762362576833,154,0.24025974025974026,1.127549053967414,0.0005312393412703921,46.08441558441559,"{'breakeven': 61, 'stop': 52, 'max_hold': 32, 'target': 9}"
trendline,1.0,24,atr,5.0,2.0,1.0,0.6165017995325258,0.5233466481093676,0.07835482807366767,-0.14971879223212925,140,0.30714285714285716,1.1899886600635297,0.0008783087722088256,54.135714285714286,"{'stop': 57, 'max_hold': 41, 'breakeven': 33, 'target': 9}"
trendline,1.0,24,atr,5.0,3.0,,1.8160233260458893,4.584904620029918,0.29530913998473673,-0.06440900399424443,111,0.46846846846846846,1.734540162697171,0.0035282361787261707,74.84684684684684,"{'max_hold': 64, 'stop': 38, 'target': 8, 'data_end': 1}"
trendline,1.0,24,atr,5.0,3.0,0.5,0.8648223802228082,1.4145818262451044,0.11538860309446308,-0.08157082252410452,138,0.2608695652173913,1.3184528930476205,0.001244174828787013,56.05797101449275,"{'breakeven': 55, 'max_hold': 42, 'stop': 36, 'target': 5}"
trendline,1.0,24,atr,5.0,3.0,1.0,1.2991918861564682,1.8682182760454076,0.18736972987689327,-0.10029327529838339,119,0.3697478991596639,1.4915443218886362,0.002213020771534971,67.90756302521008,"{'max_hold': 54, 'stop': 37, 'breakeven': 22, 'target': 5, 'data_end': 1}"
trendline,1.0,48,h4_level,,0.5,,0.9726716969218541,1.158572069160599,0.11623390758063668,-0.10032514219408872,181,0.32044198895027626,1.2646003783734225,0.0009420161100720378,27.569060773480665,"{'stop': 121, 'target': 57, 'max_hold': 3}"
trendline,1.0,48,h4_level,,0.5,0.5,0.207717026493003,0.1532703740904476,0.017399544411752066,-0.11352190216149849,221,0.2081447963800905,1.0545574237341866,0.0001545423671118409,17.171945701357465,"{'stop': 94, 'breakeven': 80, 'target': 45, 'max_hold': 2}"
trendline,1.0,48,h4_level,,0.5,1.0,0.760984562694622,1.1052950344374688,0.08530055613587839,-0.07717446788249749,204,0.2647058823529412,1.2088844173167868,0.0006309765234212922,21.397058823529413,"{'stop': 105, 'target': 52, 'breakeven': 44, 'max_hold': 3}"
trendline,1.0,48,h4_level,,1.0,,0.9121344921354434,1.0174343036549978,0.11198014169032655,-0.11006129957290878,160,0.375,1.2485864267972153,0.0010349002605239371,34.03125,"{'stop': 98, 'target': 58, 'max_hold': 4}"
trendline,1.0,48,h4_level,,1.0,0.5,0.7139010751341035,1.039819819324162,0.07878389611462455,-0.07576687292403284,184,0.28804347826086957,1.2048207647671112,0.0006493834012296878,25.179347826086957,"{'stop': 71, 'breakeven': 59, 'target': 50, 'max_hold': 4}"
trendline,1.0,48,h4_level,,1.0,1.0,1.184574898340719,1.5715136746126188,0.14406638145123885,-0.09167364164791725,173,0.34104046242774566,1.3476929658427186,0.0011904715214018009,29.196531791907514,"{'stop': 83, 'target': 56, 'breakeven': 30, 'max_hold': 4}"
trendline,1.0,48,h4_level,,1.5,,1.2835238546171197,2.3682676250846697,0.1660677451962156,-0.07012203495805436,136,0.4485294117647059,1.3846525103329874,0.001727889332083248,44.01470588235294,"{'stop': 71, 'target': 62, 'max_hold': 3}"
trendline,1.0,48,h4_level,,1.5,0.5,0.994273673835423,1.6277443393789603,0.11742457915375382,-0.07213944863021626,168,0.3392857142857143,1.2962012048677185,0.0010207671046663144,30.321428571428573,"{'stop': 58, 'target': 56, 'breakeven': 51, 'max_hold': 3}"
trendline,1.0,48,h4_level,,1.5,1.0,1.228482484287464,2.217331301396218,0.15499422972264232,-0.06990125004100423,150,0.4,1.3723117745542412,0.0014699500610754165,37.95333333333333,"{'stop': 64, 'target': 60, 'breakeven': 23, 'max_hold': 3}"
trendline,1.0,48,h4_level,,2.0,,1.3761045839714465,2.5959610960624895,0.17910400127706771,-0.0689933302732193,129,0.49612403100775193,1.4201983847508257,0.0019490921553404169,49.666666666666664,"{'target': 63, 'stop': 60, 'max_hold': 6}"
trendline,1.0,48,h4_level,,2.0,0.5,1.1150288926279899,1.7237418847935082,0.13575727799872794,-0.07875731233101102,156,0.3782051282051282,1.3315831889521734,0.001256860759098122,36.59615384615385,"{'target': 58, 'stop': 53, 'breakeven': 42, 'max_hold': 3}"
trendline,1.0,48,h4_level,,2.0,1.0,1.3504728149959115,3.0406848238195185,0.17352854882852475,-0.057068903514488234,139,0.4460431654676259,1.4203606243365272,0.001756292246413935,44.0863309352518,"{'target': 61, 'stop': 55, 'breakeven': 19, 'max_hold': 4}"
trendline,1.0,48,h4_level,,3.0,,1.3516621321118512,2.460473208446559,0.17446102312142409,-0.07090547563067007,114,0.5614035087719298,1.4414617104147631,0.0021474829331556114,58.56140350877193,"{'target': 64, 'stop': 43, 'max_hold': 7}"
trendline,1.0,48,h4_level,,3.0,0.5,1.1213613195454593,1.9103814141341764,0.13406316545726127,-0.07017612528334893,135,0.4444444444444444,1.3566959842475954,0.0014279220544062786,46.81481481481482,"{'target': 63, 'stop': 40, 'breakeven': 30, 'max_hold': 2}"
trendline,1.0,48,h4_level,,3.0,1.0,1.533816900011778,2.655260588227015,0.19834986810137667,-0.07470071637444065,117,0.5384615384615384,1.5287860661775396,0.002339380109123719,56.0,"{'target': 64, 'stop': 40, 'breakeven': 8, 'max_hold': 5}"
trendline,1.0,48,atr,2.0,0.5,,0.3666798446014228,0.3878634912012629,0.03196612514297925,-0.08241591659987402,209,0.37799043062200954,1.0733205285422893,0.00025355772477838955,19.13397129186603,"{'stop': 129, 'target': 79, 'max_hold': 1}"
trendline,1.0,48,atr,2.0,0.5,0.5,-1.4734349421025792,-0.6629248150503311,-0.11230017036507078,-0.16940106602668759,244,0.2459016393442623,0.7600246050980589,-0.0006884311548047469,11.614754098360656,"{'stop': 105, 'breakeven': 79, 'target': 60}"
trendline,1.0,48,atr,2.0,0.5,1.0,-0.33507489475546876,-0.3853547444213863,-0.03419344884154496,-0.0887323935582699,220,0.3090909090909091,0.9374335476272058,-0.0002008312012378182,16.35909090909091,"{'stop': 115, 'target': 68, 'breakeven': 36, 'max_hold': 1}"
trendline,1.0,48,atr,2.0,1.0,,1.11375512985016,1.6683373152750378,0.12538455943129145,-0.07515540069942084,169,0.39644970414201186,1.2550199125101063,0.0010744275032172595,31.40828402366864,"{'stop': 102, 'target': 67}"
trendline,1.0,48,atr,2.0,1.0,0.5,0.15204772971971403,0.15514420931544184,0.01003606297296833,-0.0646886082132968,205,0.28292682926829266,1.0324889100063857,0.00010523132723302977,19.692682926829267,"{'stop': 81, 'breakeven': 66, 'target': 58}"
trendline,1.0,48,atr,2.0,1.0,1.0,0.7532866145331536,0.883013688396168,0.07473281872869553,-0.08463381679216542,187,0.3315508021390374,1.1683207824524005,0.0006052394474310877,24.855614973262032,"{'stop': 91, 'target': 62, 'breakeven': 34}"
trendline,1.0,48,atr,2.0,1.5,,1.74617463043284,4.246710686433587,0.2388979395615789,-0.056254818658769246,134,0.44776119402985076,1.5058591790817277,0.0024155305543980894,49.350746268656714,"{'stop': 73, 'target': 56, 'max_hold': 5}"
trendline,1.0,48,atr,2.0,1.5,0.5,0.996418141233678,1.8060198333394686,0.11214229030256662,-0.062093609512143044,175,0.2857142857142857,1.26282083010773,0.000940297810561557,30.091428571428573,"{'breakeven': 64, 'stop': 61, 'target': 48, 'max_hold': 2}"
trendline,1.0,48,atr,2.0,1.5,1.0,1.010341739165004,1.5213819672134459,0.11987335025385137,-0.07879240903151408,151,0.3443708609271523,1.2718777053730652,0.0011612526845211375,39.026490066225165,"{'stop': 68, 'target': 50, 'breakeven': 31, 'max_hold': 2}"
trendline,1.0,48,atr,2.0,2.0,,1.8622052892387184,3.738469301753685,0.2733501838233754,-0.07311821009073127,113,0.49557522123893805,1.6429759420178882,0.0032194615718714736,65.96460176991151,"{'stop': 56, 'target': 46, 'max_hold': 11}"
trendline,1.0,48,atr,2.0,2.0,0.5,1.1904604332543116,1.5076050129149816,0.15552002513197705,-0.10315700982664966,151,0.304635761589404,1.3604530426883579,0.0014709282894103772,41.01324503311258,"{'breakeven': 53, 'stop': 52, 'target': 43, 'max_hold': 3}"
trendline,1.0,48,atr,2.0,2.0,1.0,1.2357941614322794,1.6392513424502562,0.16660616127113959,-0.10163551918896496,130,0.36923076923076925,1.3876438243103026,0.001816349726096734,52.43076923076923,"{'stop': 54, 'target': 43, 'breakeven': 28, 'max_hold': 5}"
trendline,1.0,48,atr,2.0,3.0,,1.4111851212036206,2.674406834676449,0.2040645156069385,-0.07630271990073878,92,0.5,1.5130954264125602,0.003076728682505378,92.65217391304348,"{'stop': 44, 'target': 31, 'max_hold': 17}"
trendline,1.0,48,atr,2.0,3.0,0.5,0.46945490734300216,0.34114849801928293,0.05188374223746295,-0.15208550686490285,124,0.2661290322580645,1.1512569734214688,0.0006765181444412382,60.016129032258064,"{'breakeven': 51, 'stop': 40, 'target': 27, 'max_hold': 6}"
trendline,1.0,48,atr,2.0,3.0,1.0,1.406235431539964,1.730120411552487,0.18907993363401143,-0.10928715271577227,100,0.39,1.5390920377489867,0.0026313901196893807,80.68,"{'stop': 38, 'target': 30, 'breakeven': 22, 'max_hold': 10}"
trendline,1.0,48,atr,3.0,0.5,,0.758081544659699,1.2224820383567385,0.08163409436669711,-0.06677733643958461,189,0.30687830687830686,1.1694783797644186,0.0006566643963218937,27.83068783068783,"{'stop': 131, 'target': 57, 'max_hold': 1}"
trendline,1.0,48,atr,3.0,0.5,0.5,-0.8176003375567517,-0.49435965427924206,-0.07377727518240518,-0.14923805885811958,236,0.19491525423728814,0.8483384106425651,-0.000443990785970806,15.059322033898304,"{'stop': 102, 'breakeven': 88, 'target': 45, 'max_hold': 1}"
trendline,1.0,48,atr,3.0,0.5,1.0,0.051123600574302326,-0.00045975670749507996,-4.285130222347888e-05,-0.09320430028514037,215,0.22790697674418606,1.0118676286979729,3.901421352917624e-05,20.334883720930232,"{'stop': 116, 'breakeven': 50, 'target': 48, 'max_hold': 1}"
trendline,1.0,48,atr,3.0,1.0,,1.0352444230321614,1.483973337529494,0.12643204650579776,-0.08519832756313583,148,0.34459459459459457,1.2748379635476723,0.0012431552554034624,42.891891891891895,"{'stop': 97, 'target': 45, 'max_hold': 6}"
trendline,1.0,48,atr,3.0,1.0,0.5,0.07622590748120042,0.024604217663048086,0.0023369546030651556,-0.09498186998137792,192,0.20833333333333334,1.0185673750583697,6.339861553539108e-05,25.640625,"{'stop': 77, 'breakeven': 75, 'target': 39, 'max_hold': 1}"
trendline,1.0,48,atr,3.0,1.0,1.0,0.6366671106519615,0.8201609467074285,0.06939962508890041,-0.08461708079067676,176,0.2556818181818182,1.1630627477811697,0.0006109469391606468,31.017045454545453,"{'stop': 87, 'breakeven': 44, 'target': 42, 'max_hold': 3}"
trendline,1.0,48,atr,3.0,1.5,,1.3453822904980177,2.0314318771594095,0.18736079240583892,-0.09223090102722475,121,0.3884297520661157,1.420210876775627,0.002170391069316876,62.04132231404959,"{'stop': 74, 'target': 36, 'max_hold': 11}"
trendline,1.0,48,atr,3.0,1.5,0.5,0.5897275789247544,0.5588952883820381,0.06841904863194492,-0.12241836718647814,163,0.22085889570552147,1.1753904712616083,0.0006572957442640944,36.77914110429448,"{'breakeven': 67, 'stop': 60, 'target': 31, 'max_hold': 5}"
trendline,1.0,48,atr,3.0,1.5,1.0,0.7075766441802324,0.673901028312905,0.08631319239563084,-0.12807992386020517,148,0.2635135135135135,1.2084954939208343,0.0008925470929618905,44.567567567567565,"{'stop': 67, 'breakeven': 42, 'target': 33, 'max_hold': 6}"
trendline,1.0,48,atr,3.0,2.0,,0.9792212202924605,1.3209849576554542,0.14013097269839636,-0.10608067252113706,107,0.38317757009345793,1.3204514592183394,0.0019219619673870216,79.17757009345794,"{'stop': 64, 'target': 25, 'max_hold': 18}"
trendline,1.0,48,atr,3.0,2.0,0.5,0.6139659454839096,0.5913999315082283,0.07857522349096602,-0.13286309196989277,141,0.2198581560283688,1.2017121274708749,0.0008753179656263466,50.60992907801418,"{'breakeven': 60, 'stop': 50, 'target': 25, 'max_hold': 6}"
trendline,1.0,48,atr,3.0,2.0,1.0,0.874800497776042,0.951113594589712,0.12038090272374302,-0.12656837564778212,124,0.27419354838709675,1.300408186766274,0.0014443543111524013,61.975806451612904,"{'stop': 53, 'breakeven': 37, 'target': 24, 'max_hold': 10}"
trendline,1.0,48,atr,3.0,3.0,,1.6790194424322629,4.152323755473779,0.30311167223068836,-0.0729980825389911,87,0.47126436781609193,1.7548650756599817,0.0046227694138079745,103.57471264367815,"{'stop': 43, 'target': 22, 'max_hold': 22}"
trendline,1.0,48,atr,3.0,3.0,0.5,0.6825164920810617,0.6913789671116012,0.08910375761959255,-0.1288783168973805,119,0.226890756302521,1.2648550704055337,0.0011555947807535855,68.03361344537815,"{'breakeven': 55, 'stop': 37, 'target': 17, 'max_hold': 10}"
trendline,1.0,48,atr,3.0,3.0,1.0,1.8025248486137533,3.1087585037922785,0.2951319693055101,-0.09493563715080722,95,0.35789473684210527,1.8850390417374323,0.004121721497512718,91.41052631578947,"{'stop': 34, 'breakeven': 25, 'target': 21, 'max_hold': 15}"
trendline,1.0,48,atr,4.0,0.5,,0.8261532557977268,1.2616035624490542,0.10058233695871333,-0.07972578704792221,178,0.2752808988764045,1.2144566593347508,0.0008445246167415314,32.6123595505618,"{'stop': 129, 'target': 44, 'max_hold': 5}"
trendline,1.0,48,atr,4.0,0.5,0.5,-0.2129060768998938,-0.17772373630045724,-0.029156547872969396,-0.16405545190473458,227,0.16299559471365638,0.948405044152223,-0.00015164872990155673,17.77533039647577,"{'stop': 97, 'breakeven': 93, 'target': 35, 'max_hold': 2}"
trendline,1.0,48,atr,4.0,0.5,1.0,0.4189361549509834,0.4320087716331591,0.04479331953954491,-0.10368613435835794,207,0.2028985507246377,1.107943873974919,0.00035660012729596483,23.386473429951693,"{'stop': 112, 'breakeven': 53, 'target': 38, 'max_hold': 4}"
trendline,1.0,48,atr,4.0,1.0,,1.0658232891771713,2.115622569830727,0.1512950599890699,-0.07151325673424591,141,0.3049645390070922,1.320164896855907,0.0015534086578033717,49.40425531914894,"{'stop': 98, 'target': 34, 'max_hold': 9}"
trendline,1.0,48,atr,4.0,1.0,0.5,0.3347661550774199,0.378002628802246,0.03543463783049461,-0.09374177619551005,180,0.17222222222222222,1.099529770434967,0.0003429486559294884,30.555555555555557,"{'breakeven': 78, 'stop': 71, 'target': 28, 'max_hold': 3}"
trendline,1.0,48,atr,4.0,1.0,1.0,0.8222224281525048,1.187471035108349,0.1063385243670798,-0.08955041531381613,166,0.21686746987951808,1.253699026546457,0.0009600977463545636,36.45783132530121,"{'stop': 81, 'breakeven': 49, 'target': 31, 'max_hold': 5}"
trendline,1.0,48,atr,4.0,1.5,,1.14931196814305,1.879661337421994,0.17866119340099806,-0.09504967189783065,114,0.3333333333333333,1.3987432485645837,0.0022365317252095057,71.49122807017544,"{'stop': 75, 'target': 25, 'max_hold': 14}"
trendline,1.0,48,atr,4.0,1.5,0.5,0.8394539765085499,1.1839122692152015,0.11836238348177974,-0.09997563718149527,155,0.1935483870967742,1.2962487367170237,0.0011413774313971772,42.94193548387097,"{'breakeven': 68, 'stop': 57, 'target': 24, 'max_hold': 6}"
trendline,1.0,48,atr,4.0,1.5,1.0,0.9195729292735227,1.2643122189002247,0.13528702131330372,-0.10700444027266032,137,0.24087591240875914,1.3252066327602396,0.001455368807025445,53.18248175182482,"{'stop': 63, 'breakeven': 41, 'target': 25, 'max_hold': 8}"
trendline,1.0,48,atr,4.0,2.0,,1.0662693270352657,1.4984453783314176,0.1723659858941471,-0.11502987588782443,103,0.3786407766990291,1.399127524013518,0.0024045079936647154,87.79611650485437,"{'stop': 62, 'max_hold': 23, 'target': 18}"
trendline,1.0,48,atr,4.0,2.0,0.5,0.5405440633644716,0.4506204776109983,0.0701913405002399,-0.1557659804373851,137,0.19708029197080293,1.192525715787317,0.0008257953779282723,57.058394160583944,"{'breakeven': 62, 'stop': 48, 'target': 17, 'max_hold': 10}"
trendline,1.0,48,atr,4.0,2.0,1.0,0.8182289484359461,0.7127851625665685,0.11330098745253481,-0.1589553113655805,117,0.26495726495726496,1.3075718996521275,0.001455461932018892,71.7094017094017,"{'stop': 49, 'breakeven': 37, 'target': 16, 'max_hold': 15}"
trendline,1.0,48,atr,4.0,3.0,,1.9424280133649123,6.19318047239489,0.41772315424939377,-0.0674488909392077,88,0.4659090909090909,1.9840286863613605,0.0060248202819735246,108.29545454545455,"{'stop': 44, 'max_hold': 26, 'target': 18}"
trendline,1.0,48,atr,4.0,3.0,0.5,0.9979939726320541,1.4182062012887084,0.16131327113079474,-0.11374458170060964,118,0.2288135593220339,1.4453175342587086,0.001997204001280502,72.85593220338983,"{'breakeven': 53, 'stop': 38, 'target': 14, 'max_hold': 13}"
trendline,1.0,48,atr,4.0,3.0,1.0,1.9901596821124616,4.404619035475183,0.3914020495042194,-0.08886172591814034,94,0.3617021276595745,2.1067110243670943,0.005329991899250214,98.23404255319149,"{'stop': 35, 'breakeven': 23, 'max_hold': 19, 'target': 17}"
trendline,1.0,48,atr,5.0,0.5,,0.9290528300078233,1.643001378289678,0.12452030729211128,-0.075788315784454,170,0.24705882352941178,1.2665094421192946,0.0010804730016589785,36.72941176470588,"{'stop': 128, 'target': 36, 'max_hold': 6}"
trendline,1.0,48,atr,5.0,0.5,0.5,-0.07432002533823547,-0.10389770033610421,-0.016210346407540932,-0.15602218677700486,218,0.13302752293577982,0.9793582895167965,-6.1703346195521e-05,20.720183486238533,"{'breakeven': 96, 'stop': 93, 'target': 26, 'max_hold': 3}"
trendline,1.0,48,atr,5.0,0.5,1.0,0.5291009802284664,0.5400047469385632,0.06378561109492042,-0.11812046367469686,200,0.175,1.1507091900862272,0.0005109230093199834,26.4,"{'stop': 110, 'breakeven': 55, 'target': 30, 'max_hold': 5}"
trendline,1.0,48,atr,5.0,1.0,,0.8350282271091499,1.217762400781064,0.12044796462755225,-0.0989092490869301,132,0.2803030303030303,1.2717422697745564,0.0013668246705332452,59.65151515151515,"{'stop': 95, 'target': 23, 'max_hold': 14}"
trendline,1.0,48,atr,5.0,1.0,0.5,0.36547025965843544,0.37648164980062027,0.04054181843447924,-0.10768604115486013,169,0.15976331360946747,1.1179217022776224,0.0004130765234341038,35.83431952662722,"{'breakeven': 76, 'stop': 66, 'target': 21, 'max_hold': 6}"
trendline,1.0,48,atr,5.0,1.0,1.0,0.7497954160104324,1.062405823435892,0.10304315070578274,-0.09699038581371311,158,0.1962025316455696,1.2559779798652755,0.0009889674512849338,43.075949367088604,"{'stop': 78, 'breakeven': 49, 'target': 23, 'max_hold': 8}"
trendline,1.0,48,atr,5.0,1.5,,1.0625922198995756,1.5373128665162763,0.1713396722177758,-0.11145400259743532,110,0.32727272727272727,1.3980311248021393,0.002238704275224804,78.77272727272727,"{'stop': 73, 'max_hold': 20, 'target': 17}"
trendline,1.0,48,atr,5.0,1.5,0.5,0.7833568233818238,0.8289703667864932,0.11266367356769602,-0.13590796255412263,150,0.17333333333333334,1.296459809235448,0.001138613164016753,46.74666666666667,"{'breakeven': 69, 'stop': 55, 'target': 18, 'max_hold': 8}"
trendline,1.0,48,atr,5.0,1.5,1.0,0.6558351079873649,0.6291492985785249,0.08975201648510978,-0.14265614964189255,132,0.2196969696969697,1.2355428234351604,0.0010580846920133587,59.63636363636363,"{'stop': 61, 'breakeven': 42, 'target': 16, 'max_hold': 13}"
trendline,1.0,48,atr,5.0,2.0,,1.30461062983704,2.116382680245909,0.23525258078933464,-0.11115786525053206,103,0.3786407766990291,1.5260526369119876,0.0031691569597200628,90.0,"{'stop': 62, 'max_hold': 26, 'target': 15}"
trendline,1.0,48,atr,5.0,2.0,0.5,0.8789103154159639,0.8946057664337036,0.1360446692865238,-0.15207220251760545,137,0.19708029197080293,1.34496390347767,0.0014818662662340425,58.839416058394164,"{'breakeven': 62, 'stop': 48, 'target': 15, 'max_hold': 12}"
trendline,1.0,48,atr,5.0,2.0,1.0,1.069561973907963,1.081711820722257,0.16796333054431645,-0.15527548772848543,117,0.26495726495726496,1.438173581635056,0.0020734825528843964,73.51282051282051,"{'stop': 49, 'breakeven': 37, 'max_hold': 17, 'target': 14}"
trendline,1.0,48,atr,5.0,3.0,,2.145626961952367,7.101481896594956,0.478987077950191,-0.0674488909392077,86,0.46511627906976744,2.137186136147468,0.006907975172981375,115.11627906976744,"{'stop': 43, 'max_hold': 30, 'target': 12, 'data_end': 1}"
trendline,1.0,48,atr,5.0,3.0,0.5,1.1156924386361007,1.8601226880614694,0.20051078822185242,-0.10779438878347058,118,0.22033898305084745,1.5417780889272543,0.0024344998404466148,74.46610169491525,"{'breakeven': 54, 'stop': 38, 'max_hold': 15, 'target': 11}"
trendline,1.0,48,atr,5.0,3.0,1.0,2.010733624182197,4.9824483220009865,0.42981201533754954,-0.08626522295065853,93,0.34408602150537637,2.21916020748651,0.005846825878843935,102.13978494623656,"{'stop': 34, 'breakeven': 25, 'max_hold': 22, 'target': 11, 'data_end': 1}"
trendline,1.0,96,h4_level,,0.5,,0.8597262142653289,0.9853549921836656,0.098855879702481,-0.10032514219408828,176,0.3181818181818182,1.2345180066041757,0.000837435134324227,29.818181818181817,"{'stop': 118, 'target': 57, 'max_hold': 1}"
trendline,1.0,96,h4_level,,0.5,0.5,0.08787106445075724,0.026406880969537017,0.0036910032098957934,-0.1397742964855916,219,0.2054794520547945,1.0229156374042614,6.517950597833003e-05,17.78538812785388,"{'stop': 93, 'breakeven': 80, 'target': 45, 'max_hold': 1}"
trendline,1.0,96,h4_level,,0.5,1.0,0.6100618405795639,0.6520618552780338,0.06499945239484783,-0.09968295472081035,199,0.2613065326633166,1.1669382223260485,0.0005074649363688721,23.185929648241206,"{'stop': 103, 'target': 52, 'breakeven': 43, 'max_hold': 1}"
trendline,1.0,96,h4_level,,1.0,,1.0061317083176402,1.120430638468798,0.12331605215117958,-0.11006129957290856,155,0.38064516129032255,1.2866159390000165,0.0011612367018480748,36.86451612903226,"{'stop': 94, 'target': 59, 'max_hold': 2}"
trendline,1.0,96,h4_level,,1.0,0.5,0.6564337820628062,0.6947987306590044,0.07201971109125127,-0.10365550182128547,180,0.2833333333333333,1.1914860104626523,0.0006134682989080334,27.033333333333335,"{'stop': 70, 'breakeven': 58, 'target': 51, 'max_hold': 1}"
trendline,1.0,96,h4_level,,1.0,1.0,1.1109742085565235,1.4510169533828723,0.13302000820947457,-0.09167364164791758,168,0.3392857142857143,1.3306857998376933,0.0011410748593656296,31.583333333333332,"{'stop': 81, 'target': 57, 'breakeven': 29, 'max_hold': 1}"
trendline,1.0,96,h4_level,,1.5,,1.3419403202840723,2.3051516469059634,0.170697797902305,-0.07405057195756304,131,0.4580152671755725,1.4216181944211763,0.0018339367638440804,47.56488549618321,"{'stop': 67, 'target': 62, 'max_hold': 2}"
trendline,1.0,96,h4_level,,1.5,0.5,0.8730109335643204,0.9559371403574592,0.09981758846719835,-0.10441856922712822,163,0.3374233128834356,1.2628669205621612,0.0009084846414262947,32.668711656441715,"{'target': 56, 'stop': 56, 'breakeven': 50, 'max_hold': 1}"
trendline,1.0,96,h4_level,,1.5,1.0,1.200158776622527,1.9962031974915186,0.14782252554717745,-0.07405184288500044,145,0.4,1.374984333480192,0.0014551713323930854,40.84137931034483,"{'stop': 61, 'target': 60, 'breakeven': 23, 'max_hold': 1}"
trendline,1.0,96,h4_level,,2.0,,1.3848265040177457,2.5014423982670597,0.17640473340485707,-0.07052120549610341,122,0.5,1.441196139025219,0.002029612849754353,54.73770491803279,"{'target': 63, 'stop': 57, 'max_hold': 2}"
trendline,1.0,96,h4_level,,2.0,0.5,1.024221796449557,1.1166487505369673,0.12115533925312305,-0.10849905952508576,151,0.37748344370860926,1.3095569463745795,0.001171516159782761,39.3046357615894,"{'target': 58, 'stop': 51, 'breakeven': 41, 'max_hold': 1}"
trendline,1.0,96,h4_level,,2.0,1.0,1.376674239533656,2.4631515435073554,0.1733900749197328,-0.07039358799371209,133,0.44360902255639095,1.4465906914308106,0.0018307193878003105,47.774436090225564,"{'target': 61, 'stop': 52, 'breakeven': 19, 'max_hold': 1}"
trendline,1.0,96,h4_level,,3.0,,1.4423308008949463,2.535678722607942,0.17979350587308573,-0.07090547563066996,107,0.5700934579439252,1.4998622173749545,0.0023412464929797416,65.78504672897196,"{'target': 64, 'stop': 40, 'max_hold': 3}"
trendline,1.0,96,h4_level,,3.0,0.5,0.9674833683455631,1.365762648220301,0.11048379705603817,-0.08089531310583686,132,0.4393939393939394,1.3058672859159566,0.0012250722587746456,48.946969696969695,"{'target': 63, 'stop': 39, 'breakeven': 30}"
trendline,1.0,96,h4_level,,3.0,1.0,1.5560261949506355,2.525045532252603,0.18862271013734966,-0.07470071637444042,110,0.5363636363636364,1.5616564822480576,0.002368917993876713,61.18181818181818,"{'target': 64, 'stop': 37, 'breakeven': 9}"
trendline,1.0,96,atr,2.0,0.5,,0.28227933798770366,0.28508685454400734,0.02349569442781929,-0.0824159165998739,207,0.37681159420289856,1.0564139793502607,0.00019847159676816974,19.347826086956523,"{'stop': 129, 'target': 78}"
trendline,1.0,96,atr,2.0,0.5,0.5,-1.4734349421025792,-0.6629248150503311,-0.11230017036507078,-0.16940106602668759,244,0.2459016393442623,0.7600246050980589,-0.0006884311548047469,11.614754098360656,"{'stop': 105, 'breakeven': 79, 'target': 60}"
trendline,1.0,96,atr,2.0,0.5,1.0,-0.42854429047164627,-0.42579370785564963,-0.04278428479765195,-0.10048125185578471,218,0.3073394495412844,0.9198826746776383,-0.00026191229537307056,16.573394495412845,"{'stop': 116, 'target': 67, 'breakeven': 35}"
trendline,1.0,96,atr,2.0,1.0,,1.11375512985016,1.6683373152750378,0.12538455943129145,-0.07515540069942084,169,0.39644970414201186,1.2550199125101063,0.0010744275032172595,31.40828402366864,"{'stop': 102, 'target': 67}"
trendline,1.0,96,atr,2.0,1.0,0.5,0.15204772971971403,0.15514420931544184,0.01003606297296833,-0.0646886082132968,205,0.28292682926829266,1.0324889100063857,0.00010523132723302977,19.692682926829267,"{'stop': 81, 'breakeven': 66, 'target': 58}"
trendline,1.0,96,atr,2.0,1.0,1.0,0.7532866145331536,0.883013688396168,0.07473281872869553,-0.08463381679216542,187,0.3315508021390374,1.1683207824524005,0.0006052394474310877,24.855614973262032,"{'stop': 91, 'target': 62, 'breakeven': 34}"
trendline,1.0,96,atr,2.0,1.5,,1.5113046616326968,3.4777005885834846,0.20749333197453224,-0.05966394365739436,132,0.4318181818181818,1.4255540100571387,0.002173534997917985,51.82575757575758,"{'stop': 75, 'target': 57}"
trendline,1.0,96,atr,2.0,1.5,0.5,0.9573315668507085,1.74690291820337,0.10847150765854341,-0.062093609512143155,174,0.27586206896551724,1.255029511429966,0.0009190408616263488,30.54597701149425,"{'breakeven': 65, 'stop': 61, 'target': 48}"
trendline,1.0,96,atr,2.0,1.5,1.0,0.9735698443023328,1.3917667690691091,0.11617705015496926,-0.08347451077070545,150,0.3333333333333333,1.2643006954802416,0.0011380676562493593,39.61333333333334,"{'stop': 68, 'target': 50, 'breakeven': 32}"
trendline,1.0,96,atr,2.0,2.0,,1.7774909024013055,3.5880523689999966,0.2809095335337959,-0.07829025461300232,106,0.46226415094339623,1.6313083998581979,0.00353124750055177,75.02830188679245,"{'stop': 57, 'target': 48, 'max_hold': 1}"
trendline,1.0,96,atr,2.0,2.0,0.5,0.9950801067629921,0.9613042700421285,0.1264679863307816,-0.13155874812169432,148,0.28378378378378377,1.3036635169901478,0.0012486508496565496,42.78378378378378,"{'breakeven': 55, 'stop': 51, 'target': 42}"
trendline,1.0,96,atr,2.0,2.0,1.0,1.1023699812994192,1.2094195458246002,0.1485533314746741,-0.12283027175105576,125,0.336,1.355141418611326,0.001708946509242571,56.008,"{'stop': 53, 'target': 42, 'breakeven': 30}"
trendline,1.0,96,atr,2.0,3.0,,1.565135738459906,2.3193900375830934,0.25901189361675514,-0.1116724179287486,81,0.4691358024691358,1.6399908922914936,0.0043367172042379715,116.77777777777777,"{'stop': 41, 'target': 35, 'max_hold': 5}"
trendline,1.0,96,atr,2.0,3.0,0.5,0.35858097707280207,0.2188094216327672,0.03712963871701169,-0.16968939655316673,119,0.24369747899159663,1.1166076032392112,0.00053003276970739,64.7983193277311,"{'breakeven': 51, 'stop': 39, 'target': 29}"
trendline,1.0,96,atr,2.0,3.0,1.0,1.5529505042318277,1.8978929616836597,0.22746470112376604,-0.11985117481123775,91,0.3516483516483517,1.691272766473836,0.0034171426071882855,91.92307692307692,"{'stop': 36, 'target': 32, 'breakeven': 23}"
trendline,1.0,96,atr,3.0,0.5,,0.7361026123943796,1.1297303375010774,0.07906930915330324,-0.06998954221960763,187,0.3048128342245989,1.1649346511544665,0.0006452590496603671,28.77540106951872,"{'stop': 130, 'target': 57}"
trendline,1.0,96,atr,3.0,0.5,0.5,-0.8553918144485079,-0.5015634143293428,-0.07702113905000907,-0.15356211567583455,236,0.1906779661016949,0.8411668033820887,-0.0004656168195562394,15.09322033898305,"{'stop': 102, 'breakeven': 89, 'target': 45}"
trendline,1.0,96,atr,3.0,0.5,1.0,0.017418667806805774,-0.038034206267916794,-0.003544951582101885,-0.09320430028514037,215,0.22325581395348837,1.0046405692582243,1.5275869686560955e-05,20.372093023255815,"{'stop': 116, 'breakeven': 51, 'target': 48}"
trendline,1.0,96,atr,3.0,1.0,,0.8051887572749183,1.0866866271494555,0.09722962713563721,-0.08947347349868962,142,0.323943661971831,1.2166319896619553,0.0010292519508250644,47.26056338028169,"{'stop': 96, 'target': 45, 'max_hold': 1}"
trendline,1.0,96,atr,3.0,1.0,0.5,0.044949509958718326,-0.012354782582415912,-0.0011734803528912208,-0.09498186998137792,192,0.203125,1.0107669792424898,3.68166159199625e-05,25.682291666666668,"{'stop': 77, 'breakeven': 76, 'target': 39}"
trendline,1.0,96,atr,3.0,1.0,1.0,0.3972750455725555,0.34171913903761175,0.03991637004266879,-0.1168104606463829,173,0.23699421965317918,1.1016608585484828,0.0003851249883980803,32.433526011560694,"{'stop': 86, 'breakeven': 46, 'target': 41}"
trendline,1.0,96,atr,3.0,1.5,,0.9946769238407984,1.3036202545909152,0.1344641408133529,-0.10314671035511691,111,0.36036036036036034,1.313843457395771,0.001772088097449296,72.58558558558559,"{'stop': 70, 'target': 38, 'max_hold': 3}"
trendline,1.0,96,atr,3.0,1.5,0.5,0.409207270563434,0.3193205532053096,0.0437656343673134,-0.1370586200230398,156,0.20512820512820512,1.1222110435251405,0.00046641212055631166,39.493589743589745,"{'breakeven': 66, 'stop': 58, 'target': 32}"
trendline,1.0,96,atr,3.0,1.5,1.0,0.5105737539022707,0.40991347688266205,0.058464207973498716,-0.14262572779531746,142,0.23943661971830985,1.1513323052192446,0.0006618278698400604,47.84507042253521,"{'stop': 65, 'breakeven': 43, 'target': 34}"
trendline,1.0,96,atr,3.0,2.0,,1.2287427011385923,1.6992740474283647,0.2079188378925001,-0.12235744917493374,89,0.3595505617977528,1.488692545960925,0.0032972745129271046,104.67415730337079,"{'stop': 56, 'target': 29, 'max_hold': 4}"
trendline,1.0,96,atr,3.0,2.0,0.5,0.4638574864843412,0.38361626147318606,0.05566913310952559,-0.14511671871192755,133,0.19548872180451127,1.1565600393076492,0.0006902107348694997,54.69924812030075,"{'breakeven': 60, 'stop': 47, 'target': 26}"
trendline,1.0,96,atr,3.0,2.0,1.0,1.0531351614989477,1.1706006495321613,0.15447857293437295,-0.13196522058663762,112,0.25892857142857145,1.4035184818412307,0.001995956184596597,71.11607142857143,"{'stop': 48, 'breakeven': 35, 'target': 28, 'max_hold': 1}"
trendline,1.0,96,atr,3.0,3.0,,1.9271231374427233,4.123894003493599,0.4014995765312843,-0.09735933469462354,70,0.45714285714285713,2.0890899023246914,0.007321237262231665,146.61428571428573,"{'stop': 36, 'target': 24, 'max_hold': 10}"
trendline,1.0,96,atr,3.0,3.0,0.5,0.3363348929658125,0.2507331190845227,0.03684874719733355,-0.14696402027732025,109,0.1559633027522936,1.1359922910300524,0.0005968598089584939,78.31192660550458,"{'breakeven': 59, 'stop': 33, 'target': 17}"
trendline,1.0,96,atr,3.0,3.0,1.0,1.6573245508261276,2.588481986693902,0.27352455742136494,-0.10566987092335145,81,0.2716049382716049,1.978955258310059,0.004539959550552002,113.18518518518519,"{'breakeven': 30, 'stop': 29, 'target': 20, 'max_hold': 2}"
trendline,1.0,96,atr,4.0,0.5,,0.7179586569540561,0.8372827586292906,0.08766167267882796,-0.10469781179101101,172,0.2616279069767442,1.1899127295845222,0.0007764117938361995,35.55232558139535,"{'stop': 127, 'target': 45}"
trendline,1.0,96,atr,4.0,0.5,0.5,-0.2089275505102072,-0.1761606587477769,-0.028900116478702276,-0.16405545190473458,227,0.15859030837004406,0.9491383304178181,-0.00014970354112033485,17.82819383259912,"{'stop': 97, 'breakeven': 94, 'target': 36}"
trendline,1.0,96,atr,4.0,0.5,1.0,0.3137987517805589,0.26136165606253875,0.03155423345191721,-0.12073015578217372,204,0.19117647058823528,1.0812467150666354,0.00027061677602513705,24.46078431372549,"{'stop': 111, 'breakeven': 54, 'target': 39}"
trendline,1.0,96,atr,4.0,1.0,,0.8836071720020124,1.6186838211269192,0.1245343837392825,-0.0769355831656996,130,0.27692307692307694,1.2743560771585818,0.0014268321061873704,57.4,"{'stop': 93, 'target': 35, 'max_hold': 2}"
trendline,1.0,96,atr,4.0,1.0,0.5,0.2913291130526554,0.316355254416928,0.02965570345782531,-0.09374177619551005,176,0.16477272727272727,1.0870763174477027,0.0003042129564848082,31.443181818181817,"{'breakeven': 77, 'stop': 70, 'target': 29}"
trendline,1.0,96,atr,4.0,1.0,1.0,0.5873190071909836,0.6731035690896324,0.0711208375811827,-0.1056610614580058,160,0.19375,1.1810952808733703,0.0006994476858724438,39.10625,"{'stop': 79, 'breakeven': 50, 'target': 31}"
trendline,1.0,96,atr,4.0,1.5,,1.0889053708128338,1.608376608152169,0.17282873230078244,-0.10745538788912246,98,0.3163265306122449,1.4216596169702513,0.0025345770322414644,91.93877551020408,"{'stop': 66, 'target': 26, 'max_hold': 6}"
trendline,1.0,96,atr,4.0,1.5,0.5,0.6669986924014905,0.7790660534946775,0.08958503203672308,-0.11499029079096579,146,0.17123287671232876,1.2412945356594247,0.0009494873762571413,47.897260273972606,"{'breakeven': 67, 'stop': 54, 'target': 24, 'max_hold': 1}"
trendline,1.0,96,atr,4.0,1.5,1.0,0.8243645237246153,0.9696726057964601,0.11820487086523879,-0.12190183589661052,126,0.20634920634920634,1.3080928841404138,0.0014058827308226114,60.817460317460316,"{'stop': 58, 'breakeven': 42, 'target': 25, 'max_hold': 1}"
trendline,1.0,96,atr,4.0,2.0,,1.3512156209990658,2.476790932373912,0.2668609311925483,-0.1077446334708485,84,0.34523809523809523,1.6310030672084548,0.004361508563977873,118.72619047619048,"{'stop': 54, 'target': 23, 'max_hold': 7}"
trendline,1.0,96,atr,4.0,2.0,0.5,0.3618502162540646,0.30100809438372517,0.044073127747982666,-0.1464184138908844,127,0.14960629921259844,1.13767209787718,0.0006155000623858384,63.14173228346457,"{'breakeven': 63, 'stop': 45, 'target': 18, 'max_hold': 1}"
trendline,1.0,96,atr,4.0,2.0,1.0,0.9741669683634581,1.0634047912481608,0.15324561276943127,-0.14410844678399537,102,0.21568627450980393,1.4333167772642088,0.002201990371584654,85.80392156862744,"{'stop': 44, 'breakeven': 36, 'target': 20, 'max_hold': 2}"
trendline,1.0,96,atr,4.0,3.0,,2.023124876294439,5.4423443215985206,0.47995498698565875,-0.08818901536253532,65,0.4307692307692308,2.310436850766557,0.009209583433193452,168.35384615384615,"{'stop': 35, 'target': 17, 'max_hold': 13}"
trendline,1.0,96,atr,4.0,3.0,0.5,0.8204156178703391,0.9813805414805695,0.12968402385817357,-0.13214448256995648,107,0.14953271028037382,1.4100999605805078,0.001831059829091032,83.83177570093459,"{'breakeven': 58, 'stop': 33, 'target': 15, 'max_hold': 1}"
trendline,1.0,96,atr,4.0,3.0,1.0,1.8894484911016212,4.349951314014224,0.38806001594813977,-0.08921019752518333,76,0.2631578947368421,2.404694786663573,0.006572931612857,129.01315789473685,"{'breakeven': 29, 'stop': 27, 'target': 16, 'max_hold': 4}"
trendline,1.0,96,atr,5.0,0.5,,0.537204262163067,0.6613023983739218,0.06670371165739208,-0.10086718545314521,160,0.21875,1.152915535986201,0.000668754010012422,42.01875,"{'stop': 125, 'target': 35}"
trendline,1.0,96,atr,5.0,0.5,0.5,-0.10329356077892864,-0.12617580318498228,-0.01968622473126591,-0.15602218677700486,212,0.12735849056603774,0.9709151366529295,-8.809191819654466e-05,21.57547169811321,"{'breakeven': 95, 'stop': 90, 'target': 27}"
trendline,1.0,96,atr,5.0,0.5,1.0,0.2681861617817795,0.20117716047771225,0.02713678847451617,-0.13489000645042193,191,0.15706806282722513,1.0763613174037023,0.00026538015422785305,28.82198952879581,"{'stop': 106, 'breakeven': 55, 'target': 30}"
trendline,1.0,96,atr,5.0,1.0,,0.7590989638351837,0.9657084300292067,0.11106347143877704,-0.11500725062058126,113,0.24778761061946902,1.2748014917860475,0.0014942958005489779,75.50442477876106,"{'stop': 84, 'target': 25, 'max_hold': 4}"
trendline,1.0,96,atr,5.0,1.0,0.5,0.29383618164857406,0.2600168650144861,0.030973448095938716,-0.11912091969193273,162,0.1419753086419753,1.0974458463522652,0.00034933108352146815,39.111111111111114,"{'breakeven': 75, 'stop': 64, 'target': 23}"
trendline,1.0,96,atr,5.0,1.0,1.0,0.5471888800891163,0.6348333008038861,0.07171672421272568,-0.112969379712613,148,0.16216216216216217,1.1948789114627725,0.0007733659736065596,47.20945945945946,"{'stop': 74, 'breakeven': 50, 'target': 24}"
trendline,1.0,96,atr,5.0,1.5,,1.1872133734770722,2.474845296727185,0.2183275163718752,-0.08821865215599478,93,0.2903225806451613,1.5360220662410067,0.0033073286175734525,103.43010752688173,"{'stop': 65, 'target': 21, 'max_hold': 7}"
trendline,1.0,96,atr,5.0,1.5,0.5,0.6565107972542988,0.724831322932825,0.09305872687313643,-0.12838673485660168,141,0.14184397163120568,1.2602488590030696,0.0010316053852138325,52.56028368794326,"{'breakeven': 69, 'stop': 52, 'target': 19, 'max_hold': 1}"
trendline,1.0,96,atr,5.0,1.5,1.0,0.5883713095026072,0.594877182048383,0.08109482868630447,-0.13632196885929437,119,0.16806722689075632,1.2308501511642178,0.0010843019827221328,69.75630252100841,"{'stop': 56, 'breakeven': 43, 'target': 18, 'max_hold': 2}"
trendline,1.0,96,atr,5.0,2.0,,1.4049676345773576,2.87622684562989,0.29267530554214893,-0.10175668375630276,79,0.31645569620253167,1.7071342188636884,0.005056837338044107,135.68354430379748,"{'stop': 53, 'target': 17, 'max_hold': 9}"
trendline,1.0,96,atr,5.0,2.0,0.5,0.6938448271852161,0.8093323820201498,0.10701773446077611,-0.13222964611109767,125,0.144,1.3002275265274716,0.0013342504673588037,67.672,"{'breakeven': 63, 'stop': 44, 'target': 16, 'max_hold': 2}"
trendline,1.0,96,atr,5.0,2.0,1.0,1.2591118805033212,1.6124393127923282,0.23236612489995512,-0.14410844678399526,99,0.20202020202020202,1.6527505119589094,0.003287482059821851,93.91919191919192,"{'stop': 42, 'breakeven': 37, 'target': 17, 'max_hold': 3}"
trendline,1.0,96,atr,5.0,3.0,,2.1242285951364486,6.179652932400338,0.5449775073905885,-0.0881890153625351,62,0.43548387096774194,2.5377400543349062,0.010717244385371727,183.82258064516128,"{'stop': 33, 'max_hold': 16, 'target': 12, 'data_end': 1}"
trendline,1.0,96,atr,5.0,3.0,0.5,0.7546462288133917,1.0127394469140127,0.12792704318490777,-0.12631782397212132,106,0.12264150943396226,1.4110296840739691,0.0018604639201007345,87.58490566037736,"{'breakeven': 60, 'stop': 33, 'target': 12, 'max_hold': 1}"
trendline,1.0,96,atr,5.0,3.0,1.0,1.713602838067931,4.210470453837249,0.3646885830484168,-0.08661468760956503,74,0.22972972972972974,2.364017204058091,0.00644916488407159,139.28378378378378,"{'breakeven': 31, 'stop': 26, 'target': 10, 'max_hold': 6, 'data_end': 1}"
trendline,1.0,168,h4_level,,0.5,,0.8787481589305298,0.9916727384075864,0.09948970849074223,-0.1003251421940885,173,0.3236994219653179,1.239933821872823,0.0008532018840177575,30.947976878612717,"{'stop': 115, 'target': 57, 'max_hold': 1}"
trendline,1.0,168,h4_level,,0.5,0.5,0.09241820169474489,0.03024434876515006,0.00422738257131372,-0.1397742964855916,215,0.20930232558139536,1.0236645095607066,6.71059900467562e-05,18.77674418604651,"{'stop': 91, 'breakeven': 78, 'target': 45, 'max_hold': 1}"
trendline,1.0,168,h4_level,,0.5,1.0,0.6156531878809505,0.6466661218404289,0.0644615897429015,-0.09968295472081035,195,0.26666666666666666,1.167953373997663,0.0005109301018275557,24.317948717948717,"{'stop': 101, 'target': 52, 'breakeven': 41, 'max_hold': 1}"
trendline,1.0,168,h4_level,,1.0,,0.9094101065040763,0.9763614778970914,0.1074596131102794,-0.11006129957290844,153,0.3790849673202614,1.2509939082393113,0.0010382315439947708,37.99346405228758,"{'stop': 93, 'target': 59, 'max_hold': 1}"
trendline,1.0,168,h4_level,,1.0,0.5,0.6394654051510579,0.6533809520246192,0.06772653046258115,-0.10365550182128547,177,0.288135593220339,1.1824253843663504,0.0005875055404115216,28.25423728813559,"{'stop': 69, 'breakeven': 56, 'target': 51, 'max_hold': 1}"
trendline,1.0,168,h4_level,,1.0,1.0,1.1078364071892592,1.4003481325358955,0.12837501288442565,-0.09167364164791714,165,0.34545454545454546,1.3229660629481808,0.0011219784060335638,32.86060606060606,"{'stop': 80, 'target': 57, 'breakeven': 27, 'max_hold': 1}"
trendline,1.0,168,h4_level,,1.5,,1.3949897039371975,2.2621166026494763,0.17238927127814385,-0.07620706690196033,129,0.46511627906976744,1.4370408964402057,0.0018734475201780847,49.18604651162791,"{'stop': 65, 'target': 63, 'max_hold': 1}"
trendline,1.0,168,h4_level,,1.5,0.5,0.8710251023330055,0.9224466662578059,0.09632056107897435,-0.10441856922712822,160,0.34375,1.2571396092886946,0.0008927656088226178,34.1125,"{'target': 56, 'stop': 55, 'breakeven': 48, 'max_hold': 1}"
trendline,1.0,168,h4_level,,1.5,1.0,1.2147355081435447,1.9589122971632997,0.14506106565503196,-0.07405184288500044,143,0.40559440559440557,1.3735922226608948,0.001446670673992577,42.10489510489511,"{'target': 60, 'stop': 60, 'breakeven': 22, 'max_hold': 1}"
trendline,1.0,168,h4_level,,2.0,,1.4049803607372873,2.3855861041209936,0.17339852114109822,-0.0726859201776704,121,0.5041322314049587,1.4420950078008745,0.0020102362039054237,56.074380165289256,"{'target': 64, 'stop': 56, 'max_hold': 1}"
trendline,1.0,168,h4_level,,2.0,0.5,1.0391430116067937,1.097377835408998,0.11906446308555063,-0.10849905952508576,148,0.38513513513513514,1.3089725826853864,0.0011726892596498036,40.9527027027027,"{'target': 58, 'stop': 50, 'breakeven': 39, 'max_hold': 1}"
trendline,1.0,168,h4_level,,2.0,1.0,1.3474540862961568,2.3319055235549775,0.16415119666539058,-0.07039358799371209,132,0.44696969696969696,1.4252262410958556,0.001753124217888134,48.93939393939394,"{'target': 61, 'stop': 52, 'breakeven': 18, 'max_hold': 1}"
trendline,1.0,168,h4_level,,3.0,,1.5270152869240206,2.685921400993784,0.19044653444405846,-0.07090547563066951,106,0.5754716981132075,1.543465936619273,0.002485159377762306,67.64150943396227,"{'target': 66, 'stop': 39, 'max_hold': 1}"
trendline,1.0,168,h4_level,,3.0,0.5,0.9674833683455631,1.365762648220301,0.11048379705603817,-0.08089531310583686,132,0.4393939393939394,1.3058672859159566,0.0012250722587746456,48.946969696969695,"{'target': 63, 'stop': 39, 'breakeven': 30}"
trendline,1.0,168,h4_level,,3.0,1.0,1.5560261949506355,2.525045532252603,0.18862271013734966,-0.07470071637444042,110,0.5363636363636364,1.5616564822480576,0.002368917993876713,61.18181818181818,"{'target': 64, 'stop': 37, 'breakeven': 9}"
trendline,1.0,168,atr,2.0,0.5,,0.28227933798770366,0.28508685454400734,0.02349569442781929,-0.0824159165998739,207,0.37681159420289856,1.0564139793502607,0.00019847159676816974,19.347826086956523,"{'stop': 129, 'target': 78}"
trendline,1.0,168,atr,2.0,0.5,0.5,-1.4734349421025792,-0.6629248150503311,-0.11230017036507078,-0.16940106602668759,244,0.2459016393442623,0.7600246050980589,-0.0006884311548047469,11.614754098360656,"{'stop': 105, 'breakeven': 79, 'target': 60}"
trendline,1.0,168,atr,2.0,0.5,1.0,-0.42854429047164627,-0.42579370785564963,-0.04278428479765195,-0.10048125185578471,218,0.3073394495412844,0.9198826746776383,-0.00026191229537307056,16.573394495412845,"{'stop': 116, 'target': 67, 'breakeven': 35}"
trendline,1.0,168,atr,2.0,1.0,,1.11375512985016,1.6683373152750378,0.12538455943129145,-0.07515540069942084,169,0.39644970414201186,1.2550199125101063,0.0010744275032172595,31.40828402366864,"{'stop': 102, 'target': 67}"
trendline,1.0,168,atr,2.0,1.0,0.5,0.15204772971971403,0.15514420931544184,0.01003606297296833,-0.0646886082132968,205,0.28292682926829266,1.0324889100063857,0.00010523132723302977,19.692682926829267,"{'stop': 81, 'breakeven': 66, 'target': 58}"
trendline,1.0,168,atr,2.0,1.0,1.0,0.7532866145331536,0.883013688396168,0.07473281872869553,-0.08463381679216542,187,0.3315508021390374,1.1683207824524005,0.0006052394474310877,24.855614973262032,"{'stop': 91, 'target': 62, 'breakeven': 34}"
trendline,1.0,168,atr,2.0,1.5,,1.5113046616326968,3.4777005885834846,0.20749333197453224,-0.05966394365739436,132,0.4318181818181818,1.4255540100571387,0.002173534997917985,51.82575757575758,"{'stop': 75, 'target': 57}"
trendline,1.0,168,atr,2.0,1.5,0.5,0.9573315668507085,1.74690291820337,0.10847150765854341,-0.062093609512143155,174,0.27586206896551724,1.255029511429966,0.0009190408616263488,30.54597701149425,"{'breakeven': 65, 'stop': 61, 'target': 48}"
trendline,1.0,168,atr,2.0,1.5,1.0,0.9735698443023328,1.3917667690691091,0.11617705015496926,-0.08347451077070545,150,0.3333333333333333,1.2643006954802416,0.0011380676562493593,39.61333333333334,"{'stop': 68, 'target': 50, 'breakeven': 32}"
trendline,1.0,168,atr,2.0,2.0,,1.4848351870984682,1.7321008421196784,0.22889413462705765,-0.13214827281473163,105,0.44761904761904764,1.504151517466817,0.0029925833004404334,76.19047619047619,"{'stop': 58, 'target': 47}"
trendline,1.0,168,atr,2.0,2.0,0.5,0.9950801067629921,0.9613042700421285,0.1264679863307816,-0.13155874812169432,148,0.28378378378378377,1.3036635169901478,0.0012486508496565496,42.78378378378378,"{'breakeven': 55, 'stop': 51, 'target': 42}"
trendline,1.0,168,atr,2.0,2.0,1.0,1.1023699812994192,1.2094195458246002,0.1485533314746741,-0.12283027175105576,125,0.336,1.355141418611326,0.001708946509242571,56.008,"{'stop': 53, 'target': 42, 'breakeven': 30}"
trendline,1.0,168,atr,2.0,3.0,,2.0655309256147265,4.291926829737989,0.3651028817268054,-0.08506735930283649,78,0.5,1.9575062086129078,0.006016761725138347,129.55128205128204,"{'stop': 39, 'target': 37, 'max_hold': 2}"
trendline,1.0,168,atr,2.0,3.0,0.5,0.35858097707280207,0.2188094216327672,0.03712963871701169,-0.16968939655316673,119,0.24369747899159663,1.1166076032392112,0.00053003276970739,64.7983193277311,"{'breakeven': 51, 'stop': 39, 'target': 29}"
trendline,1.0,168,atr,2.0,3.0,1.0,1.5529505042318277,1.8978929616836597,0.22746470112376604,-0.11985117481123775,91,0.3516483516483517,1.691272766473836,0.0034171426071882855,91.92307692307692,"{'stop': 36, 'target': 32, 'breakeven': 23}"
trendline,1.0,168,atr,3.0,0.5,,0.7361026123943796,1.1297303375010774,0.07906930915330324,-0.06998954221960763,187,0.3048128342245989,1.1649346511544665,0.0006452590496603671,28.77540106951872,"{'stop': 130, 'target': 57}"
trendline,1.0,168,atr,3.0,0.5,0.5,-0.8553918144485079,-0.5015634143293428,-0.07702113905000907,-0.15356211567583455,236,0.1906779661016949,0.8411668033820887,-0.0004656168195562394,15.09322033898305,"{'stop': 102, 'breakeven': 89, 'target': 45}"
trendline,1.0,168,atr,3.0,0.5,1.0,0.017418667806805774,-0.038034206267916794,-0.003544951582101885,-0.09320430028514037,215,0.22325581395348837,1.0046405692582243,1.5275869686560955e-05,20.372093023255815,"{'stop': 116, 'breakeven': 51, 'target': 48}"
trendline,1.0,168,atr,3.0,1.0,,0.6930005665663129,0.8010590741985213,0.08243742330232084,-0.10291054175349235,142,0.31690140845070425,1.1831530245823878,0.0008913484387352054,47.33098591549296,"{'stop': 97, 'target': 45}"
trendline,1.0,168,atr,3.0,1.0,0.5,0.044949509958718326,-0.012354782582415912,-0.0011734803528912208,-0.09498186998137792,192,0.203125,1.0107669792424898,3.68166159199625e-05,25.682291666666668,"{'stop': 77, 'breakeven': 76, 'target': 39}"
trendline,1.0,168,atr,3.0,1.0,1.0,0.3972750455725555,0.34171913903761175,0.03991637004266879,-0.1168104606463829,173,0.23699421965317918,1.1016608585484828,0.0003851249883980803,32.433526011560694,"{'stop': 86, 'breakeven': 46, 'target': 41}"
trendline,1.0,168,atr,3.0,1.5,,0.7474462219486744,0.7760947478397573,0.0984654029532912,-0.12687291497251785,112,0.3392857142857143,1.2245241234902267,0.0013413220759176951,72.25,"{'stop': 74, 'target': 38}"
trendline,1.0,168,atr,3.0,1.5,0.5,0.409207270563434,0.3193205532053096,0.0437656343673134,-0.1370586200230398,156,0.20512820512820512,1.1222110435251405,0.00046641212055631166,39.493589743589745,"{'breakeven': 66, 'stop': 58, 'target': 32}"
trendline,1.0,168,atr,3.0,1.5,1.0,0.5105737539022707,0.40991347688266205,0.058464207973498716,-0.14262572779531746,142,0.23943661971830985,1.1513323052192446,0.0006618278698400604,47.84507042253521,"{'stop': 65, 'breakeven': 43, 'target': 34}"
trendline,1.0,168,atr,3.0,2.0,,0.9476198652344091,1.000273625762986,0.15701322778116755,-0.15697027666944774,89,0.3258426966292135,1.3528355745807132,0.002603639794059523,105.06741573033707,"{'stop': 60, 'target': 29}"
trendline,1.0,168,atr,3.0,2.0,0.5,0.4638574864843412,0.38361626147318606,0.05566913310952559,-0.14511671871192755,133,0.19548872180451127,1.1565600393076492,0.0006902107348694997,54.69924812030075,"{'breakeven': 60, 'stop': 47, 'target': 26}"
trendline,1.0,168,atr,3.0,2.0,1.0,1.0422362241001537,1.161674298936817,0.15330060510902466,-0.13196522058663762,111,0.25225225225225223,1.4010792333325979,0.0020017636213972914,71.73873873873873,"{'stop': 48, 'breakeven': 35, 'target': 28}"
trendline,1.0,168,atr,3.0,3.0,,1.9296132262118495,5.828797302623347,0.3731038343435398,-0.0640104321650743,59,0.4745762711864407,2.204417796131407,0.008134963041167476,192.67796610169492,"{'stop': 30, 'target': 23, 'max_hold': 6}"
trendline,1.0,168,atr,3.0,3.0,0.5,0.3363348929658125,0.2507331190845227,0.03684874719733355,-0.14696402027732025,109,0.1559633027522936,1.1359922910300524,0.0005968598089584939,78.31192660550458,"{'breakeven': 59, 'stop': 33, 'target': 17}"
trendline,1.0,168,atr,3.0,3.0,1.0,1.5725775768294468,2.294866478685221,0.24249824458899338,-0.10566987092335145,75,0.26666666666666666,1.9660145313830726,0.004405112138367621,126.32,"{'breakeven': 30, 'stop': 25, 'target': 19, 'max_hold': 1}"
trendline,1.0,168,atr,4.0,0.5,,0.7179586569540561,0.8372827586292906,0.08766167267882796,-0.10469781179101101,172,0.2616279069767442,1.1899127295845222,0.0007764117938361995,35.55232558139535,"{'stop': 127, 'target': 45}"
trendline,1.0,168,atr,4.0,0.5,0.5,-0.2089275505102072,-0.1761606587477769,-0.028900116478702276,-0.16405545190473458,227,0.15859030837004406,0.9491383304178181,-0.00014970354112033485,17.82819383259912,"{'stop': 97, 'breakeven': 94, 'target': 36}"
trendline,1.0,168,atr,4.0,0.5,1.0,0.3137987517805589,0.26136165606253875,0.03155423345191721,-0.12073015578217372,204,0.19117647058823528,1.0812467150666354,0.00027061677602513705,24.46078431372549,"{'stop': 111, 'breakeven': 54, 'target': 39}"
trendline,1.0,168,atr,4.0,1.0,,0.7162596081550264,1.009348287454926,0.09864856930242305,-0.09773491522055844,132,0.26515151515151514,1.2149574154703315,0.0011505504787547647,56.68181818181818,"{'stop': 97, 'target': 35}"
trendline,1.0,168,atr,4.0,1.0,0.5,0.2913291130526554,0.316355254416928,0.02965570345782531,-0.09374177619551005,176,0.16477272727272727,1.0870763174477027,0.0003042129564848082,31.443181818181817,"{'breakeven': 77, 'stop': 70, 'target': 29}"
trendline,1.0,168,atr,4.0,1.0,1.0,0.5873190071909836,0.6731035690896324,0.0711208375811827,-0.1056610614580058,160,0.19375,1.1810952808733703,0.0006994476858724438,39.10625,"{'stop': 79, 'breakeven': 50, 'target': 31}"
trendline,1.0,168,atr,4.0,1.5,,0.91981405821533,1.10116310594963,0.14432681285952254,-0.13106760667853723,96,0.28125,1.3417712728588997,0.0022241098480828207,94.5,"{'stop': 69, 'target': 27}"
trendline,1.0,168,atr,4.0,1.5,0.5,0.6881104427387016,0.8019245830398544,0.09221354099617685,-0.11499029079096579,145,0.1724137931034483,1.2479043463777462,0.0009813029773270022,48.37931034482759,"{'breakeven': 66, 'stop': 54, 'target': 25}"
trendline,1.0,168,atr,4.0,1.5,1.0,0.8512574747356364,0.9989395385621823,0.12177256370044298,-0.12190183589661052,126,0.20634920634920634,1.3173161521919392,0.0014438060411692854,60.72222222222222,"{'stop': 58, 'breakeven': 42, 'target': 26}"
trendline,1.0,168,atr,4.0,2.0,,0.9438747448942475,1.1806840196788264,0.1687596147992796,-0.14293376719470308,78,0.3076923076923077,1.4125368567786905,0.0031773175695823104,134.0,"{'stop': 53, 'target': 22, 'max_hold': 3}"
trendline,1.0,168,atr,4.0,2.0,0.5,0.35374823246987264,0.28770974487151496,0.04212600450503823,-0.1464184138908844,124,0.1532258064516129,1.1340862992965448,0.0006034482114836735,65.68548387096774,"{'breakeven': 61, 'stop': 44, 'target': 18, 'max_hold': 1}"
trendline,1.0,168,atr,4.0,2.0,1.0,0.9807603993537084,1.0406017160498948,0.14995949702071054,-0.14410844678399537,96,0.21875,1.4505523464637984,0.002287043558544724,93.05208333333333,"{'stop': 40, 'breakeven': 35, 'target': 19, 'max_hold': 2}"
trendline,1.0,168,atr,4.0,3.0,,2.2758070821679537,9.093484101024428,0.5536171150513556,-0.06088063814715283,56,0.4642857142857143,2.728918971740053,0.011948676651693847,218.75,"{'stop': 29, 'target': 21, 'max_hold': 6}"
trendline,1.0,168,atr,4.0,3.0,0.5,0.8939716038163031,1.1140364552970112,0.147213770949292,-0.13214448256995648,107,0.14953271028037382,1.4591031691112746,0.0020498547943727788,84.26168224299066,"{'breakeven': 58, 'stop': 33, 'target': 16}"
trendline,1.0,168,atr,4.0,3.0,1.0,1.7982233929795488,3.9790063211980393,0.358940643715254,-0.09020861359355181,72,0.25,2.4145667433516387,0.0065025576741646095,141.20833333333334,"{'breakeven': 30, 'stop': 24, 'target': 17, 'max_hold': 1}"
trendline,1.0,168,atr,5.0,0.5,,0.537204262163067,0.6613023983739218,0.06670371165739208,-0.10086718545314521,160,0.21875,1.152915535986201,0.000668754010012422,42.01875,"{'stop': 125, 'target': 35}"
trendline,1.0,168,atr,5.0,0.5,0.5,-0.10329356077892864,-0.12617580318498228,-0.01968622473126591,-0.15602218677700486,212,0.12735849056603774,0.9709151366529295,-8.809191819654466e-05,21.57547169811321,"{'breakeven': 95, 'stop': 90, 'target': 27}"
trendline,1.0,168,atr,5.0,0.5,1.0,0.2681861617817795,0.20117716047771225,0.02713678847451617,-0.13489000645042193,191,0.15706806282722513,1.0763613174037023,0.00026538015422785305,28.82198952879581,"{'stop': 106, 'breakeven': 55, 'target': 30}"
trendline,1.0,168,atr,5.0,1.0,,0.6258439704669057,0.6815756571407772,0.09016057676313438,-0.13228256587296516,112,0.22321428571428573,1.2215664858621709,0.0012662981199132281,76.71428571428571,"{'stop': 87, 'target': 25}"
trendline,1.0,168,atr,5.0,1.0,0.5,0.29383618164857406,0.2600168650144861,0.030973448095938716,-0.11912091969193273,162,0.1419753086419753,1.0974458463522652,0.00034933108352146815,39.111111111111114,"{'breakeven': 75, 'stop': 64, 'target': 23}"
trendline,1.0,168,atr,5.0,1.0,1.0,0.5471888800891163,0.6348333008038861,0.07171672421272568,-0.112969379712613,148,0.16216216216216217,1.1948789114627725,0.0007733659736065596,47.20945945945946,"{'stop': 74, 'breakeven': 50, 'target': 24}"
trendline,1.0,168,atr,5.0,1.5,,1.1062561250103236,1.8044937727510397,0.2027164293546566,-0.11233977773478565,84,0.27380952380952384,1.5128565244634031,0.00344388713937751,117.39285714285714,"{'stop': 61, 'target': 21, 'max_hold': 2}"
trendline,1.0,168,atr,5.0,1.5,0.5,0.6453026781659906,0.6977604839977442,0.08958319025243244,-0.12838673485660168,138,0.14492753623188406,1.2544383407020276,0.001016056957784661,54.666666666666664,"{'breakeven': 67, 'stop': 51, 'target': 19, 'max_hold': 1}"
trendline,1.0,168,atr,5.0,1.5,1.0,0.6591427658600585,0.6889101879364125,0.09391359318671832,-0.13632196885929448,117,0.17094017094017094,1.2665217475071993,0.001252869023265566,71.86324786324786,"{'stop': 55, 'breakeven': 42, 'target': 19, 'max_hold': 1}"
trendline,1.0,168,atr,5.0,2.0,,1.2802370821163798,1.9592380167610384,0.26877213613030704,-0.13718197270111887,75,0.29333333333333333,1.635012897395206,0.0049844472012540225,150.50666666666666,"{'stop': 52, 'target': 20, 'max_hold': 3}"
trendline,1.0,168,atr,5.0,2.0,0.5,0.7614963787860201,0.9131931980614638,0.12075121341072848,-0.13222964611109722,122,0.14754098360655737,1.3391818053297266,0.0015173775025821372,70.43442622950819,"{'breakeven': 61, 'stop': 43, 'target': 17, 'max_hold': 1}"
trendline,1.0,168,atr,5.0,2.0,1.0,1.336142733388377,1.7359326996313262,0.250162565065418,-0.14410844678399515,94,0.2127659574468085,1.7295333196989737,0.0036867298859314,100.55319148936171,"{'stop': 39, 'breakeven': 35, 'target': 18, 'max_hold': 2}"
trendline,1.0,168,atr,5.0,3.0,,2.2021316597915637,9.778837881632198,0.5953418905713215,-0.06088063814715294,51,0.45098039215686275,2.969426976622959,0.013991260029904789,258.19607843137254,"{'stop': 27, 'target': 16, 'max_hold': 7, 'data_end': 1}"
trendline,1.0,168,atr,5.0,3.0,0.5,0.8655703813803785,1.2427877360229393,0.15698624247365545,-0.1263178239721202,106,0.12264150943396226,1.4922277194905273,0.002227994590339097,88.16037735849056,"{'breakeven': 60, 'stop': 33, 'target': 13}"
trendline,1.0,168,atr,5.0,3.0,1.0,1.465957189060129,2.4854196022315915,0.29216509990101325,-0.1175516197098816,70,0.2,2.209798638759303,0.005664668761539514,159.67142857142858,"{'breakeven': 33, 'stop': 23, 'target': 11, 'max_hold': 2, 'data_end': 1}"
