max_hold_h,tp_mode,tp_r,stop_atr,be,max_concurrent,n_trades,n_skipped,win_rate,profit_factor,sharpe,cagr,max_drawdown,final_equity,total_return
24,h4_level,,0.5,,1.0,184,1627,0.1793478260869565,0.43962525512648576,-2.1270269056174227,-0.6652117863317423,-0.7974818670407282,21426.22733247048,-0.7857377266752952
24,h4_level,,0.5,,2.0,303,1508,0.19471947194719472,0.5071207370358641,-1.7380530245669514,-0.7814043433059236,-0.8909598056650361,11874.793228026003,-0.88125206771974
24,h4_level,,0.5,,3.0,403,1408,0.2109181141439206,0.5323583730491371,-1.50358370252918,-0.8462183671905038,-0.9345734200524678,7377.186109610682,-0.9262281389038932
24,h4_level,,0.5,,4.0,500,1311,0.216,0.5241991553418288,-1.4025396022218481,-0.9011857148589656,-0.9655829209689438,3952.987407294947,-0.9604701259270505
24,h4_level,,0.5,,5.0,601,1210,0.2129783693843594,0.5199662420208888,-1.3200609784565198,-0.93708556570989,-0.982134857153772,2049.3364681705275,-0.9795066353182947
24,h4_level,,0.5,,6.0,685,1126,0.21605839416058395,0.5102077566446342,-1.2553646575043638,-0.9573743694006729,-0.9898506395060325,1162.1847506181027,-0.988378152493819
24,h4_level,,0.5,,8.0,872,939,0.21330275229357798,0.49044095785570574,-1.0266615131462238,-0.9823201081643768,-0.9971728331482266,330.0482733555193,-0.9966995172664448
24,h4_level,,0.5,,12.0,1129,682,0.22232063773250665,0.47643116638246313,-0.7774987957247017,-0.9953562153139476,-0.999594409172627,50.57144479875751,-0.9994942855520125
24,h4_level,,0.5,,,1811,0,0.24903368304803974,0.43153748890885796,-0.2689595385716577,-0.9999459778135504,-0.9999993708593188,0.08390110466432292,-0.9999991609889534
24,h4_level,,0.5,0.5,1.0,253,1558,0.1225296442687747,0.3615828043887586,-2.3149618205624427,-0.7700788347913012,-0.88265945195255,12414.519238565947,-0.8758548076143405
24,h4_level,,0.5,0.5,2.0,409,1402,0.13202933985330073,0.3935096273566697,-2.051155388035575,-0.8673744716465284,-0.9472285492541991,5652.009607419112,-0.9434799039258088
24,h4_level,,0.5,0.5,3.0,547,1264,0.14076782449725778,0.3946444870539081,-1.8625417111320568,-0.918152855837915,-0.9738214423497354,2833.8527255595136,-0.9716614727444048
24,h4_level,,0.5,0.5,4.0,669,1142,0.14648729446935724,0.39510524373067074,-1.6364983160326723,-0.9457078793294287,-0.9855777001963242,1591.517044515876,-0.9840848295548412
24,h4_level,,0.5,0.5,5.0,781,1030,0.14980793854033292,0.3899498918329886,-1.580979554982651,-0.9662022472023633,-0.9927545830828458,801.399386847672,-0.9919860061315233
24,h4_level,,0.5,0.5,6.0,885,926,0.15141242937853108,0.38182923637391164,-1.4691550095171808,-0.9776088990938638,-0.9960156297481272,441.6868460248267,-0.9955831315397518
24,h4_level,,0.5,0.5,8.0,1059,752,0.1558073654390935,0.4183598460790731,-1.2360430012443777,-0.9887740596579175,-0.9985382964089012,164.62939427694974,-0.9983537060572305
24,h4_level,,0.5,0.5,12.0,1287,524,0.16783216783216784,0.4255492595673313,-0.8951529339442342,-0.9950469686164545,-0.9995545967866953,53.494706333383355,-0.9994650529366662
24,h4_level,,0.5,0.5,,1811,0,0.18111540585311983,0.3787839523215585,-0.7381807960213466,-0.9994841563887231,-0.9999833274309066,2.0840577828665894,-0.9999791594221713
24,h4_level,,0.5,1.0,1.0,226,1585,0.13716814159292035,0.4005251062838684,-2.1598126138088958,-0.721806931040327,-0.8452403137963388,16373.428739678846,-0.8362657126032116
24,h4_level,,0.5,1.0,2.0,369,1442,0.14634146341463414,0.4363120589082583,-1.8448718062891587,-0.8320333112300569,-0.9256283256891311,7965.47018860048,-0.9203452981139952
24,h4_level,,0.5,1.0,3.0,489,1322,0.1574642126789366,0.43882491828104914,-1.6655471782675595,-0.8907506275306326,-0.9601804192887327,4310.505904748408,-0.9568949409525159
24,h4_level,,0.5,1.0,4.0,605,1206,0.16198347107438016,0.42425372191072264,-1.538488171107912,-0.9330975459747827,-0.9804668139883538,2155.509100102795,-0.9784449089989721
24,h4_level,,0.5,1.0,5.0,704,1107,0.16619318181818182,0.4175193677391232,-1.439126988561753,-0.9551400269544181,-0.9890688869728445,1209.066003749841,-0.9879093399625016
24,h4_level,,0.5,1.0,6.0,794,1017,0.17002518891687657,0.41329265541552607,-1.4045344044463903,-0.9706740182277475,-0.9941041626211563,653.5822857609,-0.993464177142391
24,h4_level,,0.5,1.0,8.0,978,833,0.17177914110429449,0.4275920635539784,-1.2080620185734505,-0.9874013346219198,-0.9982716717435718,194.65891422872514,-0.9980534108577127
24,h4_level,,0.5,1.0,12.0,1212,599,0.1848184818481848,0.4271878195609179,-0.8393361787940707,-0.9953374953682599,-0.9995920323503797,48.998545493268104,-0.9995100145450673
24,h4_level,,0.5,1.0,,1811,0,0.2026504693539481,0.3815999958177982,-0.5616747188633422,-0.999773287881686,-0.9999949482760947,0.6314614420136346,-0.9999936853855799
24,h4_level,,1.0,,1.0,144,1667,0.22916666666666666,0.4584233544209145,-1.998477260893077,-0.4781267547630532,-0.6129899965939055,40294.17316577941,-0.5970582683422059
24,h4_level,,1.0,,2.0,239,1572,0.25523012552301255,0.5576550843860438,-1.5292487936962567,-0.5837203321030622,-0.7213059664144416,29668.17566878796,-0.7033182433121203
24,h4_level,,1.0,,3.0,322,1489,0.2732919254658385,0.5828423271674043,-1.3353465089702272,-0.6656579265438536,-0.7972926599089749,22119.080766303316,-0.7788091923369669
24,h4_level,,1.0,,4.0,406,1405,0.27586206896551724,0.587362599482035,-1.2581418735291499,-0.7473121957760953,-0.8650259909492891,14943.88338652817,-0.8505611661347183
24,h4_level,,1.0,,5.0,490,1321,0.2714285714285714,0.5697552921946714,-1.2837477790732579,-0.820088518046084,-0.9175886429211126,9131.133737978776,-0.9086886626202122
24,h4_level,,1.0,,6.0,572,1239,0.2692307692307692,0.567711157268238,-1.2157582795825541,-0.8669413977367685,-0.9468256691446233,5898.710533061019,-0.9410128946693899
24,h4_level,,1.0,,8.0,715,1096,0.26853146853146853,0.5617072714225911,-1.0535072005023156,-0.9197091700616434,-0.9744681054039442,2877.6709987967633,-0.9712232900120323
24,h4_level,,1.0,,12.0,962,849,0.27442827442827444,0.5379083886468894,-0.7528955484976011,-0.9658866729106841,-0.9926350087773566,871.2918430836563,-0.9912870815691635
24,h4_level,,1.0,,,1811,0,0.30922142462727775,0.41866359148764876,-0.14498388695295406,-0.9996827155663475,-0.9999917453971315,1.0267521710623322,-0.9999897324782894
24,h4_level,,1.0,0.5,1.0,191,1620,0.16230366492146597,0.4026924369059128,-2.1470279569339623,-0.5551600347857313,-0.6931096340545244,31952.387378836625,-0.6804761262116337
24,h4_level,,1.0,0.5,2.0,322,1489,0.16770186335403728,0.4560294041185855,-1.817831087623734,-0.6874290277084709,-0.8161776186606768,19347.095228687776,-0.8065290477131222
24,h4_level,,1.0,0.5,3.0,440,1371,0.175,0.4543969089430477,-1.5989465681999004,-0.7683817178316455,-0.8810584688932434,12639.108485162475,-0.8736089151483752
24,h4_level,,1.0,0.5,4.0,550,1261,0.18,0.45626102421399956,-1.4793825708649961,-0.8310126655226129,-0.924755382121701,8116.008846009285,-0.9188399115399072
24,h4_level,,1.0,0.5,5.0,649,1162,0.1802773497688752,0.44414328924687946,-1.4582196137303887,-0.8790387681191373,-0.9537003003584337,5005.495450978797,-0.9499450454902121
24,h4_level,,1.0,0.5,6.0,735,1076,0.18503401360544217,0.45776523035054323,-1.3378472835343718,-0.9026539337408191,-0.9662263279923964,3661.318810725422,-0.9633868118927458
24,h4_level,,1.0,0.5,8.0,896,915,0.18638392857142858,0.45100342113674313,-1.171239600881255,-0.9394708282797315,-0.983061531770515,1859.092026276906,-0.9814090797372309
24,h4_level,,1.0,0.5,12.0,1138,673,0.1968365553602812,0.4427827111632783,-0.9390726378295,-0.9703391547998449,-0.9939889020215501,691.1992214619956,-0.9930880077853801
24,h4_level,,1.0,0.5,,1811,0,0.22087244616234125,0.34370178144705155,-0.4979965056118441,-0.9966249570102189,-0.9997441147181291,30.30825324535372,-0.9996969174675464
24,h4_level,,1.0,1.0,1.0,162,1649,0.19135802469135801,0.4248048340856107,-2.0938181948905004,-0.5140801931388763,-0.6511025816876289,36326.01965541512,-0.6367398034458488
24,h4_level,,1.0,1.0,2.0,275,1536,0.20727272727272728,0.5042739239695813,-1.642196630126608,-0.6314206335773326,-0.7664589295027826,24861.44901003461,-0.7513855098996539
24,h4_level,,1.0,1.0,3.0,371,1440,0.215633423180593,0.5197392391976853,-1.4721460026088389,-0.7125160996052837,-0.8372106614113907,17763.29622063829,-0.8223670377936171
24,h4_level,,1.0,1.0,4.0,470,1341,0.2170212765957447,0.5014769798265836,-1.4776265708276985,-0.8020054818726209,-0.9052895689163034,10486.030959270227,-0.8951396904072977
24,h4_level,,1.0,1.0,5.0,560,1251,0.21607142857142858,0.4828103893196763,-1.4548595955004822,-0.8554962626857816,-0.9400554457556535,6641.824149852256,-0.9335817585014774
24,h4_level,,1.0,1.0,6.0,646,1165,0.21671826625386997,0.48435159606172,-1.3702437491012869,-0.8923874572419593,-0.9609319742894905,4333.876347052877,-0.9566612365294712
24,h4_level,,1.0,1.0,8.0,800,1011,0.21625,0.4783925897650079,-1.176061851851758,-0.9329375278562069,-0.9803425752454875,2215.566138825785,-0.9778443386117421
24,h4_level,,1.0,1.0,12.0,1042,769,0.22744721689059502,0.46733994573863596,-0.8456752067221844,-0.9678555490129224,-0.9932442344960803,799.2193336570504,-0.9920078066634295
24,h4_level,,1.0,1.0,,1811,0,0.25400331308669244,0.3494087225175995,-0.37166889326708025,-0.9990167520661858,-0.9999573296266027,5.307571935768849,-0.9999469242806424
24,h4_level,,1.5,,1.0,114,1697,0.2982456140350877,0.534117393899156,-1.7181612076032449,-0.3166136590455325,-0.4267236394768519,59160.9412048738,-0.40839058795126204
24,h4_level,,1.5,,2.0,200,1611,0.315,0.6220514026233227,-1.3025417215244006,-0.41510351496181097,-0.5426996311808827,48050.21849424714,-0.5194978150575286
24,h4_level,,1.5,,3.0,278,1533,0.32014388489208634,0.6173541002812364,-1.2612151657627586,-0.5273450932740282,-0.664412549638469,35944.71413344567,-0.6405528586655433
24,h4_level,,1.5,,4.0,356,1455,0.31741573033707865,0.6012245391148148,-1.2721076727448088,-0.6335740229410713,-0.7681359059684811,25134.222497354345,-0.7486577750264565
24,h4_level,,1.5,,5.0,433,1378,0.3140877598152425,0.586646553092551,-1.280171165586261,-0.7154979643940159,-0.839448059001593,17587.85213960314,-0.8241214786039686
24,h4_level,,1.5,,6.0,503,1308,0.31411530815109345,0.586148997249546,-1.2405000941691409,-0.7711715528436581,-0.8829810755283163,12993.689374731532,-0.8700631062526847
24,h4_level,,1.5,,8.0,632,1179,0.310126582278481,0.5843021033754114,-1.151701943059713,-0.849109928970295,-0.9360863014052626,7179.869296015594,-0.928201307039844
24,h4_level,,1.5,,12.0,863,948,0.31402085747392816,0.558797914883491,-0.9562460533282507,-0.9322125461266111,-0.9800071320384437,2345.0108106694147,-0.9765498918933059
24,h4_level,,1.5,,,1811,0,0.3583655438983987,0.3996100106222638,-0.09965785742361954,-0.9991307323243511,-0.9999642746536271,4.436081268990924,-0.9999556391873101
24,h4_level,,1.5,0.5,1.0,151,1660,0.2052980132450331,0.47800770779735674,-1.9061323797242358,-0.38291880482159846,-0.5057021445473683,51010.52193647458,-0.48989478063525416
24,h4_level,,1.5,0.5,2.0,258,1553,0.21705426356589147,0.545324310855534,-1.5229743459058727,-0.48921682115665865,-0.624387588320261,39106.87037153714,-0.6089312962846286
24,h4_level,,1.5,0.5,3.0,358,1453,0.2206703910614525,0.5222141925110622,-1.4817487979985158,-0.6046209913009726,-0.7410584166229387,27188.79530837334,-0.7281120469162665
24,h4_level,,1.5,0.5,4.0,449,1362,0.22494432071269488,0.5131571178112851,-1.4337665049835844,-0.6837645017270534,-0.8127954045367531,19898.082240473286,-0.8010191775952671
24,h4_level,,1.5,0.5,5.0,542,1269,0.22140221402214022,0.49444112649928296,-1.4546737371944498,-0.7577666265948191,-0.8728943908434117,13655.72837063619,-0.8634427162936381
24,h4_level,,1.5,0.5,6.0,626,1185,0.2220447284345048,0.4853990446479652,-1.3865613505756502,-0.805438316646444,-0.907544671698,10071.076783039405,-0.899289232169606
24,h4_level,,1.5,0.5,8.0,781,1030,0.21895006402048656,0.4705591467839529,-1.27861326717487,-0.876473260498533,-0.9522049958631703,5277.797349088903,-0.947222026509111
24,h4_level,,1.5,0.5,12.0,1025,786,0.22926829268292684,0.4645889140084146,-1.0681383661854527,-0.9375125993121215,-0.9822367076172909,2039.261219485949,-0.9796073878051406
24,h4_level,,1.5,0.5,,1811,0,0.25621203754831584,0.3297346339743383,-0.42776705755260763,-0.9940708917723362,-0.9994192038210703,69.43760650112745,-0.9993056239349887
24,h4_level,,1.5,1.0,1.0,130,1681,0.2692307692307692,0.5215526048607151,-1.8028512471309348,-0.3440184016828506,-0.45980757643596537,55746.74696271504,-0.44253253037284956
24,h4_level,,1.5,1.0,2.0,222,1589,0.2747747747747748,0.5947679648271872,-1.390822258311677,-0.44219949997430696,-0.5731430655950641,44851.415748703446,-0.5514858425129656
24,h4_level,,1.5,1.0,3.0,309,1502,0.2750809061488673,0.6012332885448974,-1.248338016028003,-0.537506595460302,-0.6748399141382434,34827.84091394404,-0.6517215908605596
24,h4_level,,1.5,1.0,4.0,392,1419,0.2729591836734694,0.5721215291384262,-1.309516475664944,-0.6483461588085841,-0.7815871623380736,23676.097331944613,-0.7632390266805539
24,h4_level,,1.5,1.0,5.0,474,1337,0.2679324894514768,0.5396600914033433,-1.353249280761028,-0.7354269012460214,-0.8555199413444272,15827.238792339578,-0.8417276120766042
24,h4_level,,1.5,1.0,6.0,546,1265,0.2692307692307692,0.5249475365565973,-1.355281454621165,-0.7926201562722397,-0.8985676938491752,11262.963530359679,-0.8873703646964032
24,h4_level,,1.5,1.0,8.0,683,1128,0.26500732064421667,0.5183826340697109,-1.2523105465637778,-0.8644550688449593,-0.9453052239606015,6144.243750119347,-0.9385575624988065
24,h4_level,,1.5,1.0,12.0,915,896,0.2743169398907104,0.516003599077839,-1.0146726314017738,-0.9319260316551239,-0.9798842841874281,2359.419925922562,-0.9764058007407744
24,h4_level,,1.5,1.0,,1811,0,0.2965212589729431,0.3286164168110904,-0.3882202838607628,-0.998497706279764,-0.999920920469588,9.819449193311392,-0.9999018055080668
24,h4_level,,2.0,,1.0,96,1715,0.3645833333333333,0.6422591408785562,-1.234319797814677,-0.18650625169390023,-0.26104984060302416,75828.31066124105,-0.2417168933875895
24,h4_level,,2.0,,2.0,173,1638,0.3583815028901734,0.6699813933550308,-1.120601568260602,-0.29945185674378183,-0.4052532927668797,61962.30666099332,-0.38037693339006673
24,h4_level,,2.0,,3.0,242,1569,0.36363636363636365,0.6820016467666323,-1.0351062288027617,-0.38975659079488023,-0.5132748860099436,51510.37821115462,-0.48489621788845383
24,h4_level,,2.0,,4.0,310,1501,0.36129032258064514,0.6562696742884406,-1.1008793848934135,-0.5005648838038008,-0.6361756829043552,38897.62772944554,-0.6110237227055446
24,h4_level,,2.0,,5.0,378,1433,0.35978835978835977,0.6417583127260931,-1.1235625137299687,-0.5919665346035349,-0.7287330136868131,29258.554372439452,-0.7074144562756055
24,h4_level,,2.0,,6.0,444,1367,0.3536036036036036,0.621498917610545,-1.1986637700158307,-0.6750495492587403,-0.8051109273336281,21253.7567740075,-0.7874624322599251
24,h4_level,,2.0,,8.0,566,1245,0.3462897526501767,0.6204002753814096,-1.1367621919772186,-0.7736528774021179,-0.8847336771335752,12852.46083868077,-0.8714753916131923
24,h4_level,,2.0,,12.0,782,1029,0.34654731457800514,0.6016000237306031,-1.022861061190254,-0.8883179163248246,-0.9586834213085548,4823.647356158119,-0.9517635264384188
24,h4_level,,2.0,,,1811,0,0.3931529541689674,0.4066862282597583,-0.1575771537632535,-0.9987710445473447,-0.9999408829574887,7.350009509460039,-0.9999264999049055
24,h4_level,,2.0,0.5,1.0,120,1691,0.25833333333333336,0.5516986048520577,-1.5073416924577696,-0.23623914313368144,-0.3257444602356395,69189.58996644332,-0.3081041003355668
24,h4_level,,2.0,0.5,2.0,222,1589,0.24774774774774774,0.5743821718276544,-1.364437345721396,-0.37011732234615646,-0.4903599707418038,52910.27159750431,-0.4708972840249569
24,h4_level,,2.0,0.5,3.0,309,1502,0.2524271844660194,0.567642195924717,-1.34762516328557,-0.4880392593727507,-0.622848506130018,39737.1368680635,-0.602628631319365
24,h4_level,,2.0,0.5,4.0,391,1420,0.2557544757033248,0.5589270285456247,-1.336838616802597,-0.5751149877508813,-0.7123108720756225,30622.75003960235,-0.6937724996039765
24,h4_level,,2.0,0.5,5.0,471,1340,0.25690021231422505,0.5481753262626793,-1.3273120743728044,-0.6494200464032138,-0.7823932336113153,23368.694587796566,-0.7663130541220343
24,h4_level,,2.0,0.5,6.0,543,1268,0.2559852670349908,0.5346879496771433,-1.321746994115301,-0.7095562820512205,-0.834431990014158,17978.42363014808,-0.8202157636985192
24,h4_level,,2.0,0.5,8.0,683,1128,0.25329428989751096,0.5293362296718765,-1.2592100739597738,-0.8037033349326593,-0.9062750610666575,10383.294728754316,-0.8961670527124569
24,h4_level,,2.0,0.5,12.0,921,890,0.254071661237785,0.49103627331901756,-1.1319618017511222,-0.9008404009291954,-0.9652375244176495,3994.156656883899,-0.960058433431161
24,h4_level,,2.0,0.5,,1811,0,0.28106018774157926,0.3416637314838531,-0.43235229827051413,-0.9910090893437834,-0.9989359588746148,128.2602096690489,-0.9987173979033095
24,h4_level,,2.0,1.0,1.0,100,1711,0.34,0.6006995928842304,-1.3926990365431666,-0.2051412542327602,-0.2855069580336872,73318.61244299557,-0.2668138755700443
24,h4_level,,2.0,1.0,2.0,179,1632,0.329608938547486,0.6496581571493535,-1.1829304383627843,-0.3084394560958582,-0.41630306254848115,60811.112017266445,-0.39188887982733556
24,h4_level,,2.0,1.0,3.0,252,1559,0.32936507936507936,0.6642716269640606,-1.0778509212255558,-0.39712137379654555,-0.5217829621412415,50609.96397984492,-0.4939003602015508
24,h4_level,,2.0,1.0,4.0,328,1483,0.3201219512195122,0.6271498791583282,-1.1874727020037725,-0.5175312219875767,-0.6539875810654067,36993.30041742251,-0.6300669958257749
24,h4_level,,2.0,1.0,5.0,398,1413,0.31909547738693467,0.6068950034423233,-1.230472049723811,-0.6083928376087717,-0.7444481814686541,27563.533915780787,-0.7243646608421921
24,h4_level,,2.0,1.0,6.0,465,1346,0.3118279569892473,0.5847677124218931,-1.2909486729313358,-0.6862739990401072,-0.8148112815154878,20195.878230165734,-0.7980412176983427
24,h4_level,,2.0,1.0,8.0,593,1218,0.3069139966273187,0.5795443186123777,-1.2400896883425125,-0.7840014446749739,-0.8923078475369883,12007.923370367758,-0.8799207662963224
24,h4_level,,2.0,1.0,12.0,815,996,0.30920245398773005,0.5584423781304996,-1.0859978387653,-0.8890812462655502,-0.9590929279178084,4775.838085990635,-0.9522416191400936
24,h4_level,,2.0,1.0,,1811,0,0.3335173937051353,0.3394168136627247,-0.36567641719326943,-0.9971063206877324,-0.9997949433376093,25.494651872399835,-0.999745053481276
24,h4_level,,3.0,,1.0,82,1729,0.43902439024390244,0.7095894070704084,-1.0095330032922942,-0.10830613204044481,-0.15961963286962266,86123.69557253602,-0.1387630442746398
24,h4_level,,3.0,,2.0,143,1668,0.43356643356643354,0.706495679376084,-0.9892614706742259,-0.1880008965634229,-0.2634068397609034,76043.07948268871,-0.23956920517311286
24,h4_level,,3.0,,3.0,199,1612,0.4371859296482412,0.7057275491172172,-0.9663502761311682,-0.25728445363084007,-0.354837364955791,67577.26333793542,-0.3242273666206458
24,h4_level,,3.0,,4.0,256,1555,0.43359375,0.6878136201226216,-1.0062679759518913,-0.3394227901046396,-0.4582325537175731,57447.646561087364,-0.4255235343891264
24,h4_level,,3.0,,5.0,316,1495,0.4240506329113924,0.648362661724444,-1.1428189686210126,-0.4454020112762952,-0.5760354353887291,44859.86780319873,-0.5514013219680127
24,h4_level,,3.0,,6.0,375,1436,0.416,0.6448922632854447,-1.1708766042933592,-0.5235697708438022,-0.6599811891051778,36268.8398885965,-0.637311601114035
24,h4_level,,3.0,,8.0,482,1329,0.4004149377593361,0.6267899248449016,-1.2201110597636133,-0.6552727697844545,-0.7874755158063529,23033.269298560554,-0.7696673070143945
24,h4_level,,3.0,,12.0,675,1136,0.39555555555555555,0.5951873503971833,-1.2486082089534452,-0.8153569801534417,-0.9141764480695524,9632.062820418085,-0.9036793717958191
24,h4_level,,3.0,,,237,1574,0.3291139240506329,0.328642176978451,-0.4901894757188012,-1.0,-1.0044592746478596,-524.8443036199717,-1.0052484430361996
24,h4_level,,3.0,0.5,1.0,90,1721,0.36666666666666664,0.6933921127641459,-1.0449416808845668,-0.1108205690720161,-0.16274046895999084,85771.20220304174,-0.1422879779695826
24,h4_level,,3.0,0.5,2.0,161,1650,0.3416149068322981,0.6835195612896238,-1.0470083195520914,-0.1987374657891431,-0.2765391754104225,74587.13024301927,-0.25412869756980727
24,h4_level,,3.0,0.5,3.0,227,1584,0.3303964757709251,0.6471086217630749,-1.1545682553658794,-0.2932557493821504,-0.39710452166942434,62876.29346915817,-0.37123706530841827
24,h4_level,,3.0,0.5,4.0,294,1517,0.32653061224489793,0.6191307560831869,-1.2329543593717924,-0.38885374523203164,-0.5118290746234648,51311.30864195553,-0.48688691358044467
24,h4_level,,3.0,0.5,5.0,361,1450,0.32132963988919666,0.5791823146650126,-1.3690539983623746,-0.49278429895276843,-0.6276099309879515,39402.7488651594,-0.605972511348406
24,h4_level,,3.0,0.5,6.0,427,1384,0.3161592505854801,0.5709049783688703,-1.4067214597360014,-0.5727138884300731,-0.709708981353045,30964.517665055817,-0.6903548233494419
24,h4_level,,3.0,0.5,8.0,545,1266,0.3100917431192661,0.5546416262977822,-1.4104464137121653,-0.6873599068536143,-0.8155905753133313,19986.176915646076,-0.8001382308435392
24,h4_level,,3.0,0.5,12.0,749,1062,0.31108144192256343,0.5396406037430979,-1.3317293833195047,-0.8192182979435045,-0.9167707622840037,9340.900348958628,-0.9065909965104137
24,h4_level,,3.0,0.5,,1811,0,0.3290999447818885,0.3537186642517599,-0.5729589919192806,-0.9889510075661647,-0.9985634202547775,169.0814662733903,-0.9983091853372661
24,h4_level,,3.0,1.0,1.0,84,1727,0.42857142857142855,0.6965355296194299,-1.0654847244447663,-0.1141580475422872,-0.16761784244247901,85304.02463147146,-0.14695975368528535
24,h4_level,,3.0,1.0,2.0,146,1665,0.4178082191780822,0.6997432181062342,-1.02052574049779,-0.19311525609980984,-0.2716502235606163,75348.44542829062,-0.24651554571709378
24,h4_level,,3.0,1.0,3.0,203,1608,0.4187192118226601,0.6994854826148854,-0.9976855512395939,-0.2637760484055591,-0.3643361479226449,66721.11461755635,-0.33278885382443657
24,h4_level,,3.0,1.0,4.0,260,1551,0.41923076923076924,0.6864947060572912,-1.0127703237840906,-0.34026267251451137,-0.46036113842135096,57341.59361405128,-0.4265840638594872
24,h4_level,,3.0,1.0,5.0,321,1490,0.40498442367601245,0.6361497059763966,-1.1835135854597942,-0.4525637135063171,-0.5839636369991116,44020.98147673184,-0.5597901852326816
24,h4_level,,3.0,1.0,6.0,380,1431,0.3973684210526316,0.6270407844239928,-1.2338543196939162,-0.5353010370522333,-0.6720730306213345,34979.03753103394,-0.6502096246896607
24,h4_level,,3.0,1.0,8.0,487,1324,0.3839835728952772,0.6158597226937343,-1.2397820391712202,-0.6538018917513907,-0.7861572311408825,23176.14415755455,-0.7682385584244544
24,h4_level,,3.0,1.0,12.0,680,1131,0.38088235294117645,0.5891121414153556,-1.2426695728542128,-0.8071882280054122,-0.9086071558951755,10257.110035107316,-0.8974288996489268
24,h4_level,,3.0,1.0,,1811,0,0.41634456101601325,0.2811547963315423,-0.35113565552167464,-0.9982504710267164,-0.999901180695688,11.630759047484354,-0.9998836924095251
24,atr,2.0,0.5,,1.0,229,1582,0.24890829694323144,0.4622284380869563,-2.531793282226684,-0.7003867262309837,-0.8313337326325726,18585.89964639303,-0.8141410035360697
24,atr,2.0,0.5,,2.0,388,1423,0.28350515463917525,0.5497202172864165,-2.1830643327167336,-0.8072617399435109,-0.9111212402908431,10243.1967163439,-0.897568032836561
24,atr,2.0,0.5,,3.0,526,1285,0.2946768060836502,0.5730614815452663,-2.1179591938862283,-0.8781773474531152,-0.9543515773807835,5471.070904675497,-0.945289290953245
24,atr,2.0,0.5,,4.0,649,1162,0.29892141756548535,0.5892863662979871,-2.0753344843688297,-0.9237504642543396,-0.9768857639654841,2820.8658087349077,-0.9717913419126509
24,atr,2.0,0.5,,5.0,781,1030,0.29961587708066584,0.6020086664257202,-2.0901572199436096,-0.9543736627105259,-0.9890360455094582,1331.303454909932,-0.9866869654509007
24,atr,2.0,0.5,,6.0,908,903,0.29625550660792954,0.591119797480588,-2.1528507568116577,-0.9745903282016639,-0.9953145862510367,567.2818970863877,-0.9943271810291361
24,atr,2.0,0.5,,8.0,1136,675,0.289612676056338,0.5845772733629906,-2.280254474668432,-0.992734426939928,-0.9992395931133442,93.72612625724389,-0.9990627387374276
24,atr,2.0,0.5,,12.0,1416,395,0.2916666666666667,0.6222122828717144,-2.282894570490166,-0.9981790785391245,-0.9998980948616132,13.525560413038022,-0.9998647443958696
24,atr,2.0,0.5,,,1811,0,0.3014908890115958,0.6476447518807921,-2.10576879117102,-0.9998177015597297,-0.9999963981193157,0.4867751495158706,-0.9999951322485049
24,atr,2.0,0.5,0.5,1.0,321,1490,0.1838006230529595,0.40579439774767195,-2.938979461334946,-0.8196646892474239,-0.9193057067388987,8891.237937781336,-0.9110876206221866
24,atr,2.0,0.5,0.5,2.0,521,1290,0.2053742802303263,0.4449110938596757,-2.782105305734682,-0.9008188958548681,-0.966136687008508,3767.0424667535062,-0.962329575332465
24,atr,2.0,0.5,0.5,3.0,686,1125,0.21282798833819241,0.46429045501181654,-2.6589872174174896,-0.9397996766347707,-0.98360129640291,1843.5996990455747,-0.9815640030095443
24,atr,2.0,0.5,0.5,4.0,845,966,0.21893491124260356,0.47965825686271246,-2.5922696169194235,-0.965200299243624,-0.9926020909500086,847.8842770853389,-0.9915211572291466
24,atr,2.0,0.5,0.5,5.0,987,824,0.22391084093211752,0.49125889349537666,-2.566665817478489,-0.9792256152063523,-0.9965029092550327,401.6283635838298,-0.9959837163641617
24,atr,2.0,0.5,0.5,6.0,1116,695,0.22311827956989247,0.49759922134392437,-2.581908493244221,-0.9883177539633663,-0.9984843147787862,174.40401161304086,-0.9982559598838696
24,atr,2.0,0.5,0.5,8.0,1321,490,0.22482967448902347,0.5294913327782296,-2.517753838050165,-0.9948341836310031,-0.9995366560154715,54.198755586857004,-0.9994580124441315
24,atr,2.0,0.5,0.5,12.0,1560,251,0.23012820512820512,0.5753399730911762,-2.440679386462306,-0.9980460452715935,-0.9998871055074594,14.27899268796353,-0.9998572100731203
24,atr,2.0,0.5,0.5,,1811,0,0.2413031474323578,0.5804744480601851,-2.2132371948759535,-0.9990297112177038,-0.9999591558974177,5.268735554938308,-0.9999473126444506
24,atr,2.0,0.5,1.0,1.0,291,1520,0.20618556701030927,0.4393466676559168,-2.933347622108366,-0.7812379468751587,-0.8931720659723253,11770.752818520927,-0.8822924718147908
24,atr,2.0,0.5,1.0,2.0,461,1350,0.23427331887201736,0.4855033123641389,-2.5481017329355637,-0.8631471414258824,-0.9459484047121792,6012.839171883486,-0.9398716082811651
24,atr,2.0,0.5,1.0,3.0,613,1198,0.24306688417618272,0.49814740399790003,-2.4326439182551245,-0.9166490642410482,-0.973694420506549,2957.36538868548,-0.9704263461131452
24,atr,2.0,0.5,1.0,4.0,752,1059,0.2526595744680851,0.5311942502553346,-2.3425268016108967,-0.9482609602568973,-0.9868395351646425,1508.3385234436093,-0.9849166147655639
24,atr,2.0,0.5,1.0,5.0,882,929,0.25736961451247165,0.5485658570169634,-2.3139520115251533,-0.9683713797322427,-0.9935606495830602,739.5363629669201,-0.9926046363703308
24,atr,2.0,0.5,1.0,6.0,1014,797,0.2534516765285996,0.5361626166497796,-2.4067457593351986,-0.9838585031377799,-0.997575910465313,278.9305677995863,-0.9972106943220042
24,atr,2.0,0.5,1.0,8.0,1225,586,0.25142857142857145,0.5479370114812003,-2.4344226415147063,-0.9944209441928052,-0.9994818629717347,60.60806461968668,-0.9993939193538032
24,atr,2.0,0.5,1.0,12.0,1478,333,0.2564276048714479,0.6035681698650662,-2.391265026292771,-0.9982730879206714,-0.9999056458862157,11.93398960822435,-0.9998806601039177
24,atr,2.0,0.5,1.0,,1811,0,0.27112092766427387,0.6199813098603764,-2.0871978386348,-0.9995430571319694,-0.9999863181763516,1.7649037720290535,-0.9999823509622797
24,atr,2.0,1.0,,1.0,148,1663,0.2635135135135135,0.508430293434668,-1.9375486679016487,-0.46326483353580505,-0.6023127675401163,42439.498142445045,-0.5756050185755495
24,atr,2.0,1.0,,2.0,258,1553,0.3062015503875969,0.6198770165157839,-1.6014395371027632,-0.566354978139356,-0.708247983246526,32445.61616344496,-0.6755438383655503
24,atr,2.0,1.0,,3.0,362,1449,0.3287292817679558,0.6729949959819962,-1.3376618593333487,-0.6311813538980029,-0.7693888690599282,26278.009781114317,-0.7372199021888568
24,atr,2.0,1.0,,4.0,462,1349,0.3246753246753247,0.6663636450117709,-1.4173600916027054,-0.7359436987736534,-0.8580563179471924,16516.920035867428,-0.8348307996413258
24,atr,2.0,1.0,,5.0,562,1249,0.3220640569395018,0.6599087498668595,-1.5089981454823396,-0.8146552969890319,-0.9151090569758993,10003.399196388344,-0.8999660080361166
24,atr,2.0,1.0,,6.0,657,1154,0.3211567732115677,0.6606606687878168,-1.5117211526118124,-0.8659535241440843,-0.9469756478818063,6284.819016877285,-0.9371518098312271
24,atr,2.0,1.0,,8.0,829,982,0.31363088057901084,0.6396616246897366,-1.5718804344666315,-0.9348064657801771,-0.9813874343645169,2255.2406400344616,-0.9774475935996554
24,atr,2.0,1.0,,12.0,1110,701,0.3054054054054054,0.622842176818448,-1.6990477663100143,-0.9826518922731101,-0.997278826040875,355.99887093509574,-0.9964400112906491
24,atr,2.0,1.0,,,1811,0,0.32357813362782994,0.678289407920622,-1.3615565167637047,-0.9994631484795111,-0.999982520238064,2.389201204851423,-0.9999761079879514
24,atr,2.0,1.0,0.5,1.0,206,1605,0.1553398058252427,0.37047860151753415,-2.654572132874491,-0.6113246548706857,-0.751138927198473,26557.400325776543,-0.7344259967422346
24,atr,2.0,1.0,0.5,2.0,372,1439,0.1827956989247312,0.4491582500965381,-2.4888798132758563,-0.7555700635382373,-0.8731179752311709,13870.1729916976,-0.8612982700830241
24,atr,2.0,1.0,0.5,3.0,512,1299,0.197265625,0.4977848203714758,-2.21560653103092,-0.8132920219516103,-0.9142006798694202,9521.07796937821,-0.9047892203062179
24,atr,2.0,1.0,0.5,4.0,629,1182,0.20190779014308427,0.508331789071202,-2.105081341790528,-0.8657954843372375,-0.9468848276134351,6022.315091525125,-0.9397768490847488
24,atr,2.0,1.0,0.5,5.0,736,1075,0.20923913043478262,0.5212643944184084,-2.035324822204017,-0.902208622983754,-0.9664598677212892,3836.2179520940117,-0.9616378204790599
24,atr,2.0,1.0,0.5,6.0,840,971,0.21428571428571427,0.5301685464181853,-1.9489115372715329,-0.9251222412160802,-0.977240406336666,2611.856680687814,-0.9738814331931218
24,atr,2.0,1.0,0.5,8.0,1025,786,0.22048780487804878,0.5621996212078495,-1.8574910407212109,-0.9565581235830193,-0.9896781542849177,1217.5815236733736,-0.9878241847632663
24,atr,2.0,1.0,0.5,12.0,1294,517,0.22642967542503864,0.5875067566979706,-1.8221625177324938,-0.9827863231438766,-0.9973093978254512,340.0452270444012,-0.996599547729556
24,atr,2.0,1.0,0.5,,1811,0,0.2473771397018222,0.6555264928517038,-1.4948295869264405,-0.9955183313394622,-0.9996189088851265,49.732487608622385,-0.9995026751239138
24,atr,2.0,1.0,1.0,1.0,173,1638,0.19653179190751446,0.4291681656171603,-2.3169638598351465,-0.5419124855312734,-0.6840626310282518,33715.4987367064,-0.6628450126329359
24,atr,2.0,1.0,1.0,2.0,312,1499,0.2403846153846154,0.5294800586209166,-2.0143239133161726,-0.6708645671214633,-0.8045313466431289,21737.984776850742,-0.7826201522314926
24,atr,2.0,1.0,1.0,3.0,424,1387,0.2617924528301887,0.5920734092884106,-1.7310840400449288,-0.7232793198844321,-0.8480625355497844,17313.18935328417,-0.8268681064671582
24,atr,2.0,1.0,1.0,4.0,526,1285,0.26425855513307983,0.5879128916667744,-1.722770353954532,-0.803941600470569,-0.9078899297478162,10718.156967968824,-0.8928184303203117
24,atr,2.0,1.0,1.0,5.0,628,1183,0.2659235668789809,0.5847510143458793,-1.7645626090572404,-0.8625623914459214,-0.9450162978017687,6479.182617020641,-0.9352081738297936
24,atr,2.0,1.0,1.0,6.0,725,1086,0.2675862068965517,0.5866496456089257,-1.7380969741427763,-0.9018928162246733,-0.9663024393123193,3994.071813649657,-0.9600592818635034
24,atr,2.0,1.0,1.0,8.0,908,903,0.2654185022026432,0.578930832847067,-1.732099949048074,-0.9503831106134251,-0.9874804077939456,1516.9694330547193,-0.9848303056694528
24,atr,2.0,1.0,1.0,12.0,1176,635,0.2653061224489796,0.5907529567472318,-1.7794599651099596,-0.98429345814668,-0.9976446535769238,308.13931041209605,-0.9969186068958791
24,atr,2.0,1.0,1.0,,1811,0,0.28823854224185536,0.6733089074413742,-1.453608878240775,-0.998561156477353,-0.9999268210726213,10.002377727069831,-0.9998999762227293
24,atr,2.0,1.5,,1.0,117,1694,0.2905982905982906,0.5643861631837231,-1.9103800336687156,-0.3316183247866017,-0.45580643435834967,58660.21851449985,-0.4133978148550015
24,atr,2.0,1.5,,2.0,216,1595,0.3101851851851852,0.6287580693873083,-1.648033137019281,-0.4616754002807214,-0.6025722456298519,43644.24071258237,-0.5635575928741763
24,atr,2.0,1.5,,3.0,299,1512,0.3177257525083612,0.6307200392466268,-1.5660011940780354,-0.5658427763484498,-0.7091896319326972,32554.369117193542,-0.6744563088280646
24,atr,2.0,1.5,,4.0,386,1425,0.3238341968911917,0.6427299033698974,-1.5320302329728193,-0.6545487196950971,-0.7913366255951128,23869.78181605405,-0.7613021818394595
24,atr,2.0,1.5,,5.0,462,1349,0.3268398268398268,0.6442001898351154,-1.5642215793233591,-0.7298787952998136,-0.8540207637711633,17053.083573766147,-0.8294691642623385
24,atr,2.0,1.5,,6.0,543,1268,0.3259668508287293,0.6613794158773307,-1.5326762698275251,-0.783595868510004,-0.8942119092512831,12607.93072738501,-0.8739206927261499
24,atr,2.0,1.5,,8.0,677,1134,0.32348596750369274,0.6567749876164786,-1.4538214348571856,-0.8627426910045453,-0.9453918586723321,6632.331303330608,-0.9336766869666939
24,atr,2.0,1.5,,12.0,909,902,0.3256325632563256,0.652394923378128,-1.3572405512297228,-0.9431528779415577,-0.9848208743387873,1972.9098509063392,-0.9802709014909367
24,atr,2.0,1.5,,,1811,0,0.34732192159028163,0.6327578501647454,-0.8008996904794682,-0.9992877272931799,-0.9999737742524656,3.799634840300509,-0.999962003651597
24,atr,2.0,1.5,0.5,1.0,154,1657,0.16883116883116883,0.4577032115418092,-2.313430599459145,-0.418579559331256,-0.5555380088781681,47909.85995921322,-0.5209014004078678
24,atr,2.0,1.5,0.5,2.0,280,1531,0.17857142857142858,0.48547155255639945,-2.251053545520522,-0.5876250797039916,-0.7301376986691817,29347.73438258835,-0.7065226561741165
24,atr,2.0,1.5,0.5,3.0,387,1424,0.18604651162790697,0.494807798247294,-2.11533949497329,-0.6840339153151148,-0.8166960671301271,20272.70251697479,-0.7972729748302521
24,atr,2.0,1.5,0.5,4.0,486,1325,0.1934156378600823,0.5010746150578489,-1.993573675504613,-0.7517297120132581,-0.8708528980699999,14599.590499949409,-0.8540040950005059
24,atr,2.0,1.5,0.5,5.0,583,1228,0.19725557461406518,0.5023942151686182,-1.981003324585973,-0.8165494141775785,-0.9167788698783426,9609.630126887,-0.90390369873113
24,atr,2.0,1.5,0.5,6.0,677,1134,0.2038404726735598,0.5284174505868013,-1.89842616718287,-0.8539167417122702,-0.9402186060748172,7044.249859858117,-0.9295575014014188
24,atr,2.0,1.5,0.5,8.0,838,973,0.2016706443914081,0.5094572396947225,-1.8449549066448026,-0.9157173246410445,-0.9731065063670811,3246.103897310883,-0.9675389610268912
24,atr,2.0,1.5,0.5,12.0,1093,718,0.21225983531564502,0.5343851677486553,-1.6498127554395219,-0.9612857243034623,-0.9913116886637597,1124.4134337237388,-0.9887558656627626
24,atr,2.0,1.5,0.5,,1811,0,0.2390944229707344,0.5926145350106691,-1.1162885852395585,-0.9943972864991157,-0.9994755535120339,73.38144209635622,-0.9992661855790365
24,atr,2.0,1.5,1.0,1.0,123,1688,0.22764227642276422,0.4764692909495846,-2.2031242187288442,-0.38327315665402895,-0.5158061244588088,52192.67616503213,-0.47807323834967874
24,atr,2.0,1.5,1.0,2.0,228,1583,0.2543859649122807,0.5529639717345616,-1.9443653950245516,-0.5162793965755006,-0.659751969379522,37364.94692957871,-0.6263505307042129
24,atr,2.0,1.5,1.0,3.0,324,1487,0.25617283950617287,0.5577921348112367,-1.8812192883100365,-0.6206548090780528,-0.7609535590109122,26759.727061413374,-0.7324027293858663
24,atr,2.0,1.5,1.0,4.0,412,1399,0.2621359223300971,0.5591230137190214,-1.8649270944822394,-0.7093992462704432,-0.8376744666029328,18569.023320040003,-0.8143097667996
24,atr,2.0,1.5,1.0,5.0,501,1310,0.2654690618762475,0.5631873513770319,-1.875255072461317,-0.7824338261375402,-0.8933858705489471,12454.508645483536,-0.8754549135451646
24,atr,2.0,1.5,1.0,6.0,582,1229,0.26804123711340205,0.5742178035974412,-1.801529063880449,-0.8300339087281288,-0.9255135491834605,8877.369894636204,-0.911226301053638
24,atr,2.0,1.5,1.0,8.0,730,1081,0.26438356164383564,0.5671222591601013,-1.7126263057434306,-0.8982431820497323,-0.9646419266558396,4294.349724500122,-0.9570565027549988
24,atr,2.0,1.5,1.0,12.0,971,840,0.2729145211122554,0.5881568564347016,-1.5272425574276725,-0.954935002969661,-0.9891670598389956,1408.0135335158136,-0.9859198646648418
24,atr,2.0,1.5,1.0,,1811,0,0.28989508558807286,0.6117977275012286,-1.1233226154177263,-0.9983555203075357,-0.99991159083706,12.808883150738218,-0.9998719111684926
24,atr,2.0,2.0,,1.0,90,1721,0.3111111111111111,0.658144697114185,-1.2872270872749383,-0.19736210424704248,-0.2896686071396214,75853.05547135798,-0.24146944528642023
24,atr,2.0,2.0,,2.0,170,1641,0.3352941176470588,0.710266936428299,-1.1117353660462888,-0.297882930552543,-0.42161899379819745,63726.88086464821,-0.36273119135351795
24,atr,2.0,2.0,,3.0,238,1573,0.35714285714285715,0.7633618379111997,-0.8685483907841455,-0.3426950770596948,-0.4768440894899465,59148.292174903305,-0.40851707825096695
24,atr,2.0,2.0,,4.0,306,1505,0.35294117647058826,0.7302994488130005,-0.9841181782585574,-0.4610490363687382,-0.6022257999913538,45151.70739211201,-0.5484829260788799
24,atr,2.0,2.0,,5.0,372,1439,0.3548387096774194,0.7229924102655287,-0.9763180535106758,-0.5419767264381039,-0.6846703029422646,36279.04025320981,-0.637209597467902
24,atr,2.0,2.0,,6.0,437,1374,0.3524027459954233,0.7065566231988537,-1.032622089989145,-0.6278016037827945,-0.7667152241312603,27398.654737411805,-0.7260134526258819
24,atr,2.0,2.0,,8.0,562,1249,0.34519572953736655,0.6936491926730948,-1.1146184418614888,-0.7590170457323216,-0.8759222096060806,15118.475133834207,-0.8488152486616579
24,atr,2.0,2.0,,12.0,770,1041,0.34285714285714286,0.682838648445591,-1.0621782539984264,-0.8832761316632677,-0.9567041950930049,5640.653783724923,-0.9435934621627508
24,atr,2.0,2.0,,,1811,0,0.3732744340143567,0.6028894756926473,-0.19937983081567154,-0.998976001346642,-0.9999554239978085,6.729388906517791,-0.9999327061109349
24,atr,2.0,2.0,0.5,1.0,114,1697,0.18421052631578946,0.5320863235211538,-1.7597425431929048,-0.26097640720545334,-0.36895597658002466,67280.4251150184,-0.32719574884981606
24,atr,2.0,2.0,0.5,2.0,222,1589,0.1891891891891892,0.5338511595501282,-1.7042067759422042,-0.42451150098735124,-0.560693993443895,47659.97040482131,-0.5234002959517869
24,atr,2.0,2.0,0.5,3.0,314,1497,0.19745222929936307,0.5396938239791053,-1.643978914716205,-0.5405894020035342,-0.6832821632142513,34888.450588439104,-0.651115494115609
24,atr,2.0,2.0,0.5,4.0,396,1415,0.20707070707070707,0.561518336524784,-1.5286056702300594,-0.6070155720498356,-0.7475567199335458,28326.065286118243,-0.7167393471388176
24,atr,2.0,2.0,0.5,5.0,477,1334,0.21174004192872117,0.5610788751965641,-1.4894062292217098,-0.6776295820309253,-0.810665492903932,21623.119816022132,-0.7837688018397787
24,atr,2.0,2.0,0.5,6.0,551,1260,0.21415607985480944,0.555156168407262,-1.4821442326575414,-0.737301060861909,-0.8593571487331,16399.240651941796,-0.8360075934805821
24,atr,2.0,2.0,0.5,8.0,697,1114,0.2152080344332855,0.5471875052695692,-1.5292489944826508,-0.8371327797183452,-0.9297627341205768,8493.372495688198,-0.915066275043118
24,atr,2.0,2.0,0.5,12.0,940,871,0.21914893617021278,0.5348550910221453,-1.4336224220295206,-0.9243227941897152,-0.9769263877840028,2984.7463702640434,-0.9701525362973595
24,atr,2.0,2.0,0.5,,1811,0,0.24903368304803974,0.5806308965843843,-0.691745366903146,-0.9912177577940062,-0.9989893122326374,147.34449946089305,-0.9985265550053911
24,atr,2.0,2.0,1.0,1.0,92,1719,0.2608695652173913,0.5860609492102816,-1.575277560585902,-0.23230224366374974,-0.33489839412542466,71104.885696807,-0.2889511430319299
24,atr,2.0,2.0,1.0,2.0,175,1636,0.28,0.6568507196106362,-1.3204354047169264,-0.3352440038739162,-0.4653787186234213,58861.67039015684,-0.4113832960984316
24,atr,2.0,2.0,1.0,3.0,248,1563,0.2903225806451613,0.6927137248856875,-1.1311408605432076,-0.405781863528472,-0.5516438076250259,51085.4766604144,-0.489145233395856
24,atr,2.0,2.0,1.0,4.0,321,1490,0.2834890965732087,0.6689656209512086,-1.2065466028975427,-0.5125482772827655,-0.6637000468344019,39023.36746268579,-0.6097663253731421
24,atr,2.0,2.0,1.0,5.0,390,1421,0.28717948717948716,0.6625025948331804,-1.1859578332879446,-0.5918426319975556,-0.7411225506446937,30686.668091312025,-0.6931333190868798
24,atr,2.0,2.0,1.0,6.0,462,1349,0.2857142857142857,0.6435162326930381,-1.245340582427791,-0.676785371859572,-0.8111267496017851,22321.44300644071,-0.7767855699355929
24,atr,2.0,2.0,1.0,8.0,593,1218,0.28330522765598654,0.6329582983003451,-1.2951139255583841,-0.7927740840675314,-0.9003443958816658,12142.711181646679,-0.8785728881835332
24,atr,2.0,2.0,1.0,12.0,810,1001,0.28888888888888886,0.6283382003635646,-1.1892329168594167,-0.8953799998952202,-0.9630688841640491,4811.450872081667,-0.9518854912791833
24,atr,2.0,2.0,1.0,,1811,0,0.31143014908890115,0.5879274701560016,-0.5419201083354667,-0.9970738170361085,-0.9997951717432592,30.92177249836891,-0.9996907822750163
24,atr,2.0,3.0,,1.0,71,1740,0.38028169014084506,0.8336484557552647,-0.5881416650139726,-0.07186459351861252,-0.12522731382606644,91760.54214261437,-0.08239457857385624
24,atr,2.0,3.0,,2.0,132,1679,0.38636363636363635,0.812019193003829,-0.6218682055272335,-0.14405901737226157,-0.23148671576146462,83196.01249561948,-0.16803987504380524
24,atr,2.0,3.0,,3.0,185,1626,0.4,0.8308492312039534,-0.5411729300645006,-0.18251706386485422,-0.3069330635589417,79321.09143065882,-0.2067890856934118
24,atr,2.0,3.0,,4.0,239,1572,0.40585774058577406,0.8361357475388405,-0.4951298961163419,-0.22960080238269032,-0.38710459288819676,74326.480189233,-0.25673519810767
24,atr,2.0,3.0,,5.0,296,1515,0.40202702702702703,0.811131577962958,-0.5595787598250416,-0.3117204434560984,-0.46829959753064676,64411.340367686294,-0.355886596323137
24,atr,2.0,3.0,,6.0,352,1459,0.3977272727272727,0.8005518768828389,-0.5957424382780194,-0.383889070940421,-0.5378488185306607,56106.236211268486,-0.4389376378873151
24,atr,2.0,3.0,,8.0,455,1356,0.3868131868131868,0.7745084806927984,-0.6690826573607421,-0.5241125496193197,-0.6692946064923675,40057.771062601605,-0.599422289373984
24,atr,2.0,3.0,,12.0,646,1165,0.3761609907120743,0.7136474496643515,-0.8478615715577871,-0.7615104464681566,-0.8777712679138303,15806.998373266591,-0.8419300162673341
24,atr,2.0,3.0,,,234,1577,0.32905982905982906,0.4845600340050925,-0.6105382721381306,-1.0,-1.0079992106781215,-1203.4949276318491,-1.0120349492763185
24,atr,2.0,3.0,0.5,1.0,79,1732,0.25316455696202533,0.7381086114215443,-0.891306302326038,-0.10147399283241176,-0.16514692254795948,87539.77924021818,-0.12460220759781815
24,atr,2.0,3.0,0.5,2.0,150,1661,0.24,0.6883899695799075,-1.0659938171647363,-0.21478799177885843,-0.3100685046518675,73400.80793533078,-0.2659919206466922
24,atr,2.0,3.0,0.5,3.0,216,1595,0.22685185185185186,0.6383699368488156,-1.2330917512418136,-0.3245334422226037,-0.4455724149353024,60120.534965052095,-0.39879465034947903
24,atr,2.0,3.0,0.5,4.0,286,1525,0.23076923076923078,0.6371034107053248,-1.2055855649359073,-0.4066076103822174,-0.5406632986121273,50872.32037528327,-0.49127679624716725
24,atr,2.0,3.0,0.5,5.0,352,1459,0.23295454545454544,0.6111416959554088,-1.29647797120903,-0.5011004594628616,-0.6429533734960979,40363.566508432894,-0.5963643349156711
24,atr,2.0,3.0,0.5,6.0,417,1394,0.23741007194244604,0.608259014911466,-1.3050290171768195,-0.5746421474877924,-0.7167727790197844,32757.93869587443,-0.6724206130412558
24,atr,2.0,3.0,0.5,8.0,538,1273,0.241635687732342,0.6038910129277656,-1.293540536749813,-0.6853414186002339,-0.8171913585394643,21965.709363816302,-0.780342906361837
24,atr,2.0,3.0,0.5,12.0,742,1069,0.25067385444743934,0.6044348861439105,-1.196979724811993,-0.81993754448243,-0.9187327167084681,10509.736891350702,-0.8949026310864929
24,atr,2.0,3.0,0.5,,1811,0,0.2871341800110436,0.5249095327111726,-0.25520901726020084,-0.9856750592440962,-0.9979452783080097,309.13639276547076,-0.9969086360723453
24,atr,2.0,3.0,1.0,1.0,71,1740,0.352112676056338,0.8271306632625954,-0.6016632980502882,-0.07435328930737273,-0.12863196498159557,91403.4063509103,-0.08596593649089701
24,atr,2.0,3.0,1.0,2.0,134,1677,0.34328358208955223,0.7672847895152393,-0.7779344220707489,-0.17188621626518874,-0.2571946568672081,79296.73663048027,-0.2070326336951973
24,atr,2.0,3.0,1.0,3.0,188,1623,0.35106382978723405,0.7785503869338901,-0.7236670019423401,-0.2264742571131918,-0.33922963709684806,73202.48740263218,-0.26797512597367823
24,atr,2.0,3.0,1.0,4.0,245,1566,0.3551020408163265,0.7906051133003836,-0.6567977577812355,-0.27628284245415113,-0.41001042659483244,67875.93879133758,-0.32124061208662413
24,atr,2.0,3.0,1.0,5.0,304,1507,0.34868421052631576,0.7563805025223086,-0.7601403708002041,-0.3702626304188933,-0.5100920613395071,56609.925405140224,-0.43390074594859773
24,atr,2.0,3.0,1.0,6.0,362,1449,0.3453038674033149,0.7402105388755496,-0.8249128285008263,-0.45294144127596814,-0.5980543469023594,47209.76406833476,-0.5279023593166523
24,atr,2.0,3.0,1.0,8.0,468,1343,0.3418803418803419,0.7339556644250298,-0.8213754712607,-0.5680660687430529,-0.7153699537758158,34798.50004658936,-0.6520149995341065
24,atr,2.0,3.0,1.0,12.0,659,1152,0.34142640364188165,0.6998070838690494,-0.8917454062796969,-0.7640798896923469,-0.8796791950374448,15560.259325707586,-0.8443974067429241
24,atr,2.0,3.0,1.0,,1811,0,0.38210933186085033,0.45297936407266703,0.0189169012078788,-0.9979199361208008,-0.9998753666426058,18.75130178129798,-0.999812486982187
24,atr,3.0,0.5,,1.0,194,1617,0.18556701030927836,0.44547791354800126,-2.2451534848110524,-0.6807887624675277,-0.8168512838130075,20348.74409196031,-0.7965125590803969
24,atr,3.0,0.5,,2.0,336,1475,0.22321428571428573,0.5520487917025778,-1.9982654153938146,-0.7928777167844776,-0.901327120273373,11487.481113939131,-0.8851251888606086
24,atr,3.0,0.5,,3.0,454,1357,0.23348017621145375,0.5650154306271377,-1.9379577024653776,-0.8691913603356181,-0.9493806558184062,6096.788510647437,-0.9390321148935257
24,atr,3.0,0.5,,4.0,583,1228,0.23499142367066894,0.5611302866882508,-1.963509460774196,-0.9289119218279318,-0.9791229831050855,2581.1135092155446,-0.9741888649078445
24,atr,3.0,0.5,,5.0,694,1117,0.2334293948126801,0.5753226933575479,-2.0035243068607977,-0.9594047678258503,-0.9907472127492145,1164.0647188425767,-0.9883593528115743
24,atr,3.0,0.5,,6.0,803,1008,0.2266500622665006,0.5551535205011537,-2.0685218672661927,-0.9794100438772882,-0.9965479093394564,437.73430746451237,-0.9956226569253549
24,atr,3.0,0.5,,8.0,997,814,0.23069207622868607,0.5686566694328257,-1.9609409701882088,-0.9921368662846264,-0.9991470959819942,111.88543069957969,-0.9988811456930042
24,atr,3.0,0.5,,12.0,1286,525,0.23405909797822705,0.6219560738498787,-1.8376766239897941,-0.9983018771473637,-0.9999079217978005,13.351264414676693,-0.9998664873558533
24,atr,3.0,0.5,,,1811,0,0.2484815019326339,0.6780730537645935,-1.5495734794572522,-0.999934844673515,-0.9999991917279817,0.1246024722744271,-0.9999987539752773
24,atr,3.0,0.5,0.5,1.0,287,1524,0.11846689895470383,0.35588763989739974,-2.8518907839857346,-0.8221627287894984,-0.9209240682836863,8700.664179890928,-0.9129933582010907
24,atr,3.0,0.5,0.5,2.0,471,1340,0.14225053078556263,0.4344415036594306,-2.596603632301362,-0.9002559514527404,-0.9658571732521191,3886.041316035899,-0.9611395868396411
24,atr,3.0,0.5,0.5,3.0,628,1183,0.1464968152866242,0.43655026312529527,-2.5621148787873804,-0.9448160959278336,-0.9855479563155013,1681.6588410053153,-0.9831834115899468
24,atr,3.0,0.5,0.5,4.0,772,1039,0.15803108808290156,0.4629306230761321,-2.428240894075761,-0.9651982616584975,-0.9926014618270469,884.5076820572683,-0.9911549231794273
24,atr,3.0,0.5,0.5,5.0,900,911,0.16,0.4833269665526379,-2.400775880965296,-0.9797117682695549,-0.9966211364595925,407.999125284698,-0.995920008747153
24,atr,3.0,0.5,0.5,6.0,1008,803,0.1626984126984127,0.5064995422403099,-2.2840866905197337,-0.9865439600061733,-0.9981388900975501,227.3053922941945,-0.997726946077058
24,atr,3.0,0.5,0.5,8.0,1200,611,0.17083333333333334,0.5489512333312625,-2.0827351035638557,-0.99353604910396,-0.9993583384604438,81.13674989311181,-0.9991886325010689
24,atr,3.0,0.5,0.5,12.0,1464,347,0.17691256830601093,0.5921034345861884,-1.9112099580606905,-0.9977188009917327,-0.9998586344936432,19.70850969775765,-0.9998029149030224
24,atr,3.0,0.5,0.5,,1811,0,0.18442849254555493,0.6200671125607701,-1.741042882363592,-0.9993684087235608,-0.9999781066960105,3.1800728266154388,-0.9999681992717339
24,atr,3.0,0.5,1.0,1.0,257,1554,0.13229571984435798,0.38506535317520935,-2.70287922997195,-0.7830583942649383,-0.8947970356966948,11612.400988066589,-0.8838759901193342
24,atr,3.0,0.5,1.0,2.0,419,1392,0.15990453460620524,0.47029689368921285,-2.3879495439389147,-0.8697802931912447,-0.949711317258454,5723.71761441218,-0.9427628238558782
24,atr,3.0,0.5,1.0,3.0,558,1253,0.17383512544802868,0.4809070749186072,-2.2811668411869257,-0.9192147983596277,-0.974862245718823,2925.0622024691847,-0.9707493779753081
24,atr,3.0,0.5,1.0,4.0,693,1118,0.18181818181818182,0.48816570895022626,-2.2048549372638035,-0.9534007208338298,-0.9886948520373215,1351.5494528822396,-0.9864845054711776
24,atr,3.0,0.5,1.0,5.0,801,1010,0.18601747815230962,0.5126366450923012,-2.103064523626497,-0.9694018120265847,-0.9938630832917935,741.0351495258523,-0.9925896485047415
24,atr,3.0,0.5,1.0,6.0,909,902,0.1859185918591859,0.5222148095998664,-2.0734124923184125,-0.9821232739136077,-0.9971884015278423,343.39266737890654,-0.9965660733262109
24,atr,3.0,0.5,1.0,8.0,1109,702,0.19026149684400362,0.5528542376310245,-2.0319838739683966,-0.9929473770954547,-0.9992717467600548,92.08608798516939,-0.9990791391201483
24,atr,3.0,0.5,1.0,12.0,1373,438,0.20029133284777859,0.617067902125453,-1.7904155136715854,-0.9977434355015719,-0.9998608462665404,19.400154790565637,-0.9998059984520944
24,atr,3.0,0.5,1.0,,1811,0,0.2109331860850359,0.6416552068878247,-1.6177035745212003,-0.9996965787827355,-0.9999924510338246,1.0965116190228235,-0.9999890348838097
24,atr,3.0,1.0,,1.0,143,1668,0.22377622377622378,0.5613605106307651,-1.7593114663574667,-0.4427721312814421,-0.5857318638438409,45648.73345120756,-0.5435126654879243
24,atr,3.0,1.0,,2.0,246,1565,0.25203252032520324,0.6496819355561061,-1.4892052071505693,-0.563804744613265,-0.7137915556177516,32932.67497324237,-0.6706732502675763
24,atr,3.0,1.0,,3.0,336,1475,0.2648809523809524,0.6634717749741463,-1.380797095056658,-0.6559492355808985,-0.7943456040908089,24113.151364815316,-0.7588684863518469
24,atr,3.0,1.0,,4.0,425,1386,0.26588235294117646,0.6644634105094475,-1.3953769761793697,-0.7491576970047915,-0.8709323630700453,15635.762865798757,-0.8436423713420125
24,atr,3.0,1.0,,5.0,510,1301,0.25882352941176473,0.6412300897884177,-1.507948521803093,-0.8318268135449958,-0.9272819091936134,8754.627799902451,-0.9124537220009755
24,atr,3.0,1.0,,6.0,595,1216,0.25882352941176473,0.6565993523252561,-1.4994232892107024,-0.8766709876981426,-0.9536532698173894,5691.689708406494,-0.9430831029159351
24,atr,3.0,1.0,,8.0,744,1067,0.2567204301075269,0.6498728788968748,-1.4343661322951275,-0.9321859624344042,-0.9805567229854696,2480.5451022043117,-0.9751945489779569
24,atr,3.0,1.0,,12.0,1001,810,0.25874125874125875,0.6457320138793231,-1.2661666129818057,-0.9757830023070302,-0.9956422158450242,611.8841750547714,-0.9938811582494523
24,atr,3.0,1.0,,,1811,0,0.27995582551076753,0.6635093523225252,-0.6861965183760429,-0.9998599355798021,-0.9999975501553092,0.38958624942995224,-0.9999961041375057
24,atr,3.0,1.0,0.5,1.0,202,1609,0.1188118811881188,0.3842233781461078,-2.7600104310509637,-0.6143955987575072,-0.7573059603929063,26742.765270377695,-0.7325723472962231
24,atr,3.0,1.0,0.5,2.0,345,1466,0.13623188405797101,0.44725892064842027,-2.443248946912566,-0.7499831587420176,-0.8706517257782731,14408.048584873117,-0.8559195141512688
24,atr,3.0,1.0,0.5,3.0,471,1340,0.14225053078556263,0.46716966499672297,-2.2770074521471573,-0.821376011133431,-0.9206274738392912,9110.546681496498,-0.908894533185035
24,atr,3.0,1.0,0.5,4.0,591,1220,0.1455160744500846,0.4793475253509397,-2.17047652419735,-0.8791071583599038,-0.9549769718179107,5305.291712126936,-0.9469470828787306
24,atr,3.0,1.0,0.5,5.0,686,1125,0.15014577259475217,0.4873212444080277,-2.0676969075408516,-0.9108320744847092,-0.9710637884703561,3456.093725130236,-0.9654390627486976
24,atr,3.0,1.0,0.5,6.0,781,1030,0.15620998719590268,0.5167681407557178,-1.9392647338325,-0.9310666544893471,-0.9800888871002371,2415.1235529532632,-0.9758487644704674
24,atr,3.0,1.0,0.5,8.0,950,861,0.16,0.5413945914693769,-1.7893422674065544,-0.959281217651809,-0.9907310394328402,1167.461904529363,-0.9883253809547063
24,atr,3.0,1.0,0.5,12.0,1204,607,0.17275747508305647,0.5879513701545924,-1.520552343786985,-0.9802524562639725,-0.9967597816094835,454.16881526117965,-0.9954583118473882
24,atr,3.0,1.0,0.5,,1811,0,0.18995030369961347,0.6306114807324372,-1.0789457046139683,-0.9970829073718265,-0.999798497425952,30.381126620474518,-0.9996961887337953
24,atr,3.0,1.0,1.0,1.0,159,1652,0.16981132075471697,0.47140062972452423,-2.1415082712315456,-0.5060676197795426,-0.6522820415990489,38315.48461950691,-0.6168451538049309
24,atr,3.0,1.0,1.0,2.0,286,1525,0.1888111888111888,0.5453301462709053,-1.9433294912687977,-0.6579851990514873,-0.7963788122038795,23131.470412531973,-0.7686852958746803
24,atr,3.0,1.0,1.0,3.0,387,1424,0.19638242894056848,0.5691319643451404,-1.7668596212827228,-0.735346676974633,-0.8595097470922657,16472.600639867876,-0.8352739936013213
24,atr,3.0,1.0,1.0,4.0,493,1318,0.1947261663286004,0.5594843661328714,-1.8034526719441062,-0.8279869548313169,-0.9248580384840043,9039.863203611252,-0.9096013679638875
24,atr,3.0,1.0,1.0,5.0,582,1229,0.1958762886597938,0.5546577449357872,-1.7799566748016866,-0.8745684390753129,-0.952501284962339,5718.433563327693,-0.942815664366723
24,atr,3.0,1.0,1.0,6.0,674,1137,0.19881305637982197,0.5755300166095743,-1.726212348738914,-0.9102134482542431,-0.9707717621415538,3589.4238915735486,-0.9641057610842645
24,atr,3.0,1.0,1.0,8.0,840,971,0.1976190476190476,0.5660950714181068,-1.651171192349309,-0.9509764717293068,-0.9878631175175128,1548.4058770269999,-0.98451594122973
24,atr,3.0,1.0,1.0,12.0,1095,716,0.20730593607305936,0.5788216841974496,-1.4461016342462132,-0.980724204646549,-0.9968715936886113,439.26505926056774,-0.9956073494073944
24,atr,3.0,1.0,1.0,,1811,0,0.22749861954721148,0.6456138868774215,-0.9800015432498038,-0.9991126246379896,-0.9999642210259914,5.68974692358311,-0.9999431025307641
24,atr,3.0,1.5,,1.0,103,1708,0.24271844660194175,0.6000423081409099,-1.4233813183867026,-0.2836708815143234,-0.40144583480350027,63544.65628751122,-0.36455343712488775
24,atr,3.0,1.5,,2.0,189,1622,0.2751322751322751,0.6767331006906568,-1.1754320356795478,-0.3895973743386175,-0.5300984914249733,51854.11993196982,-0.4814588006803018
24,atr,3.0,1.5,,3.0,266,1545,0.2857142857142857,0.6879526010517518,-1.0637404181221162,-0.48536043788537775,-0.6297220530327161,41772.888736237444,-0.5822711126376255
24,atr,3.0,1.5,,4.0,341,1470,0.2873900293255132,0.6775678827580691,-1.0746558060049545,-0.5940907484355955,-0.7376839797012343,30555.69317999262,-0.6944430682000737
24,atr,3.0,1.5,,5.0,412,1399,0.28883495145631066,0.6700606598926612,-1.1146860850884175,-0.6819794574275306,-0.8159607217216989,22132.140438084836,-0.7786785956191516
24,atr,3.0,1.5,,6.0,484,1327,0.2871900826446281,0.6731929517221487,-1.1013363775452791,-0.7474263024501085,-0.8683032550035563,16262.158822507914,-0.8373784117749209
24,atr,3.0,1.5,,8.0,608,1203,0.2894736842105263,0.6911771386066955,-0.9520984572011848,-0.8197630319382938,-0.919325373183339,10294.520563041897,-0.897054794369581
24,atr,3.0,1.5,,12.0,834,977,0.29256594724220625,0.6796036673111662,-0.8534843473226464,-0.9219120666710753,-0.9760588426215836,3430.7143273882884,-0.9656928567261172
24,atr,3.0,1.5,,,1811,0,0.3241303147432358,0.5832957151237937,0.006510870847990545,-0.999526825659167,-0.9999856227103305,2.418153665742688,-0.9999758184633426
24,atr,3.0,1.5,0.5,1.0,145,1666,0.12413793103448276,0.4365049993739441,-2.178922088840562,-0.41102415022196104,-0.5495681215298681,47819.46323759359,-0.5218053676240642
24,atr,3.0,1.5,0.5,2.0,251,1560,0.14342629482071714,0.5017344483460854,-1.8798677192806288,-0.5406312463485599,-0.6860468274760081,33887.01798798404,-0.6611298201201596
24,atr,3.0,1.5,0.5,3.0,353,1458,0.14730878186968838,0.5012591938104936,-1.7801891885654932,-0.6529745897989736,-0.791087405762622,23150.791210611867,-0.7684920878938813
24,atr,3.0,1.5,0.5,4.0,450,1361,0.1511111111111111,0.49603149928950774,-1.7658841583915166,-0.7388873396872221,-0.8617875573637644,15823.252865728075,-0.8417674713427192
24,atr,3.0,1.5,0.5,5.0,539,1272,0.15584415584415584,0.5020327548590628,-1.6765446954217043,-0.7945124121730027,-0.9024026476631428,11541.709558983484,-0.8845829044101652
24,atr,3.0,1.5,0.5,6.0,626,1185,0.15814696485623003,0.49773306683832796,-1.6170047056873118,-0.8424746547795358,-0.9336589689122636,8059.280063684342,-0.9194071993631566
24,atr,3.0,1.5,0.5,8.0,782,1029,0.1636828644501279,0.5126760314241173,-1.4250331335024815,-0.8988591603462243,-0.9651414408979294,4461.8416174888,-0.955381583825112
24,atr,3.0,1.5,0.5,12.0,1028,783,0.17801556420233464,0.5546514419982055,-1.139572597360973,-0.9469322538901266,-0.9863383402813914,1965.592175139715,-0.9803440782486028
24,atr,3.0,1.5,0.5,,1811,0,0.20596355604638322,0.5117008780174102,-0.38138243581493286,-0.9946405194345401,-0.9995117923003456,78.42025047161964,-0.9992157974952838
24,atr,3.0,1.5,1.0,1.0,118,1693,0.19491525423728814,0.5149306024604678,-1.796886378119757,-0.3487370557660462,-0.478759147766068,55336.79777725874,-0.4466320222274126
24,atr,3.0,1.5,1.0,2.0,210,1601,0.20476190476190476,0.5720543978735749,-1.6071575884696636,-0.47740466353115885,-0.6213794924945171,41382.70916668873,-0.5861729083331126
24,atr,3.0,1.5,1.0,3.0,294,1517,0.2108843537414966,0.5918180045115878,-1.453213542928639,-0.5713898457900739,-0.7161102787079505,32027.00522141019,-0.6797299477858981
24,atr,3.0,1.5,1.0,4.0,380,1431,0.21052631578947367,0.5787829186725769,-1.4546498916571962,-0.6767974221039355,-0.8115892338095393,21946.892747785903,-0.7805310725221409
24,atr,3.0,1.5,1.0,5.0,463,1348,0.20950323974082075,0.562456224310319,-1.4990464148637452,-0.7605900676819082,-0.8781535012970271,14652.979768292598,-0.853470202317074
24,atr,3.0,1.5,1.0,6.0,535,1276,0.2130841121495327,0.5633852260341766,-1.4566903154600666,-0.8120344820784711,-0.9142527632765991,10588.228146601366,-0.8941177185339864
24,atr,3.0,1.5,1.0,8.0,672,1139,0.21875,0.577489069447268,-1.2944538592627937,-0.8737814609191938,-0.951913459607909,6136.103734287033,-0.9386389626571296
24,atr,3.0,1.5,1.0,12.0,906,905,0.23178807947019867,0.6084230440831809,-1.0316614112037332,-0.9380112960601547,-0.9828796393276807,2453.309408572369,-0.9754669059142763
24,atr,3.0,1.5,1.0,,1811,0,0.2528989508558807,0.5219966200114137,-0.35146486066030097,-0.9987104727805288,-0.999938332372954,10.372038251092002,-0.9998962796174891
24,atr,3.0,2.0,,1.0,86,1725,0.3023255813953488,0.8113073127759529,-0.618316291988711,-0.11577700803914548,-0.20184112843651014,86197.6491697145,-0.13802350830285504
24,atr,3.0,2.0,,2.0,160,1651,0.3125,0.7891261071092799,-0.7315106496028325,-0.23170088842310477,-0.3394047127688282,72732.86265551616,-0.2726713734448384
24,atr,3.0,2.0,,3.0,224,1587,0.33035714285714285,0.8067284592296231,-0.6217870486151524,-0.29341348223415886,-0.4278927060566631,66182.44205184645,-0.33817557948153554
24,atr,3.0,2.0,,4.0,290,1521,0.3310344827586207,0.7920047994683097,-0.6403198679439933,-0.3908498252453817,-0.5271161161595408,54809.79773102657,-0.45190202268973434
24,atr,3.0,2.0,,5.0,354,1457,0.3333333333333333,0.7886735297380498,-0.6204962314825415,-0.46500452236458445,-0.6083685067162405,46614.3024991811,-0.533856975008189
24,atr,3.0,2.0,,6.0,415,1396,0.3325301204819277,0.7781165567392585,-0.6430471745304075,-0.5432243485770095,-0.6887023993578028,38196.23222269791,-0.618037677773021
24,atr,3.0,2.0,,8.0,537,1274,0.32774674115456237,0.7763362848669398,-0.6150361312140084,-0.669708267528877,-0.8056104470794745,25343.12379142584,-0.7465687620857415
24,atr,3.0,2.0,,12.0,741,1070,0.3265856950067476,0.7511579566655673,-0.5841510915626578,-0.8292007908060705,-0.9259593434033724,10443.529490102663,-0.8955647050989733
24,atr,3.0,2.0,,,1811,0,0.35726118166758697,0.5554364616930026,0.2568380004373861,-0.9989950764538384,-0.9999574819847269,7.028519665723783,-0.9999297148033428
24,atr,3.0,2.0,0.5,1.0,110,1701,0.15454545454545454,0.5741655237421316,-1.4421455835894754,-0.23216643856035613,-0.33811758715671403,70221.83090073826,-0.2977816909926174
24,atr,3.0,2.0,0.5,2.0,211,1600,0.16113744075829384,0.5887104054534704,-1.4391882731107637,-0.3884006072535843,-0.524352150614322,52375.82512569259,-0.4762417487430741
24,atr,3.0,2.0,0.5,3.0,301,1510,0.16611295681063123,0.570939675587718,-1.458559061936793,-0.518857473520748,-0.6642954933594455,37886.587094402246,-0.6211341290559775
24,atr,3.0,2.0,0.5,4.0,386,1425,0.17357512953367876,0.5838301141640609,-1.3447157100823002,-0.592694310276882,-0.736444147900635,30556.646984415227,-0.6944335301558477
24,atr,3.0,2.0,0.5,5.0,462,1349,0.18181818181818182,0.5936490969252255,-1.2530791608617364,-0.6494905997389206,-0.7880920715626751,25229.854372697308,-0.7477014562730269
24,atr,3.0,2.0,0.5,6.0,536,1275,0.1865671641791045,0.5937850678701551,-1.2048132414218096,-0.707621426334049,-0.837158080677537,19986.33439598558,-0.8001366560401442
24,atr,3.0,2.0,0.5,8.0,675,1136,0.1925925925925926,0.5959807890931959,-1.118463206431188,-0.797980277072214,-0.905588027493027,12013.372017261909,-0.8798662798273809
24,atr,3.0,2.0,0.5,12.0,912,899,0.19736842105263158,0.5864570075951259,-0.9750286830659278,-0.8980133666815444,-0.9649878453263492,4911.576281675409,-0.9508842371832459
24,atr,3.0,2.0,0.5,,1811,0,0.23191606847045831,0.5174542156277004,-0.018935519462326408,-0.9869559491588485,-0.9982409559571983,277.6955767912813,-0.9972230442320872
24,atr,3.0,2.0,1.0,1.0,89,1722,0.23595505617977527,0.6536960811173465,-1.1727771582556832,-0.19140780025177284,-0.28648207890994815,75700.05461271443,-0.2429994538728557
24,atr,3.0,2.0,1.0,2.0,167,1644,0.24550898203592814,0.6996892953834696,-1.055533550240674,-0.29627245557016735,-0.4168369372521812,64026.16993006521,-0.35973830069934787
24,atr,3.0,2.0,1.0,3.0,237,1574,0.2489451476793249,0.7043476389008873,-1.000115124661268,-0.3904312345211748,-0.5266440881450086,53405.162152773795,-0.465948378472262
24,atr,3.0,2.0,1.0,4.0,313,1498,0.24281150159744408,0.6775993261732352,-1.073139909013328,-0.5057128420828557,-0.6508933376170043,40463.34883812901,-0.5953665116187099
24,atr,3.0,2.0,1.0,5.0,379,1432,0.25065963060686014,0.6822755494789688,-1.0228763803665715,-0.5737981374971615,-0.7185008338667787,33505.6998950124,-0.664943001049876
24,atr,3.0,2.0,1.0,6.0,445,1366,0.24943820224719102,0.6671513318704075,-1.044236557208087,-0.6514952686618651,-0.7898500273996815,25785.412860478347,-0.7421458713952165
24,atr,3.0,2.0,1.0,8.0,575,1236,0.25565217391304346,0.6870693816537051,-0.930139944555839,-0.7455846589215778,-0.86694256764157,17347.07924868584,-0.8265292075131416
24,atr,3.0,2.0,1.0,12.0,787,1024,0.26429479034307496,0.6809902643447326,-0.770450502316399,-0.8600301105257702,-0.9445489041720107,7821.448122658772,-0.9217855187734123
24,atr,3.0,2.0,1.0,,1811,0,0.29044726670347876,0.5118568347721556,0.053561424011780066,-0.9962005324871757,-0.9997066046128888,48.50027064763356,-0.9995149972935237
24,atr,3.0,3.0,,1.0,70,1741,0.38571428571428573,0.9652705217624248,-0.19581711597601192,-0.0326741694419721,-0.12069381892330511,98251.57133914469,-0.017484286608553057
24,atr,3.0,3.0,,2.0,128,1683,0.3984375,0.9687721632579194,-0.06189353812536138,-0.03996268391874114,-0.21465490241742546,97178.2136486142,-0.02821786351385802
24,atr,3.0,3.0,,3.0,181,1630,0.4088397790055249,0.9686638273197794,0.00956900372522432,-0.04767516002725769,-0.2918241043841141,96046.42812639274,-0.039535718736072645
24,atr,3.0,3.0,,4.0,235,1576,0.4127659574468085,0.9543915419903364,0.03230662192962324,-0.0716356464348189,-0.37375109793728933,92556.77593153257,-0.07443224068467436
24,atr,3.0,3.0,,5.0,291,1520,0.40893470790378006,0.9181721506741514,-0.01950622830485623,-0.13371871294879534,-0.45762847785408434,83704.79537262756,-0.1629520462737244
24,atr,3.0,3.0,,6.0,348,1463,0.40229885057471265,0.8982983984793084,-0.043086277758534866,-0.19348866659046626,-0.5394308567780094,75449.46235408602,-0.24550537645913983
24,atr,3.0,3.0,,8.0,450,1361,0.39111111111111113,0.8714686420724053,-0.062130065659183095,-0.3048671190287148,-0.6514891732059479,60801.68910649862,-0.39198310893501376
24,atr,3.0,3.0,,12.0,642,1169,0.37850467289719625,0.7915431146614577,-0.22453076932677257,-0.5985260101365086,-0.8101148877517901,28191.850601744904,-0.718081493982551
24,atr,3.0,3.0,,,237,1574,0.3291139240506329,0.33928705830696426,-0.4053473265959902,-1.0,-1.0045039380572616,-533.994316765714,-1.005339943167657
24,atr,3.0,3.0,0.5,1.0,79,1732,0.24050632911392406,0.8287099186378409,-0.5917702848674897,-0.0781891248436698,-0.1318123758814591,91609.34560374574,-0.0839065439625426
24,atr,3.0,3.0,0.5,2.0,148,1663,0.22972972972972974,0.7983664276055389,-0.5714083798967174,-0.14402401970269751,-0.23266538912087986,82262.48024946632,-0.1773751975053368
24,atr,3.0,3.0,0.5,3.0,214,1597,0.21962616822429906,0.762065889598089,-0.6141602069829754,-0.21794012469531676,-0.33440191956586507,72150.13250542124,-0.2784986749457876
24,atr,3.0,3.0,0.5,4.0,284,1527,0.22535211267605634,0.7448202480392755,-0.6116084647308406,-0.2883368404975404,-0.41854952807756163,62912.883696042576,-0.37087116303957424
24,atr,3.0,3.0,0.5,5.0,349,1462,0.22922636103151864,0.7152245608365025,-0.6565003733824142,-0.3710633631464185,-0.5111103976458702,52576.758369780815,-0.4742324163021918
24,atr,3.0,3.0,0.5,6.0,415,1396,0.23373493975903614,0.7091822145214318,-0.6441272953541087,-0.44086376639224567,-0.590445184342498,44319.28464592538,-0.5568071535407462
24,atr,3.0,3.0,0.5,8.0,535,1276,0.23925233644859814,0.6952197725759403,-0.6086496880345831,-0.5467868840683052,-0.7021454672899994,32667.324825042815,-0.6733267517495718
24,atr,3.0,3.0,0.5,12.0,738,1073,0.24932249322493225,0.6863598344352647,-0.510099157312268,-0.6981558280908777,-0.8376926705559656,18629.89674068878,-0.8137010325931122
24,atr,3.0,3.0,0.5,,1811,0,0.2860298177802319,0.5681980776880656,0.3524441412316194,-0.9631076570538699,-0.9925789515145059,879.8517353735652,-0.9912014826462644
24,atr,3.0,3.0,1.0,1.0,71,1740,0.3380281690140845,0.9003361593111019,-0.3831271757982421,-0.05579396589026753,-0.13836445644043116,94859.48686957883,-0.05140513130421165
24,atr,3.0,3.0,1.0,2.0,132,1679,0.3333333333333333,0.8664464471160198,-0.3707225587148184,-0.10519651803038554,-0.2440984845784171,87737.14493578424,-0.12262855064215761
24,atr,3.0,3.0,1.0,3.0,186,1625,0.34408602150537637,0.8745644162127159,-0.2749753686478497,-0.1305548651532369,-0.3298404936978765,84149.16658429413,-0.15850833415705867
24,atr,3.0,3.0,1.0,4.0,243,1568,0.3497942386831276,0.8789667762480304,-0.19865761340029767,-0.1563407008050196,-0.40087977022689514,80548.93755878956,-0.19451062441210432
24,atr,3.0,3.0,1.0,5.0,301,1510,0.34551495016611294,0.8423032079321262,-0.26038964499505074,-0.232958017294857,-0.48136905625151905,70146.63182384911,-0.29853368176150896
24,atr,3.0,3.0,1.0,6.0,360,1451,0.3416666666666667,0.8262017225009243,-0.28290732339661917,-0.3021569942972816,-0.5603721038273936,61146.27713027346,-0.38853722869726537
24,atr,3.0,3.0,1.0,8.0,465,1346,0.33978494623655914,0.8180839822506057,-0.2398023249140687,-0.39455298854563714,-0.6610512372150175,49749.05705857829,-0.5025094294142171
24,atr,3.0,3.0,1.0,12.0,657,1154,0.3394216133942161,0.7691893955255023,-0.30096686789075533,-0.6249545519591703,-0.8151083838002166,25537.099871645896,-0.744629001283541
24,atr,3.0,3.0,1.0,,1811,0,0.37106570955273327,0.3191882903634819,0.45650302649440355,-0.9958013925943459,-0.9996840174158739,37.46341578748906,-0.9996253658421251
24,atr,4.0,0.5,,1.0,192,1619,0.16145833333333334,0.4657964844299064,-2.3068501796424776,-0.691040728456266,-0.8274665545147366,19829.605948272594,-0.8017039405172741
24,atr,4.0,0.5,,2.0,317,1494,0.1892744479495268,0.5718482522047835,-1.9604330419115428,-0.7931517131251135,-0.9039169965787969,11495.448138782542,-0.8850455186121746
24,atr,4.0,0.5,,3.0,422,1389,0.2037914691943128,0.5978625037268288,-1.6979106222949256,-0.8539064674717896,-0.9418282363277163,7185.2298150290035,-0.92814770184971
24,atr,4.0,0.5,,4.0,525,1286,0.2019047619047619,0.6019633713157505,-1.7327934425972555,-0.9173936784985467,-0.9745857680242954,3249.3963180004034,-0.9675060368199959
24,atr,4.0,0.5,,5.0,639,1172,0.20031298904538342,0.5961238811926706,-1.739051174849696,-0.9530003345917638,-0.988880492227305,1430.7261672411055,-0.985692738327589
24,atr,4.0,0.5,,6.0,735,1076,0.2,0.5937455198183962,-1.7066068556503597,-0.9715315531629481,-0.9945907923365306,704.8273765476355,-0.9929517262345237
24,atr,4.0,0.5,,8.0,914,897,0.2013129102844639,0.5909437917893443,-1.654365624257729,-0.9889658516248202,-0.9986344820557932,185.19918960705337,-0.9981480081039295
24,atr,4.0,0.5,,12.0,1204,607,0.20514950166112958,0.6388939186679394,-1.4889565097609245,-0.9976978714782013,-0.9998597853168549,21.266857935756857,-0.9997873314206425
24,atr,4.0,0.5,,,1811,0,0.2214246272777471,0.6889678182144269,-1.092917849434678,-0.9999746373547006,-0.9999997990324354,0.03448445223235127,-0.9999996551554777
24,atr,4.0,0.5,0.5,1.0,283,1528,0.09187279151943463,0.37984153935486215,-3.079273615345533,-0.8285277008406146,-0.9265918669238623,8431.983114805224,-0.9156801688519478
24,atr,4.0,0.5,0.5,2.0,450,1361,0.1111111111111111,0.4397579872259328,-2.6904962871011477,-0.9008937582550953,-0.9668912721644084,3849.90583384431,-0.9615009416615569
24,atr,4.0,0.5,0.5,3.0,604,1207,0.11920529801324503,0.4608578796209544,-2.587630089596112,-0.9456263594826136,-0.9863222788523678,1667.2734800758649,-0.9833272651992413
24,atr,4.0,0.5,0.5,4.0,732,1079,0.12158469945355191,0.48200900300611504,-2.5067491433583,-0.968072420939481,-0.9936105210556445,797.1854984314011,-0.992028145015686
24,atr,4.0,0.5,0.5,5.0,850,961,0.12470588235294118,0.496460267815186,-2.416037995280488,-0.9800982892384382,-0.9968899606777548,407.8055549969959,-0.99592194445003
24,atr,4.0,0.5,0.5,6.0,959,852,0.12930135557872785,0.5219671613372654,-2.2228261484965794,-0.9864182775076118,-0.998209030727833,236.694684993325,-0.9976330531500668
24,atr,4.0,0.5,0.5,8.0,1149,662,0.13664055700609226,0.5653857450475872,-2.010713206955642,-0.9934289676110257,-0.9993675979873718,85.86480042667505,-0.9991413519957333
24,atr,4.0,0.5,0.5,12.0,1406,405,0.14580369843527738,0.6055440505159208,-1.744234418241553,-0.9974864273331739,-0.9998406987872905,23.803633778647566,-0.9997619636622135
24,atr,4.0,0.5,0.5,,1811,0,0.15240198785201547,0.6302552105354837,-1.5381195051169168,-0.9995491537048279,-0.9999868670889553,2.1162304342091147,-0.9999788376956579
24,atr,4.0,0.5,1.0,1.0,243,1568,0.1111111111111111,0.415794068108609,-2.706566715249129,-0.7660660587974794,-0.8848101892676107,13238.98998049325,-0.8676101001950675
24,atr,4.0,0.5,1.0,2.0,393,1418,0.1272264631043257,0.4688236705174632,-2.441252669342424,-0.8695531958099224,-0.9506532390469018,5738.075585931337,-0.9426192441406867
24,atr,4.0,0.5,1.0,3.0,531,1280,0.14124293785310735,0.4971320055330369,-2.275085218767364,-0.9192161713400053,-0.9756930567654195,2962.944002096529,-0.9703705599790348
24,atr,4.0,0.5,1.0,4.0,654,1157,0.14067278287461774,0.5013639435368392,-2.288773519821,-0.9576949915971031,-0.9903842345300341,1199.7142264231238,-0.9880028577357688
24,atr,4.0,0.5,1.0,5.0,752,1059,0.14627659574468085,0.5156747825737933,-2.0954009667800806,-0.9707589141842168,-0.9945616992911122,713.1000637083698,-0.9928689993629163
24,atr,4.0,0.5,1.0,6.0,860,951,0.14883720930232558,0.5332941291848048,-1.9756676931582116,-0.9818618509566978,-0.9972737697153139,360.29887753030806,-0.9963970112246969
24,atr,4.0,0.5,1.0,8.0,1054,757,0.15464895635673626,0.5637406937372913,-1.8939989589243278,-0.9925902588258386,-0.9992455683065296,102.23157499732028,-0.9989776842500268
24,atr,4.0,0.5,1.0,12.0,1308,503,0.16743119266055045,0.635367794855381,-1.6129012757966543,-0.9973954559774196,-0.9998322570727577,25.065039626011433,-0.9997493496037398
24,atr,4.0,0.5,1.0,,1811,0,0.17614577581446714,0.6614894165404489,-1.3871079866313112,-0.9997857683547174,-0.9999955431139449,0.7181802937227594,-0.9999928181970628
24,atr,4.0,1.0,,1.0,131,1680,0.19083969465648856,0.5557020916671179,-1.518456532576464,-0.41603201488293307,-0.5591537338916628,47631.95266639547,-0.5236804733360454
24,atr,4.0,1.0,,2.0,224,1587,0.22321428571428573,0.630077416006258,-1.2949616498794165,-0.5365162005673076,-0.6848377215399248,35361.18589001458,-0.6463881410998542
24,atr,4.0,1.0,,3.0,306,1505,0.238562091503268,0.6461816068341352,-1.1766038894934712,-0.6301137144257719,-0.7728829174420584,26534.42774874339,-0.7346557225125661
24,atr,4.0,1.0,,4.0,387,1424,0.24289405684754523,0.6637252894854548,-1.1342278930642193,-0.7168108767045631,-0.845906002049096,18707.91830889285,-0.8129208169110715
24,atr,4.0,1.0,,5.0,467,1344,0.2398286937901499,0.6521029672509198,-1.1553849355568904,-0.7929268553713574,-0.9022018859009769,11990.908598133374,-0.8800909140186662
24,atr,4.0,1.0,,6.0,549,1262,0.23861566484517305,0.6543670750161815,-1.1431938568843452,-0.8503702964007165,-0.9389914269880804,7630.599488789477,-0.9236940051121052
24,atr,4.0,1.0,,8.0,693,1118,0.23809523809523808,0.6614243389021355,-1.0259861261431367,-0.9125175080189667,-0.9720201292885093,3725.11112227666,-0.9627488887772334
24,atr,4.0,1.0,,12.0,952,859,0.24054621848739496,0.6453758468861237,-0.8970852065090275,-0.9693238034654609,-0.9938928495956532,937.9551331194627,-0.9906204486688054
24,atr,4.0,1.0,,,1811,0,0.2694643843180563,0.6103280134059564,-0.10740157340708954,-0.9998680557639364,-0.9999977712004695,0.39005042904392034,-0.9999960994957096
24,atr,4.0,1.0,0.5,1.0,189,1622,0.10582010582010581,0.3853012627819603,-2.4253390611374024,-0.5837496585594653,-0.7303892819744986,29130.529045215193,-0.7086947095478481
24,atr,4.0,1.0,0.5,2.0,322,1489,0.11801242236024845,0.4269976788256453,-2.1209463368274233,-0.7251823595249602,-0.8524774709861083,16277.645161356912,-0.8372235483864309
24,atr,4.0,1.0,0.5,3.0,444,1367,0.12387387387387387,0.4356205423252253,-1.9440525309362993,-0.8067237145106247,-0.9115213209990272,10065.922863598662,-0.8993407713640134
24,atr,4.0,1.0,0.5,4.0,557,1254,0.12926391382405744,0.46449670205669724,-1.8410676031929643,-0.8631547762942015,-0.9464134663051261,6341.486270305404,-0.9365851372969459
24,atr,4.0,1.0,0.5,5.0,650,1161,0.13384615384615384,0.4747442148567165,-1.73037367289047,-0.8962269455928658,-0.9641442103405472,4356.41970343491,-0.9564358029656509
24,atr,4.0,1.0,0.5,6.0,738,1073,0.13956639566395665,0.5042458242930469,-1.5688224635542978,-0.9160439100316327,-0.9736431689132529,3298.1952165169205,-0.9670180478348308
24,atr,4.0,1.0,0.5,8.0,912,899,0.1425438596491228,0.5196100189684882,-1.4345197770678193,-0.9516867672386332,-0.9881874966676009,1576.1223315337622,-0.9842387766846624
24,atr,4.0,1.0,0.5,12.0,1155,656,0.15324675324675324,0.5533954867950724,-1.1446174872385322,-0.9766193705005288,-0.9958834149571257,625.1705172883311,-0.9937482948271167
24,atr,4.0,1.0,0.5,,1811,0,0.17283268912203203,0.5348711349262962,-0.5058707890660393,-0.997221436893449,-0.9998137263634248,30.72224494161854,-0.9996927775505838
24,atr,4.0,1.0,1.0,1.0,148,1663,0.13513513513513514,0.43727122545221436,-1.9938573831513298,-0.49801304233547283,-0.6461080617600757,38236.83072121235,-0.6176316927878766
24,atr,4.0,1.0,1.0,2.0,265,1546,0.1509433962264151,0.47849308185509015,-1.8639202817970553,-0.6608848113448154,-0.7997997767515835,22462.45123020482,-0.7753754876979517
24,atr,4.0,1.0,1.0,3.0,358,1453,0.15921787709497207,0.5028910528792144,-1.7062588149196247,-0.7433698919586251,-0.8664423106023682,15603.744199674918,-0.8439625580032508
24,atr,4.0,1.0,1.0,4.0,458,1353,0.16593886462882096,0.5268134005691423,-1.624656220686859,-0.8170489383873407,-0.9183025339831103,9918.553224730293,-0.900814467752697
24,atr,4.0,1.0,1.0,5.0,549,1262,0.16757741347905283,0.5137827244518459,-1.6157196214740577,-0.8710304317881783,-0.9508336581402311,6028.225766686405,-0.939717742333136
24,atr,4.0,1.0,1.0,6.0,634,1177,0.1719242902208202,0.5332043299745199,-1.513510369032301,-0.9019199427556155,-0.96696530437014,4131.78868380146,-0.9586821131619854
24,atr,4.0,1.0,1.0,8.0,797,1014,0.17314930991217065,0.5423517088901829,-1.3634304382058362,-0.9446133910843072,-0.9855946335887326,1917.8641385589233,-0.9808213586144108
24,atr,4.0,1.0,1.0,12.0,1052,759,0.18631178707224336,0.5747008369802434,-1.0666319860573363,-0.9749560557050142,-0.9954513175176538,698.6007877275262,-0.9930139921227248
24,atr,4.0,1.0,1.0,,1811,0,0.20927664273881832,0.5511898316718415,-0.3936422935460094,-0.9991998521859903,-0.9999694532170387,5.345831079338505,-0.9999465416892066
24,atr,4.0,1.5,,1.0,101,1710,0.2376237623762376,0.645269349006112,-1.2413195819617302,-0.25959537153288315,-0.37798909888250054,67172.36081319296,-0.32827639186807034
24,atr,4.0,1.5,,2.0,183,1628,0.26229508196721313,0.7229076011460348,-0.9341406479421054,-0.3529697269374594,-0.48859020212511595,57510.158940506306,-0.42489841059493694
24,atr,4.0,1.5,,3.0,258,1553,0.2713178294573643,0.7272291603909568,-0.8984349145067081,-0.4554848389203754,-0.6019253968984477,46786.53124734622,-0.5321346875265378
24,atr,4.0,1.5,,4.0,333,1478,0.27627627627627627,0.7134695919044115,-0.8652255928454249,-0.5500415557568207,-0.7019788184726936,35465.74924218815,-0.6453425075781185
24,atr,4.0,1.5,,5.0,404,1407,0.27722772277227725,0.699506089195109,-0.8735643353234763,-0.6337783597395205,-0.7811756517965742,26298.13980929809,-0.7370186019070191
24,atr,4.0,1.5,,6.0,474,1337,0.27637130801687765,0.7057804806613995,-0.8383237474986228,-0.6973568734301516,-0.8339720224136891,20720.108230363472,-0.7927989176963652
24,atr,4.0,1.5,,8.0,597,1214,0.2814070351758794,0.727128912359583,-0.6449735726384488,-0.767884545532263,-0.8880976825682729,14287.305729593178,-0.8571269427040682
24,atr,4.0,1.5,,12.0,821,990,0.2850182704019488,0.7021308104205588,-0.5082484228281514,-0.8909346053241086,-0.9630900299344923,5091.151271152597,-0.9490884872884741
24,atr,4.0,1.5,,,1811,0,0.31639977912755385,0.5069552298699805,0.29331903578926005,-0.9994262050570896,-0.9999821259343131,2.7425462711422774,-0.9999725745372886
24,atr,4.0,1.5,0.5,1.0,140,1671,0.12142857142857143,0.49118631419537023,-1.8771319484696007,-0.37980226281421847,-0.5191015979116005,51933.3036149921,-0.480666963850079
24,atr,4.0,1.5,0.5,2.0,243,1568,0.13580246913580246,0.560997680004565,-1.5150122943936808,-0.4953398900170557,-0.6435325122234854,39434.24633722632,-0.6056575366277368
24,atr,4.0,1.5,0.5,3.0,344,1467,0.14244186046511628,0.5459589968275307,-1.4190338261919815,-0.6011240027239542,-0.7494458141532226,27911.035360545506,-0.7208896463945449
24,atr,4.0,1.5,0.5,4.0,439,1372,0.1480637813211845,0.5376802881913896,-1.325906867294787,-0.6761387479882037,-0.8172781723575624,20623.676974178088,-0.7937632302582192
24,atr,4.0,1.5,0.5,5.0,531,1280,0.1487758945386064,0.5196180220006366,-1.3075380609361986,-0.7499896537768482,-0.8758224131748005,14161.752931658251,-0.8583824706834176
24,atr,4.0,1.5,0.5,6.0,616,1195,0.15097402597402598,0.5236369241323807,-1.2441740240357548,-0.8010899466648737,-0.9107904484518066,10585.964914401859,-0.8941403508559814
24,atr,4.0,1.5,0.5,8.0,773,1038,0.15653298835705046,0.524545027409881,-1.0850586847337198,-0.867630267990387,-0.9510106155787239,6009.196179593392,-0.9399080382040661
24,atr,4.0,1.5,0.5,12.0,1016,795,0.17125984251968504,0.5474186776394079,-0.7789707379647066,-0.9264270877638844,-0.9793080138477376,2743.981012948986,-0.9725601898705102
24,atr,4.0,1.5,0.5,,1811,0,0.20320265046935396,0.4547168686596073,0.1061835868396505,-0.9900763652698229,-0.9988818683767821,159.98029047279502,-0.9984001970952721
24,atr,4.0,1.5,1.0,1.0,117,1694,0.18803418803418803,0.5571412414687328,-1.6334029927954723,-0.3307909586488249,-0.4629337848592908,57998.99249224375,-0.4200100750775625
24,atr,4.0,1.5,1.0,2.0,206,1605,0.1941747572815534,0.6299591121312427,-1.3091179184843986,-0.4400091821194352,-0.5853885447416103,46624.782688066756,-0.5337521731193324
24,atr,4.0,1.5,1.0,3.0,289,1522,0.20069204152249134,0.6498133196036663,-1.196320103236319,-0.5307435680324569,-0.67926892828741,37696.18607105112,-0.6230381392894888
24,atr,4.0,1.5,1.0,4.0,374,1437,0.20053475935828877,0.6261564844646434,-1.1783175840370028,-0.6327664210237727,-0.778127472973626,26403.745421454194,-0.735962545785458
24,atr,4.0,1.5,1.0,5.0,456,1355,0.19956140350877194,0.5997918887365643,-1.1916603927345397,-0.7180236229113731,-0.8503057981177601,17990.132643195542,-0.8200986735680446
24,atr,4.0,1.5,1.0,6.0,527,1284,0.2030360531309298,0.6029414262168159,-1.1378824769545899,-0.7710219499764156,-0.8892753640689426,13818.312272498944,-0.8618168772750106
24,atr,4.0,1.5,1.0,8.0,663,1148,0.21116138763197587,0.6149999695750364,-0.9542380049785658,-0.8355585915859196,-0.9321690329997856,8660.426215545376,-0.9133957378445462
24,atr,4.0,1.5,1.0,12.0,895,916,0.2245810055865922,0.6281539316678365,-0.6675494165671578,-0.9131004171195626,-0.9734638260687966,3660.2488542146884,-0.9633975114578531
24,atr,4.0,1.5,1.0,,1811,0,0.2501380452788515,0.4668850762267746,0.12696441198777378,-0.997433036658872,-0.9998425169472032,24.163755845012464,-0.9997583624415499
24,atr,4.0,2.0,,1.0,84,1727,0.2976190476190476,0.8336999160016436,-0.5613228047350898,-0.11015142951002632,-0.2117892753574716,87969.4457385255,-0.12030554261474502
24,atr,4.0,2.0,,2.0,156,1655,0.3141025641025641,0.8712938883454446,-0.3294387142066245,-0.14647947855867438,-0.3477371536960191,82801.96681840593,-0.17198033181594075
24,atr,4.0,2.0,,3.0,220,1591,0.33181818181818185,0.9052559939627725,-0.19338899399681655,-0.17416512919545124,-0.42932807488156743,81929.73117424457,-0.1807026882575542
24,atr,4.0,2.0,,4.0,286,1525,0.3321678321678322,0.8669438668863976,-0.24086348306302577,-0.26839374791306236,-0.526466110997532,68710.53520123656,-0.31289464798763433
24,atr,4.0,2.0,,5.0,350,1461,0.3342857142857143,0.8572876101118053,-0.20668252792508826,-0.33024645721711776,-0.6067396221055481,60437.505210776435,-0.3956249478922357
24,atr,4.0,2.0,,6.0,412,1399,0.3325242718446602,0.835369118643639,-0.2354565045189819,-0.415398446155681,-0.6732372343119299,49606.21520184956,-0.5039378479815044
24,atr,4.0,2.0,,8.0,532,1279,0.32894736842105265,0.833046098667185,-0.16984469310962402,-0.5335049633012213,-0.7694041756938477,37090.8205491058,-0.629091794508942
24,atr,4.0,2.0,,12.0,738,1073,0.3265582655826558,0.8033261774591364,-0.1281946139608627,-0.7297011848022605,-0.887228663358586,17422.778649659514,-0.8257722135034049
24,atr,4.0,2.0,,,1811,0,0.35284373274434017,0.43686948621203364,0.5592470673429318,-0.9984941246015693,-0.9999288870005614,9.276213179195796,-0.999907237868208
24,atr,4.0,2.0,0.5,1.0,108,1703,0.14814814814814814,0.6172169514462658,-1.260467899850377,-0.21770792892376856,-0.30703479296538316,72958.38956281786,-0.2704161043718214
24,atr,4.0,2.0,0.5,2.0,206,1605,0.16019417475728157,0.6807045450136604,-1.013438492584978,-0.3265707967906999,-0.4415649060323783,60888.75095857348,-0.3911124904142652
24,atr,4.0,2.0,0.5,3.0,297,1514,0.16498316498316498,0.6803461031992782,-0.9704036138714655,-0.4365380469240975,-0.5653291813496608,48678.276290003945,-0.5132172370999606
24,atr,4.0,2.0,0.5,4.0,382,1429,0.17277486910994763,0.6833370086312414,-0.8440125563140617,-0.49901547928187073,-0.6373899565596676,41039.80115866579,-0.5896019884133421
24,atr,4.0,2.0,0.5,5.0,460,1351,0.18043478260869567,0.6823011993142839,-0.7543500855305534,-0.5553825339583924,-0.697602354658564,34507.780891167444,-0.6549221910883256
24,atr,4.0,2.0,0.5,6.0,533,1278,0.18574108818011256,0.672687113615557,-0.6906853902162073,-0.6099515177867623,-0.7523868140602255,28531.403642762496,-0.714685963572375
24,atr,4.0,2.0,0.5,8.0,672,1139,0.19196428571428573,0.6696614123535826,-0.5777993859403816,-0.7081888886518638,-0.8400063643667781,18719.6957041559,-0.812803042958441
24,atr,4.0,2.0,0.5,12.0,910,901,0.1967032967032967,0.6282560268045323,-0.42802941461683564,-0.8344612434493589,-0.9315825732007731,8217.117405427749,-0.9178288259457226
24,atr,4.0,2.0,0.5,,1811,0,0.23136388735505245,0.48243626930034,0.4074168773553886,-0.9726733590115508,-0.9957038069283286,600.4852675292889,-0.9939951473247071
24,atr,4.0,2.0,1.0,1.0,88,1723,0.22727272727272727,0.6890091372728918,-1.0547022622318654,-0.1804293459998899,-0.25856189956221143,78061.8265092112,-0.21938173490788804
24,atr,4.0,2.0,1.0,2.0,164,1647,0.24390243902439024,0.7773578495069464,-0.6481142626138922,-0.2238882409014552,-0.3545125497439652,72122.7492820604,-0.27877250717939606
24,atr,4.0,2.0,1.0,3.0,234,1577,0.24786324786324787,0.8011740908344281,-0.544758259358522,-0.2912398685094276,-0.45188735499571875,65616.37599015169,-0.3438362400984831
24,atr,4.0,2.0,1.0,4.0,310,1501,0.24193548387096775,0.7633771787949324,-0.5992930435379434,-0.39837802591161064,-0.550188163451835,51717.57700880884,-0.48282422991191165
24,atr,4.0,2.0,1.0,5.0,376,1435,0.25,0.7616164329239646,-0.5302215849833585,-0.4585329420616949,-0.6167832838035312,44380.20910514976,-0.5561979089485023
24,atr,4.0,2.0,1.0,6.0,443,1368,0.24830699774266365,0.7352768624802767,-0.5553072444025581,-0.545449068736042,-0.6962827741394418,34421.01393369241,-0.6557898606630759
24,atr,4.0,2.0,1.0,8.0,571,1240,0.25569176882662,0.7534256534107744,-0.41493364236523234,-0.6335366674717813,-0.7789552543188869,26123.59559164608,-0.7387640440835392
24,atr,4.0,2.0,1.0,12.0,785,1026,0.26369426751592356,0.7356249440490334,-0.2943833872827186,-0.7806497623332831,-0.897263354483615,12864.049568481621,-0.8713595043151838
24,atr,4.0,2.0,1.0,,1811,0,0.28934290447266703,0.43285078331681603,0.46005359678603736,-0.9920027977519282,-0.9991962117525212,104.84877861162181,-0.9989515122138838
24,atr,4.0,3.0,,1.0,70,1741,0.38571428571428573,0.9876643699524715,0.03417861352752778,-0.00428754489705141,-0.12069381892330522,99377.88952933873,-0.006221104706612635
24,atr,4.0,3.0,,2.0,128,1683,0.3984375,1.0134675135427755,0.15581828735863273,0.008507407249956023,-0.21465490241742502,101237.97360169912,0.012379736016991272
24,atr,4.0,3.0,,3.0,181,1630,0.4088397790055249,1.0330699365375662,0.2552983534831043,0.02969027647384337,-0.2918241043841142,104340.96301605242,0.04340963016052424
24,atr,4.0,3.0,,4.0,235,1576,0.4127659574468085,1.0272753064181273,0.29359998421431605,0.032448921932450636,-0.37375109793728967,104747.20764392318,0.04747207643923179
24,atr,4.0,3.0,,5.0,291,1520,0.40893470790378006,0.9935598445106738,0.2591080988574003,-0.009662987870659556,-0.457628477854085,98599.63892996439,-0.01400361070035605
24,atr,4.0,3.0,,6.0,348,1463,0.40229885057471265,0.9667208214207789,0.23260282838239263,-0.06240541740863248,-0.5394308567780095,91065.78776143062,-0.08934212238569383
24,atr,4.0,3.0,,8.0,450,1361,0.39111111111111113,0.9383218558430301,0.2336325353484261,-0.1562121911001626,-0.6514891732059482,78138.05058914743,-0.21861949410852566
24,atr,4.0,3.0,,12.0,642,1169,0.37850467289719625,0.8522542822617858,0.11418626554236179,-0.47492531047146747,-0.8101148877517903,39233.263209600846,-0.6076673679039916
24,atr,4.0,3.0,,,237,1574,0.3291139240506329,0.32043308977249385,-0.3807084815380553,-1.0,-1.0045039241333422,-519.1020270829014,-1.005191020270829
24,atr,4.0,3.0,0.5,1.0,79,1732,0.24050632911392406,0.8419038082258363,-0.36400113141458873,-0.053904150798331774,-0.1318123758814591,92267.47833254382,-0.07732521667456183
24,atr,4.0,3.0,0.5,2.0,148,1663,0.22972972972972974,0.8320678192010091,-0.3436070354238225,-0.105447456508304,-0.23266538912087986,85057.62761624761,-0.1494237238375239
24,atr,4.0,3.0,0.5,3.0,214,1597,0.21962616822429906,0.8081884670272285,-0.3573790161923767,-0.16471156831958822,-0.33440191956586507,76997.52634160189,-0.23002473658398115
24,atr,4.0,3.0,0.5,4.0,284,1527,0.22535211267605634,0.7974671328853802,-0.3385454928792505,-0.22256007017361845,-0.4185495280775613,69375.57642753776,-0.30624423572462245
24,atr,4.0,3.0,0.5,5.0,349,1462,0.22922636103151864,0.7743284464429198,-0.3566388375318441,-0.2947987730236157,-0.4831737885168099,60213.34812352592,-0.3978665187647409
24,atr,4.0,3.0,0.5,6.0,415,1396,0.23373493975903614,0.7660393948032581,-0.34846550533516574,-0.36308573022765045,-0.5604270464670011,51933.901024258535,-0.48066098975741467
24,atr,4.0,3.0,0.5,8.0,535,1276,0.23925233644859814,0.7595792872790187,-0.27372427402567123,-0.4586539984085294,-0.6626143311724175,41011.35041945215,-0.5898864958054785
24,atr,4.0,3.0,0.5,12.0,738,1073,0.24932249322493225,0.7411440823135099,-0.1736172185771072,-0.6194676447372244,-0.8140824471438219,24579.256209187653,-0.7542074379081235
24,atr,4.0,3.0,0.5,,1811,0,0.2860298177802319,0.6695861300565259,0.5330338820346346,-0.9411110977259003,-0.9861737600329147,1635.3850511546148,-0.9836461494884539
24,atr,4.0,3.0,1.0,1.0,71,1740,0.3380281690140845,0.8501603068532142,-0.3590892823138616,-0.05260191595204278,-0.13836445644043127,92451.98774574303,-0.07548012254256975
24,atr,4.0,3.0,1.0,2.0,132,1679,0.3333333333333333,0.843290942513979,-0.33068007709469727,-0.0988812332673954,-0.24409848457841743,85965.9146080898,-0.1403408539191019
24,atr,4.0,3.0,1.0,3.0,186,1625,0.34408602150537637,0.8906782883278362,-0.1383809003751899,-0.09712772027571026,-0.32984049369787616,86208.9809534978,-0.13791019046502206
24,atr,4.0,3.0,1.0,4.0,243,1568,0.3497942386831276,0.9175682504667628,-0.00802447883431575,-0.09558995912374824,-0.40087977022689525,86422.31631470654,-0.13577683685293462
24,atr,4.0,3.0,1.0,5.0,301,1510,0.34551495016611294,0.891486489896996,-0.03289279502672103,-0.15382404090408752,-0.48136905625151893,78459.45312728819,-0.21540546872711808
24,atr,4.0,3.0,1.0,6.0,360,1451,0.3416666666666667,0.8751113869972291,-0.04667539720733427,-0.21620532058243214,-0.5603721038273934,70200.70147036333,-0.29799298529636664
24,atr,4.0,3.0,1.0,8.0,465,1346,0.33978494623655914,0.8732499232859154,0.029230939197603112,-0.28846228524867656,-0.6610512372150179,61000.7368440135,-0.38999263155986497
24,atr,4.0,3.0,1.0,12.0,657,1154,0.3394216133942161,0.8233883719887205,0.019193082329091643,-0.5225354478703653,-0.8151083838002167,34174.346524917084,-0.6582565347508291
24,atr,4.0,3.0,1.0,,1811,0,0.37106570955273327,0.33617685941027226,0.5825340065056591,-0.9934938256763487,-0.9994212990003714,66.69847295123702,-0.9993330152704877
24,atr,5.0,0.5,,1.0,177,1634,0.14124293785310735,0.4123649101999551,-2.1637315761793414,-0.6735398443440892,-0.8129823964957972,20774.083411231404,-0.792259165887686
24,atr,5.0,0.5,,2.0,304,1507,0.16776315789473684,0.5130750132245344,-1.8845996360173247,-0.7899721411039665,-0.9014460229019323,11466.43357675159,-0.8853356642324841
24,atr,5.0,0.5,,3.0,404,1407,0.18316831683168316,0.5439226522140802,-1.6783236405616908,-0.8547977812720763,-0.942342981180937,7029.503341786818,-0.9297049665821319
24,atr,5.0,0.5,,4.0,508,1303,0.1830708661417323,0.5503100470184397,-1.6936907150218459,-0.9177522541784061,-0.9747458336676617,3232.007888100278,-0.9676799211189973
24,atr,5.0,0.5,,5.0,612,1199,0.18627450980392157,0.5538600353886796,-1.6321985885456904,-0.9485106326512442,-0.9872563368707326,1635.091849349998,-0.9836490815065
24,atr,5.0,0.5,,6.0,709,1102,0.1847672778561354,0.539253770482623,-1.6181066867387093,-0.9699016793240948,-0.9941561250324543,765.545990010407,-0.9923445400998959
24,atr,5.0,0.5,,8.0,896,915,0.18638392857142858,0.5590007809706321,-1.4250496985083434,-0.9878543978777073,-0.9984353817600277,218.04411813337242,-0.9978195588186662
24,atr,5.0,0.5,,12.0,1167,644,0.19365895458440446,0.6367493105233732,-1.1963762538332103,-0.9971111966552609,-0.9998055710481555,31.619226385436534,-0.9996838077361456
24,atr,5.0,0.5,,,1811,0,0.21258972943125345,0.6891643336492812,-0.6129840740835661,-0.9999789720734248,-0.9999998472892633,0.029269428586804837,-0.9999997073057141
24,atr,5.0,0.5,0.5,1.0,265,1546,0.07924528301886792,0.3352542858341786,-2.7734273382849826,-0.8087745900070005,-0.9139963695910502,9553.360530278049,-0.9044663946972196
24,atr,5.0,0.5,0.5,2.0,434,1377,0.10138248847926268,0.40064901264082275,-2.400438018213218,-0.8901123978044212,-0.9616984429103592,4324.861176805605,-0.9567513882319439
24,atr,5.0,0.5,0.5,3.0,578,1233,0.10726643598615918,0.4164047464273182,-2.3634649733189845,-0.9396305344260858,-0.9839495544402199,1879.4458570702222,-0.9812055414292977
24,atr,5.0,0.5,0.5,4.0,714,1097,0.11064425770308123,0.4511361178146472,-2.2889273279700375,-0.9656530707845257,-0.9929230829760125,871.5653284039652,-0.9912843467159603
24,atr,5.0,0.5,0.5,5.0,823,988,0.11421628189550426,0.46002885817489614,-2.1471954246109344,-0.9781445705336752,-0.9963290026238024,467.26227271535186,-0.9953273772728465
24,atr,5.0,0.5,0.5,6.0,929,882,0.11840688912809473,0.49967105623528185,-1.9663840517782682,-0.9846461525827405,-0.9978014503064813,285.2106024790986,-0.997147893975209
24,atr,5.0,0.5,0.5,8.0,1121,690,0.12488849241748438,0.5546834576131564,-1.7525490034002509,-0.9926956406019523,-0.9992523871684859,103.52656681114499,-0.9989647343318886
24,atr,5.0,0.5,0.5,12.0,1362,449,0.13656387665198239,0.60615075599812,-1.3489488846485476,-0.9967354433448085,-0.9997677818417176,37.469212576088935,-0.9996253078742391
24,atr,5.0,0.5,0.5,,1811,0,0.1413583655438984,0.6183567216883263,-1.074219859675354,-0.9995534322929959,-0.9999870803786434,2.3107123045979896,-0.999976892876954
24,atr,5.0,0.5,1.0,1.0,230,1581,0.09130434782608696,0.3696698618109554,-2.479533390688229,-0.7504471618709465,-0.8733991603880594,14062.935000508023,-0.8593706499949197
24,atr,5.0,0.5,1.0,2.0,384,1427,0.11197916666666667,0.40411028304703817,-2.2422896400235834,-0.8636068816812936,-0.9475780318932698,5919.282449690755,-0.9408071755030925
24,atr,5.0,0.5,1.0,3.0,510,1301,0.12352941176470589,0.42884255261466436,-2.0973859400256596,-0.9162146045244066,-0.974163423697087,3025.3643808536117,-0.9697463561914639
24,atr,5.0,0.5,1.0,4.0,631,1180,0.12678288431061807,0.45333839640623674,-2.0409582779881084,-0.9533155189526411,-0.9889484257073693,1361.068519680095,-0.986389314803199
24,atr,5.0,0.5,1.0,5.0,729,1082,0.13168724279835392,0.47094547064260356,-1.9075538257359208,-0.9689602568360851,-0.9938896363766427,777.7565879724089,-0.9922224341202759
24,atr,5.0,0.5,1.0,6.0,828,983,0.13405797101449277,0.48282009336224724,-1.8321143962982311,-0.9800819461446441,-0.9967915265975027,416.2246752311805,-0.9958377532476882
24,atr,5.0,0.5,1.0,8.0,1027,784,0.13924050632911392,0.5235519059949253,-1.671325574255566,-0.9922821981016328,-0.9991901485878161,112.14512752644796,-0.9988785487247355
24,atr,5.0,0.5,1.0,12.0,1272,539,0.15330188679245282,0.6092978212411219,-1.266807927596994,-0.9970087656050406,-0.9997954762228386,33.000627255018564,-0.9996699937274498
24,atr,5.0,0.5,1.0,,1811,0,0.1612368856985091,0.6204808094289325,-0.9268237535057909,-0.9998251549368363,-0.9999966902821824,0.5919527728168837,-0.9999940804722718
24,atr,5.0,1.0,,1.0,128,1683,0.1875,0.6233728429381376,-1.2626787822286236,-0.3723425025738385,-0.5160467406812947,53389.18012133381,-0.4661081987866619
24,atr,5.0,1.0,,2.0,216,1595,0.2175925925925926,0.6928274367162444,-1.023722582069986,-0.4859257198663003,-0.6378515981541821,41983.14110241489,-0.5801685889758511
24,atr,5.0,1.0,,3.0,296,1515,0.22972972972972974,0.7083616461075677,-0.958238860659534,-0.5858140670580938,-0.7353883891043453,32449.146943598007,-0.6755085305640199
24,atr,5.0,1.0,,4.0,376,1435,0.23138297872340424,0.6906862281123194,-0.9522683488473098,-0.6875494282444836,-0.8268774216619116,21548.224500006483,-0.7845177549999351
24,atr,5.0,1.0,,5.0,457,1354,0.22975929978118162,0.684324886409845,-0.958186828339851,-0.7692419979371807,-0.8884959092846689,14108.566223335003,-0.8589143377666499
24,atr,5.0,1.0,,6.0,537,1274,0.22905027932960895,0.6755690269124228,-0.9174671328556715,-0.8273645205300203,-0.9276869050251294,9146.272410413743,-0.9085372758958625
24,atr,5.0,1.0,,8.0,676,1135,0.23224852071005916,0.6824210145553967,-0.7284532313271622,-0.8871703204982415,-0.9613683696759635,5078.698393613254,-0.9492130160638674
24,atr,5.0,1.0,,12.0,929,882,0.23681377825618946,0.6515227097825023,-0.4813157064317295,-0.9549895068960035,-0.9899378076387837,1453.6033526399428,-0.9854639664736006
24,atr,5.0,1.0,,,1811,0,0.2639425731639978,0.5411992846632709,0.21262357279786884,-0.9998427171230939,-0.9999973049458551,0.42630038011746013,-0.9999957369961988
24,atr,5.0,1.0,0.5,1.0,180,1631,0.10555555555555556,0.4484687423644797,-1.9579537484916534,-0.5311537147835337,-0.6831906279669611,34950.054167234775,-0.6504994583276522
24,atr,5.0,1.0,0.5,2.0,308,1503,0.11038961038961038,0.4783366418234566,-1.743202543997868,-0.6841556019180662,-0.8215027766717441,20258.068812440364,-0.7974193118755963
24,atr,5.0,1.0,0.5,3.0,428,1383,0.11682242990654206,0.4694234399618367,-1.6031089199742745,-0.7718192020437419,-0.8901066979983185,12569.0940022783,-0.874309059977217
24,atr,5.0,1.0,0.5,4.0,540,1271,0.12037037037037036,0.4653657099002178,-1.5065534719594826,-0.8378448224818793,-0.9341452824506536,7653.247635643381,-0.9234675236435662
24,atr,5.0,1.0,0.5,5.0,639,1172,0.12363067292644757,0.45518894393235854,-1.438975250994246,-0.8819701540726975,-0.9589730189549894,4765.96683702521,-0.9523403316297478
24,atr,5.0,1.0,0.5,6.0,727,1084,0.13067400275103164,0.49193043863250024,-1.2602866083043858,-0.9005218923981584,-0.9679431307817693,3844.132329748465,-0.9615586767025154
24,atr,5.0,1.0,0.5,8.0,890,921,0.13595505617977527,0.49525190073116443,-1.0810175405093865,-0.938638782759228,-0.9842178346530059,1967.8154227496882,-0.9803218457725031
24,atr,5.0,1.0,0.5,12.0,1132,679,0.14752650176678445,0.5208730626782146,-0.7241166033160126,-0.9672752036036552,-0.9937002127099425,864.9764752867442,-0.9913502352471325
24,atr,5.0,1.0,0.5,,1811,0,0.1695196024295969,0.4582467489892046,-0.05492255716652684,-0.9956901380931666,-0.9996714236371994,47.555576329753116,-0.9995244442367025
24,atr,5.0,1.0,1.0,1.0,146,1665,0.13013698630136986,0.4858903714730388,-1.8139255484628178,-0.47402053360530216,-0.625607213876674,41302.59174740452,-0.5869740825259548
24,atr,5.0,1.0,1.0,2.0,259,1552,0.138996138996139,0.5344396582867174,-1.6006895291787613,-0.632874689404604,-0.7779086192707205,25746.610304681533,-0.7425338969531847
24,atr,5.0,1.0,1.0,3.0,351,1460,0.14814814814814814,0.5680915706818789,-1.4545903303440832,-0.7137959369480447,-0.8453060390052208,18970.018188605634,-0.8102998181139437
24,atr,5.0,1.0,1.0,4.0,450,1361,0.1511111111111111,0.5492086527011969,-1.4490383104170292,-0.8035377194793284,-0.9117538356871251,10983.825322684279,-0.8901617467731572
24,atr,5.0,1.0,1.0,5.0,541,1270,0.15526802218114602,0.5451877408020152,-1.371081196656998,-0.8530441440395129,-0.9421014231174398,7325.882852763716,-0.9267411714723628
24,atr,5.0,1.0,1.0,6.0,626,1185,0.1597444089456869,0.5508938105030576,-1.2536173772727572,-0.8872249096708795,-0.961037464824072,4928.041880149137,-0.9507195811985086
24,atr,5.0,1.0,1.0,8.0,783,1028,0.16475095785440613,0.5527415019849271,-1.0325199671836858,-0.9284496020981969,-0.9800636490362205,2620.927793235252,-0.9737907220676475
24,atr,5.0,1.0,1.0,12.0,1032,779,0.18023255813953487,0.5670442254489523,-0.6208215656095107,-0.9632596861077775,-0.9925073599797372,1082.4009582203742,-0.9891759904177962
24,atr,5.0,1.0,1.0,,1811,0,0.20596355604638322,0.4881088407328079,0.05804338215735173,-0.9986641728490613,-0.9999397538421617,9.529663823613356,-0.9999047033617638
24,atr,5.0,1.5,,1.0,101,1710,0.2376237623762376,0.7122810093047401,-0.976620587070098,-0.22569982793677612,-0.3132708390479072,72510.86793535665,-0.2748913206464334
24,atr,5.0,1.5,,2.0,182,1629,0.26373626373626374,0.7979900827747186,-0.5377717038310116,-0.26543047793451013,-0.41152852975505294,67170.37646523566,-0.3282962353476434
24,atr,5.0,1.5,,3.0,257,1554,0.2723735408560311,0.7883318148691176,-0.4916276769089714,-0.34881324482774434,-0.49585487990841914,56386.94182333748,-0.4361305817666252
24,atr,5.0,1.5,,4.0,332,1479,0.27710843373493976,0.7828780016674959,-0.4196355236968579,-0.4306629751080042,-0.5895295631005838,46392.978466974,-0.5360702153302601
24,atr,5.0,1.5,,5.0,403,1408,0.27791563275434245,0.7618647472613417,-0.43665561881231985,-0.527337049697192,-0.6842502854521052,35405.76040278821,-0.6459423959721179
24,atr,5.0,1.5,,6.0,472,1339,0.2775423728813559,0.7591108236832944,-0.3952206003434796,-0.5935417300635011,-0.749487662610542,28437.49077030362,-0.7156250922969638
24,atr,5.0,1.5,,8.0,596,1215,0.28187919463087246,0.7818656960425256,-0.23847087007767506,-0.6744566598964101,-0.8317753196870767,21166.66558431613,-0.7883333441568386
24,atr,5.0,1.5,,12.0,821,990,0.2850182704019488,0.7414709647760969,-0.12648503876673164,-0.8334614118203341,-0.9340768221958599,7996.006891156211,-0.9200399310884378
24,atr,5.0,1.5,,,1811,0,0.3147432357813363,0.4103888852140486,0.5503785902605478,-0.9990964308126647,-0.9999674908117996,4.096627340020778,-0.9999590337265998
24,atr,5.0,1.5,0.5,1.0,140,1671,0.12142857142857143,0.5554947874019064,-1.5379200548508385,-0.3457281815596679,-0.4622973647999843,56775.34461391771,-0.4322465538608229
24,atr,5.0,1.5,0.5,2.0,241,1570,0.13692946058091288,0.6502646948748498,-1.1013460261146473,-0.4312619586994234,-0.5594053078846531,48007.572173744855,-0.5199242782625515
24,atr,5.0,1.5,0.5,3.0,343,1468,0.14285714285714285,0.6289105388737062,-1.024898454664079,-0.5342339018926131,-0.6738481605278228,35778.42347030437,-0.6422157652969562
24,atr,5.0,1.5,0.5,4.0,438,1373,0.14840182648401826,0.6218987558387621,-0.909359523662173,-0.6055092282573147,-0.7470206832171704,28109.911087805653,-0.7189008891219435
24,atr,5.0,1.5,0.5,5.0,530,1281,0.1490566037735849,0.5984437668160312,-0.892251873923656,-0.6882681878616761,-0.8221013380180546,19968.489117153233,-0.8003151088284677
24,atr,5.0,1.5,0.5,6.0,614,1197,0.15146579804560262,0.5889888284396888,-0.8043311964938465,-0.741306730346686,-0.8659675881363949,15230.289786484964,-0.8476971021351504
24,atr,5.0,1.5,0.5,8.0,771,1040,0.1556420233463035,0.5763902041879051,-0.6388800465277792,-0.8176827258925612,-0.9208815513401809,9065.807043453427,-0.9093419295654657
24,atr,5.0,1.5,0.5,12.0,1015,796,0.17044334975369457,0.5681086983655912,-0.37488475007549277,-0.8925373475947995,-0.9641945441098106,4207.101537202377,-0.9579289846279763
24,atr,5.0,1.5,0.5,,1811,0,0.20320265046935396,0.4129452119590613,0.4061342952325664,-0.9820246622610497,-0.9981791110598703,313.39515095287277,-0.9968660484904712
24,atr,5.0,1.5,1.0,1.0,117,1694,0.18803418803418803,0.6171336286860761,-1.352926005080389,-0.29987336281680843,-0.40670748433223247,62645.010139043945,-0.37354989860956056
24,atr,5.0,1.5,1.0,2.0,205,1606,0.1951219512195122,0.698664643943815,-0.8812708236090037,-0.36423131253788765,-0.493064973766976,54458.34623953659,-0.4554165376046341
24,atr,5.0,1.5,1.0,3.0,288,1523,0.2013888888888889,0.7089998576046813,-0.7325944276643742,-0.436577251826308,-0.5830191666064808,45694.679472017444,-0.5430532052798256
24,atr,5.0,1.5,1.0,4.0,373,1438,0.20107238605898123,0.6887166773336084,-0.7056287444826616,-0.537168308081615,-0.6906233647961673,34341.234789464244,-0.6565876521053575
24,atr,5.0,1.5,1.0,5.0,455,1356,0.2,0.6576669122932787,-0.7187975313198302,-0.6350494344846824,-0.7831221799811218,24319.021612615496,-0.756809783873845
24,atr,5.0,1.5,1.0,6.0,525,1286,0.2038095238095238,0.654745511237385,-0.6502206364254866,-0.6877145547508443,-0.8291623986489036,19393.027753718314,-0.8060697224628168
24,atr,5.0,1.5,1.0,8.0,662,1149,0.21148036253776434,0.6722393527883621,-0.48100289121386414,-0.7635988788975917,-0.8868783001221641,13299.356634706712,-0.8670064336529328
24,atr,5.0,1.5,1.0,12.0,895,916,0.2245810055865922,0.6632774205220632,-0.2381004680094547,-0.8651942661499981,-0.951504649512656,5882.136899375699,-0.941178631006243
24,atr,5.0,1.5,1.0,,1811,0,0.2501380452788515,0.3838339316245165,0.44784476745189156,-0.9950231901994543,-0.9996125592019284,48.823137515341095,-0.9995117686248466
24,atr,5.0,2.0,,1.0,84,1727,0.2976190476190476,0.8607719999372021,-0.29170676527659833,-0.07087960056353226,-0.21178927535747172,89872.8210783217,-0.10127178921678304
24,atr,5.0,2.0,,2.0,156,1655,0.3141025641025641,0.906187750129859,-0.10295812548297525,-0.08960817352090067,-0.3477371536960191,87253.73611819826,-0.12746263881801745
24,atr,5.0,2.0,,3.0,220,1591,0.33181818181818185,0.9388043988379594,0.061859318255179874,-0.0836534387905642,-0.4317768294057419,88083.85431914714,-0.11916145680852863
24,atr,5.0,2.0,,4.0,286,1525,0.3321678321678322,0.9086348563342665,0.033783805101146216,-0.16103253632031522,-0.5284766690631744,77490.57130060162,-0.22509428699398382
24,atr,5.0,2.0,,5.0,350,1461,0.3342857142857143,0.9008365662445948,0.06727467203145958,-0.213077040863774,-0.6083991810705918,70608.00377834031,-0.2939199622165969
24,atr,5.0,2.0,,6.0,412,1399,0.3325242718446602,0.8803064700730947,0.04929368887549756,-0.29613873791571554,-0.6746044507770257,60047.24916017379,-0.3995275083982621
24,atr,5.0,2.0,,8.0,532,1279,0.32894736842105265,0.8666862243683883,0.09589111152363565,-0.4195220229158718,-0.770313086895825,45386.5236041194,-0.546134763958806
24,atr,5.0,2.0,,12.0,738,1073,0.3265582655826558,0.8291699781050907,0.1359536842473869,-0.64740588922523,-0.887818929993543,22002.44337842068,-0.7799755662157932
24,atr,5.0,2.0,,,1811,0,0.35284373274434017,0.39861489345007034,0.6839898965395526,-0.9975845016746124,-0.999869161875772,15.8171720166162,-0.9998418282798338
24,atr,5.0,2.0,0.5,1.0,108,1703,0.14814814814814814,0.6333366347680242,-0.9825531882296807,-0.18646310843031433,-0.2829550919975107,74102.63095176267,-0.2589736904823734
24,atr,5.0,2.0,0.5,2.0,206,1605,0.16019417475728157,0.6822707206996512,-0.7469453831790701,-0.2803301755420977,-0.40654798760829547,61911.432130164714,-0.3808856786983529
24,atr,5.0,2.0,0.5,3.0,297,1514,0.16498316498316498,0.6756348555384711,-0.6942532340095625,-0.3792793363231536,-0.5244674146143894,49776.78510624437,-0.5022321489375563
24,atr,5.0,2.0,0.5,4.0,382,1429,0.17277486910994763,0.6964564690529547,-0.5403866914914767,-0.4270887229978071,-0.5915100470228543,44306.878946081364,-0.5569312105391864
24,atr,5.0,2.0,0.5,5.0,460,1351,0.18043478260869567,0.7028267823824501,-0.4494365864448612,-0.4784983534249083,-0.6578062316052502,38651.64609869659,-0.6134835390130341
24,atr,5.0,2.0,0.5,6.0,533,1278,0.18574108818011256,0.6993237404308978,-0.37946228420912326,-0.5307091239198383,-0.7131917322592116,33161.123290838696,-0.6683887670916131
24,atr,5.0,2.0,0.5,8.0,672,1139,0.19196428571428573,0.6967814073870597,-0.29422600812438193,-0.6394667648785857,-0.7938563051519274,22611.858252287773,-0.7738814174771222
24,atr,5.0,2.0,0.5,12.0,910,901,0.1967032967032967,0.6653940353053357,-0.13279723996430295,-0.7814263563181281,-0.9030840402425433,10931.125129997947,-0.8906887487000206
24,atr,5.0,2.0,0.5,,1811,0,0.23136388735505245,0.5384337352731774,0.5833660749706625,-0.9560691396317603,-0.9947852437124959,1063.175672315062,-0.9893682432768494
24,atr,5.0,2.0,1.0,1.0,88,1723,0.22727272727272727,0.718987234626646,-0.7313304974153564,-0.1422063870544088,-0.22561097721669632,80028.82849871393,-0.19971171501286067
24,atr,5.0,2.0,1.0,2.0,164,1647,0.24390243902439024,0.8132920581356358,-0.3875779074014873,-0.17040212281501066,-0.3545125497439655,76236.84133941078,-0.23763158660589223
24,atr,5.0,2.0,1.0,3.0,234,1577,0.24786324786324787,0.8260888184005233,-0.28259020127573065,-0.22019660051485734,-0.45423930759779074,69682.10340710374,-0.30317896592896254
24,atr,5.0,2.0,1.0,4.0,310,1501,0.24193548387096775,0.7975033678917037,-0.3120699541498602,-0.3167553548487836,-0.5520980010305108,57509.77613321203,-0.4249022386678797
24,atr,5.0,2.0,1.0,5.0,376,1435,0.25,0.7993905878519802,-0.24635910574598247,-0.3706977638389152,-0.6184004585118597,51034.87345256523,-0.4896512654743477
24,atr,5.0,2.0,1.0,6.0,443,1368,0.24830699774266365,0.7766282372016072,-0.2572730228884816,-0.45770553311960205,-0.6816914215463266,41115.75105519493,-0.5888424894480506
24,atr,5.0,2.0,1.0,8.0,571,1240,0.25569176882662,0.7837985473906913,-0.1376005705274499,-0.5490126608333814,-0.7756265864475007,31456.825200428797,-0.685431747995712
24,atr,5.0,2.0,1.0,12.0,785,1026,0.26369426751592356,0.7626566848631878,-0.009245638090294168,-0.7135060252454766,-0.8892721068933201,16275.145593518662,-0.8372485440648134
24,atr,5.0,2.0,1.0,,1811,0,0.28934290447266703,0.44260930109946484,0.6332017705718608,-0.9866666825643072,-0.9984357669563921,189.1019400561007,-0.998108980599439
24,atr,5.0,3.0,,1.0,70,1741,0.38571428571428573,1.0458931349377114,0.18338955499257548,0.016134435343779563,-0.12069381892330489,102351.86152201216,0.023518615220121664
24,atr,5.0,3.0,,2.0,128,1683,0.3984375,1.0643967013116016,0.28417513518661697,0.0415394050778779,-0.21465490241742535,106089.36695662684,0.060893669566268294
24,atr,5.0,3.0,,3.0,181,1630,0.4088397790055249,1.0743355232619847,0.3584534949655892,0.06839990503245685,-0.29182410438411355,110086.09915412954,0.10086099154129546
24,atr,5.0,3.0,,4.0,235,1576,0.4127659574468085,1.0650736523539073,0.3916417520367568,0.0800523203009551,-0.373751097937289,111834.18628436817,0.11834186284368164
24,atr,5.0,3.0,,5.0,291,1520,0.40893470790378006,1.0302576077044883,0.3625522939088194,0.047407042440249514,-0.45762847785408467,106958.51238848771,0.06958512388487703
24,atr,5.0,3.0,,6.0,348,1463,0.40229885057471265,0.9982781045399047,0.3318856726475673,-0.0033889041874844983,-0.53943085677801,99508.17953295536,-0.004918204670446458
24,atr,5.0,3.0,,8.0,450,1361,0.39111111111111113,0.9670911815245078,0.33522583149858276,-0.08875007546313851,-0.6514891732059479,87373.20800172561,-0.1262679199827439
24,atr,5.0,3.0,,12.0,642,1169,0.37850467289719625,0.8823773174388274,0.2332083517894591,-0.4130092633693201,-0.8101148877517903,46127.97940159685,-0.5387202059840315
24,atr,5.0,3.0,,,237,1574,0.3291139240506329,0.32043308977249385,-0.3807084815380553,-1.0,-1.0045039241333422,-519.1020270829014,-1.005191020270829
24,atr,5.0,3.0,0.5,1.0,79,1732,0.24050632911392406,0.9032298003950311,-0.1793083811334632,-0.03338837571893449,-0.1318123758814589,95187.58432830583,-0.0481241567169417
24,atr,5.0,3.0,0.5,2.0,148,1663,0.22972972972972974,0.8749600328796938,-0.20653022563928405,-0.07987776235012822,-0.2326653891208802,88611.46810474522,-0.11388531895254783
24,atr,5.0,3.0,0.5,3.0,214,1597,0.21962616822429906,0.8486904192523566,-0.22324803705691593,-0.13295079641637597,-0.33440191956586507,81286.0300422747,-0.18713969957725307
24,atr,5.0,3.0,0.5,4.0,284,1527,0.22535211267605634,0.8398266284523781,-0.19403583354086526,-0.1816151575569428,-0.4185495280775613,74744.84453117216,-0.2525515546882784
24,atr,5.0,3.0,0.5,5.0,349,1462,0.22922636103151864,0.8152240055400009,-0.23263137305526557,-0.2503819674875225,-0.4831737885168099,65799.11261367735,-0.3420088738632264
24,atr,5.0,3.0,0.5,6.0,415,1396,0.23373493975903614,0.7988970966718835,-0.2465665966545122,-0.32423712537485727,-0.5604270464670009,56597.40574670851,-0.43402594253291493
24,atr,5.0,3.0,0.5,8.0,535,1276,0.23925233644859814,0.7898994498380162,-0.1759318747596223,-0.41952686338764167,-0.6626143311724175,45385.97392582427,-0.5461402607417574
24,atr,5.0,3.0,0.5,12.0,738,1073,0.24932249322493225,0.7757195795726668,-0.05477905202525794,-0.576466712279379,-0.8140824471438219,28714.323163220415,-0.7128567683677958
24,atr,5.0,3.0,0.5,,1811,0,0.2860298177802319,0.7232510152290371,0.616523220856098,-0.9275758742516216,-0.9861737600329147,2208.5954106744553,-0.9779140458932555
24,atr,5.0,3.0,1.0,1.0,71,1740,0.3380281690140845,0.8972269422127924,-0.21004993542523506,-0.03640467371914069,-0.13836445644043127,94756.48607431249,-0.05243513925687515
24,atr,5.0,3.0,1.0,2.0,132,1679,0.3333333333333333,0.8728235678076366,-0.2320052307352175,-0.08112289929525629,-0.24409848457841732,88437.3639705766,-0.11562636029423401
24,atr,5.0,3.0,1.0,3.0,186,1625,0.34408602150537637,0.9172256975515329,-0.053661277629787736,-0.07462084128491875,-0.32984049369787605,89347.70350340832,-0.10652296496591673
24,atr,5.0,3.0,1.0,4.0,243,1568,0.3497942386831276,0.9394056509136512,0.05956236649625375,-0.07149479623142896,-0.40087977022689514,89786.40687380372,-0.10213593126196285
24,atr,5.0,3.0,1.0,5.0,301,1510,0.34551495016611294,0.9171608414419613,0.049372109202247376,-0.12067447012357091,-0.4813690562515188,82962.92635916205,-0.1703707364083794
24,atr,5.0,3.0,1.0,6.0,360,1451,0.3416666666666667,0.8987903572101,0.03542500308247738,-0.1809439093955183,-0.5603721038273934,74833.90149237325,-0.25166098507626755
24,atr,5.0,3.0,1.0,8.0,465,1346,0.33978494623655914,0.897899694483174,0.11879403695363812,-0.2434003588689183,-0.6610512372150172,66691.03783986998,-0.3330896216013002
24,atr,5.0,3.0,1.0,12.0,657,1154,0.3394216133942161,0.852184740458166,0.13206677839474268,-0.4719646433080501,-0.8151083838002166,39554.96720361302,-0.6044503279638698
24,atr,5.0,3.0,1.0,,1811,0,0.37106570955273327,0.36537971089736737,0.6585533219597768,-0.9918674290513555,-0.9991998100514503,92.22629246094299,-0.9990777370753906
48,h4_level,,0.5,,1.0,177,1634,0.1638418079096045,0.4537607908722889,-2.0876326998316777,-0.6508910502118652,-0.7847793597776468,22770.140612403164,-0.7722985938759683
48,h4_level,,0.5,,2.0,288,1523,0.18055555555555555,0.5256237829238106,-1.6372770626071196,-0.7602375820444157,-0.8752947952241357,13580.758271788907,-0.8641924172821109
48,h4_level,,0.5,,3.0,384,1427,0.1953125,0.5425629843903124,-1.432394044755543,-0.8323804732752571,-0.9258514742154716,8360.630723849474,-0.9163936927615053
48,h4_level,,0.5,,4.0,477,1334,0.19916142557651992,0.5399892473690591,-1.2915571367111098,-0.889385868188806,-0.9594559216252418,4656.706372762743,-0.9534329362723726
48,h4_level,,0.5,,5.0,569,1242,0.19859402460456943,0.5606300487049052,-1.0606899551973412,-0.9204316177783366,-0.9748733168277149,2882.3182995148895,-0.9711768170048511
48,h4_level,,0.5,,6.0,647,1164,0.2009273570324575,0.5493175529660548,-0.9783544475775683,-0.9443605973336211,-0.9850549950546665,1711.3252461277932,-0.9828867475387221
48,h4_level,,0.5,,8.0,818,993,0.19682151589242053,0.5143443119566786,-0.7029883266010621,-0.9750976453948269,-0.9953504726557245,542.7937409972072,-0.994572062590028
48,h4_level,,0.5,,12.0,1058,753,0.20321361058601134,0.4420502956783142,-0.451018408629093,-0.9934108354457523,-0.9993257989354613,84.06334566146893,-0.9991593665433853
48,h4_level,,0.5,,,233,1578,0.09871244635193133,0.3073586890809828,-1.545169741203767,-1.0,-1.029026300005656,-3870.8967763427654,-1.0387089677634276
48,h4_level,,0.5,0.5,1.0,245,1566,0.11836734693877551,0.38688804741577815,-2.1194416751567147,-0.7488038294561872,-0.8665652295805244,14117.272775957605,-0.858827272240424
48,h4_level,,0.5,0.5,2.0,387,1424,0.12919896640826872,0.42908977622996497,-1.822337053188045,-0.8424885701366926,-0.9322561261027058,7255.609248941524,-0.9274439075105847
48,h4_level,,0.5,0.5,3.0,514,1297,0.13618677042801555,0.43156466598503096,-1.6200883229758192,-0.8962602991733749,-0.9630634837561384,3998.411548440778,-0.9600158845155922
48,h4_level,,0.5,0.5,4.0,637,1174,0.13971742543171115,0.4329418968522897,-1.381953574729533,-0.9300447851217116,-0.9791590557577976,2299.821695345447,-0.9770017830465455
48,h4_level,,0.5,0.5,5.0,741,1070,0.1417004048582996,0.4415023700755275,-1.2167122588510089,-0.9510588453246154,-0.987595294282672,1372.0568008110058,-0.9862794319918899
48,h4_level,,0.5,0.5,6.0,849,962,0.1413427561837456,0.411940403151696,-1.1627214823966159,-0.9693448841562924,-0.9937121175750514,697.042388353608,-0.9930295761164639
48,h4_level,,0.5,0.5,8.0,1016,795,0.1437007874015748,0.4043295332497134,-0.9307405037702817,-0.984706781454959,-0.9977097681074202,257.9452438409561,-0.9974205475615905
48,h4_level,,0.5,0.5,12.0,1250,561,0.1552,0.37749321927282736,-0.6366475406444575,-0.9937303458996345,-0.9993727549869986,75.33463335531273,-0.9992466536664468
48,h4_level,,0.5,0.5,,1811,0,0.17835450027609057,0.30775206101437524,-0.03699001170295685,-0.9993353406786777,-0.999975907485069,3.0115450695944945,-0.999969884549304
48,h4_level,,0.5,1.0,1.0,218,1593,0.13302752293577982,0.4272328849627154,-2.0015044302395273,-0.7005856284778746,-0.8278024200834797,18218.34143678688,-0.8178165856321312
48,h4_level,,0.5,1.0,2.0,353,1458,0.141643059490085,0.4642732231533065,-1.6606414431006804,-0.8086022223506388,-0.9100963135745828,9629.003793481761,-0.9037099620651824
48,h4_level,,0.5,1.0,3.0,461,1350,0.15184381778741865,0.47419418047276735,-1.459121264129507,-0.866383133432338,-0.9466546879415024,5774.678650841115,-0.9422532134915889
48,h4_level,,0.5,1.0,4.0,578,1233,0.15397923875432526,0.45485415729121514,-1.3339868368835952,-0.918066624184587,-0.9737813747888833,2893.254853614315,-0.9710674514638569
48,h4_level,,0.5,1.0,5.0,669,1142,0.15695067264573992,0.4646668025183457,-1.1301300471346487,-0.9390075863202162,-0.9829220231199219,1888.9568891321896,-0.9811104311086781
48,h4_level,,0.5,1.0,6.0,754,1057,0.15915119363395225,0.44817870938355087,-1.097121100141721,-0.959850820243003,-0.9906956661523907,1031.4307184632135,-0.9896856928153679
48,h4_level,,0.5,1.0,8.0,925,886,0.1589189189189189,0.4246651518270292,-0.8625638374390765,-0.9816234777460731,-0.9970096102388856,336.80293188182907,-0.9966319706811817
48,h4_level,,0.5,1.0,12.0,1157,654,0.17026793431287812,0.3981945703597492,-0.5293362765876983,-0.9931293733610969,-0.9992835706330112,86.0460307668573,-0.9991395396923314
48,h4_level,,0.5,1.0,,1811,0,0.19878520154610713,0.2978715540354884,0.12238629381829018,-0.9997229182107802,-0.9999932393216017,0.8450793848546115,-0.9999915492061514
48,h4_level,,1.0,,1.0,139,1672,0.2158273381294964,0.4910348587916159,-1.8750666004004395,-0.4556779220952213,-0.5885779435529159,42835.87359705653,-0.5716412640294346
48,h4_level,,1.0,,2.0,229,1582,0.24017467248908297,0.5832528409577824,-1.4253774771630447,-0.5581089886003352,-0.6960599972367908,32355.71741072983,-0.6764428258927018
48,h4_level,,1.0,,3.0,308,1503,0.2532467532467532,0.5957231739857295,-1.2982410989564777,-0.6513725798992365,-0.7845929176043301,23504.855083215236,-0.7649514491678476
48,h4_level,,1.0,,4.0,386,1425,0.25647668393782386,0.6020947168892768,-1.2113210838930006,-0.7319500315021611,-0.852946007685312,16281.339852982092,-0.8371866014701791
48,h4_level,,1.0,,5.0,466,1345,0.24892703862660945,0.5855841950550612,-1.2009322455718041,-0.8068286301875705,-0.9086218791467592,10124.646308607948,-0.8987535369139206
48,h4_level,,1.0,,6.0,540,1271,0.24814814814814815,0.584803448833783,-1.0762364833606846,-0.851218401644162,-0.9374609030411692,6937.558480284637,-0.9306244151971537
48,h4_level,,1.0,,8.0,673,1138,0.2451708766716196,0.5716418786908117,-0.8963482177553167,-0.9090186450220138,-0.9693854659649891,3450.5295485528495,-0.9654947045144715
48,h4_level,,1.0,,12.0,898,913,0.2505567928730512,0.5254647872683683,-0.570044160461765,-0.960521647575775,-0.9908944971634406,1077.197529343675,-0.9892280247065632
48,h4_level,,1.0,,,231,1580,0.1038961038961039,0.23461197932871766,-1.4139678362465289,-1.0,-1.087124857816368,-10837.061254378892,-1.1083706125437889
48,h4_level,,1.0,0.5,1.0,178,1633,0.15730337078651685,0.4523611104512806,-1.8083896511529363,-0.5043959432307665,-0.6409581899075039,37382.2194317836,-0.6261778056821641
48,h4_level,,1.0,0.5,2.0,301,1510,0.16279069767441862,0.5014652347658448,-1.5556565897395638,-0.6383760794522435,-0.7728323648326294,23909.13358012699,-0.7609086641987302
48,h4_level,,1.0,0.5,3.0,411,1400,0.170316301703163,0.5104191049889505,-1.3255323590863692,-0.7155758768111006,-0.8397210095167709,17031.759468369404,-0.829682405316306
48,h4_level,,1.0,0.5,4.0,512,1299,0.173828125,0.5210947451597718,-1.1666218961260784,-0.7792874351921981,-0.8891049209830469,11961.326506251866,-0.8803867349374813
48,h4_level,,1.0,0.5,5.0,613,1198,0.17128874388254486,0.49593960156405104,-1.185666095250881,-0.8451537748076978,-0.9337245854898756,7165.085052610917,-0.9283491494738908
48,h4_level,,1.0,0.5,6.0,691,1120,0.17510853835021709,0.49995422252100935,-1.0611268780186582,-0.8727461315756613,-0.9501613164149832,5402.886297662049,-0.9459711370233795
48,h4_level,,1.0,0.5,8.0,851,960,0.17391304347826086,0.46994741255143613,-0.9196348486536732,-0.9222413587225192,-0.975629196670802,2674.832548577644,-0.9732516745142236
48,h4_level,,1.0,0.5,12.0,1091,720,0.18056828597616864,0.42648350049722983,-0.7330969424517366,-0.9641176187939854,-0.9920738475777845,911.4059366633722,-0.9908859406333663
48,h4_level,,1.0,0.5,,1811,0,0.21755935946990612,0.2733482227664423,0.08159932951930848,-0.9958832183822109,-0.9996585284022816,40.445498014074715,-0.9995955450198593
48,h4_level,,1.0,1.0,1.0,151,1660,0.18543046357615894,0.46566858656606036,-1.8194924481157124,-0.47158393313015323,-0.6059230824896764,41029.95637075438,-0.5897004362924563
48,h4_level,,1.0,1.0,2.0,258,1553,0.20155038759689922,0.5501222404107327,-1.425711376484114,-0.5869874970936577,-0.7244771494217825,29330.58963104889,-0.7066941036895111
48,h4_level,,1.0,1.0,3.0,349,1462,0.20630372492836677,0.5532126215804171,-1.3158227972190548,-0.6763958471038407,-0.8066789479343122,21094.86495431057,-0.7890513504568943
48,h4_level,,1.0,1.0,4.0,441,1370,0.20634920634920634,0.5411351805141311,-1.2874492341761465,-0.7670196002553844,-0.880041207586694,13281.447425479306,-0.8671855257452069
48,h4_level,,1.0,1.0,5.0,531,1280,0.2015065913370998,0.5156958186042121,-1.251763450312467,-0.8293016898426339,-0.9236463674234567,8459.941143421875,-0.9154005885657812
48,h4_level,,1.0,1.0,6.0,609,1202,0.2019704433497537,0.5111963567909545,-1.1450659658943763,-0.8689799445680195,-0.9480047632056078,5767.911810348071,-0.9423208818965193
48,h4_level,,1.0,1.0,8.0,758,1053,0.19788918205804748,0.4886153361171463,-0.9498446296145959,-0.9189046974502495,-0.9740957220602676,2919.6419048140087,-0.9708035809518599
48,h4_level,,1.0,1.0,12.0,985,826,0.20710659898477157,0.45785389586104974,-0.6164762712418795,-0.9598868827073722,-0.9906810893286309,1102.4440639421346,-0.9889755593605787
48,h4_level,,1.0,1.0,,1811,0,0.2484815019326339,0.27331394845143353,0.18097488742801865,-0.99877994356868,-0.9999416233661163,7.261201602830743,-0.9999273879839717
48,h4_level,,1.5,,1.0,109,1702,0.28440366972477066,0.5753863291878574,-1.5349720796240731,-0.2902492533233959,-0.39432375154079113,62504.542994908545,-0.3749545700509146
48,h4_level,,1.5,,2.0,190,1621,0.29473684210526313,0.6461576881477898,-1.18838203804794,-0.3909588082186112,-0.5150282075114998,50957.755955444,-0.49042244044555994
48,h4_level,,1.5,,3.0,264,1547,0.29924242424242425,0.6306714709954638,-1.2110045900452397,-0.5105445216164388,-0.6469494342420632,37815.1854223063,-0.621848145776937
48,h4_level,,1.5,,4.0,337,1474,0.29673590504451036,0.6160134261948955,-1.2109669098974494,-0.6145590167136901,-0.7504574058150224,27050.583709436414,-0.7294941629056358
48,h4_level,,1.5,,5.0,409,1402,0.2885085574572127,0.6050354239413707,-1.1722243453627408,-0.6937376195770153,-0.8213085511265661,19574.965969602265,-0.8042503403039774
48,h4_level,,1.5,,6.0,475,1336,0.2863157894736842,0.6044563055969486,-1.114027149529959,-0.7525684954251701,-0.8689137474356289,14555.714426611457,-0.8544428557338855
48,h4_level,,1.5,,8.0,596,1215,0.2802013422818792,0.58983103824627,-1.0217986495313167,-0.838141180986501,-0.9292288451168838,7950.214948610236,-0.9204978505138977
48,h4_level,,1.5,,12.0,803,1008,0.2851805728518057,0.5538166990724266,-0.8000142890349736,-0.9249581738701111,-0.9768258597482012,2718.1497683540388,-0.9728185023164596
48,h4_level,,1.5,,,233,1578,0.11158798283261803,0.21082759048889066,-1.409436540665417,-1.0,-1.0879465391127743,-10920.481799098518,-1.1092048179909852
48,h4_level,,1.5,0.5,1.0,142,1669,0.19718309859154928,0.4904361409605671,-1.7057248830066645,-0.35878895974226155,-0.4773830695428575,53932.992226003655,-0.4606700777399635
48,h4_level,,1.5,0.5,2.0,242,1569,0.21074380165289255,0.5618770791100116,-1.3598042224710933,-0.4590167611543283,-0.5917061802145988,42509.49379559255,-0.5749050620440745
48,h4_level,,1.5,0.5,3.0,334,1477,0.2155688622754491,0.5528905104429912,-1.2985666191690914,-0.5620447486337219,-0.6995923828551602,31542.717492901447,-0.6845728250709855
48,h4_level,,1.5,0.5,4.0,418,1393,0.21770334928229665,0.5552765715065447,-1.1893149288170777,-0.6320691924971286,-0.7667516439839808,24792.09956880106,-0.7520790043119894
48,h4_level,,1.5,0.5,5.0,510,1301,0.21176470588235294,0.5340990524088358,-1.2219317332430841,-0.7158350716163875,-0.8397242835971594,17219.394660309223,-0.8278060533969078
48,h4_level,,1.5,0.5,6.0,595,1216,0.21008403361344538,0.524450969307289,-1.1490298826711802,-0.7694299041815893,-0.8816852898497751,12887.916276645681,-0.8711208372335432
48,h4_level,,1.5,0.5,8.0,746,1065,0.2037533512064343,0.4939959014955042,-1.0633399383012883,-0.8541524336233066,-0.939164838751838,6717.765979217315,-0.9328223402078268
48,h4_level,,1.5,0.5,12.0,972,839,0.21193415637860083,0.46539395895803604,-0.8319372315007026,-0.9228061974851343,-0.975854429253005,2771.959442306477,-0.9722804055769352
48,h4_level,,1.5,0.5,,1811,0,0.2523467697404749,0.2621932252597373,0.06309359608853313,-0.9927268936641005,-0.9992185623628821,93.42547544193506,-0.9990657452455807
48,h4_level,,1.5,1.0,1.0,120,1691,0.24166666666666667,0.5209143457712162,-1.68894897230938,-0.3286067445137051,-0.44127743453433943,57659.01949137757,-0.4234098050862243
48,h4_level,,1.5,1.0,2.0,209,1602,0.2535885167464115,0.602137185325046,-1.2978231128199085,-0.4238454690368826,-0.5525928329277445,47010.70368525644,-0.5298929631474356
48,h4_level,,1.5,1.0,3.0,292,1519,0.2534246575342466,0.6112788822890557,-1.1602451305814427,-0.5158400762804365,-0.6524835659312828,37222.42552818172,-0.6277757447181829
48,h4_level,,1.5,1.0,4.0,369,1442,0.25474254742547425,0.5896568259435249,-1.192899927517727,-0.621109251008656,-0.7565928545999063,26385.496967461462,-0.7361450303253854
48,h4_level,,1.5,1.0,5.0,449,1362,0.24721603563474387,0.5580247174209613,-1.2092012909219483,-0.7107594724786805,-0.8355497255361373,18014.89968667689,-0.8198510031332311
48,h4_level,,1.5,1.0,6.0,518,1293,0.2471042471042471,0.5497181651357735,-1.1659220603274612,-0.7668917652110436,-0.8797889788445463,13348.137280916599,-0.8665186271908341
48,h4_level,,1.5,1.0,8.0,646,1165,0.24148606811145512,0.5332563073389813,-1.0730455498375193,-0.8469270635330263,-0.9347390276260785,7331.217909116935,-0.9266878209088306
48,h4_level,,1.5,1.0,12.0,862,949,0.2470997679814385,0.507111669971601,-0.8267548335121072,-0.9224732869907225,-0.9757030430909533,2849.847592033424,-0.9715015240796657
48,h4_level,,1.5,1.0,,1811,0,0.28768636112644946,0.25312946310323897,0.08928138098387274,-0.9982800417130361,-0.9999037478510523,11.951804486132971,-0.9998804819551387
48,h4_level,,2.0,,1.0,91,1720,0.3516483516483517,0.6566476175178488,-1.202428230781577,-0.1797775533529007,-0.2521561283638296,76740.95025679332,-0.23259049743206672
48,h4_level,,2.0,,2.0,164,1647,0.34146341463414637,0.6724187314842944,-1.1233091825612085,-0.2976504351713297,-0.4030307896766847,62193.85299215387,-0.37806147007846125
48,h4_level,,2.0,,3.0,230,1581,0.34347826086956523,0.683986912120939,-1.0211310807039566,-0.38530937677432875,-0.5081147211049595,52056.48121313177,-0.47943518786868233
48,h4_level,,2.0,,4.0,295,1516,0.3389830508474576,0.6628012844666897,-1.0857057011477516,-0.49351497986017867,-0.6286930010978597,39697.62530423777,-0.6030237469576223
48,h4_level,,2.0,,5.0,357,1454,0.33613445378151263,0.6499960409213825,-1.0965536061621333,-0.5814796224002431,-0.7185486225878764,30357.031429188257,-0.6964296857081174
48,h4_level,,2.0,,6.0,417,1394,0.328537170263789,0.6378737073564115,-1.133493667351413,-0.6584042011868136,-0.7904452827834155,22853.128344407756,-0.7714687165559224
48,h4_level,,2.0,,8.0,530,1281,0.3169811320754717,0.6282337736350052,-1.0380627326190504,-0.7609551967899113,-0.8752242599567968,13912.782785489628,-0.8608721721451037
48,h4_level,,2.0,,12.0,730,1081,0.3136986301369863,0.5856570625900005,-0.9139049219169925,-0.8846541977980064,-0.9567003642635961,5055.166232478,-0.94944833767522
48,h4_level,,2.0,,,234,1577,0.12393162393162394,0.19361813090775265,-1.3017545947556226,-1.0,-1.138294172640318,-17194.08550954409,-1.1719408550954409
48,h4_level,,2.0,0.5,1.0,118,1693,0.2457627118644068,0.5474217226353693,-1.493092197706998,-0.2372949020235161,-0.32709770567843044,69050.72496380149,-0.3094927503619851
48,h4_level,,2.0,0.5,2.0,213,1598,0.23943661971830985,0.5805142100705061,-1.313719953948569,-0.3597017189744993,-0.4780746832154176,54185.71673987408,-0.4581428326012592
48,h4_level,,2.0,0.5,3.0,294,1517,0.24489795918367346,0.5825829855779397,-1.2694279773625068,-0.46815740382160675,-0.6013905464994213,41997.97340884183,-0.5800202659115816
48,h4_level,,2.0,0.5,4.0,369,1442,0.24661246612466126,0.5798243040427067,-1.207139911565545,-0.5459103198095763,-0.6831497837022702,33726.76973816619,-0.662732302618338
48,h4_level,,2.0,0.5,5.0,445,1366,0.2449438202247191,0.5721963380654289,-1.1755849428506033,-0.617153236555979,-0.7527089525334474,26556.476429690007,-0.7344352357030999
48,h4_level,,2.0,0.5,6.0,520,1291,0.2403846153846154,0.5569799310259695,-1.1719668405422075,-0.6825958752883946,-0.8116495964342927,20452.280283511314,-0.7954771971648869
48,h4_level,,2.0,0.5,8.0,656,1155,0.2347560975609756,0.5411051317941811,-1.098111025035354,-0.7847811114597039,-0.892871962770017,11868.15373721375,-0.8813184626278625
48,h4_level,,2.0,0.5,12.0,887,924,0.23337091319052988,0.49112669649013946,-0.9567529255038478,-0.8906994579575032,-0.959956840764255,4600.899341740671,-0.9539910065825933
48,h4_level,,2.0,0.5,,1811,0,0.2766427388183324,0.2803654345672852,0.00879929516839206,-0.9890747423706969,-0.9985878835373583,170.2174373288274,-0.9982978256267118
48,h4_level,,2.0,1.0,1.0,97,1714,0.30927835051546393,0.5759982870352609,-1.4757644554194145,-0.21656976335140632,-0.3003786275950877,71792.53715197265,-0.28207462848027354
48,h4_level,,2.0,1.0,2.0,173,1638,0.3063583815028902,0.6363030695105875,-1.231390133376505,-0.3185257827603828,-0.4286264993984412,59527.22332325922,-0.40472776676740785
48,h4_level,,2.0,1.0,3.0,243,1568,0.3045267489711934,0.6572801929286746,-1.0918760045392464,-0.4001289628901804,-0.5252439766648276,50243.682968284345,-0.4975631703171566
48,h4_level,,2.0,1.0,4.0,312,1499,0.2980769230769231,0.6295625712422547,-1.160549445680414,-0.5075462533840234,-0.6435386855276637,38110.425440993,-0.61889574559007
48,h4_level,,2.0,1.0,5.0,379,1432,0.2955145118733509,0.605357877727387,-1.2118971347265832,-0.6007135964485535,-0.7371377596264923,28352.027856239154,-0.7164797214376084
48,h4_level,,2.0,1.0,6.0,443,1368,0.28893905191873587,0.59223375596864,-1.2422263759781742,-0.6732879507623469,-0.8035745796682481,21421.30418522742,-0.7857869581477258
48,h4_level,,2.0,1.0,8.0,563,1248,0.27886323268206037,0.5767915833602003,-1.1469214140765438,-0.7747452414126869,-0.8855407274862399,12762.472863055938,-0.8723752713694406
48,h4_level,,2.0,1.0,12.0,776,1035,0.27963917525773196,0.5456465134118829,-0.9650302233522556,-0.8845595565401148,-0.9566487554258777,5061.191485330477,-0.9493880851466953
48,h4_level,,2.0,1.0,,1811,0,0.32357813362782994,0.25478705227186016,0.055643494269794896,-0.9973855394513857,-0.9998230421165182,22.001136577811977,-0.9997799886342219
48,h4_level,,3.0,,1.0,77,1734,0.4155844155844156,0.7221654610052554,-0.9695986796821285,-0.1061909773779588,-0.15207118350040816,86420.56290016335,-0.13579437099836655
48,h4_level,,3.0,,2.0,134,1677,0.417910447761194,0.7271930120231054,-0.9355042407033461,-0.18172348013025652,-0.25412102915580403,76898.38903916602,-0.23101610960833974
48,h4_level,,3.0,,3.0,187,1624,0.42245989304812837,0.7174392176406998,-0.9401045139814762,-0.2567113260371744,-0.35130247169221385,67653.01387819245,-0.3234698612180755
48,h4_level,,3.0,,4.0,240,1571,0.4166666666666667,0.6968407181686357,-0.991138534724235,-0.3410388756368953,-0.4553894763640107,57243.63581544519,-0.42756364184554807
48,h4_level,,3.0,,5.0,296,1515,0.40540540540540543,0.658238478751949,-1.1181001057754416,-0.44598979038534303,-0.5766878772482148,44790.83265731889,-0.5520916734268111
48,h4_level,,3.0,,6.0,352,1459,0.39204545454545453,0.6432984278521828,-1.1740775333218119,-0.5320748330296883,-0.6687612740958956,35332.29318431693,-0.6466770681568308
48,h4_level,,3.0,,8.0,452,1359,0.37831858407079644,0.6186422381536149,-1.2162497222435893,-0.6668318203407367,-0.7977464297433119,21920.11413646284,-0.7807988586353716
48,h4_level,,3.0,,12.0,631,1180,0.36608557844690964,0.5780792419218688,-1.2321653032901267,-0.8238733516297729,-0.9198651714860893,8993.611718318829,-0.9100638828168117
48,h4_level,,3.0,,,231,1580,0.13852813852813853,0.15233411405801303,-1.1315592004182886,-1.0,-1.1980447490583308,-23309.319701805074,-1.2330931970180508
48,h4_level,,3.0,0.5,1.0,88,1723,0.3409090909090909,0.6567797840161125,-1.1381051374432158,-0.12351902652527458,-0.17584119786775954,83997.93262531124,-0.16002067374688766
48,h4_level,,3.0,0.5,2.0,158,1653,0.3227848101265823,0.6714998882142534,-1.0396149325453126,-0.20521816137035853,-0.2850221061576017,73712.5597908579,-0.2628744020914211
48,h4_level,,3.0,0.5,3.0,223,1588,0.3183856502242152,0.6357036892175667,-1.162521933438774,-0.302360203346723,-0.4083517077229759,61703.31839068594,-0.38296681609314054
48,h4_level,,3.0,0.5,4.0,286,1525,0.3146853146853147,0.6244210878459875,-1.1580803466414538,-0.380558144348876,-0.5021756094872288,52325.97769191524,-0.4767402230808476
48,h4_level,,3.0,0.5,5.0,348,1463,0.3103448275862069,0.5868652646174066,-1.2749173291523577,-0.4781183201089735,-0.6118696164837147,41068.238122470866,-0.5893176187752913
48,h4_level,,3.0,0.5,6.0,412,1399,0.30339805825242716,0.5838672665515159,-1.2853298423250044,-0.5536923539684,-0.6907525093265685,32986.550643088965,-0.6701344935691104
48,h4_level,,3.0,0.5,8.0,523,1288,0.29636711281070743,0.5632323971027343,-1.2818317109189743,-0.669269299099885,-0.7998919559573169,21687.583361188626,-0.7831241663881138
48,h4_level,,3.0,0.5,12.0,720,1091,0.29444444444444445,0.5327878419459997,-1.2519531915907003,-0.8109503191912012,-0.9111856174276778,9967.726725952016,-0.9003227327404798
48,h4_level,,3.0,0.5,,1811,0,0.3241303147432358,0.30103256632021136,-0.15680476480857236,-0.9871529998375191,-0.9982117416199858,210.47306978537716,-0.9978952693021462
48,h4_level,,3.0,1.0,1.0,79,1732,0.3924050632911392,0.6991135941344117,-1.0461314711334642,-0.11421905848099734,-0.1631099941838975,85295.4917686577,-0.14704508231342306
48,h4_level,,3.0,1.0,2.0,139,1672,0.38848920863309355,0.7150416684738287,-0.9729561067156857,-0.18889561330063154,-0.26359722256074825,75921.4155145753,-0.24078584485424692
48,h4_level,,3.0,1.0,3.0,193,1618,0.39378238341968913,0.7066935038268382,-0.9787606714120134,-0.2656872177204811,-0.3626487220309724,66469.70733217259,-0.3353029266782741
48,h4_level,,3.0,1.0,4.0,247,1564,0.39271255060728744,0.689419718482169,-1.0110048666831926,-0.3465740264176187,-0.4620209345818709,56546.60782447992,-0.4345339217552008
48,h4_level,,3.0,1.0,5.0,304,1507,0.3782894736842105,0.6427679171157027,-1.1666505577536268,-0.45593801224999597,-0.5876828854124795,43627.446247428146,-0.5637255375257185
48,h4_level,,3.0,1.0,6.0,360,1451,0.36666666666666664,0.6249115793472245,-1.237268829056315,-0.5436598094557265,-0.6806050539692484,34068.95085695584,-0.6593104914304416
48,h4_level,,3.0,1.0,8.0,461,1350,0.3557483731019523,0.6036007335797229,-1.2457891038901276,-0.668114985992255,-0.7988767907911484,21797.606320395393,-0.7820239367960461
48,h4_level,,3.0,1.0,12.0,641,1170,0.3494539781591264,0.5761677635092701,-1.2186503283515204,-0.8142577810733141,-0.9134334045390006,9715.455336849715,-0.9028454466315029
48,h4_level,,3.0,1.0,,1811,0,0.40695748205411375,0.20908438132298543,0.02262424130336253,-0.9988695414564918,-0.9999475948724726,6.167938697479084,-0.9999383206130252
48,atr,2.0,0.5,,1.0,229,1582,0.24890829694323144,0.4622284380869563,-2.531793282226684,-0.7003867262309837,-0.8313337326325726,18585.89964639303,-0.8141410035360697
48,atr,2.0,0.5,,2.0,391,1420,0.27877237851662406,0.5422226601208987,-2.2488072149501934,-0.8159763457158775,-0.916897625949459,9577.47349063406,-0.9042252650936594
48,atr,2.0,0.5,,3.0,527,1284,0.2922201138519924,0.584960909040639,-2.123410111683546,-0.8775766712177103,-0.9540243102590227,5510.294639586507,-0.9448970536041349
48,atr,2.0,0.5,,4.0,644,1167,0.2981366459627329,0.6057376806878407,-2.040036155091068,-0.9199151354684915,-0.9751781303957758,3029.2657378281647,-0.9697073426217183
48,atr,2.0,0.5,,5.0,775,1036,0.29935483870967744,0.6195468802633372,-2.057374502352255,-0.9512372348659195,-0.987924603220945,1466.260870129696,-0.985337391298703
48,atr,2.0,0.5,,6.0,901,910,0.29633740288568255,0.6085222511753033,-2.1197793971479775,-0.9725749444446993,-0.9947652958681585,633.7866941322018,-0.993662133058678
48,atr,2.0,0.5,,8.0,1131,680,0.2891246684350133,0.5931119507614938,-2.25758195252173,-0.9922802852854566,-0.9991695963841017,102.35377337316133,-0.9989764622662684
48,atr,2.0,0.5,,12.0,1414,397,0.29066478076379065,0.626997991240573,-2.270223500822416,-0.9981287530156195,-0.9998939789436736,14.071853736693503,-0.999859281462633
48,atr,2.0,0.5,,,1811,0,0.3014908890115958,0.6506844509477977,-2.081897117428589,-0.9998112296676214,-0.9999962109177063,0.5120744582421686,-0.9999948792554175
48,atr,2.0,0.5,0.5,1.0,321,1490,0.1838006230529595,0.40579439774767195,-2.938979461334946,-0.8196646892474239,-0.9193057067388987,8891.237937781336,-0.9110876206221866
48,atr,2.0,0.5,0.5,2.0,521,1290,0.2053742802303263,0.4449110938596757,-2.782105305734682,-0.9008188958548681,-0.966136687008508,3767.0424667535062,-0.962329575332465
48,atr,2.0,0.5,0.5,3.0,685,1126,0.2116788321167883,0.46394464690001624,-2.666422253061989,-0.9400681127649609,-0.9837073910812913,1831.6721636781588,-0.9816832783632184
48,atr,2.0,0.5,0.5,4.0,844,967,0.21800947867298578,0.47945586004643587,-2.5979231492112365,-0.9653424272727466,-0.9926459331228261,842.8594668647751,-0.9915714053313522
48,atr,2.0,0.5,0.5,5.0,986,825,0.2231237322515213,0.4911278560937634,-2.5714305532714787,-0.9793071369298322,-0.996522822713739,399.3413740783307,-0.9960065862592167
48,atr,2.0,0.5,0.5,6.0,1115,696,0.22242152466367712,0.49756220830767334,-2.5839267650384445,-0.9883390636012753,-0.9984883286182435,173.94215469610182,-0.998260578453039
48,atr,2.0,0.5,0.5,8.0,1320,491,0.22424242424242424,0.5294552211979571,-2.5211207861502496,-0.9948506048008348,-0.9995387936656878,53.94870813728819,-0.9994605129186271
48,atr,2.0,0.5,0.5,12.0,1559,252,0.22963438101347017,0.5753264827879981,-2.4435756311045314,-0.9980513050701081,-0.999887546613768,14.223201181985816,-0.9998577679881802
48,atr,2.0,0.5,0.5,,1811,0,0.2413031474323578,0.5804923415435879,-2.2068476677697135,-0.9990246137378712,-0.999958843879392,5.308984706252302,-0.9999469101529375
48,atr,2.0,0.5,1.0,1.0,291,1520,0.20618556701030927,0.4393466676559168,-2.933347622108366,-0.7812379468751587,-0.8931720659723253,11770.752818520927,-0.8822924718147908
48,atr,2.0,0.5,1.0,2.0,460,1351,0.2326086956521739,0.48404424871714957,-2.5665748735539555,-0.8644938330744554,-0.9467191908082639,5927.094934234212,-0.9407290506576579
48,atr,2.0,0.5,1.0,3.0,611,1200,0.24058919803600654,0.4994771697587748,-2.4414660707144367,-0.9169154055770152,-0.9738164155871705,2943.650274402985,-0.9705634972559701
48,atr,2.0,0.5,1.0,4.0,745,1066,0.2523489932885906,0.5435439743468341,-2.3165732331150726,-0.9454908724261271,-0.9858039043484751,1627.033560103257,-0.9837296643989675
48,atr,2.0,0.5,1.0,5.0,875,936,0.2571428571428571,0.5593379314528317,-2.2909318701326393,-0.9665933399497613,-0.9930282759509136,800.6775704125446,-0.9919932242958746
48,atr,2.0,0.5,1.0,6.0,1007,804,0.253227408142999,0.545084990312876,-2.381215810170417,-0.9828518399039626,-0.9973532793117785,304.547869956403,-0.9969545213004359
48,atr,2.0,0.5,1.0,8.0,1220,591,0.25081967213114753,0.553037943362967,-2.4191417211980393,-0.9941520240978076,-0.9994451975531689,64.89693018327324,-0.9993510306981672
48,atr,2.0,0.5,1.0,12.0,1476,335,0.255420054200542,0.6047907719023708,-2.386154454453819,-0.9982554680156528,-0.999904244447868,12.111244737943956,-0.9998788875526206
48,atr,2.0,0.5,1.0,,1811,0,0.27112092766427387,0.6207705740943448,-2.065657791262265,-0.9995299588242473,-0.9999857448919628,1.8388553011724593,-0.9999816114469883
48,atr,2.0,1.0,,1.0,135,1676,0.22962962962962963,0.4790006269285064,-2.0979272811499943,-0.47212764120518513,-0.6118145136106539,41425.51202019445,-0.5857448797980556
48,atr,2.0,1.0,,2.0,247,1564,0.2874493927125506,0.6206360889761158,-1.6595978720967999,-0.568585891439265,-0.7104253751387343,32203.469348632458,-0.6779653065136755
48,atr,2.0,1.0,,3.0,343,1468,0.30903790087463556,0.6734681746989364,-1.409974126515778,-0.6358230573712994,-0.7735921112108732,25799.052681755424,-0.7420094731824458
48,atr,2.0,1.0,,4.0,439,1372,0.3120728929384966,0.6881391279684741,-1.3953695201835963,-0.7205200993849796,-0.8458572398352397,17936.435119402155,-0.8206356488059785
48,atr,2.0,1.0,,5.0,535,1276,0.308411214953271,0.6904830462678203,-1.458573511534496,-0.8005383929909129,-0.9055586891710236,11128.797716197258,-0.8887120228380274
48,atr,2.0,1.0,,6.0,631,1180,0.3090332805071315,0.6917643770767535,-1.459728016443902,-0.8550015995929211,-0.9405690181636085,7044.177814836181,-0.9295582218516382
48,atr,2.0,1.0,,8.0,799,1012,0.3016270337922403,0.6681567063438845,-1.5574426673905308,-0.9298013858384832,-0.9792765266394186,2511.0143459403716,-0.9748898565405962
48,atr,2.0,1.0,,12.0,1078,733,0.29777365491651203,0.6534780931989553,-1.6387955239925693,-0.9798462271201711,-0.9966169183586624,442.59325669303934,-0.9955740674330696
48,atr,2.0,1.0,,,1811,0,0.3202650469353948,0.6821876878565162,-1.2468381703840514,-0.9994539918964797,-0.9999820855653316,2.4486139485639242,-0.9999755138605143
48,atr,2.0,1.0,0.5,1.0,206,1605,0.1553398058252427,0.37047860151753415,-2.654572132874491,-0.6113246548706857,-0.751138927198473,26557.400325776543,-0.7344259967422346
48,atr,2.0,1.0,0.5,2.0,372,1439,0.1827956989247312,0.4491582500965381,-2.4888798132758563,-0.7555700635382373,-0.8731179752311709,13870.1729916976,-0.8612982700830241
48,atr,2.0,1.0,0.5,3.0,511,1300,0.19569471624266144,0.4955490468758229,-2.2256758419744638,-0.8148418480798573,-0.9152331252139357,9406.508382937507,-0.9059349161706249
48,atr,2.0,1.0,0.5,4.0,627,1184,0.19936204146730463,0.5060687813808248,-2.1203964428849993,-0.8673921674921852,-0.9478001580480367,5918.532913244391,-0.9408146708675561
48,atr,2.0,1.0,0.5,5.0,733,1078,0.20600272851296045,0.5247153647765692,-2.0292727394009398,-0.902079665347355,-0.9663956105935932,3843.5674862213336,-0.9615643251377867
48,atr,2.0,1.0,0.5,6.0,836,975,0.21052631578947367,0.5324024557701358,-1.9589020991376773,-0.9258249022550707,-0.9775499441325791,2576.334589558236,-0.9742366541044176
48,atr,2.0,1.0,0.5,8.0,1020,791,0.21666666666666667,0.5638359727387791,-1.873935849406411,-0.9572012277228733,-0.9898993364002758,1191.4905255650046,-0.9880850947443499
48,atr,2.0,1.0,0.5,12.0,1288,523,0.22282608695652173,0.5887767627089102,-1.8474041002303352,-0.9831520355036069,-0.9973920198407725,329.6032441215634,-0.9967039675587843
48,atr,2.0,1.0,0.5,,1811,0,0.2473771397018222,0.6570317095328407,-1.4498959899419621,-0.9953520190784977,-0.999598197940117,52.43527121036903,-0.9994756472878963
48,atr,2.0,1.0,1.0,1.0,170,1641,0.18823529411764706,0.42774673081912085,-2.361409357753747,-0.5447759514305655,-0.686926874399753,33409.838807690205,-0.6659016119230979
48,atr,2.0,1.0,1.0,2.0,307,1504,0.23127035830618892,0.5331338087144168,-2.0576706307240147,-0.6728072317282014,-0.8062047476879033,21551.886567177928,-0.7844811343282208
48,atr,2.0,1.0,1.0,3.0,415,1396,0.25301204819277107,0.5992990479990712,-1.7537749261623596,-0.721893132975602,-0.8469558685692069,17439.293438639917,-0.8256070656136009
48,atr,2.0,1.0,1.0,4.0,514,1297,0.25680933852140075,0.6058559125009664,-1.6986624001250386,-0.795453921936613,-0.9020421584566511,11398.618186160129,-0.8860138181383987
48,atr,2.0,1.0,1.0,5.0,612,1199,0.2581699346405229,0.6156130157993899,-1.686366422328651,-0.8494133579078355,-0.9372135825722696,7398.640835717279,-0.9260135916428273
48,atr,2.0,1.0,1.0,6.0,708,1103,0.2612994350282486,0.6204425642409435,-1.6535341525530838,-0.8906206522164997,-0.9605360109872196,4677.549441368024,-0.9532245055863198
48,atr,2.0,1.0,1.0,8.0,890,921,0.2573033707865168,0.6050709569255345,-1.6870780557805938,-0.9457885409034982,-0.9857619332662483,1725.1929348345411,-0.9827480706516546
48,atr,2.0,1.0,1.0,12.0,1157,654,0.25842696629213485,0.6104123934817689,-1.736593444018706,-0.9825270073044997,-0.9972503289473555,359.72701668037286,-0.9964027298331962
48,atr,2.0,1.0,1.0,,1811,0,0.2865819988956378,0.6792106747406045,-1.3605074493267024,-0.9983769687630069,-0.9999128304311525,11.914672504105036,-0.9998808532749589
48,atr,2.0,1.5,,1.0,106,1705,0.25471698113207547,0.5539663960434174,-1.9924323825733532,-0.3346191129722128,-0.45935132740109563,58278.10410957704,-0.41721895890422955
48,atr,2.0,1.5,,2.0,201,1610,0.2736318407960199,0.6238068960259713,-1.7447238598113914,-0.473622334457792,-0.6153177335734166,42244.57212453968,-0.5775542787546033
48,atr,2.0,1.5,,3.0,277,1534,0.2779783393501805,0.6328199698337312,-1.6580935397710628,-0.5785368878417332,-0.7214569143641532,31181.124954708746,-0.6881887504529125
48,atr,2.0,1.5,,4.0,358,1453,0.29329608938547486,0.6698676603547774,-1.5141004286279711,-0.6445720651196631,-0.7825273953377393,24877.502527992994,-0.7512249747200701
48,atr,2.0,1.5,,5.0,429,1382,0.29836829836829837,0.6850193367984404,-1.4765840780375958,-0.7094292057553069,-0.8376987715601432,18959.795133953805,-0.810402048660462
48,atr,2.0,1.5,,6.0,509,1302,0.3005893909626719,0.6969565059397697,-1.441428417790392,-0.7672669096556968,-0.8824233037782708,14012.908547896575,-0.8598709145210343
48,atr,2.0,1.5,,8.0,633,1178,0.3001579778830964,0.6998386081470342,-1.3375957365145383,-0.8445164987870772,-0.9345511339547892,7948.971572471599,-0.920510284275284
48,atr,2.0,1.5,,12.0,859,952,0.3061699650756694,0.7054680010443728,-1.2269988062021036,-0.931669824792325,-0.9801711339739455,2577.2607716839707,-0.9742273922831602
48,atr,2.0,1.5,,,1811,0,0.34014356709000554,0.6403538264151647,-0.5656947210215562,-0.9992448291785763,-0.9999714493005838,4.136478171866691,-0.9999586352182813
48,atr,2.0,1.5,0.5,1.0,153,1658,0.16339869281045752,0.44561147406928586,-2.3949337375588478,-0.4260931245734012,-0.5638555817443591,47013.28441579281,-0.5298671558420719
48,atr,2.0,1.5,0.5,2.0,278,1533,0.17266187050359713,0.4794013788276057,-2.2824180101201104,-0.5926631218418583,-0.7349128575660802,28828.432152340807,-0.7117156784765919
48,atr,2.0,1.5,0.5,3.0,385,1426,0.18181818181818182,0.5047730722910416,-2.0654086829321274,-0.6787445735016582,-0.8122225422237078,20767.45698410613,-0.7923254301589386
48,atr,2.0,1.5,0.5,4.0,483,1328,0.18840579710144928,0.5152807225218106,-1.9361798064457112,-0.7451790007306114,-0.8658743711923136,15162.394098489352,-0.8483760590151065
48,atr,2.0,1.5,0.5,5.0,579,1232,0.19170984455958548,0.5172610588291768,-1.9311645886285218,-0.8114875074859069,-0.913423056012468,9997.129431193374,-0.9000287056880663
48,atr,2.0,1.5,0.5,6.0,672,1139,0.19642857142857142,0.5325275769912018,-1.8854568985164224,-0.8537001760077574,-0.9400898459518576,7059.422113607318,-0.9294057788639268
48,atr,2.0,1.5,0.5,8.0,831,980,0.19494584837545126,0.519397845163066,-1.8384496183053394,-0.9150853513307349,-0.9728131313393328,3281.5149091320295,-0.9671848509086797
48,atr,2.0,1.5,0.5,12.0,1084,727,0.2047970479704797,0.5413014002653672,-1.6580120592558554,-0.9612726529503169,-0.9913074277917092,1124.9648621414785,-0.9887503513785852
48,atr,2.0,1.5,0.5,,1811,0,0.2390944229707344,0.5981638300498416,-1.0095825566242762,-0.9937169512180627,-0.9993805744569333,86.67107257754662,-0.9991332892742245
48,atr,2.0,1.5,1.0,1.0,120,1691,0.20833333333333334,0.48161767123605587,-2.1984262223446125,-0.37869892464816546,-0.5105815349754548,52755.84996952348,-0.47244150030476517
48,atr,2.0,1.5,1.0,2.0,223,1588,0.23766816143497757,0.5734375852203091,-1.8660680596785988,-0.5036145122993365,-0.6467372416451775,38794.18256750404,-0.6120581743249596
48,atr,2.0,1.5,1.0,3.0,317,1494,0.24290220820189273,0.5963673649547967,-1.7226349818425093,-0.5944087646368559,-0.7365612072327388,29490.295537016413,-0.7050970446298359
48,atr,2.0,1.5,1.0,4.0,402,1409,0.2512437810945274,0.6086715453073299,-1.6665375788833932,-0.6771404421582153,-0.8108592051657674,21636.5211100623,-0.783634788899377
48,atr,2.0,1.5,1.0,5.0,485,1326,0.2515463917525773,0.6100324329280838,-1.6699377387057193,-0.7534814890665746,-0.8721742689072334,14932.417318485092,-0.8506758268151491
48,atr,2.0,1.5,1.0,6.0,564,1247,0.2570921985815603,0.6283195075247036,-1.6068907532314634,-0.802901045561579,-0.9076371389181846,11007.898394429989,-0.8899210160557001
48,atr,2.0,1.5,1.0,8.0,706,1105,0.2521246458923513,0.618484034660601,-1.5341543667057511,-0.8787847213454787,-0.9544109431494102,5536.934997021955,-0.9446306500297804
48,atr,2.0,1.5,1.0,12.0,941,870,0.2592986184909671,0.6331783335141881,-1.383720618422138,-0.9452779006267019,-0.9856379627273987,1866.708626479315,-0.9813329137352068
48,atr,2.0,1.5,1.0,,1811,0,0.2849254555494202,0.6234015541843092,-0.9741259325358288,-0.998045115331206,-0.9998863523713708,16.465478770096198,-0.999835345212299
48,atr,2.0,2.0,,1.0,83,1728,0.2891566265060241,0.6928935228727828,-1.1849481227830683,-0.1824169052921073,-0.26844270777901846,77912.99651106597,-0.22087003488934032
48,atr,2.0,2.0,,2.0,157,1654,0.29936305732484075,0.7368758809075393,-1.0465946922446001,-0.28333934409584804,-0.41050332740940476,65653.0199231231,-0.3434698007687691
48,atr,2.0,2.0,,3.0,219,1592,0.3105022831050228,0.7571356940518684,-0.9667770862006365,-0.3611625888023622,-0.5050064046343177,56750.11591038211,-0.43249884089617885
48,atr,2.0,2.0,,4.0,281,1530,0.3096085409252669,0.7460387827157898,-1.0099870849477943,-0.4594058727061978,-0.6002570167446497,45351.77902540249,-0.5464822097459752
48,atr,2.0,2.0,,5.0,338,1473,0.3136094674556213,0.7507117327721395,-0.9700573950639599,-0.5311213441354077,-0.6737580348642127,37534.50910549803,-0.6246549089450197
48,atr,2.0,2.0,,6.0,396,1415,0.3106060606060606,0.7442804555776689,-0.9981823701427287,-0.6108728922326663,-0.7511474907999907,29227.042162176946,-0.7077295783782305
48,atr,2.0,2.0,,8.0,513,1298,0.3079922027290448,0.7423316574531312,-1.035365831401391,-0.7344852324585935,-0.8571623449548803,17404.303615650588,-0.8259569638434942
48,atr,2.0,2.0,,12.0,709,1102,0.30888575458392104,0.7321453088843273,-0.9803042851541778,-0.8681179597559663,-0.9483036657441243,6735.089555477924,-0.9326491044452208
48,atr,2.0,2.0,,,1811,0,0.35726118166758697,0.5566366102411001,-0.09645578270077192,-0.9997129170721623,-0.9999929698804906,1.061297691860995,-0.9999893870230814
48,atr,2.0,2.0,0.5,1.0,113,1698,0.17699115044247787,0.5372565696724642,-1.7389283751806799,-0.2589013292928567,-0.3663808895933832,67554.97481478493,-0.3244502518521507
48,atr,2.0,2.0,0.5,2.0,219,1592,0.182648401826484,0.5540178193577374,-1.6235221947217218,-0.4109641729469692,-0.5455945402036039,49298.09846094056,-0.5070190153905945
48,atr,2.0,2.0,0.5,3.0,309,1502,0.18770226537216828,0.5567249534400948,-1.5964631768926258,-0.5290307866918811,-0.6716432829782917,36170.546040144654,-0.6382945395985535
48,atr,2.0,2.0,0.5,4.0,390,1421,0.19743589743589743,0.5816025676546664,-1.4714267196550503,-0.594419406214431,-0.735720130291202,29654.2211034795,-0.7034577889652049
48,atr,2.0,2.0,0.5,5.0,464,1347,0.2025862068965517,0.5932159620904017,-1.3816781189145884,-0.6538687785868904,-0.7900637575364647,23975.959766336557,-0.7602404023366345
48,atr,2.0,2.0,0.5,6.0,537,1274,0.2048417132216015,0.5998300131533336,-1.3347060780018358,-0.708094711920058,-0.8360871678406363,19112.56744519209,-0.8088743255480791
48,atr,2.0,2.0,0.5,8.0,676,1135,0.20562130177514792,0.5882150768116483,-1.394375316530889,-0.8152659910165291,-0.9156603169046288,10198.693467467967,-0.8980130653253203
48,atr,2.0,2.0,0.5,12.0,914,897,0.20459518599562362,0.5571271947400481,-1.3945995152492374,-0.9185499195323987,-0.9743265089726352,3321.060371414485,-0.9667893962858551
48,atr,2.0,2.0,0.5,,1811,0,0.2473771397018222,0.5844510013503192,-0.5624702103591966,-0.9898075152559594,-0.9987452729719813,182.9220970843471,-0.9981707790291565
48,atr,2.0,2.0,1.0,1.0,89,1722,0.23595505617977527,0.6125370315731499,-1.4622068054125075,-0.21978268904998832,-0.319087316885897,72795.22117326655,-0.27204778826733456
48,atr,2.0,2.0,1.0,2.0,170,1641,0.2647058823529412,0.7064520683018232,-1.1351258274724905,-0.3025164413330904,-0.42672907158624684,63116.986936367415,-0.36883013063632586
48,atr,2.0,2.0,1.0,3.0,240,1571,0.2708333333333333,0.7274184855124014,-1.0295533554593395,-0.38057030233060096,-0.5237521660625605,54263.436122761574,-0.45736563877238423
48,atr,2.0,2.0,1.0,4.0,310,1501,0.2645161290322581,0.7142195815069885,-1.06180587200557,-0.47589820195845334,-0.6263597732874057,43356.235195986104,-0.566437648040139
48,atr,2.0,2.0,1.0,5.0,374,1437,0.2700534759358289,0.7195732719475729,-0.9973161421134125,-0.5424195181296143,-0.694374072503247,36228.112647695954,-0.6377188735230405
48,atr,2.0,2.0,1.0,6.0,440,1371,0.2681818181818182,0.7094381239807648,-1.0241151062808684,-0.6226134249738797,-0.7650664740611827,27955.08906543531,-0.7204491093456469
48,atr,2.0,2.0,1.0,8.0,567,1244,0.26278659611992944,0.6859202579769417,-1.1317827570416648,-0.7593834924331144,-0.8761961459424995,15085.096882357795,-0.849149031176422
48,atr,2.0,2.0,1.0,12.0,769,1042,0.26918075422626786,0.6890763802797673,-1.028013304469854,-0.871661324676142,-0.9503086455539135,6473.8772515451765,-0.9352612274845482
48,atr,2.0,2.0,1.0,,1811,0,0.30425179458862506,0.589269703383828,-0.4052446247794499,-0.9969724894974998,-0.9997847901565985,32.48902237883711,-0.9996751097762117
48,atr,2.0,3.0,,1.0,64,1747,0.34375,0.8857298435201122,-0.4324763218628301,-0.05550575620891618,-0.15458240987523597,94118.84764540922,-0.058811523545907796
48,atr,2.0,3.0,,2.0,119,1692,0.33613445378151263,0.8153399494043512,-0.6555634711140463,-0.1493266043102417,-0.26100210798033996,82453.42898334184,-0.17546571016658152
48,atr,2.0,3.0,,3.0,165,1646,0.34545454545454546,0.8194240417075098,-0.6155465697779952,-0.20066555278238407,-0.3098764564101949,76776.39650382876,-0.2322360349617124
48,atr,2.0,3.0,,4.0,210,1601,0.3523809523809524,0.8239698922858434,-0.5649288808284727,-0.24878093103012566,-0.36303427203496685,71654.11407222651,-0.28345885927773484
48,atr,2.0,3.0,,5.0,259,1552,0.35135135135135137,0.8128560024133458,-0.5884081373497106,-0.31846191795144363,-0.44227652649036286,63497.08410098415,-0.3650291589901584
48,atr,2.0,3.0,,6.0,309,1502,0.34627831715210355,0.7991913252559196,-0.6499745222931472,-0.39929799227015095,-0.5343357979727988,54079.814511837736,-0.4592018548816227
48,atr,2.0,3.0,,8.0,403,1408,0.34491315136476425,0.7875503125240919,-0.6859927466624391,-0.5189479504683193,-0.6613533649020973,40690.7108119433,-0.5930928918805669
48,atr,2.0,3.0,,12.0,575,1236,0.33043478260869563,0.7360946744971938,-0.8562799563885038,-0.7524759243443938,-0.8709890775759948,16684.09224315779,-0.8331590775684221
48,atr,2.0,3.0,,,231,1580,0.15151515151515152,0.32371105906701503,-1.0396312624286361,-1.0,-1.2195198918613501,-32987.90311769391,-1.329879031176939
48,atr,2.0,3.0,0.5,1.0,77,1734,0.23376623376623376,0.7465845658411019,-0.8553700270607405,-0.09914725141710246,-0.15770348435018033,87869.20506458475,-0.12130794935415257
48,atr,2.0,3.0,0.5,2.0,146,1665,0.22602739726027396,0.7073882655162881,-1.0031623985098614,-0.205278706942559,-0.2979001221430696,74695.38444536713,-0.2530461555463287
48,atr,2.0,3.0,0.5,3.0,211,1600,0.2132701421800948,0.6514437508809312,-1.200338376497149,-0.31869968713384056,-0.43860428947031904,60876.13847747383,-0.3912386152252617
48,atr,2.0,3.0,0.5,4.0,276,1535,0.21739130434782608,0.6689667909064658,-1.1076921888211875,-0.3814852053262713,-0.5121505743497197,54030.15304806263,-0.45969846951937365
48,atr,2.0,3.0,0.5,5.0,336,1475,0.21726190476190477,0.6492396173781616,-1.1643702582661792,-0.46718455370007306,-0.6071648761916512,44409.400536692825,-0.5559059946330718
48,atr,2.0,3.0,0.5,6.0,399,1412,0.22055137844611528,0.6524857949254752,-1.1665531059465095,-0.5378670585527541,-0.6805235724142065,36950.50635815628,-0.6304949364184372
48,atr,2.0,3.0,0.5,8.0,514,1297,0.2237354085603113,0.6426602674299889,-1.1752622955433487,-0.6523594496866123,-0.7887136090767688,25387.505855686122,-0.7461249414431388
48,atr,2.0,3.0,0.5,12.0,710,1101,0.23098591549295774,0.643511329491548,-1.0803673944929968,-0.7929672951813286,-0.9004702398770362,12871.49698359113,-0.8712850301640886
48,atr,2.0,3.0,0.5,,1811,0,0.28106018774157926,0.5263390341768072,-0.09887743054975275,-0.9828082413523397,-0.9973187471297711,402.91979540977405,-0.9959708020459023
48,atr,2.0,3.0,1.0,1.0,66,1745,0.3181818181818182,0.8831780669114837,-0.4292416179518403,-0.0557012051504735,-0.13224449614152456,94090.56169184475,-0.05909438308155246
48,atr,2.0,3.0,1.0,2.0,127,1684,0.30708661417322836,0.8247686358602081,-0.6056286502748012,-0.14160423770207298,-0.23853108625340547,83542.77588617818,-0.16457224113821822
48,atr,2.0,3.0,1.0,3.0,176,1635,0.3125,0.8209281360160987,-0.5970830776318854,-0.1992108631513606,-0.3143907150503966,76979.41179930195,-0.23020588200698056
48,atr,2.0,3.0,1.0,4.0,227,1584,0.32158590308370044,0.8296534706493697,-0.535425080388776,-0.24301051496111936,-0.373434727646738,72454.89747251815,-0.2754510252748186
48,atr,2.0,3.0,1.0,5.0,280,1531,0.31785714285714284,0.8120966891519628,-0.5757476976100596,-0.31521513446993055,-0.44905546667779506,63936.89384117996,-0.36063106158820035
48,atr,2.0,3.0,1.0,6.0,334,1477,0.3143712574850299,0.7987266532663994,-0.6307876290161913,-0.39340212401538655,-0.5257423655674359,54852.43424352061,-0.4514756575647939
48,atr,2.0,3.0,1.0,8.0,431,1380,0.31554524361948955,0.7823929700712912,-0.6682305750680281,-0.5173743307298977,-0.6597432529818654,40884.17677832466,-0.5911582322167535
48,atr,2.0,3.0,1.0,12.0,605,1206,0.3090909090909091,0.7460495158280751,-0.753706049750309,-0.7267569614559772,-0.8510708866530661,19259.97441213246,-0.8074002558786755
48,atr,2.0,3.0,1.0,,1811,0,0.3771397018221977,0.4002595785471605,0.18527164896121082,-0.9993471261169046,-0.9999768130466118,3.4843720333521206,-0.9999651562796665
48,atr,3.0,0.5,,1.0,189,1622,0.1693121693121693,0.43393745787252264,-2.3618902708288667,-0.6873555954964397,-0.8222979274652673,19743.594571137164,-0.8025640542886283
48,atr,3.0,0.5,,2.0,327,1484,0.21100917431192662,0.5513860891023937,-2.0803954451943203,-0.7975109872588275,-0.9045166528938964,11116.156228701542,-0.8888384377129845
48,atr,3.0,0.5,,3.0,439,1372,0.22095671981776766,0.5793390204311334,-1.9408342087255346,-0.8646482727531625,-0.9468073645333587,6406.725610680674,-0.9359327438931933
48,atr,3.0,0.5,,4.0,560,1251,0.22678571428571428,0.6017332536165176,-1.8528964824008765,-0.916139278502955,-0.9734604261710375,3281.1992672882857,-0.9671880073271172
48,atr,3.0,0.5,,5.0,676,1135,0.22337278106508876,0.5968086925616611,-1.9673933564461865,-0.9553414715329165,-0.989372189121503,1337.0522143086607,-0.9866294778569134
48,atr,3.0,0.5,,6.0,780,1031,0.21923076923076923,0.5820939255106549,-2.0016184917561923,-0.9756791500104153,-0.9956033366147318,557.5086494981782,-0.9944249135050183
48,atr,3.0,0.5,,8.0,977,834,0.2241555783009212,0.5864658364330614,-1.8927283758277738,-0.9906826424316051,-0.9989087194198158,143.15608222069403,-0.998568439177793
48,atr,3.0,0.5,,12.0,1274,537,0.22684458398744112,0.6251314356755648,-1.8165047402176115,-0.9981978853388483,-0.9998996199065138,14.555031897795063,-0.999854449681022
48,atr,3.0,0.5,,,1811,0,0.24572059635560464,0.6801163910602314,-1.4620021552041806,-0.9999305097221737,-0.999999112462673,0.13682193947694862,-0.9999986317806052
48,atr,3.0,0.5,0.5,1.0,287,1524,0.11846689895470383,0.35588763989739974,-2.8518907839857346,-0.8221627287894984,-0.9209240682836863,8700.664179890928,-0.9129933582010907
48,atr,3.0,0.5,0.5,2.0,471,1340,0.14225053078556263,0.43497426976579756,-2.578963265414728,-0.8990916818255607,-0.9652768241817036,3952.0950286359425,-0.9604790497136406
48,atr,3.0,0.5,0.5,3.0,626,1185,0.14376996805111822,0.434984400826261,-2.5649885313773866,-0.945088726710348,-0.9856515387838259,1669.605848540445,-0.9833039415145955
48,atr,3.0,0.5,0.5,4.0,770,1041,0.15584415584415584,0.46734402852412227,-2.402000435264882,-0.9645379622564105,-0.9923967137373777,908.9856605396968,-0.990910143394603
48,atr,3.0,0.5,0.5,5.0,898,913,0.15812917594654788,0.48685011639683784,-2.378397889867621,-0.9793295373697816,-0.9965282883027219,419.2105774000362,-0.9958078942259997
48,atr,3.0,0.5,0.5,6.0,1006,805,0.1610337972166998,0.5098739061349007,-2.2620277007770673,-0.9862366426470789,-0.9980768387951822,234.88398591111803,-0.9976511601408888
48,atr,3.0,0.5,0.5,8.0,1197,614,0.16875522138680032,0.5512096453657197,-2.0786748628876133,-0.9934664297085566,-0.9993482767130049,82.40903665974402,-0.9991759096334025
48,atr,3.0,0.5,0.5,12.0,1461,350,0.17522245037645448,0.5936411443962548,-1.9071076427799158,-0.9976847206957625,-0.9998555568005392,20.13758710108222,-0.9997986241289892
48,atr,3.0,0.5,0.5,,1811,0,0.18442849254555493,0.6210828281266684,-1.689834424863351,-0.9993357711137062,-0.9999764445297864,3.4215078171993802,-0.999965784921828
48,atr,3.0,0.5,1.0,1.0,257,1554,0.13229571984435798,0.38506535317520935,-2.70287922997195,-0.7830583942649383,-0.8947970356966948,11612.400988066589,-0.8838759901193342
48,atr,3.0,0.5,1.0,2.0,418,1393,0.15789473684210525,0.46927116279458075,-2.4011931117782273,-0.8707360114711545,-0.9502464745581605,5662.807503114301,-0.943371924968857
48,atr,3.0,0.5,1.0,3.0,555,1256,0.16936936936936936,0.4811226340270571,-2.280620900329843,-0.9192382813187939,-0.9748728577733708,2923.8273698225844,-0.9707617263017742
48,atr,3.0,0.5,1.0,4.0,685,1126,0.17956204379562044,0.5065527339158546,-2.1361352085034517,-0.9491659684413152,-0.9871725462472014,1533.54367043239,-0.9846645632956761
48,atr,3.0,0.5,1.0,5.0,797,1014,0.18193224592220827,0.5211744372076298,-2.0800169273973674,-0.9684386513821748,-0.9935805318257214,775.1533521779406,-0.9922484664782206
48,atr,3.0,0.5,1.0,6.0,903,908,0.18272425249169436,0.5329568749241868,-2.042071639933613,-0.9810333012140099,-0.9969360268722463,374.21627431359394,-0.996257837256864
48,atr,3.0,0.5,1.0,8.0,1103,708,0.18766999093381687,0.561331939513035,-2.0027810147673866,-0.9924992438044482,-0.9992035839819323,100.70512768072696,-0.9989929487231928
48,atr,3.0,0.5,1.0,12.0,1369,442,0.19722425127830534,0.6214041628837179,-1.792031749784863,-0.997689551746003,-0.9998559943334329,20.076588336241908,-0.9997992341166376
48,atr,3.0,0.5,1.0,,1811,0,0.2109331860850359,0.6450668759949254,-1.5410795415489482,-0.9996641935001205,-0.9999912530848397,1.2705175624204794,-0.9999872948243758
48,atr,3.0,1.0,,1.0,132,1679,0.19696969696969696,0.57797520288053,-1.7312547961542504,-0.430045608710085,-0.5719195146922866,47170.733792833315,-0.5282926620716668
48,atr,3.0,1.0,,2.0,230,1581,0.23478260869565218,0.6935867736688878,-1.2943796100962623,-0.5195691514880262,-0.6706863373839917,37892.59201834248,-0.6210740798165753
48,atr,3.0,1.0,,3.0,315,1496,0.23809523809523808,0.6980368472827806,-1.2860436067494427,-0.6331136228697182,-0.7742266988960396,26472.109966750875,-0.7352789003324913
48,atr,3.0,1.0,,4.0,399,1412,0.23558897243107768,0.6967854595237636,-1.366513494452318,-0.7394720986638955,-0.8626791639797466,16520.21783280664,-0.8347978216719336
48,atr,3.0,1.0,,5.0,479,1332,0.23173277661795408,0.6912570807613151,-1.3972562484937716,-0.8141328525200947,-0.9159103707265814,10123.662460839882,-0.8987633753916012
48,atr,3.0,1.0,,6.0,562,1249,0.23487544483985764,0.7111626178927919,-1.3546994925664773,-0.8578263167963983,-0.9430217145686719,6997.316089276496,-0.930026839107235
48,atr,3.0,1.0,,8.0,703,1108,0.23470839260312945,0.706874071429211,-1.2772769289573909,-0.9165398201609245,-0.9737145319553815,3353.46191737633,-0.9664653808262367
48,atr,3.0,1.0,,12.0,951,860,0.24185068349106204,0.6958431467247548,-1.1205824679397753,-0.9681624250852116,-0.9935160873619374,910.4176330390599,-0.9908958236696094
48,atr,3.0,1.0,,,1811,0,0.27112092766427387,0.6501285435341282,-0.3264574117425501,-0.9998572722206583,-0.9999974822070213,0.4003917175240308,-0.9999959960828247
48,atr,3.0,1.0,0.5,1.0,201,1610,0.11442786069651742,0.4007121108687252,-2.7332631417441906,-0.610566364432907,-0.7537977771686029,27129.33644717674,-0.7287066355282326
48,atr,3.0,1.0,0.5,2.0,343,1468,0.13119533527696792,0.45828878100330994,-2.428365296226954,-0.7471780692506894,-0.8685386399327235,14643.424307586647,-0.8535657569241335
48,atr,3.0,1.0,0.5,3.0,468,1343,0.13675213675213677,0.48193071724371345,-2.2424791948122067,-0.817944363305704,-0.9184031897156663,9365.854724737635,-0.9063414527526237
48,atr,3.0,1.0,0.5,4.0,578,1233,0.14013840830449828,0.5049703001935849,-2.0826598947232253,-0.8676173625592076,-0.948630808980224,6053.092259225224,-0.9394690774077478
48,atr,3.0,1.0,0.5,5.0,675,1136,0.1437037037037037,0.5112344443437484,-1.9699528945146485,-0.9024298720499595,-0.9670206803469594,3938.995939228962,-0.9606100406077104
48,atr,3.0,1.0,0.5,6.0,764,1047,0.14921465968586387,0.535675113329818,-1.8647314912276665,-0.9243318622907896,-0.9772021824407304,2765.267136021273,-0.9723473286397872
48,atr,3.0,1.0,0.5,8.0,932,879,0.15236051502145923,0.5458119689573528,-1.7224859507117551,-0.9559439615848175,-0.9896075499658035,1308.9698053777688,-0.9869103019462223
48,atr,3.0,1.0,0.5,12.0,1191,620,0.16624685138539042,0.5916119178972831,-1.4816744527287475,-0.9788991485403943,-0.9964323370201652,500.065450386032,-0.9949993454961397
48,atr,3.0,1.0,0.5,,1811,0,0.18884594146880176,0.6271611260281295,-0.9467761159607735,-0.9966486235110025,-0.9997534982800972,37.16577815401745,-0.9996283422184599
48,atr,3.0,1.0,1.0,1.0,157,1654,0.16560509554140126,0.5116120131228504,-1.9833752416016361,-0.48438308232584093,-0.6298923543903642,40782.63276401179,-0.592173672359882
48,atr,3.0,1.0,1.0,2.0,283,1528,0.18374558303886926,0.5839210254734889,-1.7729698965317473,-0.6330424145194283,-0.7744599568956634,25621.463514557436,-0.7437853648544257
48,atr,3.0,1.0,1.0,3.0,380,1431,0.18947368421052632,0.6067472344620986,-1.6174033348903318,-0.7113806576195971,-0.8406597293122693,18682.78112226911,-0.8131721887773089
48,atr,3.0,1.0,1.0,4.0,478,1333,0.18828451882845187,0.610777533536672,-1.5849925817267507,-0.7974380803680203,-0.904721178766148,11462.403865675013,-0.8853759613432499
48,atr,3.0,1.0,1.0,5.0,564,1247,0.1879432624113475,0.6152478891613551,-1.5272364332183037,-0.8446569248264417,-0.9351983044550867,7801.562431125975,-0.9219843756887403
48,atr,3.0,1.0,1.0,6.0,650,1161,0.19076923076923077,0.6353360360304826,-1.484237025246976,-0.8854737660440596,-0.958379228071014,5111.310297636179,-0.9488868970236382
48,atr,3.0,1.0,1.0,8.0,811,1000,0.18865598027127004,0.6194107626630672,-1.4448121849660056,-0.9365506598175195,-0.9823474862599904,2252.0821190096353,-0.9774791788099036
48,atr,3.0,1.0,1.0,12.0,1071,740,0.19794584500466852,0.6086898739226987,-1.3171623330715485,-0.9758097040577365,-0.9956491926623001,610.9045478103966,-0.993890954521896
48,atr,3.0,1.0,1.0,,1811,0,0.22473771397018222,0.6455694701352213,-0.7984866760380942,-0.9988751672503831,-0.9999495112144601,8.028972885909742,-0.9999197102711409
48,atr,3.0,1.5,,1.0,94,1717,0.22340425531914893,0.6573215772629206,-1.2293441655035329,-0.24895764113267993,-0.3588604933256553,68065.66882813499,-0.31934331171865005
48,atr,3.0,1.5,,2.0,171,1640,0.22807017543859648,0.6887231730127873,-1.1963870957119753,-0.3848670928130774,-0.5209115772389077,52438.76719827505,-0.4756123280172495
48,atr,3.0,1.5,,3.0,241,1570,0.23236514522821577,0.6931806762770443,-1.14803058352413,-0.49500996230954875,-0.6397626366711634,40640.160777116485,-0.5935983922288351
48,atr,3.0,1.5,,4.0,307,1504,0.23778501628664495,0.7003766837442325,-1.1205603958919637,-0.5913165257324566,-0.7350760987477984,30859.470319384895,-0.691405296806151
48,atr,3.0,1.5,,5.0,370,1441,0.23513513513513515,0.7042591899840444,-1.1513332807489296,-0.6763474908445316,-0.8112081729822216,22703.671021800215,-0.7729632897819978
48,atr,3.0,1.5,,6.0,437,1374,0.2334096109839817,0.714024081737331,-1.1182533505738363,-0.7427872123924344,-0.8647755291738631,16697.76896402116,-0.8330223103597884
48,atr,3.0,1.5,,8.0,552,1259,0.24094202898550723,0.7422916775304494,-0.9215580167341516,-0.8054136118146371,-0.9098313385402506,11506.010949996144,-0.8849398905000385
48,atr,3.0,1.5,,12.0,761,1050,0.25098554533508544,0.7396052174113735,-0.787964517798824,-0.9072999255499363,-0.9692856070233814,4401.303845774624,-0.9559869615422537
48,atr,3.0,1.5,,,234,1577,0.17094017094017094,0.5185566027782988,-1.40672578203271,-1.0,-1.019036091583103,-3196.409614448156,-1.0319640961444816
48,atr,3.0,1.5,0.5,1.0,144,1667,0.11805555555555555,0.4328718041041756,-2.2096972701491007,-0.4136214221618535,-0.5524501339232785,47513.49846848118,-0.5248650153151881
48,atr,3.0,1.5,0.5,2.0,248,1563,0.13306451612903225,0.49733269599724095,-1.9135136650880646,-0.544765332247134,-0.6901420457522229,33444.99431204807,-0.6655500568795194
48,atr,3.0,1.5,0.5,3.0,348,1463,0.13505747126436782,0.5040666058549116,-1.8100865690096901,-0.6536136231884313,-0.7916459099709461,23088.90018693112,-0.7691109981306887
48,atr,3.0,1.5,0.5,4.0,439,1372,0.13895216400911162,0.5176790472710809,-1.6996093090814837,-0.7231618065318468,-0.8495352299936004,17225.960686195736,-0.8277403931380426
48,atr,3.0,1.5,0.5,5.0,527,1284,0.1442125237191651,0.5339442815550537,-1.5708423289439764,-0.7750687844773302,-0.8887078533223406,13161.234422793306,-0.8683876557720669
48,atr,3.0,1.5,0.5,6.0,614,1197,0.1465798045602606,0.5358396059548243,-1.4981116543043076,-0.8236019008834907,-0.9218089142913198,9498.8553520732,-0.905011446479268
48,atr,3.0,1.5,0.5,8.0,763,1048,0.15072083879423329,0.5420349122898345,-1.3292282893519902,-0.8856651949437231,-0.9583465020815826,5331.58327004224,-0.9466841672995776
48,atr,3.0,1.5,0.5,12.0,999,812,0.16316316316316315,0.5704583243165791,-1.085130394052309,-0.9400879788581438,-0.9837062996127538,2344.2810496603347,-0.9765571895033966
48,atr,3.0,1.5,0.5,,1811,0,0.20430701270016566,0.5060658675185388,-0.2278304190657625,-0.9933784414629937,-0.9993351261036137,106.61327715163377,-0.9989338672284837
48,atr,3.0,1.5,1.0,1.0,115,1696,0.16521739130434782,0.5173867257419403,-1.8132174485376393,-0.3479146260002086,-0.4778028669408201,55438.319978402775,-0.4456168002159723
48,atr,3.0,1.5,1.0,2.0,204,1607,0.17647058823529413,0.5803550530221042,-1.5961464139574024,-0.4724628131742875,-0.6161683244078862,41952.282787432625,-0.5804771721256737
48,atr,3.0,1.5,1.0,3.0,284,1527,0.18309859154929578,0.6139434995559806,-1.4209629408411053,-0.5582468433584161,-0.7033797146644578,33463.203190243985,-0.6653679680975602
48,atr,3.0,1.5,1.0,4.0,363,1448,0.19008264462809918,0.624347850441298,-1.3270119490828547,-0.6438594738869359,-0.7830705049009383,25268.876397210377,-0.7473112360278962
48,atr,3.0,1.5,1.0,5.0,446,1365,0.18834080717488788,0.6185986295582138,-1.33786593656245,-0.7267360278338133,-0.8523484108756495,17756.240607860585,-0.8224375939213941
48,atr,3.0,1.5,1.0,6.0,514,1297,0.1926070038910506,0.6370156307264323,-1.235567526682261,-0.7711573425165439,-0.8858860175400037,14091.00662801844,-0.8590899337198156
48,atr,3.0,1.5,1.0,8.0,640,1171,0.1984375,0.6536253736132708,-1.0708794732626212,-0.8379193716930273,-0.9308545402474898,8823.336225414014,-0.9117666377458599
48,atr,3.0,1.5,1.0,12.0,861,950,0.20905923344947736,0.6736720435252026,-0.8663540826175302,-0.9177994889826543,-0.9742059482021506,3696.2299552007394,-0.9630377004479926
48,atr,3.0,1.5,1.0,,1811,0,0.24572059635560464,0.5126896064450661,-0.17041655810102174,-0.9983675199638388,-0.9999129981480182,14.608752796517544,-0.9998539124720348
48,atr,3.0,2.0,,1.0,78,1733,0.2564102564102564,0.7727154167091306,-0.7704880560269793,-0.13648938643033126,-0.21976499899011082,83280.7126309235,-0.16719287369076496
48,atr,3.0,2.0,,2.0,146,1665,0.2465753424657534,0.7419569822495184,-0.9455644823529052,-0.2766170912821414,-0.393031925079916,66639.75067941363,-0.33360249320586377
48,atr,3.0,2.0,,3.0,202,1609,0.2623762376237624,0.7655929574127979,-0.8143192196731354,-0.33991590139805994,-0.4686188427884863,59951.71108056853,-0.40048288919431474
48,atr,3.0,2.0,,4.0,258,1553,0.26356589147286824,0.7700760332091218,-0.7760098667518828,-0.4200912546272235,-0.5597242067150872,51030.343812593914,-0.48969656187406085
48,atr,3.0,2.0,,5.0,314,1497,0.267515923566879,0.7709102314125419,-0.7722750656370175,-0.4962545338029586,-0.6411492317896155,42712.54622850845,-0.5728745377149155
48,atr,3.0,2.0,,6.0,367,1444,0.2670299727520436,0.7728256447701801,-0.7806402172686778,-0.5642257447617375,-0.7092718346114698,35672.36141862488,-0.6432763858137511
48,atr,3.0,2.0,,8.0,481,1330,0.2681912681912682,0.7847743457901325,-0.7201314445199736,-0.6751230664996726,-0.8102217091335141,24741.940325985113,-0.7525805967401489
48,atr,3.0,2.0,,12.0,665,1146,0.2706766917293233,0.7670004132875592,-0.6479629683937963,-0.8238658095936245,-0.9220000290747096,10920.635933784664,-0.8907936406621534
48,atr,3.0,2.0,,,234,1577,0.1282051282051282,0.383822520534797,-1.2534291197927985,-1.0,-1.1552176606279427,-25376.584043512208,-1.253765840435122
48,atr,3.0,2.0,0.5,1.0,108,1703,0.1388888888888889,0.5603563913179586,-1.4866978538645446,-0.23800263200275573,-0.345411752991984,69447.96280890312,-0.3055203719109688
48,atr,3.0,2.0,0.5,2.0,206,1605,0.14563106796116504,0.6001919816408146,-1.3937942918715212,-0.37956393502330776,-0.5143383006920561,53478.497308571015,-0.46521502691428984
48,atr,3.0,2.0,0.5,3.0,290,1521,0.1482758620689655,0.583575535680501,-1.4329593283806492,-0.504506260848854,-0.6496549530228013,39538.87383944527,-0.6046112616055473
48,atr,3.0,2.0,0.5,4.0,368,1443,0.15217391304347827,0.5890743769860488,-1.3391367147484767,-0.5787020091416047,-0.7231927179479531,32093.016842558714,-0.6790698315744128
48,atr,3.0,2.0,0.5,5.0,438,1373,0.15753424657534246,0.6007649137903561,-1.2333601019549636,-0.6323614439603429,-0.772886711164753,27040.211499742767,-0.7295978850025724
48,atr,3.0,2.0,0.5,6.0,513,1298,0.1617933723196881,0.6118240616959879,-1.1729077985489067,-0.6869187174216262,-0.8201465727603131,22074.234656730616,-0.7792576534326938
48,atr,3.0,2.0,0.5,8.0,645,1166,0.16899224806201552,0.6191928986894727,-1.0729361557545958,-0.776184632458326,-0.8895389388896421,13940.882277731638,-0.8605911772226836
48,atr,3.0,2.0,0.5,12.0,877,934,0.17217787913340935,0.598113466597156,-0.9682400757437873,-0.8891562547511933,-0.9601917153800854,5543.071936869594,-0.9445692806313041
48,atr,3.0,2.0,0.5,,1811,0,0.22528989508558808,0.49775429892145107,0.12871631666033695,-0.9844293852269447,-0.9976987910656668,359.126368125426,-0.9964087363187457
48,atr,3.0,2.0,1.0,1.0,85,1726,0.2,0.6534336376336924,-1.1692339120162678,-0.19103067794079176,-0.28599870420694073,75751.3378255596,-0.24248662174440394
48,atr,3.0,2.0,1.0,2.0,160,1651,0.2125,0.7269634935821784,-0.9623342580688955,-0.2789724205029357,-0.3959001262911622,66324.8474390068,-0.33675152560993205
48,atr,3.0,2.0,1.0,3.0,226,1585,0.21238938053097345,0.7204888872882795,-0.9708112422512449,-0.3793684728333857,-0.5141160664021684,54818.60395390804,-0.4518139604609196
48,atr,3.0,2.0,1.0,4.0,294,1517,0.20748299319727892,0.7035752625211718,-1.0016623935186217,-0.4802829898487926,-0.6245068330766134,43521.68731425177,-0.5647831268574823
48,atr,3.0,2.0,1.0,5.0,353,1458,0.21529745042492918,0.7113728955274184,-0.9547546716722322,-0.5425800608242435,-0.6880644712328163,37128.41624731125,-0.6287158375268875
48,atr,3.0,2.0,1.0,6.0,415,1396,0.21686746987951808,0.7150117387372145,-0.9323091914440412,-0.6064506981739837,-0.7492729403645378,30764.223606586256,-0.6923577639341374
48,atr,3.0,2.0,1.0,8.0,537,1274,0.22160148975791433,0.7251641788817665,-0.854482605503481,-0.7125926243559727,-0.8411638284237053,20707.927449475334,-0.7929207255052466
48,atr,3.0,2.0,1.0,12.0,738,1073,0.22899728997289973,0.7249074587188116,-0.6898961916438159,-0.8349902919671041,-0.9290516287978925,9933.354112854018,-0.9006664588714598
48,atr,3.0,2.0,1.0,,1811,0,0.2771949199337383,0.47792841552382875,0.20818113360472326,-0.9962006673251153,-0.9997033599747321,48.49777081695916,-0.9995150222918304
48,atr,3.0,3.0,,1.0,58,1753,0.3275862068965517,1.0717081975756957,0.08263457511393238,0.002353946721728617,-0.1034866265906168,103460.9234014393,0.03460923401439309
48,atr,3.0,3.0,,2.0,109,1702,0.3394495412844037,1.0750160866291885,0.22569240675416943,0.026058536661704546,-0.1774686607014293,107033.44836113208,0.07033448361132066
48,atr,3.0,3.0,,3.0,155,1656,0.3419354838709677,1.0507250621988247,0.23830885731476906,0.02454234275838929,-0.23488050447124287,106803.81369607591,0.06803813696075922
48,atr,3.0,3.0,,4.0,201,1610,0.3482587064676617,1.0394341710773185,0.2742995251031536,0.025434424066505423,-0.2936124884367557,106938.90498452635,0.06938904984526362
48,atr,3.0,3.0,,5.0,251,1560,0.3426294820717131,0.9934496728823126,0.20934086802920568,-0.030569985169292213,-0.3821466909259901,98562.13066853026,-0.014378693314697433
48,atr,3.0,3.0,,6.0,303,1508,0.3333333333333333,0.9511488980457112,0.13726696154268084,-0.11012230360645425,-0.47257865861327464,87036.54477086592,-0.1296345522913408
48,atr,3.0,3.0,,8.0,394,1417,0.33248730964467005,0.9176906070598894,0.1086785505122607,-0.21504964959617023,-0.5885693483348777,72537.75554025514,-0.27462244459744867
48,atr,3.0,3.0,,12.0,565,1246,0.32035398230088497,0.8393278238496529,-0.04286226217401102,-0.5178885173234387,-0.7708552236266867,36776.757512979304,-0.6322324248702069
48,atr,3.0,3.0,,,231,1580,0.13852813852813853,0.22646582858054007,-0.9870810929673935,-1.0,-1.2255867353894259,-27849.383137978337,-1.2784938313797833
48,atr,3.0,3.0,0.5,1.0,74,1737,0.20270270270270271,0.8357912344713386,-0.5468298694605365,-0.07571094605621109,-0.12639126407499568,91967.25657562652,-0.08032743424373479
48,atr,3.0,3.0,0.5,2.0,142,1669,0.20422535211267606,0.8524313131430958,-0.39255203765731694,-0.11367701881356262,-0.22082485535639573,86532.0417062495,-0.13467958293750504
48,atr,3.0,3.0,0.5,3.0,208,1603,0.1971153846153846,0.8168634612183484,-0.43528244707877917,-0.1803105225570394,-0.3188907916193833,77246.58564059167,-0.2275341435940833
48,atr,3.0,3.0,0.5,4.0,274,1537,0.20072992700729927,0.8276040587511926,-0.3397685792223682,-0.21247911718577606,-0.38859068755296056,72883.01607190512,-0.27116983928094884
48,atr,3.0,3.0,0.5,5.0,334,1477,0.20359281437125748,0.8053210197411278,-0.3600758282026776,-0.2786620388355985,-0.46193717001317747,64158.88309516236,-0.35841116904837644
48,atr,3.0,3.0,0.5,6.0,398,1413,0.20603015075376885,0.7999034385234441,-0.3408415306418352,-0.340173611247366,-0.5425140954755365,56368.49304646836,-0.4363150695353164
48,atr,3.0,3.0,0.5,8.0,509,1302,0.21021611001964635,0.7776068178423755,-0.3282557963753142,-0.4491423537538852,-0.6450939752178232,43369.44338050616,-0.5663055661949383
48,atr,3.0,3.0,0.5,12.0,699,1112,0.22031473533619456,0.7633283983200948,-0.2518373071947545,-0.614557624369485,-0.8004605797360267,26571.704434353338,-0.7342829556564666
48,atr,3.0,3.0,0.5,,1811,0,0.27609055770292656,0.6768636685180632,0.6411717179441632,-0.9360792646306548,-0.9886722324003652,1954.7933521920884,-0.9804520664780791
48,atr,3.0,3.0,1.0,1.0,63,1748,0.2698412698412698,0.9515022433154533,-0.22510123346068767,-0.037603253397437975,-0.13298425694403582,97525.27782003551,-0.024747221799644947
48,atr,3.0,3.0,1.0,2.0,122,1689,0.2786885245901639,0.9782264031193963,-0.030232524471823296,-0.035426172773902254,-0.23708368496798382,97845.86058958188,-0.02154139410418121
48,atr,3.0,3.0,1.0,3.0,171,1640,0.29239766081871343,0.99582509209087,0.09464500017028472,-0.024900824878306804,-0.3216306776878606,99400.3667932467,-0.005996332067532917
48,atr,3.0,3.0,1.0,4.0,223,1588,0.3004484304932735,1.0010027518667357,0.17434550361210308,-0.019601707037298355,-0.3800606262387164,100185.8850932183,0.001858850932183076
48,atr,3.0,3.0,1.0,5.0,276,1535,0.2971014492753623,0.9791155575963167,0.16615222574017802,-0.053149130494256736,-0.45612028352692835,95245.64761869656,-0.047543523813034394
48,atr,3.0,3.0,1.0,6.0,332,1479,0.2921686746987952,0.9465536138527838,0.11638434280550664,-0.12331614143373915,-0.5426037479827395,85168.61683382558,-0.14831383166174417
48,atr,3.0,3.0,1.0,8.0,427,1384,0.29508196721311475,0.9169085658289224,0.10403076384579404,-0.2256818099309975,-0.6428732181806174,71115.1383337066,-0.28884861666293393
48,atr,3.0,3.0,1.0,12.0,598,1213,0.29431438127090304,0.8635057100599418,0.031008646850238065,-0.48152321878366255,-0.8019338157758604,40873.54391642698,-0.5912645608357302
48,atr,3.0,3.0,1.0,,1811,0,0.36167863059083377,0.3391753024287474,0.777132188321145,-0.9948610380012682,-0.9996354093240243,50.24386615748021,-0.9994975613384252
48,atr,4.0,0.5,,1.0,179,1632,0.1340782122905028,0.456827351962335,-2.3372317942619447,-0.6842940992970199,-0.8219677179415709,20461.597978067995,-0.7953840202193201
48,atr,4.0,0.5,,2.0,300,1511,0.17,0.580138473982807,-1.9260045019233916,-0.7833429052970309,-0.8978827442005934,12295.586355092379,-0.8770441364490762
48,atr,4.0,0.5,,3.0,406,1405,0.17733990147783252,0.6049505963483197,-1.810223750932315,-0.8608346046200692,-0.9457915010923985,6695.697327884954,-0.9330430267211505
48,atr,4.0,0.5,,4.0,498,1313,0.17670682730923695,0.6266288969691057,-1.779008955470098,-0.9153848129375505,-0.9736832268574304,3364.7928386294125,-0.9663520716137058
48,atr,4.0,0.5,,5.0,611,1200,0.1783960720130933,0.6237687218219526,-1.7717094104609308,-0.9503285634167065,-0.9879507485338318,1550.3545409309916,-0.9844964545906901
48,atr,4.0,0.5,,6.0,699,1112,0.18025751072961374,0.626876584496512,-1.666552438029314,-0.9671912011353738,-0.9933527977562551,866.1398138734537,-0.9913386018612654
48,atr,4.0,0.5,,8.0,878,933,0.1845102505694761,0.6263962429312431,-1.5960413874392982,-0.9867961372914774,-0.9982277368912226,240.36424633490486,-0.997596357536651
48,atr,4.0,0.5,,12.0,1155,656,0.18701298701298702,0.6264242830629001,-1.4948140767431324,-0.9974333643931025,-0.9998357912859565,24.906117640787535,-0.9997509388235921
48,atr,4.0,0.5,,,1811,0,0.21258972943125345,0.6719066014201164,-0.9835956646375479,-0.999981747842739,-0.999999875373822,0.021384871194275158,-0.999999786151288
48,atr,4.0,0.5,0.5,1.0,283,1528,0.09187279151943463,0.3954766767177018,-3.0166561081052774,-0.824007718384459,-0.9237647942992271,8756.713190838182,-0.9124328680916182
48,atr,4.0,0.5,0.5,2.0,449,1362,0.1091314031180401,0.4503705853245901,-2.6398732823724393,-0.8980872921662333,-0.9655208935546598,4009.254408952509,-0.9599074559104749
48,atr,4.0,0.5,0.5,3.0,601,1210,0.11480865224625623,0.4752535040407113,-2.5334720142020757,-0.9433196843475949,-0.9854715164052001,1770.9788890907785,-0.9822902111090922
48,atr,4.0,0.5,0.5,4.0,722,1089,0.11772853185595568,0.4993789910541535,-2.3914687708001017,-0.9636130851950163,-0.9922744299071242,963.8833618188177,-0.9903611663818118
48,atr,4.0,0.5,0.5,5.0,839,972,0.12157330154946365,0.5102402420108842,-2.3055519515345897,-0.9772937902701458,-0.9962336485741432,493.864827543869,-0.9950613517245613
48,atr,4.0,0.5,0.5,6.0,946,865,0.12473572938689217,0.5313776789078247,-2.1593880883238623,-0.9850016636273675,-0.9979314373954927,273.38144862217354,-0.9972661855137782
48,atr,4.0,0.5,0.5,8.0,1137,674,0.1310466138962181,0.5610659761506211,-1.9834299241130255,-0.9931905752390623,-0.9993340042178572,90.42601664255106,-0.9990957398335745
48,atr,4.0,0.5,0.5,12.0,1397,414,0.14173228346456693,0.6065737045721784,-1.7031906412385585,-0.9972962496935451,-0.9998228980076243,26.46352087519336,-0.999735364791248
48,atr,4.0,0.5,0.5,,1811,0,0.1518498067366096,0.6277909381847906,-1.4204195782928133,-0.9994877999577294,-0.9999841933791641,2.5470706350637533,-0.9999745292936494
48,atr,4.0,0.5,1.0,1.0,243,1568,0.1111111111111111,0.4330446078016215,-2.6406092317255037,-0.7598995974196451,-0.8803740328512543,13748.84610383116,-0.8625115389616884
48,atr,4.0,0.5,1.0,2.0,392,1419,0.125,0.48168316707229336,-2.381177701525088,-0.8657048656784294,-0.9485248495216145,5985.566195983943,-0.9401443380401606
48,atr,4.0,0.5,1.0,3.0,528,1283,0.13636363636363635,0.5141017693043731,-2.1960170069131237,-0.9146324132435643,-0.9736644832318851,3210.2210753998597,-0.9678977892460014
48,atr,4.0,0.5,1.0,4.0,637,1174,0.13657770800627944,0.5338430153644662,-2.1318082603153963,-0.9488998158928843,-0.9873490348827232,1578.401935507418,-0.9842159806449258
48,atr,4.0,0.5,1.0,5.0,732,1079,0.1407103825136612,0.5388238523240821,-1.979872903871601,-0.965020943221882,-0.9929452819789124,925.053640755915,-0.9907494635924409
48,atr,4.0,0.5,1.0,6.0,834,977,0.14268585131894485,0.5547905533747575,-1.8848915449976689,-0.9781005186307014,-0.996415515973604,473.7257811602968,-0.995262742188397
48,atr,4.0,0.5,1.0,8.0,1017,794,0.14847590953785644,0.5630127945357049,-1.782313459004105,-0.9905276766652212,-0.9989222416363406,146.0449447405747,-0.9985395505525942
48,atr,4.0,0.5,1.0,12.0,1287,524,0.1592851592851593,0.6181242730939542,-1.5964465594337607,-0.9972558425135003,-0.999819040936998,27.039864865819002,-0.9997296013513418
48,atr,4.0,0.5,1.0,,1811,0,0.17448923246824957,0.6507712747365976,-1.2524496654383206,-0.9997607422704182,-0.9999947673680564,0.8431835815017176,-0.999991568164185
48,atr,4.0,1.0,,1.0,122,1689,0.1721311475409836,0.6042693461343313,-1.3868999440834766,-0.3830782554874276,-0.5225658957131785,51585.145219590544,-0.48414854780409455
48,atr,4.0,1.0,,2.0,210,1601,0.19047619047619047,0.6466517653451294,-1.3065307873433905,-0.5273709479224842,-0.6757657222081286,36379.06358887243,-0.6362093641112757
48,atr,4.0,1.0,,3.0,287,1524,0.1951219512195122,0.6554224742467821,-1.2727807911617397,-0.6389727782656035,-0.7807403443340082,25616.432837011966,-0.7438356716298804
48,atr,4.0,1.0,,4.0,358,1453,0.2011173184357542,0.6897189235900715,-1.219134901315573,-0.7155408956170769,-0.8449013240242422,18829.89213438661,-0.811701078656134
48,atr,4.0,1.0,,5.0,432,1379,0.19907407407407407,0.6930569367511593,-1.1623466212326397,-0.7795833188897257,-0.8929171209593942,13129.30240864125,-0.8687069759135875
48,atr,4.0,1.0,,6.0,507,1304,0.20512820512820512,0.7117726945668634,-1.0585570462979745,-0.8254213221300434,-0.9236758924320456,9546.177978569642,-0.9045382202143035
48,atr,4.0,1.0,,8.0,646,1165,0.2043343653250774,0.7104180459410836,-0.9719075745717005,-0.8970231258162902,-0.9645430618405371,4720.573445875449,-0.9527942655412455
48,atr,4.0,1.0,,12.0,889,922,0.21034870641169853,0.6887867938440909,-0.8477842966370809,-0.9618410923287952,-0.9916147458618989,1287.8333822833483,-0.9871216661771666
48,atr,4.0,1.0,,,233,1578,0.15450643776824036,0.5433968631500874,-1.4530481709833485,-1.0,-1.0301235495559213,-5261.610306887808,-1.052616103068878
48,atr,4.0,1.0,0.5,1.0,177,1634,0.1016949152542373,0.42097456379189335,-2.207569947183387,-0.5460985170885759,-0.6942567752913296,33034.52456556736,-0.6696547543443264
48,atr,4.0,1.0,0.5,2.0,309,1502,0.11003236245954692,0.44614079778957033,-2.0396678765306637,-0.705058798665355,-0.8365318536445513,18037.085585132478,-0.8196291441486752
48,atr,4.0,1.0,0.5,3.0,431,1380,0.1136890951276102,0.4588901885632248,-1.9235252594122345,-0.7939694443591847,-0.9029162260310926,11044.895686873057,-0.8895510431312694
48,atr,4.0,1.0,0.5,4.0,536,1275,0.11940298507462686,0.5014582596390693,-1.7528298443589645,-0.8428853272539928,-0.9345092764767047,7750.240506694198,-0.922497594933058
48,atr,4.0,1.0,0.5,5.0,632,1179,0.12183544303797468,0.5002178307513667,-1.6765952380392324,-0.8838909409796422,-0.9577906541911452,5128.366366972898,-0.9487163363302711
48,atr,4.0,1.0,0.5,6.0,719,1092,0.12795549374130738,0.5287949271017649,-1.5084964287792988,-0.9056708760579115,-0.9687842071824931,3906.227505561271,-0.9609377249443873
48,atr,4.0,1.0,0.5,8.0,889,922,0.12935883014623173,0.5286615869311355,-1.398201074742319,-0.9462194772446343,-0.9861973258871921,1841.6674511668452,-0.9815833254883315
48,atr,4.0,1.0,0.5,12.0,1131,680,0.138815207780725,0.5537675080277412,-1.1483923800641358,-0.9745877878309743,-0.9953538487354274,705.5937771771489,-0.9929440622282285
48,atr,4.0,1.0,0.5,,1811,0,0.17007178354500277,0.5259656479072141,-0.3555762907298005,-0.9966420166801252,-0.9997542447165296,40.45044385043523,-0.9995954955614956
48,atr,4.0,1.0,1.0,1.0,137,1674,0.13138686131386862,0.4956008866008847,-1.6999133881153803,-0.4459141836426903,-0.591534439909615,44133.32655809919,-0.5586667344190082
48,atr,4.0,1.0,1.0,2.0,253,1558,0.1422924901185771,0.5316920637298329,-1.6435221875114723,-0.6192880156088478,-0.7631651041852442,26572.858963540995,-0.73427141036459
48,atr,4.0,1.0,1.0,3.0,345,1466,0.14492753623188406,0.5479034265152041,-1.580831595534813,-0.7152420251920302,-0.8446645931424196,18148.06743580195,-0.8185193256419805
48,atr,4.0,1.0,1.0,4.0,437,1374,0.15331807780320367,0.5889393554539815,-1.4227597692533898,-0.7785386432941661,-0.8921792124734998,13090.07821115087,-0.8690992178884913
48,atr,4.0,1.0,1.0,5.0,524,1287,0.15267175572519084,0.5784003159064615,-1.4178441575418061,-0.8381385380784145,-0.9316160314447951,8384.47575474546,-0.9161552424525454
48,atr,4.0,1.0,1.0,6.0,605,1206,0.15867768595041323,0.6058595004260912,-1.2845301661160389,-0.8703008116060614,-0.9504291634339227,6200.033560628827,-0.9379996643937117
48,atr,4.0,1.0,1.0,8.0,766,1045,0.15535248041775457,0.5891883160615733,-1.2361823900583773,-0.930094064822989,-0.9797989709601408,2689.4719683929666,-0.9731052803160704
48,atr,4.0,1.0,1.0,12.0,1011,800,0.1681503461918892,0.6066486689193769,-0.9905950668934609,-0.967587520379107,-0.9933844474032498,1016.0371213597498,-0.9898396287864025
48,atr,4.0,1.0,1.0,,1811,0,0.20430701270016566,0.5389388708736568,-0.20555893875985037,-0.9989817175050062,-0.9999565625664517,7.587115443960872,-0.9999241288455604
48,atr,4.0,1.5,,1.0,91,1720,0.18681318681318682,0.650559880884287,-1.2520461208317861,-0.25935789558253997,-0.3780393941729737,67203.65424337123,-0.32796345756628764
48,atr,4.0,1.5,,2.0,166,1645,0.19879518072289157,0.7260990408817554,-0.9572430583873939,-0.36198989299707907,-0.4989122147228602,56349.40569027743,-0.4365059430972257
48,atr,4.0,1.5,,3.0,233,1578,0.20600858369098712,0.7273517970069882,-0.9637878177965256,-0.4704990981446453,-0.617767321833397,44924.59705156423,-0.5507540294843576
48,atr,4.0,1.5,,4.0,299,1512,0.21070234113712374,0.7215141981796227,-0.9280053731460097,-0.5620196679477295,-0.7098423298034908,34102.830970713636,-0.6589716902928636
48,atr,4.0,1.5,,5.0,361,1450,0.2077562326869806,0.7087751711295801,-0.9715600594466461,-0.6496852259396124,-0.790222605301498,24655.57097985602,-0.7534442902014398
48,atr,4.0,1.5,,6.0,424,1387,0.20754716981132076,0.7238158849355714,-0.9318871317017613,-0.710740767298592,-0.8411590827012623,19402.694727065176,-0.8059730527293483
48,atr,4.0,1.5,,8.0,537,1274,0.21787709497206703,0.7503705928257316,-0.7083926449932249,-0.7692222341534403,-0.8855821990775881,14167.875361716522,-0.8583212463828348
48,atr,4.0,1.5,,12.0,736,1075,0.23097826086956522,0.7417432318108766,-0.5155989247844721,-0.8796789868253774,-0.9555692099379093,5871.736957895715,-0.9412826304210429
48,atr,4.0,1.5,,,233,1578,0.11587982832618025,0.390588301515541,-1.3495259972910345,-1.0,-1.1035695625492603,-15049.690203482309,-1.150496902034823
48,atr,4.0,1.5,0.5,1.0,130,1681,0.1,0.45724906741283144,-1.9348837230297633,-0.38288513107947464,-0.5225695225644242,51558.794606172625,-0.4844120539382738
48,atr,4.0,1.5,0.5,2.0,231,1580,0.11688311688311688,0.5610828465760861,-1.4870092432025666,-0.48525885892291776,-0.6331439067328439,40583.486708553144,-0.5941651329144686
48,atr,4.0,1.5,0.5,3.0,324,1487,0.12345679012345678,0.5603926076016059,-1.3402664651587248,-0.5770358230437604,-0.7241779389730476,30392.177727244798,-0.696078222727552
48,atr,4.0,1.5,0.5,4.0,413,1398,0.12590799031476999,0.5525656059048385,-1.2611923549421782,-0.6503954637153591,-0.7908400318019938,23046.84006504289,-0.769531599349571
48,atr,4.0,1.5,0.5,5.0,505,1306,0.12475247524752475,0.5236524402626647,-1.3061143347940032,-0.7374651665126775,-0.8620198161820101,15203.708701982616,-0.8479629129801738
48,atr,4.0,1.5,0.5,6.0,588,1223,0.12755102040816327,0.5398442874497614,-1.238817394594144,-0.786253777829741,-0.8976386931924167,11751.825124413373,-0.8824817487558663
48,atr,4.0,1.5,0.5,8.0,742,1069,0.1307277628032345,0.5202494853306132,-1.1365119444160061,-0.8640101635037106,-0.9469237993083139,6249.352711684926,-0.9375064728831507
48,atr,4.0,1.5,0.5,12.0,966,845,0.14596273291925466,0.5478762291314299,-0.7636114513322112,-0.91593198634551,-0.9736043239581981,3330.3709239283526,-0.9666962907607165
48,atr,4.0,1.5,0.5,,1811,0,0.1965764770844837,0.44492973300846383,0.2514630382754756,-0.9878173189483809,-0.9986223221351656,215.49297069062789,-0.9978450702930938
48,atr,4.0,1.5,1.0,1.0,105,1706,0.14285714285714285,0.5488368972574464,-1.597473882218222,-0.31997346416877026,-0.45027903321158336,59365.60767881684,-0.40634392321183155
48,atr,4.0,1.5,1.0,2.0,191,1620,0.15706806282722513,0.6492581523393096,-1.2168213998051995,-0.4170564167057431,-0.560479654450118,49425.89100794647,-0.5057410899205352
48,atr,4.0,1.5,1.0,3.0,269,1542,0.16356877323420074,0.6758239564308629,-1.0864525023234983,-0.5017905883259396,-0.6501310515266314,41120.82097849763,-0.5887917902150237
48,atr,4.0,1.5,1.0,4.0,347,1464,0.16714697406340057,0.6516723360047553,-1.0895981132780415,-0.6046486026556903,-0.7499397032292952,29390.10375800996,-0.7060989624199004
48,atr,4.0,1.5,1.0,5.0,425,1386,0.16470588235294117,0.6259734538534687,-1.135316957794548,-0.6959455350146162,-0.8292239386056566,20071.663629058097,-0.799283363709419
48,atr,4.0,1.5,1.0,6.0,491,1320,0.1690427698574338,0.6484587876054295,-1.0433944417974503,-0.7390246419777606,-0.8632086039723639,16709.307296567662,-0.8329069270343233
48,atr,4.0,1.5,1.0,8.0,619,1192,0.17609046849757673,0.6537621178253543,-0.8855237404673331,-0.8103044654562022,-0.9139318541639226,10657.45673303473,-0.8934254326696527
48,atr,4.0,1.5,1.0,12.0,832,979,0.18990384615384615,0.6731134956192817,-0.5825450137767714,-0.8904833876547487,-0.9612441200249434,5121.77101661474,-0.9487822898338526
48,atr,4.0,1.5,1.0,,1811,0,0.23799006073992268,0.45514496785391767,0.2972666940883223,-0.9967636716019662,-0.9997671767467808,33.83154033743228,-0.9996616845966256
48,atr,4.0,2.0,,1.0,74,1737,0.24324324324324326,0.8379033543628219,-0.5513794063353572,-0.1082453784452152,-0.20843803634636693,88243.25056970234,-0.11756749430297653
48,atr,4.0,2.0,,2.0,140,1671,0.24285714285714285,0.8733811647605169,-0.32631875016698364,-0.14957677583722606,-0.3359540175499145,82365.91985730785,-0.17634080142692155
48,atr,4.0,2.0,,3.0,194,1617,0.25773195876288657,0.9081111189411184,-0.20097961159031977,-0.17245945849881794,-0.3958408755416445,82175.61321674145,-0.1782438678325855
48,atr,4.0,2.0,,4.0,251,1560,0.2589641434262948,0.8934394292595841,-0.1777825265264713,-0.23316171930348795,-0.485008613993301,73568.21379970887,-0.2643178620029113
48,atr,4.0,2.0,,5.0,307,1504,0.26384364820846906,0.8888658232690768,-0.12777576304592303,-0.2868620866948586,-0.5787535070439465,66205.8345355859,-0.33794165464414094
48,atr,4.0,2.0,,6.0,361,1450,0.2631578947368421,0.8790616135345478,-0.1116340240991448,-0.35415173293216407,-0.6491450299744594,57329.92733461428,-0.42670072665385717
48,atr,4.0,2.0,,8.0,472,1339,0.2605932203389831,0.8658568888476673,-0.09085932901284988,-0.48829297152240103,-0.7510196162028132,42424.32185053765,-0.5757567814946235
48,atr,4.0,2.0,,12.0,655,1156,0.2641221374045801,0.8477308795449239,-0.0011439527178251638,-0.6733649054618833,-0.8717279284881979,22936.666326163668,-0.7706333367383633
48,atr,4.0,2.0,,,234,1577,0.12393162393162394,0.29808331962849605,-1.1789299091292786,-1.0,-1.171016001132522,-22059.693674897037,-1.2205969367489704
48,atr,4.0,2.0,0.5,1.0,104,1707,0.125,0.5996926880706296,-1.2935052039317827,-0.2240815472012555,-0.31183264306146263,72096.66072294414,-0.2790333927705586
48,atr,4.0,2.0,0.5,2.0,199,1612,0.1407035175879397,0.70858773354641,-0.902090885507825,-0.30473318584138764,-0.4121742121257542,63777.34248492971,-0.3622265751507029
48,atr,4.0,2.0,0.5,3.0,284,1527,0.1443661971830986,0.7085941630879841,-0.8702213584023458,-0.4074598834023828,-0.5323729750833328,52369.00326147146,-0.4763099673852854
48,atr,4.0,2.0,0.5,4.0,362,1449,0.14917127071823205,0.7164664526171848,-0.7109655931666543,-0.458840372652379,-0.5900915467397907,45905.16796909681,-0.540948320309032
48,atr,4.0,2.0,0.5,5.0,434,1377,0.1543778801843318,0.7244321703384918,-0.5965066302692651,-0.5042381201279769,-0.6390720637688301,40419.89718839417,-0.5958010281160583
48,atr,4.0,2.0,0.5,6.0,508,1303,0.15748031496062992,0.7183460834499764,-0.5182887074290603,-0.5561443205921321,-0.6945702837366612,34421.943598402366,-0.6557805640159764
48,atr,4.0,2.0,0.5,8.0,637,1174,0.16169544740973313,0.7033221892628402,-0.45321702735943187,-0.6682839851470441,-0.8032763971644672,22549.920280831513,-0.7745007971916849
48,atr,4.0,2.0,0.5,12.0,866,945,0.16628175519630484,0.6699739465557194,-0.3158988826831913,-0.8045091650871182,-0.9138403189918345,10462.1319725961,-0.895378680274039
48,atr,4.0,2.0,0.5,,1811,0,0.22197680839315295,0.5406231773385379,0.6465689742878142,-0.9583622618767355,-0.9950234265942206,1106.9910471187982,-0.988930089528812
48,atr,4.0,2.0,1.0,1.0,82,1729,0.18292682926829268,0.6880834036293215,-1.0377259714088078,-0.17981044392580736,-0.25407739461236944,78147.4571032431,-0.218525428967569
48,atr,4.0,2.0,1.0,2.0,156,1655,0.20512820512820512,0.8380147865997478,-0.4339662602259477,-0.17766201058254982,-0.34285181120877695,78444.93873914165,-0.21555061260858344
48,atr,4.0,2.0,1.0,3.0,221,1590,0.2081447963800905,0.8541798150975236,-0.3768369410825267,-0.23774560719411353,-0.44232679489932414,72930.37238435594,-0.27069627615644054
48,atr,4.0,2.0,1.0,4.0,289,1522,0.2041522491349481,0.8364323376653635,-0.3563475807239799,-0.31172433101522,-0.5409773434310422,62880.13472771884,-0.3711986527228116
48,atr,4.0,2.0,1.0,5.0,348,1463,0.21264367816091953,0.8415278218281685,-0.2635425558851532,-0.35313387715380107,-0.6078449134438477,57461.19943289867,-0.4253880056710133
48,atr,4.0,2.0,1.0,6.0,411,1400,0.2116788321167883,0.8221168905929546,-0.26544511567255724,-0.4337783393283464,-0.6717074997970562,47357.25334027908,-0.5264274665972092
48,atr,4.0,2.0,1.0,8.0,529,1282,0.21361058601134217,0.8106328943169023,-0.21386269746887354,-0.5576609504540445,-0.7652600876694409,34334.3182009642,-0.656656817990358
48,atr,4.0,2.0,1.0,12.0,729,1082,0.2222222222222222,0.8096437087347031,-0.05208151650823652,-0.7055301509353417,-0.8808859791061627,19730.640588777154,-0.8026935941122284
48,atr,4.0,2.0,1.0,,1811,0,0.27332965212589727,0.4519719176380751,0.7222300433636141,-0.9891767028170364,-0.9987171277328108,162.71869957569768,-0.9983728130042431
48,atr,4.0,3.0,,1.0,57,1754,0.2982456140350877,1.169247670838545,0.44868594133899825,0.0571720131593525,-0.10348662659061703,108409.83736297819,0.08409837362978179
48,atr,4.0,3.0,,2.0,107,1704,0.3177570093457944,1.1856758052796272,0.5545323596065049,0.12028567587767203,-0.18026491992634996,117935.4001484221,0.17935400148422098
48,atr,4.0,3.0,,3.0,153,1658,0.32679738562091504,1.1673999127594863,0.5686737100115166,0.1565544289966012,-0.25758375701024383,123521.11568764095,0.23521115687640948
48,atr,4.0,3.0,,4.0,198,1613,0.3333333333333333,1.1346115666374046,0.5457380801827469,0.16435345636123966,-0.3244581356057672,124732.70998635626,0.2473270998635626
48,atr,4.0,3.0,,5.0,247,1564,0.32793522267206476,1.058823932945089,0.4290924283477083,0.0899423806663362,-0.38764243156517897,113324.59840397,0.1332459840397
48,atr,4.0,3.0,,6.0,297,1514,0.31986531986531985,1.0074153142717495,0.35366104770799023,0.014032957208929275,-0.46933018597333986,102044.57273346906,0.020445727334690522
48,atr,4.0,3.0,,8.0,387,1424,0.32041343669250644,0.9776006787758863,0.3606415341656685,-0.05649293977993042,-0.5860834877235634,91901.02244928233,-0.08098977550717668
48,atr,4.0,3.0,,12.0,560,1251,0.3142857142857143,0.9126065861851511,0.3181724967715783,-0.31465951857726326,-0.7695182613692476,57766.16808737879,-0.4223383191262121
48,atr,4.0,3.0,,,231,1580,0.13852813852813853,0.2135027948695865,-0.966990962808335,-1.0,-1.2203479254890974,-26824.866302796574,-1.2682486630279657
48,atr,4.0,3.0,0.5,1.0,73,1738,0.1917808219178082,0.9934191595460375,0.057438069972243454,-0.002305989047295842,-0.12076743484610808,99665.25730725077,-0.0033474269274923474
48,atr,4.0,3.0,0.5,2.0,140,1671,0.2,1.0142611764884937,0.16591555755050205,0.009638970637952271,-0.2119926431034589,101402.99260746568,0.014029926074656807
48,atr,4.0,3.0,0.5,3.0,206,1605,0.1941747572815534,0.9753199112719156,0.11623928237531761,-0.02352209221451307,-0.312954292657749,96601.95124704439,-0.03398048752955607
48,atr,4.0,3.0,0.5,4.0,272,1539,0.19852941176470587,0.9827221369067675,0.19042483665806625,-0.021643532854505376,-0.38325034930461954,96871.98485487691,-0.031280151451230975
48,atr,4.0,3.0,0.5,5.0,332,1479,0.20180722891566266,0.9419541220982018,0.1295335190000168,-0.08818002098376121,-0.45606651630119355,87452.60409336326,-0.12547395906636738
48,atr,4.0,3.0,0.5,6.0,395,1416,0.20506329113924052,0.9243368732101922,0.1226477685544537,-0.14109946356487635,-0.5376416822534971,80178.86209327732,-0.19821137906722686
48,atr,4.0,3.0,0.5,8.0,508,1303,0.20866141732283464,0.8998715961528935,0.13545470376751,-0.23590763516105895,-0.6414132587888491,67652.41011064802,-0.3234758988935198
48,atr,4.0,3.0,0.5,12.0,698,1113,0.2191977077363897,0.8814890533533312,0.22055040399050557,-0.3904862225304564,-0.7984607786236506,48720.772979693655,-0.5127922702030634
48,atr,4.0,3.0,0.5,,1811,0,0.274434014356709,0.8557341847552604,0.9462782216407561,-0.8457734889944315,-0.9884677688156015,6620.6044928084875,-0.9337939550719151
48,atr,4.0,3.0,1.0,1.0,62,1749,0.25806451612903225,1.1118415332433138,0.3395138447956278,0.04117185014343283,-0.12740286990291327,106034.99633668651,0.060349963366865156
48,atr,4.0,3.0,1.0,2.0,120,1691,0.26666666666666666,1.1084215243449917,0.40591004611037523,0.07704597123087242,-0.2322183586743939,111382.3552283456,0.11382355228345586
48,atr,4.0,3.0,1.0,3.0,169,1642,0.28402366863905326,1.1272189526169252,0.5121689880157643,0.1331890520341279,-0.31733909420029405,119913.40300886158,0.19913403008861574
48,atr,4.0,3.0,1.0,4.0,220,1591,0.29545454545454547,1.137005406568301,0.5862797271026204,0.18967582582254194,-0.37617951269175365,128691.8711269559,0.28691871126955903
48,atr,4.0,3.0,1.0,5.0,273,1538,0.2893772893772894,1.088630270655334,0.5221414462911996,0.15203385452439977,-0.4527397421545102,122820.52413280672,0.2282052413280673
48,atr,4.0,3.0,1.0,6.0,328,1483,0.2865853658536585,1.0443013555250642,0.46869556053834016,0.09644798261893883,-0.5397865711002495,114308.32401786199,0.14308324017861995
48,atr,4.0,3.0,1.0,8.0,423,1388,0.28841607565011823,1.0062634454562311,0.4548421666887517,0.01817569174736966,-0.6407154611039938,102650.61976705297,0.02650619767052964
48,atr,4.0,3.0,1.0,12.0,596,1215,0.29194630872483224,0.9579664289776563,0.4598770297562852,-0.1864928748107283,-0.8007781838780976,74098.69310008694,-0.2590130689991307
48,atr,4.0,3.0,1.0,,1811,0,0.3600220872446162,0.44965023195228926,1.033924506607501,-0.9851069750333146,-0.9995678483001974,222.06248208016768,-0.9977793751791983
48,atr,5.0,0.5,,1.0,167,1644,0.11976047904191617,0.4296507898821528,-2.1226680424782898,-0.6571297255049334,-0.7991750368078214,22307.817329709538,-0.7769218267029045
48,atr,5.0,0.5,,2.0,294,1517,0.13945578231292516,0.5014078205174055,-2.0682304434733965,-0.8029896707173325,-0.9101918963270951,10448.879748350362,-0.8955112025164964
48,atr,5.0,0.5,,3.0,384,1427,0.15104166666666666,0.5433467492024373,-1.8771220003842517,-0.8652480090717479,-0.9482703238195898,6306.8458797858675,-0.9369315412021413
48,atr,5.0,0.5,,4.0,482,1329,0.15352697095435686,0.5789299464859285,-1.8041815197792543,-0.9178231566667336,-0.9747774467141256,3227.9620758492065,-0.9677203792415079
48,atr,5.0,0.5,,5.0,585,1226,0.1606837606837607,0.5996396543937917,-1.6553922202869447,-0.9443642088705624,-0.9856859442058142,1829.7656651016846,-0.9817023433489831
48,atr,5.0,0.5,,6.0,674,1137,0.1632047477744807,0.5954203754719731,-1.5489138172421717,-0.9631691656465365,-0.9921371635013674,1026.361839125586,-0.9897363816087441
48,atr,5.0,0.5,,8.0,859,952,0.16763678696158324,0.6039528617696808,-1.3773355742445952,-0.9848771901199241,-0.9978416634046791,299.79926650359823,-0.997002007334964
48,atr,5.0,0.5,,12.0,1121,690,0.17305976806422838,0.632098594897777,-1.194150276793182,-0.9965274562405646,-0.999745275996064,41.30852471638326,-0.9995869147528361
48,atr,5.0,0.5,,,1811,0,0.20320265046935396,0.6736769177566765,-0.45325851973347264,-0.9999847984940209,-0.9999999044457162,0.018270880637004445,-0.9999998172911936
48,atr,5.0,0.5,0.5,1.0,264,1547,0.07954545454545454,0.3566021233785267,-2.673864361553237,-0.8004269474837914,-0.9084902013432823,10164.990645904221,-0.8983500935409577
48,atr,5.0,0.5,0.5,2.0,427,1384,0.09836065573770492,0.4320061972045803,-2.3110813062857836,-0.8826527363694018,-0.958196106337514,4757.735321453388,-0.9524226467854662
48,atr,5.0,0.5,0.5,3.0,572,1239,0.10314685314685315,0.4699998061584723,-2.2995585114896584,-0.9338601673522718,-0.9815986650525711,2145.9053693640176,-0.9785409463063598
48,atr,5.0,0.5,0.5,4.0,703,1108,0.10526315789473684,0.481435125319133,-2.1905591273694833,-0.9600537652051334,-0.991152991746015,1085.3220169712959,-0.9891467798302871
48,atr,5.0,0.5,0.5,5.0,812,999,0.10837438423645321,0.4922907688978051,-2.0696275532380555,-0.974463745256563,-0.9953807472180225,585.7854188525919,-0.9941421458114741
48,atr,5.0,0.5,0.5,6.0,915,896,0.11256830601092896,0.5311269989393496,-1.8712046073983006,-0.9815493398762326,-0.997118789468079,372.4414010379779,-0.9962755859896202
48,atr,5.0,0.5,0.5,8.0,1103,708,0.11876699909338169,0.5658582639070793,-1.6628758585244536,-0.9910887874271335,-0.9989988168510431,138.18843225042494,-0.9986181156774957
48,atr,5.0,0.5,0.5,12.0,1351,460,0.13175425610658772,0.6171052636252022,-1.2370878913631205,-0.9959323830215776,-0.9996794931647267,51.570335298369876,-0.9994842966470163
48,atr,5.0,0.5,0.5,,1811,0,0.14080618442849255,0.6216403168822002,-0.8912749701071745,-0.999408702529158,-0.9999805276295247,3.4739077758560266,-0.9999652609222415
48,atr,5.0,0.5,1.0,1.0,229,1582,0.09170305676855896,0.3935229496423196,-2.3745052577067884,-0.7395533278170416,-0.8652938569270615,14963.27939064629,-0.8503672060935371
48,atr,5.0,0.5,1.0,2.0,382,1429,0.1099476439790576,0.45713060354411905,-2.175034718051239,-0.8551587687175253,-0.9442554709239579,6459.157024716809,-0.9354084297528319
48,atr,5.0,0.5,1.0,3.0,506,1305,0.11857707509881422,0.48202509777596875,-2.043271717925265,-0.909066461635146,-0.9707815635752299,3407.3614652123906,-0.9659263853478761
48,atr,5.0,0.5,1.0,4.0,613,1198,0.12071778140293637,0.5005851121300967,-1.9418534979500812,-0.9434412995818803,-0.9853397900109092,1798.466579639044,-0.9820153342036095
48,atr,5.0,0.5,1.0,5.0,709,1102,0.12411847672778561,0.5166535545065748,-1.7867643782317624,-0.9609202924774435,-0.991430348442979,1086.7508585666335,-0.9891324914143337
48,atr,5.0,0.5,1.0,6.0,805,1006,0.1267080745341615,0.5265969329977114,-1.6811775193061593,-0.9738434858047758,-0.995216900580837,618.2902044958306,-0.9938170979550417
48,atr,5.0,0.5,1.0,8.0,997,814,0.13139418254764293,0.5370339289714169,-1.5714695459970054,-0.9896238105018529,-0.9987511292424479,172.37554612194205,-0.9982762445387806
48,atr,5.0,0.5,1.0,12.0,1252,559,0.14456869009584664,0.6053153635371372,-1.201291027371843,-0.9963079726129692,-0.9997215622166898,44.801321734057225,-0.9995519867826594
48,atr,5.0,0.5,1.0,,1811,0,0.15958034235229154,0.6132154343378484,-0.7525306072170043,-0.999779478975826,-0.9999953518225589,0.8292436597057372,-0.9999917075634029
48,atr,5.0,1.0,,1.0,118,1693,0.16101694915254236,0.6781056045908543,-1.0935584804602931,-0.33268982283120907,-0.4710141511132113,58357.124833939204,-0.416428751660608
48,atr,5.0,1.0,,2.0,200,1611,0.17,0.6952155622580127,-1.0823750553403422,-0.49530171664907263,-0.6474049839315044,40875.63616507189,-0.5912436383492812
48,atr,5.0,1.0,,3.0,270,1541,0.17777777777777778,0.7123897081654207,-1.038487354955988,-0.5972228362827672,-0.7459081228749056,31159.118944550548,-0.6884088105544945
48,atr,5.0,1.0,,4.0,342,1469,0.1783625730994152,0.6928274934736305,-1.1042569118197891,-0.7052467718187725,-0.8385497137477993,19798.541889189804,-0.802014581108102
48,atr,5.0,1.0,,5.0,415,1396,0.1783132530120482,0.696409639069905,-1.0778013629456844,-0.7757711036925641,-0.8914714741820262,13532.5199261881,-0.864674800738119
48,atr,5.0,1.0,,6.0,484,1327,0.18181818181818182,0.696648794595063,-1.0165764983563994,-0.8265506335110122,-0.9252560519687326,9208.965723078178,-0.9079103427692182
48,atr,5.0,1.0,,8.0,616,1195,0.18506493506493507,0.697965183959205,-0.847290425022479,-0.8881817496060639,-0.9604938194036605,5012.710823911139,-0.9498728917608886
48,atr,5.0,1.0,,12.0,850,961,0.1952941176470588,0.6702653807607324,-0.5450869242542904,-0.9521965896514699,-0.9885010464943659,1586.4214586362302,-0.9841357854136377
48,atr,5.0,1.0,,,231,1580,0.11255411255411256,0.432077957546919,-1.3625725916041547,-1.0,-1.0987966957034296,-14782.179759212733,-1.1478217975921274
48,atr,5.0,1.0,0.5,1.0,167,1644,0.09580838323353294,0.4826479657405067,-1.7847370333749637,-0.4957147636623851,-0.6478240128138446,38851.65943661507,-0.6114834056338494
48,atr,5.0,1.0,0.5,2.0,294,1517,0.09863945578231292,0.5043236015790029,-1.6652803013099602,-0.6613557112124874,-0.8024869141073887,22416.223685517532,-0.7758377631448247
48,atr,5.0,1.0,0.5,3.0,403,1408,0.10421836228287841,0.5077594292579052,-1.5125120647210553,-0.7428500253915843,-0.8675801252219838,14951.793163703715,-0.8504820683629628
48,atr,5.0,1.0,0.5,4.0,506,1305,0.10474308300395258,0.5015317136994907,-1.4437671852708611,-0.8138326465744251,-0.9171659544609806,9352.95791427411,-0.9064704208572589
48,atr,5.0,1.0,0.5,5.0,608,1203,0.10526315789473684,0.4799600051665522,-1.4396123465657895,-0.8693511302729298,-0.950473712028375,5523.58552923597,-0.9447641447076403
48,atr,5.0,1.0,0.5,6.0,689,1122,0.11030478955007257,0.4970374603308553,-1.2938421429512024,-0.8920496582405832,-0.9624629559391841,4328.653067670632,-0.9567134693232937
48,atr,5.0,1.0,0.5,8.0,848,963,0.11438679245283019,0.4870655639199932,-1.1060988389280377,-0.9331088875047585,-0.9812684139382242,2230.5478351595557,-0.9776945216484044
48,atr,5.0,1.0,0.5,12.0,1093,718,0.1253430924062214,0.4985645431611027,-0.7661314951309293,-0.9663064443907505,-0.9930813052726583,902.4139569909139,-0.9909758604300909
48,atr,5.0,1.0,0.5,,1811,0,0.16344561016013254,0.44303877400486463,0.08792573248648389,-0.9952326973384804,-0.9995958388028305,55.05912984042379,-0.9994494087015957
48,atr,5.0,1.0,1.0,1.0,134,1677,0.11940298507462686,0.5488180213738374,-1.5038753133823362,-0.41833170023246935,-0.5666826148176622,47803.08734726409,-0.5219691265273592
48,atr,5.0,1.0,1.0,2.0,246,1565,0.12195121951219512,0.5757522795380114,-1.4369174915514709,-0.5954422394547061,-0.7442750491725101,29645.682927987775,-0.7035431707201223
48,atr,5.0,1.0,1.0,3.0,330,1481,0.1303030303030303,0.6164030208991442,-1.2661677248462075,-0.6711479189635707,-0.8107273120379904,23210.38462106985,-0.7678961537893015
48,atr,5.0,1.0,1.0,4.0,422,1389,0.13033175355450238,0.5934568753806702,-1.303626427418105,-0.7698496150242367,-0.8872841371706172,13822.271756878308,-0.8617772824312169
48,atr,5.0,1.0,1.0,5.0,508,1303,0.13188976377952755,0.5881887786227663,-1.2654085376958153,-0.8264794994773458,-0.9252115272096082,9325.44223426225,-0.9067455776573775
48,atr,5.0,1.0,1.0,6.0,582,1229,0.13573883161512026,0.5932445492368646,-1.1636836858279294,-0.8632464204153711,-0.9470774311085632,6520.422532331431,-0.9347957746766857
48,atr,5.0,1.0,1.0,8.0,737,1074,0.13704206241519673,0.574769279803877,-1.0196385683838523,-0.9173127146571675,-0.9745143494456472,3233.72683615126,-0.9676627316384874
48,atr,5.0,1.0,1.0,12.0,972,839,0.15432098765432098,0.5890818684589829,-0.5958559029314043,-0.9543596124331549,-0.9892489327046168,1483.241396904629,-0.9851675860309537
48,atr,5.0,1.0,1.0,,1811,0,0.19768083931529543,0.4723662170933297,0.2246367992673488,-0.9984289531692983,-0.9999193906190255,12.060953570977057,-0.9998793904642902
48,atr,5.0,1.5,,1.0,88,1723,0.19318181818181818,0.7400133212195517,-0.8726121702691029,-0.20510332809597942,-0.2882691122170392,75328.9940312344,-0.24671005968765602
48,atr,5.0,1.5,,2.0,163,1648,0.20245398773006135,0.8246905361407882,-0.4687880846111736,-0.24461785004090952,-0.39968127638043016,69952.09103269623,-0.3004790896730377
48,atr,5.0,1.5,,3.0,230,1581,0.20869565217391303,0.8145565836569403,-0.43463806397047344,-0.3268868272925033,-0.48394689033719396,59165.35234747857,-0.4083464765252143
48,atr,5.0,1.5,,4.0,295,1516,0.21016949152542372,0.7907294347683301,-0.4538171373439213,-0.43320950826814286,-0.5750521855878576,46091.90481679994,-0.5390809518320006
48,atr,5.0,1.5,,5.0,357,1454,0.20728291316526612,0.7738624191224457,-0.4714978267936499,-0.53036008053715,-0.6677289231794605,35077.35066889678,-0.6492264933110321
48,atr,5.0,1.5,,6.0,420,1391,0.20714285714285716,0.7793650996464987,-0.40443947806384917,-0.5932886060668563,-0.7353242308050731,28463.21547135337,-0.7153678452864662
48,atr,5.0,1.5,,8.0,533,1278,0.21575984990619138,0.8068769710989624,-0.21883740029006613,-0.6595777981947514,-0.8156509216320538,22586.128739627304,-0.7741387126037269
48,atr,5.0,1.5,,12.0,728,1083,0.22802197802197802,0.7983811569716188,-0.025872720299189574,-0.7951435591143226,-0.9166399761361038,10801.713886968431,-0.8919828611303157
48,atr,5.0,1.5,,,233,1578,0.11158798283261803,0.3129255968591421,-1.2739693576283841,-1.0,-1.1291041681721103,-14482.485583685553,-1.1448248558368554
48,atr,5.0,1.5,0.5,1.0,128,1683,0.1015625,0.5402625365915252,-1.5150972890981265,-0.3391093964807633,-0.4556699514964998,57611.43105994528,-0.42388568940054716
48,atr,5.0,1.5,0.5,2.0,227,1584,0.11894273127753303,0.6758312214385954,-1.0121303846649667,-0.4019790018966899,-0.5260776383562006,51638.98337524662,-0.48361016624753383
48,atr,5.0,1.5,0.5,3.0,320,1491,0.125,0.6767109292065633,-0.8576424102590661,-0.48080194214707506,-0.6140285713027938,41891.220761188706,-0.5810877923881129
48,atr,5.0,1.5,0.5,4.0,409,1402,0.1271393643031785,0.6691316378077887,-0.7365748394490477,-0.549592712249823,-0.6860191983656323,34077.753165400325,-0.6592224683459967
48,atr,5.0,1.5,0.5,5.0,502,1309,0.1254980079681275,0.6316349675789326,-0.7790539029817428,-0.6521458086473707,-0.784258304474136,23415.41969873933,-0.7658458030126067
48,atr,5.0,1.5,0.5,6.0,585,1226,0.1264957264957265,0.6209412308523005,-0.7144193426931232,-0.7110169305188273,-0.8351908413157628,17887.481654304956,-0.8211251834569504
48,atr,5.0,1.5,0.5,8.0,735,1076,0.12789115646258503,0.5876967168224038,-0.6050216867419442,-0.8050148276715134,-0.9083500082326095,9994.887170259715,-0.9000511282974029
48,atr,5.0,1.5,0.5,12.0,956,855,0.14225941422594143,0.6020630598854047,-0.2747501483779703,-0.8677192841644346,-0.9508224216703374,5689.110517683008,-0.94310889482317
48,atr,5.0,1.5,0.5,,1811,0,0.1943677526228603,0.44096325867385633,0.6475648415274458,-0.9750945775709721,-0.9979812742842288,503.23853883152015,-0.9949676146116848
48,atr,5.0,1.5,1.0,1.0,103,1708,0.14563106796116504,0.6449599598080591,-1.1686286255025928,-0.268228755490876,-0.36886246141450696,66799.06224821953,-0.3320093775178047
48,atr,5.0,1.5,1.0,2.0,189,1622,0.15873015873015872,0.7529695528575548,-0.6702702104176047,-0.3093773235055496,-0.41958437944531146,61413.73192653331,-0.3858626807346669
48,atr,5.0,1.5,1.0,3.0,268,1543,0.16417910447761194,0.7709703501142638,-0.5188112092867753,-0.36616327457119435,-0.48768002739858374,54218.16135733108,-0.45781838642668915
48,atr,5.0,1.5,1.0,4.0,346,1465,0.1676300578034682,0.7512551548374127,-0.4903250993266009,-0.4634223101101135,-0.5956694743900692,42566.95593443894,-0.5743304406556106
48,atr,5.0,1.5,1.0,5.0,424,1387,0.1650943396226415,0.7200900743320089,-0.5084496948303697,-0.5693828969298005,-0.7070618522808363,30925.033349779096,-0.690749666502209
48,atr,5.0,1.5,1.0,6.0,490,1321,0.1673469387755102,0.7213960338347376,-0.4406355661196585,-0.6216472772225854,-0.7589624783595829,25626.806168392115,-0.7437319383160789
48,atr,5.0,1.5,1.0,8.0,617,1194,0.17341977309562398,0.729272966353418,-0.29264759561628134,-0.7085750236515117,-0.8334146406097059,18022.66464988701,-0.8197733535011299
48,atr,5.0,1.5,1.0,12.0,825,986,0.18666666666666668,0.740730583790417,-0.04635412335327199,-0.8114432370564225,-0.9163961049763246,9576.262647297168,-0.9042373735270284
48,atr,5.0,1.5,1.0,,1811,0,0.23578133627829928,0.41159556476232867,0.6987357401105087,-0.9925995850228984,-0.999274340432704,86.87168159518765,-0.9991312831840481
48,atr,5.0,2.0,,1.0,75,1736,0.21333333333333335,0.9054439142589766,-0.14888192872051828,-0.04985446201873778,-0.20843803634636704,92841.64193285488,-0.07158358067145121
48,atr,5.0,2.0,,2.0,140,1671,0.22142857142857142,0.918177691096605,-0.050617445107595624,-0.0807671442279192,-0.3368952773319649,88487.09735653337,-0.11512902643466627
48,atr,5.0,2.0,,3.0,195,1616,0.24102564102564103,0.9658623811337624,0.1584500097278865,-0.0469898794667557,-0.39043061949081315,93248.45085092039,-0.06751549149079616
48,atr,5.0,2.0,,4.0,251,1560,0.24302788844621515,0.937257582636662,0.14052512331528064,-0.11099685595757203,-0.48045894322525284,84292.34221905509,-0.15707657780944906
48,atr,5.0,2.0,,5.0,306,1505,0.24836601307189543,0.9313085693322601,0.17678983324362718,-0.15229623224736177,-0.5750649790859653,78665.28440759533,-0.21334715592404663
48,atr,5.0,2.0,,6.0,360,1451,0.25,0.9208920842578668,0.18069170882529664,-0.21233334267606152,-0.6461100321830865,70704.94127411724,-0.2929505872588276
48,atr,5.0,2.0,,8.0,469,1342,0.2515991471215352,0.9154967222016027,0.26936134122872,-0.3010098881069224,-0.7457703894403476,59444.63839162899,-0.4055536160837101
48,atr,5.0,2.0,,12.0,653,1158,0.26033690658499237,0.9097106980752027,0.428248081020442,-0.4612347506757347,-0.8676519822152853,40727.69764815721,-0.5927230235184279
48,atr,5.0,2.0,,,234,1577,0.12393162393162394,0.270930949188438,-1.108881093179336,-1.0,-1.1628507521651907,-20321.797223668014,-1.20321797223668
48,atr,5.0,2.0,0.5,1.0,105,1706,0.11428571428571428,0.69155166098693,-0.7528273313594089,-0.16071775804004496,-0.23898320731913048,77532.80176914168,-0.2246719823085832
48,atr,5.0,2.0,0.5,2.0,194,1617,0.13917525773195877,0.7931209087274727,-0.38148828514492683,-0.1910709919419542,-0.33288105029815473,73370.00802344823,-0.2662999197655177
48,atr,5.0,2.0,0.5,3.0,277,1534,0.1444043321299639,0.803199508424374,-0.26543762743041394,-0.24890315367793292,-0.4451975351858336,65657.38809130073,-0.3434261190869927
48,atr,5.0,2.0,0.5,4.0,355,1456,0.14929577464788732,0.8297983062583395,-0.102523668559844,-0.266214964117241,-0.5392635423060913,63470.98133149569,-0.3652901866850431
48,atr,5.0,2.0,0.5,5.0,427,1384,0.15456674473067916,0.8399833076377726,-0.018040907801848423,-0.2971231072499745,-0.6014654418066459,59625.332777312695,-0.4037466722268731
48,atr,5.0,2.0,0.5,6.0,502,1309,0.15737051792828685,0.831974438629914,0.010790477088366352,-0.35145806923511047,-0.6676467317790603,53049.69289085639,-0.4695030710914361
48,atr,5.0,2.0,0.5,8.0,636,1175,0.16037735849056603,0.8076235418620838,0.04602831951352251,-0.49041695750172865,-0.7643167087089915,37375.3311253034,-0.626246688746966
48,atr,5.0,2.0,0.5,12.0,865,946,0.1653179190751445,0.7859337559982787,0.2001207864367554,-0.6570536045909348,-0.877596543842836,21027.706219410247,-0.7897229378058975
48,atr,5.0,2.0,0.5,,1811,0,0.22197680839315295,0.7155159205868761,0.9236360654801007,-0.9006236213853231,-0.99265379872702,3479.313993718388,-0.9652068600628161
48,atr,5.0,2.0,1.0,1.0,83,1728,0.1686746987951807,0.7918455390076196,-0.47689053774791834,-0.1093554472609396,-0.21760172293913504,84518.47492173416,-0.15481525078265845
48,atr,5.0,2.0,1.0,2.0,155,1656,0.1935483870967742,0.91891961822847,-0.047421583579287385,-0.07890788512045255,-0.3437832936321388,88747.15728722097,-0.11252842712779032
48,atr,5.0,2.0,1.0,3.0,221,1590,0.19909502262443438,0.9424317731674752,0.09188728201216564,-0.08023720018132263,-0.4373328211097405,88561.19793446177,-0.11438802065538223
48,atr,5.0,2.0,1.0,4.0,289,1522,0.20069204152249134,0.9415617314436411,0.15387001671139777,-0.10763876643122716,-0.536922126160988,84755.1794523834,-0.152448205476166
48,atr,5.0,2.0,1.0,5.0,349,1462,0.20916905444126074,0.9444791920356433,0.22380939320475607,-0.12609480302482057,-0.6044111163088811,82221.21616197121,-0.1777878383802879
48,atr,5.0,2.0,1.0,6.0,412,1399,0.2087378640776699,0.9172640457068179,0.18831096136554915,-0.2162474050088392,-0.6688676739483084,70195.22707923608,-0.2980477292076392
48,atr,5.0,2.0,1.0,8.0,530,1281,0.21132075471698114,0.9062823151816854,0.26706157007737724,-0.31456026795463377,-0.7603110912415612,57778.318616322635,-0.4222168138367737
48,atr,5.0,2.0,1.0,12.0,728,1083,0.22115384615384615,0.9019271796883196,0.4317631743592364,-0.46908612499818525,-0.877101037116907,39868.528326926506,-0.6013147167307349
48,atr,5.0,2.0,1.0,,1811,0,0.27332965212589727,0.5757427867713295,0.9941313644355589,-0.9709754560684445,-0.9981287863716214,585.261227547157,-0.9941473877245284
48,atr,5.0,3.0,,1.0,57,1754,0.2982456140350877,1.210893109288591,0.5214893663864126,0.07189192311856551,-0.10348662659061691,110609.0687400595,0.10609068740059513
48,atr,5.0,3.0,,2.0,107,1704,0.3177570093457944,1.2150273379174323,0.6002504057450959,0.14164203417715093,-0.1877116501481889,121214.7317173524,0.21214731717352397
48,atr,5.0,3.0,,3.0,153,1658,0.32679738562091504,1.215460498023408,0.6577544847067012,0.20758969214782153,-0.26418571606485686,131515.87302794872,0.31515873027948715
48,atr,5.0,3.0,,4.0,198,1613,0.3333333333333333,1.1770097695686752,0.632157402093324,0.22401098764030603,-0.3303326345880433,134121.28985124655,0.3412128985124654
48,atr,5.0,3.0,,5.0,247,1564,0.32793522267206476,1.0988977372689428,0.5283435993710363,0.15789453078171767,-0.3928376602653384,123729.04094326375,0.23729040943263757
48,atr,5.0,3.0,,6.0,297,1514,0.31986531986531985,1.0456914246913835,0.4681172511214071,0.09080052248144832,-0.46933018597334,113454.20812680761,0.1345420812680762
48,atr,5.0,3.0,,8.0,387,1424,0.32041343669250644,1.023916902179055,0.5187352930932198,0.06563329407129781,-0.586083487723563,109672.31609022881,0.09672316090228805
48,atr,5.0,3.0,,12.0,560,1251,0.3142857142857143,0.9448252545920259,0.47490592482238186,-0.22032031905946914,-0.7695182613692476,69666.04746147298,-0.3033395253852702
48,atr,5.0,3.0,,,231,1580,0.13852813852813853,0.2135027948695865,-0.966990962808335,-1.0,-1.2203479254890974,-26824.866302796574,-1.2682486630279657
48,atr,5.0,3.0,0.5,1.0,73,1738,0.1917808219178082,1.0046524331904763,0.0859217308170118,0.0016359834193928613,-0.12076743484610786,100237.69501448935,0.002376950144893586
48,atr,5.0,3.0,0.5,2.0,140,1671,0.2,1.06501265906231,0.2916338397721703,0.044708248589742094,-0.2047615240827242,106558.47847047591,0.06558478470475904
48,atr,5.0,3.0,0.5,3.0,206,1605,0.1941747572815534,1.0359008922573973,0.28054129935224503,0.03530450154229281,-0.3192099766052492,105168.24455501874,0.05168244555018742
48,atr,5.0,3.0,0.5,4.0,272,1539,0.19852941176470587,1.0468703606580523,0.3647699032013636,0.06174709536490486,-0.3888826129087518,109091.90439693061,0.09091904396930617
48,atr,5.0,3.0,0.5,5.0,330,1481,0.20303030303030303,1.0079890880266613,0.31891502698488383,0.012845464808770801,-0.4512600879109848,101871.05888275802,0.018710588827580255
48,atr,5.0,3.0,0.5,6.0,394,1417,0.20558375634517767,0.990685564726789,0.3342806870468222,-0.01881044081519967,-0.5336525344706124,97279.6715363972,-0.027203284636027947
48,atr,5.0,3.0,0.5,8.0,507,1304,0.20907297830374755,0.9464201820947984,0.3113145052797354,-0.13762798380015684,-0.6383997783813071,80649.95738090784,-0.19350042619092156
48,atr,5.0,3.0,0.5,12.0,698,1113,0.2191977077363897,0.9234651288184301,0.3960608567409921,-0.28561009327687836,-0.7968234991462947,61356.196040975075,-0.38643803959024925
48,atr,5.0,3.0,0.5,,1811,0,0.26118166758696854,0.8959463707843175,1.0202922465013389,-0.8030187960818662,-0.988575085145876,9445.740297149661,-0.9055425970285034
48,atr,5.0,3.0,1.0,1.0,62,1749,0.25806451612903225,1.1623801007698191,0.4424831027438339,0.0604342158525204,-0.12740286990291294,108896.0400698262,0.08896040069826205
48,atr,5.0,3.0,1.0,2.0,120,1691,0.26666666666666666,1.1424530371994357,0.47915557693413335,0.10342888604327594,-0.2322183586743941,115366.8615469414,0.15366861546941402
48,atr,5.0,3.0,1.0,3.0,169,1642,0.28402366863905326,1.1793808835862747,0.6254314002770197,0.19546760952889963,-0.31733909420029427,129602.81770171777,0.29602817701717776
48,atr,5.0,3.0,1.0,4.0,220,1591,0.29545454545454547,1.189005695027272,0.7033624241948543,0.2760257020959582,-0.37617951269175376,142478.13063191602,0.4247813063191601
48,atr,5.0,3.0,1.0,5.0,273,1538,0.2893772893772894,1.1375287628148176,0.6454803008329971,0.25126196694468206,-0.4527397421545104,138479.8981388903,0.384798981388903
48,atr,5.0,3.0,1.0,6.0,328,1483,0.2865853658536585,1.0924988468329468,0.6127377754259062,0.21813955963410625,-0.5397865711002494,133187.89627584524,0.3318789627584524
48,atr,5.0,3.0,1.0,8.0,423,1388,0.28841607565011823,1.0553177144693213,0.626114098441321,0.180149255644259,-0.6407154611039934,127197.86938915303,0.2719786938915303
48,atr,5.0,3.0,1.0,12.0,596,1215,0.29194630872483224,0.9892048946255677,0.6111813278448409,-0.054740040891137376,-0.8007781838780976,92149.10430516738,-0.07850895694832627
48,atr,5.0,3.0,1.0,,1811,0,0.3462175593594699,0.5195144578425016,1.1003693361516986,-0.9797057347667556,-0.9995763760395957,348.06573200854825,-0.9965193426799145
72,h4_level,,0.5,,1.0,172,1639,0.16279069767441862,0.4401191888582632,-2.01765365002856,-0.6418981371789703,-0.7766806605682344,23626.975345286388,-0.7637302465471361
72,h4_level,,0.5,,2.0,280,1531,0.17857142857142858,0.5148368588321097,-1.5696662346183055,-0.7530880732000566,-0.869857737272455,14172.869642635025,-0.8582713035736498
72,h4_level,,0.5,,3.0,374,1437,0.1925133689839572,0.5343083406513611,-1.3479728741783157,-0.8244609784442477,-0.9207094558413956,8940.41995561151,-0.9105958004438849
72,h4_level,,0.5,,4.0,468,1343,0.19658119658119658,0.5259452634274435,-1.23494439360497,-0.8858676411865577,-0.9575695959364359,4873.361065834704,-0.951266389341653
72,h4_level,,0.5,,5.0,560,1251,0.19464285714285715,0.5425292775648571,-1.0235746389966502,-0.9192873400884152,-0.9743467986850438,2942.715959931984,-0.9705728404006801
72,h4_level,,0.5,,6.0,639,1172,0.19718309859154928,0.5269056073497712,-0.9433208878781554,-0.9441765431510328,-0.9849831388165912,1719.5533728336661,-0.9828044662716633
72,h4_level,,0.5,,8.0,810,1001,0.19382716049382717,0.4897390786277009,-0.6699524856822632,-0.975091965937521,-0.9953489324519643,542.9735470073647,-0.9945702645299264
72,h4_level,,0.5,,12.0,1051,760,0.20076117982873454,0.41019980287196245,-0.41706422394188863,-0.9935767167354956,-0.999350309053858,81.00728024811254,-0.9991899271975189
72,h4_level,,0.5,,,231,1580,0.08225108225108226,0.27510904116884854,-1.3099886223146586,-1.0,-1.082009947495777,-10936.703655911477,-1.1093670365591148
72,h4_level,,0.5,0.5,1.0,240,1571,0.11666666666666667,0.3627665901426074,-2.122033215775625,-0.7491866849525963,-0.8668605011562114,14086.033321924335,-0.8591396667807567
72,h4_level,,0.5,0.5,2.0,380,1431,0.12631578947368421,0.4087495751093758,-1.8085413113678375,-0.8409271111881859,-0.931278573707316,7360.3085788332355,-0.9263969142116677
72,h4_level,,0.5,0.5,3.0,509,1302,0.13359528487229863,0.4080394801377264,-1.6231235655794436,-0.8968412053173651,-0.9633635011746247,3965.9343894448148,-0.9603406561055519
72,h4_level,,0.5,0.5,4.0,632,1179,0.13765822784810128,0.40827021197696517,-1.3879950245300563,-0.9308729550609127,-0.9795164357793565,2260.3844070195214,-0.9773961559298048
72,h4_level,,0.5,0.5,5.0,736,1075,0.13994565217391305,0.4178124270506528,-1.2221753012512222,-0.9516762469505787,-0.9878219239126443,1346.9898034831754,-0.9865301019651682
72,h4_level,,0.5,0.5,6.0,847,964,0.13931523022432113,0.37690311414679517,-1.186581480200669,-0.971043383943475,-0.9942117071113631,641.660455287329,-0.9935833954471267
72,h4_level,,0.5,0.5,8.0,1015,796,0.14187192118226602,0.3675773592529724,-0.9552925952050714,-0.9857357264884831,-0.9979301158340438,233.12782327411685,-0.9976687217672588
72,h4_level,,0.5,0.5,12.0,1250,561,0.1536,0.3365788812619605,-0.6686209199629386,-0.9944358188393876,-0.9994725972144227,63.34318274116877,-0.9993665681725883
72,h4_level,,0.5,0.5,,1811,0,0.17725013804527884,0.2657041854763863,-0.09098509705628953,-0.9996905113320015,-0.9999920611432629,0.9923507335498645,-0.9999900764926645
72,h4_level,,0.5,1.0,1.0,213,1598,0.13145539906103287,0.40549015477847583,-2.0002464416867967,-0.7004043380044118,-0.8276509700417911,18234.364708260477,-0.8176563529173952
72,h4_level,,0.5,1.0,2.0,346,1465,0.13872832369942195,0.44531538602560744,-1.6517182490297089,-0.8071885428764176,-0.9091302714023002,9732.470337640541,-0.9026752966235946
72,h4_level,,0.5,1.0,3.0,456,1355,0.14912280701754385,0.45238378165012355,-1.4630565060600822,-0.86715870393693,-0.9471038112931127,5726.060638684891,-0.9427393936131511
72,h4_level,,0.5,1.0,4.0,573,1238,0.1518324607329843,0.43090243297667863,-1.3405194193516172,-0.919057469309939,-0.9742406184322087,2842.576799774967,-0.9715742320022503
72,h4_level,,0.5,1.0,5.0,664,1147,0.15512048192771086,0.4419823290363099,-1.124284858040038,-0.9392566114084312,-0.9830232003272681,1877.76590414717,-0.9812223409585283
72,h4_level,,0.5,1.0,6.0,750,1061,0.15733333333333333,0.42316017154644875,-1.0963061623449486,-0.9603949640220694,-0.9908782515721458,1011.1902355051179,-0.9898880976449488
72,h4_level,,0.5,1.0,8.0,921,890,0.15743756786102062,0.398423201268381,-0.8630916662280879,-0.9819288740698727,-0.9970815167504443,328.70421370492636,-0.9967129578629508
72,h4_level,,0.5,1.0,12.0,1157,654,0.16853932584269662,0.3599416417555997,-0.5479967385609544,-0.9936950837648145,-0.9993676247863102,75.95079096499987,-0.99924049209035
72,h4_level,,0.5,1.0,,1811,0,0.19768083931529543,0.259900846614092,0.06531510802436312,-0.9999324551771913,-0.9999991297227385,0.10878396063393389,-0.9999989121603937
72,h4_level,,1.0,,1.0,135,1676,0.21481481481481482,0.49718852923337675,-1.7819155502353776,-0.44240671380258123,-0.5739291927529365,44361.05200640466,-0.5563894799359534
72,h4_level,,1.0,,2.0,222,1589,0.23873873873873874,0.5781771511631155,-1.374870843778631,-0.5489031764760235,-0.6868204789852821,33339.30377264092,-0.6666069622735908
72,h4_level,,1.0,,3.0,299,1512,0.2508361204013378,0.5918348878875593,-1.2178189650144493,-0.638275625599825,-0.7727407082346409,24798.148045322963,-0.7520185195467703
72,h4_level,,1.0,,4.0,375,1436,0.25333333333333335,0.602316898249313,-1.1139353486903447,-0.7158918380832948,-0.8399795421725771,17716.944751440366,-0.8228305524855963
72,h4_level,,1.0,,5.0,454,1357,0.24669603524229075,0.5845282744550028,-1.111611421578679,-0.7948701408990124,-0.9002921825672529,11047.572179024704,-0.889524278209753
72,h4_level,,1.0,,6.0,528,1283,0.24431818181818182,0.5779889296487994,-1.0089102440403033,-0.8449200710274631,-0.933579258490805,7368.1552969536915,-0.9263184470304631
72,h4_level,,1.0,,8.0,662,1149,0.24169184290030213,0.5565343635519847,-0.8492048118965527,-0.907497551304326,-0.9686392817658078,3534.631126744235,-0.9646536887325576
72,h4_level,,1.0,,12.0,888,923,0.24774774774774774,0.5006884262005602,-0.5284489064085174,-0.9605954877300728,-0.9909192220448743,1074.2725309474558,-0.9892572746905255
72,h4_level,,1.0,,,231,1580,0.08225108225108226,0.20189313785009438,-1.2683712547076071,-1.0,-1.1539987454068739,-19155.197252537306,-1.1915519725253731
72,h4_level,,1.0,0.5,1.0,178,1633,0.15730337078651685,0.4523611104512806,-1.8083896511529363,-0.5043959432307665,-0.6409581899075039,37382.2194317836,-0.6261778056821641
72,h4_level,,1.0,0.5,2.0,298,1513,0.1610738255033557,0.48632088518997135,-1.568984525529106,-0.6416794308315581,-0.7758399979083619,23592.583641511355,-0.7640741635848864
72,h4_level,,1.0,0.5,3.0,406,1405,0.16748768472906403,0.4959495394186768,-1.326782571531421,-0.7163472261891133,-0.8403519308745453,16964.71574182312,-0.8303528425817688
72,h4_level,,1.0,0.5,4.0,508,1303,0.17125984251968504,0.5075213091152158,-1.1690559491586878,-0.7802077637323291,-0.8897758839219472,11888.955334718159,-0.8811104466528185
72,h4_level,,1.0,0.5,5.0,609,1202,0.16912972085385877,0.4812797702906504,-1.188476429299692,-0.8461447937902689,-0.9343397403506877,7098.580196612289,-0.9290141980338771
72,h4_level,,1.0,0.5,6.0,688,1123,0.17296511627906977,0.48247747350469006,-1.07059124910922,-0.8749150821076206,-0.9513902911230585,5269.656241552993,-0.9473034375844701
72,h4_level,,1.0,0.5,8.0,849,962,0.17196702002355713,0.44859560849617663,-0.932634523962802,-0.9244564648186508,-0.9766309805259437,2564.881143768507,-0.974351188562315
72,h4_level,,1.0,0.5,12.0,1091,720,0.17873510540788268,0.39649750328146277,-0.7474420863969967,-0.9661058866409075,-0.9927036466790093,838.9871123479629,-0.9916101288765203
72,h4_level,,1.0,0.5,,1811,0,0.21645499723909442,0.2333207918637536,0.055377400452294355,-0.9969589800116829,-0.9997800568225406,26.051101780013358,-0.9997394889821999
72,h4_level,,1.0,1.0,1.0,151,1660,0.18543046357615894,0.47122045937403373,-1.7756753182068241,-0.46645901241194565,-0.6003599079112891,41609.17530008469,-0.5839082469991531
72,h4_level,,1.0,1.0,2.0,255,1556,0.2,0.5417480586914408,-1.401999764774059,-0.5839955996333603,-0.7215735830045495,29639.686734507406,-0.7036031326549259
72,h4_level,,1.0,1.0,3.0,344,1467,0.20348837209302326,0.5412465903606815,-1.298020086413235,-0.6743898063896927,-0.8049359647709551,21285.056317619295,-0.787149436823807
72,h4_level,,1.0,1.0,4.0,437,1374,0.2036613272311213,0.530304003283512,-1.2485174084291883,-0.7630505461224271,-0.8770616937842433,13611.329505188789,-0.8638867049481121
72,h4_level,,1.0,1.0,5.0,527,1284,0.19924098671726756,0.503233731017866,-1.214556488108218,-0.8268355654011096,-0.9220390220927918,8638.03413567012,-0.9136196586432987
72,h4_level,,1.0,1.0,6.0,606,1205,0.19966996699669967,0.4955437941100566,-1.114233099617558,-0.8683374383312107,-0.9476340272559495,5809.038121033242,-0.9419096187896676
72,h4_level,,1.0,1.0,8.0,756,1055,0.19576719576719576,0.46963328118647296,-0.9266214695044223,-0.9194786956273491,-0.9743615925216248,2889.675945444804,-0.971103240545552
72,h4_level,,1.0,1.0,12.0,985,826,0.2050761421319797,0.4319751660465404,-0.5867588215305478,-0.9605973547521558,-0.9909198469332485,1074.1986055174184,-0.9892580139448258
72,h4_level,,1.0,1.0,,1811,0,0.2473771397018222,0.24233585229467902,0.17381672192482606,-0.9992098258142951,-0.9999689374505067,3.8637279877763553,-0.9999613627201223
72,h4_level,,1.5,,1.0,106,1705,0.2830188679245283,0.5727712365615847,-1.5133042365994958,-0.28659964373550995,-0.3897951303151005,62971.8873902499,-0.37028112609750097
72,h4_level,,1.5,,2.0,185,1626,0.2918918918918919,0.6360201975933364,-1.1788765541904787,-0.3906809497471532,-0.514706827538558,50991.52452195398,-0.4900847547804602
72,h4_level,,1.5,,3.0,257,1554,0.29961089494163423,0.6313639232206829,-1.127428942174398,-0.4977731289253793,-0.6334912590431692,39256.688254909015,-0.6074331174509098
72,h4_level,,1.5,,4.0,328,1483,0.29573170731707316,0.6194595505816786,-1.1081562124754991,-0.5979822166848898,-0.7347197493052764,28756.55617557049,-0.7124344382442951
72,h4_level,,1.5,,5.0,398,1413,0.2889447236180904,0.6105366622591293,-1.0724634966284614,-0.6778482336245368,-0.8076872740250958,21067.124869229643,-0.7893287513077036
72,h4_level,,1.5,,6.0,464,1347,0.28663793103448276,0.6078353808660144,-1.0222833779360045,-0.7398583433304522,-0.8590212813941255,15654.166078544727,-0.8434583392145527
72,h4_level,,1.5,,8.0,585,1226,0.28034188034188035,0.587499625312249,-0.9466078391081139,-0.8309509744357921,-0.9246172689044342,8468.265306858926,-0.9153173469314108
72,h4_level,,1.5,,12.0,793,1018,0.2837326607818411,0.5382309003263488,-0.7516055370007957,-0.9238305041470373,-0.9763183640572133,2777.6751393024906,-0.9722232486069751
72,h4_level,,1.5,,,231,1580,0.09523809523809523,0.18346236568699445,-1.2465800054916578,-1.0,-1.150887440785091,-18571.815177992743,-1.1857181517799273
72,h4_level,,1.5,0.5,1.0,142,1669,0.19718309859154928,0.4904361409605671,-1.7057248830066645,-0.35878895974226155,-0.4773830695428575,53932.992226003655,-0.4606700777399635
72,h4_level,,1.5,0.5,2.0,240,1571,0.20833333333333334,0.5520072188746132,-1.362942134610258,-0.4602868697329635,-0.5930976686469615,42364.61903625074,-0.5763538096374926
72,h4_level,,1.5,0.5,3.0,331,1480,0.21148036253776434,0.5415977584573048,-1.2958973172876618,-0.5623292410362076,-0.6998757624635987,31512.96271165728,-0.6848703728834271
72,h4_level,,1.5,0.5,4.0,415,1396,0.21445783132530122,0.5461694187641323,-1.1737233200420119,-0.6304162539526024,-0.7652281862146687,24954.028756002088,-0.7504597124399791
72,h4_level,,1.5,0.5,5.0,507,1304,0.20907297830374755,0.5252158921702382,-1.195883167509768,-0.7133242228474292,-0.8376633496640512,17440.81332284587,-0.8255918667715413
72,h4_level,,1.5,0.5,6.0,591,1220,0.20812182741116753,0.5175094810453814,-1.119420367179991,-0.7661282257247495,-0.8792166835621231,13156.819366674508,-0.8684318063332549
72,h4_level,,1.5,0.5,8.0,744,1067,0.20161290322580644,0.48000002933292457,-1.0517914041366594,-0.8547488664181365,-0.9395258288854468,6677.903386784979,-0.9332209661321502
72,h4_level,,1.5,0.5,12.0,971,840,0.21009268795056643,0.44709593631011296,-0.8232135335131148,-0.9239030426352572,-0.9763511121556587,2714.9392593391995,-0.972850607406608
72,h4_level,,1.5,0.5,,1811,0,0.25124240750966315,0.23093682445413916,0.055563554234621906,-0.9938076031630733,-0.9993813723732089,73.96057907785976,-0.9992603942092214
72,h4_level,,1.5,1.0,1.0,120,1691,0.24166666666666667,0.520146591882446,-1.6945558760359831,-0.32912634932726625,-0.4419053438203504,57594.2205446396,-0.42405779455360404
72,h4_level,,1.5,1.0,2.0,207,1604,0.25120772946859904,0.5941402198834767,-1.2914401158666329,-0.42394107218222077,-0.5527006531889647,46999.374616961264,-0.5300062538303874
72,h4_level,,1.5,1.0,3.0,289,1522,0.2491349480968858,0.6033229003325759,-1.1417487496251963,-0.5138958624790054,-0.6504549254944454,37439.71285672487,-0.6256028714327513
72,h4_level,,1.5,1.0,4.0,365,1446,0.2493150684931507,0.5839231275167889,-1.1441123480876862,-0.6150744552102364,-0.750941927004665,26998.06128919695,-0.7300193871080305
72,h4_level,,1.5,1.0,5.0,445,1366,0.24269662921348314,0.5501832349257703,-1.1680475355649562,-0.7068880338129521,-0.8323431752893571,18366.165023413854,-0.8163383497658614
72,h4_level,,1.5,1.0,6.0,514,1297,0.24319066147859922,0.5425748747867135,-1.1154550237129617,-0.7622676738577673,-0.8763101672233382,13734.421788343623,-0.8626557821165638
72,h4_level,,1.5,1.0,8.0,644,1167,0.2375776397515528,0.5191982299827851,-1.036820338390791,-0.8460477369499164,-0.9341938359473148,7392.463073782169,-0.9260753692621784
72,h4_level,,1.5,1.0,12.0,861,950,0.24390243902439024,0.4884740041563075,-0.7971727100986243,-0.9227721514309538,-0.9758389608424126,2833.905477217944,-0.9716609452278205
72,h4_level,,1.5,1.0,,1811,0,0.2860298177802319,0.22453388304392707,0.09274675345012412,-0.998760805477946,-0.9999402108037114,7.424133302330761,-0.9999257586669766
72,h4_level,,2.0,,1.0,89,1722,0.34831460674157305,0.6742802213725947,-1.0949094308406129,-0.1683994913067769,-0.23704192502513366,78291.91345991247,-0.21708086540087534
72,h4_level,,2.0,,2.0,160,1651,0.34375,0.6793724019022481,-1.0392606660565302,-0.28484897337622117,-0.3871628839038508,63847.01396237296,-0.36152986037627033
72,h4_level,,2.0,,3.0,224,1587,0.3482142857142857,0.6925910889356446,-0.9363274493597655,-0.36872067003815157,-0.48871790558043937,54109.256537522444,-0.45890743462477557
72,h4_level,,2.0,,4.0,286,1525,0.34265734265734266,0.6739290087224495,-0.9623849632684468,-0.46891921764262523,-0.6022195437671845,42527.98776098709,-0.574720122390129
72,h4_level,,2.0,,5.0,347,1464,0.3371757925072046,0.6587217180444436,-0.9756981718542456,-0.5582308258859562,-0.6955587194369871,32836.696723146335,-0.6716330327685367
72,h4_level,,2.0,,6.0,406,1405,0.33004926108374383,0.6472748772121069,-0.9974120902102004,-0.6342961648222427,-0.7686270416204547,25232.531071147838,-0.7476746892885215
72,h4_level,,2.0,,8.0,517,1294,0.3191489361702128,0.6380311909012973,-0.9144099182052794,-0.7419403162180623,-0.8605532047865001,15548.639272877284,-0.8445136072712272
72,h4_level,,2.0,,12.0,719,1092,0.3143254520166898,0.5778863707378205,-0.8403676453597202,-0.880389775725571,-0.9543560497915758,5328.861360756014,-0.9467113863924399
72,h4_level,,2.0,,,234,1577,0.10683760683760683,0.16314563103406407,-1.163207386206328,-1.0,-1.2141147851125824,-26441.762513424237,-1.2644176251342425
72,h4_level,,2.0,0.5,1.0,118,1693,0.2457627118644068,0.5472715010950726,-1.4939057515531031,-0.2373711176750316,-0.32719536422451856,69040.70360785844,-0.30959296392141566
72,h4_level,,2.0,0.5,2.0,211,1600,0.23696682464454977,0.5721517819216738,-1.308073784635138,-0.3601353727918095,-0.47858799732534496,54132.42502923148,-0.4586757497076852
72,h4_level,,2.0,0.5,3.0,291,1520,0.24054982817869416,0.5771472830772052,-1.2486463197728417,-0.46448161147332023,-0.5973830464188004,42420.208457067085,-0.5757979154293291
72,h4_level,,2.0,0.5,4.0,366,1445,0.24316939890710382,0.5732032913552841,-1.188381370177717,-0.5435275822140736,-0.6807321873157055,33984.10810328465,-0.6601589189671535
72,h4_level,,2.0,0.5,5.0,442,1369,0.2420814479638009,0.5668984768068709,-1.148453789677166,-0.6133095195203973,-0.7490948647391438,26944.591722611156,-0.7305540827738884
72,h4_level,,2.0,0.5,6.0,517,1294,0.2379110251450677,0.5496321340159509,-1.144290768642078,-0.6799066874999444,-0.8093274699983664,20704.431485856625,-0.7929556851414338
72,h4_level,,2.0,0.5,8.0,654,1157,0.2324159021406728,0.5314615286380866,-1.0796731942688458,-0.784062253038939,-0.8923518776111924,11925.771245953527,-0.8807422875404647
72,h4_level,,2.0,0.5,12.0,887,924,0.23111612175873733,0.4735875215504261,-0.9521686114550559,-0.8926999061066985,-0.9610168414926628,4479.106837186687,-0.9552089316281331
72,h4_level,,2.0,0.5,,1811,0,0.27553837658752073,0.25228408916643835,0.012126533473900879,-0.9900377298693448,-0.9987649950108112,148.86830506512365,-0.9985113169493488
72,h4_level,,2.0,1.0,1.0,97,1714,0.30927835051546393,0.5990676434955623,-1.363858205900339,-0.20541344763972014,-0.28586228858540574,73282.1497463976,-0.26717850253602404
72,h4_level,,2.0,1.0,2.0,171,1640,0.30409356725146197,0.640100245496376,-1.1597432225585125,-0.30989755357004456,-0.41808962031760866,60624.983638560014,-0.39375016361439985
72,h4_level,,2.0,1.0,3.0,240,1571,0.3,0.6526549270518961,-1.0532434995024602,-0.3966539300371551,-0.5212443437025842,50666.966256261934,-0.49333033743738064
72,h4_level,,2.0,1.0,4.0,309,1502,0.29449838187702265,0.6305019343689707,-1.0830146985453304,-0.4971508259304306,-0.6325579689512701,39284.40916203941,-0.6071559083796059
72,h4_level,,2.0,1.0,5.0,375,1436,0.2906666666666667,0.6080336576554609,-1.1156591522724504,-0.5867031702087904,-0.7236360976273943,29808.302049748374,-0.7019169795025162
72,h4_level,,2.0,1.0,6.0,439,1372,0.2847380410022779,0.5956318972588841,-1.1277089379745693,-0.6575526966974545,-0.7896861860969357,22935.91213583159,-0.7706408786416841
72,h4_level,,2.0,1.0,8.0,559,1252,0.27549194991055453,0.5766132437441274,-1.0504216034956189,-0.764696134028839,-0.878050228668529,13597.68075659114,-0.8640231924340886
72,h4_level,,2.0,1.0,12.0,776,1035,0.2757731958762887,0.5287418582167105,-0.9089316260061059,-0.8845023204962068,-0.9566175347404073,5064.836452597752,-0.9493516354740225
72,h4_level,,2.0,1.0,,1811,0,0.3219215902816124,0.22628148810391396,0.1120364487963035,-0.9978040885875653,-0.9998626505371693,17.076629936850114,-0.9998292337006315
72,h4_level,,3.0,,1.0,75,1736,0.41333333333333333,0.7234846420331941,-0.9452177441455081,-0.10358665347902651,-0.14848050781347388,86786.52311759978,-0.1321347688240022
72,h4_level,,3.0,,2.0,130,1681,0.4153846153846154,0.7400741835763484,-0.8422100685485321,-0.16962087205413157,-0.2380451630109408,78555.77349062753,-0.21444226509372466
72,h4_level,,3.0,,3.0,181,1630,0.4198895027624309,0.7348143550737013,-0.8162780730384184,-0.23581036788581722,-0.3246418016374122,70433.46948733363,-0.2956653051266638
72,h4_level,,3.0,,4.0,232,1579,0.41379310344827586,0.712520330612273,-0.8564851642027034,-0.3150505118793179,-0.42391811935324364,60551.56840425124,-0.3944843159574877
72,h4_level,,3.0,,5.0,286,1525,0.40559440559440557,0.67632109901275,-0.9603851892466406,-0.41278970754433675,-0.5393501559535816,48741.55255506719,-0.5125844744493282
72,h4_level,,3.0,,6.0,340,1471,0.3941176470588235,0.6616576266144423,-1.0016147732840082,-0.49483054210943067,-0.6297898803911055,39489.2609555845,-0.6051073904441551
72,h4_level,,3.0,,8.0,438,1373,0.3789954337899543,0.6357120169751987,-1.0299729792235721,-0.6300220778263219,-0.7644964900646936,25523.721587549193,-0.7447627841245081
72,h4_level,,3.0,,12.0,615,1196,0.367479674796748,0.5878445148737579,-1.0567924843912264,-0.799727961557692,-0.9034266566925404,10838.522626855376,-0.8916147737314463
72,h4_level,,3.0,,,231,1580,0.11255411255411256,0.11653988229211885,-0.8207978761273342,-1.0,-1.3061088922455073,-36028.17073839395,-1.3602817073839395
72,h4_level,,3.0,0.5,1.0,88,1723,0.3409090909090909,0.6555848308283304,-1.14393537733539,-0.12391322844963193,-0.1763794967849488,83943.0694168357,-0.16056930583164297
72,h4_level,,3.0,0.5,2.0,158,1653,0.3227848101265823,0.6709048926357255,-1.0428719495421102,-0.20556255677339785,-0.2854720310258537,73666.17358222396,-0.2633382641777604
72,h4_level,,3.0,0.5,3.0,223,1588,0.3183856502242152,0.6448940207108039,-1.0981851525791078,-0.2951831985916573,-0.39949109679349804,62627.396266772455,-0.3737260373322755
72,h4_level,,3.0,0.5,4.0,286,1525,0.3146853146853147,0.6345329426455387,-1.0832270691046066,-0.3708148639308033,-0.4907626215613988,53525.58896646518,-0.46474411033534824
72,h4_level,,3.0,0.5,5.0,348,1463,0.3103448275862069,0.5974058916605345,-1.1831408364610805,-0.4662307583597761,-0.5989633215838026,42433.85858079857,-0.5756614141920142
72,h4_level,,3.0,0.5,6.0,411,1400,0.30170316301703165,0.5865659486379088,-1.2005988444747508,-0.5441367345095316,-0.6810897475926071,34017.24996613053,-0.6598275003386948
72,h4_level,,3.0,0.5,8.0,521,1290,0.29366602687140114,0.5640787371565424,-1.1857946888975541,-0.6583123705045395,-0.7901917176190283,22738.88906252344,-0.7726111093747656
72,h4_level,,3.0,0.5,12.0,719,1092,0.29207232267037553,0.5297400398076249,-1.1349111983356677,-0.8015052052209537,-0.9046688535749641,10699.109631964076,-0.8930089036803592
72,h4_level,,3.0,0.5,,1811,0,0.32302595251242405,0.27603922165783357,-0.07691518333912353,-0.9874320345584542,-0.998267874831343,203.86634592303665,-0.9979613365407697
72,h4_level,,3.0,1.0,1.0,79,1732,0.3924050632911392,0.6979545806285289,-1.05185200072906,-0.11461744311486044,-0.1636566084805252,85239.7810600644,-0.147602189399356
72,h4_level,,3.0,1.0,2.0,138,1673,0.38405797101449274,0.7191071415031401,-0.9181187317279194,-0.1840700520540246,-0.25722559407302636,76578.31560884575,-0.23421684391154252
72,h4_level,,3.0,1.0,3.0,191,1620,0.387434554973822,0.7132772096665432,-0.8946953751832217,-0.25491855402683694,-0.3490288034261303,67890.13596367507,-0.3210986403632493
72,h4_level,,3.0,1.0,4.0,244,1567,0.38524590163934425,0.6932446549613033,-0.9177264350345234,-0.3328862455613947,-0.44557616832309055,58275.105842665405,-0.4172489415733459
72,h4_level,,3.0,1.0,5.0,301,1510,0.37209302325581395,0.6453157672647205,-1.0643922825240208,-0.4406903601158523,-0.570794154844629,45414.44988848075,-0.5458555011151925
72,h4_level,,3.0,1.0,6.0,355,1456,0.36056338028169016,0.6269688310977903,-1.1176176423714097,-0.5242079607219432,-0.6606424950904203,36198.300259235984,-0.6380169974076402
72,h4_level,,3.0,1.0,8.0,455,1356,0.34725274725274724,0.6011374165386827,-1.1163763420537105,-0.6487858618622018,-0.7816425428267861,23665.44322411715,-0.7633455677588286
72,h4_level,,3.0,1.0,12.0,634,1177,0.3438485804416404,0.5713596120635613,-1.0816514913766395,-0.7980310262721587,-0.9022359273894811,10972.159363988727,-0.8902784063601127
72,h4_level,,3.0,1.0,,234,1577,0.09829059829059829,0.14777106540361037,-0.29679479982507756,-1.0,-1.017536010813564,-2063.9400150280385,-1.0206394001502803
72,atr,2.0,0.5,,1.0,229,1582,0.24890829694323144,0.4622284380869563,-2.531793282226684,-0.7003867262309837,-0.8313337326325726,18585.89964639303,-0.8141410035360697
72,atr,2.0,0.5,,2.0,391,1420,0.27877237851662406,0.5422226601208987,-2.2488072149501934,-0.8159763457158775,-0.916897625949459,9577.47349063406,-0.9042252650936594
72,atr,2.0,0.5,,3.0,527,1284,0.2922201138519924,0.584960909040639,-2.123410111683546,-0.8775766712177103,-0.9540243102590227,5510.294639586507,-0.9448970536041349
72,atr,2.0,0.5,,4.0,644,1167,0.2981366459627329,0.6057376806878407,-2.040036155091068,-0.9199151354684915,-0.9751781303957758,3029.2657378281647,-0.9697073426217183
72,atr,2.0,0.5,,5.0,775,1036,0.29935483870967744,0.6195468802633372,-2.057374502352255,-0.9512372348659195,-0.987924603220945,1466.260870129696,-0.985337391298703
72,atr,2.0,0.5,,6.0,901,910,0.29633740288568255,0.6085222511753033,-2.1197793971479775,-0.9725749444446993,-0.9947652958681585,633.7866941322018,-0.993662133058678
72,atr,2.0,0.5,,8.0,1131,680,0.2891246684350133,0.5931119507614938,-2.25758195252173,-0.9922802852854566,-0.9991695963841017,102.35377337316133,-0.9989764622662684
72,atr,2.0,0.5,,12.0,1414,397,0.29066478076379065,0.626997991240573,-2.270223500822416,-0.9981287530156195,-0.9998939789436736,14.071853736693503,-0.999859281462633
72,atr,2.0,0.5,,,1811,0,0.3014908890115958,0.6506844509477977,-2.081897117428589,-0.9998112296676214,-0.9999962109177063,0.5120744582421686,-0.9999948792554175
72,atr,2.0,0.5,0.5,1.0,321,1490,0.1838006230529595,0.40579439774767195,-2.938979461334946,-0.8196646892474239,-0.9193057067388987,8891.237937781336,-0.9110876206221866
72,atr,2.0,0.5,0.5,2.0,521,1290,0.2053742802303263,0.4449110938596757,-2.782105305734682,-0.9008188958548681,-0.966136687008508,3767.0424667535062,-0.962329575332465
72,atr,2.0,0.5,0.5,3.0,685,1126,0.2116788321167883,0.46394464690001624,-2.666422253061989,-0.9400681127649609,-0.9837073910812913,1831.6721636781588,-0.9816832783632184
72,atr,2.0,0.5,0.5,4.0,844,967,0.21800947867298578,0.47945586004643587,-2.5979231492112365,-0.9653424272727466,-0.9926459331228261,842.8594668647751,-0.9915714053313522
72,atr,2.0,0.5,0.5,5.0,986,825,0.2231237322515213,0.4911278560937634,-2.5714305532714787,-0.9793071369298322,-0.996522822713739,399.3413740783307,-0.9960065862592167
72,atr,2.0,0.5,0.5,6.0,1115,696,0.22242152466367712,0.49756220830767334,-2.5839267650384445,-0.9883390636012753,-0.9984883286182435,173.94215469610182,-0.998260578453039
72,atr,2.0,0.5,0.5,8.0,1320,491,0.22424242424242424,0.5294552211979571,-2.5211207861502496,-0.9948506048008348,-0.9995387936656878,53.94870813728819,-0.9994605129186271
72,atr,2.0,0.5,0.5,12.0,1559,252,0.22963438101347017,0.5753264827879981,-2.4435756311045314,-0.9980513050701081,-0.999887546613768,14.223201181985816,-0.9998577679881802
72,atr,2.0,0.5,0.5,,1811,0,0.2413031474323578,0.5804923415435879,-2.2068476677697135,-0.9990246137378712,-0.999958843879392,5.308984706252302,-0.9999469101529375
72,atr,2.0,0.5,1.0,1.0,291,1520,0.20618556701030927,0.4393466676559168,-2.933347622108366,-0.7812379468751587,-0.8931720659723253,11770.752818520927,-0.8822924718147908
72,atr,2.0,0.5,1.0,2.0,460,1351,0.2326086956521739,0.48404424871714957,-2.5665748735539555,-0.8644938330744554,-0.9467191908082639,5927.094934234212,-0.9407290506576579
72,atr,2.0,0.5,1.0,3.0,611,1200,0.24058919803600654,0.4994771697587748,-2.4414660707144367,-0.9169154055770152,-0.9738164155871705,2943.650274402985,-0.9705634972559701
72,atr,2.0,0.5,1.0,4.0,745,1066,0.2523489932885906,0.5435439743468341,-2.3165732331150726,-0.9454908724261271,-0.9858039043484751,1627.033560103257,-0.9837296643989675
72,atr,2.0,0.5,1.0,5.0,875,936,0.2571428571428571,0.5593379314528317,-2.2909318701326393,-0.9665933399497613,-0.9930282759509136,800.6775704125446,-0.9919932242958746
72,atr,2.0,0.5,1.0,6.0,1007,804,0.253227408142999,0.545084990312876,-2.381215810170417,-0.9828518399039626,-0.9973532793117785,304.547869956403,-0.9969545213004359
72,atr,2.0,0.5,1.0,8.0,1220,591,0.25081967213114753,0.553037943362967,-2.4191417211980393,-0.9941520240978076,-0.9994451975531689,64.89693018327324,-0.9993510306981672
72,atr,2.0,0.5,1.0,12.0,1476,335,0.255420054200542,0.6047907719023708,-2.386154454453819,-0.9982554680156528,-0.999904244447868,12.111244737943956,-0.9998788875526206
72,atr,2.0,0.5,1.0,,1811,0,0.27112092766427387,0.6207705740943448,-2.065657791262265,-0.9995299588242473,-0.9999857448919628,1.8388553011724593,-0.9999816114469883
72,atr,2.0,1.0,,1.0,133,1678,0.23308270676691728,0.4863669410728114,-2.0595398189571603,-0.4653878698638917,-0.6045953714377137,42195.90831615662,-0.5780409168384337
72,atr,2.0,1.0,,2.0,245,1566,0.2897959183673469,0.6264611214651944,-1.6371308864852758,-0.5629882102742347,-0.704952385886513,32812.11812686617,-0.6718788187313383
72,atr,2.0,1.0,,3.0,341,1470,0.31085043988269795,0.6784179371143021,-1.3934154718569327,-0.6309871204479618,-0.7692124588606745,26298.111624952395,-0.7370188837504761
72,atr,2.0,1.0,,4.0,437,1374,0.3135011441647597,0.6926668574010466,-1.3775298866169583,-0.7165091954309967,-0.8426339512458356,18311.50500003205,-0.8168849499996795
72,atr,2.0,1.0,,5.0,534,1277,0.3089887640449438,0.692339332915726,-1.4525941649152239,-0.7994509157593679,-0.9048099369511178,11217.029358915303,-0.887829706410847
72,atr,2.0,1.0,,6.0,631,1180,0.3090332805071315,0.6906685822913294,-1.4614688524632025,-0.8558183547636776,-0.94105460608277,6986.622520583667,-0.9301337747941634
72,atr,2.0,1.0,,8.0,799,1012,0.3016270337922403,0.6671520548652582,-1.5589500770394156,-0.9302174647344922,-0.9794546853142898,2489.4272798790166,-0.9751057272012098
72,atr,2.0,1.0,,12.0,1078,733,0.29777365491651203,0.6526724179468313,-1.639761118436102,-0.9799907124475934,-0.996652086924922,437.9923123694197,-0.9956200768763058
72,atr,2.0,1.0,,,1811,0,0.3202650469353948,0.6818282162639105,-1.2481699478256567,-0.9994617106486151,-0.9999824522030358,2.3985004946147503,-0.9999760149950538
72,atr,2.0,1.0,0.5,1.0,206,1605,0.1553398058252427,0.37047860151753415,-2.654572132874491,-0.6113246548706857,-0.751138927198473,26557.400325776543,-0.7344259967422346
72,atr,2.0,1.0,0.5,2.0,372,1439,0.1827956989247312,0.4491582500965381,-2.4888798132758563,-0.7555700635382373,-0.8731179752311709,13870.1729916976,-0.8612982700830241
72,atr,2.0,1.0,0.5,3.0,511,1300,0.19569471624266144,0.4955490468758229,-2.2256758419744638,-0.8148418480798573,-0.9152331252139357,9406.508382937507,-0.9059349161706249
72,atr,2.0,1.0,0.5,4.0,627,1184,0.19936204146730463,0.5060687813808248,-2.1203964428849993,-0.8673921674921852,-0.9478001580480367,5918.532913244391,-0.9408146708675561
72,atr,2.0,1.0,0.5,5.0,733,1078,0.20600272851296045,0.5247153647765692,-2.0292727394009398,-0.902079665347355,-0.9663956105935932,3843.5674862213336,-0.9615643251377867
72,atr,2.0,1.0,0.5,6.0,836,975,0.21052631578947367,0.5324024557701358,-1.9589020991376773,-0.9258249022550707,-0.9775499441325791,2576.334589558236,-0.9742366541044176
72,atr,2.0,1.0,0.5,8.0,1020,791,0.21666666666666667,0.5638359727387791,-1.873935849406411,-0.9572012277228733,-0.9898993364002758,1191.4905255650046,-0.9880850947443499
72,atr,2.0,1.0,0.5,12.0,1288,523,0.22282608695652173,0.5887767627089102,-1.8474041002303352,-0.9831520355036069,-0.9973920198407725,329.6032441215634,-0.9967039675587843
72,atr,2.0,1.0,0.5,,1811,0,0.2473771397018222,0.6570317095328407,-1.4498959899419621,-0.9953520190784977,-0.999598197940117,52.43527121036903,-0.9994756472878963
72,atr,2.0,1.0,1.0,1.0,170,1641,0.18823529411764706,0.42843665367511063,-2.3589345731967954,-0.5444804779049419,-0.6866316967575656,33441.338916254965,-0.6655866108374504
72,atr,2.0,1.0,1.0,2.0,307,1504,0.23127035830618892,0.533589458225648,-2.056213864947352,-0.6725852167590951,-0.8060137320684094,21573.129331976223,-0.7842687066802377
72,atr,2.0,1.0,1.0,3.0,415,1396,0.25301204819277107,0.5996557314052011,-1.7525738843637777,-0.7217080815964464,-0.8468079430199978,17456.149472488534,-0.8254385052751146
72,atr,2.0,1.0,1.0,4.0,514,1297,0.25680933852140075,0.6061640971989831,-1.6976509656782826,-0.7953204641619266,-0.9019493181524821,11409.421314963662,-0.8859057868503634
72,atr,2.0,1.0,1.0,5.0,612,1199,0.2581699346405229,0.6168942730779885,-1.6820856883040063,-0.8489477036394586,-0.9369314021538705,7431.892479179988,-0.9256810752082001
72,atr,2.0,1.0,1.0,6.0,708,1103,0.2612994350282486,0.6215973322817699,-1.6497338175204384,-0.890288830031724,-0.9603620109437226,4698.173149883493,-0.9530182685011651
72,atr,2.0,1.0,1.0,8.0,890,921,0.2573033707865168,0.606111307967873,-1.683806983428419,-0.9456086192833022,-0.9856932502228005,1733.5150970715106,-0.9826648490292849
72,atr,2.0,1.0,1.0,12.0,1157,654,0.25842696629213485,0.6111824622215257,-1.7336452648907905,-0.9824623292523555,-0.9972355339754038,361.66257588733777,-0.9963833742411267
72,atr,2.0,1.0,1.0,,1811,0,0.2865819988956378,0.6795694939521216,-1.358409308085116,-0.9983693696106651,-0.9999122370373376,11.995779856869659,-0.9998800422014313
72,atr,2.0,1.5,,1.0,106,1705,0.25471698113207547,0.5601099551952999,-1.9653501824973294,-0.33173451382556585,-0.45594382510850584,58645.40876308998,-0.4135459123691002
72,atr,2.0,1.5,,2.0,199,1612,0.27638190954773867,0.6325486321944577,-1.706314493370197,-0.46608794161334133,-0.6072947910180998,43125.62593182194,-0.5687437406817806
72,atr,2.0,1.5,,3.0,275,1536,0.28,0.639716442210667,-1.6318611840435444,-0.5725133620293265,-0.7156564577619444,31830.449139852175,-0.6816955086014782
72,atr,2.0,1.5,,4.0,356,1455,0.2949438202247191,0.6779094937314999,-1.4767095603375093,-0.6362023074493193,-0.7750501139958232,25732.85663466278,-0.7426714336533722
72,atr,2.0,1.5,,5.0,427,1384,0.2997658079625293,0.6926267814110854,-1.4467761990510937,-0.7025267433220084,-0.8320692467378966,19617.42809432819,-0.8038257190567182
72,atr,2.0,1.5,,6.0,507,1304,0.30177514792899407,0.7037325912411105,-1.4159018258964944,-0.7616042638642215,-0.878245614202874,14510.809780391977,-0.8548919021960802
72,atr,2.0,1.5,,8.0,632,1179,0.30063291139240506,0.7028436160212425,-1.3258412899294318,-0.8427503345754056,-0.9334685999188493,8080.448751495211,-0.9191955124850479
72,atr,2.0,1.5,,12.0,859,952,0.3061699650756694,0.7062114839270722,-1.221750172687559,-0.9314280497705787,-0.9800691517357979,2590.5159331965324,-0.9740948406680346
72,atr,2.0,1.5,,,1811,0,0.34014356709000554,0.6395064237151974,-0.5605835884140566,-0.9992576063357351,-0.999972148201955,4.035220047698998,-0.999959647799523
72,atr,2.0,1.5,0.5,1.0,153,1658,0.16339869281045752,0.44561147406928586,-2.3949337375588478,-0.4260931245734012,-0.5638555817443591,47013.28441579281,-0.5298671558420719
72,atr,2.0,1.5,0.5,2.0,278,1533,0.17266187050359713,0.4794013788276057,-2.2824180101201104,-0.5926631218418583,-0.7349128575660802,28828.432152340807,-0.7117156784765919
72,atr,2.0,1.5,0.5,3.0,385,1426,0.18181818181818182,0.5047730722910416,-2.0654086829321274,-0.6787445735016582,-0.8122225422237078,20767.45698410613,-0.7923254301589386
72,atr,2.0,1.5,0.5,4.0,483,1328,0.18840579710144928,0.5152807225218106,-1.9361798064457112,-0.7451790007306114,-0.8658743711923136,15162.394098489352,-0.8483760590151065
72,atr,2.0,1.5,0.5,5.0,579,1232,0.19170984455958548,0.5172610588291768,-1.9311645886285218,-0.8114875074859069,-0.913423056012468,9997.129431193374,-0.9000287056880663
72,atr,2.0,1.5,0.5,6.0,672,1139,0.19642857142857142,0.5325275769912018,-1.8854568985164224,-0.8537001760077574,-0.9400898459518576,7059.422113607318,-0.9294057788639268
72,atr,2.0,1.5,0.5,8.0,831,980,0.19494584837545126,0.5196770285903153,-1.8371257621314558,-0.9149776664737632,-0.9727630430406563,3287.560677069914,-0.9671243932293009
72,atr,2.0,1.5,0.5,12.0,1084,727,0.2047970479704797,0.5414743109267428,-1.6570602509895949,-0.9612259732087086,-0.9912922062756494,1126.9347820116238,-0.9887306521798838
72,atr,2.0,1.5,0.5,,1811,0,0.2390944229707344,0.5982007933143065,-1.0090406137175423,-0.9937095419086155,-0.9993795132678878,86.81955594864944,-0.9991318044405135
72,atr,2.0,1.5,1.0,1.0,120,1691,0.20833333333333334,0.48800676836013074,-2.1726508952488834,-0.3760054229460408,-0.5074969171337238,53088.34996227205,-0.4691165003772795
72,atr,2.0,1.5,1.0,2.0,223,1588,0.23766816143497757,0.577219305212797,-1.856205333349837,-0.5015069146243176,-0.6445567039432444,39033.64222098712,-0.6096635777901287
72,atr,2.0,1.5,1.0,3.0,317,1494,0.24290220820189273,0.5992584610150133,-1.7170512005785081,-0.5927189938034556,-0.734965665104313,29668.90631948611,-0.7033109368051389
72,atr,2.0,1.5,1.0,4.0,402,1409,0.2512437810945274,0.6133923728209789,-1.6451990192738994,-0.6728584999317493,-0.8072050191162597,22054.53708419182,-0.7794546291580818
72,atr,2.0,1.5,1.0,5.0,485,1326,0.2515463917525773,0.6163426509529848,-1.646574780821963,-0.7490608956237844,-0.8688316864336489,15322.892976166208,-0.846771070238338
72,atr,2.0,1.5,1.0,6.0,564,1247,0.2570921985815603,0.6339511037570666,-1.586734128445623,-0.799260279114762,-0.9051489054111201,11304.44855871214,-0.8869555144128786
72,atr,2.0,1.5,1.0,8.0,706,1105,0.2521246458923513,0.6251282879121349,-1.5148812990259253,-0.875974081226633,-0.9528676397117006,5724.37407573077,-0.9427562592426924
72,atr,2.0,1.5,1.0,12.0,941,870,0.2592986184909671,0.6394698311894284,-1.3660033632377908,-0.943752968874113,-0.9850530387564097,1942.7342349466187,-0.9805726576505338
72,atr,2.0,1.5,1.0,,1811,0,0.2849254555494202,0.6257576473818439,-0.9579929271474832,-0.9979688681445695,-0.9998798580825857,17.406383348638485,-0.9998259361665136
72,atr,2.0,2.0,,1.0,83,1728,0.2891566265060241,0.6880973933788815,-1.2018511677505663,-0.18441894886805077,-0.27104304570333093,77636.0528980654,-0.2236394710193459
72,atr,2.0,2.0,,2.0,156,1655,0.30128205128205127,0.7417389624177567,-1.0311413494103865,-0.2797102589510706,-0.4105033274094052,66136.42982934188,-0.3386357017065812
72,atr,2.0,2.0,,3.0,218,1593,0.3119266055045872,0.7609207051212529,-0.9581877402361795,-0.35770290138397287,-0.5050064046343181,57197.030940869394,-0.428029690591306
72,atr,2.0,2.0,,4.0,280,1531,0.3107142857142857,0.7500868995360416,-1.0014062991193542,-0.4555839536338103,-0.5961458546109792,45818.20001197109,-0.5418179998802891
72,atr,2.0,2.0,,5.0,337,1474,0.314540059347181,0.75769275274582,-0.9417491813718585,-0.5226785663962437,-0.6651915088338918,38520.09766751436,-0.6147990233248564
72,atr,2.0,2.0,,6.0,394,1417,0.31218274111675126,0.7512475469902998,-0.9692706709976228,-0.6025772125885613,-0.7434052944322644,30136.34181278049,-0.6986365818721951
72,atr,2.0,2.0,,8.0,509,1302,0.3104125736738703,0.7534300459886937,-0.991087492853922,-0.7241051319833103,-0.8489808466390714,18401.19257097749,-0.815988074290225
72,atr,2.0,2.0,,12.0,708,1103,0.3093220338983051,0.7350298745411447,-0.9680103625598885,-0.8667787475450324,-0.9475394806239689,6834.648940012543,-0.9316535105998746
72,atr,2.0,2.0,,,237,1574,0.2616033755274262,0.5472572182417935,-0.503396533786476,-1.0,-1.0038215956526386,-576.9248502718189,-1.005769248502718
72,atr,2.0,2.0,0.5,1.0,113,1698,0.17699115044247787,0.5372565696724642,-1.7389283751806799,-0.2589013292928567,-0.3663808895933832,67554.97481478493,-0.3244502518521507
72,atr,2.0,2.0,0.5,2.0,219,1592,0.182648401826484,0.5607173238698294,-1.5991212414146978,-0.40747167569939513,-0.5416762204704604,49723.19395185407,-0.5027680604814593
72,atr,2.0,2.0,0.5,3.0,309,1502,0.18770226537216828,0.561838754747823,-1.5777006479745053,-0.5261607383572859,-0.6687330973509537,36491.12118833641,-0.6350887881166359
72,atr,2.0,2.0,0.5,4.0,390,1421,0.19743589743589743,0.5859570680497985,-1.4556685067162676,-0.5918763138216618,-0.7333099784217064,29924.658562487373,-0.7007534143751263
72,atr,2.0,2.0,0.5,5.0,464,1347,0.2025862068965517,0.5996714897549952,-1.3584491466686708,-0.6502265091211752,-0.7868476560075585,24343.25757045393,-0.7565674242954608
72,atr,2.0,2.0,0.5,6.0,537,1274,0.2048417132216015,0.605197563475332,-1.3147756172895289,-0.705276435582988,-0.8337837069988442,19381.155633902697,-0.806188443660973
72,atr,2.0,2.0,0.5,8.0,676,1135,0.20562130177514792,0.5954146955381742,-1.3685005287250933,-0.8124733122618829,-0.9138022341029074,10423.38030806828,-0.8957661969193172
72,atr,2.0,2.0,0.5,12.0,914,897,0.20459518599562362,0.5641652312066042,-1.369933960978519,-0.9170664960631338,-0.9736446122033415,3409.2688793841594,-0.9659073112061584
72,atr,2.0,2.0,0.5,,1811,0,0.2473771397018222,0.5872381697465473,-0.5479555811060128,-0.989588637066509,-0.998705949808001,188.65487836558108,-0.9981134512163442
72,atr,2.0,2.0,1.0,1.0,89,1722,0.23595505617977527,0.607624516640734,-1.4792540229391804,-0.22169323375833494,-0.32150763733362564,72536.46881533304,-0.27463531184666967
72,atr,2.0,2.0,1.0,2.0,170,1641,0.2647058823529412,0.7100601882248113,-1.1217612456152193,-0.3002168246903454,-0.4239819018520059,63419.44964227829,-0.3658055035772171
72,atr,2.0,2.0,1.0,3.0,240,1571,0.2708333333333333,0.7302833671860749,-1.022514573203665,-0.3783565123987416,-0.5212781150505197,54545.328237517,-0.45454671762483
72,atr,2.0,2.0,1.0,4.0,310,1501,0.2645161290322581,0.7177122183547215,-1.0531065015720575,-0.47313210976232545,-0.6234922772957149,43688.971935103145,-0.5631102806489685
72,atr,2.0,2.0,1.0,5.0,374,1437,0.2700534759358289,0.7267469653621081,-0.9702650468031474,-0.5346216742814265,-0.6867805471107746,37128.22964877907,-0.6287177035122092
72,atr,2.0,2.0,1.0,6.0,440,1371,0.2681818181818182,0.7151275272039368,-1.003060384084061,-0.6165240264388858,-0.759540726409385,28612.605982792425,-0.7138739401720757
72,atr,2.0,2.0,1.0,8.0,567,1244,0.26278659611992944,0.6936168533909957,-1.104577844858187,-0.7536632657637576,-0.8718985893534095,15608.740172765623,-0.8439125982723438
72,atr,2.0,2.0,1.0,12.0,769,1042,0.26918075422626786,0.6990394635954706,-0.9993408760265952,-0.8671754789183022,-0.9477662285734598,6805.107817448934,-0.9319489218255107
72,atr,2.0,2.0,1.0,,1811,0,0.30425179458862506,0.5936880466354092,-0.37861073307572024,-0.9968049481613614,-0.9997672784555405,35.13266561825044,-0.9996486733438175
72,atr,2.0,3.0,,1.0,62,1749,0.3387096774193548,0.877110331560028,-0.45397807231014026,-0.05791961764412579,-0.15955700608767343,93769.69211918888,-0.062303078808111145
72,atr,2.0,3.0,,2.0,117,1694,0.3333333333333333,0.8187079401310446,-0.6380036175118338,-0.14600637527841898,-0.2577919370569939,82921.24752049641,-0.1707875247950359
72,atr,2.0,3.0,,3.0,162,1649,0.345679012345679,0.8471124948525636,-0.5050267433626743,-0.17422474261067167,-0.2850917504764613,80492.36980493856,-0.19507630195061443
72,atr,2.0,3.0,,4.0,206,1605,0.35436893203883496,0.8611349189078531,-0.4117756579075331,-0.20436456708160056,-0.32534280674882976,77888.69409533686,-0.22111305904663137
72,atr,2.0,3.0,,5.0,255,1556,0.35294117647058826,0.844384177026377,-0.4490482031187444,-0.2722617481481321,-0.3954090396360197,69843.33411945587,-0.3015666588054413
72,atr,2.0,3.0,,6.0,305,1506,0.3475409836065574,0.8249010024886144,-0.517765232792645,-0.3541764344054291,-0.48768160289886986,60078.5652073886,-0.399214347926114
72,atr,2.0,3.0,,8.0,398,1413,0.3442211055276382,0.8094488007648348,-0.5513344590921327,-0.4720651042069204,-0.6123801919186325,46575.17270490529,-0.534248272950947
72,atr,2.0,3.0,,12.0,570,1241,0.3298245614035088,0.7419624579694374,-0.7560835620641821,-0.7262453754411664,-0.8506657388166491,19312.369385735383,-0.8068763061426462
72,atr,2.0,3.0,,,231,1580,0.13852813852813853,0.3045551324535578,-0.7281488506074448,-1.0,-1.2820181551266663,-42379.70190248264,-1.4237970190248264
72,atr,2.0,3.0,0.5,1.0,77,1734,0.23376623376623376,0.7410576616168498,-0.8727581733973359,-0.10081675842247673,-0.15996968226548036,87632.79305808026,-0.1236720694191974
72,atr,2.0,3.0,0.5,2.0,146,1665,0.22602739726027396,0.7029255347398379,-1.0177308512920233,-0.20745967048315306,-0.30069680484701067,74397.84944168612,-0.25602150558313874
72,atr,2.0,3.0,0.5,3.0,211,1600,0.2132701421800948,0.6546180538607105,-1.1786552538662363,-0.3153002485914388,-0.434531352710812,61317.79604188208,-0.3868220395811792
72,atr,2.0,3.0,0.5,4.0,276,1535,0.21739130434782608,0.6695929248271303,-1.0954675792262134,-0.37935636187283706,-0.5097099679894628,54300.454350557666,-0.4569954564944233
72,atr,2.0,3.0,0.5,5.0,336,1475,0.21726190476190477,0.6524228933738456,-1.1372586302445573,-0.4613698876725336,-0.6009231112140535,45115.0223717741,-0.548849776282259
72,atr,2.0,3.0,0.5,6.0,399,1412,0.22055137844611528,0.6540157155693516,-1.1449787804109666,-0.5330991324469854,-0.6757252174752113,37505.48202888683,-0.6249451797111317
72,atr,2.0,3.0,0.5,8.0,514,1297,0.2237354085603113,0.6431018050523443,-1.1489934419699088,-0.6472733873294629,-0.7842092363503259,25928.737065462967,-0.7407126293453703
72,atr,2.0,3.0,0.5,12.0,710,1101,0.23098591549295774,0.6448903203126573,-1.034068787814486,-0.7849650654005518,-0.8948343849263278,13600.343209166062,-0.8639965679083395
72,atr,2.0,3.0,0.5,,1811,0,0.28106018774157926,0.5216516645331439,-0.07536446906808837,-0.9824214560670599,-0.997230690211744,416.1523688047784,-0.9958384763119522
72,atr,2.0,3.0,1.0,1.0,66,1745,0.3181818181818182,0.8778863762911665,-0.4456552106235326,-0.05745122862062135,-0.13224449614152345,93837.41113168729,-0.06162588868312713
72,atr,2.0,3.0,1.0,2.0,127,1684,0.30708661417322836,0.8300345577401038,-0.5842203307337285,-0.1378658725292664,-0.2306454538321807,84071.72131139375,-0.15928278688606257
72,atr,2.0,3.0,1.0,3.0,176,1635,0.3125,0.8356439396944472,-0.5389788594832411,-0.18634916350243969,-0.2996042969280933,78781.62279944263,-0.2121837720055737
72,atr,2.0,3.0,1.0,4.0,226,1585,0.3230088495575221,0.8569032792366222,-0.42590845932970134,-0.21111521178078807,-0.33455444978124005,76930.72712804303,-0.2306927287195697
72,atr,2.0,3.0,1.0,5.0,279,1532,0.31899641577060933,0.8364161001269883,-0.4697007902385194,-0.2808905536167604,-0.407840107635808,68643.80132737113,-0.31356198672628877
72,atr,2.0,3.0,1.0,6.0,333,1478,0.3153153153153153,0.8190764006943853,-0.5280645558179656,-0.3590340626258358,-0.4862217545737959,59423.37113183478,-0.4057662886816522
72,atr,2.0,3.0,1.0,8.0,430,1381,0.313953488372093,0.795735906463403,-0.5717218950147352,-0.4862810691960998,-0.6274468175833373,44764.81451942667,-0.5523518548057333
72,atr,2.0,3.0,1.0,12.0,604,1207,0.3079470198675497,0.7513193891609666,-0.6680032778613768,-0.7036371013860026,-0.8324239510970078,21671.453897931446,-0.7832854610206855
72,atr,2.0,3.0,1.0,,237,1574,0.12658227848101267,0.3902104955077139,-1.544498290566829,-1.0,-1.0006812347817633,-102.37116459314869,-1.0010237116459315
72,atr,3.0,0.5,,1.0,189,1622,0.1693121693121693,0.43393745787252264,-2.3618902708288667,-0.6873555954964397,-0.8222979274652673,19743.594571137164,-0.8025640542886283
72,atr,3.0,0.5,,2.0,327,1484,0.21100917431192662,0.5513860891023937,-2.0803954451943203,-0.7975109872588275,-0.9045166528938964,11116.156228701542,-0.8888384377129845
72,atr,3.0,0.5,,3.0,437,1374,0.2219679633867277,0.5826306305477188,-1.9312267358068873,-0.8629726039256139,-0.9458482551222333,6522.2444371835645,-0.9347775556281643
72,atr,3.0,0.5,,4.0,559,1252,0.22719141323792486,0.6024457426177809,-1.8510823086872055,-0.9158908306189604,-0.9733461536073456,3295.327265524938,-0.9670467273447506
72,atr,3.0,0.5,,5.0,676,1135,0.22337278106508876,0.5960351836568435,-1.9672075670174347,-0.9554951967019129,-0.9894252807988009,1330.3729136037446,-0.9866962708639626
72,atr,3.0,0.5,,6.0,780,1031,0.21923076923076923,0.5812298058927511,-2.001794224766236,-0.9757872421873031,-0.9956316885109465,553.9135534027346,-0.9944608644659727
72,atr,3.0,0.5,,8.0,977,834,0.2241555783009212,0.5855536453455149,-1.8930920497737223,-0.9907442477211579,-0.9989191832680407,141.78341643332197,-0.9985821658356668
72,atr,3.0,0.5,,12.0,1274,537,0.22684458398744112,0.6245537775887223,-1.817552136210962,-0.9982161005145941,-0.9999010901294609,14.341850766461928,-0.9998565814923354
72,atr,3.0,0.5,,,1811,0,0.24572059635560464,0.6798585531212578,-1.4637011884778304,-0.9999315036769465,-0.9999991308406917,0.13398880099532667,-0.99999866011199
72,atr,3.0,0.5,0.5,1.0,287,1524,0.11846689895470383,0.35588763989739974,-2.8518907839857346,-0.8221627287894984,-0.9209240682836863,8700.664179890928,-0.9129933582010907
72,atr,3.0,0.5,0.5,2.0,471,1340,0.14225053078556263,0.43497426976579756,-2.578963265414728,-0.8990916818255607,-0.9652768241817036,3952.0950286359425,-0.9604790497136406
72,atr,3.0,0.5,0.5,3.0,626,1185,0.14376996805111822,0.434984400826261,-2.5649885313773866,-0.945088726710348,-0.9856515387838259,1669.605848540445,-0.9833039415145955
72,atr,3.0,0.5,0.5,4.0,770,1041,0.15584415584415584,0.46734402852412227,-2.402000435264882,-0.9645379622564105,-0.9923967137373777,908.9856605396968,-0.990910143394603
72,atr,3.0,0.5,0.5,5.0,898,913,0.15812917594654788,0.48685011639683784,-2.378397889867621,-0.9793295373697816,-0.9965282883027219,419.2105774000362,-0.9958078942259997
72,atr,3.0,0.5,0.5,6.0,1006,805,0.1610337972166998,0.5098739061349007,-2.2620277007770673,-0.9862366426470789,-0.9980768387951822,234.88398591111803,-0.9976511601408888
72,atr,3.0,0.5,0.5,8.0,1197,614,0.16875522138680032,0.5512096453657197,-2.0786748628876133,-0.9934664297085566,-0.9993482767130049,82.40903665974402,-0.9991759096334025
72,atr,3.0,0.5,0.5,12.0,1461,350,0.17522245037645448,0.5936411443962548,-1.9071076427799158,-0.9976847206957625,-0.9998555568005392,20.13758710108222,-0.9997986241289892
72,atr,3.0,0.5,0.5,,1811,0,0.18442849254555493,0.6210828281266684,-1.689834424863351,-0.9993357711137062,-0.9999764445297864,3.4215078171993802,-0.999965784921828
72,atr,3.0,0.5,1.0,1.0,257,1554,0.13229571984435798,0.38506535317520935,-2.70287922997195,-0.7830583942649383,-0.8947970356966948,11612.400988066589,-0.8838759901193342
72,atr,3.0,0.5,1.0,2.0,418,1393,0.15789473684210525,0.46927116279458075,-2.4011931117782273,-0.8707360114711545,-0.9502464745581605,5662.807503114301,-0.943371924968857
72,atr,3.0,0.5,1.0,3.0,555,1256,0.16936936936936936,0.48216865763235955,-2.274932525122706,-0.9188674917870528,-0.9747051334889111,2943.3439885078456,-0.9705665601149216
72,atr,3.0,0.5,1.0,4.0,685,1126,0.17956204379562044,0.507310432169962,-2.1315457443840087,-0.9489374346919687,-0.9870887049802017,1543.5670349134584,-0.9845643296508654
72,atr,3.0,0.5,1.0,5.0,797,1014,0.18193224592220827,0.5217365460337816,-2.0761041452376063,-0.9682995515353034,-0.9935393995182812,780.120094769301,-0.992198799052307
72,atr,3.0,0.5,1.0,6.0,903,908,0.18272425249169436,0.5333581486699549,-2.0386578014095837,-0.9809511205110673,-0.996916726366404,376.57352846938414,-0.9962342647153062
72,atr,3.0,0.5,1.0,8.0,1103,708,0.18766999093381687,0.5615583323911998,-2.000080314343602,-0.9924688514128012,-0.9991988928471062,101.29831179670863,-0.998987016882033
72,atr,3.0,0.5,1.0,12.0,1369,442,0.19722425127830534,0.6214909823360008,-1.7899704943402195,-0.997680746462412,-0.9998551965570401,20.18781054439526,-0.9997981218945561
72,atr,3.0,0.5,1.0,,1811,0,0.2109331860850359,0.6450852185315452,-1.5395615719133566,-0.9996629491651876,-0.9999912059711344,1.2773609796542802,-0.9999872263902034
72,atr,3.0,1.0,,1.0,132,1679,0.19696969696969696,0.5741460632304514,-1.7448665611833183,-0.4321020445061834,-0.5741609500297196,46923.74717876258,-0.5307625282123742
72,atr,3.0,1.0,,2.0,228,1583,0.23684210526315788,0.6966746628107401,-1.2843681610906994,-0.5153710919939741,-0.6664987473108417,38374.4385379233,-0.616255614620767
72,atr,3.0,1.0,,3.0,313,1498,0.23961661341853036,0.701756683635489,-1.2793472923342395,-0.6290134888312742,-0.7705529134339996,26902.864410566137,-0.7309713558943387
72,atr,3.0,1.0,,4.0,397,1414,0.2367758186397985,0.7036549195343461,-1.3328535392173988,-0.732042832105505,-0.856955335684997,17208.816103886908,-0.827911838961131
72,atr,3.0,1.0,,5.0,478,1333,0.23221757322175732,0.6937540550967216,-1.3826062310372842,-0.8111787680577855,-0.9139623335324658,10358.189253082754,-0.8964181074691725
72,atr,3.0,1.0,,6.0,561,1250,0.23529411764705882,0.7131594531813679,-1.3405877397040196,-0.8559070964689565,-0.9419012030032266,7134.92243432107,-0.9286507756567893
72,atr,3.0,1.0,,8.0,702,1109,0.23504273504273504,0.7054568028996213,-1.2711279387493548,-0.9165416633186985,-0.9737153750518805,3353.354356346884,-0.9664664564365312
72,atr,3.0,1.0,,12.0,951,860,0.24185068349106204,0.6946210102155378,-1.1083744110411977,-0.9682001229128087,-0.9935272348672459,908.852392116832,-0.9909114760788317
72,atr,3.0,1.0,,,1811,0,0.27112092766427387,0.6479335964769344,-0.32723984575478393,-0.9998730034314592,-0.9999978749932835,0.33792893068845026,-0.9999966207106931
72,atr,3.0,1.0,0.5,1.0,201,1610,0.11442786069651742,0.4007121108687252,-2.7332631417441906,-0.610566364432907,-0.7537977771686029,27129.33644717674,-0.7287066355282326
72,atr,3.0,1.0,0.5,2.0,343,1468,0.13119533527696792,0.45828878100330994,-2.428365296226954,-0.7471780692506894,-0.8685386399327235,14643.424307586647,-0.8535657569241335
72,atr,3.0,1.0,0.5,3.0,468,1343,0.13675213675213677,0.48193071724371345,-2.2424791948122067,-0.817944363305704,-0.9184031897156663,9365.854724737635,-0.9063414527526237
72,atr,3.0,1.0,0.5,4.0,578,1233,0.14013840830449828,0.5049703001935849,-2.0826598947232253,-0.8676173625592076,-0.948630808980224,6053.092259225224,-0.9394690774077478
72,atr,3.0,1.0,0.5,5.0,675,1136,0.1437037037037037,0.5112344443437484,-1.9699528945146485,-0.9024298720499595,-0.9670206803469594,3938.995939228962,-0.9606100406077104
72,atr,3.0,1.0,0.5,6.0,764,1047,0.14921465968586387,0.535675113329818,-1.8647314912276665,-0.9243318622907896,-0.9772021824407304,2765.267136021273,-0.9723473286397872
72,atr,3.0,1.0,0.5,8.0,932,879,0.15236051502145923,0.5458119689573528,-1.7224859507117551,-0.9559439615848175,-0.9896075499658035,1308.9698053777688,-0.9869103019462223
72,atr,3.0,1.0,0.5,12.0,1191,620,0.16624685138539042,0.5916119178972831,-1.4816744527287475,-0.9788991485403943,-0.9964323370201652,500.065450386032,-0.9949993454961397
72,atr,3.0,1.0,0.5,,1811,0,0.18884594146880176,0.6271611260281295,-0.9467761159607735,-0.9966486235110025,-0.9997534982800972,37.16577815401745,-0.9996283422184599
72,atr,3.0,1.0,1.0,1.0,157,1654,0.16560509554140126,0.5078132878651237,-1.9966741425551455,-0.48624346467008317,-0.6318302431379141,40569.09433521589,-0.5943090566478411
72,atr,3.0,1.0,1.0,2.0,283,1528,0.18374558303886926,0.5814485807196528,-1.7793167086228476,-0.6344266027211369,-0.7756945178036457,25481.21676801524,-0.7451878323198475
72,atr,3.0,1.0,1.0,3.0,380,1431,0.18947368421052632,0.6060954494574368,-1.6166399186165685,-0.7117276430935863,-0.8409378759509503,18650.168194300946,-0.8134983180569906
72,atr,3.0,1.0,1.0,4.0,478,1333,0.18828451882845187,0.6140958680538116,-1.5571444714929745,-0.7942305341884134,-0.9025221023798894,11726.961102470557,-0.8827303889752944
72,atr,3.0,1.0,1.0,5.0,564,1247,0.1879432624113475,0.6175592812056064,-1.5045763925533906,-0.8423659888705273,-0.9338056916235573,7969.220944629428,-0.9203077905537057
72,atr,3.0,1.0,1.0,6.0,650,1161,0.19076923076923077,0.6393691335898357,-1.4569807950832676,-0.8831405083568526,-0.9571420341652187,5263.246017657288,-0.9473675398234271
72,atr,3.0,1.0,1.0,8.0,811,1000,0.18865598027127004,0.623058281199001,-1.4185742788227935,-0.9351860248467966,-0.9817934018514215,2322.7714048155385,-0.9767722859518446
72,atr,3.0,1.0,1.0,12.0,1071,740,0.19794584500466852,0.6135312047191456,-1.2822442147453759,-0.9749596620932625,-0.9954253895312544,642.3291409854041,-0.9935767085901459
72,atr,3.0,1.0,1.0,,1811,0,0.22473771397018222,0.6468878918327902,-0.7685315567044555,-0.9988231393651001,-0.9999460842748306,8.573941537314802,-0.9999142605846268
72,atr,3.0,1.5,,1.0,94,1717,0.22340425531914893,0.6529663815164151,-1.2442809865102276,-0.2511487679107762,-0.36157536508483856,67777.44830803323,-0.3222255169196677
72,atr,3.0,1.5,,2.0,171,1640,0.22807017543859648,0.6906389622233094,-1.1890490326372793,-0.38352502717988146,-0.5193927261470426,52605.01350069276,-0.47394986499307246
72,atr,3.0,1.5,,3.0,241,1570,0.23236514522821577,0.6962470879507932,-1.1276017334600363,-0.490349047896912,-0.6349235676279064,41186.080117942955,-0.5881391988205704
72,atr,3.0,1.5,,4.0,305,1506,0.2360655737704918,0.7063144747085415,-1.0791862620138293,-0.5805054710667717,-0.7248370129308499,32052.162875142476,-0.6794783712485752
72,atr,3.0,1.5,,5.0,367,1444,0.23433242506811988,0.7087622082372785,-1.1163329349448028,-0.6675125441231893,-0.803677239009962,23609.32382517596,-0.7639067617482403
72,atr,3.0,1.5,,6.0,434,1377,0.23271889400921658,0.7151883145938674,-1.0957652640998135,-0.7374224934269997,-0.8606599913361174,17205.96322470139,-0.8279403677529861
72,atr,3.0,1.5,,8.0,549,1262,0.24043715846994534,0.7382843273412611,-0.9170587431725263,-0.8044850786095088,-0.9092057493410678,11585.839529676323,-0.8841416047032368
72,atr,3.0,1.5,,12.0,760,1051,0.25,0.7314087702196648,-0.7947809579270998,-0.9087602073019676,-0.969985810648759,4300.966231694288,-0.9569903376830571
72,atr,3.0,1.5,,,234,1577,0.16666666666666666,0.5050561286107336,-0.980436677004825,-1.0,-1.0464887206680917,-7806.06633762898,-1.0780606633762897
72,atr,3.0,1.5,0.5,1.0,144,1667,0.11805555555555555,0.4328718041041756,-2.2096972701491007,-0.4136214221618535,-0.5524501339232785,47513.49846848118,-0.5248650153151881
72,atr,3.0,1.5,0.5,2.0,248,1563,0.13306451612903225,0.49733269599724095,-1.9135136650880646,-0.544765332247134,-0.6901420457522229,33444.99431204807,-0.6655500568795194
72,atr,3.0,1.5,0.5,3.0,348,1463,0.13505747126436782,0.5043519794504167,-1.8075634121539768,-0.6532244643929013,-0.7913058473099397,23126.584461985112,-0.7687341553801489
72,atr,3.0,1.5,0.5,4.0,439,1372,0.13895216400911162,0.5178744715030783,-1.6976720888525287,-0.7228590962158493,-0.8492962156501226,17253.324245678865,-0.8274667575432113
72,atr,3.0,1.5,0.5,5.0,527,1284,0.1442125237191651,0.5340862965682505,-1.5692955067909038,-0.7748294676313532,-0.8885358356418005,13181.576963449039,-0.8681842303655096
72,atr,3.0,1.5,0.5,6.0,614,1197,0.1465798045602606,0.5359425366108418,-1.496811469774161,-0.8234161763717768,-0.9216893183318489,9513.384178593642,-0.9048661582140636
72,atr,3.0,1.5,0.5,8.0,763,1048,0.15072083879423329,0.5420933945806926,-1.328257156317219,-0.8855489902807931,-0.9582850018243968,5339.455207783385,-0.9466054479221662
72,atr,3.0,1.5,0.5,12.0,999,812,0.16316316316316315,0.5715994066380773,-1.0815222273965603,-0.9396807754275911,-0.9835452112930111,2367.457877901893,-0.9763254212209811
72,atr,3.0,1.5,0.5,,1811,0,0.20430701270016566,0.5043075817386056,-0.22698135772560699,-0.9933572582908927,-0.9993320346369882,107.10899730239883,-0.998928910026976
72,atr,3.0,1.5,1.0,1.0,115,1696,0.16521739130434782,0.513194446604949,-1.8281216483632767,-0.3498170509536179,-0.48001408343038476,55203.56930757504,-0.4479643069242496
72,atr,3.0,1.5,1.0,2.0,204,1607,0.17647058823529413,0.5823429520152834,-1.5886395075924757,-0.47131185942039266,-0.6149514651980452,42085.28385256095,-0.5791471614743906
72,atr,3.0,1.5,1.0,3.0,284,1527,0.18309859154929578,0.6138772200581026,-1.4212017801073429,-0.5582879489267585,-0.703419800712975,33458.680884613044,-0.6654131911538695
72,atr,3.0,1.5,1.0,4.0,362,1449,0.1878453038674033,0.6259149008204413,-1.3073611503113716,-0.6394934565166748,-0.7791973654070988,25720.03626873587,-0.7427996373126413
72,atr,3.0,1.5,1.0,5.0,445,1366,0.18651685393258427,0.619223645683779,-1.322246840663613,-0.7234388726126924,-0.8497538925302879,18068.251418411026,-0.8193174858158897
72,atr,3.0,1.5,1.0,6.0,513,1298,0.19103313840155944,0.6357662571182161,-1.2271598774463215,-0.7692447368399487,-0.8844982176432274,14262.374738413597,-0.857376252615864
72,atr,3.0,1.5,1.0,8.0,640,1171,0.196875,0.6485208563103713,-1.0722398273830833,-0.8383903911109624,-0.931146193076685,8786.119740307222,-0.9121388025969278
72,atr,3.0,1.5,1.0,12.0,861,950,0.20789779326364694,0.6711178219485022,-0.8614684328918332,-0.9174271970376839,-0.9740361028974367,3720.568407645271,-0.9627943159235473
72,atr,3.0,1.5,1.0,,1811,0,0.24516841524019878,0.5089281166378761,-0.14885064859011254,-0.9983944577270789,-0.9999150754219435,14.259951241443874,-0.9998574004875855
72,atr,3.0,2.0,,1.0,78,1733,0.2564102564102564,0.7882273380131036,-0.7075175846268175,-0.12823128137475626,-0.20890435702779164,84439.95568087707,-0.15560044319122923
72,atr,3.0,2.0,,2.0,146,1665,0.2465753424657534,0.7473936600299832,-0.919317051137078,-0.2706613669068185,-0.38576049974304105,67438.08916137926,-0.32561910838620733
72,atr,3.0,2.0,,3.0,199,1612,0.2663316582914573,0.7869706528383583,-0.709714273764706,-0.3105345248820143,-0.43690919246273163,63866.163920447005,-0.36133836079552994
72,atr,3.0,2.0,,4.0,256,1555,0.265625,0.7812693689292584,-0.7035112886540225,-0.397565245096448,-0.5346687314025285,53934.40880796474,-0.4606559119203526
72,atr,3.0,2.0,,5.0,311,1500,0.26688102893890675,0.7807809238955686,-0.6910979639715916,-0.4712682886541314,-0.6150103628404245,45823.74940057104,-0.5417625059942897
72,atr,3.0,2.0,,6.0,363,1448,0.26721763085399447,0.7826267957891597,-0.6902971206247277,-0.5368362603309319,-0.6823594324836558,38974.51459688255,-0.6102548540311745
72,atr,3.0,2.0,,8.0,475,1336,0.2694736842105263,0.7918663119465016,-0.6437729596346441,-0.6517914229622117,-0.790109347242013,27364.046655756152,-0.7263595334424384
72,atr,3.0,2.0,,12.0,659,1152,0.2716236722306525,0.7647568864619497,-0.6117360815625695,-0.8139714193488979,-0.9155561234113719,11822.835600094364,-0.8817716439990564
72,atr,3.0,2.0,,,234,1577,0.11965811965811966,0.3599163880763061,-1.136681205372613,-1.0,-1.1995995850142183,-32626.609486784368,-1.3262660948678437
72,atr,3.0,2.0,0.5,1.0,108,1703,0.1388888888888889,0.5603563913179586,-1.4866978538645446,-0.23800263200275573,-0.345411752991984,69447.96280890312,-0.3055203719109688
72,atr,3.0,2.0,0.5,2.0,206,1605,0.14563106796116504,0.5987118358703215,-1.3965772498638467,-0.3803810718512718,-0.5152670162525883,53376.23206369969,-0.4662376793630031
72,atr,3.0,2.0,0.5,3.0,289,1522,0.1453287197231834,0.5841536751728376,-1.4104327303405393,-0.5001845720819349,-0.6452081649630379,40040.72478211659,-0.5995927521788341
72,atr,3.0,2.0,0.5,4.0,367,1444,0.14986376021798364,0.586412182786275,-1.3317433844901365,-0.5777772241134607,-0.7223097906418208,32195.383372428903,-0.6780461662757109
72,atr,3.0,2.0,0.5,5.0,437,1374,0.15560640732265446,0.597710561542632,-1.2272335620744825,-0.6318743604563851,-0.7724495560550794,27092.259385995447,-0.7290774061400456
72,atr,3.0,2.0,0.5,6.0,512,1299,0.16015625,0.6085048276482062,-1.168234272930679,-0.6867809796772628,-0.8200316414557605,22088.34070199781,-0.7791165929800219
72,atr,3.0,2.0,0.5,8.0,643,1168,0.16796267496111975,0.6147676327319239,-1.067379363319179,-0.7762692460521194,-0.8895995849861557,13933.22835802819,-0.8606677164197181
72,atr,3.0,2.0,0.5,12.0,876,935,0.17123287671232876,0.5918363494158123,-0.9686564167919206,-0.8900111141592757,-0.9606368364739254,5481.091415293973,-0.9451890858470603
72,atr,3.0,2.0,0.5,,1811,0,0.22473771397018222,0.4828153898250841,0.12582658628599822,-0.9850387031924103,-0.9978284150756355,338.89726192503826,-0.9966110273807496
72,atr,3.0,2.0,1.0,1.0,85,1726,0.2,0.6680838868309307,-1.1017870784597974,-0.18329417355587585,-0.27606001596018903,76805.77419053328,-0.23194225809466718
72,atr,3.0,2.0,1.0,2.0,160,1651,0.2125,0.7326003893378895,-0.9359836864556168,-0.27303608792064904,-0.38866306175812537,67119.41340723478,-0.32880586592765215
72,atr,3.0,2.0,1.0,3.0,225,1586,0.2088888888888889,0.7217948167466038,-0.952077452849367,-0.3739358559436664,-0.5079267029663366,55516.90294972648,-0.44483097050273523
72,atr,3.0,2.0,1.0,4.0,293,1518,0.20477815699658702,0.7058839902158464,-0.9711115117103982,-0.47178680072410295,-0.615558585186252,44558.837603525026,-0.5544116239647497
72,atr,3.0,2.0,1.0,5.0,351,1460,0.21082621082621084,0.7168922775381822,-0.9012638441326911,-0.527918933186696,-0.673438766611117,38869.254334113386,-0.6113074566588661
72,atr,3.0,2.0,1.0,6.0,413,1398,0.21307506053268765,0.7197852094881333,-0.8709985431924857,-0.590886811783654,-0.7347437677205679,32546.953865887568,-0.6745304613411243
72,atr,3.0,2.0,1.0,8.0,535,1276,0.21869158878504674,0.7254124807219074,-0.8147402885007164,-0.702545682313558,-0.8330361793973694,21767.55237433902,-0.7823244762566098
72,atr,3.0,2.0,1.0,12.0,737,1074,0.2265943012211669,0.7167421324927806,-0.6822159876938646,-0.8329280113861924,-0.927760158471089,10114.17055536035,-0.8988582944463965
72,atr,3.0,2.0,1.0,,1811,0,0.27609055770292656,0.45783045450617005,0.22036652800297582,-0.9964879276438571,-0.9997353695312845,43.264518371586,-0.9995673548162841
72,atr,3.0,3.0,,1.0,55,1756,0.3090909090909091,1.0882949792546672,0.1168995995169255,0.006807359357962728,-0.10871762472118618,104129.21284496969,0.041292128449696985
72,atr,3.0,3.0,,2.0,101,1710,0.33663366336633666,1.1718419212492408,0.43297280675324995,0.07906106151362513,-0.18236292415032274,115156.57212636925,0.1515657212636925
72,atr,3.0,3.0,,3.0,142,1669,0.34507042253521125,1.185363376006387,0.528433470370679,0.13181378486481932,-0.23859122419061374,123422.70843823129,0.23422708438231288
72,atr,3.0,3.0,,4.0,183,1628,0.3551912568306011,1.1916167917501788,0.5980752879626182,0.18633669067536185,-0.2963958246318311,132151.33299989818,0.32151332999898186
72,atr,3.0,3.0,,5.0,229,1582,0.3537117903930131,1.1351954745247688,0.5532980373570934,0.17014575799448362,-0.359415527980541,129539.95414132062,0.29539954141320623
72,atr,3.0,3.0,,6.0,279,1532,0.34408602150537637,1.0702107633306646,0.47104316403867247,0.10495109562066696,-0.4093570321681379,119191.13280580212,0.19191132805802114
72,atr,3.0,3.0,,8.0,365,1446,0.3424657534246575,1.0264253705332225,0.45642705449399584,0.04326444112801964,-0.5139121451868507,109650.09206799045,0.09650092067990457
72,atr,3.0,3.0,,12.0,531,1280,0.3295668549905838,0.9167954933005025,0.2739903859829569,-0.3061817602741811,-0.7010628296131498,62401.108533496976,-0.37598891466503026
72,atr,3.0,3.0,,,231,1580,0.10822510822510822,0.1495224690633553,-0.7474737433776503,-1.0,-1.4069620344519627,-43183.506428609195,-1.431835064286092
72,atr,3.0,3.0,0.5,1.0,74,1737,0.1891891891891892,0.8204266040294554,-0.589308792060668,-0.08065254794913645,-0.1263912640749958,91253.99685963597,-0.08746003140364034
72,atr,3.0,3.0,0.5,2.0,140,1671,0.2,0.8527136015076092,-0.3866446216205999,-0.11247329378013227,-0.2208248553563954,86702.7781125516,-0.13297221887448396
72,atr,3.0,3.0,0.5,3.0,204,1607,0.19607843137254902,0.837506883331977,-0.36262982257452037,-0.16089341413160174,-0.32165532399061103,79918.3975982279,-0.20081602401772103
72,atr,3.0,3.0,0.5,4.0,268,1543,0.20149253731343283,0.8517441170460386,-0.25439559919205135,-0.18467027971296623,-0.39113407843772996,76650.58123441332,-0.23349418765586683
72,atr,3.0,3.0,0.5,5.0,326,1485,0.20552147239263804,0.8346450755760989,-0.2533110542604633,-0.23978617037070105,-0.44944728719700866,69241.53569976032,-0.30758464300239674
72,atr,3.0,3.0,0.5,6.0,388,1423,0.20876288659793815,0.8279848819142045,-0.2329793729182475,-0.2975672714472397,-0.5218156459532071,61731.234376636625,-0.38268765623363377
72,atr,3.0,3.0,0.5,8.0,495,1316,0.21212121212121213,0.8068860005281795,-0.20267362655381388,-0.39731615842926493,-0.6195155719677916,49419.63861037669,-0.5058036138962331
72,atr,3.0,3.0,0.5,12.0,683,1128,0.2225475841874085,0.7865557039670626,-0.1274862252380335,-0.5638366037418354,-0.7736356337314145,31797.823373977917,-0.6820217662602208
72,atr,3.0,3.0,0.5,,1811,0,0.27498619547211484,0.6537171906786037,0.6708443797093616,-0.9342119798765461,-0.9886608735383325,2038.275834646935,-0.9796172416535307
72,atr,3.0,3.0,1.0,1.0,63,1748,0.25396825396825395,0.9363858267595861,-0.26619238694513797,-0.042748593553165626,-0.1329842569440356,96768.91240749753,-0.032310875925024685
72,atr,3.0,3.0,1.0,2.0,119,1692,0.2689075630252101,0.994847377378294,0.018203890108566056,-0.024222286597010978,-0.22145435499184485,99500.84281703399,-0.004991571829660146
72,atr,3.0,3.0,1.0,3.0,165,1646,0.28484848484848485,1.0350714713292373,0.2049695202036496,0.012209687525815083,-0.2932338738630892,104941.69527250841,0.04941695272508406
72,atr,3.0,3.0,1.0,4.0,213,1598,0.29577464788732394,1.0644515840694917,0.3422568687502712,0.0564808501754146,-0.3240056875897802,111673.33684244423,0.11673336842444226
72,atr,3.0,3.0,1.0,5.0,264,1547,0.29545454545454547,1.0397679210548938,0.33844606758459633,0.03899153715492165,-0.39783409772008926,108998.4404911722,0.089984404911722
72,atr,3.0,3.0,1.0,6.0,318,1493,0.29245283018867924,1.002175469392704,0.29624407218238336,-0.01673424548353386,-0.4841432039493261,100611.74740277935,0.006117474027793612
72,atr,3.0,3.0,1.0,8.0,408,1403,0.29411764705882354,0.9690451932818234,0.2944312028000069,-0.09734613744821563,-0.5833106130966724,88857.32204083461,-0.11142677959165392
72,atr,3.0,3.0,1.0,12.0,575,1236,0.2956521739130435,0.9016485534281048,0.21326337609091728,-0.3641252079435179,-0.7548901887093609,54977.46077423175,-0.45022539225768243
72,atr,3.0,3.0,1.0,,235,1576,0.09787234042553192,0.20195741359230704,0.4440415852267232,-1.0,-1.0153027655485964,-1623.8052164576422,-1.0162380521645764
72,atr,4.0,0.5,,1.0,178,1633,0.1348314606741573,0.458673855420065,-2.3263258215021403,-0.6824672645913987,-0.8204695402861463,20633.786462822463,-0.7936621353717754
72,atr,4.0,0.5,,2.0,299,1512,0.1705685618729097,0.5818824343992084,-1.9195625302853645,-0.7820434599935333,-0.8969920002100714,12402.837764954558,-0.8759716223504544
72,atr,4.0,0.5,,3.0,404,1407,0.1782178217821782,0.6091438498714351,-1.797482038125919,-0.8587586025642212,-0.9446130720883055,6841.2539120518895,-0.9315874608794811
72,atr,4.0,0.5,,4.0,497,1314,0.17706237424547283,0.6311224444007097,-1.7685254573993103,-0.914124673794968,-0.9731120903616632,3437.8168366867108,-0.9656218316331329
72,atr,4.0,0.5,,5.0,610,1201,0.17868852459016393,0.6268886768128723,-1.7651341492398236,-0.9498521139054192,-0.9877825235974571,1571.9997273343556,-0.9842800027266565
72,atr,4.0,0.5,,6.0,698,1113,0.18051575931232092,0.6298657470012754,-1.6604609107512018,-0.9668578105828611,-0.9932544696627642,878.9521029345907,-0.9912104789706541
72,atr,4.0,0.5,,8.0,878,933,0.1845102505694761,0.6281257767072908,-1.5885050602119033,-0.986693856698209,-0.9982077631147896,243.07320173490973,-0.9975692679826509
72,atr,4.0,0.5,,12.0,1155,656,0.18701298701298702,0.6274957283869617,-1.4878764519675232,-0.9974168759639981,-0.9998342569456984,25.138836465673304,-0.9997486116353432
72,atr,4.0,0.5,,,1811,0,0.21258972943125345,0.6716627931132815,-0.9821233672628582,-0.9999826971881984,-0.9999998846765454,0.019788597069204293,-0.9999998021140293
72,atr,4.0,0.5,0.5,1.0,283,1528,0.09187279151943463,0.3954766767177018,-3.0166561081052774,-0.824007718384459,-0.9237647942992271,8756.713190838182,-0.9124328680916182
72,atr,4.0,0.5,0.5,2.0,449,1362,0.1091314031180401,0.4504437265951617,-2.63720301162199,-0.8979221088233049,-0.9654396977481168,4018.6959136471573,-0.9598130408635285
72,atr,4.0,0.5,0.5,3.0,601,1210,0.11480865224625623,0.4752879853578063,-2.5313707991030694,-0.9432267533628842,-0.9854369073221928,1775.197633254746,-0.9822480236674526
72,atr,4.0,0.5,0.5,4.0,722,1089,0.11772853185595568,0.49939772732223014,-2.3897393066274257,-0.9635545008825863,-0.9922563579466047,966.1381160765336,-0.9903386188392347
72,atr,4.0,0.5,0.5,5.0,839,972,0.12157330154946365,0.5102504337053623,-2.3040386199914136,-0.9772570052448852,-0.9962247834083032,495.0272771147428,-0.9950497272288525
72,atr,4.0,0.5,0.5,6.0,946,865,0.12473572938689217,0.5313832573342051,-2.1580614713875765,-0.9849773967264304,-0.9979265746750307,274.0241062634096,-0.997259758937366
72,atr,4.0,0.5,0.5,8.0,1137,674,0.1310466138962181,0.5610680984561521,-1.9822204109739374,-0.9931786130234851,-0.9993323043087494,90.65682292300951,-0.9990934317707699
72,atr,4.0,0.5,0.5,12.0,1397,414,0.14173228346456693,0.6065743878237162,-1.7021245317548062,-0.9972911139911721,-0.9998224092160127,26.536558715372433,-0.9997346344128463
72,atr,4.0,0.5,0.5,,1811,0,0.1518498067366096,0.6277910142004145,-1.4195887637408806,-0.9994868062961693,-0.9999841488228844,2.5542504107350306,-0.9999744574958926
72,atr,4.0,0.5,1.0,1.0,243,1568,0.1111111111111111,0.4330446078016215,-2.6406092317255037,-0.7598995974196451,-0.8803740328512543,13748.84610383116,-0.8625115389616884
72,atr,4.0,0.5,1.0,2.0,392,1419,0.125,0.48168316707229336,-2.381177701525088,-0.8657048656784294,-0.9485248495216145,5985.566195983943,-0.9401443380401606
72,atr,4.0,0.5,1.0,3.0,528,1283,0.13636363636363635,0.5141524379239832,-2.1939897678266846,-0.9144982257354665,-0.9736043387467005,3217.5525090530814,-0.9678244749094692
72,atr,4.0,0.5,1.0,4.0,637,1174,0.13657770800627944,0.537176204003889,-2.119838048109928,-0.948328249773969,-0.9871429987646433,1604.1081013648868,-0.9839589189863511
72,atr,4.0,0.5,1.0,5.0,732,1079,0.1407103825136612,0.5420615568664017,-1.96889096937537,-0.9646145883764154,-0.9928259395595651,940.7024787652924,-0.9905929752123471
72,atr,4.0,0.5,1.0,6.0,834,977,0.14268585131894485,0.5577209747348331,-1.8743864022966388,-0.9778332644567912,-0.99635180820916,482.14540592496945,-0.9951785459407503
72,atr,4.0,0.5,1.0,8.0,1017,794,0.14847590953785644,0.5662076401958149,-1.7671549451387991,-0.9903251782944595,-0.9988886172910514,150.60131453113826,-0.9984939868546886
72,atr,4.0,0.5,1.0,12.0,1287,524,0.1592851592851593,0.6197246186157819,-1.5839179364011735,-0.9971946850526907,-0.9998131541776764,27.919495727721884,-0.9997208050427228
72,atr,4.0,0.5,1.0,,1811,0,0.17448923246824957,0.6513089937662855,-1.2430587290846036,-0.9997549704438276,-0.9999945830359128,0.8728867669465561,-0.9999912711323306
72,atr,4.0,1.0,,1.0,122,1689,0.1721311475409836,0.6003052700765369,-1.3996007204532486,-0.3853041528192048,-0.525065747281686,51315.044686279194,-0.486849553137208
72,atr,4.0,1.0,,2.0,210,1601,0.19047619047619047,0.6505789276268591,-1.2860347119781268,-0.5233500454739206,-0.6717517328065324,36829.43292267699,-0.63170567077323
72,atr,4.0,1.0,,3.0,287,1524,0.1951219512195122,0.6594463158816253,-1.2330907767675294,-0.6318443356799301,-0.7744246317369113,26354.30696652283,-0.7364569303347717
72,atr,4.0,1.0,,4.0,356,1455,0.199438202247191,0.696107325387618,-1.1516614987534273,-0.7028505454958871,-0.83475127582337,20062.167726546566,-0.7993783227345344
72,atr,4.0,1.0,,5.0,429,1382,0.19813519813519814,0.6979965557785981,-1.1101419187276,-0.7696057302669592,-0.885805475811545,14001.252627066482,-0.8599874737293352
72,atr,4.0,1.0,,6.0,504,1307,0.20238095238095238,0.7106426377727877,-1.029740876345944,-0.8205344194747327,-0.9205533231338624,9936.730888007003,-0.9006326911199299
72,atr,4.0,1.0,,8.0,644,1167,0.20186335403726707,0.7023766081895416,-0.9614242376106804,-0.896845895730922,-0.9644543976004137,4732.377794452947,-0.9526762220554705
72,atr,4.0,1.0,,12.0,889,922,0.2080989876265467,0.6754980996469216,-0.8497756700800969,-0.9628129243905263,-0.9919231152126131,1240.473059342348,-0.9875952694065765
72,atr,4.0,1.0,,,234,1577,0.1452991452991453,0.5290025735111421,-1.1935546500662617,-1.0,-1.057915317932161,-10115.933820907972,-1.1011593382090796
72,atr,4.0,1.0,0.5,1.0,177,1634,0.1016949152542373,0.42097456379189335,-2.207569947183387,-0.5460985170885759,-0.6942567752913296,33034.52456556736,-0.6696547543443264
72,atr,4.0,1.0,0.5,2.0,309,1502,0.11003236245954692,0.4474175289421524,-2.026681076423964,-0.7033778353981002,-0.8351769906452925,18186.581253974422,-0.8181341874602558
72,atr,4.0,1.0,0.5,3.0,431,1380,0.1136890951276102,0.4596043561350454,-1.9141627020834182,-0.7928209989584292,-0.9021292661711551,11134.425473442225,-0.8886557452655778
72,atr,4.0,1.0,0.5,4.0,536,1275,0.11940298507462686,0.5019221143186327,-1.7454503105137342,-0.8420260380957341,-0.9339884185121143,7811.879381304683,-0.9218812061869531
72,atr,4.0,1.0,0.5,5.0,632,1179,0.12183544303797468,0.500534489822694,-1.6697985342201178,-0.8832649103300196,-0.957459715562244,5168.57486822934,-0.9483142513177066
72,atr,4.0,1.0,0.5,6.0,719,1092,0.12795549374130738,0.5290230323350614,-1.5028045629274216,-0.9051703423709639,-0.9685433481934553,3936.367698169599,-0.960636323018304
72,atr,4.0,1.0,0.5,8.0,889,922,0.12935883014623173,0.5287792604524368,-1.3937619881925243,-0.9459413714299246,-0.986093540542856,1855.5153540449276,-0.9814448464595508
72,atr,4.0,1.0,0.5,12.0,1131,680,0.138815207780725,0.5543300033449152,-1.1422113839022814,-0.9743406800004222,-0.9952880874325731,715.5807025764271,-0.9928441929742358
72,atr,4.0,1.0,0.5,,1811,0,0.17007178354500277,0.5239451250109315,-0.3522768363993038,-0.996613253025755,-0.9997511814255353,40.95465063130527,-0.9995904534936869
72,atr,4.0,1.0,1.0,1.0,137,1674,0.13138686131386862,0.4912506324825051,-1.7126432725095557,-0.4479133644969492,-0.5936731712275185,43902.24385028859,-0.5609775614971141
72,atr,4.0,1.0,1.0,2.0,253,1558,0.1422924901185771,0.5303504313527141,-1.6371327211382884,-0.618636231452796,-0.7625759871515843,26638.957854055505,-0.733610421459445
72,atr,4.0,1.0,1.0,3.0,345,1466,0.14492753623188406,0.5447004157227244,-1.5806469179253304,-0.7156288416371999,-0.8449709633590392,18112.273746108065,-0.8188772625389193
72,atr,4.0,1.0,1.0,4.0,437,1374,0.15331807780320367,0.587543730396539,-1.3989596274637164,-0.7752413064999532,-0.8898398118834869,13374.095211888847,-0.8662590478811115
72,atr,4.0,1.0,1.0,5.0,524,1287,0.15267175572519084,0.5760340199185163,-1.3990700623463477,-0.8359156212210108,-0.9302478041704714,8552.23244759208,-0.9144776755240792
72,atr,4.0,1.0,1.0,6.0,605,1206,0.15867768595041323,0.6018245805801693,-1.2732137260325662,-0.8690596811263976,-0.9497387259664132,6286.389486140965,-0.9371361051385904
72,atr,4.0,1.0,1.0,8.0,766,1045,0.15535248041775457,0.584842151880174,-1.2258137896137289,-0.929503379393257,-0.9795505866130426,2722.5407164052544,-0.9727745928359475
72,atr,4.0,1.0,1.0,12.0,1011,800,0.1681503461918892,0.6033598853210602,-0.9789474984603025,-0.9671475925644476,-0.9932536365383792,1036.1274603967413,-0.9896387253960326
72,atr,4.0,1.0,1.0,,1811,0,0.20430701270016566,0.5361482215835922,-0.19606757331578736,-0.9989671954504274,-0.9999556599576689,7.744772019790965,-0.9999225522798021
72,atr,4.0,1.5,,1.0,91,1720,0.18681318681318682,0.6462614542191271,-1.2665521401352369,-0.26151868016255087,-0.38067305387808814,66919.08387901216,-0.33080916120987836
72,atr,4.0,1.5,,2.0,166,1645,0.19879518072289157,0.7219940095789754,-0.9713496644396098,-0.3650845391037758,-0.502438363499123,55952.87559364372,-0.44047124406356275
72,atr,4.0,1.5,,3.0,231,1580,0.2077922077922078,0.7328014928701149,-0.925309394812549,-0.45964346440130965,-0.6063333088682127,46268.460238791144,-0.5373153976120886
72,atr,4.0,1.5,,4.0,292,1519,0.21232876712328766,0.7413396992528863,-0.8242753443012727,-0.5308449753480355,-0.6793695888614113,37684.35522564124,-0.6231564477435876
72,atr,4.0,1.5,,5.0,351,1460,0.21082621082621084,0.732514008966401,-0.8562821849069662,-0.6164243880161095,-0.7606840457821555,28127.298960454566,-0.7187270103954544
72,atr,4.0,1.5,,6.0,414,1397,0.21014492753623187,0.7418115378732653,-0.8443909053914754,-0.6853960904012398,-0.8205511332243716,21919.991651880096,-0.780800083481199
72,atr,4.0,1.5,,8.0,525,1286,0.22095238095238096,0.7659583768513348,-0.6331714253941204,-0.7472700014838716,-0.8694404455400708,16166.640854458097,-0.8383335914554191
72,atr,4.0,1.5,,12.0,723,1088,0.23236514522821577,0.7517475764463857,-0.4652237822587139,-0.86876856781406,-0.9495996500317477,6660.642252498805,-0.933393577475012
72,atr,4.0,1.5,,,233,1578,0.1072961373390558,0.35467715655113274,-1.2513753020772738,-1.0,-1.147132334375511,-21156.92131269116,-1.2115692131269116
72,atr,4.0,1.5,0.5,1.0,130,1681,0.1,0.45724906741283144,-1.9348837230297633,-0.38288513107947464,-0.5225695225644242,51558.794606172625,-0.4844120539382738
72,atr,4.0,1.5,0.5,2.0,231,1580,0.11688311688311688,0.5610828465760861,-1.4870092432025666,-0.48525885892291776,-0.6331439067328439,40583.486708553144,-0.5941651329144686
72,atr,4.0,1.5,0.5,3.0,321,1490,0.12149532710280374,0.5611195332599404,-1.3079639729024828,-0.5708884501798741,-0.7183365363347936,31035.828008506644,-0.6896417199149336
72,atr,4.0,1.5,0.5,4.0,407,1404,0.12530712530712532,0.559614719348513,-1.2070885377331568,-0.6387294843662599,-0.7806271258025873,24172.175917766017,-0.7582782408223399
72,atr,4.0,1.5,0.5,5.0,496,1315,0.125,0.5365281142627435,-1.2296361022851001,-0.7225873818636814,-0.8510753976480863,16470.943962401438,-0.8352905603759856
72,atr,4.0,1.5,0.5,6.0,580,1231,0.12758620689655173,0.5485133315572205,-1.1839156174712009,-0.7762946327154667,-0.8906393836979912,12555.396940126464,-0.8744460305987354
72,atr,4.0,1.5,0.5,8.0,731,1080,0.13132694938440492,0.5261483954907377,-1.0875996573456264,-0.8568740943466886,-0.9428311024638016,6731.239240676149,-0.9326876075932385
72,atr,4.0,1.5,0.5,12.0,954,857,0.14675052410901468,0.5459434757324598,-0.7344002265600366,-0.912574632979134,-0.9720595777636623,3525.273217886808,-0.964747267821132
72,atr,4.0,1.5,0.5,,1811,0,0.19602429596907786,0.4158198274168777,0.24994115279098164,-0.9883788123068161,-0.9987297309946943,201.21965339204397,-0.9979878034660795
72,atr,4.0,1.5,1.0,1.0,105,1706,0.14285714285714285,0.5443622665772305,-1.6119417564903316,-0.3219574059995921,-0.4526067979377135,59114.22711331399,-0.4088577288668601
72,atr,4.0,1.5,1.0,2.0,191,1620,0.15706806282722513,0.644754422060107,-1.2315533366292042,-0.4198839645308704,-0.5635725538863836,49078.08160166263,-0.5092191839833737
72,atr,4.0,1.5,1.0,3.0,268,1543,0.16044776119402984,0.6686102237910133,-1.1020132887208198,-0.5051233096539607,-0.6535250730550928,40721.91461004735,-0.5927808538995265
72,atr,4.0,1.5,1.0,4.0,342,1469,0.16374269005847952,0.6562588280131282,-1.0457065059490824,-0.5924889024169661,-0.7386921230309931,30712.055116636653,-0.6928794488336334
72,atr,4.0,1.5,1.0,5.0,418,1393,0.16267942583732056,0.6331351299296366,-1.081486351723702,-0.6825309265735847,-0.8181726568556212,21370.54362515106,-0.7862945637484894
72,atr,4.0,1.5,1.0,6.0,484,1327,0.16735537190082644,0.6535932565819805,-1.0018765974144441,-0.7282589185558271,-0.8549370558586739,17719.69130655369,-0.8228030869344631
72,atr,4.0,1.5,1.0,8.0,611,1200,0.1751227495908347,0.6553298739255012,-0.8503116778341051,-0.802585257361024,-0.9087986475056614,11293.080137381528,-0.8870691986261847
72,atr,4.0,1.5,1.0,12.0,823,988,0.18955042527339003,0.6700405155141776,-0.5569639356082061,-0.8866589791591446,-0.9592630586974906,5383.577547536342,-0.9461642245246366
72,atr,4.0,1.5,1.0,,1811,0,0.23688569850911098,0.4222933900318725,0.30033202535726067,-0.9971767283215262,-0.9998090585176365,27.745701399462984,-0.9997225429860054
72,atr,4.0,2.0,,1.0,72,1739,0.2222222222222222,0.8400666656345962,-0.5246896179295799,-0.10577414680785835,-0.18752794538372397,88598.63805481954,-0.11401361945180455
72,atr,4.0,2.0,,2.0,136,1675,0.23529411764705882,0.8883236103813081,-0.26042176137796225,-0.13314238584966942,-0.31864992100583633,84687.76992985031,-0.1531223007014969
72,atr,4.0,2.0,,3.0,187,1624,0.25668449197860965,0.9427563695871721,-0.07465261874501217,-0.12520991342501087,-0.3663497547303183,89077.18846350469,-0.10922811536495314
72,atr,4.0,2.0,,4.0,239,1572,0.2594142259414226,0.9400976801231605,0.000568622914603323,-0.15257076811155046,-0.4414596425108065,85059.54307910697,-0.1494045692089303
72,atr,4.0,2.0,,5.0,292,1519,0.2636986301369863,0.9375412314489263,0.06652325020016923,-0.18521533315198657,-0.5302470985853358,80342.35631875282,-0.19657643681247183
72,atr,4.0,2.0,,6.0,343,1468,0.2653061224489796,0.9286578112712084,0.09768975712590652,-0.23556086063521797,-0.5987785476637706,73234.16094647342,-0.26765839053526574
72,atr,4.0,2.0,,8.0,450,1361,0.2644444444444444,0.9099239915526204,0.10144500401819842,-0.37256305582413474,-0.7150715544154478,57045.49603647782,-0.4295450396352217
72,atr,4.0,2.0,,12.0,632,1179,0.2674050632911392,0.87293716525364,0.12389390240579427,-0.605142355069916,-0.8515345419094748,30211.62658160482,-0.6978837341839518
72,atr,4.0,2.0,,,234,1577,0.10256410256410256,0.2233959231087409,-1.1020875319539112,-1.0,-1.2827119289383004,-32928.17960128508,-1.329281796012851
72,atr,4.0,2.0,0.5,1.0,104,1707,0.11538461538461539,0.590470333481328,-1.3214328139903142,-0.2279581494199111,-0.31322939132709937,71574.09690025004,-0.2842590309974996
72,atr,4.0,2.0,0.5,2.0,199,1612,0.135678391959799,0.7033403252329212,-0.9123405559574091,-0.3077518667255269,-0.4138628190787277,63375.56498336505,-0.3662443501663495
72,atr,4.0,2.0,0.5,3.0,283,1528,0.13780918727915195,0.7111058293843515,-0.8496606547673119,-0.40044343693660434,-0.5243091933774985,53272.05673774968,-0.46727943262250327
72,atr,4.0,2.0,0.5,4.0,359,1452,0.14484679665738162,0.7226211977923502,-0.6760133089941137,-0.44698646555916355,-0.5769864113784992,47372.79674140699,-0.52627203258593
72,atr,4.0,2.0,0.5,5.0,429,1382,0.15151515151515152,0.7354340356514568,-0.5432028800436614,-0.48562903545499647,-0.626654178117698,42642.05392055921,-0.5735794607944079
72,atr,4.0,2.0,0.5,6.0,501,1310,0.15568862275449102,0.7308436491747486,-0.4620105056559908,-0.5356433896484643,-0.6922525197138749,36754.99455499739,-0.632450054450026
72,atr,4.0,2.0,0.5,8.0,628,1183,0.160828025477707,0.7124217114334881,-0.40247385829797416,-0.6515086082529549,-0.7945403215306408,24224.96548114839,-0.7577503451885161
72,atr,4.0,2.0,0.5,12.0,854,957,0.16627634660421545,0.6670390344581543,-0.2905983516920026,-0.7980559859241271,-0.9097445830612236,10967.443908247566,-0.8903255609175244
72,atr,4.0,2.0,0.5,,1811,0,0.22087244616234125,0.5019304007302596,0.6511397954864467,-0.9593087031045792,-0.9951297791245547,1070.6344573428507,-0.9892936554265714
72,atr,4.0,2.0,1.0,1.0,82,1729,0.17073170731707318,0.7038082932798607,-0.9612753906460614,-0.1711599272359422,-0.23864280552171058,79347.3875048227,-0.20652612495177292
72,atr,4.0,2.0,1.0,2.0,154,1657,0.2012987012987013,0.8515094813050815,-0.37182113615693896,-0.16367128987114132,-0.32572746138490893,80390.73846829108,-0.19609261531708921
72,atr,4.0,2.0,1.0,3.0,218,1593,0.2018348623853211,0.8625492069218618,-0.33488583861091026,-0.22444992393746366,-0.4281572468901387,74785.20350100198,-0.25214796498998027
72,atr,4.0,2.0,1.0,4.0,284,1527,0.2007042253521127,0.8541579019402789,-0.2744196838892052,-0.2814524167324637,-0.5187655080031598,66936.49828033522,-0.3306350171966478
72,atr,4.0,2.0,1.0,5.0,340,1471,0.2088235294117647,0.8659054141422655,-0.15712048846767984,-0.30688626787636086,-0.5812972646388502,63523.106931836126,-0.36476893068163874
72,atr,4.0,2.0,1.0,6.0,401,1410,0.20947630922693267,0.8479383007390857,-0.1439618042184667,-0.3801814108163918,-0.6413768040892378,54004.916178304244,-0.4599508382169576
72,atr,4.0,2.0,1.0,8.0,517,1294,0.2127659574468085,0.8297611082785619,-0.12220218455123256,-0.5143737390553106,-0.7446074402870282,39320.40195944585,-0.6067959804055415
72,atr,4.0,2.0,1.0,12.0,716,1095,0.22206703910614525,0.8150089736750872,-0.0023387124559534223,-0.6843920972908073,-0.8706280386399994,21820.66945251616,-0.7817933054748384
72,atr,4.0,2.0,1.0,,1811,0,0.27167310877967976,0.39104124636886595,0.7390234292362167,-0.989765447164849,-0.9987121599299819,150.02308741208796,-0.9984997691258791
72,atr,4.0,3.0,,1.0,53,1758,0.3018867924528302,1.3199824180995008,0.7065341541391058,0.10164740758348145,-0.10871762472118651,115096.44131761303,0.1509644131761303
72,atr,4.0,3.0,,2.0,98,1713,0.32653061224489793,1.4089507244658066,0.920519750832223,0.24744012912481672,-0.18236292415032274,137866.0075493395,0.3786600754933951
72,atr,4.0,3.0,,3.0,139,1672,0.3381294964028777,1.4234258665280053,0.9837618884636813,0.37213755099500756,-0.23859122419061374,158326.5430619741,0.5832654306197411
72,atr,4.0,3.0,,4.0,179,1632,0.3463687150837989,1.402781019507467,0.9973618158838329,0.46986541274862703,-0.29639582463183123,174964.82931014377,0.7496482931014377
72,atr,4.0,3.0,,5.0,224,1587,0.34375,1.3063629813709843,0.9224328956730138,0.473937027884872,-0.359415527980541,175669.18550891805,0.7566918550891804
72,atr,4.0,3.0,,6.0,270,1541,0.337037037037037,1.2199673284522476,0.84418040597683,0.43795138203960926,-0.4089962982700234,169474.62247193037,0.6947462247193037
72,atr,4.0,3.0,,8.0,354,1457,0.3361581920903955,1.1731904351275875,0.8690969846698623,0.49953333878634254,-0.505465103504203,180117.2574332721,0.8011725743327212
72,atr,4.0,3.0,,12.0,522,1289,0.3275862068965517,1.0461651564450505,0.7587014393740231,0.2085823136986218,-0.6971718083628851,131672.91066298887,0.31672910662988873
72,atr,4.0,3.0,,,231,1580,0.10822510822510822,0.12702118181654784,-0.7443680776074523,-1.0,-1.4375406595235827,-43754.06595235827,-1.4375406595235827
72,atr,4.0,3.0,0.5,1.0,72,1739,0.19444444444444445,1.0206391533234658,0.12204871177731792,0.0072125750093545715,-0.11694451733597833,101049.24738672527,0.010492473867252716
72,atr,4.0,3.0,0.5,2.0,137,1674,0.20437956204379562,1.0588132340758667,0.27739322526817184,0.039991549896539524,-0.20868800211890726,105860.45895630599,0.058604589563059806
72,atr,4.0,3.0,0.5,3.0,201,1610,0.19900497512437812,1.0381917474265276,0.2808810903053499,0.03691512605692182,-0.3059855856335779,105405.95273316339,0.05405952733163377
72,atr,4.0,3.0,0.5,4.0,265,1546,0.2,1.0408715937857085,0.3435067363472177,0.0522233902659599,-0.3760556739677422,107673.58369341143,0.07673583693411423
72,atr,4.0,3.0,0.5,5.0,323,1488,0.20123839009287925,1.0039327140754852,0.304647624600328,0.006173287916654058,-0.43662094223114833,100897.84712365236,0.008978471236523511
72,atr,4.0,3.0,0.5,6.0,383,1428,0.20365535248041775,0.9755956557674578,0.28353720890554146,-0.04682202906420374,-0.5074830460948879,93272.30502285568,-0.06727694977144316
72,atr,4.0,3.0,0.5,8.0,491,1320,0.20773930753564154,0.949851321039942,0.2999660123784871,-0.12201474600827367,-0.6083393172947054,82779.33200038657,-0.17220667999613437
72,atr,4.0,3.0,0.5,12.0,679,1132,0.21944035346097202,0.921020508842658,0.37237462006504213,-0.2733692101489511,-0.7682376647322795,62889.016013222084,-0.3711098398677791
72,atr,4.0,3.0,0.5,,1811,0,0.27056874654886803,0.8511371589797183,1.0184784957445272,-0.8260783070348514,-0.9888319167331855,7883.23116916517,-0.9211676883083483
72,atr,4.0,3.0,1.0,1.0,61,1750,0.26229508196721313,1.1594736222927648,0.4405078000738515,0.05799414900309574,-0.12360880337245694,108532.30562062809,0.08532305620628078
72,atr,4.0,3.0,1.0,2.0,116,1695,0.2672413793103448,1.181232065659224,0.5661929168617653,0.12796175688593303,-0.21333618294853884,119110.85843143248,0.19110858431432476
72,atr,4.0,3.0,1.0,3.0,162,1649,0.2839506172839506,1.221118510359873,0.7179241144079994,0.23301822631540237,-0.2867071329165203,135557.12946454203,0.35557129464542037
72,atr,4.0,3.0,1.0,4.0,209,1602,0.291866028708134,1.2476086800143087,0.8145765007829309,0.34264991771152187,-0.3181533870379073,153408.95732735802,0.5340895732735802
72,atr,4.0,3.0,1.0,5.0,260,1551,0.2846153846153846,1.1888636146787468,0.7488108667414798,0.33000705732493696,-0.39273316220217347,151315.3933798485,0.5131539337984852
72,atr,4.0,3.0,1.0,6.0,311,1500,0.2829581993569132,1.1341135493715917,0.7041087455641244,0.30156052878078365,-0.479649265478187,146637.7776983858,0.46637777698385796
72,atr,4.0,3.0,1.0,8.0,401,1410,0.28428927680798005,1.0886031395224987,0.694094720031557,0.2690665977330591,-0.5760695504265463,141350.96931355048,0.4135096931355047
72,atr,4.0,3.0,1.0,12.0,570,1241,0.2912280701754386,1.0165081846225088,0.6847949860694158,0.08043005600353559,-0.751699794275821,111890.99732179615,0.11890997321796148
72,atr,4.0,3.0,1.0,,234,1577,0.09401709401709402,0.16773933407776917,-0.18127418374408627,-1.0,-1.022945979096947,-2294.5979096947026,-1.022945979096947
72,atr,5.0,0.5,,1.0,166,1645,0.12048192771084337,0.43597247519436366,-2.069761110338951,-0.649852685143304,-0.7929549689968834,22998.748050169947,-0.7700125194983005
72,atr,5.0,0.5,,2.0,293,1518,0.13993174061433447,0.5063996248762105,-2.0309516586769703,-0.798370597594507,-0.9071175749110195,10806.567011198595,-0.891934329888014
72,atr,5.0,0.5,,3.0,380,1431,0.15,0.554485875068647,-1.8295535264136273,-0.8588613771932707,-0.9446715969288298,6745.600141156227,-0.9325439985884377
72,atr,5.0,0.5,,4.0,479,1332,0.1524008350730689,0.5834985880778689,-1.7715817977264139,-0.9147628151436087,-0.9734017943593721,3404.0169573818976,-0.965959830426181
72,atr,5.0,0.5,,5.0,581,1230,0.16006884681583478,0.6013468740555612,-1.626734969763113,-0.9424466268248197,-0.9849638485642246,1922.071146573737,-0.9807792885342627
72,atr,5.0,0.5,,6.0,670,1141,0.1626865671641791,0.5980858664507593,-1.5211759172800479,-0.9617072331081082,-0.991679833413195,1086.0586356271633,-0.9891394136437284
72,atr,5.0,0.5,,8.0,858,953,0.16666666666666666,0.6002280724186742,-1.3637143257579172,-0.9847686672011381,-0.9978191317994087,302.92897238349934,-0.996970710276165
72,atr,5.0,0.5,,12.0,1120,691,0.17232142857142857,0.6293770985809614,-1.1767935645488548,-0.9964684679239925,-0.9997389674530508,42.33157947745314,-0.9995766842052255
72,atr,5.0,0.5,,,1811,0,0.2026504693539481,0.6699328677006533,-0.448002231747274,-0.9999886225751796,-0.999999937269506,0.011994662341622319,-0.9999998800533766
72,atr,5.0,0.5,0.5,1.0,264,1547,0.07954545454545454,0.3566021233785267,-2.673864361553237,-0.8004269474837914,-0.9084902013432823,10164.990645904221,-0.8983500935409577
72,atr,5.0,0.5,0.5,2.0,425,1386,0.09647058823529411,0.39802759400828697,-2.3470730498776886,-0.8862833069698594,-0.9595718980181398,4545.452254395557,-0.9545454774560445
72,atr,5.0,0.5,0.5,3.0,570,1241,0.10175438596491228,0.44082771700552087,-2.3266603833825177,-0.9358493879205967,-0.9823969696719499,2052.8096144088954,-0.9794719038559111
72,atr,5.0,0.5,0.5,4.0,701,1110,0.10413694721825963,0.4537849445462806,-2.2095535242977293,-0.9612670537205922,-0.9915405655526915,1037.775730869671,-0.9896222426913033
72,atr,5.0,0.5,0.5,5.0,811,1000,0.10850801479654747,0.4882991052739778,-2.0646291754866444,-0.9743818835880785,-0.9953592248391456,588.5147554618097,-0.9941148524453819
72,atr,5.0,0.5,0.5,6.0,913,898,0.11171960569550932,0.5089094844099196,-1.8866283532082329,-0.9820560599783933,-0.9972329962148933,357.6783976683007,-0.996423216023317
72,atr,5.0,0.5,0.5,8.0,1101,710,0.11898274296094459,0.5630663611034517,-1.6584144649618502,-0.9910400010621325,-0.9989908462207774,139.2885795128013,-0.998607114204872
72,atr,5.0,0.5,0.5,12.0,1347,464,0.1321455085374907,0.6175097931237647,-1.224020423348678,-0.9958176208523879,-0.9996662763982533,53.69694541578906,-0.9994630305458421
72,atr,5.0,0.5,0.5,,1811,0,0.14080618442849255,0.6194591413288385,-0.8867118295045605,-0.9994022932192801,-0.9999802203270837,3.5287311134033548,-0.999964712688866
72,atr,5.0,0.5,1.0,1.0,229,1582,0.09170305676855896,0.3935229496423196,-2.3745052577067884,-0.7395533278170416,-0.8652938569270615,14963.27939064629,-0.8503672060935371
72,atr,5.0,0.5,1.0,2.0,380,1431,0.10789473684210527,0.4232491173494615,-2.23006717429131,-0.8608027102148923,-0.9457734562253269,6096.852277637553,-0.9390314772236245
72,atr,5.0,0.5,1.0,3.0,504,1307,0.11706349206349206,0.45187585514099343,-2.071824833460492,-0.9119195798213426,-0.9721035349362195,3253.197354304262,-0.9674680264569574
72,atr,5.0,0.5,1.0,4.0,611,1200,0.11947626841243862,0.47175370063931743,-1.9656090097952528,-0.9453166446549358,-0.9860404590659166,1712.5107932106207,-0.9828748920678938
72,atr,5.0,0.5,1.0,5.0,708,1103,0.12429378531073447,0.5122635491332899,-1.784349736582089,-0.9608843256844668,-0.9914188910844699,1088.203810779896,-0.989117961892201
72,atr,5.0,0.5,1.0,6.0,804,1007,0.12686567164179105,0.52309252743857,-1.6763051188417384,-0.973746885814599,-0.9951912232685189,621.6093976157523,-0.9937839060238425
72,atr,5.0,0.5,1.0,8.0,996,815,0.13152610441767068,0.5338938543150296,-1.565378001667907,-0.9895397342854019,-0.998736405189478,174.40783541725685,-0.9982559216458274
72,atr,5.0,0.5,1.0,12.0,1251,560,0.14468425259792167,0.6029845731133653,-1.194159588124584,-0.9962570138114393,-0.99971596317942,45.702220552966274,-0.9995429777944703
72,atr,5.0,0.5,1.0,,1811,0,0.15958034235229154,0.6109044517391135,-0.7480879381280955,-0.9997765545704482,-0.9999952620283262,0.8452631208989589,-0.999991547368791
72,atr,5.0,1.0,,1.0,118,1693,0.16101694915254236,0.6743046925059755,-1.1056672373135472,-0.33509752519547187,-0.4737839283289247,58051.56612177375,-0.41948433878226254
72,atr,5.0,1.0,,2.0,200,1611,0.17,0.6948550511026167,-1.0713079126198277,-0.49273586881374376,-0.6447985036403837,41177.800220705,-0.5882219977929499
72,atr,5.0,1.0,,3.0,268,1543,0.17537313432835822,0.7127397991603855,-1.0035589066631303,-0.5884257013985126,-0.7378082249336968,32152.40407528534,-0.6784759592471465
72,atr,5.0,1.0,,4.0,334,1477,0.17664670658682635,0.7101905957000507,-0.992198468046682,-0.6776295442363228,-0.8161212292457574,22548.932119102905,-0.774510678808971
72,atr,5.0,1.0,,5.0,406,1405,0.17733990147783252,0.7095246885141231,-0.9816386255870407,-0.7556695413350221,-0.8770588064428804,15329.648486624319,-0.8467035151337567
72,atr,5.0,1.0,,6.0,473,1338,0.17970401691331925,0.7072782520222406,-0.9357771364079555,-0.810887448033459,-0.9152558931096562,10441.05370590787,-0.8955894629409213
72,atr,5.0,1.0,,8.0,605,1206,0.1834710743801653,0.7018207254575287,-0.7922992602956898,-0.8801971536248276,-0.9563312954648207,5540.869418036162,-0.9445913058196383
72,atr,5.0,1.0,,12.0,841,970,0.1938168846611177,0.6623973964020867,-0.5209504119170543,-0.9501553093246718,-0.9877810583310994,1685.7526431314325,-0.9831424735686857
72,atr,5.0,1.0,,,231,1580,0.09956709956709957,0.3932151410174801,-1.2597796205684326,-1.0,-1.141572142708027,-21182.336590375722,-1.2118233659037572
72,atr,5.0,1.0,0.5,1.0,167,1644,0.09580838323353294,0.4826479657405067,-1.7847370333749637,-0.4957147636623851,-0.6478240128138446,38851.65943661507,-0.6114834056338494
72,atr,5.0,1.0,0.5,2.0,294,1517,0.09863945578231292,0.5070928257444979,-1.640610581568635,-0.6574141804997022,-0.7991392874656257,22796.153690044717,-0.7720384630995528
72,atr,5.0,1.0,0.5,3.0,399,1412,0.10275689223057644,0.5080846311815782,-1.4786773157436013,-0.7365863059981976,-0.8628697525958205,15483.650767016119,-0.8451634923298388
72,atr,5.0,1.0,0.5,4.0,500,1311,0.104,0.504175884396926,-1.4006675276342044,-0.8069883176929051,-0.9127064190847203,9856.492981527721,-0.9014350701847228
72,atr,5.0,1.0,0.5,5.0,600,1211,0.105,0.4773786732869011,-1.4024881956366726,-0.8649514626002787,-0.9480330584709358,5795.7876106734775,-0.9420421238932652
72,atr,5.0,1.0,0.5,6.0,684,1127,0.10964912280701754,0.489792030697047,-1.272693568953916,-0.8904679570329044,-0.9616615101161036,4421.073262372931,-0.9557892673762707
72,atr,5.0,1.0,0.5,8.0,841,970,0.11414982164090369,0.4758020779444545,-1.0895553217571008,-0.9323092403530366,-0.9809423105813758,2269.380058670026,-0.9773061994132998
72,atr,5.0,1.0,0.5,12.0,1083,728,0.12557710064635272,0.4794889544404786,-0.7535828958767677,-0.9661571348384445,-0.9930367314167762,908.2277804431816,-0.9909177221955682
72,atr,5.0,1.0,0.5,,1811,0,0.16289342904472667,0.4095485850603135,0.08662376481726625,-0.9955365067419304,-0.9996327010771486,50.03735941291665,-0.9994996264058709
72,atr,5.0,1.0,1.0,1.0,134,1677,0.11940298507462686,0.5446200334173416,-1.5161517321088078,-0.4204304006396907,-0.5689514706352164,47552.78972124281,-0.524472102787572
72,atr,5.0,1.0,1.0,2.0,246,1565,0.12195121951219512,0.5762009263441411,-1.4185480455093082,-0.5924408652847739,-0.7415149769764987,29965.65258646864,-0.7003434741353136
72,atr,5.0,1.0,1.0,3.0,329,1482,0.1276595744680851,0.6129578807985725,-1.2510912203325044,-0.6684852432905841,-0.8084974414657231,23483.832175467756,-0.7651616782453224
72,atr,5.0,1.0,1.0,4.0,417,1394,0.12949640287769784,0.6012685006626276,-1.2280297346527247,-0.7565066436764856,-0.8776700890191199,15001.23612709174,-0.8499876387290826
72,atr,5.0,1.0,1.0,5.0,502,1309,0.13147410358565736,0.5939054293114608,-1.2037206234619444,-0.8165768243727688,-0.9189333908477482,10108.268728733314,-0.8989173127126668
72,atr,5.0,1.0,1.0,6.0,575,1236,0.1356521739130435,0.5948307624747236,-1.1136839534859817,-0.8563410422210737,-0.9431522647994229,7004.029873799837,-0.9299597012620017
72,atr,5.0,1.0,1.0,8.0,729,1082,0.13717421124828533,0.5718975201156491,-0.9802365069797865,-0.9134701387712346,-0.9727762943928381,3454.258592050167,-0.9654574140794984
72,atr,5.0,1.0,1.0,12.0,965,846,0.1544041450777202,0.5732721762100051,-0.580500227459494,-0.9538879968255267,-0.9890872055458724,1505.553639053502,-0.984944463609465
72,atr,5.0,1.0,1.0,,1811,0,0.19712865819988956,0.4419356711076855,0.22925470443937068,-0.9985653196676465,-0.9999293499594233,10.57081506992594,-0.9998942918493008
72,atr,5.0,1.5,,1.0,85,1726,0.17647058823529413,0.7203381096565268,-0.9198427432701219,-0.21366110614902767,-0.2946809728577753,74154.00963022564,-0.2584599036977435
72,atr,5.0,1.5,,2.0,157,1654,0.19745222929936307,0.830765163565951,-0.43827317677984173,-0.23438148853311402,-0.3996812763804303,71333.06669013161,-0.2866693330986838
72,atr,5.0,1.5,,3.0,219,1592,0.2100456621004566,0.8517112273251211,-0.2928883324930674,-0.2710483790348046,-0.4688128406494082,66425.56469618587,-0.3357443530381413
72,atr,5.0,1.5,,4.0,279,1532,0.2114695340501792,0.838436366639397,-0.269124039332612,-0.3551175348700516,-0.5533383709350512,55595.833488717675,-0.4440416651128233
72,atr,5.0,1.5,,5.0,338,1473,0.21005917159763313,0.8239136073399532,-0.2804394009739944,-0.4493857061675731,-0.6398597505977498,44193.75028932785,-0.5580624971067215
72,atr,5.0,1.5,,6.0,399,1412,0.21052631578947367,0.8251444457346286,-0.23313360571583278,-0.5183824750764021,-0.7215471432554723,36384.12010334292,-0.6361587989665709
72,atr,5.0,1.5,,8.0,510,1301,0.2196078431372549,0.8495295002584836,-0.05666240210041289,-0.5848546602325775,-0.8041010054794977,30130.845376776764,-0.6986915462322323
72,atr,5.0,1.5,,12.0,701,1110,0.23109843081312412,0.8364115658481693,0.11441508224232694,-0.7410870378322365,-0.9088950857491175,15177.69667687746,-0.8482230332312254
72,atr,5.0,1.5,,,231,1580,0.09523809523809523,0.23503277649348286,-1.1778830951799897,-1.0,-1.2071770269728803,-22173.08091376778,-1.2217308091376777
72,atr,5.0,1.5,0.5,1.0,128,1683,0.09375,0.5315669185969634,-1.5410286767652333,-0.34330930082372957,-0.45707680062906597,57080.45665200366,-0.42919543347996336
72,atr,5.0,1.5,0.5,2.0,227,1584,0.1145374449339207,0.6719329293871671,-1.0186475026085866,-0.40390926357106305,-0.5282977260249107,51397.08073571205,-0.48602919264287947
72,atr,5.0,1.5,0.5,3.0,317,1494,0.11987381703470032,0.6771519778370851,-0.8370495363320986,-0.4742487778984946,-0.6069329738970379,42661.337964838574,-0.5733866203516143
72,atr,5.0,1.5,0.5,4.0,403,1408,0.12406947890818859,0.6786749605226061,-0.6842779036285094,-0.5324799740835272,-0.6739071239851935,35974.26964298721,-0.6402573035701279
72,atr,5.0,1.5,0.5,5.0,492,1319,0.12398373983739837,0.6524176646510806,-0.6846201163914233,-0.624127971613778,-0.766756511638723,26203.78699534877,-0.7379621300465122
72,atr,5.0,1.5,0.5,6.0,574,1237,0.1254355400696864,0.6401779673875602,-0.6284118358907496,-0.6865355974818512,-0.8245920194492076,20129.882455891282,-0.7987011754410872
72,atr,5.0,1.5,0.5,8.0,721,1090,0.1276005547850208,0.5997691909847103,-0.5308043651526364,-0.7872822197674599,-0.9022175847848364,11341.776879440196,-0.886582231205598
72,atr,5.0,1.5,0.5,12.0,937,874,0.14300960512273211,0.6046045222414739,-0.21652537794224042,-0.8552267515963388,-0.9456157177770341,6485.833107120082,-0.9351416689287992
72,atr,5.0,1.5,0.5,,1811,0,0.1932633903920486,0.38474446870845974,0.6575095120849719,-0.9756244485019635,-0.9981655660849932,487.7636546912843,-0.9951223634530871
72,atr,5.0,1.5,1.0,1.0,103,1708,0.13592233009708737,0.631675175362077,-1.2085594152560575,-0.2750004375337912,-0.3731592806743472,65903.16005769534,-0.3409683994230467
72,atr,5.0,1.5,1.0,2.0,186,1625,0.15591397849462366,0.7549267708964988,-0.6543009877152915,-0.304755345910416,-0.42366875725350384,62011.57769875642,-0.37988422301243585
72,atr,5.0,1.5,1.0,3.0,261,1550,0.16091954022988506,0.7809466174177159,-0.4723500348725425,-0.34983977953386536,-0.4910504353171744,56257.88759561324,-0.43742112404386757
72,atr,5.0,1.5,1.0,4.0,335,1476,0.16417910447761194,0.772311113268643,-0.405075381830726,-0.42964643056008855,-0.5867335896641457,46513.33373095367,-0.5348666626904632
72,atr,5.0,1.5,1.0,5.0,411,1400,0.1630170316301703,0.7428307146009954,-0.4194981178591292,-0.5352553612237148,-0.6984761650363374,34547.57400924558,-0.6545242599075443
72,atr,5.0,1.5,1.0,6.0,475,1336,0.16631578947368422,0.7446530641056784,-0.34985168479911033,-0.5869993124883672,-0.7512242586368144,29104.708871690986,-0.7089529112830901
72,atr,5.0,1.5,1.0,8.0,601,1210,0.17304492512479203,0.7477927172309979,-0.21610967733311343,-0.6800159406607227,-0.8278637080973386,20643.71972268021,-0.7935628027731979
72,atr,5.0,1.5,1.0,12.0,805,1006,0.18757763975155278,0.7541618113808326,0.021892266888357124,-0.7894753657559063,-0.9106003196773491,11238.495457417377,-0.8876150454258263
72,atr,5.0,1.5,1.0,,1811,0,0.23412479293208172,0.3400410667446658,0.7129338452405998,-0.9933981203032749,-0.9994252749757834,73.59645283905077,-0.9992640354716095
72,atr,5.0,2.0,,1.0,71,1740,0.2112676056338028,0.9706091204685178,0.0310151691736659,-0.014953829633806315,-0.18004390217955502,97835.50058564787,-0.02164499414352128
72,atr,5.0,2.0,,2.0,132,1679,0.22727272727272727,0.989194433625264,0.15537433449938545,-0.010498903447921037,-0.30630987339872384,98478.78734777839,-0.015212126522216152
72,atr,5.0,2.0,,3.0,182,1629,0.25274725274725274,1.062969791478729,0.4124387227626916,0.08644156605899189,-0.3536714290026468,112796.33018019827,0.1279633018019828
72,atr,5.0,2.0,,4.0,233,1578,0.2532188841201717,1.0408944241307097,0.42994279857529594,0.07503109903268257,-0.42680905845426065,111079.85456254109,0.11079854562541103
72,atr,5.0,2.0,,5.0,285,1526,0.256140350877193,1.0309915287322684,0.4760482074461597,0.07429686358548704,-0.5176295235318185,110969.68463579392,0.1096968463579393
72,atr,5.0,2.0,,6.0,336,1475,0.25892857142857145,1.015067218317484,0.49399069047270244,0.045193110739288445,-0.5872163904117988,106630.31368599957,0.06630313685999578
72,atr,5.0,2.0,,8.0,439,1372,0.2619589977220957,0.9983617072818736,0.5652013851988582,-0.007043365563346171,-0.7037226689427101,98978.66683129578,-0.010213331687042193
72,atr,5.0,2.0,,12.0,622,1189,0.2684887459807074,0.9652864145998549,0.6539512245506249,-0.22055623722830886,-0.8420029808835368,69635.43366702812,-0.30364566332971876
72,atr,5.0,2.0,,,234,1577,0.10256410256410256,0.1765486793955383,-1.0571090043996274,-1.0,-1.3398341875865465,-33754.80537446601,-1.33754805374466
72,atr,5.0,2.0,0.5,1.0,103,1708,0.11650485436893204,0.7153457787818105,-0.6609163915178743,-0.14650221624824988,-0.22705005228891528,79447.39704920723,-0.20552602950792775
72,atr,5.0,2.0,0.5,2.0,189,1622,0.13756613756613756,0.8229959376819468,-0.2714005712943997,-0.16118484370065977,-0.3177691586027144,77339.62766192094,-0.2266037233807906
72,atr,5.0,2.0,0.5,3.0,270,1541,0.14074074074074075,0.8306300751942782,-0.17027499135860533,-0.2111559634306277,-0.4266027726753917,70503.77269905253,-0.29496227300947475
72,atr,5.0,2.0,0.5,4.0,346,1465,0.14739884393063585,0.8623139519515944,0.0030546667073393713,-0.21442432858770943,-0.5281736979597838,70079.91036628511,-0.29920089633714886
72,atr,5.0,2.0,0.5,5.0,416,1395,0.15384615384615385,0.873066468955049,0.09139203703856268,-0.23622170442700063,-0.5908613754180533,67273.55957470863,-0.3272644042529137
72,atr,5.0,2.0,0.5,6.0,488,1323,0.15778688524590165,0.8646566958185823,0.1178694814405512,-0.28607982560220113,-0.6612901058383432,60990.753593179834,-0.39009246406820164
72,atr,5.0,2.0,0.5,8.0,620,1191,0.16129032258064516,0.8358802155304683,0.14330217582901028,-0.4277482591557624,-0.7518120757137773,44232.81790415224,-0.5576718209584777
72,atr,5.0,2.0,0.5,12.0,848,963,0.16627358490566038,0.7944386721452097,0.25101412161496545,-0.6281289811560841,-0.867487938539981,23651.923288962156,-0.7634807671103785
72,atr,5.0,2.0,0.5,,1811,0,0.2203202650469354,0.6847903275435756,0.9458505655476367,-0.899736891497888,-0.9933487821193165,3524.4950703233208,-0.9647550492967668
72,atr,5.0,2.0,1.0,1.0,81,1730,0.1728395061728395,0.8431769206596252,-0.3102742208184549,-0.08113448424112135,-0.1895362995473795,88435.74457974771,-0.1156425542025229
72,atr,5.0,2.0,1.0,2.0,149,1662,0.19463087248322147,0.9704998255739337,0.10668964067525448,-0.02835209528292615,-0.31351559631994474,95908.74124629832,-0.040912587537016765
72,atr,5.0,2.0,1.0,3.0,212,1599,0.19811320754716982,0.9802856300994723,0.20632771239414616,-0.027270402279097716,-0.4123571303303276,96063.85244742194,-0.03936147552578051
72,atr,5.0,2.0,1.0,4.0,278,1533,0.2014388489208633,0.9859427437738829,0.29281751473854584,-0.02613666392866143,-0.5061426665533453,96226.51055094769,-0.03773489449052314
72,atr,5.0,2.0,1.0,5.0,335,1476,0.208955223880597,0.9952043257241274,0.3853151289658461,-0.011248453618982746,-0.5706087431814235,98370.46121583617,-0.01629538784163831
72,atr,5.0,2.0,1.0,6.0,396,1415,0.20959595959595959,0.9682589917589886,0.3665420576803145,-0.08664539015564954,-0.6323175000118195,87666.45611170378,-0.12333543888296217
72,atr,5.0,2.0,1.0,8.0,510,1301,0.21372549019607842,0.9462945473886778,0.4142338356874593,-0.19130071234604817,-0.7354790918892251,73463.51145667135,-0.2653648854332865
72,atr,5.0,2.0,1.0,12.0,709,1102,0.22284908321579688,0.9218075996234562,0.5304360865650443,-0.39031684489226204,-0.8630431514746546,48740.43800711163,-0.5125956199288837
72,atr,5.0,2.0,1.0,,1811,0,0.27112092766427387,0.49634148968772057,1.0459586314536005,-0.9725035687082365,-0.998503618846725,541.0465991985978,-0.994589534008014
72,atr,5.0,3.0,,1.0,53,1758,0.3018867924528302,1.4913990232297738,0.9573676438568524,0.16090280527416057,-0.10871762472118651,124196.19020800534,0.24196190208005341
72,atr,5.0,3.0,,2.0,98,1713,0.32653061224489793,1.5343215298469068,1.0813672249512287,0.33673843731187936,-0.1823629241503224,152428.94473245955,0.5242894473245956
72,atr,5.0,3.0,,3.0,138,1673,0.34057971014492755,1.5657708482479105,1.179721931245356,0.523380851302863,-0.23859122419061352,184292.4620836234,0.842924620836234
72,atr,5.0,3.0,,4.0,178,1633,0.34831460674157305,1.5251614908629183,1.1610848781031917,0.6558024249729737,-0.29639582463183145,208009.79910854032,1.0800979910854034
72,atr,5.0,3.0,,5.0,223,1588,0.3452914798206278,1.407039102891113,1.084484441589208,0.6877326794048453,-0.3594155279805409,213860.9569091572,1.1386095690915718
72,atr,5.0,3.0,,6.0,268,1543,0.33955223880597013,1.3170434547480465,1.0357418945812673,0.7062057686431693,-0.4089962982700235,217269.11450824796,1.1726911450824797
72,atr,5.0,3.0,,8.0,351,1460,0.33903133903133903,1.2578767974939762,1.0665755761068179,0.8733107560012794,-0.5038351895730439,248847.52161098015,1.4884752161098014
72,atr,5.0,3.0,,12.0,521,1290,0.32821497120921306,1.1021654823563078,0.9608633997285632,0.578112726311242,-0.6962539781444106,193986.67058292232,0.9398667058292232
72,atr,5.0,3.0,,,231,1580,0.10822510822510822,0.12702118181654784,-0.7443680776074523,-1.0,-1.4375406595235827,-43754.06595235827,-1.4375406595235827
72,atr,5.0,3.0,0.5,1.0,72,1739,0.18055555555555555,1.1002481325365159,0.2950144079023906,0.035894635544958975,-0.11007704464096801,105255.32160157671,0.052553216015767124
72,atr,5.0,3.0,0.5,2.0,137,1674,0.19708029197080293,1.1511511617323797,0.481701723903287,0.10665783064552792,-0.19511566574250627,115857.50394901524,0.1585750394901524
72,atr,5.0,3.0,0.5,3.0,200,1611,0.195,1.1387467191049072,0.5151495910057686,0.14227899246167963,-0.3093833091198188,121312.96797003258,0.2131296797003257
72,atr,5.0,3.0,0.5,4.0,264,1547,0.19696969696969696,1.1420211085679224,0.5855900725661131,0.19731919031985123,-0.379119293381437,129894.46094456062,0.2989446094456061
72,atr,5.0,3.0,0.5,5.0,318,1493,0.19811320754716982,1.0975733120546594,0.5394799642051665,0.1644668080627707,-0.4393981060401667,124750.34653792679,0.24750346537926782
72,atr,5.0,3.0,0.5,6.0,379,1432,0.20052770448548812,1.0677202740882055,0.5373862891525337,0.14362332421190582,-0.4911382470621498,121520.38175074951,0.21520381750749507
72,atr,5.0,3.0,0.5,8.0,486,1325,0.20164609053497942,1.008036821927046,0.48474654556022495,0.02144692811990545,-0.5959916790239516,103129.96303355416,0.031299630335541506
72,atr,5.0,3.0,0.5,12.0,677,1134,0.21418020679468242,0.970290296966953,0.5582014219247495,-0.11863348973125298,-0.761528965155563,83242.74819896961,-0.16757251801030393
72,atr,5.0,3.0,0.5,,1811,0,0.2523467697404749,0.8901637268022969,1.0788154434776618,-0.7737489220099023,-0.9888877826019877,11551.004788668422,-0.8844899521133158
72,atr,5.0,3.0,1.0,1.0,61,1750,0.2459016393442623,1.2762364640139245,0.6575689490670593,0.1038917112052462,-0.11632843596070352,115437.14861600043,0.1543714861600043
72,atr,5.0,3.0,1.0,2.0,116,1695,0.25,1.2419636107972924,0.6796251212560586,0.17814262372165524,-0.20698984596556014,126883.87343697288,0.2688387343697287
72,atr,5.0,3.0,1.0,3.0,161,1650,0.2732919254658385,1.3067384322734992,0.8821025220313906,0.34244817459031407,-0.2811091866824582,153375.4798713597,0.5337547987135971
72,atr,5.0,3.0,1.0,4.0,208,1603,0.28365384615384615,1.3316783803040477,0.9706573244813453,0.49717578225785486,-0.3129429060759873,179706.11969192658,0.7970611969192658
72,atr,5.0,3.0,1.0,5.0,259,1552,0.277992277992278,1.2635402748768976,0.9116737716261896,0.5071018027970449,-0.38819164435487497,181439.10860569117,0.8143910860569117
72,atr,5.0,3.0,1.0,6.0,309,1502,0.2783171521035599,1.2065663250930416,0.8862573492683957,0.5205697417396404,-0.4758591343554809,183798.74741882243,0.8379874741882243
72,atr,5.0,3.0,1.0,8.0,398,1413,0.2814070351758794,1.153315127639346,0.8776731505251678,0.538589411629371,-0.5746723383177583,186970.6777857481,0.869706777857481
72,atr,5.0,3.0,1.0,12.0,569,1242,0.28471001757469244,1.0556492952102174,0.8437447049751329,0.3268427357285093,-0.7509472308145564,150792.8089730389,0.5079280897303888
72,atr,5.0,3.0,1.0,,234,1577,0.09401709401709402,0.16773933407776917,-0.18127418374408627,-1.0,-1.022945979096947,-2294.5979096947026,-1.022945979096947
96,h4_level,,0.5,,1.0,172,1639,0.16279069767441862,0.4401191888582632,-2.01765365002856,-0.6418981371789703,-0.7766806605682344,23626.975345286388,-0.7637302465471361
96,h4_level,,0.5,,2.0,280,1531,0.17857142857142858,0.5148368588321097,-1.5696662346183055,-0.7530880732000566,-0.869857737272455,14172.869642635025,-0.8582713035736498
96,h4_level,,0.5,,3.0,374,1437,0.1925133689839572,0.5343083406513611,-1.3479728741783157,-0.8244609784442477,-0.9207094558413956,8940.41995561151,-0.9105958004438849
96,h4_level,,0.5,,4.0,468,1343,0.19658119658119658,0.5259452634274435,-1.23494439360497,-0.8858676411865577,-0.9575695959364359,4873.361065834704,-0.951266389341653
96,h4_level,,0.5,,5.0,560,1251,0.19464285714285715,0.5425292775648571,-1.0235746389966502,-0.9192873400884152,-0.9743467986850438,2942.715959931984,-0.9705728404006801
96,h4_level,,0.5,,6.0,639,1172,0.19718309859154928,0.5269056073497712,-0.9433208878781554,-0.9441765431510328,-0.9849831388165912,1719.5533728336661,-0.9828044662716633
96,h4_level,,0.5,,8.0,810,1001,0.19382716049382717,0.4897390786277009,-0.6699524856822632,-0.975091965937521,-0.9953489324519643,542.9735470073647,-0.9945702645299264
96,h4_level,,0.5,,12.0,1051,760,0.20076117982873454,0.41019980287196245,-0.41706422394188863,-0.9935767167354956,-0.999350309053858,81.00728024811254,-0.9991899271975189
96,h4_level,,0.5,,,231,1580,0.08225108225108226,0.27510904116884854,-1.3099886223146586,-1.0,-1.082009947495777,-10936.703655911477,-1.1093670365591148
96,h4_level,,0.5,0.5,1.0,240,1571,0.11666666666666667,0.3627665901426074,-2.122033215775625,-0.7491866849525963,-0.8668605011562114,14086.033321924335,-0.8591396667807567
96,h4_level,,0.5,0.5,2.0,380,1431,0.12631578947368421,0.4087495751093758,-1.8085413113678375,-0.8409271111881859,-0.931278573707316,7360.3085788332355,-0.9263969142116677
96,h4_level,,0.5,0.5,3.0,509,1302,0.13359528487229863,0.4080394801377264,-1.6231235655794436,-0.8968412053173651,-0.9633635011746247,3965.9343894448148,-0.9603406561055519
96,h4_level,,0.5,0.5,4.0,632,1179,0.13765822784810128,0.40827021197696517,-1.3879950245300563,-0.9308729550609127,-0.9795164357793565,2260.3844070195214,-0.9773961559298048
96,h4_level,,0.5,0.5,5.0,736,1075,0.13994565217391305,0.4178124270506528,-1.2221753012512222,-0.9516762469505787,-0.9878219239126443,1346.9898034831754,-0.9865301019651682
96,h4_level,,0.5,0.5,6.0,847,964,0.13931523022432113,0.37690311414679517,-1.186581480200669,-0.971043383943475,-0.9942117071113631,641.660455287329,-0.9935833954471267
96,h4_level,,0.5,0.5,8.0,1015,796,0.14187192118226602,0.3675773592529724,-0.9552925952050714,-0.9857357264884831,-0.9979301158340438,233.12782327411685,-0.9976687217672588
96,h4_level,,0.5,0.5,12.0,1250,561,0.1536,0.3365788812619605,-0.6686209199629386,-0.9944358188393876,-0.9994725972144227,63.34318274116877,-0.9993665681725883
96,h4_level,,0.5,0.5,,1811,0,0.17725013804527884,0.2657041854763863,-0.09098509705628953,-0.9996905113320015,-0.9999920611432629,0.9923507335498645,-0.9999900764926645
96,h4_level,,0.5,1.0,1.0,213,1598,0.13145539906103287,0.40549015477847583,-2.0002464416867967,-0.7004043380044118,-0.8276509700417911,18234.364708260477,-0.8176563529173952
96,h4_level,,0.5,1.0,2.0,346,1465,0.13872832369942195,0.44531538602560744,-1.6517182490297089,-0.8071885428764176,-0.9091302714023002,9732.470337640541,-0.9026752966235946
96,h4_level,,0.5,1.0,3.0,456,1355,0.14912280701754385,0.45238378165012355,-1.4630565060600822,-0.86715870393693,-0.9471038112931127,5726.060638684891,-0.9427393936131511
96,h4_level,,0.5,1.0,4.0,573,1238,0.1518324607329843,0.43090243297667863,-1.3405194193516172,-0.919057469309939,-0.9742406184322087,2842.576799774967,-0.9715742320022503
96,h4_level,,0.5,1.0,5.0,664,1147,0.15512048192771086,0.4419823290363099,-1.124284858040038,-0.9392566114084312,-0.9830232003272681,1877.76590414717,-0.9812223409585283
96,h4_level,,0.5,1.0,6.0,750,1061,0.15733333333333333,0.42316017154644875,-1.0963061623449486,-0.9603949640220694,-0.9908782515721458,1011.1902355051179,-0.9898880976449488
96,h4_level,,0.5,1.0,8.0,921,890,0.15743756786102062,0.398423201268381,-0.8630916662280879,-0.9819288740698727,-0.9970815167504443,328.70421370492636,-0.9967129578629508
96,h4_level,,0.5,1.0,12.0,1157,654,0.16853932584269662,0.3599416417555997,-0.5479967385609544,-0.9936950837648145,-0.9993676247863102,75.95079096499987,-0.99924049209035
96,h4_level,,0.5,1.0,,1811,0,0.19768083931529543,0.259900846614092,0.06531510802436312,-0.9999324551771913,-0.9999991297227385,0.10878396063393389,-0.9999989121603937
96,h4_level,,1.0,,1.0,135,1676,0.21481481481481482,0.49718852923337675,-1.7819155502353776,-0.44240671380258123,-0.5739291927529365,44361.05200640466,-0.5563894799359534
96,h4_level,,1.0,,2.0,222,1589,0.23873873873873874,0.5781771511631155,-1.374870843778631,-0.5489031764760235,-0.6868204789852821,33339.30377264092,-0.6666069622735908
96,h4_level,,1.0,,3.0,299,1512,0.2508361204013378,0.5918348878875593,-1.2178189650144493,-0.638275625599825,-0.7727407082346409,24798.148045322963,-0.7520185195467703
96,h4_level,,1.0,,4.0,375,1436,0.25333333333333335,0.602316898249313,-1.1139353486903447,-0.7158918380832948,-0.8399795421725771,17716.944751440366,-0.8228305524855963
96,h4_level,,1.0,,5.0,454,1357,0.24669603524229075,0.5845282744550028,-1.111611421578679,-0.7948701408990124,-0.9002921825672529,11047.572179024704,-0.889524278209753
96,h4_level,,1.0,,6.0,528,1283,0.24431818181818182,0.5779889296487994,-1.0089102440403033,-0.8449200710274631,-0.933579258490805,7368.1552969536915,-0.9263184470304631
96,h4_level,,1.0,,8.0,662,1149,0.24169184290030213,0.5565343635519847,-0.8492048118965527,-0.907497551304326,-0.9686392817658078,3534.631126744235,-0.9646536887325576
96,h4_level,,1.0,,12.0,888,923,0.24774774774774774,0.5006884262005602,-0.5284489064085174,-0.9605954877300728,-0.9909192220448743,1074.2725309474558,-0.9892572746905255
96,h4_level,,1.0,,,231,1580,0.08225108225108226,0.20189313785009438,-1.2683712547076071,-1.0,-1.1539987454068739,-19155.197252537306,-1.1915519725253731
96,h4_level,,1.0,0.5,1.0,178,1633,0.15730337078651685,0.4523611104512806,-1.8083896511529363,-0.5043959432307665,-0.6409581899075039,37382.2194317836,-0.6261778056821641
96,h4_level,,1.0,0.5,2.0,298,1513,0.1610738255033557,0.48632088518997135,-1.568984525529106,-0.6416794308315581,-0.7758399979083619,23592.583641511355,-0.7640741635848864
96,h4_level,,1.0,0.5,3.0,406,1405,0.16748768472906403,0.4959495394186768,-1.326782571531421,-0.7163472261891133,-0.8403519308745453,16964.71574182312,-0.8303528425817688
96,h4_level,,1.0,0.5,4.0,508,1303,0.17125984251968504,0.5075213091152158,-1.1690559491586878,-0.7802077637323291,-0.8897758839219472,11888.955334718159,-0.8811104466528185
96,h4_level,,1.0,0.5,5.0,609,1202,0.16912972085385877,0.4812797702906504,-1.188476429299692,-0.8461447937902689,-0.9343397403506877,7098.580196612289,-0.9290141980338771
96,h4_level,,1.0,0.5,6.0,688,1123,0.17296511627906977,0.48247747350469006,-1.07059124910922,-0.8749150821076206,-0.9513902911230585,5269.656241552993,-0.9473034375844701
96,h4_level,,1.0,0.5,8.0,849,962,0.17196702002355713,0.44859560849617663,-0.932634523962802,-0.9244564648186508,-0.9766309805259437,2564.881143768507,-0.974351188562315
96,h4_level,,1.0,0.5,12.0,1091,720,0.17873510540788268,0.39649750328146277,-0.7474420863969967,-0.9661058866409075,-0.9927036466790093,838.9871123479629,-0.9916101288765203
96,h4_level,,1.0,0.5,,1811,0,0.21645499723909442,0.2333207918637536,0.055377400452294355,-0.9969589800116829,-0.9997800568225406,26.051101780013358,-0.9997394889821999
96,h4_level,,1.0,1.0,1.0,151,1660,0.18543046357615894,0.47122045937403373,-1.7756753182068241,-0.46645901241194565,-0.6003599079112891,41609.17530008469,-0.5839082469991531
96,h4_level,,1.0,1.0,2.0,255,1556,0.2,0.5417480586914408,-1.401999764774059,-0.5839955996333603,-0.7215735830045495,29639.686734507406,-0.7036031326549259
96,h4_level,,1.0,1.0,3.0,344,1467,0.20348837209302326,0.5412465903606815,-1.298020086413235,-0.6743898063896927,-0.8049359647709551,21285.056317619295,-0.787149436823807
96,h4_level,,1.0,1.0,4.0,437,1374,0.2036613272311213,0.530304003283512,-1.2485174084291883,-0.7630505461224271,-0.8770616937842433,13611.329505188789,-0.8638867049481121
96,h4_level,,1.0,1.0,5.0,527,1284,0.19924098671726756,0.503233731017866,-1.214556488108218,-0.8268355654011096,-0.9220390220927918,8638.03413567012,-0.9136196586432987
96,h4_level,,1.0,1.0,6.0,606,1205,0.19966996699669967,0.4955437941100566,-1.114233099617558,-0.8683374383312107,-0.9476340272559495,5809.038121033242,-0.9419096187896676
96,h4_level,,1.0,1.0,8.0,756,1055,0.19576719576719576,0.46963328118647296,-0.9266214695044223,-0.9194786956273491,-0.9743615925216248,2889.675945444804,-0.971103240545552
96,h4_level,,1.0,1.0,12.0,985,826,0.2050761421319797,0.4319751660465404,-0.5867588215305478,-0.9605973547521558,-0.9909198469332485,1074.1986055174184,-0.9892580139448258
96,h4_level,,1.0,1.0,,1811,0,0.2473771397018222,0.24233585229467902,0.17381672192482606,-0.9992098258142951,-0.9999689374505067,3.8637279877763553,-0.9999613627201223
96,h4_level,,1.5,,1.0,106,1705,0.2830188679245283,0.5727712365615847,-1.5133042365994958,-0.28659964373550995,-0.3897951303151005,62971.8873902499,-0.37028112609750097
96,h4_level,,1.5,,2.0,185,1626,0.2918918918918919,0.6360201975933364,-1.1788765541904787,-0.3906809497471532,-0.514706827538558,50991.52452195398,-0.4900847547804602
96,h4_level,,1.5,,3.0,257,1554,0.29571984435797666,0.6217987023978555,-1.1603751688795796,-0.5061357582380799,-0.6423213256457392,38310.90133866192,-0.6168909866133808
96,h4_level,,1.5,,4.0,328,1483,0.2926829268292683,0.6111593698955259,-1.1344324841345863,-0.6047538298105843,-0.7411847621066997,28055.744474310985,-0.7194425552568902
96,h4_level,,1.5,,5.0,398,1413,0.2864321608040201,0.6029483303470086,-1.0944214094226736,-0.6833388951601727,-0.8124293659192786,20547.64680780825,-0.7945235319219175
96,h4_level,,1.5,,6.0,464,1347,0.28448275862068967,0.6006352280373459,-1.0414638431434091,-0.7443986977245365,-0.8625807940062753,15258.92059652949,-0.8474107940347051
96,h4_level,,1.5,,8.0,585,1226,0.27863247863247864,0.5807949384758072,-0.9620852509441989,-0.8339797783316417,-0.9265708951534495,8248.800913002846,-0.9175119908699716
96,h4_level,,1.5,,12.0,793,1018,0.28247162673392184,0.5314007362864035,-0.7640268266923946,-0.9253755892297514,-0.9770128426478579,2696.2181014242055,-0.9730378189857579
96,h4_level,,1.5,,,231,1580,0.09090909090909091,0.1809701741882873,-1.2168169387236152,-1.0,-1.1596873165495345,-19828.664681050286,-1.198286646810503
96,h4_level,,1.5,0.5,1.0,142,1669,0.19718309859154928,0.4904361409605671,-1.7057248830066645,-0.35878895974226155,-0.4773830695428575,53932.992226003655,-0.4606700777399635
96,h4_level,,1.5,0.5,2.0,240,1571,0.20833333333333334,0.5520072188746132,-1.362942134610258,-0.4602868697329635,-0.5930976686469615,42364.61903625074,-0.5763538096374926
96,h4_level,,1.5,0.5,3.0,331,1480,0.21148036253776434,0.5415977584573048,-1.2958973172876618,-0.5623292410362076,-0.6998757624635987,31512.96271165728,-0.6848703728834271
96,h4_level,,1.5,0.5,4.0,415,1396,0.21445783132530122,0.5461694187641323,-1.1737233200420119,-0.6304162539526024,-0.7652281862146687,24954.028756002088,-0.7504597124399791
96,h4_level,,1.5,0.5,5.0,507,1304,0.20907297830374755,0.5252158921702382,-1.195883167509768,-0.7133242228474292,-0.8376633496640512,17440.81332284587,-0.8255918667715413
96,h4_level,,1.5,0.5,6.0,591,1220,0.20812182741116753,0.5175094810453814,-1.119420367179991,-0.7661282257247495,-0.8792166835621231,13156.819366674508,-0.8684318063332549
96,h4_level,,1.5,0.5,8.0,744,1067,0.20161290322580644,0.48000002933292457,-1.0517914041366594,-0.8547488664181365,-0.9395258288854468,6677.903386784979,-0.9332209661321502
96,h4_level,,1.5,0.5,12.0,971,840,0.21009268795056643,0.44709593631011296,-0.8232135335131148,-0.9239030426352572,-0.9763511121556587,2714.9392593391995,-0.972850607406608
96,h4_level,,1.5,0.5,,1811,0,0.25124240750966315,0.23093682445413916,0.055563554234621906,-0.9938076031630733,-0.9993813723732089,73.96057907785976,-0.9992603942092214
96,h4_level,,1.5,1.0,1.0,120,1691,0.24166666666666667,0.520146591882446,-1.6945558760359831,-0.32912634932726625,-0.4419053438203504,57594.2205446396,-0.42405779455360404
96,h4_level,,1.5,1.0,2.0,207,1604,0.25120772946859904,0.5941402198834767,-1.2914401158666329,-0.42394107218222077,-0.5527006531889647,46999.374616961264,-0.5300062538303874
96,h4_level,,1.5,1.0,3.0,289,1522,0.2491349480968858,0.6033229003325759,-1.1417487496251963,-0.5138958624790054,-0.6504549254944454,37439.71285672487,-0.6256028714327513
96,h4_level,,1.5,1.0,4.0,365,1446,0.2493150684931507,0.5839231275167889,-1.1441123480876862,-0.6150744552102364,-0.750941927004665,26998.06128919695,-0.7300193871080305
96,h4_level,,1.5,1.0,5.0,445,1366,0.24269662921348314,0.5501832349257703,-1.1680475355649562,-0.7068880338129521,-0.8323431752893571,18366.165023413854,-0.8163383497658614
96,h4_level,,1.5,1.0,6.0,514,1297,0.24319066147859922,0.5425748747867135,-1.1154550237129617,-0.7622676738577673,-0.8763101672233382,13734.421788343623,-0.8626557821165638
96,h4_level,,1.5,1.0,8.0,644,1167,0.2375776397515528,0.5191982299827851,-1.036820338390791,-0.8460477369499164,-0.9341938359473148,7392.463073782169,-0.9260753692621784
96,h4_level,,1.5,1.0,12.0,861,950,0.24390243902439024,0.4884740041563075,-0.7971727100986243,-0.9227721514309538,-0.9758389608424126,2833.905477217944,-0.9716609452278205
96,h4_level,,1.5,1.0,,1811,0,0.2860298177802319,0.22453388304392707,0.09274675345012412,-0.998760805477946,-0.9999402108037114,7.424133302330761,-0.9999257586669766
96,h4_level,,2.0,,1.0,89,1722,0.34831460674157305,0.6742802213725947,-1.0949094308406129,-0.1683994913067769,-0.23704192502513366,78291.91345991247,-0.21708086540087534
96,h4_level,,2.0,,2.0,160,1651,0.3375,0.6686945699090419,-1.0790028033620878,-0.2930115173816784,-0.39729565806543643,62791.35438109062,-0.37208645618909375
96,h4_level,,2.0,,3.0,224,1587,0.3392857142857143,0.6745590212732304,-0.9980208305235331,-0.3848435952628986,-0.5075732884481402,52113.78131975669,-0.4788621868024331
96,h4_level,,2.0,,4.0,286,1525,0.3356643356643357,0.6588790105161054,-1.0115217394248004,-0.4826579168102112,-0.617077125509751,40939.515917775425,-0.5906048408222457
96,h4_level,,2.0,,5.0,347,1464,0.3314121037463977,0.6454261684278764,-1.0166611793882245,-0.5697942379805874,-0.7070636306844549,31595.789837059245,-0.6840421016294076
96,h4_level,,2.0,,6.0,406,1405,0.3251231527093596,0.6350628466497392,-1.0331441308910774,-0.6439877301897761,-0.7774788831567081,24267.18763531725,-0.7573281236468276
96,h4_level,,2.0,,8.0,517,1294,0.3152804642166344,0.6269989170343516,-0.9423666091782265,-0.7489463702061854,-0.8660177472698926,14939.3301830879,-0.8506066981691209
96,h4_level,,2.0,,12.0,719,1092,0.31154381084840055,0.5670378889954306,-0.8607420389407651,-0.8839504810338316,-0.9563161627008541,5100.0211771768945,-0.9489997882282311
96,h4_level,,2.0,,,234,1577,0.09829059829059829,0.15838045670674072,-1.114655939968164,-1.0,-1.235553559686314,-29286.32472358577,-1.2928632472358577
96,h4_level,,2.0,0.5,1.0,118,1693,0.2457627118644068,0.5472715010950726,-1.4939057515531031,-0.2373711176750316,-0.32719536422451856,69040.70360785844,-0.30959296392141566
96,h4_level,,2.0,0.5,2.0,211,1600,0.23696682464454977,0.5721517819216738,-1.308073784635138,-0.3601353727918095,-0.47858799732534496,54132.42502923148,-0.4586757497076852
96,h4_level,,2.0,0.5,3.0,291,1520,0.24054982817869416,0.5771472830772052,-1.2486463197728417,-0.46448161147332023,-0.5973830464188004,42420.208457067085,-0.5757979154293291
96,h4_level,,2.0,0.5,4.0,366,1445,0.24316939890710382,0.5732032913552841,-1.188381370177717,-0.5435275822140736,-0.6807321873157055,33984.10810328465,-0.6601589189671535
96,h4_level,,2.0,0.5,5.0,442,1369,0.2420814479638009,0.5668984768068709,-1.148453789677166,-0.6133095195203973,-0.7490948647391438,26944.591722611156,-0.7305540827738884
96,h4_level,,2.0,0.5,6.0,517,1294,0.2379110251450677,0.5496321340159509,-1.144290768642078,-0.6799066874999444,-0.8093274699983664,20704.431485856625,-0.7929556851414338
96,h4_level,,2.0,0.5,8.0,654,1157,0.2324159021406728,0.5314615286380866,-1.0796731942688458,-0.784062253038939,-0.8923518776111924,11925.771245953527,-0.8807422875404647
96,h4_level,,2.0,0.5,12.0,887,924,0.23111612175873733,0.4735875215504261,-0.9521686114550559,-0.8926999061066985,-0.9610168414926628,4479.106837186687,-0.9552089316281331
96,h4_level,,2.0,0.5,,1811,0,0.27553837658752073,0.25228408916643835,0.012126533473900879,-0.9900377298693448,-0.9987649950108112,148.86830506512365,-0.9985113169493488
96,h4_level,,2.0,1.0,1.0,97,1714,0.30927835051546393,0.5990676434955623,-1.363858205900339,-0.20541344763972014,-0.28586228858540574,73282.1497463976,-0.26717850253602404
96,h4_level,,2.0,1.0,2.0,171,1640,0.30409356725146197,0.640100245496376,-1.1597432225585125,-0.30989755357004456,-0.41808962031760866,60624.983638560014,-0.39375016361439985
96,h4_level,,2.0,1.0,3.0,240,1571,0.3,0.6526549270518961,-1.0532434995024602,-0.3966539300371551,-0.5212443437025842,50666.966256261934,-0.49333033743738064
96,h4_level,,2.0,1.0,4.0,309,1502,0.29449838187702265,0.6305019343689707,-1.0830146985453304,-0.4971508259304306,-0.6325579689512701,39284.40916203941,-0.6071559083796059
96,h4_level,,2.0,1.0,5.0,375,1436,0.2906666666666667,0.6080336576554609,-1.1156591522724504,-0.5867031702087904,-0.7236360976273943,29808.302049748374,-0.7019169795025162
96,h4_level,,2.0,1.0,6.0,439,1372,0.2847380410022779,0.5956318972588841,-1.1277089379745693,-0.6575526966974545,-0.7896861860969357,22935.91213583159,-0.7706408786416841
96,h4_level,,2.0,1.0,8.0,559,1252,0.27549194991055453,0.5766132437441274,-1.0504216034956189,-0.764696134028839,-0.878050228668529,13597.68075659114,-0.8640231924340886
96,h4_level,,2.0,1.0,12.0,776,1035,0.2757731958762887,0.5287418582167105,-0.9089316260061059,-0.8845023204962068,-0.9566175347404073,5064.836452597752,-0.9493516354740225
96,h4_level,,2.0,1.0,,1811,0,0.3219215902816124,0.22628148810391396,0.1120364487963035,-0.9978040885875653,-0.9998626505371693,17.076629936850114,-0.9998292337006315
96,h4_level,,3.0,,1.0,75,1736,0.41333333333333333,0.7234846420331941,-0.9452177441455081,-0.10358665347902651,-0.14848050781347388,86786.52311759978,-0.1321347688240022
96,h4_level,,3.0,,2.0,130,1681,0.4153846153846154,0.7400741835763484,-0.8422100685485321,-0.16962087205413157,-0.2380451630109408,78555.77349062753,-0.21444226509372466
96,h4_level,,3.0,,3.0,181,1630,0.4198895027624309,0.7348143550737013,-0.8162780730384184,-0.23581036788581722,-0.3246418016374122,70433.46948733363,-0.2956653051266638
96,h4_level,,3.0,,4.0,232,1579,0.41379310344827586,0.712520330612273,-0.8564851642027034,-0.3150505118793179,-0.42391811935324364,60551.56840425124,-0.3944843159574877
96,h4_level,,3.0,,5.0,286,1525,0.4020979020979021,0.6711059556781388,-0.9792216608835355,-0.41779588035547677,-0.5450429314819355,48139.197596771584,-0.5186080240322841
96,h4_level,,3.0,,6.0,340,1471,0.38823529411764707,0.6490247307385022,-1.0438950953872437,-0.5065674609091967,-0.6422163480047162,38163.76498354458,-0.6183623501645542
96,h4_level,,3.0,,8.0,438,1373,0.3721461187214612,0.6150187710608032,-1.0907006569427744,-0.6468047159239414,-0.7798513338859652,23859.573317223643,-0.7614042668277636
96,h4_level,,3.0,,12.0,615,1196,0.36260162601626017,0.5661154890556847,-1.1096250099521985,-0.8110443920068938,-0.9112497979358255,9960.523683518788,-0.9003947631648122
96,h4_level,,3.0,,,231,1580,0.09956709956709957,0.11070524728505995,-0.7267517664367933,-1.0,-1.358222704812583,-42161.82247004442,-1.421618224700444
96,h4_level,,3.0,0.5,1.0,88,1723,0.3409090909090909,0.6555848308283304,-1.14393537733539,-0.12391322844963193,-0.1763794967849488,83943.0694168357,-0.16056930583164297
96,h4_level,,3.0,0.5,2.0,158,1653,0.3227848101265823,0.6709048926357255,-1.0428719495421102,-0.20556255677339785,-0.2854720310258537,73666.17358222396,-0.2633382641777604
96,h4_level,,3.0,0.5,3.0,223,1588,0.3183856502242152,0.6448940207108039,-1.0981851525791078,-0.2951831985916573,-0.39949109679349804,62627.396266772455,-0.3737260373322755
96,h4_level,,3.0,0.5,4.0,286,1525,0.3146853146853147,0.6345329426455387,-1.0832270691046066,-0.3708148639308033,-0.4907626215613988,53525.58896646518,-0.46474411033534824
96,h4_level,,3.0,0.5,5.0,348,1463,0.3103448275862069,0.5974058916605345,-1.1831408364610805,-0.4662307583597761,-0.5989633215838026,42433.85858079857,-0.5756614141920142
96,h4_level,,3.0,0.5,6.0,411,1400,0.30170316301703165,0.5865659486379088,-1.2005988444747508,-0.5441367345095316,-0.6810897475926071,34017.24996613053,-0.6598275003386948
96,h4_level,,3.0,0.5,8.0,521,1290,0.29366602687140114,0.5640787371565424,-1.1857946888975541,-0.6583123705045395,-0.7901917176190283,22738.88906252344,-0.7726111093747656
96,h4_level,,3.0,0.5,12.0,719,1092,0.29207232267037553,0.5297400398076249,-1.1349111983356677,-0.8015052052209537,-0.9046688535749641,10699.109631964076,-0.8930089036803592
96,h4_level,,3.0,0.5,,1811,0,0.32302595251242405,0.27603922165783357,-0.07691518333912353,-0.9874320345584542,-0.998267874831343,203.86634592303665,-0.9979613365407697
96,h4_level,,3.0,1.0,1.0,79,1732,0.3924050632911392,0.6979545806285289,-1.05185200072906,-0.11461744311486044,-0.1636566084805252,85239.7810600644,-0.147602189399356
96,h4_level,,3.0,1.0,2.0,138,1673,0.38405797101449274,0.7191071415031401,-0.9181187317279194,-0.1840700520540246,-0.25722559407302636,76578.31560884575,-0.23421684391154252
96,h4_level,,3.0,1.0,3.0,191,1620,0.387434554973822,0.7132772096665432,-0.8946953751832217,-0.25491855402683694,-0.3490288034261303,67890.13596367507,-0.3210986403632493
96,h4_level,,3.0,1.0,4.0,244,1567,0.38524590163934425,0.6932446549613033,-0.9177264350345234,-0.3328862455613947,-0.44557616832309055,58275.105842665405,-0.4172489415733459
96,h4_level,,3.0,1.0,5.0,301,1510,0.37209302325581395,0.6453157672647205,-1.0643922825240208,-0.4406903601158523,-0.570794154844629,45414.44988848075,-0.5458555011151925
96,h4_level,,3.0,1.0,6.0,355,1456,0.36056338028169016,0.6269688310977903,-1.1176176423714097,-0.5242079607219432,-0.6606424950904203,36198.300259235984,-0.6380169974076402
96,h4_level,,3.0,1.0,8.0,455,1356,0.34725274725274724,0.6011374165386827,-1.1163763420537105,-0.6487858618622018,-0.7816425428267861,23665.44322411715,-0.7633455677588286
96,h4_level,,3.0,1.0,12.0,634,1177,0.3438485804416404,0.5713596120635613,-1.0816514913766395,-0.7980310262721587,-0.9022359273894811,10972.159363988727,-0.8902784063601127
96,h4_level,,3.0,1.0,,234,1577,0.09829059829059829,0.14777106540361037,-0.29679479982507756,-1.0,-1.017536010813564,-2063.9400150280385,-1.0206394001502803
96,atr,2.0,0.5,,1.0,229,1582,0.24890829694323144,0.4622284380869563,-2.531793282226684,-0.7003867262309837,-0.8313337326325726,18585.89964639303,-0.8141410035360697
96,atr,2.0,0.5,,2.0,391,1420,0.27877237851662406,0.5422226601208987,-2.2488072149501934,-0.8159763457158775,-0.916897625949459,9577.47349063406,-0.9042252650936594
96,atr,2.0,0.5,,3.0,527,1284,0.2922201138519924,0.584960909040639,-2.123410111683546,-0.8775766712177103,-0.9540243102590227,5510.294639586507,-0.9448970536041349
96,atr,2.0,0.5,,4.0,644,1167,0.2981366459627329,0.6057376806878407,-2.040036155091068,-0.9199151354684915,-0.9751781303957758,3029.2657378281647,-0.9697073426217183
96,atr,2.0,0.5,,5.0,775,1036,0.29935483870967744,0.6195468802633372,-2.057374502352255,-0.9512372348659195,-0.987924603220945,1466.260870129696,-0.985337391298703
96,atr,2.0,0.5,,6.0,901,910,0.29633740288568255,0.6085222511753033,-2.1197793971479775,-0.9725749444446993,-0.9947652958681585,633.7866941322018,-0.993662133058678
96,atr,2.0,0.5,,8.0,1131,680,0.2891246684350133,0.5931119507614938,-2.25758195252173,-0.9922802852854566,-0.9991695963841017,102.35377337316133,-0.9989764622662684
96,atr,2.0,0.5,,12.0,1414,397,0.29066478076379065,0.626997991240573,-2.270223500822416,-0.9981287530156195,-0.9998939789436736,14.071853736693503,-0.999859281462633
96,atr,2.0,0.5,,,1811,0,0.3014908890115958,0.6506844509477977,-2.081897117428589,-0.9998112296676214,-0.9999962109177063,0.5120744582421686,-0.9999948792554175
96,atr,2.0,0.5,0.5,1.0,321,1490,0.1838006230529595,0.40579439774767195,-2.938979461334946,-0.8196646892474239,-0.9193057067388987,8891.237937781336,-0.9110876206221866
96,atr,2.0,0.5,0.5,2.0,521,1290,0.2053742802303263,0.4449110938596757,-2.782105305734682,-0.9008188958548681,-0.966136687008508,3767.0424667535062,-0.962329575332465
96,atr,2.0,0.5,0.5,3.0,685,1126,0.2116788321167883,0.46394464690001624,-2.666422253061989,-0.9400681127649609,-0.9837073910812913,1831.6721636781588,-0.9816832783632184
96,atr,2.0,0.5,0.5,4.0,844,967,0.21800947867298578,0.47945586004643587,-2.5979231492112365,-0.9653424272727466,-0.9926459331228261,842.8594668647751,-0.9915714053313522
96,atr,2.0,0.5,0.5,5.0,986,825,0.2231237322515213,0.4911278560937634,-2.5714305532714787,-0.9793071369298322,-0.996522822713739,399.3413740783307,-0.9960065862592167
96,atr,2.0,0.5,0.5,6.0,1115,696,0.22242152466367712,0.49756220830767334,-2.5839267650384445,-0.9883390636012753,-0.9984883286182435,173.94215469610182,-0.998260578453039
96,atr,2.0,0.5,0.5,8.0,1320,491,0.22424242424242424,0.5294552211979571,-2.5211207861502496,-0.9948506048008348,-0.9995387936656878,53.94870813728819,-0.9994605129186271
96,atr,2.0,0.5,0.5,12.0,1559,252,0.22963438101347017,0.5753264827879981,-2.4435756311045314,-0.9980513050701081,-0.999887546613768,14.223201181985816,-0.9998577679881802
96,atr,2.0,0.5,0.5,,1811,0,0.2413031474323578,0.5804923415435879,-2.2068476677697135,-0.9990246137378712,-0.999958843879392,5.308984706252302,-0.9999469101529375
96,atr,2.0,0.5,1.0,1.0,291,1520,0.20618556701030927,0.4393466676559168,-2.933347622108366,-0.7812379468751587,-0.8931720659723253,11770.752818520927,-0.8822924718147908
96,atr,2.0,0.5,1.0,2.0,460,1351,0.2326086956521739,0.48404424871714957,-2.5665748735539555,-0.8644938330744554,-0.9467191908082639,5927.094934234212,-0.9407290506576579
96,atr,2.0,0.5,1.0,3.0,611,1200,0.24058919803600654,0.4994771697587748,-2.4414660707144367,-0.9169154055770152,-0.9738164155871705,2943.650274402985,-0.9705634972559701
96,atr,2.0,0.5,1.0,4.0,745,1066,0.2523489932885906,0.5435439743468341,-2.3165732331150726,-0.9454908724261271,-0.9858039043484751,1627.033560103257,-0.9837296643989675
96,atr,2.0,0.5,1.0,5.0,875,936,0.2571428571428571,0.5593379314528317,-2.2909318701326393,-0.9665933399497613,-0.9930282759509136,800.6775704125446,-0.9919932242958746
96,atr,2.0,0.5,1.0,6.0,1007,804,0.253227408142999,0.545084990312876,-2.381215810170417,-0.9828518399039626,-0.9973532793117785,304.547869956403,-0.9969545213004359
96,atr,2.0,0.5,1.0,8.0,1220,591,0.25081967213114753,0.553037943362967,-2.4191417211980393,-0.9941520240978076,-0.9994451975531689,64.89693018327324,-0.9993510306981672
96,atr,2.0,0.5,1.0,12.0,1476,335,0.255420054200542,0.6047907719023708,-2.386154454453819,-0.9982554680156528,-0.999904244447868,12.111244737943956,-0.9998788875526206
96,atr,2.0,0.5,1.0,,1811,0,0.27112092766427387,0.6207705740943448,-2.065657791262265,-0.9995299588242473,-0.9999857448919628,1.8388553011724593,-0.9999816114469883
96,atr,2.0,1.0,,1.0,133,1678,0.23308270676691728,0.4863669410728114,-2.0595398189571603,-0.4653878698638917,-0.6045953714377137,42195.90831615662,-0.5780409168384337
96,atr,2.0,1.0,,2.0,245,1566,0.2897959183673469,0.6264611214651944,-1.6371308864852758,-0.5629882102742347,-0.704952385886513,32812.11812686617,-0.6718788187313383
96,atr,2.0,1.0,,3.0,341,1470,0.31085043988269795,0.6784179371143021,-1.3934154718569327,-0.6309871204479618,-0.7692124588606745,26298.111624952395,-0.7370188837504761
96,atr,2.0,1.0,,4.0,437,1374,0.3135011441647597,0.6926668574010466,-1.3775298866169583,-0.7165091954309967,-0.8426339512458356,18311.50500003205,-0.8168849499996795
96,atr,2.0,1.0,,5.0,534,1277,0.3089887640449438,0.692339332915726,-1.4525941649152239,-0.7994509157593679,-0.9048099369511178,11217.029358915303,-0.887829706410847
96,atr,2.0,1.0,,6.0,631,1180,0.3090332805071315,0.6906685822913294,-1.4614688524632025,-0.8558183547636776,-0.94105460608277,6986.622520583667,-0.9301337747941634
96,atr,2.0,1.0,,8.0,799,1012,0.3016270337922403,0.6671520548652582,-1.5589500770394156,-0.9302174647344922,-0.9794546853142898,2489.4272798790166,-0.9751057272012098
96,atr,2.0,1.0,,12.0,1078,733,0.29777365491651203,0.6526724179468313,-1.639761118436102,-0.9799907124475934,-0.996652086924922,437.9923123694197,-0.9956200768763058
96,atr,2.0,1.0,,,1811,0,0.3202650469353948,0.6818282162639105,-1.2481699478256567,-0.9994617106486151,-0.9999824522030358,2.3985004946147503,-0.9999760149950538
96,atr,2.0,1.0,0.5,1.0,206,1605,0.1553398058252427,0.37047860151753415,-2.654572132874491,-0.6113246548706857,-0.751138927198473,26557.400325776543,-0.7344259967422346
96,atr,2.0,1.0,0.5,2.0,372,1439,0.1827956989247312,0.4491582500965381,-2.4888798132758563,-0.7555700635382373,-0.8731179752311709,13870.1729916976,-0.8612982700830241
96,atr,2.0,1.0,0.5,3.0,511,1300,0.19569471624266144,0.4955490468758229,-2.2256758419744638,-0.8148418480798573,-0.9152331252139357,9406.508382937507,-0.9059349161706249
96,atr,2.0,1.0,0.5,4.0,627,1184,0.19936204146730463,0.5060687813808248,-2.1203964428849993,-0.8673921674921852,-0.9478001580480367,5918.532913244391,-0.9408146708675561
96,atr,2.0,1.0,0.5,5.0,733,1078,0.20600272851296045,0.5247153647765692,-2.0292727394009398,-0.902079665347355,-0.9663956105935932,3843.5674862213336,-0.9615643251377867
96,atr,2.0,1.0,0.5,6.0,836,975,0.21052631578947367,0.5324024557701358,-1.9589020991376773,-0.9258249022550707,-0.9775499441325791,2576.334589558236,-0.9742366541044176
96,atr,2.0,1.0,0.5,8.0,1020,791,0.21666666666666667,0.5638359727387791,-1.873935849406411,-0.9572012277228733,-0.9898993364002758,1191.4905255650046,-0.9880850947443499
96,atr,2.0,1.0,0.5,12.0,1288,523,0.22282608695652173,0.5887767627089102,-1.8474041002303352,-0.9831520355036069,-0.9973920198407725,329.6032441215634,-0.9967039675587843
96,atr,2.0,1.0,0.5,,1811,0,0.2473771397018222,0.6570317095328407,-1.4498959899419621,-0.9953520190784977,-0.999598197940117,52.43527121036903,-0.9994756472878963
96,atr,2.0,1.0,1.0,1.0,170,1641,0.18823529411764706,0.42843665367511063,-2.3589345731967954,-0.5444804779049419,-0.6866316967575656,33441.338916254965,-0.6655866108374504
96,atr,2.0,1.0,1.0,2.0,307,1504,0.23127035830618892,0.533589458225648,-2.056213864947352,-0.6725852167590951,-0.8060137320684094,21573.129331976223,-0.7842687066802377
96,atr,2.0,1.0,1.0,3.0,415,1396,0.25301204819277107,0.5996557314052011,-1.7525738843637777,-0.7217080815964464,-0.8468079430199978,17456.149472488534,-0.8254385052751146
96,atr,2.0,1.0,1.0,4.0,514,1297,0.25680933852140075,0.6061640971989831,-1.6976509656782826,-0.7953204641619266,-0.9019493181524821,11409.421314963662,-0.8859057868503634
96,atr,2.0,1.0,1.0,5.0,612,1199,0.2581699346405229,0.6168942730779885,-1.6820856883040063,-0.8489477036394586,-0.9369314021538705,7431.892479179988,-0.9256810752082001
96,atr,2.0,1.0,1.0,6.0,708,1103,0.2612994350282486,0.6215973322817699,-1.6497338175204384,-0.890288830031724,-0.9603620109437226,4698.173149883493,-0.9530182685011651
96,atr,2.0,1.0,1.0,8.0,890,921,0.2573033707865168,0.606111307967873,-1.683806983428419,-0.9456086192833022,-0.9856932502228005,1733.5150970715106,-0.9826648490292849
96,atr,2.0,1.0,1.0,12.0,1157,654,0.25842696629213485,0.6111824622215257,-1.7336452648907905,-0.9824623292523555,-0.9972355339754038,361.66257588733777,-0.9963833742411267
96,atr,2.0,1.0,1.0,,1811,0,0.2865819988956378,0.6795694939521216,-1.358409308085116,-0.9983693696106651,-0.9999122370373376,11.995779856869659,-0.9998800422014313
96,atr,2.0,1.5,,1.0,106,1705,0.25471698113207547,0.5601099551952999,-1.9653501824973294,-0.33173451382556585,-0.45594382510850584,58645.40876308998,-0.4135459123691002
96,atr,2.0,1.5,,2.0,199,1612,0.27638190954773867,0.6325486321944577,-1.706314493370197,-0.46608794161334133,-0.6072947910180998,43125.62593182194,-0.5687437406817806
96,atr,2.0,1.5,,3.0,275,1536,0.28,0.639716442210667,-1.6318611840435444,-0.5725133620293265,-0.7156564577619444,31830.449139852175,-0.6816955086014782
96,atr,2.0,1.5,,4.0,356,1455,0.2949438202247191,0.6779094937314999,-1.4767095603375093,-0.6362023074493193,-0.7750501139958232,25732.85663466278,-0.7426714336533722
96,atr,2.0,1.5,,5.0,427,1384,0.2997658079625293,0.6926267814110854,-1.4467761990510937,-0.7025267433220084,-0.8320692467378966,19617.42809432819,-0.8038257190567182
96,atr,2.0,1.5,,6.0,507,1304,0.30177514792899407,0.7037325912411105,-1.4159018258964944,-0.7616042638642215,-0.878245614202874,14510.809780391977,-0.8548919021960802
96,atr,2.0,1.5,,8.0,632,1179,0.30063291139240506,0.7028436160212425,-1.3258412899294318,-0.8427503345754056,-0.9334685999188493,8080.448751495211,-0.9191955124850479
96,atr,2.0,1.5,,12.0,859,952,0.3061699650756694,0.7062114839270722,-1.221750172687559,-0.9314280497705787,-0.9800691517357979,2590.5159331965324,-0.9740948406680346
96,atr,2.0,1.5,,,1811,0,0.34014356709000554,0.6395064237151974,-0.5605835884140566,-0.9992576063357351,-0.999972148201955,4.035220047698998,-0.999959647799523
96,atr,2.0,1.5,0.5,1.0,153,1658,0.16339869281045752,0.44561147406928586,-2.3949337375588478,-0.4260931245734012,-0.5638555817443591,47013.28441579281,-0.5298671558420719
96,atr,2.0,1.5,0.5,2.0,278,1533,0.17266187050359713,0.4794013788276057,-2.2824180101201104,-0.5926631218418583,-0.7349128575660802,28828.432152340807,-0.7117156784765919
96,atr,2.0,1.5,0.5,3.0,385,1426,0.18181818181818182,0.5047730722910416,-2.0654086829321274,-0.6787445735016582,-0.8122225422237078,20767.45698410613,-0.7923254301589386
96,atr,2.0,1.5,0.5,4.0,483,1328,0.18840579710144928,0.5152807225218106,-1.9361798064457112,-0.7451790007306114,-0.8658743711923136,15162.394098489352,-0.8483760590151065
96,atr,2.0,1.5,0.5,5.0,579,1232,0.19170984455958548,0.5172610588291768,-1.9311645886285218,-0.8114875074859069,-0.913423056012468,9997.129431193374,-0.9000287056880663
96,atr,2.0,1.5,0.5,6.0,672,1139,0.19642857142857142,0.5325275769912018,-1.8854568985164224,-0.8537001760077574,-0.9400898459518576,7059.422113607318,-0.9294057788639268
96,atr,2.0,1.5,0.5,8.0,831,980,0.19494584837545126,0.5196770285903153,-1.8371257621314558,-0.9149776664737632,-0.9727630430406563,3287.560677069914,-0.9671243932293009
96,atr,2.0,1.5,0.5,12.0,1084,727,0.2047970479704797,0.5414743109267428,-1.6570602509895949,-0.9612259732087086,-0.9912922062756494,1126.9347820116238,-0.9887306521798838
96,atr,2.0,1.5,0.5,,1811,0,0.2390944229707344,0.5982007933143065,-1.0090406137175423,-0.9937095419086155,-0.9993795132678878,86.81955594864944,-0.9991318044405135
96,atr,2.0,1.5,1.0,1.0,120,1691,0.20833333333333334,0.48800676836013074,-2.1726508952488834,-0.3760054229460408,-0.5074969171337238,53088.34996227205,-0.4691165003772795
96,atr,2.0,1.5,1.0,2.0,223,1588,0.23766816143497757,0.577219305212797,-1.856205333349837,-0.5015069146243176,-0.6445567039432444,39033.64222098712,-0.6096635777901287
96,atr,2.0,1.5,1.0,3.0,317,1494,0.24290220820189273,0.5992584610150133,-1.7170512005785081,-0.5927189938034556,-0.734965665104313,29668.90631948611,-0.7033109368051389
96,atr,2.0,1.5,1.0,4.0,402,1409,0.2512437810945274,0.6133923728209789,-1.6451990192738994,-0.6728584999317493,-0.8072050191162597,22054.53708419182,-0.7794546291580818
96,atr,2.0,1.5,1.0,5.0,485,1326,0.2515463917525773,0.6163426509529848,-1.646574780821963,-0.7490608956237844,-0.8688316864336489,15322.892976166208,-0.846771070238338
96,atr,2.0,1.5,1.0,6.0,564,1247,0.2570921985815603,0.6339511037570666,-1.586734128445623,-0.799260279114762,-0.9051489054111201,11304.44855871214,-0.8869555144128786
96,atr,2.0,1.5,1.0,8.0,706,1105,0.2521246458923513,0.6251282879121349,-1.5148812990259253,-0.875974081226633,-0.9528676397117006,5724.37407573077,-0.9427562592426924
96,atr,2.0,1.5,1.0,12.0,941,870,0.2592986184909671,0.6394698311894284,-1.3660033632377908,-0.943752968874113,-0.9850530387564097,1942.7342349466187,-0.9805726576505338
96,atr,2.0,1.5,1.0,,1811,0,0.2849254555494202,0.6257576473818439,-0.9579929271474832,-0.9979688681445695,-0.9998798580825857,17.406383348638485,-0.9998259361665136
96,atr,2.0,2.0,,1.0,83,1728,0.2891566265060241,0.7028311387098222,-1.14841940708488,-0.1782368168034162,-0.263004147524028,78492.21912381014,-0.21507780876189864
96,atr,2.0,2.0,,2.0,156,1655,0.30128205128205127,0.7495513544570911,-1.0048485768317272,-0.27435966595502326,-0.41050332740940554,66851.163261444,-0.33148836738556
96,atr,2.0,2.0,,3.0,218,1593,0.3119266055045872,0.7664461338440391,-0.9393032589039739,-0.35302094715899224,-0.5050064046343175,57803.57137199695,-0.42196428628003047
96,atr,2.0,2.0,,4.0,280,1531,0.3107142857142857,0.754433546039507,-0.9874653542309142,-0.45168845540798175,-0.5919420879997994,46295.12719371178,-0.5370487280628822
96,atr,2.0,2.0,,5.0,337,1474,0.314540059347181,0.7612850499568975,-0.9309395342393247,-0.5193261544535868,-0.6633554119277151,38913.65034272868,-0.6108634965727132
96,atr,2.0,2.0,,6.0,394,1417,0.31218274111675126,0.7586829741516853,-0.9462813392270476,-0.5960113177748179,-0.7374816993943079,30862.159076034954,-0.6913784092396504
96,atr,2.0,2.0,,8.0,509,1302,0.3104125736738703,0.7593430493533864,-0.9747791711614683,-0.7197084447063593,-0.8454729025654315,18828.624144991107,-0.8117137585500889
96,atr,2.0,2.0,,12.0,708,1103,0.3093220338983051,0.739778810004058,-0.9578408631003231,-0.8647930856726953,-0.946400011212511,6983.101023557012,-0.9301689897644299
96,atr,2.0,2.0,,,237,1574,0.2616033755274262,0.5472572182417935,-0.503396533786476,-1.0,-1.0038215956526386,-576.9248502718189,-1.005769248502718
96,atr,2.0,2.0,0.5,1.0,113,1698,0.17699115044247787,0.5372565696724642,-1.7389283751806799,-0.2589013292928567,-0.3663808895933832,67554.97481478493,-0.3244502518521507
96,atr,2.0,2.0,0.5,2.0,219,1592,0.182648401826484,0.5607173238698294,-1.5991212414146978,-0.40747167569939513,-0.5416762204704604,49723.19395185407,-0.5027680604814593
96,atr,2.0,2.0,0.5,3.0,309,1502,0.18770226537216828,0.561838754747823,-1.5777006479745053,-0.5261607383572859,-0.6687330973509537,36491.12118833641,-0.6350887881166359
96,atr,2.0,2.0,0.5,4.0,390,1421,0.19743589743589743,0.5859570680497985,-1.4556685067162676,-0.5918763138216618,-0.7333099784217064,29924.658562487373,-0.7007534143751263
96,atr,2.0,2.0,0.5,5.0,464,1347,0.2025862068965517,0.5996714897549952,-1.3584491466686708,-0.6502265091211752,-0.7868476560075585,24343.25757045393,-0.7565674242954608
96,atr,2.0,2.0,0.5,6.0,537,1274,0.2048417132216015,0.6111797125252781,-1.3000728579237968,-0.7020815058949774,-0.8311603217331932,19687.047656900213,-0.8031295234309979
96,atr,2.0,2.0,0.5,8.0,676,1135,0.20562130177514792,0.6005744555797848,-1.357127526584695,-0.8104308707206325,-0.912435356640377,10588.668624745664,-0.8941133137525433
96,atr,2.0,2.0,0.5,12.0,914,897,0.20459518599562362,0.568884463970397,-1.360760342845543,-0.9160923713674892,-0.9731938117525788,3467.5833295245075,-0.965324166704755
96,atr,2.0,2.0,0.5,,1811,0,0.2473771397018222,0.5891919113212447,-0.5426671763767476,-0.9894424555622712,-0.9986794776060123,192.51416456415066,-0.9980748583543585
96,atr,2.0,2.0,1.0,1.0,89,1722,0.23595505617977527,0.6227127674853117,-1.4250967928945966,-0.2157936420390001,-0.31402525996311015,73336.39710143504,-0.26663602898564964
96,atr,2.0,2.0,1.0,2.0,170,1641,0.2647058823529412,0.7181269592836143,-1.095695593569099,-0.2950185624589402,-0.4177569000896708,64104.82079130794,-0.35895179208692063
96,atr,2.0,2.0,1.0,3.0,240,1571,0.2708333333333333,0.7360841111013496,-1.0038919473682426,-0.3738251104050566,-0.5162015547166862,55123.74894154581,-0.44876251058454186
96,atr,2.0,2.0,1.0,4.0,310,1501,0.2645161290322581,0.7224142279480101,-1.039310937525039,-0.4693621750857736,-0.6195731629034849,44143.7357244427,-0.558562642755573
96,atr,2.0,2.0,1.0,5.0,374,1437,0.2700534759358289,0.7306790051398621,-0.9595498582914549,-0.5313531433771808,-0.683580442202482,37507.56186725818,-0.6249243813274182
96,atr,2.0,2.0,1.0,6.0,440,1371,0.2681818181818182,0.7233465849140929,-0.9802552419450644,-0.6101885494965598,-0.7537493966930598,29301.72490432656,-0.7069827509567344
96,atr,2.0,2.0,1.0,8.0,567,1244,0.26278659611992944,0.7004117879462364,-1.088431571270046,-0.7497376197629895,-0.8689229894092843,15971.307346315967,-0.8402869265368403
96,atr,2.0,2.0,1.0,12.0,769,1042,0.26918075422626786,0.7043584524489248,-0.9890489914865461,-0.8651957303244164,-0.9466316842438658,6952.9182526464165,-0.9304708174735359
96,atr,2.0,2.0,1.0,,1811,0,0.30425179458862506,0.595651437798886,-0.37351971617964047,-0.9967459331790472,-0.999761009342219,36.07907847641561,-0.9996392092152359
96,atr,2.0,3.0,,1.0,62,1749,0.3387096774193548,0.903073126784242,-0.3707755730501178,-0.04924188586750178,-0.1595570060876741,95026.77436591029,-0.049732256340897174
96,atr,2.0,3.0,,2.0,117,1694,0.3333333333333333,0.8470269783337194,-0.5394053741720551,-0.12965746245408039,-0.2577919370569941,85236.77879187203,-0.14763221208127975
96,atr,2.0,3.0,,3.0,162,1649,0.345679012345679,0.8675371189676977,-0.4387354367176223,-0.15871682991057312,-0.2850917504764615,82697.130125346,-0.17302869874654003
96,atr,2.0,3.0,,4.0,206,1605,0.35436893203883496,0.8841542311206412,-0.33788402224483777,-0.18307700344867472,-0.32534280674882954,80933.60460662431,-0.1906639539337569
96,atr,2.0,3.0,,5.0,255,1556,0.35294117647058826,0.867953588956196,-0.37080051414842324,-0.24746143326408576,-0.39540903963602037,73326.72266587742,-0.2667327733412258
96,atr,2.0,3.0,,6.0,305,1506,0.3475409836065574,0.8502273514482629,-0.4297437896565321,-0.3255679665212664,-0.4876816028988693,63982.264909728176,-0.3601773509027183
96,atr,2.0,3.0,,8.0,398,1413,0.3442211055276382,0.829492537554184,-0.4796971716120222,-0.4495275236759978,-0.5977692346597466,49490.60905934114,-0.5050939094065885
96,atr,2.0,3.0,,12.0,570,1241,0.3298245614035088,0.7654412038401379,-0.6763218732520457,-0.7098422952880183,-0.8374956606493035,21015.564703349108,-0.7898443529665089
96,atr,2.0,3.0,,,231,1580,0.1341991341991342,0.29855556691235874,-0.6757792162438709,-1.0,-1.3069685095123942,-46129.06541687596,-1.4612906541687596
96,atr,2.0,3.0,0.5,1.0,77,1734,0.23376623376623376,0.7682772783598616,-0.7838018038234698,-0.09253416265402248,-0.1487081842775223,88807.60365939804,-0.11192396340601962
96,atr,2.0,3.0,0.5,2.0,146,1665,0.22602739726027396,0.7334599117583517,-0.9117441553725047,-0.19228615273394,-0.28116775457085663,76475.5166856726,-0.23524483314327405
96,atr,2.0,3.0,0.5,3.0,211,1600,0.2132701421800948,0.6778258544050259,-1.1009613145750892,-0.30190361859677506,-0.41839165313219395,63067.9387097086,-0.36932061290291396
96,atr,2.0,3.0,0.5,4.0,276,1535,0.21739130434782608,0.6959226763865511,-1.008266857462702,-0.36209726214774796,-0.4897840215582593,56507.28678429551,-0.4349271321570449
96,atr,2.0,3.0,0.5,5.0,336,1475,0.21726190476190477,0.6809548643384968,-1.0436307259167477,-0.44233145143226416,-0.5802733901150834,47449.44126579989,-0.5255055873420011
96,atr,2.0,3.0,0.5,6.0,399,1412,0.22055137844611528,0.6853084074974571,-1.0410382130397702,-0.511736245563287,-0.6539549382966445,40023.42316553127,-0.5997657683446873
96,atr,2.0,3.0,0.5,8.0,514,1297,0.2237354085603113,0.6743414729150009,-1.0503701353310153,-0.6276728892602441,-0.766576756687815,28047.400168780907,-0.7195259983121909
96,atr,2.0,3.0,0.5,12.0,710,1101,0.23098591549295774,0.6800694102127155,-0.9328901742322626,-0.7677987022672879,-0.8824239582407297,15205.298043292085,-0.8479470195670792
96,atr,2.0,3.0,0.5,,1811,0,0.28050800662617337,0.5558170036646309,-0.006319521821592287,-0.9794620417815196,-0.9965285152269836,521.6702796079392,-0.9947832972039206
96,atr,2.0,3.0,1.0,1.0,66,1745,0.3181818181818182,0.9039393180124576,-0.3631463930224568,-0.048769182398659905,-0.132244496141524,95095.40122364578,-0.04904598776354219
96,atr,2.0,3.0,1.0,2.0,127,1684,0.30708661417322836,0.858544483055117,-0.487421517828109,-0.12136111735910848,-0.23064545383218138,86419.37894506333,-0.1358062105493667
96,atr,2.0,3.0,1.0,3.0,176,1635,0.3125,0.8557890318975201,-0.4738423920317503,-0.17106894527374428,-0.2996042969280932,80939.52417998885,-0.19060475820011158
96,atr,2.0,3.0,1.0,4.0,226,1585,0.3230088495575221,0.8796017118501184,-0.3526718604376224,-0.19000826451140151,-0.3345544497812397,79938.18774083034,-0.20061812259169665
96,atr,2.0,3.0,1.0,5.0,279,1532,0.31899641577060933,0.8602034110908452,-0.391661388558739,-0.25638429650987526,-0.4078401076358076,72067.36399575177,-0.27932636004248224
96,atr,2.0,3.0,1.0,6.0,333,1478,0.3153153153153153,0.8447835192506696,-0.44013668832623604,-0.3306407762685485,-0.4844187996526683,63284.498563866466,-0.36715501436133535
96,atr,2.0,3.0,1.0,8.0,430,1381,0.313953488372093,0.8205836025141848,-0.48766455414237353,-0.458586267931377,-0.5979242021767814,48312.158805227984,-0.5168784119477201
96,atr,2.0,3.0,1.0,12.0,604,1207,0.3079470198675497,0.7809067814598885,-0.5726620801036238,-0.6793193971359566,-0.8120880779125528,24301.352031203583,-0.7569864796879642
96,atr,2.0,3.0,1.0,,237,1574,0.12236286919831224,0.38992202072806476,-1.5448343725022757,-1.0,-1.0006801323413228,-102.20549760900171,-1.00102205497609
96,atr,3.0,0.5,,1.0,189,1622,0.1693121693121693,0.43393745787252264,-2.3618902708288667,-0.6873555954964397,-0.8222979274652673,19743.594571137164,-0.8025640542886283
96,atr,3.0,0.5,,2.0,327,1484,0.21100917431192662,0.5513860891023937,-2.0803954451943203,-0.7975109872588275,-0.9045166528938964,11116.156228701542,-0.8888384377129845
96,atr,3.0,0.5,,3.0,437,1374,0.2219679633867277,0.5826306305477188,-1.9312267358068873,-0.8629726039256139,-0.9458482551222333,6522.2444371835645,-0.9347775556281643
96,atr,3.0,0.5,,4.0,559,1252,0.22719141323792486,0.6024457426177809,-1.8510823086872055,-0.9158908306189604,-0.9733461536073456,3295.327265524938,-0.9670467273447506
96,atr,3.0,0.5,,5.0,676,1135,0.22337278106508876,0.5960351836568435,-1.9672075670174347,-0.9554951967019129,-0.9894252807988009,1330.3729136037446,-0.9866962708639626
96,atr,3.0,0.5,,6.0,780,1031,0.21923076923076923,0.5812298058927511,-2.001794224766236,-0.9757872421873031,-0.9956316885109465,553.9135534027346,-0.9944608644659727
96,atr,3.0,0.5,,8.0,977,834,0.2241555783009212,0.5855536453455149,-1.8930920497737223,-0.9907442477211579,-0.9989191832680407,141.78341643332197,-0.9985821658356668
96,atr,3.0,0.5,,12.0,1274,537,0.22684458398744112,0.6245537775887223,-1.817552136210962,-0.9982161005145941,-0.9999010901294609,14.341850766461928,-0.9998565814923354
96,atr,3.0,0.5,,,1811,0,0.24572059635560464,0.6798585531212578,-1.4637011884778304,-0.9999315036769465,-0.9999991308406917,0.13398880099532667,-0.99999866011199
96,atr,3.0,0.5,0.5,1.0,287,1524,0.11846689895470383,0.35588763989739974,-2.8518907839857346,-0.8221627287894984,-0.9209240682836863,8700.664179890928,-0.9129933582010907
96,atr,3.0,0.5,0.5,2.0,471,1340,0.14225053078556263,0.43497426976579756,-2.578963265414728,-0.8990916818255607,-0.9652768241817036,3952.0950286359425,-0.9604790497136406
96,atr,3.0,0.5,0.5,3.0,626,1185,0.14376996805111822,0.434984400826261,-2.5649885313773866,-0.945088726710348,-0.9856515387838259,1669.605848540445,-0.9833039415145955
96,atr,3.0,0.5,0.5,4.0,770,1041,0.15584415584415584,0.46734402852412227,-2.402000435264882,-0.9645379622564105,-0.9923967137373777,908.9856605396968,-0.990910143394603
96,atr,3.0,0.5,0.5,5.0,898,913,0.15812917594654788,0.48685011639683784,-2.378397889867621,-0.9793295373697816,-0.9965282883027219,419.2105774000362,-0.9958078942259997
96,atr,3.0,0.5,0.5,6.0,1006,805,0.1610337972166998,0.5098739061349007,-2.2620277007770673,-0.9862366426470789,-0.9980768387951822,234.88398591111803,-0.9976511601408888
96,atr,3.0,0.5,0.5,8.0,1197,614,0.16875522138680032,0.5512096453657197,-2.0786748628876133,-0.9934664297085566,-0.9993482767130049,82.40903665974402,-0.9991759096334025
96,atr,3.0,0.5,0.5,12.0,1461,350,0.17522245037645448,0.5936411443962548,-1.9071076427799158,-0.9976847206957625,-0.9998555568005392,20.13758710108222,-0.9997986241289892
96,atr,3.0,0.5,0.5,,1811,0,0.18442849254555493,0.6210828281266684,-1.689834424863351,-0.9993357711137062,-0.9999764445297864,3.4215078171993802,-0.999965784921828
96,atr,3.0,0.5,1.0,1.0,257,1554,0.13229571984435798,0.38506535317520935,-2.70287922997195,-0.7830583942649383,-0.8947970356966948,11612.400988066589,-0.8838759901193342
96,atr,3.0,0.5,1.0,2.0,418,1393,0.15789473684210525,0.46927116279458075,-2.4011931117782273,-0.8707360114711545,-0.9502464745581605,5662.807503114301,-0.943371924968857
96,atr,3.0,0.5,1.0,3.0,555,1256,0.16936936936936936,0.48216865763235955,-2.274932525122706,-0.9188674917870528,-0.9747051334889111,2943.3439885078456,-0.9705665601149216
96,atr,3.0,0.5,1.0,4.0,685,1126,0.17956204379562044,0.507310432169962,-2.1315457443840087,-0.9489374346919687,-0.9870887049802017,1543.5670349134584,-0.9845643296508654
96,atr,3.0,0.5,1.0,5.0,797,1014,0.18193224592220827,0.5217365460337816,-2.0761041452376063,-0.9682995515353034,-0.9935393995182812,780.120094769301,-0.992198799052307
96,atr,3.0,0.5,1.0,6.0,903,908,0.18272425249169436,0.5333581486699549,-2.0386578014095837,-0.9809511205110673,-0.996916726366404,376.57352846938414,-0.9962342647153062
96,atr,3.0,0.5,1.0,8.0,1103,708,0.18766999093381687,0.5615583323911998,-2.000080314343602,-0.9924688514128012,-0.9991988928471062,101.29831179670863,-0.998987016882033
96,atr,3.0,0.5,1.0,12.0,1369,442,0.19722425127830534,0.6214909823360008,-1.7899704943402195,-0.997680746462412,-0.9998551965570401,20.18781054439526,-0.9997981218945561
96,atr,3.0,0.5,1.0,,1811,0,0.2109331860850359,0.6450852185315452,-1.5395615719133566,-0.9996629491651876,-0.9999912059711344,1.2773609796542802,-0.9999872263902034
96,atr,3.0,1.0,,1.0,132,1679,0.19696969696969696,0.5858768447495112,-1.7016417960070953,-0.42575541688016827,-0.567231592777863,47687.301878173384,-0.5231269812182662
96,atr,3.0,1.0,,2.0,228,1583,0.23684210526315788,0.7036949733478242,-1.2595465625388451,-0.5101055455248509,-0.6612230963950032,38981.48315974986,-0.6101851684025014
96,atr,3.0,1.0,,3.0,313,1498,0.23961661341853036,0.7071036352585962,-1.262297523871057,-0.6250930107286479,-0.7670228795190072,27316.76386425312,-0.7268323613574688
96,atr,3.0,1.0,,4.0,397,1414,0.2367758186397985,0.7079791892794389,-1.3202448838260226,-0.7292879041852258,-0.8548143982729225,17466.379001396956,-0.8253362099860304
96,atr,3.0,1.0,,5.0,478,1333,0.23221757322175732,0.7027306179314328,-1.3556635434830302,-0.806647574730672,-0.9109474418628992,10721.156076487909,-0.8927884392351209
96,atr,3.0,1.0,,6.0,561,1250,0.23529411764705882,0.7209513286000163,-1.3189818132157767,-0.8525463108365645,-0.9399227696188472,7377.887340114223,-0.9262211265988578
96,atr,3.0,1.0,,8.0,702,1109,0.23504273504273504,0.7131543928603246,-1.2519596640548798,-0.9144098491809984,-0.9727346383702378,3478.4753208007282,-0.9652152467919928
96,atr,3.0,1.0,,12.0,951,860,0.24185068349106204,0.701535948888479,-1.0931356061185595,-0.9672839427572236,-0.9932546308790737,947.1291998905601,-0.9905287080010944
96,atr,3.0,1.0,,,1811,0,0.27112092766427387,0.6489212424448567,-0.31882207156224995,-0.9998684129572116,-0.9999977625276466,0.3558137647108425,-0.9999964418623529
96,atr,3.0,1.0,0.5,1.0,201,1610,0.11442786069651742,0.4007121108687252,-2.7332631417441906,-0.610566364432907,-0.7537977771686029,27129.33644717674,-0.7287066355282326
96,atr,3.0,1.0,0.5,2.0,343,1468,0.13119533527696792,0.45828878100330994,-2.428365296226954,-0.7471780692506894,-0.8685386399327235,14643.424307586647,-0.8535657569241335
96,atr,3.0,1.0,0.5,3.0,468,1343,0.13675213675213677,0.48193071724371345,-2.2424791948122067,-0.817944363305704,-0.9184031897156663,9365.854724737635,-0.9063414527526237
96,atr,3.0,1.0,0.5,4.0,578,1233,0.14013840830449828,0.5049703001935849,-2.0826598947232253,-0.8676173625592076,-0.948630808980224,6053.092259225224,-0.9394690774077478
96,atr,3.0,1.0,0.5,5.0,675,1136,0.1437037037037037,0.5112344443437484,-1.9699528945146485,-0.9024298720499595,-0.9670206803469594,3938.995939228962,-0.9606100406077104
96,atr,3.0,1.0,0.5,6.0,764,1047,0.14921465968586387,0.535675113329818,-1.8647314912276665,-0.9243318622907896,-0.9772021824407304,2765.267136021273,-0.9723473286397872
96,atr,3.0,1.0,0.5,8.0,932,879,0.15236051502145923,0.5458119689573528,-1.7224859507117551,-0.9559439615848175,-0.9896075499658035,1308.9698053777688,-0.9869103019462223
96,atr,3.0,1.0,0.5,12.0,1191,620,0.16624685138539042,0.5916119178972831,-1.4816744527287475,-0.9788991485403943,-0.9964323370201652,500.065450386032,-0.9949993454961397
96,atr,3.0,1.0,0.5,,1811,0,0.18884594146880176,0.6271611260281295,-0.9467761159607735,-0.9966486235110025,-0.9997534982800972,37.16577815401745,-0.9996283422184599
96,atr,3.0,1.0,1.0,1.0,157,1654,0.16560509554140126,0.5194561693704831,-1.9543268184117282,-0.480501902495704,-0.6258392947389722,41229.244568156166,-0.5877075543184384
96,atr,3.0,1.0,1.0,2.0,283,1528,0.18374558303886926,0.5890281706920827,-1.7529288629708026,-0.6301550129649263,-0.7718778948399063,25914.78707627771,-0.740852129237223
96,atr,3.0,1.0,1.0,3.0,380,1431,0.18947368421052632,0.612186312424827,-1.5988370786481627,-0.7084582360106235,-0.8383110959176177,18958.16036857856,-0.8104183963142144
96,atr,3.0,1.0,1.0,4.0,478,1333,0.18828451882845187,0.6192634305254423,-1.5444109986431342,-0.79196458710349,-0.9009591930680436,11914.985025371874,-0.8808501497462813
96,atr,3.0,1.0,1.0,5.0,564,1247,0.1879432624113475,0.6283797765306434,-1.4765582230115077,-0.8383187881129456,-0.9313230776868723,8268.106142872555,-0.9173189385712744
96,atr,3.0,1.0,1.0,6.0,650,1161,0.19076923076923077,0.6488373028518085,-1.4347746892628055,-0.8802300996077573,-0.9555830891687638,5454.694932334401,-0.945453050676656
96,atr,3.0,1.0,1.0,8.0,811,1000,0.18865598027127004,0.6320924572430067,-1.398591726304018,-0.9334248512701745,-0.9810704807035999,2415.0006371187333,-0.9758499936288126
96,atr,3.0,1.0,1.0,12.0,1071,740,0.19794584500466852,0.6204954321264995,-1.266370771061674,-0.9742123678880727,-0.9952257749804212,670.3573728623746,-0.9932964262713763
96,atr,3.0,1.0,1.0,,1811,0,0.22473771397018222,0.6490347037023845,-0.7573429323428754,-0.9987792526404337,-0.9999431396658024,9.042207624400207,-0.999909577923756
96,atr,3.0,1.5,,1.0,94,1717,0.22340425531914893,0.6732992524878604,-1.1709855357972305,-0.240805669939803,-0.351486515789461,69141.3156652508,-0.308586843347492
96,atr,3.0,1.5,,2.0,171,1640,0.22807017543859648,0.7022494116210949,-1.1505339568381483,-0.3752644478063826,-0.5100111230670497,53631.87968339677,-0.46368120316603223
96,atr,3.0,1.5,,3.0,241,1570,0.23236514522821577,0.7101758875940783,-1.0822674329610493,-0.4795520733722539,-0.6236370038471897,42459.37326674607,-0.5754062673325393
96,atr,3.0,1.5,,4.0,305,1506,0.2360655737704918,0.7237405794627562,-1.0217926927911527,-0.5668814210521953,-0.7117629480890746,33575.08592599398,-0.6642491407400601
96,atr,3.0,1.5,,5.0,367,1444,0.23433242506811988,0.7288035914666762,-1.0489443626509365,-0.6530380841943353,-0.7911429196075443,25116.672255931164,-0.7488332774406883
96,atr,3.0,1.5,,6.0,434,1377,0.23271889400921658,0.7381040189100848,-1.0183133211498256,-0.7224388685709349,-0.8489642160373865,18650.179294471855,-0.8134982070552814
96,atr,3.0,1.5,,8.0,549,1262,0.24043715846994534,0.7647950600102215,-0.828280035473674,-0.788774376181048,-0.8984195867520154,12962.212460680475,-0.8703778753931952
96,atr,3.0,1.5,,12.0,760,1051,0.25,0.7583173685214425,-0.720465289542706,-0.8998041921120552,-0.9656134924370546,4927.50965629573,-0.9507249034370427
96,atr,3.0,1.5,,,234,1577,0.1623931623931624,0.5041836060247151,-0.9867680484510533,-1.0,-1.0459909574347097,-7722.485357890829,-1.0772248535789082
96,atr,3.0,1.5,0.5,1.0,144,1667,0.11805555555555555,0.4328718041041756,-2.2096972701491007,-0.4136214221618535,-0.5524501339232785,47513.49846848118,-0.5248650153151881
96,atr,3.0,1.5,0.5,2.0,248,1563,0.13306451612903225,0.49733269599724095,-1.9135136650880646,-0.544765332247134,-0.6901420457522229,33444.99431204807,-0.6655500568795194
96,atr,3.0,1.5,0.5,3.0,348,1463,0.13505747126436782,0.5043519794504167,-1.8075634121539768,-0.6532244643929013,-0.7913058473099397,23126.584461985112,-0.7687341553801489
96,atr,3.0,1.5,0.5,4.0,439,1372,0.13895216400911162,0.5178744715030783,-1.6976720888525287,-0.7228590962158493,-0.8492962156501226,17253.324245678865,-0.8274667575432113
96,atr,3.0,1.5,0.5,5.0,527,1284,0.1442125237191651,0.5340862965682505,-1.5692955067909038,-0.7748294676313532,-0.8885358356418005,13181.576963449039,-0.8681842303655096
96,atr,3.0,1.5,0.5,6.0,614,1197,0.1465798045602606,0.5359425366108418,-1.496811469774161,-0.8234161763717768,-0.9216893183318489,9513.384178593642,-0.9048661582140636
96,atr,3.0,1.5,0.5,8.0,763,1048,0.15072083879423329,0.5420933945806926,-1.328257156317219,-0.8855489902807931,-0.9582850018243968,5339.455207783385,-0.9466054479221662
96,atr,3.0,1.5,0.5,12.0,999,812,0.16316316316316315,0.5715994066380773,-1.0815222273965603,-0.9396807754275911,-0.9835452112930111,2367.457877901893,-0.9763254212209811
96,atr,3.0,1.5,0.5,,1811,0,0.2037548315847598,0.5039216697657218,-0.22741649223029334,-0.9933666207026718,-0.9993334015357507,106.8898135483217,-0.9989311018645168
96,atr,3.0,1.5,1.0,1.0,115,1696,0.16521739130434782,0.532784638435284,-1.7538544702191803,-0.340836754663951,-0.46955054673010843,56314.415880587374,-0.43685584119412624
96,atr,3.0,1.5,1.0,2.0,204,1607,0.17647058823529413,0.5944089516141441,-1.5504918844210114,-0.4642275972173264,-0.6074351983486377,42906.80164909431,-0.5709319835090569
96,atr,3.0,1.5,1.0,3.0,284,1527,0.18309859154929578,0.6286877025592537,-1.3752528475268164,-0.5489302625671195,-0.6942508403569179,34493.07670515159,-0.6550692329484842
96,atr,3.0,1.5,1.0,4.0,362,1449,0.1878453038674033,0.6450775570098568,-1.249468510047634,-0.6277851770511743,-0.76870617255936,26942.09533086459,-0.7305790466913541
96,atr,3.0,1.5,1.0,5.0,445,1366,0.18651685393258427,0.641618750943404,-1.2550105016828141,-0.7113991012303715,-0.8401613588347634,19221.827464201462,-0.8077817253579853
96,atr,3.0,1.5,1.0,6.0,513,1298,0.19103313840155944,0.6618896096251585,-1.149115199806235,-0.756077004607746,-0.8748033503470274,15459.514969466412,-0.8454048503053359
96,atr,3.0,1.5,1.0,8.0,640,1171,0.196875,0.6799384249880355,-0.9821588931573717,-0.825404167569667,-0.9229665082292385,9829.891954495506,-0.9017010804550449
96,atr,3.0,1.5,1.0,12.0,861,950,0.20789779326364694,0.7030330749617977,-0.7787324774661104,-0.9089224630660204,-0.9700633011057569,4289.862022450918,-0.9571013797754908
96,atr,3.0,1.5,1.0,,1811,0,0.24461623412479294,0.5161188568672838,-0.1105849131138305,-0.9981785574837616,-0.999897996573652,17.127714019555754,-0.9998287228598044
96,atr,3.0,2.0,,1.0,78,1733,0.2564102564102564,0.8182713359407171,-0.6084276965446529,-0.11449715553761919,-0.20560633566684505,86378.91511059926,-0.13621084889400736
96,atr,3.0,2.0,,2.0,146,1665,0.2465753424657534,0.7780750545465336,-0.8047973513329479,-0.24910011280283428,-0.359211872348968,70352.89470639025,-0.29647105293609755
96,atr,3.0,2.0,,3.0,199,1612,0.2613065326633166,0.809345248595592,-0.6280556390613368,-0.29255702333918,-0.4154596684894051,66298.98433903528,-0.3370101566096473
96,atr,3.0,2.0,,4.0,256,1555,0.26171875,0.8047527410528764,-0.6153781489712273,-0.37602075399399193,-0.5103049057255764,56758.30787270477,-0.4324169212729523
96,atr,3.0,2.0,,5.0,311,1500,0.26366559485530544,0.8067182594201636,-0.5920381624037648,-0.44569900163261167,-0.5876767617499312,49077.156676223996,-0.50922843323776
96,atr,3.0,2.0,,6.0,363,1448,0.2644628099173554,0.8103355035516346,-0.5819585842655695,-0.5087030787303533,-0.6539564968759143,42459.55631272477,-0.5754044368727522
96,atr,3.0,2.0,,8.0,475,1336,0.2673684210526316,0.8210026161873,-0.5269067384069919,-0.6225567203509483,-0.7650791458758172,30763.19385592001,-0.6923680614407999
96,atr,3.0,2.0,,12.0,659,1152,0.2701062215477997,0.7956703885182347,-0.49562525684736025,-0.7950857123614512,-0.9028243692127692,13605.38565430589,-0.8639461434569411
96,atr,3.0,2.0,,,234,1577,0.10256410256410256,0.35065500054920734,-1.1087184447684064,-1.0,-1.2064684802500623,-33755.59662608856,-1.3375559662608856
96,atr,3.0,2.0,0.5,1.0,108,1703,0.1388888888888889,0.5603563913179586,-1.4866978538645446,-0.23800263200275573,-0.345411752991984,69447.96280890312,-0.3055203719109688
96,atr,3.0,2.0,0.5,2.0,206,1605,0.14563106796116504,0.6148481103627544,-1.3438142100153418,-0.3713653330268686,-0.5049896225791402,54507.92429038303,-0.45492075709616964
96,atr,3.0,2.0,0.5,3.0,289,1522,0.1453287197231834,0.5969979831621453,-1.3719024053365716,-0.4927099620298355,-0.6374760973204091,40913.342362064395,-0.590866576379356
96,atr,3.0,2.0,0.5,4.0,367,1444,0.14986376021798364,0.5976374538273656,-1.3006870870466782,-0.5712802859705572,-0.7160823023685422,32917.39792551275,-0.6708260207448725
96,atr,3.0,2.0,0.5,5.0,437,1374,0.15560640732265446,0.6173696353046031,-1.1728378636042176,-0.6205741896156085,-0.7622346214975597,28308.454141960327,-0.7169154585803967
96,atr,3.0,2.0,0.5,6.0,512,1299,0.16015625,0.6341031565817871,-1.0968940466610544,-0.6725037948905281,-0.8079954339562622,23565.59956105165,-0.7643440043894835
96,atr,3.0,2.0,0.5,8.0,643,1168,0.16796267496111975,0.6414207446470496,-0.9948503385363736,-0.7634821688601781,-0.8803180737640882,15104.613586502643,-0.8489538641349735
96,atr,3.0,2.0,0.5,12.0,876,935,0.17009132420091325,0.611613698138182,-0.9244769475991009,-0.8849166370581338,-0.957961303823372,5853.643764461047,-0.9414635623553895
96,atr,3.0,2.0,0.5,,1811,0,0.22252898950855882,0.4879386006372793,0.14313726597251525,-0.9842678659430167,-0.997664039761092,364.54965221466034,-0.9963545034778534
96,atr,3.0,2.0,1.0,1.0,85,1726,0.2,0.6993944081071761,-0.9967262538063513,-0.17042752629879698,-0.2594364845136322,78569.43309967195,-0.21430566900328052
96,atr,3.0,2.0,1.0,2.0,160,1651,0.2125,0.7649142595949181,-0.8206082464950728,-0.25154503709519993,-0.36223988874690227,70020.44516555057,-0.2997955483444943
96,atr,3.0,2.0,1.0,3.0,225,1586,0.2088888888888889,0.7551309644577328,-0.8314094906576045,-0.34833372241504423,-0.4784324716058781,58844.51367334457,-0.4115548632665543
96,atr,3.0,2.0,1.0,4.0,293,1518,0.20477815699658702,0.7400451229955817,-0.850367863769535,-0.4448609331923803,-0.5867710278175021,47895.471078401104,-0.5210452892159889
96,atr,3.0,2.0,1.0,5.0,351,1460,0.21082621082621084,0.7535567389759626,-0.772837686260857,-0.4977318259123712,-0.6426766618099744,42530.74245062959,-0.5746925754937041
96,atr,3.0,2.0,1.0,6.0,413,1398,0.21307506053268765,0.7580869689430385,-0.7379716795970438,-0.5595028212666386,-0.7046843116480928,36235.250731213964,-0.6376474926878604
96,atr,3.0,2.0,1.0,8.0,535,1276,0.21869158878504674,0.7656566764702982,-0.6776740968981327,-0.6725955535478927,-0.8080735617129008,25022.00046905821,-0.749779995309418
96,atr,3.0,2.0,1.0,12.0,737,1074,0.22523744911804613,0.7568465263084542,-0.5549308183969813,-0.8131534847209294,-0.9150163406842154,11898.409610913755,-0.8810159038908625
96,atr,3.0,2.0,1.0,,1811,0,0.27388183324130316,0.4720879041315052,0.2924498754694799,-0.9957213104294015,-0.9996474849803111,57.6327911884831,-0.9994236720881152
96,atr,3.0,3.0,,1.0,55,1756,0.3090909090909091,1.1361349962398946,0.2327234146930317,0.022505417223976032,-0.10871762472118651,106495.55372727258,0.06495553727272574
96,atr,3.0,3.0,,2.0,101,1710,0.33663366336633666,1.2100529225524113,0.5230991441238686,0.10430444184695875,-0.18236292415032263,119089.83599971306,0.19089835999713056
96,atr,3.0,3.0,,3.0,142,1669,0.34507042253521125,1.216276406662297,0.6004991296870253,0.1622602430107407,-0.23859122419061374,128274.02011343009,0.282740201134301
96,atr,3.0,3.0,,4.0,183,1628,0.3551912568306011,1.2277571308900874,0.6798652631941761,0.23311573875746783,-0.29639582463183145,139786.6065881538,0.39786606588153806
96,atr,3.0,3.0,,5.0,229,1582,0.34497816593886466,1.1610605097161255,0.6175045347929906,0.21342372740043114,-0.35941552798054166,136556.2075854428,0.365562075854428
96,atr,3.0,3.0,,6.0,279,1532,0.3333333333333333,1.0920770434437657,0.5311914566634425,0.14912538196469471,-0.40899629827002304,126173.98055419096,0.26173980554190956
96,atr,3.0,3.0,,8.0,365,1446,0.32602739726027397,1.0320694218595587,0.4757429918241055,0.057408528885467325,-0.5117962811538945,111815.78349005712,0.11815783490057119
96,atr,3.0,3.0,,12.0,531,1280,0.3182674199623352,0.9249343905580554,0.3115614569236683,-0.28484767970183256,-0.6981601895615667,65207.15286274568,-0.34792847137254324
96,atr,3.0,3.0,,,231,1580,0.03896103896103896,0.064117137808982,-0.7570917498537073,-1.0,-1.3275663070491397,-34758.67655640495,-1.3475867655640494
96,atr,3.0,3.0,0.5,1.0,74,1737,0.1891891891891892,0.8655969352310241,-0.4589815292737109,-0.06631815779284145,-0.12639126407499535,93327.74789974025,-0.06672252100259746
96,atr,3.0,3.0,0.5,2.0,140,1671,0.2,0.8888037235218011,-0.2786140028762559,-0.09163860698526838,-0.22082485535639618,89674.5076967877,-0.10325492303212302
96,atr,3.0,3.0,0.5,3.0,204,1607,0.19607843137254902,0.8551704377085932,-0.3091394271513842,-0.14730958612605183,-0.2936332930295654,81804.2818878958,-0.18195718112104198
96,atr,3.0,3.0,0.5,4.0,268,1543,0.20149253731343283,0.8703994951153132,-0.19769492439061906,-0.16675327932790396,-0.3696043495405831,79109.09603511333,-0.20890903964886676
96,atr,3.0,3.0,0.5,5.0,326,1485,0.20245398773006135,0.8548211524545068,-0.19183305760472583,-0.21737941017249995,-0.4366964623051185,72225.27574137514,-0.2777472425862486
96,atr,3.0,3.0,0.5,6.0,388,1423,0.2036082474226804,0.8462065606189187,-0.17509776912580166,-0.27457519952001685,-0.5195675409290054,64687.50084103816,-0.3531249915896184
96,atr,3.0,3.0,0.5,8.0,495,1316,0.20404040404040405,0.8195770577487569,-0.16062893036725123,-0.37961700323104275,-0.6178073515277382,51541.43256926428,-0.4845856743073572
96,atr,3.0,3.0,0.5,12.0,683,1128,0.21376281112737922,0.8016944400292351,-0.0793474043325918,-0.5436778190832058,-0.7713746048648384,33954.43746852012,-0.6604556253147988
96,atr,3.0,3.0,0.5,,1811,0,0.26615129762562123,0.6726539740535298,0.7165423471491368,-0.9260340276889117,-0.9865592001654273,2416.3930838675915,-0.975836069161324
96,atr,3.0,3.0,1.0,1.0,63,1748,0.25396825396825395,0.9800873861495005,-0.14427007915254217,-0.027823208045150483,-0.13298425694403582,98967.9901428374,-0.010320098571625969
96,atr,3.0,3.0,1.0,2.0,119,1692,0.2689075630252101,1.0291653178862155,0.1163930757246978,-0.0013179629870984089,-0.22145435499184496,102910.9172629116,0.029109172629115942
96,atr,3.0,3.0,1.0,3.0,165,1646,0.28484848484848485,1.0623719800605422,0.2832585736020057,0.03960041708227369,-0.2932338738630893,109091.22554702379,0.09091225547023796
96,atr,3.0,3.0,1.0,4.0,213,1598,0.29577464788732394,1.0978738875664833,0.43214569334860786,0.1002083920623631,-0.3376695750977081,118448.82292857107,0.18448822928571063
96,atr,3.0,3.0,1.0,5.0,264,1547,0.2916666666666667,1.0710510951688155,0.42630979198706215,0.08967996985745974,-0.40772782730651225,116806.12798196827,0.16806127981968277
96,atr,3.0,3.0,1.0,6.0,318,1493,0.2861635220125786,1.0283707389838546,0.37729513206819976,0.03481353436008394,-0.4935135796400859,108362.43325350745,0.08362433253507451
96,atr,3.0,3.0,1.0,8.0,408,1403,0.28431372549019607,0.9875673010332424,0.35646865696856034,-0.05253948591488167,-0.5917751712299991,95334.72840770538,-0.046652715922946175
96,atr,3.0,3.0,1.0,12.0,575,1236,0.2852173913043478,0.9211048998065983,0.287743114834507,-0.3148814395380958,-0.7601418503694615,61267.94117662075,-0.38732058823379256
96,atr,3.0,3.0,1.0,,235,1576,0.03404255319148936,0.08908474744009799,0.4018808358210819,-1.0,-1.0123719460590108,-1312.8104514544607,-1.0131281045145446
96,atr,4.0,0.5,,1.0,178,1633,0.1348314606741573,0.458673855420065,-2.3263258215021403,-0.6824672645913987,-0.8204695402861463,20633.786462822463,-0.7936621353717754
96,atr,4.0,0.5,,2.0,299,1512,0.1705685618729097,0.5818824343992084,-1.9195625302853645,-0.7820434599935333,-0.8969920002100714,12402.837764954558,-0.8759716223504544
96,atr,4.0,0.5,,3.0,404,1407,0.1782178217821782,0.6091438498714351,-1.797482038125919,-0.8587586025642212,-0.9446130720883055,6841.2539120518895,-0.9315874608794811
96,atr,4.0,0.5,,4.0,497,1314,0.17706237424547283,0.6311224444007097,-1.7685254573993103,-0.914124673794968,-0.9731120903616632,3437.8168366867108,-0.9656218316331329
96,atr,4.0,0.5,,5.0,610,1201,0.17868852459016393,0.6268886768128723,-1.7651341492398236,-0.9498521139054192,-0.9877825235974571,1571.9997273343556,-0.9842800027266565
96,atr,4.0,0.5,,6.0,698,1113,0.18051575931232092,0.6298657470012754,-1.6604609107512018,-0.9668578105828611,-0.9932544696627642,878.9521029345907,-0.9912104789706541
96,atr,4.0,0.5,,8.0,878,933,0.1845102505694761,0.6263424651868935,-1.5999128268425749,-0.9869318136264555,-0.9982541244594347,236.7854165807141,-0.9976321458341929
96,atr,4.0,0.5,,12.0,1155,656,0.18701298701298702,0.6269895914109784,-1.496206934561047,-0.9974600353421228,-0.9998382637333911,24.531112775614165,-0.9997546888722438
96,atr,4.0,0.5,,,1811,0,0.21258972943125345,0.6716560210243475,-0.9866157513907917,-0.9999829603268857,-0.9999998872149775,0.019353022123736227,-0.9999998064697788
96,atr,4.0,0.5,0.5,1.0,283,1528,0.09187279151943463,0.3954766767177018,-3.0166561081052774,-0.824007718384459,-0.9237647942992271,8756.713190838182,-0.9124328680916182
96,atr,4.0,0.5,0.5,2.0,449,1362,0.1091314031180401,0.4504437265951617,-2.63720301162199,-0.8979221088233049,-0.9654396977481168,4018.6959136471573,-0.9598130408635285
96,atr,4.0,0.5,0.5,3.0,601,1210,0.11480865224625623,0.4752879853578063,-2.5313707991030694,-0.9432267533628842,-0.9854369073221928,1775.197633254746,-0.9822480236674526
96,atr,4.0,0.5,0.5,4.0,722,1089,0.11772853185595568,0.49939772732223014,-2.3897393066274257,-0.9635545008825863,-0.9922563579466047,966.1381160765336,-0.9903386188392347
96,atr,4.0,0.5,0.5,5.0,839,972,0.12157330154946365,0.5102504337053623,-2.3040386199914136,-0.9772570052448852,-0.9962247834083032,495.0272771147428,-0.9950497272288525
96,atr,4.0,0.5,0.5,6.0,946,865,0.12473572938689217,0.5313832573342051,-2.1580614713875765,-0.9849773967264304,-0.9979265746750307,274.0241062634096,-0.997259758937366
96,atr,4.0,0.5,0.5,8.0,1137,674,0.1310466138962181,0.5610680984561521,-1.9822204109739374,-0.9931786130234851,-0.9993323043087494,90.65682292300951,-0.9990934317707699
96,atr,4.0,0.5,0.5,12.0,1397,414,0.14173228346456693,0.6065743878237162,-1.7021245317548062,-0.9972911139911721,-0.9998224092160127,26.536558715372433,-0.9997346344128463
96,atr,4.0,0.5,0.5,,1811,0,0.1518498067366096,0.6277910142004145,-1.4195887637408806,-0.9994868062961693,-0.9999841488228844,2.5542504107350306,-0.9999744574958926
96,atr,4.0,0.5,1.0,1.0,243,1568,0.1111111111111111,0.4330446078016215,-2.6406092317255037,-0.7598995974196451,-0.8803740328512543,13748.84610383116,-0.8625115389616884
96,atr,4.0,0.5,1.0,2.0,392,1419,0.125,0.48168316707229336,-2.381177701525088,-0.8657048656784294,-0.9485248495216145,5985.566195983943,-0.9401443380401606
96,atr,4.0,0.5,1.0,3.0,528,1283,0.13636363636363635,0.5141524379239832,-2.1939897678266846,-0.9144982257354665,-0.9736043387467005,3217.5525090530814,-0.9678244749094692
96,atr,4.0,0.5,1.0,4.0,637,1174,0.13657770800627944,0.537176204003889,-2.119838048109928,-0.948328249773969,-0.9871429987646433,1604.1081013648868,-0.9839589189863511
96,atr,4.0,0.5,1.0,5.0,732,1079,0.1407103825136612,0.5420615568664017,-1.96889096937537,-0.9646145883764154,-0.9928259395595651,940.7024787652924,-0.9905929752123471
96,atr,4.0,0.5,1.0,6.0,834,977,0.14268585131894485,0.5577209747348331,-1.8743864022966388,-0.9778332644567912,-0.99635180820916,482.14540592496945,-0.9951785459407503
96,atr,4.0,0.5,1.0,8.0,1017,794,0.14749262536873156,0.5646690860694348,-1.7808325650662244,-0.9905304924817284,-0.9989227069229764,145.98189465133268,-0.9985401810534866
96,atr,4.0,0.5,1.0,12.0,1287,524,0.1585081585081585,0.619243365121284,-1.5940938294062141,-0.9972496877897932,-0.9998184511698334,27.127991009777062,-0.9997287200899022
96,atr,4.0,0.5,1.0,,1811,0,0.17393705135284374,0.651262675178362,-1.2500333309684228,-0.9997596454928965,-0.9999947324939572,0.8488031756335134,-0.9999915119682437
96,atr,4.0,1.0,,1.0,122,1689,0.1721311475409836,0.6196663956548316,-1.3340187652554516,-0.3742784554056424,-0.5126431458756597,52657.26488333068,-0.4734273511666932
96,atr,4.0,1.0,,2.0,210,1601,0.19047619047619047,0.6625787886345879,-1.2496505728196494,-0.5151287949353549,-0.663496923123305,37755.62199936968,-0.6224437800063032
96,atr,4.0,1.0,,3.0,287,1524,0.1951219512195122,0.6771462219531968,-1.1775001744065454,-0.6197557121375246,-0.7635875520452057,27620.419162260387,-0.7237958083773961
96,atr,4.0,1.0,,4.0,356,1455,0.199438202247191,0.7163331873770733,-1.084529991821622,-0.689079786285312,-0.8235131761573015,21426.53917057251,-0.7857346082942749
96,atr,4.0,1.0,,5.0,429,1382,0.19813519813519814,0.7229944369367444,-1.0274322770756867,-0.7546559931361554,-0.874887480511543,15339.894838353057,-0.8466010516164695
96,atr,4.0,1.0,,6.0,504,1307,0.20238095238095238,0.7382989042646639,-0.9384048312187678,-0.805902313423464,-0.9109746666173505,11134.773850000318,-0.8886522614999968
96,atr,4.0,1.0,,8.0,644,1167,0.20186335403726707,0.7291870404274621,-0.8825499294171475,-0.8876289443530759,-0.9597498132988613,5358.724480901496,-0.946412755190985
96,atr,4.0,1.0,,12.0,889,922,0.2080989876265467,0.7027691896447777,-0.7749007294335329,-0.9588791110532724,-0.9906530473296384,1435.534030724094,-0.985644659692759
96,atr,4.0,1.0,,,234,1577,0.14102564102564102,0.5280521115896296,-1.2016878739459833,-1.0,-1.05710972389898,-9975.222585657186,-1.099752225856572
96,atr,4.0,1.0,0.5,1.0,177,1634,0.1016949152542373,0.42097456379189335,-2.207569947183387,-0.5460985170885759,-0.6942567752913296,33034.52456556736,-0.6696547543443264
96,atr,4.0,1.0,0.5,2.0,309,1502,0.11003236245954692,0.4474175289421524,-2.026681076423964,-0.7033778353981002,-0.8351769906452925,18186.581253974422,-0.8181341874602558
96,atr,4.0,1.0,0.5,3.0,431,1380,0.1136890951276102,0.4596043561350454,-1.9141627020834182,-0.7928209989584292,-0.9021292661711551,11134.425473442225,-0.8886557452655778
96,atr,4.0,1.0,0.5,4.0,536,1275,0.11940298507462686,0.5019221143186327,-1.7454503105137342,-0.8420260380957341,-0.9339884185121143,7811.879381304683,-0.9218812061869531
96,atr,4.0,1.0,0.5,5.0,632,1179,0.12183544303797468,0.500534489822694,-1.6697985342201178,-0.8832649103300196,-0.957459715562244,5168.57486822934,-0.9483142513177066
96,atr,4.0,1.0,0.5,6.0,719,1092,0.12795549374130738,0.5290230323350614,-1.5028045629274216,-0.9051703423709639,-0.9685433481934553,3936.367698169599,-0.960636323018304
96,atr,4.0,1.0,0.5,8.0,889,922,0.12935883014623173,0.5287792604524368,-1.3937619881925243,-0.9459413714299246,-0.986093540542856,1855.5153540449276,-0.9814448464595508
96,atr,4.0,1.0,0.5,12.0,1131,680,0.138815207780725,0.5543300033449152,-1.1422113839022814,-0.9743406800004222,-0.9952880874325731,715.5807025764271,-0.9928441929742358
96,atr,4.0,1.0,0.5,,1811,0,0.1695196024295969,0.5235299640714989,-0.35277707547628506,-0.9966187787768358,-0.9997517708274675,40.85763717376196,-0.9995914236282624
96,atr,4.0,1.0,1.0,1.0,137,1674,0.13138686131386862,0.5124932910273483,-1.646393148062319,-0.43801067812441885,-0.5830450975404246,45050.57137785855,-0.5494942862214145
96,atr,4.0,1.0,1.0,2.0,253,1558,0.1422924901185771,0.5445344457255642,-1.5956353885662513,-0.6114847196448577,-0.7560822366013397,27367.556217579757,-0.7263244378242024
96,atr,4.0,1.0,1.0,3.0,345,1466,0.14492753623188406,0.5661746596568638,-1.5143576038847542,-0.7054974500873331,-0.836884834878947,19056.988205740694,-0.8094301179425931
96,atr,4.0,1.0,1.0,4.0,437,1374,0.15331807780320367,0.6128345626218822,-1.321764338393476,-0.7639593721845275,-0.8817183994821891,14360.082477951706,-0.8563991752204829
96,atr,4.0,1.0,1.0,5.0,524,1287,0.15267175572519084,0.6078637063485991,-1.3027777198212296,-0.8243991891466684,-0.9230260132414039,9437.687507160987,-0.9056231249283901
96,atr,4.0,1.0,1.0,6.0,605,1206,0.15867768595041323,0.6364229563351673,-1.1663208043329236,-0.8575299028066057,-0.943184906084212,7106.103375088543,-0.9289389662491145
96,atr,4.0,1.0,1.0,8.0,766,1045,0.15535248041775457,0.6176906429511484,-1.1319259843592546,-0.922719171611045,-0.9766312278539343,3111.210696177689,-0.9688878930382231
96,atr,4.0,1.0,1.0,12.0,1011,800,0.1671612265084075,0.6332656208269831,-0.8905195019120166,-0.9635472461085988,-0.9921537196042955,1205.056120413759,-0.9879494387958624
96,atr,4.0,1.0,1.0,,1811,0,0.20320265046935396,0.5416402678681648,-0.14678660098251617,-0.9988210167282141,-0.9999462606066858,9.386534784781972,-0.9999061346521522
96,atr,4.0,1.5,,1.0,91,1720,0.18681318681318682,0.6746027042437657,-1.1636079168766251,-0.2470339977559196,-0.36295215824386595,68833.84975313304,-0.31166150246866964
96,atr,4.0,1.5,,2.0,166,1645,0.19879518072289157,0.7497522626118676,-0.8690095230730694,-0.34356861037459907,-0.47776276607719725,58727.74915997707,-0.4127225084002293
96,atr,4.0,1.5,,3.0,231,1580,0.20346320346320346,0.7565791070975595,-0.8355248543245061,-0.44126191002105275,-0.5867349561652921,48571.89515774228,-0.5142810484225773
96,atr,4.0,1.5,,4.0,292,1519,0.2089041095890411,0.7625512406007521,-0.7388892079713949,-0.5131062798894448,-0.6616128214846042,39771.34481315556,-0.6022865518684444
96,atr,4.0,1.5,,5.0,351,1460,0.20512820512820512,0.7518158411402066,-0.7708369341863971,-0.6012336238109994,-0.7467964715695512,29759.534274602694,-0.702404657253973
96,atr,4.0,1.5,,6.0,414,1397,0.20531400966183574,0.7652004280065037,-0.7421270517068822,-0.6674867452411557,-0.8055253505206312,23755.417181988167,-0.7624458281801183
96,atr,4.0,1.5,,8.0,525,1286,0.21714285714285714,0.7920735858769081,-0.5233449987577664,-0.7271326724708869,-0.8540630352716159,18070.760932916757,-0.8192923906708325
96,atr,4.0,1.5,,12.0,723,1088,0.22821576763485477,0.7803454910647515,-0.3545127280047874,-0.8558127936569705,-0.9422143833852592,7636.639822010861,-0.9236336017798914
96,atr,4.0,1.5,,,233,1578,0.07296137339055794,0.3172486690174592,-1.2606503904684458,-1.0,-1.1309680911590876,-19030.96962052174,-1.1903096962052173
96,atr,4.0,1.5,0.5,1.0,130,1681,0.1,0.45724906741283144,-1.9348837230297633,-0.38288513107947464,-0.5225695225644242,51558.794606172625,-0.4844120539382738
96,atr,4.0,1.5,0.5,2.0,231,1580,0.11688311688311688,0.5610828465760861,-1.4870092432025666,-0.48525885892291776,-0.6331439067328439,40583.486708553144,-0.5941651329144686
96,atr,4.0,1.5,0.5,3.0,321,1490,0.12149532710280374,0.5549407299621675,-1.3210071183949377,-0.5738232101906867,-0.7211299821643818,30728.024847990113,-0.6927197515200989
96,atr,4.0,1.5,0.5,4.0,407,1404,0.12530712530712532,0.544973318354473,-1.2353377598188906,-0.6450647970833931,-0.7861921540070967,23558.978678869098,-0.7644102132113091
96,atr,4.0,1.5,0.5,5.0,496,1315,0.12298387096774194,0.5121287314295249,-1.2720334395240729,-0.731025941942631,-0.8570774377619659,15748.297640148094,-0.8425170235985191
96,atr,4.0,1.5,0.5,6.0,580,1231,0.12586206896551724,0.5265284523255538,-1.2190195554421395,-0.7829561118918674,-0.8953370751736878,12016.06767174765,-0.8798393232825235
96,atr,4.0,1.5,0.5,8.0,731,1080,0.12995896032831739,0.5009773634111838,-1.1201316638875436,-0.8618912514972032,-0.945718456860076,6391.273384213108,-0.936087266157869
96,atr,4.0,1.5,0.5,12.0,954,857,0.14255765199161424,0.5122559891650407,-0.7758034559394209,-0.9178995892731048,-0.9744968169116002,3217.7641251059217,-0.9678223587489407
96,atr,4.0,1.5,0.5,,1811,0,0.19160684704583103,0.3711200434982622,0.22803365181726346,-0.9893117854032786,-0.9988796760745257,178.18990721404694,-0.9982181009278596
96,atr,4.0,1.5,1.0,1.0,105,1706,0.14285714285714285,0.5738462707350059,-1.5078550806369944,-0.3086581777477181,-0.436944153408247,60805.671439662554,-0.39194328560337444
96,atr,4.0,1.5,1.0,2.0,191,1620,0.15706806282722513,0.67519600819773,-1.1234320638752708,-0.4002250712725661,-0.5419287872167654,51512.01318923362,-0.4848798681076638
96,atr,4.0,1.5,1.0,3.0,268,1543,0.16044776119402984,0.704261135746837,-0.9783264435392164,-0.47975405021286255,-0.6274320557962931,43788.68088401869,-0.5621131911598131
96,atr,4.0,1.5,1.0,4.0,342,1469,0.16374269005847952,0.6893091459687107,-0.9317135047689575,-0.5698054601161296,-0.7173035060249257,33225.90350107283,-0.6677409649892716
96,atr,4.0,1.5,1.0,5.0,418,1393,0.16028708133971292,0.6642428756797119,-0.9706781006674673,-0.6636831886621503,-0.8022861013831887,23237.723340291177,-0.7676227665970883
96,atr,4.0,1.5,1.0,6.0,484,1327,0.1652892561983471,0.6894334112531585,-0.8768485252193389,-0.7071539662522919,-0.8382904388318241,19753.104572500008,-0.8024689542749999
96,atr,4.0,1.5,1.0,8.0,611,1200,0.1734860883797054,0.6955068863392263,-0.7185863000066008,-0.7824536116698176,-0.8949849562358357,13003.571464940213,-0.8699642853505979
96,atr,4.0,1.5,1.0,12.0,823,988,0.1859052247873633,0.7091642768134307,-0.4411838128721182,-0.8734990568246968,-0.9522166451865426,6314.7940884763,-0.936852059115237
96,atr,4.0,1.5,1.0,,1811,0,0.23246824958586415,0.4003341799479909,0.3667156857076134,-0.996665752890736,-0.9997568760662099,35.32833193973748,-0.9996467166806027
96,atr,4.0,2.0,,1.0,72,1739,0.2222222222222222,0.8806093986938563,-0.4035941818598042,-0.08735855704847506,-0.18752794538372408,91260.93686920685,-0.08739063130793145
96,atr,4.0,2.0,,2.0,136,1675,0.23529411764705882,0.9187326768564372,-0.16243931717959087,-0.10695739150982708,-0.31864992100583656,88428.42028203057,-0.11571579717969438
96,atr,4.0,2.0,,3.0,187,1624,0.25133689839572193,0.9659470379346706,0.004715237134780773,-0.09765442289199833,-0.3663497547303183,93181.28168746969,-0.06818718312530314
96,atr,4.0,2.0,,4.0,239,1572,0.25523012552301255,0.9610576917406225,0.07594320208485561,-0.12066320370341066,-0.44145964251080605,89750.39791455555,-0.10249602085444454
96,atr,4.0,2.0,,5.0,292,1519,0.2568493150684932,0.957341499452193,0.13963625195678353,-0.14762121589772492,-0.5266389468850956,85782.04468881778,-0.14217955311182218
96,atr,4.0,2.0,,6.0,343,1468,0.2565597667638484,0.9456770072921185,0.16416500867943754,-0.19890998526740822,-0.5958028831990415,78388.584115648,-0.21611415884352003
96,atr,4.0,2.0,,8.0,450,1361,0.25555555555555554,0.9278685329920568,0.178538021614154,-0.3305633160673783,-0.7130510532024741,62674.44820403039,-0.373255517959696
96,atr,4.0,2.0,,12.0,632,1179,0.2610759493670886,0.8927992795066699,0.2094231902727503,-0.5692957956589341,-0.8505569718867929,34275.58487170025,-0.6572441512829974
96,atr,4.0,2.0,,,234,1577,0.042735042735042736,0.13834349918424835,-1.1549493215959084,-1.0,-1.2091171246167183,-24360.475649198455,-1.2436047564919845
96,atr,4.0,2.0,0.5,1.0,104,1707,0.11538461538461539,0.590470333481328,-1.3214328139903142,-0.2279581494199111,-0.31322939132709937,71574.09690025004,-0.2842590309974996
96,atr,4.0,2.0,0.5,2.0,199,1612,0.135678391959799,0.7259023499507088,-0.8451281754702263,-0.29319934867866293,-0.39588203928829624,65319.720916740545,-0.3468027908325946
96,atr,4.0,2.0,0.5,3.0,283,1528,0.13780918727915195,0.728399865146715,-0.8006428581259301,-0.38748980535436495,-0.5093097336167685,54951.828682645195,-0.450481713173548
96,atr,4.0,2.0,0.5,4.0,359,1452,0.14484679665738162,0.730965569144143,-0.6522710656660805,-0.4396863339456235,-0.5688520866989364,48283.750242757334,-0.5171624975724267
96,atr,4.0,2.0,0.5,5.0,429,1382,0.14918414918414918,0.7467920348632264,-0.5094713586559039,-0.47469581245996206,-0.6114480109265736,43964.76630380203,-0.5603523369619796
96,atr,4.0,2.0,0.5,6.0,501,1310,0.15169660678642716,0.743457556699849,-0.4232975222885387,-0.5229959640987978,-0.6714504664682266,38217.850770101046,-0.6178214922989895
96,atr,4.0,2.0,0.5,8.0,628,1183,0.15605095541401273,0.7237259880496012,-0.365642226910184,-0.6405945750865367,-0.7737755302503838,25334.613619162643,-0.7466538638083735
96,atr,4.0,2.0,0.5,12.0,854,957,0.15807962529274006,0.6618013274324303,-0.2846702425324628,-0.7978472905351993,-0.9019196001577285,10983.909195884598,-0.890160908041154
96,atr,4.0,2.0,0.5,,1811,0,0.21258972943125345,0.4506162742516834,0.646020995578193,-0.9607649976333033,-0.9954042592585928,1015.4373901505104,-0.9898456260984949
96,atr,4.0,2.0,1.0,1.0,82,1729,0.17073170731707318,0.7447618207541848,-0.83113557113902,-0.15409088511232916,-0.21576479745424315,81731.69566482077,-0.1826830433517923
96,atr,4.0,2.0,1.0,2.0,154,1657,0.2012987012987013,0.882893072375003,-0.2716027937680503,-0.13831848162147098,-0.3257274613849086,83954.32387403888,-0.16045676125961128
96,atr,4.0,2.0,1.0,3.0,218,1593,0.2018348623853211,0.8963355264071972,-0.22075991336147935,-0.1885651027268762,-0.4281572468901388,79863.07241505255,-0.2013692758494745
96,atr,4.0,2.0,1.0,4.0,284,1527,0.2007042253521127,0.8847730938591629,-0.1701655915288195,-0.24345060112465267,-0.5187655080031596,72138.95172987397,-0.2786104827012603
96,atr,4.0,2.0,1.0,5.0,340,1471,0.20588235294117646,0.8952485379582189,-0.05896159937491774,-0.2632491247872796,-0.5780812270541142,69413.39608437798,-0.30586603915622024
96,atr,4.0,2.0,1.0,6.0,401,1410,0.20448877805486285,0.874553383468828,-0.05513098654041271,-0.33963210955549805,-0.6387170701839702,59211.32535288956,-0.40788674647110446
96,atr,4.0,2.0,1.0,8.0,517,1294,0.20696324951644102,0.8580656179779218,-0.02595380369294208,-0.47254538758668574,-0.7427963856707513,44333.664848905704,-0.5566633515109429
96,atr,4.0,2.0,1.0,12.0,716,1095,0.21508379888268156,0.843661889899231,0.09442264700371457,-0.6497336726868622,-0.8697761896454408,25385.695296710495,-0.746143047032895
96,atr,4.0,2.0,1.0,,1811,0,0.26339039204859194,0.35690496298248137,0.8010032348006862,-0.9878741132466623,-0.9983525129875863,191.91908516260162,-0.9980808091483739
96,atr,4.0,3.0,,1.0,53,1758,0.3018867924528302,1.360676617421619,0.778233840645634,0.11545118565673862,-0.10871762472118607,117196.94831343391,0.17196948313433902
96,atr,4.0,3.0,,2.0,98,1713,0.32653061224489793,1.4601671801497282,1.017242786622082,0.28317168200583254,-0.1823629241503224,143638.45747047104,0.43638457470471037
96,atr,4.0,3.0,,3.0,139,1672,0.3381294964028777,1.4929364225218942,1.1137486132410002,0.44539124380883965,-0.23859122419061396,170749.631794643,0.70749631794643
96,atr,4.0,3.0,,4.0,179,1632,0.3463687150837989,1.46371543131298,1.114459478618606,0.5600033235820312,-0.29639582463183123,190761.98457211824,0.9076198457211824
96,atr,4.0,3.0,,5.0,224,1587,0.33035714285714285,1.342085457340755,1.0005360590644798,0.5471366068881856,-0.3594155279805411,188481.10480542545,0.8848110480542546
96,atr,4.0,3.0,,6.0,270,1541,0.31851851851851853,1.2427967425517263,0.8961025645734019,0.4939516301755267,-0.4089962982700235,179144.329105254,0.79144329105254
96,atr,4.0,3.0,,8.0,353,1458,0.311614730878187,1.1780076982860521,0.8777368146451117,0.5074371810561362,-0.4943491202443292,181497.7528809415,0.814977528809415
96,atr,4.0,3.0,,12.0,521,1290,0.31094049904030713,1.0486020772261226,0.7655725529553729,0.21745659787721006,-0.6935686936346692,133079.45626369846,0.3307945626369846
96,atr,4.0,3.0,,,231,1580,0.03463203463203463,0.022669371778612106,-0.7449460363788506,-1.0,-1.3457152715957763,-34571.527159577636,-1.3457152715957763
96,atr,4.0,3.0,0.5,1.0,72,1739,0.19444444444444445,1.0563648838001505,0.20395507100722624,0.019833072967518017,-0.116944517335978,102893.39346655524,0.028933934665552385
96,atr,4.0,3.0,0.5,2.0,137,1674,0.20437956204379562,1.0914718194787059,0.357973950066487,0.06325654558068328,-0.20868800211890648,109317.22991402441,0.09317229914024416
96,atr,4.0,3.0,0.5,3.0,201,1610,0.19900497512437812,1.0610879947798677,0.33681037147132104,0.05945117626966767,-0.27660499279042894,108749.4553111926,0.087494553111926
96,atr,4.0,3.0,0.5,4.0,265,1546,0.2,1.0634985489228246,0.3996403894817281,0.08233763383497128,-0.34887684582685474,112178.03218324414,0.12178032183244136
96,atr,4.0,3.0,0.5,5.0,323,1488,0.19814241486068113,1.0260172626274695,0.36075612800644885,0.04172736744196359,-0.42372677532312497,106117.17467283542,0.061171746728354126
96,atr,4.0,3.0,0.5,6.0,383,1428,0.19843342036553524,0.9887973317885955,0.31857731751382284,-0.02185487466959002,-0.5050466584583155,96841.59379583082,-0.03158406204169184
96,atr,4.0,3.0,0.5,8.0,489,1322,0.1983640081799591,0.957460136019591,0.3166444967094779,-0.10312506516363651,-0.5976543760074239,85378.53387846709,-0.1462146612153291
96,atr,4.0,3.0,0.5,12.0,677,1134,0.20827178729689808,0.9223397141074045,0.36914574410704176,-0.26667722508321434,-0.7641134774786076,63731.9600594267,-0.36268039940573293
96,atr,4.0,3.0,0.5,,1811,0,0.2606294864715627,0.8667984110021589,1.0471428550656372,-0.8065011751642212,-0.9865210547670114,9204.181968526826,-0.9079581803147317
96,atr,4.0,3.0,1.0,1.0,61,1750,0.26229508196721313,1.194357058207265,0.5155357992410392,0.07125094635505191,-0.12360880337245694,110513.01731439446,0.10513017314394446
96,atr,4.0,3.0,1.0,2.0,116,1695,0.2672413793103448,1.222890983520492,0.6650754557867651,0.16027098297457076,-0.2063128610057584,124098.03023382452,0.2409803023382453
96,atr,4.0,3.0,1.0,3.0,162,1649,0.2839506172839506,1.2693890425911776,0.8317972543515698,0.29308672167392236,-0.27360791098848614,145253.25577535055,0.45253255775350554
96,atr,4.0,3.0,1.0,4.0,209,1602,0.291866028708134,1.3005034139254934,0.9347410040140997,0.432943269238639,-0.3220969831782987,168618.03318470437,0.6861803318470436
96,atr,4.0,3.0,1.0,5.0,260,1551,0.28076923076923077,1.233942839788664,0.8582846274748139,0.4282609031983067,-0.39941709966542294,167818.38376722197,0.6781838376722196
96,atr,4.0,3.0,1.0,6.0,311,1500,0.2765273311897106,1.1675088727995202,0.7930173148783409,0.39224921128893064,-0.48256220612491263,161708.1114265011,0.617081114265011
96,atr,4.0,3.0,1.0,8.0,400,1411,0.2725,1.108712091516132,0.75164237017404,0.3392650204949008,-0.5771862527111805,152847.56545279024,0.5284756545279023
96,atr,4.0,3.0,1.0,12.0,569,1242,0.27768014059753954,1.028807739965177,0.7293275945603773,0.14601977876322492,-0.7564932007249296,121890.39866950315,0.21890398669503153
96,atr,4.0,3.0,1.0,,234,1577,0.029914529914529916,0.028995120110430293,-0.28191763334808884,-1.0,-1.0179305115945807,-1793.0511594580807,-1.0179305115945807
96,atr,5.0,0.5,,1.0,166,1645,0.12048192771084337,0.43597247519436366,-2.069761110338951,-0.649852685143304,-0.7929549689968834,22998.748050169947,-0.7700125194983005
96,atr,5.0,0.5,,2.0,293,1518,0.13993174061433447,0.5063996248762105,-2.0309516586769703,-0.798370597594507,-0.9071175749110195,10806.567011198595,-0.891934329888014
96,atr,5.0,0.5,,3.0,380,1431,0.15,0.554485875068647,-1.8295535264136273,-0.8588613771932707,-0.9446715969288298,6745.600141156227,-0.9325439985884377
96,atr,5.0,0.5,,4.0,479,1332,0.1524008350730689,0.5910894081073815,-1.752879543545269,-0.9130941118747149,-0.9726421767979164,3501.232201720437,-0.9649876779827956
96,atr,5.0,0.5,,5.0,581,1230,0.15834767641996558,0.6062152359344968,-1.615699013406426,-0.9417229778053136,-0.9846884859323604,1957.2707501299762,-0.9804272924987002
96,atr,5.0,0.5,,6.0,670,1141,0.16119402985074627,0.6029427365500543,-1.5104015705650289,-0.9611693329193471,-0.991509550250891,1108.2862553499835,-0.9889171374465001
96,atr,5.0,0.5,,8.0,858,953,0.1655011655011655,0.6043837524554657,-1.3534820791843998,-0.9845147694164194,-0.9977661336810074,310.2905660557957,-0.9968970943394421
96,atr,5.0,0.5,,12.0,1120,691,0.17142857142857143,0.6317144947923293,-1.1733438513899894,-0.996442727224404,-0.9997361995755653,42.78044544124024,-0.9995721955455876
96,atr,5.0,0.5,,,1811,0,0.20209828823854223,0.6690945709716352,-0.44473481539665294,-0.9999884810628034,-0.9999999361331169,0.012211950659203198,-0.9999998778804934
96,atr,5.0,0.5,0.5,1.0,264,1547,0.07954545454545454,0.3566021233785267,-2.673864361553237,-0.8004269474837914,-0.9084902013432823,10164.990645904221,-0.8983500935409577
96,atr,5.0,0.5,0.5,2.0,425,1386,0.09411764705882353,0.39667395854830595,-2.350640752408043,-0.8866049686828579,-0.9597378800009833,4526.790404318026,-0.9547320959568197
96,atr,5.0,0.5,0.5,3.0,570,1241,0.1,0.43968176975986123,-2.329516783580767,-0.9360254731662404,-0.9824671023282093,2044.630966280111,-0.9795536903371989
96,atr,5.0,0.5,0.5,4.0,701,1110,0.10271041369472182,0.4527319151446719,-2.21195111493619,-0.9613722616299193,-0.9915739176148467,1033.6842090433913,-0.989663157909566
96,atr,5.0,0.5,0.5,5.0,811,1000,0.10727496917385944,0.4874211578182228,-2.066566467754891,-0.9744458675085937,-0.9953760496114638,586.3811406187558,-0.9941361885938125
96,atr,5.0,0.5,0.5,6.0,913,898,0.11062431544359255,0.5080892469373116,-1.8883004744864713,-0.9820997850261315,-0.9972427835224953,356.41323550284466,-0.9964358676449716
96,atr,5.0,0.5,0.5,8.0,1101,710,0.11807447774750227,0.5624081490532541,-1.6596886091726624,-0.9910597783368185,-0.9989940797695235,138.84226853334698,-0.9986115773146665
96,atr,5.0,0.5,0.5,12.0,1347,464,0.13140311804008908,0.6170136768667492,-1.2249094823656157,-0.9958257318864645,-0.9996672159694087,53.545766114179614,-0.9994645423388582
96,atr,5.0,0.5,0.5,,1811,0,0.14025400331308668,0.6190375197638267,-0.8873628567192801,-0.9994034732793807,-0.9999802770190522,3.518617158830591,-0.9999648138284117
96,atr,5.0,0.5,1.0,1.0,229,1582,0.09170305676855896,0.3935229496423196,-2.3745052577067884,-0.7395533278170416,-0.8652938569270615,14963.27939064629,-0.8503672060935371
96,atr,5.0,0.5,1.0,2.0,380,1431,0.10526315789473684,0.4218951091156239,-2.2337266028664198,-0.8611893739615236,-0.9459920924134175,6072.2703579991985,-0.939277296420008
96,atr,5.0,0.5,1.0,3.0,504,1307,0.11507936507936507,0.45063833577275386,-2.0747123895029023,-0.9121649857535961,-0.9722163485416608,3240.041389134045,-0.9675995861086596
96,atr,5.0,0.5,1.0,4.0,611,1200,0.11783960720130933,0.4803521743297083,-1.9425915686161535,-0.9441332590264017,-0.985599564060032,1766.59834951461,-0.9823340165048539
96,atr,5.0,0.5,1.0,5.0,708,1103,0.1228813559322034,0.520224361831615,-1.76339983599248,-0.9599836750128916,-0.9911304373786501,1124.7837475918507,-0.9887521625240815
96,atr,5.0,0.5,1.0,6.0,804,1007,0.1256218905472637,0.5303355318366649,-1.6566172831614399,-0.9731022220499523,-0.9950187735650234,643.9012115831456,-0.9935609878841686
96,atr,5.0,0.5,1.0,8.0,996,815,0.12951807228915663,0.5383640284053376,-1.5593773263451893,-0.9894662938573452,-0.9987234998593262,176.18909526288093,-0.9982381090473712
96,atr,5.0,0.5,1.0,12.0,1251,560,0.14308553157474022,0.6057405547004173,-1.1866637901191197,-0.9962084099828178,-0.9997105906579027,46.566672432166364,-0.9995343332756783
96,atr,5.0,0.5,1.0,,1811,0,0.15847598012147984,0.6113311798290014,-0.7413969794942302,-0.9997723143587881,-0.9999951308860202,0.8686591566863977,-0.9999913134084332
96,atr,5.0,1.0,,1.0,118,1693,0.16101694915254236,0.7013768300172327,-1.0129492185341966,-0.3175593260408185,-0.45350510117394827,60288.703561762464,-0.3971129643823753
96,atr,5.0,1.0,,2.0,200,1611,0.17,0.7234116601857731,-0.9658299882817659,-0.4701275495152134,-0.6215758933183635,43869.95106534922,-0.5613004893465079
96,atr,5.0,1.0,,3.0,268,1543,0.17537313432835822,0.7458722724506467,-0.8789843459350798,-0.5613139359521649,-0.7123541338194224,35273.82244421895,-0.6472617755578105
96,atr,5.0,1.0,,4.0,334,1477,0.17664670658682635,0.7411964628319511,-0.8709245938728429,-0.6530179844353541,-0.7953849005582916,25091.81439994,-0.7490818560006
96,atr,5.0,1.0,,5.0,406,1405,0.17733990147783252,0.7441215195362836,-0.8508927071603359,-0.7320711081572002,-0.8594426461351711,17526.22342938944,-0.8247377657061056
96,atr,5.0,1.0,,6.0,473,1338,0.17970401691331925,0.7434358951839838,-0.7986916521865645,-0.7900599427638021,-0.9013695013215567,12151.952171431081,-0.8784804782856892
96,atr,5.0,1.0,,8.0,605,1206,0.1834710743801653,0.7344946443461075,-0.6790669527129459,-0.8665584422081433,-0.948928743148043,6480.136478601326,-0.9351986352139867
96,atr,5.0,1.0,,12.0,841,970,0.19143876337693222,0.6926196312759763,-0.42387208296792667,-0.9440546123636097,-0.9855501350072745,1993.5358367719484,-0.9800646416322805
96,atr,5.0,1.0,,,231,1580,0.0735930735930736,0.36294027336717977,-1.3101431819129126,-1.0,-1.11680460282828,-17476.562585596144,-1.1747656258559616
96,atr,5.0,1.0,0.5,1.0,167,1644,0.09580838323353294,0.4826479657405067,-1.7847370333749637,-0.4957147636623851,-0.6478240128138446,38851.65943661507,-0.6114834056338494
96,atr,5.0,1.0,0.5,2.0,294,1517,0.09863945578231292,0.5070928257444979,-1.640610581568635,-0.6574141804997022,-0.7991392874656257,22796.153690044717,-0.7720384630995528
96,atr,5.0,1.0,0.5,3.0,399,1412,0.10275689223057644,0.5014382537749291,-1.4901474435541568,-0.7387614691530746,-0.8645113026722848,15298.300061524962,-0.8470169993847504
96,atr,5.0,1.0,0.5,4.0,500,1311,0.104,0.48757015082172867,-1.426346663442737,-0.8111400737712171,-0.9154202606342451,9550.06769910255,-0.9044993230089745
96,atr,5.0,1.0,0.5,5.0,600,1211,0.105,0.45473737419515126,-1.4330116948837903,-0.8688828427690164,-0.9502156792003346,5552.363506617377,-0.9444763649338263
96,atr,5.0,1.0,0.5,6.0,684,1127,0.10964912280701754,0.4687601978514223,-1.2992121142896875,-0.8936337380267503,-0.9632603001794833,4236.705854507843,-0.9576329414549216
96,atr,5.0,1.0,0.5,8.0,841,970,0.11296076099881094,0.44954739063627597,-1.1168726388678578,-0.9348129502111937,-0.9819574638481643,2148.496118883912,-0.9785150388111609
96,atr,5.0,1.0,0.5,12.0,1083,728,0.12280701754385964,0.44843756854936834,-0.7797553555359998,-0.9677825648001311,-0.9935171373668147,845.5678349735547,-0.9915443216502644
96,atr,5.0,1.0,0.5,,1811,0,0.15958034235229154,0.3689105069770467,0.06765791169019247,-0.9958476503050552,-0.9996692936431197,45.052331520308336,-0.9995494766847969
96,atr,5.0,1.0,1.0,1.0,134,1677,0.11940298507462686,0.574511274381125,-1.4205471902632631,-0.4051430352850165,-0.5523401220030156,49385.33504892868,-0.5061466495107132
96,atr,5.0,1.0,1.0,2.0,246,1565,0.12195121951219512,0.5960824279957675,-1.3601829681425246,-0.5812027410589529,-0.7310988560668457,31173.172685027464,-0.6882682731497254
96,atr,5.0,1.0,1.0,3.0,329,1482,0.1276595744680851,0.6426063188672408,-1.162494467119743,-0.6516001388354484,-0.7941694393104809,25240.865609374716,-0.7475913439062528
96,atr,5.0,1.0,1.0,4.0,417,1394,0.12949640287769784,0.631169871447131,-1.1377299131941905,-0.7409554303713475,-0.8661607873154514,16412.614187700783,-0.8358738581229922
96,atr,5.0,1.0,1.0,5.0,502,1309,0.13147410358565736,0.6306960084515768,-1.0930885893704203,-0.8007857299753021,-0.9086026832058988,11396.413997097387,-0.8860358600290261
96,atr,5.0,1.0,1.0,6.0,575,1236,0.1356521739130435,0.6350827528776255,-0.9928348062083845,-0.8416882351779571,-0.9345401069535151,8065.106636449941,-0.9193489336355006
96,atr,5.0,1.0,1.0,8.0,729,1082,0.13717421124828533,0.6073603791835221,-0.8798097663813899,-0.9043648925427636,-0.9685185198927827,3994.5029791316642,-0.9600549702086834
96,atr,5.0,1.0,1.0,12.0,965,846,0.15129533678756477,0.6026429776425948,-0.49609547904778795,-0.9486775038183511,-0.9872513951934384,1758.8261595190097,-0.9824117384048099
96,atr,5.0,1.0,1.0,,1811,0,0.1932633903920486,0.4148628967374195,0.2679652920432899,-0.9983894834149671,-0.9999164326663097,12.503528987615502,-0.9998749647101238
96,atr,5.0,1.5,,1.0,85,1726,0.17647058823529413,0.7569012168599497,-0.801453425366414,-0.19437349120114655,-0.28199021694126847,76810.30379666516,-0.23189696203334842
96,atr,5.0,1.5,,2.0,157,1654,0.19745222929936307,0.856396725585522,-0.34858412782089593,-0.20970987762295124,-0.39968127638043016,74695.79896295155,-0.25304201037048446
96,atr,5.0,1.5,,3.0,219,1592,0.2054794520547945,0.8655030651297203,-0.23855939609254667,-0.25524228266346827,-0.4688128406494082,68527.68814629335,-0.31472311853706647
96,atr,5.0,1.5,,4.0,279,1532,0.2078853046594982,0.8523024668003595,-0.21623474178251237,-0.3384017329821126,-0.5559910861798785,57701.048302739284,-0.4229895169726071
96,atr,5.0,1.5,,5.0,338,1473,0.20414201183431951,0.8373773742011104,-0.22601430618559565,-0.4330273299132218,-0.6419338755510922,46113.42326713855,-0.5388657673286146
96,atr,5.0,1.5,,6.0,399,1412,0.20300751879699247,0.8374161221021174,-0.17961423056366146,-0.5029101207213829,-0.7231252627945222,38094.028352148925,-0.6190597164785108
96,atr,5.0,1.5,,8.0,509,1302,0.21414538310412573,0.8676615442756793,0.021763986343117835,-0.5540300639907456,-0.8016922331255026,33433.99167921223,-0.6656600832078776
96,atr,5.0,1.5,,12.0,700,1111,0.22428571428571428,0.8558912304399815,0.19453662548748837,-0.7163592952733948,-0.9074834713524101,17327.72694200581,-0.8267227305799418
96,atr,5.0,1.5,,,231,1580,0.03896103896103896,0.11716848637028633,-1.2736622159497148,-1.0,-1.138885410372899,-15003.298437573534,-1.1500329843757353
96,atr,5.0,1.5,0.5,1.0,128,1683,0.09375,0.5315669185969634,-1.5410286767652333,-0.34330930082372957,-0.45707680062906597,57080.45665200366,-0.42919543347996336
96,atr,5.0,1.5,0.5,2.0,227,1584,0.1145374449339207,0.6719329293871671,-1.0186475026085866,-0.40390926357106305,-0.5282977260249107,51397.08073571205,-0.48602919264287947
96,atr,5.0,1.5,0.5,3.0,316,1495,0.12025316455696203,0.6723857553515523,-0.8450876231801824,-0.4764757202246742,-0.6093487641483005,42399.14134818754,-0.5760085865181246
96,atr,5.0,1.5,0.5,4.0,402,1409,0.12437810945273632,0.6666630171329287,-0.7049738726876733,-0.5390029415072711,-0.6752406937343277,35247.59290848578,-0.6475240709151422
96,atr,5.0,1.5,0.5,5.0,491,1320,0.12219959266802444,0.6327128018008312,-0.7112483837723012,-0.6319534873302717,-0.7658331789262931,25415.181713463004,-0.74584818286537
96,atr,5.0,1.5,0.5,6.0,573,1238,0.12216404886561955,0.6109166483868039,-0.6661265003370201,-0.6970486784977047,-0.8234954896157546,19156.83094681218,-0.8084316905318782
96,atr,5.0,1.5,0.5,8.0,720,1091,0.12361111111111112,0.5606982817422614,-0.5734877141017412,-0.7975772912704084,-0.9017292834405475,10553.346324642023,-0.8944665367535798
96,atr,5.0,1.5,0.5,12.0,936,875,0.1346153846153846,0.5487821967601247,-0.26979362864736095,-0.8670458497612401,-0.9466319506849218,5731.224181639705,-0.942687758183603
96,atr,5.0,1.5,0.5,,1811,0,0.18553285477636663,0.2770822471401537,0.6242714586598742,-0.9791492522229276,-0.9985545447694968,388.7678535540893,-0.9961123214644592
96,atr,5.0,1.5,1.0,1.0,103,1708,0.13592233009708737,0.6677679831204322,-1.091597755657344,-0.2572173766835921,-0.3507050215677334,68263.89793935706,-0.31736102060642934
96,atr,5.0,1.5,1.0,2.0,186,1625,0.15591397849462366,0.7824216492465417,-0.5630698681264548,-0.2822622334480408,-0.3896918752129157,64946.61326253605,-0.35053386737463954
96,atr,5.0,1.5,1.0,3.0,261,1550,0.16091954022988506,0.8058903885626192,-0.38877094645373345,-0.3246037136163965,-0.4811715092903396,59457.0415188401,-0.40542958481159896
96,atr,5.0,1.5,1.0,4.0,335,1476,0.16417910447761194,0.7962699563372106,-0.3281001884215373,-0.40491796092073906,-0.5770389748703584,49470.77784768166,-0.5052922215231834
96,atr,5.0,1.5,1.0,5.0,411,1400,0.16058394160583941,0.7663804857536929,-0.34439698622959913,-0.5125680024807246,-0.6591571372498699,37023.82873072598,-0.6297617126927402
96,atr,5.0,1.5,1.0,6.0,475,1336,0.16210526315789472,0.7667508361054655,-0.2782143702561323,-0.5654669075472866,-0.7156311007337175,31334.324056203626,-0.6866567594379638
96,atr,5.0,1.5,1.0,8.0,600,1211,0.17,0.7779755620088994,-0.12261887850250641,-0.6493131532156947,-0.8078405662218816,23581.956746297245,-0.7641804325370276
96,atr,5.0,1.5,1.0,12.0,804,1007,0.18034825870646767,0.7820733112663014,0.10472986284511351,-0.7667018473938305,-0.9092654968814461,13046.575544487112,-0.8695342445551288
96,atr,5.0,1.5,1.0,,1811,0,0.22639425731639978,0.24962393312935122,0.7555430657000342,-0.992680379448353,-0.9993358507586698,85.49761383026092,-0.9991450238616973
96,atr,5.0,2.0,,1.0,71,1740,0.2112676056338028,0.9878673431600029,0.07411660641011585,-0.006224292249953911,-0.18004390217955513,99097.26982464349,-0.009027301753565142
96,atr,5.0,2.0,,2.0,132,1679,0.2196969696969697,1.0010029697965932,0.1882757843063249,0.0009935962325948733,-0.3063098733987236,100144.34045045264,0.0014434045045264021
96,atr,5.0,2.0,,3.0,182,1629,0.24175824175824176,1.0778155787489596,0.4529668487364053,0.10944185116987959,-0.3661617522680133,116281.05983916506,0.16281059839165057
96,atr,5.0,2.0,,4.0,233,1578,0.2446351931330472,1.0598392247355426,0.4835310078347744,0.1128854236244865,-0.443750316213969,116805.62426078289,0.16805624260782892
96,atr,5.0,2.0,,5.0,285,1526,0.24561403508771928,1.04524893505219,0.5203601251125226,0.11166698173344547,-0.5402001924257638,116619.93316381711,0.16619933163817113
96,atr,5.0,2.0,,6.0,336,1475,0.24702380952380953,1.0276132800134272,0.5362686587969069,0.08502368933293458,-0.6054493050049028,112582.59334949878,0.12582593349498783
96,atr,5.0,2.0,,8.0,438,1373,0.2465753424657534,1.0031019931847893,0.5840607814695608,0.013562402508544125,-0.719302238722096,101975.80528491973,0.019758052849197183
96,atr,5.0,2.0,,12.0,621,1190,0.2576489533011272,0.9725492828540768,0.6892740659203086,-0.18205113080012447,-0.8538426540615509,74687.02005499369,-0.2531297994500632
96,atr,5.0,2.0,,,234,1577,0.03418803418803419,0.03337582758345219,-1.1262929233356556,-1.0,-1.2258150101172818,-22581.50101172819,-1.225815010117282
96,atr,5.0,2.0,0.5,1.0,103,1708,0.11650485436893204,0.691892486906122,-0.7217522362775513,-0.15631326118793865,-0.22705005228891473,78124.45741921161,-0.21875542580788387
96,atr,5.0,2.0,0.5,2.0,189,1622,0.13227513227513227,0.8226066389930146,-0.27049567706423605,-0.16095552675463054,-0.31690237114019026,77370.33762928416,-0.22629662370715842
96,atr,5.0,2.0,0.5,3.0,269,1542,0.137546468401487,0.8243031943563002,-0.18304446770528698,-0.21578676160012256,-0.4248180059650766,69903.45666978676,-0.30096543330213243
96,atr,5.0,2.0,0.5,4.0,345,1466,0.14492753623188406,0.8518025086051412,-0.018368312299114585,-0.22498746055933228,-0.5090745437684461,68715.47615205645,-0.31284523847943546
96,atr,5.0,2.0,0.5,5.0,415,1396,0.1493975903614458,0.864748886310705,0.07823772121590751,-0.24406857146872207,-0.5630706739661013,66272.08107462843,-0.3372791892537157
96,atr,5.0,2.0,0.5,6.0,486,1325,0.15020576131687244,0.8480086440473907,0.07662890871208529,-0.3085025242579469,-0.6280204477342584,58228.46896422067,-0.4177153103577933
96,atr,5.0,2.0,0.5,8.0,618,1193,0.15372168284789645,0.8234557938230562,0.11570902625864357,-0.4421586435523964,-0.7411373270842861,42624.31712995867,-0.5737568287004133
96,atr,5.0,2.0,0.5,12.0,846,965,0.15602836879432624,0.7714587324105631,0.2128845194480489,-0.6466209396734011,-0.8650636819622497,21963.118917554228,-0.7803688108244577
96,atr,5.0,2.0,0.5,,1811,0,0.21148536720044175,0.6348006402205008,0.93017035217782,-0.9076542267402421,-0.9938683737078131,3127.604596989822,-0.9687239540301018
96,atr,5.0,2.0,1.0,1.0,81,1730,0.1728395061728395,0.8600019651893462,-0.2642958942219374,-0.07299144373006905,-0.1895362995473795,89576.28662706634,-0.10423713372933663
96,atr,5.0,2.0,1.0,2.0,149,1662,0.19463087248322147,0.9941849861610353,0.17053642322646287,-0.005718485088779146,-0.31351559631994486,99170.53352033717,-0.008294664796628326
96,atr,5.0,2.0,1.0,3.0,212,1599,0.19811320754716982,1.0031476056482782,0.2699703740360835,0.004496525540016227,-0.41235713033032717,100653.73047585679,0.006537304758567952
96,atr,5.0,2.0,1.0,4.0,278,1533,0.2014388489208633,1.0102391349580317,0.3618236311270324,0.01982333906458944,-0.5016102713535521,102891.96712013442,0.0289196712013442
96,atr,5.0,2.0,1.0,5.0,335,1476,0.20597014925373133,1.0146726201741099,0.44245390670683254,0.03600592121773394,-0.5689608591532715,105271.74484127903,0.05271744841279036
96,atr,5.0,2.0,1.0,6.0,396,1415,0.20454545454545456,0.9825311114431925,0.40888466924727923,-0.049369756759804706,-0.6277288037614839,92910.43759588685,-0.07089562404113148
96,atr,5.0,2.0,1.0,8.0,509,1302,0.2043222003929273,0.9530841323808548,0.4318088733450186,-0.17177826824010345,-0.7323545764967625,76053.23862097705,-0.23946761379022952
96,atr,5.0,2.0,1.0,12.0,708,1103,0.2132768361581921,0.9321915165329734,0.5622349085336664,-0.35829262463126965,-0.8615735020937738,52502.49875838198,-0.47497501241618023
96,atr,5.0,2.0,1.0,,1811,0,0.26173384870237437,0.47370616569137125,1.0867404161031382,-0.9687371020713679,-0.9981288087369812,651.9422449754347,-0.9934805775502457
96,atr,5.0,3.0,,1.0,53,1758,0.3018867924528302,1.5026789118554809,0.9682859079211338,0.16600911199960744,-0.1087176247211864,124990.39294769715,0.2499039294769716
96,atr,5.0,3.0,,2.0,98,1713,0.32653061224489793,1.551129465811163,1.114778222767826,0.355997093641613,-0.18236292415032251,155628.8477108481,0.5562884771084808
96,atr,5.0,3.0,,3.0,137,1674,0.3357664233576642,1.5641513329854504,1.1810642514827234,0.5379347323655939,-0.23859122419061374,186855.14158323524,0.8685514158323524
96,atr,5.0,3.0,,4.0,177,1634,0.3446327683615819,1.5062797968794344,1.1381989118913596,0.6460195505079105,-0.29639582463183156,206227.25246153353,1.0622725246153353
96,atr,5.0,3.0,,5.0,222,1589,0.32882882882882886,1.3667598910176761,1.0179260052936059,0.6200419263425145,-0.3594155279805412,201517.11663921308,1.0151711663921308
96,atr,5.0,3.0,,6.0,266,1545,0.3157894736842105,1.2685744984524092,0.943078400558168,0.5859295160442255,-0.42541199150296083,195383.7744822634,0.9538377448226341
96,atr,5.0,3.0,,8.0,347,1464,0.30835734870317005,1.1921793067383009,0.910850299960739,0.5883173072819039,-0.5419901456219034,195811.16939378434,0.9581116939378433
96,atr,5.0,3.0,,12.0,516,1295,0.3062015503875969,1.05486892262749,0.814852882015513,0.2680478681941325,-0.7405642112472839,141186.20052568484,0.41186200525684846
96,atr,5.0,3.0,,,231,1580,0.03463203463203463,0.022669371778612106,-0.7449460363788506,-1.0,-1.3457152715957763,-34571.527159577636,-1.3457152715957763
96,atr,5.0,3.0,0.5,1.0,72,1739,0.18055555555555555,1.1264449613186835,0.35014236647482366,0.04578527705080804,-0.10960878828769838,106718.06710283448,0.06718067102834491
96,atr,5.0,3.0,0.5,2.0,137,1674,0.19708029197080293,1.1892828559647048,0.5679746520948967,0.1379322035972912,-0.19511566574250638,120643.06809938802,0.2064306809938803
96,atr,5.0,3.0,0.5,3.0,199,1612,0.19095477386934673,1.1290278744327027,0.49937342817878594,0.13387490961589266,-0.273292964442148,120018.82696050283,0.20018826960502834
96,atr,5.0,3.0,0.5,4.0,263,1548,0.19391634980988592,1.1330884800112806,0.5719652364250494,0.18771329826375682,-0.3398046042445013,128383.65407700234,0.2838365407700234
96,atr,5.0,3.0,0.5,5.0,317,1494,0.19242902208201892,1.0902213597295103,0.5268191700609722,0.15480651435998016,-0.41583456545258723,123250.07944642371,0.23250079446423721
96,atr,5.0,3.0,0.5,6.0,378,1433,0.1931216931216931,1.058091250240998,0.5160637072092669,0.12456651720161482,-0.49420238653816195,118590.48871998506,0.18590488719985054
96,atr,5.0,3.0,0.5,8.0,482,1329,0.1887966804979253,0.9853004425930467,0.4168261493617139,-0.03809503497424194,-0.5941691511197933,94515.16129152857,-0.05484838708471429
96,atr,5.0,3.0,0.5,12.0,672,1139,0.19940476190476192,0.9459849716208881,0.47081378140621033,-0.2038316712896322,-0.7650835759010235,71816.03085567664,-0.2818396914432336
96,atr,5.0,3.0,0.5,,1811,0,0.2413031474323578,0.899625560687977,1.090600918091457,-0.7603935801976107,-0.9861680466470955,12554.3828312858,-0.874456171687142
96,atr,5.0,3.0,1.0,1.0,61,1750,0.2459016393442623,1.3005239657881,0.706012272375991,0.1144315835070906,-0.11632843596070375,117041.39215681874,0.17041392156818747
96,atr,5.0,3.0,1.0,2.0,116,1695,0.25,1.2746570794016527,0.7598311425612724,0.20922322376523494,-0.2090911523570047,131774.3368090704,0.317743368090704
96,atr,5.0,3.0,1.0,3.0,160,1651,0.26875,1.3070060615986847,0.8998929240686759,0.35619445749981016,-0.28460096359155074,155661.74755278157,0.5566174755278157
96,atr,5.0,3.0,1.0,4.0,207,1604,0.28019323671497587,1.3390905461290423,1.0048259956018986,0.5337248075683416,-0.33212232201801395,186112.7160327835,0.861127160327835
96,atr,5.0,3.0,1.0,5.0,258,1553,0.2713178294573643,1.2609735198582601,0.9248481970026013,0.5233862330209738,-0.4081479739826147,184293.4076693707,0.842934076693707
96,atr,5.0,3.0,1.0,6.0,307,1504,0.2671009771986971,1.1929267060221844,0.8738945372837663,0.5008876859763813,-0.49643872352662144,180353.57633191044,0.8035357633191045
96,atr,5.0,3.0,1.0,8.0,394,1417,0.2639593908629442,1.1272792231158515,0.8220216812889221,0.4465039782230258,-0.5968754106475647,170940.58283489288,0.7094058283489288
96,atr,5.0,3.0,1.0,12.0,564,1247,0.2641843971631206,1.0358596370678312,0.7780183199493989,0.2067673541070234,-0.7699123876109317,131385.81930389564,0.31385819303895635
96,atr,5.0,3.0,1.0,,234,1577,0.029914529914529916,0.028995120110430293,-0.28191763334808884,-1.0,-1.0179305115945807,-1793.0511594580807,-1.0179305115945807
120,h4_level,,0.5,,1.0,172,1639,0.16279069767441862,0.4401191888582632,-2.01765365002856,-0.6418981371789703,-0.7766806605682344,23626.975345286388,-0.7637302465471361
120,h4_level,,0.5,,2.0,280,1531,0.17857142857142858,0.5148368588321097,-1.5696662346183055,-0.7530880732000566,-0.869857737272455,14172.869642635025,-0.8582713035736498
120,h4_level,,0.5,,3.0,374,1437,0.1925133689839572,0.5343083406513611,-1.3479728741783157,-0.8244609784442477,-0.9207094558413956,8940.41995561151,-0.9105958004438849
120,h4_level,,0.5,,4.0,468,1343,0.19658119658119658,0.5259452634274435,-1.23494439360497,-0.8858676411865577,-0.9575695959364359,4873.361065834704,-0.951266389341653
120,h4_level,,0.5,,5.0,560,1251,0.19464285714285715,0.5425292775648571,-1.0235746389966502,-0.9192873400884152,-0.9743467986850438,2942.715959931984,-0.9705728404006801
120,h4_level,,0.5,,6.0,639,1172,0.19718309859154928,0.5269056073497712,-0.9433208878781554,-0.9441765431510328,-0.9849831388165912,1719.5533728336661,-0.9828044662716633
120,h4_level,,0.5,,8.0,810,1001,0.19382716049382717,0.4897390786277009,-0.6699524856822632,-0.975091965937521,-0.9953489324519643,542.9735470073647,-0.9945702645299264
120,h4_level,,0.5,,12.0,1051,760,0.20076117982873454,0.41019980287196245,-0.41706422394188863,-0.9935767167354956,-0.999350309053858,81.00728024811254,-0.9991899271975189
120,h4_level,,0.5,,,231,1580,0.08225108225108226,0.27510904116884854,-1.3099886223146586,-1.0,-1.082009947495777,-10936.703655911477,-1.1093670365591148
120,h4_level,,0.5,0.5,1.0,240,1571,0.11666666666666667,0.3627665901426074,-2.122033215775625,-0.7491866849525963,-0.8668605011562114,14086.033321924335,-0.8591396667807567
120,h4_level,,0.5,0.5,2.0,380,1431,0.12631578947368421,0.4087495751093758,-1.8085413113678375,-0.8409271111881859,-0.931278573707316,7360.3085788332355,-0.9263969142116677
120,h4_level,,0.5,0.5,3.0,509,1302,0.13359528487229863,0.4080394801377264,-1.6231235655794436,-0.8968412053173651,-0.9633635011746247,3965.9343894448148,-0.9603406561055519
120,h4_level,,0.5,0.5,4.0,632,1179,0.13765822784810128,0.40827021197696517,-1.3879950245300563,-0.9308729550609127,-0.9795164357793565,2260.3844070195214,-0.9773961559298048
120,h4_level,,0.5,0.5,5.0,736,1075,0.13994565217391305,0.4178124270506528,-1.2221753012512222,-0.9516762469505787,-0.9878219239126443,1346.9898034831754,-0.9865301019651682
120,h4_level,,0.5,0.5,6.0,847,964,0.13931523022432113,0.37690311414679517,-1.186581480200669,-0.971043383943475,-0.9942117071113631,641.660455287329,-0.9935833954471267
120,h4_level,,0.5,0.5,8.0,1015,796,0.14187192118226602,0.3675773592529724,-0.9552925952050714,-0.9857357264884831,-0.9979301158340438,233.12782327411685,-0.9976687217672588
120,h4_level,,0.5,0.5,12.0,1250,561,0.1536,0.3365788812619605,-0.6686209199629386,-0.9944358188393876,-0.9994725972144227,63.34318274116877,-0.9993665681725883
120,h4_level,,0.5,0.5,,1811,0,0.17725013804527884,0.2657041854763863,-0.09098509705628953,-0.9996905113320015,-0.9999920611432629,0.9923507335498645,-0.9999900764926645
120,h4_level,,0.5,1.0,1.0,213,1598,0.13145539906103287,0.40549015477847583,-2.0002464416867967,-0.7004043380044118,-0.8276509700417911,18234.364708260477,-0.8176563529173952
120,h4_level,,0.5,1.0,2.0,346,1465,0.13872832369942195,0.44531538602560744,-1.6517182490297089,-0.8071885428764176,-0.9091302714023002,9732.470337640541,-0.9026752966235946
120,h4_level,,0.5,1.0,3.0,456,1355,0.14912280701754385,0.45238378165012355,-1.4630565060600822,-0.86715870393693,-0.9471038112931127,5726.060638684891,-0.9427393936131511
120,h4_level,,0.5,1.0,4.0,573,1238,0.1518324607329843,0.43090243297667863,-1.3405194193516172,-0.919057469309939,-0.9742406184322087,2842.576799774967,-0.9715742320022503
120,h4_level,,0.5,1.0,5.0,664,1147,0.15512048192771086,0.4419823290363099,-1.124284858040038,-0.9392566114084312,-0.9830232003272681,1877.76590414717,-0.9812223409585283
120,h4_level,,0.5,1.0,6.0,750,1061,0.15733333333333333,0.42316017154644875,-1.0963061623449486,-0.9603949640220694,-0.9908782515721458,1011.1902355051179,-0.9898880976449488
120,h4_level,,0.5,1.0,8.0,921,890,0.15743756786102062,0.398423201268381,-0.8630916662280879,-0.9819288740698727,-0.9970815167504443,328.70421370492636,-0.9967129578629508
120,h4_level,,0.5,1.0,12.0,1157,654,0.16853932584269662,0.3599416417555997,-0.5479967385609544,-0.9936950837648145,-0.9993676247863102,75.95079096499987,-0.99924049209035
120,h4_level,,0.5,1.0,,1811,0,0.19768083931529543,0.259900846614092,0.06531510802436312,-0.9999324551771913,-0.9999991297227385,0.10878396063393389,-0.9999989121603937
120,h4_level,,1.0,,1.0,135,1676,0.21481481481481482,0.49718852923337675,-1.7819155502353776,-0.44240671380258123,-0.5739291927529365,44361.05200640466,-0.5563894799359534
120,h4_level,,1.0,,2.0,222,1589,0.23873873873873874,0.5781771511631155,-1.374870843778631,-0.5489031764760235,-0.6868204789852821,33339.30377264092,-0.6666069622735908
120,h4_level,,1.0,,3.0,299,1512,0.2508361204013378,0.5918348878875593,-1.2178189650144493,-0.638275625599825,-0.7727407082346409,24798.148045322963,-0.7520185195467703
120,h4_level,,1.0,,4.0,375,1436,0.25333333333333335,0.602316898249313,-1.1139353486903447,-0.7158918380832948,-0.8399795421725771,17716.944751440366,-0.8228305524855963
120,h4_level,,1.0,,5.0,454,1357,0.24669603524229075,0.5845282744550028,-1.111611421578679,-0.7948701408990124,-0.9002921825672529,11047.572179024704,-0.889524278209753
120,h4_level,,1.0,,6.0,528,1283,0.24431818181818182,0.5779889296487994,-1.0089102440403033,-0.8449200710274631,-0.933579258490805,7368.1552969536915,-0.9263184470304631
120,h4_level,,1.0,,8.0,662,1149,0.24169184290030213,0.5565343635519847,-0.8492048118965527,-0.907497551304326,-0.9686392817658078,3534.631126744235,-0.9646536887325576
120,h4_level,,1.0,,12.0,888,923,0.24774774774774774,0.5006884262005602,-0.5284489064085174,-0.9605954877300728,-0.9909192220448743,1074.2725309474558,-0.9892572746905255
120,h4_level,,1.0,,,231,1580,0.08225108225108226,0.20189313785009438,-1.2683712547076071,-1.0,-1.1539987454068739,-19155.197252537306,-1.1915519725253731
120,h4_level,,1.0,0.5,1.0,178,1633,0.15730337078651685,0.4523611104512806,-1.8083896511529363,-0.5043959432307665,-0.6409581899075039,37382.2194317836,-0.6261778056821641
120,h4_level,,1.0,0.5,2.0,298,1513,0.1610738255033557,0.48632088518997135,-1.568984525529106,-0.6416794308315581,-0.7758399979083619,23592.583641511355,-0.7640741635848864
120,h4_level,,1.0,0.5,3.0,406,1405,0.16748768472906403,0.4959495394186768,-1.326782571531421,-0.7163472261891133,-0.8403519308745453,16964.71574182312,-0.8303528425817688
120,h4_level,,1.0,0.5,4.0,508,1303,0.17125984251968504,0.5075213091152158,-1.1690559491586878,-0.7802077637323291,-0.8897758839219472,11888.955334718159,-0.8811104466528185
120,h4_level,,1.0,0.5,5.0,609,1202,0.16912972085385877,0.4812797702906504,-1.188476429299692,-0.8461447937902689,-0.9343397403506877,7098.580196612289,-0.9290141980338771
120,h4_level,,1.0,0.5,6.0,688,1123,0.17296511627906977,0.48247747350469006,-1.07059124910922,-0.8749150821076206,-0.9513902911230585,5269.656241552993,-0.9473034375844701
120,h4_level,,1.0,0.5,8.0,849,962,0.17196702002355713,0.44859560849617663,-0.932634523962802,-0.9244564648186508,-0.9766309805259437,2564.881143768507,-0.974351188562315
120,h4_level,,1.0,0.5,12.0,1091,720,0.17873510540788268,0.39649750328146277,-0.7474420863969967,-0.9661058866409075,-0.9927036466790093,838.9871123479629,-0.9916101288765203
120,h4_level,,1.0,0.5,,1811,0,0.21645499723909442,0.2333207918637536,0.055377400452294355,-0.9969589800116829,-0.9997800568225406,26.051101780013358,-0.9997394889821999
120,h4_level,,1.0,1.0,1.0,151,1660,0.18543046357615894,0.47122045937403373,-1.7756753182068241,-0.46645901241194565,-0.6003599079112891,41609.17530008469,-0.5839082469991531
120,h4_level,,1.0,1.0,2.0,255,1556,0.2,0.5417480586914408,-1.401999764774059,-0.5839955996333603,-0.7215735830045495,29639.686734507406,-0.7036031326549259
120,h4_level,,1.0,1.0,3.0,344,1467,0.20348837209302326,0.5412465903606815,-1.298020086413235,-0.6743898063896927,-0.8049359647709551,21285.056317619295,-0.787149436823807
120,h4_level,,1.0,1.0,4.0,437,1374,0.2036613272311213,0.530304003283512,-1.2485174084291883,-0.7630505461224271,-0.8770616937842433,13611.329505188789,-0.8638867049481121
120,h4_level,,1.0,1.0,5.0,527,1284,0.19924098671726756,0.503233731017866,-1.214556488108218,-0.8268355654011096,-0.9220390220927918,8638.03413567012,-0.9136196586432987
120,h4_level,,1.0,1.0,6.0,606,1205,0.19966996699669967,0.4955437941100566,-1.114233099617558,-0.8683374383312107,-0.9476340272559495,5809.038121033242,-0.9419096187896676
120,h4_level,,1.0,1.0,8.0,756,1055,0.19576719576719576,0.46963328118647296,-0.9266214695044223,-0.9194786956273491,-0.9743615925216248,2889.675945444804,-0.971103240545552
120,h4_level,,1.0,1.0,12.0,985,826,0.2050761421319797,0.4319751660465404,-0.5867588215305478,-0.9605973547521558,-0.9909198469332485,1074.1986055174184,-0.9892580139448258
120,h4_level,,1.0,1.0,,1811,0,0.2473771397018222,0.24233585229467902,0.17381672192482606,-0.9992098258142951,-0.9999689374505067,3.8637279877763553,-0.9999613627201223
120,h4_level,,1.5,,1.0,106,1705,0.2830188679245283,0.5727712365615847,-1.5133042365994958,-0.28659964373550995,-0.3897951303151005,62971.8873902499,-0.37028112609750097
120,h4_level,,1.5,,2.0,185,1626,0.2918918918918919,0.6360201975933364,-1.1788765541904787,-0.3906809497471532,-0.514706827538558,50991.52452195398,-0.4900847547804602
120,h4_level,,1.5,,3.0,257,1554,0.29571984435797666,0.6217987023978555,-1.1603751688795796,-0.5061357582380799,-0.6423213256457392,38310.90133866192,-0.6168909866133808
120,h4_level,,1.5,,4.0,328,1483,0.2926829268292683,0.6111593698955259,-1.1344324841345863,-0.6047538298105843,-0.7411847621066997,28055.744474310985,-0.7194425552568902
120,h4_level,,1.5,,5.0,398,1413,0.2864321608040201,0.6029483303470086,-1.0944214094226736,-0.6833388951601727,-0.8124293659192786,20547.64680780825,-0.7945235319219175
120,h4_level,,1.5,,6.0,464,1347,0.28448275862068967,0.6006352280373459,-1.0414638431434091,-0.7443986977245365,-0.8625807940062753,15258.92059652949,-0.8474107940347051
120,h4_level,,1.5,,8.0,585,1226,0.27863247863247864,0.5807949384758072,-0.9620852509441989,-0.8339797783316417,-0.9265708951534495,8248.800913002846,-0.9175119908699716
120,h4_level,,1.5,,12.0,793,1018,0.28247162673392184,0.5314007362864035,-0.7640268266923946,-0.9253755892297514,-0.9770128426478579,2696.2181014242055,-0.9730378189857579
120,h4_level,,1.5,,,231,1580,0.09090909090909091,0.1809701741882873,-1.2168169387236152,-1.0,-1.1596873165495345,-19828.664681050286,-1.198286646810503
120,h4_level,,1.5,0.5,1.0,142,1669,0.19718309859154928,0.4904361409605671,-1.7057248830066645,-0.35878895974226155,-0.4773830695428575,53932.992226003655,-0.4606700777399635
120,h4_level,,1.5,0.5,2.0,240,1571,0.20833333333333334,0.5520072188746132,-1.362942134610258,-0.4602868697329635,-0.5930976686469615,42364.61903625074,-0.5763538096374926
120,h4_level,,1.5,0.5,3.0,331,1480,0.21148036253776434,0.5415977584573048,-1.2958973172876618,-0.5623292410362076,-0.6998757624635987,31512.96271165728,-0.6848703728834271
120,h4_level,,1.5,0.5,4.0,415,1396,0.21445783132530122,0.5461694187641323,-1.1737233200420119,-0.6304162539526024,-0.7652281862146687,24954.028756002088,-0.7504597124399791
120,h4_level,,1.5,0.5,5.0,507,1304,0.20907297830374755,0.5252158921702382,-1.195883167509768,-0.7133242228474292,-0.8376633496640512,17440.81332284587,-0.8255918667715413
120,h4_level,,1.5,0.5,6.0,591,1220,0.20812182741116753,0.5175094810453814,-1.119420367179991,-0.7661282257247495,-0.8792166835621231,13156.819366674508,-0.8684318063332549
120,h4_level,,1.5,0.5,8.0,744,1067,0.20161290322580644,0.48000002933292457,-1.0517914041366594,-0.8547488664181365,-0.9395258288854468,6677.903386784979,-0.9332209661321502
120,h4_level,,1.5,0.5,12.0,971,840,0.21009268795056643,0.44709593631011296,-0.8232135335131148,-0.9239030426352572,-0.9763511121556587,2714.9392593391995,-0.972850607406608
120,h4_level,,1.5,0.5,,1811,0,0.25124240750966315,0.23093682445413916,0.055563554234621906,-0.9938076031630733,-0.9993813723732089,73.96057907785976,-0.9992603942092214
120,h4_level,,1.5,1.0,1.0,120,1691,0.24166666666666667,0.520146591882446,-1.6945558760359831,-0.32912634932726625,-0.4419053438203504,57594.2205446396,-0.42405779455360404
120,h4_level,,1.5,1.0,2.0,207,1604,0.25120772946859904,0.5941402198834767,-1.2914401158666329,-0.42394107218222077,-0.5527006531889647,46999.374616961264,-0.5300062538303874
120,h4_level,,1.5,1.0,3.0,289,1522,0.2491349480968858,0.6033229003325759,-1.1417487496251963,-0.5138958624790054,-0.6504549254944454,37439.71285672487,-0.6256028714327513
120,h4_level,,1.5,1.0,4.0,365,1446,0.2493150684931507,0.5839231275167889,-1.1441123480876862,-0.6150744552102364,-0.750941927004665,26998.06128919695,-0.7300193871080305
120,h4_level,,1.5,1.0,5.0,445,1366,0.24269662921348314,0.5501832349257703,-1.1680475355649562,-0.7068880338129521,-0.8323431752893571,18366.165023413854,-0.8163383497658614
120,h4_level,,1.5,1.0,6.0,514,1297,0.24319066147859922,0.5425748747867135,-1.1154550237129617,-0.7622676738577673,-0.8763101672233382,13734.421788343623,-0.8626557821165638
120,h4_level,,1.5,1.0,8.0,644,1167,0.2375776397515528,0.5191982299827851,-1.036820338390791,-0.8460477369499164,-0.9341938359473148,7392.463073782169,-0.9260753692621784
120,h4_level,,1.5,1.0,12.0,861,950,0.24390243902439024,0.4884740041563075,-0.7971727100986243,-0.9227721514309538,-0.9758389608424126,2833.905477217944,-0.9716609452278205
120,h4_level,,1.5,1.0,,1811,0,0.2860298177802319,0.22453388304392707,0.09274675345012412,-0.998760805477946,-0.9999402108037114,7.424133302330761,-0.9999257586669766
120,h4_level,,2.0,,1.0,89,1722,0.34831460674157305,0.6742802213725947,-1.0949094308406129,-0.1683994913067769,-0.23704192502513366,78291.91345991247,-0.21708086540087534
120,h4_level,,2.0,,2.0,160,1651,0.3375,0.6686945699090419,-1.0790028033620878,-0.2930115173816784,-0.39729565806543643,62791.35438109062,-0.37208645618909375
120,h4_level,,2.0,,3.0,224,1587,0.3392857142857143,0.6745590212732304,-0.9980208305235331,-0.3848435952628986,-0.5075732884481402,52113.78131975669,-0.4788621868024331
120,h4_level,,2.0,,4.0,286,1525,0.3356643356643357,0.6588790105161054,-1.0115217394248004,-0.4826579168102112,-0.617077125509751,40939.515917775425,-0.5906048408222457
120,h4_level,,2.0,,5.0,347,1464,0.3314121037463977,0.6454261684278764,-1.0166611793882245,-0.5697942379805874,-0.7070636306844549,31595.789837059245,-0.6840421016294076
120,h4_level,,2.0,,6.0,406,1405,0.3251231527093596,0.6350628466497392,-1.0331441308910774,-0.6439877301897761,-0.7774788831567081,24267.18763531725,-0.7573281236468276
120,h4_level,,2.0,,8.0,517,1294,0.3152804642166344,0.6269989170343516,-0.9423666091782265,-0.7489463702061854,-0.8660177472698926,14939.3301830879,-0.8506066981691209
120,h4_level,,2.0,,12.0,719,1092,0.31154381084840055,0.5670378889954306,-0.8607420389407651,-0.8839504810338316,-0.9563161627008541,5100.0211771768945,-0.9489997882282311
120,h4_level,,2.0,,,234,1577,0.09829059829059829,0.15838045670674072,-1.114655939968164,-1.0,-1.235553559686314,-29286.32472358577,-1.2928632472358577
120,h4_level,,2.0,0.5,1.0,118,1693,0.2457627118644068,0.5472715010950726,-1.4939057515531031,-0.2373711176750316,-0.32719536422451856,69040.70360785844,-0.30959296392141566
120,h4_level,,2.0,0.5,2.0,211,1600,0.23696682464454977,0.5721517819216738,-1.308073784635138,-0.3601353727918095,-0.47858799732534496,54132.42502923148,-0.4586757497076852
120,h4_level,,2.0,0.5,3.0,291,1520,0.24054982817869416,0.5771472830772052,-1.2486463197728417,-0.46448161147332023,-0.5973830464188004,42420.208457067085,-0.5757979154293291
120,h4_level,,2.0,0.5,4.0,366,1445,0.24316939890710382,0.5732032913552841,-1.188381370177717,-0.5435275822140736,-0.6807321873157055,33984.10810328465,-0.6601589189671535
120,h4_level,,2.0,0.5,5.0,442,1369,0.2420814479638009,0.5668984768068709,-1.148453789677166,-0.6133095195203973,-0.7490948647391438,26944.591722611156,-0.7305540827738884
120,h4_level,,2.0,0.5,6.0,517,1294,0.2379110251450677,0.5496321340159509,-1.144290768642078,-0.6799066874999444,-0.8093274699983664,20704.431485856625,-0.7929556851414338
120,h4_level,,2.0,0.5,8.0,654,1157,0.2324159021406728,0.5314615286380866,-1.0796731942688458,-0.784062253038939,-0.8923518776111924,11925.771245953527,-0.8807422875404647
120,h4_level,,2.0,0.5,12.0,887,924,0.23111612175873733,0.4735875215504261,-0.9521686114550559,-0.8926999061066985,-0.9610168414926628,4479.106837186687,-0.9552089316281331
120,h4_level,,2.0,0.5,,1811,0,0.27553837658752073,0.25228408916643835,0.012126533473900879,-0.9900377298693448,-0.9987649950108112,148.86830506512365,-0.9985113169493488
120,h4_level,,2.0,1.0,1.0,97,1714,0.30927835051546393,0.5990676434955623,-1.363858205900339,-0.20541344763972014,-0.28586228858540574,73282.1497463976,-0.26717850253602404
120,h4_level,,2.0,1.0,2.0,171,1640,0.30409356725146197,0.640100245496376,-1.1597432225585125,-0.30989755357004456,-0.41808962031760866,60624.983638560014,-0.39375016361439985
120,h4_level,,2.0,1.0,3.0,240,1571,0.3,0.6526549270518961,-1.0532434995024602,-0.3966539300371551,-0.5212443437025842,50666.966256261934,-0.49333033743738064
120,h4_level,,2.0,1.0,4.0,309,1502,0.29449838187702265,0.6305019343689707,-1.0830146985453304,-0.4971508259304306,-0.6325579689512701,39284.40916203941,-0.6071559083796059
120,h4_level,,2.0,1.0,5.0,375,1436,0.2906666666666667,0.6080336576554609,-1.1156591522724504,-0.5867031702087904,-0.7236360976273943,29808.302049748374,-0.7019169795025162
120,h4_level,,2.0,1.0,6.0,439,1372,0.2847380410022779,0.5956318972588841,-1.1277089379745693,-0.6575526966974545,-0.7896861860969357,22935.91213583159,-0.7706408786416841
120,h4_level,,2.0,1.0,8.0,559,1252,0.27549194991055453,0.5766132437441274,-1.0504216034956189,-0.764696134028839,-0.878050228668529,13597.68075659114,-0.8640231924340886
120,h4_level,,2.0,1.0,12.0,776,1035,0.2757731958762887,0.5287418582167105,-0.9089316260061059,-0.8845023204962068,-0.9566175347404073,5064.836452597752,-0.9493516354740225
120,h4_level,,2.0,1.0,,1811,0,0.3219215902816124,0.22628148810391396,0.1120364487963035,-0.9978040885875653,-0.9998626505371693,17.076629936850114,-0.9998292337006315
120,h4_level,,3.0,,1.0,75,1736,0.41333333333333333,0.7234846420331941,-0.9452177441455081,-0.10358665347902651,-0.14848050781347388,86786.52311759978,-0.1321347688240022
120,h4_level,,3.0,,2.0,130,1681,0.4153846153846154,0.7400741835763484,-0.8422100685485321,-0.16962087205413157,-0.2380451630109408,78555.77349062753,-0.21444226509372466
120,h4_level,,3.0,,3.0,181,1630,0.4198895027624309,0.7348143550737013,-0.8162780730384184,-0.23581036788581722,-0.3246418016374122,70433.46948733363,-0.2956653051266638
120,h4_level,,3.0,,4.0,232,1579,0.41379310344827586,0.712520330612273,-0.8564851642027034,-0.3150505118793179,-0.42391811935324364,60551.56840425124,-0.3944843159574877
120,h4_level,,3.0,,5.0,286,1525,0.4020979020979021,0.6711059556781388,-0.9792216608835355,-0.41779588035547677,-0.5450429314819355,48139.197596771584,-0.5186080240322841
120,h4_level,,3.0,,6.0,340,1471,0.38823529411764707,0.6490247307385022,-1.0438950953872437,-0.5065674609091967,-0.6422163480047162,38163.76498354458,-0.6183623501645542
120,h4_level,,3.0,,8.0,438,1373,0.3721461187214612,0.6150187710608032,-1.0907006569427744,-0.6468047159239414,-0.7798513338859652,23859.573317223643,-0.7614042668277636
120,h4_level,,3.0,,12.0,615,1196,0.36260162601626017,0.5661154890556847,-1.1096250099521985,-0.8110443920068938,-0.9112497979358255,9960.523683518788,-0.9003947631648122
120,h4_level,,3.0,,,231,1580,0.09956709956709957,0.11070524728505995,-0.7267517664367933,-1.0,-1.358222704812583,-42161.82247004442,-1.421618224700444
120,h4_level,,3.0,0.5,1.0,88,1723,0.3409090909090909,0.6555848308283304,-1.14393537733539,-0.12391322844963193,-0.1763794967849488,83943.0694168357,-0.16056930583164297
120,h4_level,,3.0,0.5,2.0,158,1653,0.3227848101265823,0.6709048926357255,-1.0428719495421102,-0.20556255677339785,-0.2854720310258537,73666.17358222396,-0.2633382641777604
120,h4_level,,3.0,0.5,3.0,223,1588,0.3183856502242152,0.6448940207108039,-1.0981851525791078,-0.2951831985916573,-0.39949109679349804,62627.396266772455,-0.3737260373322755
120,h4_level,,3.0,0.5,4.0,286,1525,0.3146853146853147,0.6345329426455387,-1.0832270691046066,-0.3708148639308033,-0.4907626215613988,53525.58896646518,-0.46474411033534824
120,h4_level,,3.0,0.5,5.0,348,1463,0.3103448275862069,0.5974058916605345,-1.1831408364610805,-0.4662307583597761,-0.5989633215838026,42433.85858079857,-0.5756614141920142
120,h4_level,,3.0,0.5,6.0,411,1400,0.30170316301703165,0.5865659486379088,-1.2005988444747508,-0.5441367345095316,-0.6810897475926071,34017.24996613053,-0.6598275003386948
120,h4_level,,3.0,0.5,8.0,521,1290,0.29366602687140114,0.5640787371565424,-1.1857946888975541,-0.6583123705045395,-0.7901917176190283,22738.88906252344,-0.7726111093747656
120,h4_level,,3.0,0.5,12.0,719,1092,0.29207232267037553,0.5297400398076249,-1.1349111983356677,-0.8015052052209537,-0.9046688535749641,10699.109631964076,-0.8930089036803592
120,h4_level,,3.0,0.5,,1811,0,0.32302595251242405,0.27603922165783357,-0.07691518333912353,-0.9874320345584542,-0.998267874831343,203.86634592303665,-0.9979613365407697
120,h4_level,,3.0,1.0,1.0,79,1732,0.3924050632911392,0.6979545806285289,-1.05185200072906,-0.11461744311486044,-0.1636566084805252,85239.7810600644,-0.147602189399356
120,h4_level,,3.0,1.0,2.0,138,1673,0.38405797101449274,0.7191071415031401,-0.9181187317279194,-0.1840700520540246,-0.25722559407302636,76578.31560884575,-0.23421684391154252
120,h4_level,,3.0,1.0,3.0,191,1620,0.387434554973822,0.7132772096665432,-0.8946953751832217,-0.25491855402683694,-0.3490288034261303,67890.13596367507,-0.3210986403632493
120,h4_level,,3.0,1.0,4.0,244,1567,0.38524590163934425,0.6932446549613033,-0.9177264350345234,-0.3328862455613947,-0.44557616832309055,58275.105842665405,-0.4172489415733459
120,h4_level,,3.0,1.0,5.0,301,1510,0.37209302325581395,0.6453157672647205,-1.0643922825240208,-0.4406903601158523,-0.570794154844629,45414.44988848075,-0.5458555011151925
120,h4_level,,3.0,1.0,6.0,355,1456,0.36056338028169016,0.6269688310977903,-1.1176176423714097,-0.5242079607219432,-0.6606424950904203,36198.300259235984,-0.6380169974076402
120,h4_level,,3.0,1.0,8.0,455,1356,0.34725274725274724,0.6011374165386827,-1.1163763420537105,-0.6487858618622018,-0.7816425428267861,23665.44322411715,-0.7633455677588286
120,h4_level,,3.0,1.0,12.0,634,1177,0.3438485804416404,0.5713596120635613,-1.0816514913766395,-0.7980310262721587,-0.9022359273894811,10972.159363988727,-0.8902784063601127
120,h4_level,,3.0,1.0,,234,1577,0.09829059829059829,0.14777106540361037,-0.29679479982507756,-1.0,-1.017536010813564,-2063.9400150280385,-1.0206394001502803
120,atr,2.0,0.5,,1.0,229,1582,0.24890829694323144,0.4622284380869563,-2.531793282226684,-0.7003867262309837,-0.8313337326325726,18585.89964639303,-0.8141410035360697
120,atr,2.0,0.5,,2.0,391,1420,0.27877237851662406,0.5422226601208987,-2.2488072149501934,-0.8159763457158775,-0.916897625949459,9577.47349063406,-0.9042252650936594
120,atr,2.0,0.5,,3.0,527,1284,0.2922201138519924,0.584960909040639,-2.123410111683546,-0.8775766712177103,-0.9540243102590227,5510.294639586507,-0.9448970536041349
120,atr,2.0,0.5,,4.0,644,1167,0.2981366459627329,0.6057376806878407,-2.040036155091068,-0.9199151354684915,-0.9751781303957758,3029.2657378281647,-0.9697073426217183
120,atr,2.0,0.5,,5.0,775,1036,0.29935483870967744,0.6195468802633372,-2.057374502352255,-0.9512372348659195,-0.987924603220945,1466.260870129696,-0.985337391298703
120,atr,2.0,0.5,,6.0,901,910,0.29633740288568255,0.6085222511753033,-2.1197793971479775,-0.9725749444446993,-0.9947652958681585,633.7866941322018,-0.993662133058678
120,atr,2.0,0.5,,8.0,1131,680,0.2891246684350133,0.5931119507614938,-2.25758195252173,-0.9922802852854566,-0.9991695963841017,102.35377337316133,-0.9989764622662684
120,atr,2.0,0.5,,12.0,1414,397,0.29066478076379065,0.626997991240573,-2.270223500822416,-0.9981287530156195,-0.9998939789436736,14.071853736693503,-0.999859281462633
120,atr,2.0,0.5,,,1811,0,0.3014908890115958,0.6506844509477977,-2.081897117428589,-0.9998112296676214,-0.9999962109177063,0.5120744582421686,-0.9999948792554175
120,atr,2.0,0.5,0.5,1.0,321,1490,0.1838006230529595,0.40579439774767195,-2.938979461334946,-0.8196646892474239,-0.9193057067388987,8891.237937781336,-0.9110876206221866
120,atr,2.0,0.5,0.5,2.0,521,1290,0.2053742802303263,0.4449110938596757,-2.782105305734682,-0.9008188958548681,-0.966136687008508,3767.0424667535062,-0.962329575332465
120,atr,2.0,0.5,0.5,3.0,685,1126,0.2116788321167883,0.46394464690001624,-2.666422253061989,-0.9400681127649609,-0.9837073910812913,1831.6721636781588,-0.9816832783632184
120,atr,2.0,0.5,0.5,4.0,844,967,0.21800947867298578,0.47945586004643587,-2.5979231492112365,-0.9653424272727466,-0.9926459331228261,842.8594668647751,-0.9915714053313522
120,atr,2.0,0.5,0.5,5.0,986,825,0.2231237322515213,0.4911278560937634,-2.5714305532714787,-0.9793071369298322,-0.996522822713739,399.3413740783307,-0.9960065862592167
120,atr,2.0,0.5,0.5,6.0,1115,696,0.22242152466367712,0.49756220830767334,-2.5839267650384445,-0.9883390636012753,-0.9984883286182435,173.94215469610182,-0.998260578453039
120,atr,2.0,0.5,0.5,8.0,1320,491,0.22424242424242424,0.5294552211979571,-2.5211207861502496,-0.9948506048008348,-0.9995387936656878,53.94870813728819,-0.9994605129186271
120,atr,2.0,0.5,0.5,12.0,1559,252,0.22963438101347017,0.5753264827879981,-2.4435756311045314,-0.9980513050701081,-0.999887546613768,14.223201181985816,-0.9998577679881802
120,atr,2.0,0.5,0.5,,1811,0,0.2413031474323578,0.5804923415435879,-2.2068476677697135,-0.9990246137378712,-0.999958843879392,5.308984706252302,-0.9999469101529375
120,atr,2.0,0.5,1.0,1.0,291,1520,0.20618556701030927,0.4393466676559168,-2.933347622108366,-0.7812379468751587,-0.8931720659723253,11770.752818520927,-0.8822924718147908
120,atr,2.0,0.5,1.0,2.0,460,1351,0.2326086956521739,0.48404424871714957,-2.5665748735539555,-0.8644938330744554,-0.9467191908082639,5927.094934234212,-0.9407290506576579
120,atr,2.0,0.5,1.0,3.0,611,1200,0.24058919803600654,0.4994771697587748,-2.4414660707144367,-0.9169154055770152,-0.9738164155871705,2943.650274402985,-0.9705634972559701
120,atr,2.0,0.5,1.0,4.0,745,1066,0.2523489932885906,0.5435439743468341,-2.3165732331150726,-0.9454908724261271,-0.9858039043484751,1627.033560103257,-0.9837296643989675
120,atr,2.0,0.5,1.0,5.0,875,936,0.2571428571428571,0.5593379314528317,-2.2909318701326393,-0.9665933399497613,-0.9930282759509136,800.6775704125446,-0.9919932242958746
120,atr,2.0,0.5,1.0,6.0,1007,804,0.253227408142999,0.545084990312876,-2.381215810170417,-0.9828518399039626,-0.9973532793117785,304.547869956403,-0.9969545213004359
120,atr,2.0,0.5,1.0,8.0,1220,591,0.25081967213114753,0.553037943362967,-2.4191417211980393,-0.9941520240978076,-0.9994451975531689,64.89693018327324,-0.9993510306981672
120,atr,2.0,0.5,1.0,12.0,1476,335,0.255420054200542,0.6047907719023708,-2.386154454453819,-0.9982554680156528,-0.999904244447868,12.111244737943956,-0.9998788875526206
120,atr,2.0,0.5,1.0,,1811,0,0.27112092766427387,0.6207705740943448,-2.065657791262265,-0.9995299588242473,-0.9999857448919628,1.8388553011724593,-0.9999816114469883
120,atr,2.0,1.0,,1.0,133,1678,0.23308270676691728,0.4863669410728114,-2.0595398189571603,-0.4653878698638917,-0.6045953714377137,42195.90831615662,-0.5780409168384337
120,atr,2.0,1.0,,2.0,245,1566,0.2897959183673469,0.6264611214651944,-1.6371308864852758,-0.5629882102742347,-0.704952385886513,32812.11812686617,-0.6718788187313383
120,atr,2.0,1.0,,3.0,341,1470,0.31085043988269795,0.6784179371143021,-1.3934154718569327,-0.6309871204479618,-0.7692124588606745,26298.111624952395,-0.7370188837504761
120,atr,2.0,1.0,,4.0,437,1374,0.3135011441647597,0.6926668574010466,-1.3775298866169583,-0.7165091954309967,-0.8426339512458356,18311.50500003205,-0.8168849499996795
120,atr,2.0,1.0,,5.0,534,1277,0.3089887640449438,0.692339332915726,-1.4525941649152239,-0.7994509157593679,-0.9048099369511178,11217.029358915303,-0.887829706410847
120,atr,2.0,1.0,,6.0,631,1180,0.3090332805071315,0.6906685822913294,-1.4614688524632025,-0.8558183547636776,-0.94105460608277,6986.622520583667,-0.9301337747941634
120,atr,2.0,1.0,,8.0,799,1012,0.3016270337922403,0.6671520548652582,-1.5589500770394156,-0.9302174647344922,-0.9794546853142898,2489.4272798790166,-0.9751057272012098
120,atr,2.0,1.0,,12.0,1078,733,0.29777365491651203,0.6526724179468313,-1.639761118436102,-0.9799907124475934,-0.996652086924922,437.9923123694197,-0.9956200768763058
120,atr,2.0,1.0,,,1811,0,0.3202650469353948,0.6818282162639105,-1.2481699478256567,-0.9994617106486151,-0.9999824522030358,2.3985004946147503,-0.9999760149950538
120,atr,2.0,1.0,0.5,1.0,206,1605,0.1553398058252427,0.37047860151753415,-2.654572132874491,-0.6113246548706857,-0.751138927198473,26557.400325776543,-0.7344259967422346
120,atr,2.0,1.0,0.5,2.0,372,1439,0.1827956989247312,0.4491582500965381,-2.4888798132758563,-0.7555700635382373,-0.8731179752311709,13870.1729916976,-0.8612982700830241
120,atr,2.0,1.0,0.5,3.0,511,1300,0.19569471624266144,0.4955490468758229,-2.2256758419744638,-0.8148418480798573,-0.9152331252139357,9406.508382937507,-0.9059349161706249
120,atr,2.0,1.0,0.5,4.0,627,1184,0.19936204146730463,0.5060687813808248,-2.1203964428849993,-0.8673921674921852,-0.9478001580480367,5918.532913244391,-0.9408146708675561
120,atr,2.0,1.0,0.5,5.0,733,1078,0.20600272851296045,0.5247153647765692,-2.0292727394009398,-0.902079665347355,-0.9663956105935932,3843.5674862213336,-0.9615643251377867
120,atr,2.0,1.0,0.5,6.0,836,975,0.21052631578947367,0.5324024557701358,-1.9589020991376773,-0.9258249022550707,-0.9775499441325791,2576.334589558236,-0.9742366541044176
120,atr,2.0,1.0,0.5,8.0,1020,791,0.21666666666666667,0.5638359727387791,-1.873935849406411,-0.9572012277228733,-0.9898993364002758,1191.4905255650046,-0.9880850947443499
120,atr,2.0,1.0,0.5,12.0,1288,523,0.22282608695652173,0.5887767627089102,-1.8474041002303352,-0.9831520355036069,-0.9973920198407725,329.6032441215634,-0.9967039675587843
120,atr,2.0,1.0,0.5,,1811,0,0.2473771397018222,0.6570317095328407,-1.4498959899419621,-0.9953520190784977,-0.999598197940117,52.43527121036903,-0.9994756472878963
120,atr,2.0,1.0,1.0,1.0,170,1641,0.18823529411764706,0.42843665367511063,-2.3589345731967954,-0.5444804779049419,-0.6866316967575656,33441.338916254965,-0.6655866108374504
120,atr,2.0,1.0,1.0,2.0,307,1504,0.23127035830618892,0.533589458225648,-2.056213864947352,-0.6725852167590951,-0.8060137320684094,21573.129331976223,-0.7842687066802377
120,atr,2.0,1.0,1.0,3.0,415,1396,0.25301204819277107,0.5996557314052011,-1.7525738843637777,-0.7217080815964464,-0.8468079430199978,17456.149472488534,-0.8254385052751146
120,atr,2.0,1.0,1.0,4.0,514,1297,0.25680933852140075,0.6061640971989831,-1.6976509656782826,-0.7953204641619266,-0.9019493181524821,11409.421314963662,-0.8859057868503634
120,atr,2.0,1.0,1.0,5.0,612,1199,0.2581699346405229,0.6168942730779885,-1.6820856883040063,-0.8489477036394586,-0.9369314021538705,7431.892479179988,-0.9256810752082001
120,atr,2.0,1.0,1.0,6.0,708,1103,0.2612994350282486,0.6215973322817699,-1.6497338175204384,-0.890288830031724,-0.9603620109437226,4698.173149883493,-0.9530182685011651
120,atr,2.0,1.0,1.0,8.0,890,921,0.2573033707865168,0.606111307967873,-1.683806983428419,-0.9456086192833022,-0.9856932502228005,1733.5150970715106,-0.9826648490292849
120,atr,2.0,1.0,1.0,12.0,1157,654,0.25842696629213485,0.6111824622215257,-1.7336452648907905,-0.9824623292523555,-0.9972355339754038,361.66257588733777,-0.9963833742411267
120,atr,2.0,1.0,1.0,,1811,0,0.2865819988956378,0.6795694939521216,-1.358409308085116,-0.9983693696106651,-0.9999122370373376,11.995779856869659,-0.9998800422014313
120,atr,2.0,1.5,,1.0,106,1705,0.25471698113207547,0.5601099551952999,-1.9653501824973294,-0.33173451382556585,-0.45594382510850584,58645.40876308998,-0.4135459123691002
120,atr,2.0,1.5,,2.0,199,1612,0.27638190954773867,0.6325486321944577,-1.706314493370197,-0.46608794161334133,-0.6072947910180998,43125.62593182194,-0.5687437406817806
120,atr,2.0,1.5,,3.0,275,1536,0.28,0.639716442210667,-1.6318611840435444,-0.5725133620293265,-0.7156564577619444,31830.449139852175,-0.6816955086014782
120,atr,2.0,1.5,,4.0,356,1455,0.2949438202247191,0.6779094937314999,-1.4767095603375093,-0.6362023074493193,-0.7750501139958232,25732.85663466278,-0.7426714336533722
120,atr,2.0,1.5,,5.0,427,1384,0.2997658079625293,0.6926267814110854,-1.4467761990510937,-0.7025267433220084,-0.8320692467378966,19617.42809432819,-0.8038257190567182
120,atr,2.0,1.5,,6.0,507,1304,0.30177514792899407,0.7037325912411105,-1.4159018258964944,-0.7616042638642215,-0.878245614202874,14510.809780391977,-0.8548919021960802
120,atr,2.0,1.5,,8.0,632,1179,0.30063291139240506,0.7028436160212425,-1.3258412899294318,-0.8427503345754056,-0.9334685999188493,8080.448751495211,-0.9191955124850479
120,atr,2.0,1.5,,12.0,859,952,0.3061699650756694,0.7062114839270722,-1.221750172687559,-0.9314280497705787,-0.9800691517357979,2590.5159331965324,-0.9740948406680346
120,atr,2.0,1.5,,,1811,0,0.34014356709000554,0.6395064237151974,-0.5605835884140566,-0.9992576063357351,-0.999972148201955,4.035220047698998,-0.999959647799523
120,atr,2.0,1.5,0.5,1.0,153,1658,0.16339869281045752,0.44561147406928586,-2.3949337375588478,-0.4260931245734012,-0.5638555817443591,47013.28441579281,-0.5298671558420719
120,atr,2.0,1.5,0.5,2.0,278,1533,0.17266187050359713,0.4794013788276057,-2.2824180101201104,-0.5926631218418583,-0.7349128575660802,28828.432152340807,-0.7117156784765919
120,atr,2.0,1.5,0.5,3.0,385,1426,0.18181818181818182,0.5047730722910416,-2.0654086829321274,-0.6787445735016582,-0.8122225422237078,20767.45698410613,-0.7923254301589386
120,atr,2.0,1.5,0.5,4.0,483,1328,0.18840579710144928,0.5152807225218106,-1.9361798064457112,-0.7451790007306114,-0.8658743711923136,15162.394098489352,-0.8483760590151065
120,atr,2.0,1.5,0.5,5.0,579,1232,0.19170984455958548,0.5172610588291768,-1.9311645886285218,-0.8114875074859069,-0.913423056012468,9997.129431193374,-0.9000287056880663
120,atr,2.0,1.5,0.5,6.0,672,1139,0.19642857142857142,0.5325275769912018,-1.8854568985164224,-0.8537001760077574,-0.9400898459518576,7059.422113607318,-0.9294057788639268
120,atr,2.0,1.5,0.5,8.0,831,980,0.19494584837545126,0.5196770285903153,-1.8371257621314558,-0.9149776664737632,-0.9727630430406563,3287.560677069914,-0.9671243932293009
120,atr,2.0,1.5,0.5,12.0,1084,727,0.2047970479704797,0.5414743109267428,-1.6570602509895949,-0.9612259732087086,-0.9912922062756494,1126.9347820116238,-0.9887306521798838
120,atr,2.0,1.5,0.5,,1811,0,0.2390944229707344,0.5982007933143065,-1.0090406137175423,-0.9937095419086155,-0.9993795132678878,86.81955594864944,-0.9991318044405135
120,atr,2.0,1.5,1.0,1.0,120,1691,0.20833333333333334,0.48800676836013074,-2.1726508952488834,-0.3760054229460408,-0.5074969171337238,53088.34996227205,-0.4691165003772795
120,atr,2.0,1.5,1.0,2.0,223,1588,0.23766816143497757,0.577219305212797,-1.856205333349837,-0.5015069146243176,-0.6445567039432444,39033.64222098712,-0.6096635777901287
120,atr,2.0,1.5,1.0,3.0,317,1494,0.24290220820189273,0.5992584610150133,-1.7170512005785081,-0.5927189938034556,-0.734965665104313,29668.90631948611,-0.7033109368051389
120,atr,2.0,1.5,1.0,4.0,402,1409,0.2512437810945274,0.6133923728209789,-1.6451990192738994,-0.6728584999317493,-0.8072050191162597,22054.53708419182,-0.7794546291580818
120,atr,2.0,1.5,1.0,5.0,485,1326,0.2515463917525773,0.6163426509529848,-1.646574780821963,-0.7490608956237844,-0.8688316864336489,15322.892976166208,-0.846771070238338
120,atr,2.0,1.5,1.0,6.0,564,1247,0.2570921985815603,0.6339511037570666,-1.586734128445623,-0.799260279114762,-0.9051489054111201,11304.44855871214,-0.8869555144128786
120,atr,2.0,1.5,1.0,8.0,706,1105,0.2521246458923513,0.6251282879121349,-1.5148812990259253,-0.875974081226633,-0.9528676397117006,5724.37407573077,-0.9427562592426924
120,atr,2.0,1.5,1.0,12.0,941,870,0.2592986184909671,0.6394698311894284,-1.3660033632377908,-0.943752968874113,-0.9850530387564097,1942.7342349466187,-0.9805726576505338
120,atr,2.0,1.5,1.0,,1811,0,0.2849254555494202,0.6257576473818439,-0.9579929271474832,-0.9979688681445695,-0.9998798580825857,17.406383348638485,-0.9998259361665136
120,atr,2.0,2.0,,1.0,83,1728,0.2891566265060241,0.7028311387098222,-1.14841940708488,-0.1782368168034162,-0.263004147524028,78492.21912381014,-0.21507780876189864
120,atr,2.0,2.0,,2.0,156,1655,0.30128205128205127,0.7495513544570911,-1.0048485768317272,-0.27435966595502326,-0.41050332740940554,66851.163261444,-0.33148836738556
120,atr,2.0,2.0,,3.0,218,1593,0.3119266055045872,0.7664461338440391,-0.9393032589039739,-0.35302094715899224,-0.5050064046343175,57803.57137199695,-0.42196428628003047
120,atr,2.0,2.0,,4.0,280,1531,0.3107142857142857,0.754433546039507,-0.9874653542309142,-0.45168845540798175,-0.5919420879997994,46295.12719371178,-0.5370487280628822
120,atr,2.0,2.0,,5.0,337,1474,0.314540059347181,0.7612850499568975,-0.9309395342393247,-0.5193261544535868,-0.6633554119277151,38913.65034272868,-0.6108634965727132
120,atr,2.0,2.0,,6.0,394,1417,0.31218274111675126,0.7586829741516853,-0.9462813392270476,-0.5960113177748179,-0.7374816993943079,30862.159076034954,-0.6913784092396504
120,atr,2.0,2.0,,8.0,509,1302,0.3104125736738703,0.7593430493533864,-0.9747791711614683,-0.7197084447063593,-0.8454729025654315,18828.624144991107,-0.8117137585500889
120,atr,2.0,2.0,,12.0,708,1103,0.3093220338983051,0.739778810004058,-0.9578408631003231,-0.8647930856726953,-0.946400011212511,6983.101023557012,-0.9301689897644299
120,atr,2.0,2.0,,,237,1574,0.2616033755274262,0.5472572182417935,-0.503396533786476,-1.0,-1.0038215956526386,-576.9248502718189,-1.005769248502718
120,atr,2.0,2.0,0.5,1.0,113,1698,0.17699115044247787,0.5372565696724642,-1.7389283751806799,-0.2589013292928567,-0.3663808895933832,67554.97481478493,-0.3244502518521507
120,atr,2.0,2.0,0.5,2.0,219,1592,0.182648401826484,0.5607173238698294,-1.5991212414146978,-0.40747167569939513,-0.5416762204704604,49723.19395185407,-0.5027680604814593
120,atr,2.0,2.0,0.5,3.0,309,1502,0.18770226537216828,0.561838754747823,-1.5777006479745053,-0.5261607383572859,-0.6687330973509537,36491.12118833641,-0.6350887881166359
120,atr,2.0,2.0,0.5,4.0,390,1421,0.19743589743589743,0.5859570680497985,-1.4556685067162676,-0.5918763138216618,-0.7333099784217064,29924.658562487373,-0.7007534143751263
120,atr,2.0,2.0,0.5,5.0,464,1347,0.2025862068965517,0.5996714897549952,-1.3584491466686708,-0.6502265091211752,-0.7868476560075585,24343.25757045393,-0.7565674242954608
120,atr,2.0,2.0,0.5,6.0,537,1274,0.2048417132216015,0.6111797125252781,-1.3000728579237968,-0.7020815058949774,-0.8311603217331932,19687.047656900213,-0.8031295234309979
120,atr,2.0,2.0,0.5,8.0,676,1135,0.20562130177514792,0.6005744555797848,-1.357127526584695,-0.8104308707206325,-0.912435356640377,10588.668624745664,-0.8941133137525433
120,atr,2.0,2.0,0.5,12.0,914,897,0.20459518599562362,0.568884463970397,-1.360760342845543,-0.9160923713674892,-0.9731938117525788,3467.5833295245075,-0.965324166704755
120,atr,2.0,2.0,0.5,,1811,0,0.2473771397018222,0.5891919113212447,-0.5426671763767476,-0.9894424555622712,-0.9986794776060123,192.51416456415066,-0.9980748583543585
120,atr,2.0,2.0,1.0,1.0,89,1722,0.23595505617977527,0.6227127674853117,-1.4250967928945966,-0.2157936420390001,-0.31402525996311015,73336.39710143504,-0.26663602898564964
120,atr,2.0,2.0,1.0,2.0,170,1641,0.2647058823529412,0.7181269592836143,-1.095695593569099,-0.2950185624589402,-0.4177569000896708,64104.82079130794,-0.35895179208692063
120,atr,2.0,2.0,1.0,3.0,240,1571,0.2708333333333333,0.7360841111013496,-1.0038919473682426,-0.3738251104050566,-0.5162015547166862,55123.74894154581,-0.44876251058454186
120,atr,2.0,2.0,1.0,4.0,310,1501,0.2645161290322581,0.7224142279480101,-1.039310937525039,-0.4693621750857736,-0.6195731629034849,44143.7357244427,-0.558562642755573
120,atr,2.0,2.0,1.0,5.0,374,1437,0.2700534759358289,0.7306790051398621,-0.9595498582914549,-0.5313531433771808,-0.683580442202482,37507.56186725818,-0.6249243813274182
120,atr,2.0,2.0,1.0,6.0,440,1371,0.2681818181818182,0.7233465849140929,-0.9802552419450644,-0.6101885494965598,-0.7537493966930598,29301.72490432656,-0.7069827509567344
120,atr,2.0,2.0,1.0,8.0,567,1244,0.26278659611992944,0.7004117879462364,-1.088431571270046,-0.7497376197629895,-0.8689229894092843,15971.307346315967,-0.8402869265368403
120,atr,2.0,2.0,1.0,12.0,769,1042,0.26918075422626786,0.7043584524489248,-0.9890489914865461,-0.8651957303244164,-0.9466316842438658,6952.9182526464165,-0.9304708174735359
120,atr,2.0,2.0,1.0,,1811,0,0.30425179458862506,0.595651437798886,-0.37351971617964047,-0.9967459331790472,-0.999761009342219,36.07907847641561,-0.9996392092152359
120,atr,2.0,3.0,,1.0,62,1749,0.3387096774193548,0.903073126784242,-0.3707755730501178,-0.04924188586750178,-0.1595570060876741,95026.77436591029,-0.049732256340897174
120,atr,2.0,3.0,,2.0,117,1694,0.3333333333333333,0.8470269783337194,-0.5394053741720551,-0.12965746245408039,-0.2577919370569941,85236.77879187203,-0.14763221208127975
120,atr,2.0,3.0,,3.0,162,1649,0.345679012345679,0.8675371189676977,-0.4387354367176223,-0.15871682991057312,-0.2850917504764615,82697.130125346,-0.17302869874654003
120,atr,2.0,3.0,,4.0,206,1605,0.35436893203883496,0.8841542311206412,-0.33788402224483777,-0.18307700344867472,-0.32534280674882954,80933.60460662431,-0.1906639539337569
120,atr,2.0,3.0,,5.0,255,1556,0.35294117647058826,0.867953588956196,-0.37080051414842324,-0.24746143326408576,-0.39540903963602037,73326.72266587742,-0.2667327733412258
120,atr,2.0,3.0,,6.0,305,1506,0.3475409836065574,0.8502273514482629,-0.4297437896565321,-0.3255679665212664,-0.4876816028988693,63982.264909728176,-0.3601773509027183
120,atr,2.0,3.0,,8.0,398,1413,0.3442211055276382,0.829492537554184,-0.4796971716120222,-0.4495275236759978,-0.5977692346597466,49490.60905934114,-0.5050939094065885
120,atr,2.0,3.0,,12.0,570,1241,0.3298245614035088,0.7654412038401379,-0.6763218732520457,-0.7098422952880183,-0.8374956606493035,21015.564703349108,-0.7898443529665089
120,atr,2.0,3.0,,,231,1580,0.1341991341991342,0.2987626586418315,-0.6799648053086231,-1.0,-1.3045251434695528,-45761.893578283685,-1.4576189357828369
120,atr,2.0,3.0,0.5,1.0,77,1734,0.23376623376623376,0.7682772783598616,-0.7838018038234698,-0.09253416265402248,-0.1487081842775223,88807.60365939804,-0.11192396340601962
120,atr,2.0,3.0,0.5,2.0,146,1665,0.22602739726027396,0.7334599117583517,-0.9117441553725047,-0.19228615273394,-0.28116775457085663,76475.5166856726,-0.23524483314327405
120,atr,2.0,3.0,0.5,3.0,211,1600,0.2132701421800948,0.6778258544050259,-1.1009613145750892,-0.30190361859677506,-0.41839165313219395,63067.9387097086,-0.36932061290291396
120,atr,2.0,3.0,0.5,4.0,276,1535,0.21739130434782608,0.6959226763865511,-1.008266857462702,-0.36209726214774796,-0.4897840215582593,56507.28678429551,-0.4349271321570449
120,atr,2.0,3.0,0.5,5.0,336,1475,0.21726190476190477,0.6809548643384968,-1.0436307259167477,-0.44233145143226416,-0.5802733901150834,47449.44126579989,-0.5255055873420011
120,atr,2.0,3.0,0.5,6.0,399,1412,0.22055137844611528,0.6853084074974571,-1.0410382130397702,-0.511736245563287,-0.6539549382966445,40023.42316553127,-0.5997657683446873
120,atr,2.0,3.0,0.5,8.0,514,1297,0.2237354085603113,0.6743414729150009,-1.0503701353310153,-0.6276728892602441,-0.766576756687815,28047.400168780907,-0.7195259983121909
120,atr,2.0,3.0,0.5,12.0,710,1101,0.23098591549295774,0.6800694102127155,-0.9328901742322626,-0.7677987022672879,-0.8824239582407297,15205.298043292085,-0.8479470195670792
120,atr,2.0,3.0,0.5,,1811,0,0.28050800662617337,0.5558170036646309,-0.006319521821592287,-0.9794620417815196,-0.9965285152269836,521.6702796079392,-0.9947832972039206
120,atr,2.0,3.0,1.0,1.0,66,1745,0.3181818181818182,0.9039393180124576,-0.3631463930224568,-0.048769182398659905,-0.132244496141524,95095.40122364578,-0.04904598776354219
120,atr,2.0,3.0,1.0,2.0,127,1684,0.30708661417322836,0.858544483055117,-0.487421517828109,-0.12136111735910848,-0.23064545383218138,86419.37894506333,-0.1358062105493667
120,atr,2.0,3.0,1.0,3.0,176,1635,0.3125,0.8557890318975201,-0.4738423920317503,-0.17106894527374428,-0.2996042969280932,80939.52417998885,-0.19060475820011158
120,atr,2.0,3.0,1.0,4.0,226,1585,0.3230088495575221,0.8796017118501184,-0.3526718604376224,-0.19000826451140151,-0.3345544497812397,79938.18774083034,-0.20061812259169665
120,atr,2.0,3.0,1.0,5.0,279,1532,0.31899641577060933,0.8602034110908452,-0.391661388558739,-0.25638429650987526,-0.4078401076358076,72067.36399575177,-0.27932636004248224
120,atr,2.0,3.0,1.0,6.0,333,1478,0.3153153153153153,0.8447835192506696,-0.44013668832623604,-0.3306407762685485,-0.4844187996526683,63284.498563866466,-0.36715501436133535
120,atr,2.0,3.0,1.0,8.0,430,1381,0.313953488372093,0.8205836025141848,-0.48766455414237353,-0.458586267931377,-0.5979242021767814,48312.158805227984,-0.5168784119477201
120,atr,2.0,3.0,1.0,12.0,604,1207,0.3079470198675497,0.7809067814598885,-0.5726620801036238,-0.6793193971359566,-0.8120880779125528,24301.352031203583,-0.7569864796879642
120,atr,2.0,3.0,1.0,,237,1574,0.12236286919831224,0.38992202072806476,-1.5448343725022757,-1.0,-1.0006801323413228,-102.20549760900171,-1.00102205497609
120,atr,3.0,0.5,,1.0,189,1622,0.1693121693121693,0.43393745787252264,-2.3618902708288667,-0.6873555954964397,-0.8222979274652673,19743.594571137164,-0.8025640542886283
120,atr,3.0,0.5,,2.0,327,1484,0.21100917431192662,0.5513860891023937,-2.0803954451943203,-0.7975109872588275,-0.9045166528938964,11116.156228701542,-0.8888384377129845
120,atr,3.0,0.5,,3.0,437,1374,0.2219679633867277,0.5826306305477188,-1.9312267358068873,-0.8629726039256139,-0.9458482551222333,6522.2444371835645,-0.9347775556281643
120,atr,3.0,0.5,,4.0,559,1252,0.22719141323792486,0.6024457426177809,-1.8510823086872055,-0.9158908306189604,-0.9733461536073456,3295.327265524938,-0.9670467273447506
120,atr,3.0,0.5,,5.0,676,1135,0.22337278106508876,0.5960351836568435,-1.9672075670174347,-0.9554951967019129,-0.9894252807988009,1330.3729136037446,-0.9866962708639626
120,atr,3.0,0.5,,6.0,780,1031,0.21923076923076923,0.5812298058927511,-2.001794224766236,-0.9757872421873031,-0.9956316885109465,553.9135534027346,-0.9944608644659727
120,atr,3.0,0.5,,8.0,977,834,0.2241555783009212,0.5855536453455149,-1.8930920497737223,-0.9907442477211579,-0.9989191832680407,141.78341643332197,-0.9985821658356668
120,atr,3.0,0.5,,12.0,1274,537,0.22684458398744112,0.6245537775887223,-1.817552136210962,-0.9982161005145941,-0.9999010901294609,14.341850766461928,-0.9998565814923354
120,atr,3.0,0.5,,,1811,0,0.24572059635560464,0.6798585531212578,-1.4637011884778304,-0.9999315036769465,-0.9999991308406917,0.13398880099532667,-0.99999866011199
120,atr,3.0,0.5,0.5,1.0,287,1524,0.11846689895470383,0.35588763989739974,-2.8518907839857346,-0.8221627287894984,-0.9209240682836863,8700.664179890928,-0.9129933582010907
120,atr,3.0,0.5,0.5,2.0,471,1340,0.14225053078556263,0.43497426976579756,-2.578963265414728,-0.8990916818255607,-0.9652768241817036,3952.0950286359425,-0.9604790497136406
120,atr,3.0,0.5,0.5,3.0,626,1185,0.14376996805111822,0.434984400826261,-2.5649885313773866,-0.945088726710348,-0.9856515387838259,1669.605848540445,-0.9833039415145955
120,atr,3.0,0.5,0.5,4.0,770,1041,0.15584415584415584,0.46734402852412227,-2.402000435264882,-0.9645379622564105,-0.9923967137373777,908.9856605396968,-0.990910143394603
120,atr,3.0,0.5,0.5,5.0,898,913,0.15812917594654788,0.48685011639683784,-2.378397889867621,-0.9793295373697816,-0.9965282883027219,419.2105774000362,-0.9958078942259997
120,atr,3.0,0.5,0.5,6.0,1006,805,0.1610337972166998,0.5098739061349007,-2.2620277007770673,-0.9862366426470789,-0.9980768387951822,234.88398591111803,-0.9976511601408888
120,atr,3.0,0.5,0.5,8.0,1197,614,0.16875522138680032,0.5512096453657197,-2.0786748628876133,-0.9934664297085566,-0.9993482767130049,82.40903665974402,-0.9991759096334025
120,atr,3.0,0.5,0.5,12.0,1461,350,0.17522245037645448,0.5936411443962548,-1.9071076427799158,-0.9976847206957625,-0.9998555568005392,20.13758710108222,-0.9997986241289892
120,atr,3.0,0.5,0.5,,1811,0,0.18442849254555493,0.6210828281266684,-1.689834424863351,-0.9993357711137062,-0.9999764445297864,3.4215078171993802,-0.999965784921828
120,atr,3.0,0.5,1.0,1.0,257,1554,0.13229571984435798,0.38506535317520935,-2.70287922997195,-0.7830583942649383,-0.8947970356966948,11612.400988066589,-0.8838759901193342
120,atr,3.0,0.5,1.0,2.0,418,1393,0.15789473684210525,0.46927116279458075,-2.4011931117782273,-0.8707360114711545,-0.9502464745581605,5662.807503114301,-0.943371924968857
120,atr,3.0,0.5,1.0,3.0,555,1256,0.16936936936936936,0.48216865763235955,-2.274932525122706,-0.9188674917870528,-0.9747051334889111,2943.3439885078456,-0.9705665601149216
120,atr,3.0,0.5,1.0,4.0,685,1126,0.17956204379562044,0.507310432169962,-2.1315457443840087,-0.9489374346919687,-0.9870887049802017,1543.5670349134584,-0.9845643296508654
120,atr,3.0,0.5,1.0,5.0,797,1014,0.18193224592220827,0.5217365460337816,-2.0761041452376063,-0.9682995515353034,-0.9935393995182812,780.120094769301,-0.992198799052307
120,atr,3.0,0.5,1.0,6.0,903,908,0.18272425249169436,0.5333581486699549,-2.0386578014095837,-0.9809511205110673,-0.996916726366404,376.57352846938414,-0.9962342647153062
120,atr,3.0,0.5,1.0,8.0,1103,708,0.18766999093381687,0.5615583323911998,-2.000080314343602,-0.9924688514128012,-0.9991988928471062,101.29831179670863,-0.998987016882033
120,atr,3.0,0.5,1.0,12.0,1369,442,0.19722425127830534,0.6214909823360008,-1.7899704943402195,-0.997680746462412,-0.9998551965570401,20.18781054439526,-0.9997981218945561
120,atr,3.0,0.5,1.0,,1811,0,0.2109331860850359,0.6450852185315452,-1.5395615719133566,-0.9996629491651876,-0.9999912059711344,1.2773609796542802,-0.9999872263902034
120,atr,3.0,1.0,,1.0,132,1679,0.19696969696969696,0.5858768447495112,-1.7016417960070953,-0.42575541688016827,-0.567231592777863,47687.301878173384,-0.5231269812182662
120,atr,3.0,1.0,,2.0,228,1583,0.23684210526315788,0.7036949733478242,-1.2595465625388451,-0.5101055455248509,-0.6612230963950032,38981.48315974986,-0.6101851684025014
120,atr,3.0,1.0,,3.0,313,1498,0.23961661341853036,0.7071036352585962,-1.262297523871057,-0.6250930107286479,-0.7670228795190072,27316.76386425312,-0.7268323613574688
120,atr,3.0,1.0,,4.0,397,1414,0.2367758186397985,0.7079791892794389,-1.3202448838260226,-0.7292879041852258,-0.8548143982729225,17466.379001396956,-0.8253362099860304
120,atr,3.0,1.0,,5.0,478,1333,0.23221757322175732,0.7027306179314328,-1.3556635434830302,-0.806647574730672,-0.9109474418628992,10721.156076487909,-0.8927884392351209
120,atr,3.0,1.0,,6.0,561,1250,0.23529411764705882,0.7209513286000163,-1.3189818132157767,-0.8525463108365645,-0.9399227696188472,7377.887340114223,-0.9262211265988578
120,atr,3.0,1.0,,8.0,702,1109,0.23504273504273504,0.7131543928603246,-1.2519596640548798,-0.9144098491809984,-0.9727346383702378,3478.4753208007282,-0.9652152467919928
120,atr,3.0,1.0,,12.0,951,860,0.24185068349106204,0.701535948888479,-1.0931356061185595,-0.9672839427572236,-0.9932546308790737,947.1291998905601,-0.9905287080010944
120,atr,3.0,1.0,,,1811,0,0.27112092766427387,0.6489212424448567,-0.31882207156224995,-0.9998684129572116,-0.9999977625276466,0.3558137647108425,-0.9999964418623529
120,atr,3.0,1.0,0.5,1.0,201,1610,0.11442786069651742,0.4007121108687252,-2.7332631417441906,-0.610566364432907,-0.7537977771686029,27129.33644717674,-0.7287066355282326
120,atr,3.0,1.0,0.5,2.0,343,1468,0.13119533527696792,0.45828878100330994,-2.428365296226954,-0.7471780692506894,-0.8685386399327235,14643.424307586647,-0.8535657569241335
120,atr,3.0,1.0,0.5,3.0,468,1343,0.13675213675213677,0.48193071724371345,-2.2424791948122067,-0.817944363305704,-0.9184031897156663,9365.854724737635,-0.9063414527526237
120,atr,3.0,1.0,0.5,4.0,578,1233,0.14013840830449828,0.5049703001935849,-2.0826598947232253,-0.8676173625592076,-0.948630808980224,6053.092259225224,-0.9394690774077478
120,atr,3.0,1.0,0.5,5.0,675,1136,0.1437037037037037,0.5112344443437484,-1.9699528945146485,-0.9024298720499595,-0.9670206803469594,3938.995939228962,-0.9606100406077104
120,atr,3.0,1.0,0.5,6.0,764,1047,0.14921465968586387,0.535675113329818,-1.8647314912276665,-0.9243318622907896,-0.9772021824407304,2765.267136021273,-0.9723473286397872
120,atr,3.0,1.0,0.5,8.0,932,879,0.15236051502145923,0.5458119689573528,-1.7224859507117551,-0.9559439615848175,-0.9896075499658035,1308.9698053777688,-0.9869103019462223
120,atr,3.0,1.0,0.5,12.0,1191,620,0.16624685138539042,0.5916119178972831,-1.4816744527287475,-0.9788991485403943,-0.9964323370201652,500.065450386032,-0.9949993454961397
120,atr,3.0,1.0,0.5,,1811,0,0.18884594146880176,0.6271611260281295,-0.9467761159607735,-0.9966486235110025,-0.9997534982800972,37.16577815401745,-0.9996283422184599
120,atr,3.0,1.0,1.0,1.0,157,1654,0.16560509554140126,0.5194561693704831,-1.9543268184117282,-0.480501902495704,-0.6258392947389722,41229.244568156166,-0.5877075543184384
120,atr,3.0,1.0,1.0,2.0,283,1528,0.18374558303886926,0.5890281706920827,-1.7529288629708026,-0.6301550129649263,-0.7718778948399063,25914.78707627771,-0.740852129237223
120,atr,3.0,1.0,1.0,3.0,380,1431,0.18947368421052632,0.612186312424827,-1.5988370786481627,-0.7084582360106235,-0.8383110959176177,18958.16036857856,-0.8104183963142144
120,atr,3.0,1.0,1.0,4.0,478,1333,0.18828451882845187,0.6192634305254423,-1.5444109986431342,-0.79196458710349,-0.9009591930680436,11914.985025371874,-0.8808501497462813
120,atr,3.0,1.0,1.0,5.0,564,1247,0.1879432624113475,0.6283797765306434,-1.4765582230115077,-0.8383187881129456,-0.9313230776868723,8268.106142872555,-0.9173189385712744
120,atr,3.0,1.0,1.0,6.0,650,1161,0.19076923076923077,0.6488373028518085,-1.4347746892628055,-0.8802300996077573,-0.9555830891687638,5454.694932334401,-0.945453050676656
120,atr,3.0,1.0,1.0,8.0,811,1000,0.18865598027127004,0.6320924572430067,-1.398591726304018,-0.9334248512701745,-0.9810704807035999,2415.0006371187333,-0.9758499936288126
120,atr,3.0,1.0,1.0,12.0,1071,740,0.19794584500466852,0.6204954321264995,-1.266370771061674,-0.9742123678880727,-0.9952257749804212,670.3573728623746,-0.9932964262713763
120,atr,3.0,1.0,1.0,,1811,0,0.22473771397018222,0.6490347037023845,-0.7573429323428754,-0.9987792526404337,-0.9999431396658024,9.042207624400207,-0.999909577923756
120,atr,3.0,1.5,,1.0,94,1717,0.22340425531914893,0.6732992524878604,-1.1709855357972305,-0.240805669939803,-0.351486515789461,69141.3156652508,-0.308586843347492
120,atr,3.0,1.5,,2.0,171,1640,0.22807017543859648,0.7022494116210949,-1.1505339568381483,-0.3752644478063826,-0.5100111230670497,53631.87968339677,-0.46368120316603223
120,atr,3.0,1.5,,3.0,241,1570,0.23236514522821577,0.7101758875940783,-1.0822674329610493,-0.4795520733722539,-0.6236370038471897,42459.37326674607,-0.5754062673325393
120,atr,3.0,1.5,,4.0,305,1506,0.2360655737704918,0.7237405794627562,-1.0217926927911527,-0.5668814210521953,-0.7117629480890746,33575.08592599398,-0.6642491407400601
120,atr,3.0,1.5,,5.0,367,1444,0.23433242506811988,0.7288035914666762,-1.0489443626509365,-0.6530380841943353,-0.7911429196075443,25116.672255931164,-0.7488332774406883
120,atr,3.0,1.5,,6.0,434,1377,0.23271889400921658,0.7381040189100848,-1.0183133211498256,-0.7224388685709349,-0.8489642160373865,18650.179294471855,-0.8134982070552814
120,atr,3.0,1.5,,8.0,549,1262,0.24043715846994534,0.7647950600102215,-0.828280035473674,-0.788774376181048,-0.8984195867520154,12962.212460680475,-0.8703778753931952
120,atr,3.0,1.5,,12.0,760,1051,0.25,0.7583173685214425,-0.720465289542706,-0.8998041921120552,-0.9656134924370546,4927.50965629573,-0.9507249034370427
120,atr,3.0,1.5,,,234,1577,0.1623931623931624,0.503922526016917,-0.9893385352648537,-1.0,-1.0457990651150735,-7690.264118948694,-1.0769026411894869
120,atr,3.0,1.5,0.5,1.0,144,1667,0.11805555555555555,0.4328718041041756,-2.2096972701491007,-0.4136214221618535,-0.5524501339232785,47513.49846848118,-0.5248650153151881
120,atr,3.0,1.5,0.5,2.0,248,1563,0.13306451612903225,0.49733269599724095,-1.9135136650880646,-0.544765332247134,-0.6901420457522229,33444.99431204807,-0.6655500568795194
120,atr,3.0,1.5,0.5,3.0,348,1463,0.13505747126436782,0.5043519794504167,-1.8075634121539768,-0.6532244643929013,-0.7913058473099397,23126.584461985112,-0.7687341553801489
120,atr,3.0,1.5,0.5,4.0,439,1372,0.13895216400911162,0.5178744715030783,-1.6976720888525287,-0.7228590962158493,-0.8492962156501226,17253.324245678865,-0.8274667575432113
120,atr,3.0,1.5,0.5,5.0,527,1284,0.1442125237191651,0.5340862965682505,-1.5692955067909038,-0.7748294676313532,-0.8885358356418005,13181.576963449039,-0.8681842303655096
120,atr,3.0,1.5,0.5,6.0,614,1197,0.1465798045602606,0.5359425366108418,-1.496811469774161,-0.8234161763717768,-0.9216893183318489,9513.384178593642,-0.9048661582140636
120,atr,3.0,1.5,0.5,8.0,763,1048,0.15072083879423329,0.5420933945806926,-1.328257156317219,-0.8855489902807931,-0.9582850018243968,5339.455207783385,-0.9466054479221662
120,atr,3.0,1.5,0.5,12.0,999,812,0.16316316316316315,0.5715994066380773,-1.0815222273965603,-0.9396807754275911,-0.9835452112930111,2367.457877901893,-0.9763254212209811
120,atr,3.0,1.5,0.5,,1811,0,0.2037548315847598,0.5039216697657218,-0.22741649223029334,-0.9933666207026718,-0.9993334015357507,106.8898135483217,-0.9989311018645168
120,atr,3.0,1.5,1.0,1.0,115,1696,0.16521739130434782,0.532784638435284,-1.7538544702191803,-0.340836754663951,-0.46955054673010843,56314.415880587374,-0.43685584119412624
120,atr,3.0,1.5,1.0,2.0,204,1607,0.17647058823529413,0.5944089516141441,-1.5504918844210114,-0.4642275972173264,-0.6074351983486377,42906.80164909431,-0.5709319835090569
120,atr,3.0,1.5,1.0,3.0,284,1527,0.18309859154929578,0.6286877025592537,-1.3752528475268164,-0.5489302625671195,-0.6942508403569179,34493.07670515159,-0.6550692329484842
120,atr,3.0,1.5,1.0,4.0,362,1449,0.1878453038674033,0.6450775570098568,-1.249468510047634,-0.6277851770511743,-0.76870617255936,26942.09533086459,-0.7305790466913541
120,atr,3.0,1.5,1.0,5.0,445,1366,0.18651685393258427,0.641618750943404,-1.2550105016828141,-0.7113991012303715,-0.8401613588347634,19221.827464201462,-0.8077817253579853
120,atr,3.0,1.5,1.0,6.0,513,1298,0.19103313840155944,0.6618896096251585,-1.149115199806235,-0.756077004607746,-0.8748033503470274,15459.514969466412,-0.8454048503053359
120,atr,3.0,1.5,1.0,8.0,640,1171,0.196875,0.6799384249880355,-0.9821588931573717,-0.825404167569667,-0.9229665082292385,9829.891954495506,-0.9017010804550449
120,atr,3.0,1.5,1.0,12.0,861,950,0.20789779326364694,0.7030330749617977,-0.7787324774661104,-0.9089224630660204,-0.9700633011057569,4289.862022450918,-0.9571013797754908
120,atr,3.0,1.5,1.0,,1811,0,0.24461623412479294,0.5161188568672838,-0.1105849131138305,-0.9981785574837616,-0.999897996573652,17.127714019555754,-0.9998287228598044
120,atr,3.0,2.0,,1.0,78,1733,0.2564102564102564,0.8182713359407171,-0.6084276965446529,-0.11449715553761919,-0.20560633566684505,86378.91511059926,-0.13621084889400736
120,atr,3.0,2.0,,2.0,146,1665,0.2465753424657534,0.7780750545465336,-0.8047973513329479,-0.24910011280283428,-0.359211872348968,70352.89470639025,-0.29647105293609755
120,atr,3.0,2.0,,3.0,199,1612,0.2613065326633166,0.809345248595592,-0.6280556390613368,-0.29255702333918,-0.4154596684894051,66298.98433903528,-0.3370101566096473
120,atr,3.0,2.0,,4.0,256,1555,0.26171875,0.8047527410528764,-0.6153781489712273,-0.37602075399399193,-0.5103049057255764,56758.30787270477,-0.4324169212729523
120,atr,3.0,2.0,,5.0,311,1500,0.26366559485530544,0.8067182594201636,-0.5920381624037648,-0.44569900163261167,-0.5876767617499312,49077.156676223996,-0.50922843323776
120,atr,3.0,2.0,,6.0,363,1448,0.2644628099173554,0.8103355035516346,-0.5819585842655695,-0.5087030787303533,-0.6539564968759143,42459.55631272477,-0.5754044368727522
120,atr,3.0,2.0,,8.0,475,1336,0.2673684210526316,0.8210026161873,-0.5269067384069919,-0.6225567203509483,-0.7650791458758172,30763.19385592001,-0.6923680614407999
120,atr,3.0,2.0,,12.0,659,1152,0.26707132018209406,0.7939215920481506,-0.5009096559589019,-0.7965206738215649,-0.9038111406700216,13467.229553647543,-0.8653277044635246
120,atr,3.0,2.0,,,234,1577,0.09829059829059829,0.35061583894817994,-1.1243878154043387,-1.0,-1.199451822137847,-32608.440989488492,-1.326084409894885
120,atr,3.0,2.0,0.5,1.0,108,1703,0.1388888888888889,0.5603563913179586,-1.4866978538645446,-0.23800263200275573,-0.345411752991984,69447.96280890312,-0.3055203719109688
120,atr,3.0,2.0,0.5,2.0,206,1605,0.14563106796116504,0.6148481103627544,-1.3438142100153418,-0.3713653330268686,-0.5049896225791402,54507.92429038303,-0.45492075709616964
120,atr,3.0,2.0,0.5,3.0,289,1522,0.1453287197231834,0.5969979831621453,-1.3719024053365716,-0.4927099620298355,-0.6374760973204091,40913.342362064395,-0.590866576379356
120,atr,3.0,2.0,0.5,4.0,367,1444,0.14986376021798364,0.5976374538273656,-1.3006870870466782,-0.5712802859705572,-0.7160823023685422,32917.39792551275,-0.6708260207448725
120,atr,3.0,2.0,0.5,5.0,437,1374,0.15560640732265446,0.6173696353046031,-1.1728378636042176,-0.6205741896156085,-0.7622346214975597,28308.454141960327,-0.7169154585803967
120,atr,3.0,2.0,0.5,6.0,512,1299,0.16015625,0.6341031565817871,-1.0968940466610544,-0.6725037948905281,-0.8079954339562622,23565.59956105165,-0.7643440043894835
120,atr,3.0,2.0,0.5,8.0,643,1168,0.16640746500777606,0.6400280281306729,-0.9975903522155762,-0.7640958117938514,-0.8807687928031959,15047.73000235659,-0.849522699976434
120,atr,3.0,2.0,0.5,12.0,876,935,0.1689497716894977,0.6103881352731325,-0.9263549615197879,-0.8851988441275478,-0.9581109425710722,5832.807439787305,-0.941671925602127
120,atr,3.0,2.0,0.5,,1811,0,0.22197680839315295,0.48667031571712277,0.14243979485694508,-0.984306242608463,-0.9976723112899099,363.2587984990883,-0.9963674120150091
120,atr,3.0,2.0,1.0,1.0,85,1726,0.2,0.6993944081071761,-0.9967262538063513,-0.17042752629879698,-0.2594364845136322,78569.43309967195,-0.21430566900328052
120,atr,3.0,2.0,1.0,2.0,160,1651,0.2125,0.7649142595949181,-0.8206082464950728,-0.25154503709519993,-0.36223988874690227,70020.44516555057,-0.2997955483444943
120,atr,3.0,2.0,1.0,3.0,225,1586,0.2088888888888889,0.7551309644577328,-0.8314094906576045,-0.34833372241504423,-0.4784324716058781,58844.51367334457,-0.4115548632665543
120,atr,3.0,2.0,1.0,4.0,293,1518,0.20477815699658702,0.7400451229955817,-0.850367863769535,-0.4448609331923803,-0.5867710278175021,47895.471078401104,-0.5210452892159889
120,atr,3.0,2.0,1.0,5.0,351,1460,0.21082621082621084,0.7535567389759626,-0.772837686260857,-0.4977318259123712,-0.6426766618099744,42530.74245062959,-0.5746925754937041
120,atr,3.0,2.0,1.0,6.0,413,1398,0.21307506053268765,0.7580869689430385,-0.7379716795970438,-0.5595028212666386,-0.7046843116480928,36235.250731213964,-0.6376474926878604
120,atr,3.0,2.0,1.0,8.0,535,1276,0.21869158878504674,0.7656566764702982,-0.6776740968981327,-0.6725955535478927,-0.8080735617129008,25022.00046905821,-0.749779995309418
120,atr,3.0,2.0,1.0,12.0,737,1074,0.22388059701492538,0.7559604608369573,-0.5567875082743463,-0.8136141945099218,-0.9153205104320958,11855.823350441255,-0.8814417664955875
120,atr,3.0,2.0,1.0,,1811,0,0.27332965212589727,0.4708469876905842,0.2918271707637655,-0.9957325304354112,-0.9996488267645447,57.4134224630877,-0.9994258657753691
120,atr,3.0,3.0,,1.0,55,1756,0.3090909090909091,1.1370260421920066,0.2348444051019901,0.022802782493422047,-0.1087176247211864,106540.53846708211,0.06540538467082113
120,atr,3.0,3.0,,2.0,101,1710,0.32673267326732675,1.2013954365697213,0.5022614888334674,0.09869597303372202,-0.1823629241503224,118212.40882538786,0.1821240882538786
120,atr,3.0,3.0,,3.0,142,1669,0.33098591549295775,1.2038326972924902,0.5706401361818856,0.15021618200104925,-0.2385912241906134,126347.96935567251,0.2634796935567252
120,atr,3.0,3.0,,4.0,183,1628,0.33879781420765026,1.2142552047058146,0.6477742571406275,0.2151445832641914,-0.29639582463183145,136837.56817098925,0.36837568170989243
120,atr,3.0,3.0,,5.0,229,1582,0.3318777292576419,1.1487466287870738,0.5860451451661663,0.19226674808237698,-0.3594155279805409,133111.82407951797,0.3311182407951798
120,atr,3.0,3.0,,6.0,279,1532,0.3225806451612903,1.0810596361140539,0.501013405343435,0.12613360731693768,-0.4089962982700234,122524.1034659099,0.22524103465909895
120,atr,3.0,3.0,,8.0,365,1446,0.3178082191780822,1.0202851836836733,0.4423001643983325,0.027355300901963364,-0.5117962811538945,107229.97121122472,0.07229971211224728
120,atr,3.0,3.0,,12.0,531,1280,0.3050847457627119,0.911689262664884,0.275952939440845,-0.31577656691315326,-0.6981601895615666,61151.7148416821,-0.38848285158317897
120,atr,3.0,3.0,,,231,1580,0.012987012987012988,0.05376591603906011,-0.8953762901987821,-1.0,-1.2215004375586271,-23503.827776302776,-1.2350382777630278
120,atr,3.0,3.0,0.5,1.0,74,1737,0.1891891891891892,0.8664390850534399,-0.4564552248112219,-0.06604662421667828,-0.12639126407499568,93367.17043250662,-0.06632829567493381
120,atr,3.0,3.0,0.5,2.0,140,1671,0.19285714285714287,0.8826782489658725,-0.2948906003787765,-0.09521282214627602,-0.22082485535639595,89162.4904469023,-0.10837509553097702
120,atr,3.0,3.0,0.5,3.0,204,1607,0.18627450980392157,0.8461349296028782,-0.3328136628271241,-0.15401514836237262,-0.2936332930295653,80871.61600797964,-0.1912838399202036
120,atr,3.0,3.0,0.5,4.0,268,1543,0.19029850746268656,0.8618378968539105,-0.21962659111137614,-0.17471418510846692,-0.3696043495405835,78013.74166112342,-0.21986258338876574
120,atr,3.0,3.0,0.5,5.0,326,1485,0.19325153374233128,0.8476112173765564,-0.20980333382374014,-0.2248657395258561,-0.4366964623051187,71224.01987710776,-0.2877598012289224
120,atr,3.0,3.0,0.5,6.0,388,1423,0.1958762886597938,0.840676902136769,-0.18850289560244896,-0.2809619913299469,-0.5195675409290053,63861.98739395169,-0.3613801260604831
120,atr,3.0,3.0,0.5,8.0,495,1316,0.19797979797979798,0.8148447934520184,-0.17100208586871907,-0.38509734206326385,-0.6178073515277387,50881.47729200533,-0.4911852270799467
120,atr,3.0,3.0,0.5,12.0,683,1128,0.20644216691068815,0.7965387165166704,-0.08929047684627048,-0.5491673650541078,-0.7713746048648387,33362.79960237711,-0.6663720039762289
120,atr,3.0,3.0,0.5,,1811,0,0.26339039204859194,0.6656837753403362,0.7129090556374899,-0.9272049269957394,-0.986867115169331,2361.035984959092,-0.9763896401504091
120,atr,3.0,3.0,1.0,1.0,63,1748,0.25396825396825395,0.9809012640703455,-0.1419630199519217,-0.027540479358515557,-0.13298425694403582,99009.7951678383,-0.009902048321617007
120,atr,3.0,3.0,1.0,2.0,119,1692,0.2605042016806723,1.023400556811288,0.10039667110849589,-0.005247570180590633,-0.2214543549918453,102323.32385150937,0.023233238515093735
120,atr,3.0,3.0,1.0,3.0,165,1646,0.2727272727272727,1.0544030972578124,0.26072003401799126,0.0314130982474079,-0.2932338738630893,107845.64968048426,0.07845649680484268
120,atr,3.0,3.0,1.0,4.0,213,1598,0.28169014084507044,1.0903322190366789,0.41125596255594055,0.08968504673823774,-0.3376695750977077,116806.91837777395,0.1680691837777395
120,atr,3.0,3.0,1.0,5.0,264,1547,0.2803030303030303,1.065053157862198,0.4091344419830771,0.07924524965411117,-0.40772782730651214,115185.12183514472,0.1518512183514471
120,atr,3.0,3.0,1.0,6.0,318,1493,0.27672955974842767,1.0239534220821247,0.3641595908063885,0.025662415194303678,-0.4935135796400859,106973.43908680722,0.06973439086807232
120,atr,3.0,3.0,1.0,8.0,408,1403,0.2769607843137255,0.9841025204715788,0.34631885391192146,-0.06094367240479681,-0.5917751712299988,94109.00467624723,-0.05890995323752768
120,atr,3.0,3.0,1.0,12.0,575,1236,0.27652173913043476,0.9174825858188648,0.27795169345059045,-0.32326208597225525,-0.7601418503694615,60182.46669212404,-0.39817533307875963
120,atr,3.0,3.0,1.0,,235,1576,0.01276595744680851,0.07447162388257172,0.39465711081191573,-1.0,-1.0120186803642113,-1275.3247645575732,-1.0127532476455758
120,atr,4.0,0.5,,1.0,178,1633,0.1348314606741573,0.458673855420065,-2.3263258215021403,-0.6824672645913987,-0.8204695402861463,20633.786462822463,-0.7936621353717754
120,atr,4.0,0.5,,2.0,299,1512,0.1705685618729097,0.5818824343992084,-1.9195625302853645,-0.7820434599935333,-0.8969920002100714,12402.837764954558,-0.8759716223504544
120,atr,4.0,0.5,,3.0,404,1407,0.1782178217821782,0.6091438498714351,-1.797482038125919,-0.8587586025642212,-0.9446130720883055,6841.2539120518895,-0.9315874608794811
120,atr,4.0,0.5,,4.0,497,1314,0.17706237424547283,0.6311224444007097,-1.7685254573993103,-0.914124673794968,-0.9731120903616632,3437.8168366867108,-0.9656218316331329
120,atr,4.0,0.5,,5.0,610,1201,0.17868852459016393,0.6268886768128723,-1.7651341492398236,-0.9498521139054192,-0.9877825235974571,1571.9997273343556,-0.9842800027266565
120,atr,4.0,0.5,,6.0,698,1113,0.18051575931232092,0.6298657470012754,-1.6604609107512018,-0.9668578105828611,-0.9932544696627642,878.9521029345907,-0.9912104789706541
120,atr,4.0,0.5,,8.0,878,933,0.18337129840546698,0.6261616054624835,-1.6017070147966193,-0.9869699702891509,-0.9982615232684631,235.78194867177172,-0.9976421805132822
120,atr,4.0,0.5,,12.0,1155,656,0.18614718614718614,0.6269393698407815,-1.4975230800843458,-0.9974669538052104,-0.999838903176815,24.434126125224026,-0.9997556587387477
120,atr,4.0,0.5,,,1811,0,0.2120375483158476,0.6716555313505439,-0.9873300788859135,-0.9999830024910853,-0.9999998876200858,0.019283508699056894,-0.999999807164913
120,atr,4.0,0.5,0.5,1.0,283,1528,0.09187279151943463,0.3954766767177018,-3.0166561081052774,-0.824007718384459,-0.9237647942992271,8756.713190838182,-0.9124328680916182
120,atr,4.0,0.5,0.5,2.0,449,1362,0.1091314031180401,0.4504437265951617,-2.63720301162199,-0.8979221088233049,-0.9654396977481168,4018.6959136471573,-0.9598130408635285
120,atr,4.0,0.5,0.5,3.0,601,1210,0.11480865224625623,0.4752879853578063,-2.5313707991030694,-0.9432267533628842,-0.9854369073221928,1775.197633254746,-0.9822480236674526
120,atr,4.0,0.5,0.5,4.0,722,1089,0.11772853185595568,0.49939772732223014,-2.3897393066274257,-0.9635545008825863,-0.9922563579466047,966.1381160765336,-0.9903386188392347
120,atr,4.0,0.5,0.5,5.0,839,972,0.12157330154946365,0.5102504337053623,-2.3040386199914136,-0.9772570052448852,-0.9962247834083032,495.0272771147428,-0.9950497272288525
120,atr,4.0,0.5,0.5,6.0,946,865,0.12473572938689217,0.5313832573342051,-2.1580614713875765,-0.9849773967264304,-0.9979265746750307,274.0241062634096,-0.997259758937366
120,atr,4.0,0.5,0.5,8.0,1137,674,0.1310466138962181,0.5610680984561521,-1.9822204109739374,-0.9931786130234851,-0.9993323043087494,90.65682292300951,-0.9990934317707699
120,atr,4.0,0.5,0.5,12.0,1397,414,0.14173228346456693,0.6065743878237162,-1.7021245317548062,-0.9972911139911721,-0.9998224092160127,26.536558715372433,-0.9997346344128463
120,atr,4.0,0.5,0.5,,1811,0,0.1518498067366096,0.6277910142004145,-1.4195887637408806,-0.9994868062961693,-0.9999841488228844,2.5542504107350306,-0.9999744574958926
120,atr,4.0,0.5,1.0,1.0,243,1568,0.1111111111111111,0.4330446078016215,-2.6406092317255037,-0.7598995974196451,-0.8803740328512543,13748.84610383116,-0.8625115389616884
120,atr,4.0,0.5,1.0,2.0,392,1419,0.125,0.48168316707229336,-2.381177701525088,-0.8657048656784294,-0.9485248495216145,5985.566195983943,-0.9401443380401606
120,atr,4.0,0.5,1.0,3.0,528,1283,0.13636363636363635,0.5141524379239832,-2.1939897678266846,-0.9144982257354665,-0.9736043387467005,3217.5525090530814,-0.9678244749094692
120,atr,4.0,0.5,1.0,4.0,637,1174,0.13657770800627944,0.537176204003889,-2.119838048109928,-0.948328249773969,-0.9871429987646433,1604.1081013648868,-0.9839589189863511
120,atr,4.0,0.5,1.0,5.0,732,1079,0.1407103825136612,0.5420615568664017,-1.96889096937537,-0.9646145883764154,-0.9928259395595651,940.7024787652924,-0.9905929752123471
120,atr,4.0,0.5,1.0,6.0,834,977,0.14268585131894485,0.5577209747348331,-1.8743864022966388,-0.9778332644567912,-0.99635180820916,482.14540592496945,-0.9951785459407503
120,atr,4.0,0.5,1.0,8.0,1017,794,0.14749262536873156,0.5646690860694348,-1.7808325650662244,-0.9905304924817284,-0.9989227069229764,145.98189465133268,-0.9985401810534866
120,atr,4.0,0.5,1.0,12.0,1287,524,0.1585081585081585,0.619243365121284,-1.5940938294062141,-0.9972496877897932,-0.9998184511698334,27.127991009777062,-0.9997287200899022
120,atr,4.0,0.5,1.0,,1811,0,0.17393705135284374,0.651262675178362,-1.2500333309684228,-0.9997596454928965,-0.9999947324939572,0.8488031756335134,-0.9999915119682437
120,atr,4.0,1.0,,1.0,122,1689,0.1721311475409836,0.6196663956548316,-1.3340187652554516,-0.3742784554056424,-0.5126431458756597,52657.26488333068,-0.4734273511666932
120,atr,4.0,1.0,,2.0,210,1601,0.19047619047619047,0.6625787886345879,-1.2496505728196494,-0.5151287949353549,-0.663496923123305,37755.62199936968,-0.6224437800063032
120,atr,4.0,1.0,,3.0,287,1524,0.1951219512195122,0.6771462219531968,-1.1775001744065454,-0.6197557121375246,-0.7635875520452057,27620.419162260387,-0.7237958083773961
120,atr,4.0,1.0,,4.0,356,1455,0.199438202247191,0.7163331873770733,-1.084529991821622,-0.689079786285312,-0.8235131761573015,21426.53917057251,-0.7857346082942749
120,atr,4.0,1.0,,5.0,429,1382,0.19813519813519814,0.7229944369367444,-1.0274322770756867,-0.7546559931361554,-0.874887480511543,15339.894838353057,-0.8466010516164695
120,atr,4.0,1.0,,6.0,504,1307,0.20238095238095238,0.7382989042646639,-0.9384048312187678,-0.805902313423464,-0.9109746666173505,11134.773850000318,-0.8886522614999968
120,atr,4.0,1.0,,8.0,644,1167,0.20186335403726707,0.7291870404274621,-0.8825499294171475,-0.8876289443530759,-0.9597498132988613,5358.724480901496,-0.946412755190985
120,atr,4.0,1.0,,12.0,889,922,0.20697412823397077,0.7024792816129549,-0.776212862466378,-0.9589762244995752,-0.9906850904871402,1430.6127430415816,-0.9856938725695842
120,atr,4.0,1.0,,,234,1577,0.14102564102564102,0.5280521115896296,-1.2016878739459833,-1.0,-1.05710972389898,-9975.222585657186,-1.099752225856572
120,atr,4.0,1.0,0.5,1.0,177,1634,0.1016949152542373,0.42097456379189335,-2.207569947183387,-0.5460985170885759,-0.6942567752913296,33034.52456556736,-0.6696547543443264
120,atr,4.0,1.0,0.5,2.0,309,1502,0.11003236245954692,0.4474175289421524,-2.026681076423964,-0.7033778353981002,-0.8351769906452925,18186.581253974422,-0.8181341874602558
120,atr,4.0,1.0,0.5,3.0,431,1380,0.1136890951276102,0.4596043561350454,-1.9141627020834182,-0.7928209989584292,-0.9021292661711551,11134.425473442225,-0.8886557452655778
120,atr,4.0,1.0,0.5,4.0,536,1275,0.11940298507462686,0.5019221143186327,-1.7454503105137342,-0.8420260380957341,-0.9339884185121143,7811.879381304683,-0.9218812061869531
120,atr,4.0,1.0,0.5,5.0,632,1179,0.12183544303797468,0.500534489822694,-1.6697985342201178,-0.8832649103300196,-0.957459715562244,5168.57486822934,-0.9483142513177066
120,atr,4.0,1.0,0.5,6.0,719,1092,0.12795549374130738,0.5290230323350614,-1.5028045629274216,-0.9051703423709639,-0.9685433481934553,3936.367698169599,-0.960636323018304
120,atr,4.0,1.0,0.5,8.0,889,922,0.12935883014623173,0.5287792604524368,-1.3937619881925243,-0.9459413714299246,-0.986093540542856,1855.5153540449276,-0.9814448464595508
120,atr,4.0,1.0,0.5,12.0,1131,680,0.138815207780725,0.5543300033449152,-1.1422113839022814,-0.9743406800004222,-0.9952880874325731,715.5807025764271,-0.9928441929742358
120,atr,4.0,1.0,0.5,,1811,0,0.1695196024295969,0.5235299640714989,-0.35277707547628506,-0.9966187787768358,-0.9997517708274675,40.85763717376196,-0.9995914236282624
120,atr,4.0,1.0,1.0,1.0,137,1674,0.13138686131386862,0.5124932910273483,-1.646393148062319,-0.43801067812441885,-0.5830450975404246,45050.57137785855,-0.5494942862214145
120,atr,4.0,1.0,1.0,2.0,253,1558,0.1422924901185771,0.5445344457255642,-1.5956353885662513,-0.6114847196448577,-0.7560822366013397,27367.556217579757,-0.7263244378242024
120,atr,4.0,1.0,1.0,3.0,345,1466,0.14492753623188406,0.5661746596568638,-1.5143576038847542,-0.7054974500873331,-0.836884834878947,19056.988205740694,-0.8094301179425931
120,atr,4.0,1.0,1.0,4.0,437,1374,0.15331807780320367,0.6128345626218822,-1.321764338393476,-0.7639593721845275,-0.8817183994821891,14360.082477951706,-0.8563991752204829
120,atr,4.0,1.0,1.0,5.0,524,1287,0.15267175572519084,0.6078637063485991,-1.3027777198212296,-0.8243991891466684,-0.9230260132414039,9437.687507160987,-0.9056231249283901
120,atr,4.0,1.0,1.0,6.0,605,1206,0.15867768595041323,0.6364229563351673,-1.1663208043329236,-0.8575299028066057,-0.943184906084212,7106.103375088543,-0.9289389662491145
120,atr,4.0,1.0,1.0,8.0,766,1045,0.15535248041775457,0.6176906429511484,-1.1319259843592546,-0.922719171611045,-0.9766312278539343,3111.210696177689,-0.9688878930382231
120,atr,4.0,1.0,1.0,12.0,1011,800,0.1671612265084075,0.6332656208269831,-0.8905195019120166,-0.9635472461085988,-0.9921537196042955,1205.056120413759,-0.9879494387958624
120,atr,4.0,1.0,1.0,,1811,0,0.20320265046935396,0.5416402678681648,-0.14678660098251617,-0.9988210167282141,-0.9999462606066858,9.386534784781972,-0.9999061346521522
120,atr,4.0,1.5,,1.0,91,1720,0.18681318681318682,0.6746027042437657,-1.1636079168766251,-0.2470339977559196,-0.36295215824386595,68833.84975313304,-0.31166150246866964
120,atr,4.0,1.5,,2.0,166,1645,0.19879518072289157,0.7497522626118676,-0.8690095230730694,-0.34356861037459907,-0.47776276607719725,58727.74915997707,-0.4127225084002293
120,atr,4.0,1.5,,3.0,231,1580,0.20346320346320346,0.7565791070975595,-0.8355248543245061,-0.44126191002105275,-0.5867349561652921,48571.89515774228,-0.5142810484225773
120,atr,4.0,1.5,,4.0,292,1519,0.2054794520547945,0.759629122045012,-0.7484289366167587,-0.5161906328455993,-0.6647216795066031,39405.95430128537,-0.6059404569871463
120,atr,4.0,1.5,,5.0,351,1460,0.2022792022792023,0.7472848231512336,-0.7855721666130793,-0.6058635991484648,-0.7510550627204329,29259.01325065891,-0.7074098674934108
120,atr,4.0,1.5,,6.0,414,1397,0.2028985507246377,0.7612812271465271,-0.7546772787107345,-0.6713017295571431,-0.8087575372795398,23360.59993936285,-0.7663940006063714
120,atr,4.0,1.5,,8.0,525,1286,0.21333333333333335,0.7869591743866032,-0.5381264420543852,-0.7318196132708756,-0.8576895365514227,17621.706522526114,-0.8237829347747389
120,atr,4.0,1.5,,12.0,723,1088,0.22268326417704012,0.7719281705462966,-0.37437973979264905,-0.860497023571404,-0.9449207670394743,7278.978549220255,-0.9272102145077974
120,atr,4.0,1.5,,,233,1578,0.060085836909871244,0.31456588124853674,-1.3132515511793914,-1.0,-1.1159712689450638,-16851.781808944274,-1.1685178180894427
120,atr,4.0,1.5,0.5,1.0,130,1681,0.1,0.45724906741283144,-1.9348837230297633,-0.38288513107947464,-0.5225695225644242,51558.794606172625,-0.4844120539382738
120,atr,4.0,1.5,0.5,2.0,231,1580,0.11688311688311688,0.5610828465760861,-1.4870092432025666,-0.48525885892291776,-0.6331439067328439,40583.486708553144,-0.5941651329144686
120,atr,4.0,1.5,0.5,3.0,321,1490,0.11838006230529595,0.5522760713821402,-1.3272021657730755,-0.5752096193255559,-0.7224466132756704,30582.94839331307,-0.6941705160668693
120,atr,4.0,1.5,0.5,4.0,407,1404,0.12039312039312039,0.5405411839737952,-1.2444655599170606,-0.6471469932703973,-0.7880114337149725,23358.51656930663,-0.7664148343069337
120,atr,4.0,1.5,0.5,5.0,496,1315,0.11895161290322581,0.5078624920037103,-1.2797167819058577,-0.7326049311287213,-0.8582943868931849,15614.20490607411,-0.8438579509392589
120,atr,4.0,1.5,0.5,6.0,580,1231,0.12241379310344827,0.5226910467370354,-1.2255209420889217,-0.7842023559319398,-0.8962087689392466,11915.990865243555,-0.8808400913475645
120,atr,4.0,1.5,0.5,8.0,731,1080,0.12585499316005472,0.49623624722767784,-1.1268902073965696,-0.8629367587548645,-0.9463142469558874,6321.123252848549,-0.9367887674715145
120,atr,4.0,1.5,0.5,12.0,954,857,0.13941299790356393,0.5080210329577098,-0.7806315596724656,-0.9185086907139729,-0.9747711567230896,3183.15037511092,-0.9681684962488908
120,atr,4.0,1.5,0.5,,1811,0,0.18995030369961347,0.3665474330391964,0.22584202241331727,-0.9894009123243839,-0.9988932188201083,176.0359046761024,-0.998239640953239
120,atr,4.0,1.5,1.0,1.0,105,1706,0.14285714285714285,0.5738462707350059,-1.5078550806369944,-0.3086581777477181,-0.436944153408247,60805.671439662554,-0.39194328560337444
120,atr,4.0,1.5,1.0,2.0,191,1620,0.15706806282722513,0.67519600819773,-1.1234320638752708,-0.4002250712725661,-0.5419287872167654,51512.01318923362,-0.4848798681076638
120,atr,4.0,1.5,1.0,3.0,268,1543,0.16044776119402984,0.704261135746837,-0.9783264435392164,-0.47975405021286255,-0.6274320557962931,43788.68088401869,-0.5621131911598131
120,atr,4.0,1.5,1.0,4.0,342,1469,0.1608187134502924,0.6877794557943636,-0.9355184746082547,-0.5708791264333153,-0.7183276477329986,33105.53400838694,-0.6689446599161306
120,atr,4.0,1.5,1.0,5.0,418,1393,0.15789473684210525,0.6628164256275265,-0.9738759043997047,-0.6645231030797736,-0.8030028365202204,23153.483977559823,-0.7684651602244018
120,atr,4.0,1.5,1.0,6.0,484,1327,0.16322314049586778,0.6881990821915928,-0.8795610254415677,-0.7078698358277442,-0.8388642519789989,19683.012297069017,-0.8031698770293099
120,atr,4.0,1.5,1.0,8.0,611,1200,0.1702127659574468,0.6930307458065741,-0.7233674641865729,-0.7836405879261021,-0.8958161176425941,12900.652241519687,-0.8709934775848032
120,atr,4.0,1.5,1.0,12.0,823,988,0.1822600243013366,0.7063362897390562,-0.44573646526290034,-0.8744193930924518,-0.9527207185325786,6248.178435428637,-0.9375182156457136
120,atr,4.0,1.5,1.0,,1811,0,0.2308117062396466,0.39621489490856593,0.36477273177721603,-0.9966950423473064,-0.9997599717501668,34.87849819153983,-0.9996512150180846
120,atr,4.0,2.0,,1.0,72,1739,0.2222222222222222,0.8813596532860047,-0.4012558945709788,-0.08701010588283231,-0.1875279453837243,91311.54784430188,-0.08688452155698123
120,atr,4.0,2.0,,2.0,136,1675,0.22794117647058823,0.9120533019732919,-0.18203051097065717,-0.11291432595578454,-0.31864992100583656,87573.02568536664,-0.12426974314633366
120,atr,4.0,2.0,,3.0,187,1624,0.24598930481283424,0.9612475799822967,-0.009450626568713658,-0.10352639142640996,-0.3663497547303184,92301.89564408056,-0.07698104355919433
120,atr,4.0,2.0,,4.0,239,1572,0.24686192468619247,0.9545525829060743,0.05577486808433725,-0.13112230331742059,-0.4414596425108066,88204.13466755892,-0.1179586533244108
120,atr,4.0,2.0,,5.0,292,1519,0.25,0.950624529799212,0.11816477359842655,-0.16093597773999502,-0.5266389468850958,83842.7844137231,-0.16157215586276896
120,atr,4.0,2.0,,6.0,343,1468,0.25072886297376096,0.9389362274847455,0.14253441772023862,-0.21407780273724275,-0.5958028831990411,76242.21359091598,-0.23757786409084014
120,atr,4.0,2.0,,8.0,450,1361,0.2511111111111111,0.9213995929615888,0.15729728022442577,-0.34664958053101647,-0.7130510532024741,60499.04726290639,-0.3950095273709361
120,atr,4.0,2.0,,12.0,632,1179,0.25158227848101267,0.8832549606500021,0.1820464953168592,-0.5878712200278327,-0.8505569718867929,32149.731105633666,-0.6785026889436634
120,atr,4.0,2.0,,,234,1577,0.021367521367521368,0.13140870919477485,-1.2525225076931727,-1.0,-1.1521339997438607,-17722.396494156827,-1.1772239649415683
120,atr,4.0,2.0,0.5,1.0,104,1707,0.11538461538461539,0.590470333481328,-1.3214328139903142,-0.2279581494199111,-0.31322939132709937,71574.09690025004,-0.2842590309974996
120,atr,4.0,2.0,0.5,2.0,199,1612,0.135678391959799,0.7259023499507088,-0.8451281754702263,-0.29319934867866293,-0.39588203928829624,65319.720916740545,-0.3468027908325946
120,atr,4.0,2.0,0.5,3.0,283,1528,0.13780918727915195,0.728399865146715,-0.8006428581259301,-0.38748980535436495,-0.5093097336167685,54951.828682645195,-0.450481713173548
120,atr,4.0,2.0,0.5,4.0,359,1452,0.14206128133704735,0.7294765110021777,-0.6557977847380682,-0.44087265417592636,-0.5701772501234891,48135.34674166636,-0.5186465325833364
120,atr,4.0,2.0,0.5,5.0,429,1382,0.14685314685314685,0.7454921494857191,-0.5123804658239448,-0.4758086123040005,-0.6126429001586693,43829.564252788754,-0.5617043574721124
120,atr,4.0,2.0,0.5,6.0,501,1310,0.1497005988023952,0.7430205176728849,-0.4237965157586786,-0.5233363210686464,-0.671790893381714,38178.251307463164,-0.6182174869253684
120,atr,4.0,2.0,0.5,8.0,628,1183,0.15286624203821655,0.721955100273036,-0.3684401782028831,-0.6418315843247446,-0.7749055082619063,25208.06870405352,-0.7479193129594648
120,atr,4.0,2.0,0.5,12.0,854,957,0.15456674473067916,0.6592402956637724,-0.28770129023167856,-0.7988523065669163,-0.9026270034919002,10904.687924357331,-0.8909531207564267
120,atr,4.0,2.0,0.5,,1811,0,0.21038100496963003,0.44491944460320015,0.643225016091483,-0.9612775666690409,-0.995447377061713,996.2275360054165,-0.9900377246399459
120,atr,4.0,2.0,1.0,1.0,82,1729,0.17073170731707318,0.7455199020733813,-0.8285489529363554,-0.15376791269048007,-0.2153298807235332,81777.02196713226,-0.18222978032867743
120,atr,4.0,2.0,1.0,2.0,154,1657,0.19480519480519481,0.8774360025779129,-0.28687558421863707,-0.1427701578607261,-0.32572746138490816,83325.11892457366,-0.1667488107542634
120,atr,4.0,2.0,1.0,3.0,218,1593,0.19724770642201836,0.8926160637929254,-0.23149553180459828,-0.1926126433810832,-0.42815724689013857,79285.14489894366,-0.2071485510105634
120,atr,4.0,2.0,1.0,4.0,284,1527,0.1936619718309859,0.8805166954087286,-0.18212022380852663,-0.24884683388033046,-0.5187655080031597,71392.84388658646,-0.28607156113413545
120,atr,4.0,2.0,1.0,5.0,340,1471,0.2,0.8917111346017108,-0.06877548987838845,-0.26851547513429275,-0.5780812270541145,68693.93177065496,-0.3130606822934504
120,atr,4.0,2.0,1.0,6.0,401,1410,0.19950124688279303,0.8718892932919283,-0.06167020833972977,-0.3435899112577405,-0.6387170701839703,58696.614151715454,-0.41303385848284546
120,atr,4.0,2.0,1.0,8.0,517,1294,0.20309477756286268,0.8558818311766102,-0.0308784733614069,-0.4756805882883556,-0.7427963856707513,43951.448286357336,-0.5604855171364267
120,atr,4.0,2.0,1.0,12.0,716,1095,0.20949720670391062,0.8406407540370273,0.08832121314865195,-0.6532832959195208,-0.8697761896454407,25012.9132584949,-0.7498708674150509
120,atr,4.0,2.0,1.0,,1811,0,0.2606294864715627,0.34633154098343943,0.7973130859507888,-0.9881312834885972,-0.9984030155248415,186.03594273090528,-0.998139640572691
120,atr,4.0,3.0,,1.0,53,1758,0.2830188679245283,1.363689712361818,0.7792446076102747,0.11666861505018589,-0.10871762472118607,117382.77036090067,0.1738277036090068
120,atr,4.0,3.0,,2.0,98,1713,0.30612244897959184,1.4580727930101538,1.0076121108799674,0.28221072046818074,-0.1823629241503224,143482.25103104286,0.4348225103104286
120,atr,4.0,3.0,,3.0,139,1672,0.31654676258992803,1.4874554511978884,1.1079313207303991,0.4395514740291018,-0.23859122419061363,169748.5875718762,0.6974858757187621
120,atr,4.0,3.0,,4.0,178,1633,0.3202247191011236,1.4387911658437773,1.0805831400021957,0.5286375669586061,-0.2963958246318317,185216.80419197772,0.8521680419197772
120,atr,4.0,3.0,,5.0,222,1589,0.3108108108108108,1.3249173014649722,0.9714034954078544,0.517059338397232,-0.3594155279805413,183182.79547517828,0.8318279547517828
120,atr,4.0,3.0,,6.0,268,1543,0.30223880597014924,1.2267399290947592,0.8642186146217034,0.4590288990406053,-0.40899629827002326,173094.50244408747,0.7309450244408746
120,atr,4.0,3.0,,8.0,351,1460,0.29914529914529914,1.1669937351385404,0.8506782927579227,0.471336420418625,-0.4940794136910448,175219.19993046837,0.7521919993046837
120,atr,4.0,3.0,,12.0,516,1295,0.2926356589147287,1.0456564799291728,0.7490021351966157,0.19728347493658882,-0.6796470583795478,129888.83346899612,0.2988883346899611
120,atr,4.0,3.0,,,231,1580,0.0,0.0,-0.9057560891888663,-1.0,-1.2172913964545864,-21729.13964545864,-1.2172913964545864
120,atr,4.0,3.0,0.5,1.0,72,1739,0.18055555555555555,1.0594407143775133,0.2104715419608977,0.0209461425266384,-0.11694451733597833,103056.53646063407,0.030565364606340628
120,atr,4.0,3.0,0.5,2.0,137,1674,0.1897810218978102,1.092047674515027,0.35831517564691623,0.06365926807430644,-0.20868800211890637,109377.37140466558,0.09377371404665591
120,atr,4.0,3.0,0.5,3.0,201,1610,0.18407960199004975,1.0575918288630597,0.3278653885050688,0.055780174758231826,-0.2766049927904294,108202.60240680225,0.08202602406802262
120,atr,4.0,3.0,0.5,4.0,265,1546,0.18490566037735848,1.0634340980463035,0.39965658482110067,0.08215116883787554,-0.34887684582685474,112149.96453683359,0.1214996453683359
120,atr,4.0,3.0,0.5,5.0,322,1489,0.18633540372670807,1.0327169184126739,0.3783692969989193,0.05235135552512826,-0.4203413183968636,107692.60261060469,0.07692602610604693
120,atr,4.0,3.0,0.5,6.0,383,1428,0.18798955613577023,0.9904374133289596,0.3251669171946622,-0.01863774069990176,-0.5018260981585657,97304.54061177389,-0.02695459388226107
120,atr,4.0,3.0,0.5,8.0,488,1323,0.1885245901639344,0.9585866473544224,0.3233200928781793,-0.10074861620122755,-0.5979609335115952,85707.29914375693,-0.14292700856243068
120,atr,4.0,3.0,0.5,12.0,673,1138,0.1976225854383358,0.9284979437983011,0.3952259398866173,-0.24560792127611253,-0.7580556037244239,66408.60966955649,-0.33591390330443505
120,atr,4.0,3.0,0.5,,1811,0,0.2545554942020983,0.866165421932904,1.0356878056382832,-0.8094045289601721,-0.9860121701475898,9004.284705745582,-0.9099571529425442
120,atr,4.0,3.0,1.0,1.0,61,1750,0.2459016393442623,1.1971810627817843,0.5190349422338218,0.07242013457827579,-0.12360880337245694,110688.24163076638,0.10688241630766382
120,atr,4.0,3.0,1.0,2.0,116,1695,0.25,1.223392385926888,0.6626235091579058,0.16070989596397967,-0.20631286100575785,124166.2172350785,0.24166217235078502
120,atr,4.0,3.0,1.0,3.0,162,1649,0.2654320987654321,1.268028176895088,0.8305895549883814,0.2910523146971462,-0.27360791098848647,144921.46677584838,0.44921466775848384
120,atr,4.0,3.0,1.0,4.0,208,1603,0.27403846153846156,1.2965282973975123,0.926270406113256,0.4241761308301377,-0.319140890963172,167121.75852190514,0.6712175852190514
120,atr,4.0,3.0,1.0,5.0,258,1553,0.26744186046511625,1.2389003425700102,0.8655239138912941,0.4336554303988174,-0.39296047223596176,168739.75899253538,0.6873975899253537
120,atr,4.0,3.0,1.0,6.0,309,1502,0.26537216828478966,1.167665692750986,0.791340575395875,0.3902029889366938,-0.476011453794735,161363.04416679963,0.6136304416679963
120,atr,4.0,3.0,1.0,8.0,398,1413,0.2613065326633166,1.1097414089311148,0.7528160068599197,0.34205594695415,-0.5704269504433015,153310.39973752043,0.5331039973752043
120,atr,4.0,3.0,1.0,12.0,564,1247,0.26595744680851063,1.034631129765262,0.7433020827949268,0.17487528121550033,-0.7454303204929473,126373.12021737566,0.26373120217375656
120,atr,4.0,3.0,1.0,,234,1577,0.0,0.0,-0.3112993638942048,-1.0,-1.0170011541757253,-1700.1154175725455,-1.0170011541757256
120,atr,5.0,0.5,,1.0,166,1645,0.12048192771084337,0.43597247519436366,-2.069761110338951,-0.649852685143304,-0.7929549689968834,22998.748050169947,-0.7700125194983005
120,atr,5.0,0.5,,2.0,293,1518,0.13993174061433447,0.5063996248762105,-2.0309516586769703,-0.798370597594507,-0.9071175749110195,10806.567011198595,-0.891934329888014
120,atr,5.0,0.5,,3.0,380,1431,0.15,0.554485875068647,-1.8295535264136273,-0.8588613771932707,-0.9446715969288298,6745.600141156227,-0.9325439985884377
120,atr,5.0,0.5,,4.0,479,1332,0.1524008350730689,0.5910894081073815,-1.752879543545269,-0.9130941118747149,-0.9726421767979164,3501.232201720437,-0.9649876779827956
120,atr,5.0,0.5,,5.0,581,1230,0.15834767641996558,0.6062152359344968,-1.615699013406426,-0.9417229778053136,-0.9846884859323604,1957.2707501299762,-0.9804272924987002
120,atr,5.0,0.5,,6.0,670,1141,0.16119402985074627,0.6029427365500543,-1.5104015705650289,-0.9611693329193471,-0.991509550250891,1108.2862553499835,-0.9889171374465001
120,atr,5.0,0.5,,8.0,858,953,0.1655011655011655,0.6043837524554657,-1.3534820791843998,-0.9845147694164194,-0.9977661336810074,310.2905660557957,-0.9968970943394421
120,atr,5.0,0.5,,12.0,1120,691,0.1705357142857143,0.6316443966213794,-1.1744918315740493,-0.9964516914127681,-0.9997371645195675,42.62396072620468,-0.9995737603927379
120,atr,5.0,0.5,,,1811,0,0.2015461071231364,0.6690943340564164,-0.44523978058984376,-0.9999885055512359,-0.9999999363302211,0.012174262476777204,-0.9999998782573752
120,atr,5.0,0.5,0.5,1.0,264,1547,0.07954545454545454,0.3566021233785267,-2.673864361553237,-0.8004269474837914,-0.9084902013432823,10164.990645904221,-0.8983500935409577
120,atr,5.0,0.5,0.5,2.0,425,1386,0.09411764705882353,0.39667395854830595,-2.350640752408043,-0.8866049686828579,-0.9597378800009833,4526.790404318026,-0.9547320959568197
120,atr,5.0,0.5,0.5,3.0,570,1241,0.1,0.43968176975986123,-2.329516783580767,-0.9360254731662404,-0.9824671023282093,2044.630966280111,-0.9795536903371989
120,atr,5.0,0.5,0.5,4.0,701,1110,0.10271041369472182,0.4527319151446719,-2.21195111493619,-0.9613722616299193,-0.9915739176148467,1033.6842090433913,-0.989663157909566
120,atr,5.0,0.5,0.5,5.0,811,1000,0.10727496917385944,0.4874211578182228,-2.066566467754891,-0.9744458675085937,-0.9953760496114638,586.3811406187558,-0.9941361885938125
120,atr,5.0,0.5,0.5,6.0,913,898,0.11062431544359255,0.5080892469373116,-1.8883004744864713,-0.9820997850261315,-0.9972427835224953,356.41323550284466,-0.9964358676449716
120,atr,5.0,0.5,0.5,8.0,1101,710,0.11807447774750227,0.5624081490532541,-1.6596886091726624,-0.9910597783368185,-0.9989940797695235,138.84226853334698,-0.9986115773146665
120,atr,5.0,0.5,0.5,12.0,1347,464,0.13140311804008908,0.6170136768667492,-1.2249094823656157,-0.9958257318864645,-0.9996672159694087,53.545766114179614,-0.9994645423388582
120,atr,5.0,0.5,0.5,,1811,0,0.14025400331308668,0.6190375197638267,-0.8873628567192801,-0.9994034732793807,-0.9999802770190522,3.518617158830591,-0.9999648138284117
120,atr,5.0,0.5,1.0,1.0,229,1582,0.09170305676855896,0.3935229496423196,-2.3745052577067884,-0.7395533278170416,-0.8652938569270615,14963.27939064629,-0.8503672060935371
120,atr,5.0,0.5,1.0,2.0,380,1431,0.10526315789473684,0.4218951091156239,-2.2337266028664198,-0.8611893739615236,-0.9459920924134175,6072.2703579991985,-0.939277296420008
120,atr,5.0,0.5,1.0,3.0,504,1307,0.11507936507936507,0.45063833577275386,-2.0747123895029023,-0.9121649857535961,-0.9722163485416608,3240.041389134045,-0.9675995861086596
120,atr,5.0,0.5,1.0,4.0,611,1200,0.11783960720130933,0.4803521743297083,-1.9425915686161535,-0.9441332590264017,-0.985599564060032,1766.59834951461,-0.9823340165048539
120,atr,5.0,0.5,1.0,5.0,708,1103,0.1228813559322034,0.520224361831615,-1.76339983599248,-0.9599836750128916,-0.9911304373786501,1124.7837475918507,-0.9887521625240815
120,atr,5.0,0.5,1.0,6.0,804,1007,0.1256218905472637,0.5303355318366649,-1.6566172831614399,-0.9731022220499523,-0.9950187735650234,643.9012115831456,-0.9935609878841686
120,atr,5.0,0.5,1.0,8.0,996,815,0.12951807228915663,0.5383640284053376,-1.5593773263451893,-0.9894662938573452,-0.9987234998593262,176.18909526288093,-0.9982381090473712
120,atr,5.0,0.5,1.0,12.0,1251,560,0.14308553157474022,0.6057405547004173,-1.1866637901191197,-0.9962084099828178,-0.9997105906579027,46.566672432166364,-0.9995343332756783
120,atr,5.0,0.5,1.0,,1811,0,0.15847598012147984,0.6113311798290014,-0.7413969794942302,-0.9997723143587881,-0.9999951308860202,0.8686591566863977,-0.9999913134084332
120,atr,5.0,1.0,,1.0,118,1693,0.16101694915254236,0.7013768300172327,-1.0129492185341966,-0.3175593260408185,-0.45350510117394827,60288.703561762464,-0.3971129643823753
120,atr,5.0,1.0,,2.0,200,1611,0.17,0.7234116601857731,-0.9658299882817659,-0.4701275495152134,-0.6215758933183635,43869.95106534922,-0.5613004893465079
120,atr,5.0,1.0,,3.0,268,1543,0.17537313432835822,0.7458722724506467,-0.8789843459350798,-0.5613139359521649,-0.7123541338194224,35273.82244421895,-0.6472617755578105
120,atr,5.0,1.0,,4.0,334,1477,0.17365269461077845,0.7382172847585192,-0.8803425192233116,-0.6556677019958022,-0.7976503740638918,24814.00088136,-0.7518599911864
120,atr,5.0,1.0,,5.0,406,1405,0.1748768472906404,0.7414335125970627,-0.858986493380927,-0.7341592582869252,-0.8610308597723625,17328.187636215735,-0.8267181236378427
120,atr,5.0,1.0,,6.0,473,1338,0.17547568710359407,0.7386170207446081,-0.8116789193061665,-0.7930969716987746,-0.9034349681110108,11897.472533049106,-0.881025274669509
120,atr,5.0,1.0,,8.0,605,1206,0.17851239669421487,0.7274870269665379,-0.6952673886091096,-0.86959761681014,-0.9506093616030062,6266.8925204941725,-0.9373310747950583
120,atr,5.0,1.0,,12.0,841,970,0.18668252080856124,0.682726655526504,-0.4412643896482185,-0.9460077245831157,-0.986276980117361,1893.258652488955,-0.9810674134751105
120,atr,5.0,1.0,,,231,1580,0.06060606060606061,0.3589333835104775,-1.355043913163057,-1.0,-1.1051093692015328,-15726.695906699022,-1.1572669590669902
120,atr,5.0,1.0,0.5,1.0,167,1644,0.09580838323353294,0.4826479657405067,-1.7847370333749637,-0.4957147636623851,-0.6478240128138446,38851.65943661507,-0.6114834056338494
120,atr,5.0,1.0,0.5,2.0,294,1517,0.09863945578231292,0.5070928257444979,-1.640610581568635,-0.6574141804997022,-0.7991392874656257,22796.153690044717,-0.7720384630995528
120,atr,5.0,1.0,0.5,3.0,399,1412,0.10025062656641603,0.49860812363638857,-1.4957504968003208,-0.7397895295907669,-0.8652850122887443,15210.938959775987,-0.8478906104022401
120,atr,5.0,1.0,0.5,4.0,500,1311,0.1,0.4826243776138891,-1.4347679911911844,-0.8124989308624159,-0.9163026749694099,9450.432529939404,-0.905495674700606
120,atr,5.0,1.0,0.5,5.0,600,1211,0.1,0.4482314791504204,-1.442820175057154,-0.8701588065642538,-0.9509177699339499,5474.060480583394,-0.945259395194166
120,atr,5.0,1.0,0.5,6.0,684,1127,0.10526315789473684,0.4627386203074009,-1.307751044268519,-0.8946593939086022,-0.9637737097761317,4177.501085429507,-0.958224989145705
120,atr,5.0,1.0,0.5,8.0,841,970,0.10939357907253269,0.4438135199472543,-1.1236234048795464,-0.9354300049695574,-0.9822049825552162,2119.0217158966075,-0.9788097828410339
120,atr,5.0,1.0,0.5,12.0,1083,728,0.12003693444136658,0.4433485090142873,-0.78451535805645,-0.9680727306709618,-0.9936017656690213,834.5296602777037,-0.991654703397223
120,atr,5.0,1.0,0.5,,1811,0,0.15737161789066814,0.3635724506223151,0.06262038524739068,-0.9959259669110635,-0.9996783139196324,43.82349367248153,-0.9995617650632752
120,atr,5.0,1.0,1.0,1.0,134,1677,0.11940298507462686,0.574511274381125,-1.4205471902632631,-0.4051430352850165,-0.5523401220030156,49385.33504892868,-0.5061466495107132
120,atr,5.0,1.0,1.0,2.0,246,1565,0.12195121951219512,0.5960824279957675,-1.3601829681425246,-0.5812027410589529,-0.7310988560668457,31173.172685027464,-0.6882682731497254
120,atr,5.0,1.0,1.0,3.0,329,1482,0.1276595744680851,0.6426063188672408,-1.162494467119743,-0.6516001388354484,-0.7941694393104809,25240.865609374716,-0.7475913439062528
120,atr,5.0,1.0,1.0,4.0,417,1394,0.12709832134292565,0.6294820805780469,-1.1413030160436803,-0.7417304299552943,-0.8667419486920251,16341.346752222222,-0.8365865324777778
120,atr,5.0,1.0,1.0,5.0,502,1309,0.1294820717131474,0.629131211211281,-1.0961595296767448,-0.8013847416569595,-0.909001554884137,11346.678327207199,-0.8865332167279281
120,atr,5.0,1.0,1.0,6.0,575,1236,0.13217391304347825,0.6317942923271639,-0.9986984567690514,-0.8427334295227338,-0.9351668505116565,7987.887542515125,-0.9201211245748487
120,atr,5.0,1.0,1.0,8.0,729,1082,0.13305898491083676,0.6030999883587651,-0.8861032932849321,-0.9052056772756368,-0.9689196980452992,3943.5998030442656,-0.9605640019695574
120,atr,5.0,1.0,1.0,12.0,965,846,0.14818652849740932,0.5986772370010417,-0.5006363501669304,-0.949127824993628,-0.9874135364836076,1736.4567828684042,-0.982635432171316
120,atr,5.0,1.0,1.0,,1811,0,0.19105466593042517,0.410326018123304,0.2638549519111524,-0.9984191442014368,-0.9999186586166163,12.170477387716566,-0.9998782952261228
120,atr,5.0,1.5,,1.0,85,1726,0.17647058823529413,0.7599234964632084,-0.7908799554308947,-0.19273323976493684,-0.281990216941268,77037.53951013696,-0.22962460489863035
120,atr,5.0,1.5,,2.0,157,1654,0.1910828025477707,0.8513300558291006,-0.3630803826911561,-0.21477640576753265,-0.39968127638043016,74001.30310575364,-0.25998696894246354
120,atr,5.0,1.5,,3.0,219,1592,0.1963470319634703,0.856330911378228,-0.26527286098223407,-0.26660914572158,-0.4688128406494084,67013.8963564487,-0.3298610364355129
120,atr,5.0,1.5,,4.0,278,1533,0.19784172661870503,0.8419043561114906,-0.24496653191353293,-0.35127499365611137,-0.5544519900329452,56077.60936734275,-0.4392239063265725
120,atr,5.0,1.5,,5.0,337,1474,0.19584569732937684,0.8273902131948467,-0.25225473883096233,-0.44575922534837453,-0.6407164453453003,44617.12512171634,-0.5538287487828366
120,atr,5.0,1.5,,6.0,398,1413,0.19597989949748743,0.8268738892048191,-0.20563024448979217,-0.515970387461402,-0.7211144214183692,36649.076539678164,-0.6335092346032183
120,atr,5.0,1.5,,8.0,508,1303,0.20669291338582677,0.8569153748520469,-0.008522043935401784,-0.5723012258162603,-0.8029083322205027,31463.134505544404,-0.6853686549445559
120,atr,5.0,1.5,,12.0,699,1112,0.2145922746781116,0.8402139195546636,0.15898176138276818,-0.7354398494907102,-0.9078355905111635,15660.859808397734,-0.8433914019160227
120,atr,5.0,1.5,,,231,1580,0.012987012987012988,0.09630160404294148,-1.3948036285509957,-1.0,-1.094837570298111,-10244.966454407138,-1.1024496645440713
120,atr,5.0,1.5,0.5,1.0,128,1683,0.09375,0.5315669185969634,-1.5410286767652333,-0.34330930082372957,-0.45707680062906597,57080.45665200366,-0.42919543347996336
120,atr,5.0,1.5,0.5,2.0,227,1584,0.1145374449339207,0.6719329293871671,-1.0186475026085866,-0.40390926357106305,-0.5282977260249107,51397.08073571205,-0.48602919264287947
120,atr,5.0,1.5,0.5,3.0,316,1495,0.11708860759493671,0.6666705886474812,-0.8666437277960691,-0.4826309364369137,-0.6160017598326568,41677.06170649665,-0.5832293829350335
120,atr,5.0,1.5,0.5,4.0,402,1409,0.11940298507462686,0.6602741803743568,-0.7248213377989501,-0.5454343976972258,-0.6818002906514387,34535.650256443856,-0.6546434974355615
120,atr,5.0,1.5,0.5,5.0,491,1320,0.11812627291242363,0.6272221239395269,-0.7282137163541202,-0.6369703062333477,-0.77045472388362,24913.58458561701,-0.7508641541438299
120,atr,5.0,1.5,0.5,6.0,573,1238,0.11867364746945899,0.6059478093431552,-0.6799247512747003,-0.7011388709503708,-0.8269459389644046,18782.338109667515,-0.8121766189033248
120,atr,5.0,1.5,0.5,8.0,720,1091,0.11944444444444445,0.5550762197350063,-0.5849999076675065,-0.8006396086057368,-0.9038810880430023,10322.26284435697,-0.8967773715564303
120,atr,5.0,1.5,0.5,12.0,936,875,0.13141025641025642,0.5436082667937543,-0.27742820312305033,-0.8690298646764902,-0.947784693721235,5607.430472674805,-0.943925695273252
120,atr,5.0,1.5,0.5,,1811,0,0.18332413031474323,0.26910174645413754,0.6197353416036029,-0.9796303740747018,-0.9985768056416376,375.8073454179408,-0.9962419265458206
120,atr,5.0,1.5,1.0,1.0,103,1708,0.13592233009708737,0.6707523062171985,-1.0809795460864273,-0.2557050750756136,-0.34878414636759913,68465.84995342135,-0.3153415004657866
120,atr,5.0,1.5,1.0,2.0,186,1625,0.15053763440860216,0.7782679244244035,-0.5729719310963897,-0.28558190270949224,-0.38969187521291593,64510.78930263542,-0.3548921069736458
120,atr,5.0,1.5,1.0,3.0,261,1550,0.1532567049808429,0.7981107995416632,-0.40777193639275106,-0.3321936454953607,-0.48117150929033925,58489.08590324251,-0.4151091409675749
120,atr,5.0,1.5,1.0,4.0,334,1477,0.15568862275449102,0.7880540750084273,-0.3453401662895265,-0.4119646125048937,-0.5757653776983526,48622.24644547059,-0.513777535545294
120,atr,5.0,1.5,1.0,5.0,410,1401,0.15365853658536585,0.7600617844167028,-0.35480799027953236,-0.517118492263483,-0.658149601767053,36522.88797176143,-0.6347711202823857
120,atr,5.0,1.5,1.0,6.0,474,1337,0.15611814345991562,0.7611917789606436,-0.28500537140448284,-0.5684394466624467,-0.7136678486486966,31023.487389536214,-0.6897651261046378
120,atr,5.0,1.5,1.0,8.0,599,1212,0.1636060100166945,0.7708378122503823,-0.13572436853330555,-0.6559940681031479,-0.8090624051946351,22932.2838035256,-0.770677161964744
120,atr,5.0,1.5,1.0,12.0,803,1008,0.17434620174346202,0.7754171887797645,0.09479601078104301,-0.7713406142699906,-0.9096487905187353,12671.513143727972,-0.8732848685627203
120,atr,5.0,1.5,1.0,,1811,0,0.22308117062396465,0.22867648355175982,0.7480494278038747,-0.9930029668974051,-0.9993620670768144,80.08001775992794,-0.9991991998224007
120,atr,5.0,2.0,,1.0,71,1740,0.19718309859154928,0.9856388147259524,0.0694944837823403,-0.007361598854423446,-0.18004390217955535,98932.59812813744,-0.01067401871862561
120,atr,5.0,2.0,,2.0,132,1679,0.20454545454545456,0.9937712658704586,0.16811156893815762,-0.006128142305783624,-0.30630987339872384,99111.19537596522,-0.00888804624034778
120,atr,5.0,2.0,,3.0,182,1629,0.22527472527472528,1.0671586485766487,0.4249563720459932,0.09302552877675319,-0.36616175226801306,113790.47750054809,0.13790477500548093
120,atr,5.0,2.0,,4.0,233,1578,0.22746781115879827,1.0504544730754126,0.45705276887601126,0.09353262164666787,-0.4437503162139689,113867.15875882984,0.13867158758829845
120,atr,5.0,2.0,,5.0,284,1527,0.2323943661971831,1.0400770026925321,0.5020037270561077,0.09684558662483966,-0.5383851238695674,114368.53236968158,0.14368532369681586
120,atr,5.0,2.0,,6.0,335,1476,0.23582089552238805,1.0213324171549125,0.513163522912145,0.06428448743143211,-0.6031899851210292,109470.76038747668,0.09470760387476673
120,atr,5.0,2.0,,8.0,437,1374,0.2379862700228833,0.9976239690309505,0.5608933118861237,-0.010114017049555057,-0.7173281532324012,98534.4261441041,-0.014655738558958964
120,atr,5.0,2.0,,12.0,620,1191,0.2435483870967742,0.9647331749511971,0.6569249297648164,-0.22039621997558168,-0.8523903960639266,69656.19776258,-0.3034380223741999
120,atr,5.0,2.0,,,234,1577,0.0,0.0,-1.2711953952640453,-1.0,-1.134775036976018,-13477.503697601782,-1.134775036976018
120,atr,5.0,2.0,0.5,1.0,103,1708,0.10679611650485436,0.6757429058561731,-0.7619993177279263,-0.163111036801865,-0.22788099119094507,77211.90088090545,-0.22788099119094551
120,atr,5.0,2.0,0.5,2.0,189,1622,0.12698412698412698,0.8152956693642243,-0.2872341291115342,-0.16637702742840033,-0.3169023711401904,76645.31156466609,-0.23354688435333915
120,atr,5.0,2.0,0.5,3.0,269,1542,0.13011152416356878,0.8091935891872031,-0.22040897295257308,-0.23133036590225298,-0.4310389261405593,67900.19258857217,-0.3209980741142783
120,atr,5.0,2.0,0.5,4.0,345,1466,0.13623188405797101,0.8381610787601244,-0.049703961144876276,-0.24183416503994526,-0.5099544776665959,66556.77685555464,-0.33443223144445366
120,atr,5.0,2.0,0.5,5.0,415,1396,0.14216867469879518,0.8557539036581364,0.055759561237769546,-0.25740031853915435,-0.567432578872861,64581.35109475635,-0.35418648905243655
120,atr,5.0,2.0,0.5,6.0,484,1327,0.1446280991735537,0.8495010295766163,0.0758408953303089,-0.30682410488450984,-0.6237462029321741,58433.851761074206,-0.41566148238925793
120,atr,5.0,2.0,0.5,8.0,618,1193,0.14724919093851133,0.8206238829534913,0.10571771363161349,-0.44856711165959784,-0.7435492929780332,41914.98579633437,-0.5808501420366563
120,atr,5.0,2.0,0.5,12.0,846,965,0.15011820330969267,0.7695465226021967,0.20709388818701813,-0.6501883913036595,-0.8662932969882654,21641.82894110935,-0.7835817105889065
120,atr,5.0,2.0,0.5,,1811,0,0.20706791827719492,0.6253678972324035,0.9244064789639594,-0.910165430481225,-0.9938341506328818,3004.8425064932,-0.969951574935068
120,atr,5.0,2.0,1.0,1.0,81,1730,0.16049382716049382,0.857821774542795,-0.2667799446480944,-0.07405234001201877,-0.18953629954737927,89427.43611774669,-0.10572563882253305
120,atr,5.0,2.0,1.0,2.0,149,1662,0.18120805369127516,0.9884194258917786,0.15416921318644297,-0.011313013587470389,-0.3135155963199452,98361.13264804307,-0.016388673519569297
120,atr,5.0,2.0,1.0,3.0,212,1599,0.18396226415094338,0.9950053500959092,0.2466168109364265,-0.007038307492381435,-0.4123571303303277,98979.3991114784,-0.010206008885215945
120,atr,5.0,2.0,1.0,4.0,278,1533,0.18705035971223022,1.0046662647357802,0.34477485079569414,0.008917827449303806,-0.5016102713535519,101297.81663446818,0.01297816634468174
120,atr,5.0,2.0,1.0,5.0,334,1477,0.19461077844311378,1.0137420240555168,0.4363741975889242,0.033304738040525805,-0.567259323880414,104873.3370317125,0.04873337031712488
120,atr,5.0,2.0,1.0,6.0,397,1414,0.19395465994962216,0.9773041805718637,0.38900242939987417,-0.06305824175706898,-0.6255970632107145,90973.71129664293,-0.09026288703357077
120,atr,5.0,2.0,1.0,8.0,508,1303,0.1968503937007874,0.953833605273469,0.4285396933751569,-0.16890077584708074,-0.7304722852219208,76437.30541631117,-0.23562694583688837
120,atr,5.0,2.0,1.0,12.0,707,1104,0.2036775106082037,0.9311192449820337,0.553430047560882,-0.35980520718321995,-0.8601980598443502,52322.855524631224,-0.4767714447536877
120,atr,5.0,2.0,1.0,,1811,0,0.25621203754831584,0.4521614188101329,1.0732941421799094,-0.9701057555663235,-0.9981568051212287,610.9032554355778,-0.9938909674456442
120,atr,5.0,3.0,,1.0,53,1758,0.2641509433962264,1.4043139401634102,0.8253214355392073,0.13781360444196777,-0.10871762472118618,120624.806538857,0.20624806538856988
120,atr,5.0,3.0,,2.0,96,1715,0.2916666666666667,1.4600560625857495,0.978709379405368,0.2979510284133031,-0.17711684334058075,146047.5270260374,0.46047527026037405
120,atr,5.0,3.0,,3.0,134,1677,0.30597014925373134,1.5030154001123326,1.0842425081508387,0.4712572406041087,-0.23488050447124276,175205.50501216532,0.7520550501216532
120,atr,5.0,3.0,,4.0,173,1638,0.31213872832369943,1.4235356412495677,1.0197523957879817,0.532060410159497,-0.29361248843675547,185819.451499566,0.85819451499566
120,atr,5.0,3.0,,5.0,217,1594,0.30414746543778803,1.2952890946570939,0.8971247967265734,0.4883062209543696,-0.3508712332982967,178161.96863625754,0.7816196863625755
120,atr,5.0,3.0,,6.0,260,1551,0.29615384615384616,1.2150049250957604,0.8349718160615142,0.45459413567741125,-0.41221749467031377,172330.89258927165,0.7233089258927166
120,atr,5.0,3.0,,8.0,339,1472,0.2949852507374631,1.1509108445200165,0.810361730193888,0.43621924650715127,-0.5259637204581443,169178.20451101166,0.6917820451101167
120,atr,5.0,3.0,,12.0,504,1307,0.28174603174603174,1.0242679025493207,0.7100491535086951,0.10861163535422347,-0.722190699144116,116154.70192219508,0.1615470192219508
120,atr,5.0,3.0,,,231,1580,0.0,0.0,-0.9057560891888663,-1.0,-1.2172913964545864,-21729.13964545864,-1.2172913964545864
120,atr,5.0,3.0,0.5,1.0,72,1739,0.16666666666666666,1.0927668352207398,0.2792096261593343,0.03349790423620025,-0.1190440402263907,104901.81222629955,0.04901812226299551
120,atr,5.0,3.0,0.5,2.0,136,1675,0.18382352941176472,1.1649069346254541,0.5109710994926555,0.11795283473628304,-0.20208935684340945,117578.88627973953,0.17578886279739536
120,atr,5.0,3.0,0.5,3.0,197,1614,0.17766497461928935,1.103647121756391,0.4358658874987255,0.10380461451273804,-0.2760054074863405,115423.92063460816,0.15423920634608157
120,atr,5.0,3.0,0.5,4.0,261,1550,0.18007662835249041,1.109831126731119,0.514012067248749,0.15052294273547817,-0.3376338710080802,122586.64230757093,0.22586642307570926
120,atr,5.0,3.0,0.5,5.0,314,1497,0.18152866242038215,1.0629547675431092,0.45733670292697537,0.10406080601125423,-0.4104353578436418,115462.83157022017,0.1546283157022017
120,atr,5.0,3.0,0.5,6.0,375,1436,0.184,1.0378288076822682,0.46116081892723515,0.07828361360522318,-0.4920712182439513,111568.29432371257,0.1156829432371258
120,atr,5.0,3.0,0.5,8.0,478,1333,0.1799163179916318,0.9561153293138229,0.3368637487673472,-0.10821643349707888,-0.5976063427203508,84675.50481379723,-0.1532449518620277
120,atr,5.0,3.0,0.5,12.0,664,1147,0.1897590361445783,0.9231375427634742,0.4030834557331916,-0.2668887154007499,-0.7553771330744047,63705.26660357313,-0.3629473339642687
120,atr,5.0,3.0,0.5,,1811,0,0.22860298177802318,0.8761018546070871,1.0280050434508317,-0.8090568925796897,-0.9848857091963399,9028.147510169869,-0.9097185248983013
120,atr,5.0,3.0,1.0,1.0,61,1750,0.22950819672131148,1.2669025891908092,0.6380195177779616,0.10133765625125601,-0.11632843596070364,115049.44266754972,0.15049442667549728
120,atr,5.0,3.0,1.0,2.0,114,1697,0.23684210526315788,1.258741904385771,0.7123725717172602,0.19040149167006493,-0.20675940523302017,128805.89600482593,0.28805896004825926
120,atr,5.0,3.0,1.0,3.0,157,1654,0.25477707006369427,1.3011889253265183,0.8661988657517616,0.3345086428993571,-0.2786373006229048,152059.79510717795,0.5205979510717795
120,atr,5.0,3.0,1.0,4.0,203,1608,0.2660098522167488,1.325195703267268,0.9573679458899024,0.4898823978218261,-0.32378421537105884,178436.07063364208,0.7843607063364209
120,atr,5.0,3.0,1.0,5.0,253,1558,0.2608695652173913,1.2461525033079064,0.8738742231582549,0.46959344334576536,-0.39705722097534735,174917.81223574764,0.7491781223574765
120,atr,5.0,3.0,1.0,6.0,301,1510,0.2591362126245847,1.1802718309948885,0.8257102964697948,0.44487617158621884,-0.48487524226836975,170661.2652199828,0.7066126521998279
120,atr,5.0,3.0,1.0,8.0,388,1423,0.2551546391752577,1.1093729374308066,0.7564781955208434,0.3564375923952052,-0.582769500040684,155702.2802389177,0.557022802389177
120,atr,5.0,3.0,1.0,12.0,552,1259,0.2554347826086957,1.0266877275460757,0.7283445538898831,0.1426752304158867,-0.7536173438494522,121374.09112002431,0.21374091120024308
120,atr,5.0,3.0,1.0,,234,1577,0.0,0.0,-0.3112993638942048,-1.0,-1.0170011541757253,-1700.1154175725455,-1.0170011541757256
144,h4_level,,0.5,,1.0,172,1639,0.16279069767441862,0.4401191888582632,-2.01765365002856,-0.6418981371789703,-0.7766806605682344,23626.975345286388,-0.7637302465471361
144,h4_level,,0.5,,2.0,280,1531,0.17857142857142858,0.5148368588321097,-1.5696662346183055,-0.7530880732000566,-0.869857737272455,14172.869642635025,-0.8582713035736498
144,h4_level,,0.5,,3.0,374,1437,0.1925133689839572,0.5343083406513611,-1.3479728741783157,-0.8244609784442477,-0.9207094558413956,8940.41995561151,-0.9105958004438849
144,h4_level,,0.5,,4.0,468,1343,0.19658119658119658,0.5259452634274435,-1.23494439360497,-0.8858676411865577,-0.9575695959364359,4873.361065834704,-0.951266389341653
144,h4_level,,0.5,,5.0,560,1251,0.19464285714285715,0.5425292775648571,-1.0235746389966502,-0.9192873400884152,-0.9743467986850438,2942.715959931984,-0.9705728404006801
144,h4_level,,0.5,,6.0,639,1172,0.19718309859154928,0.5269056073497712,-0.9433208878781554,-0.9441765431510328,-0.9849831388165912,1719.5533728336661,-0.9828044662716633
144,h4_level,,0.5,,8.0,810,1001,0.19382716049382717,0.4897390786277009,-0.6699524856822632,-0.975091965937521,-0.9953489324519643,542.9735470073647,-0.9945702645299264
144,h4_level,,0.5,,12.0,1051,760,0.20076117982873454,0.41019980287196245,-0.41706422394188863,-0.9935767167354956,-0.999350309053858,81.00728024811254,-0.9991899271975189
144,h4_level,,0.5,,,231,1580,0.08225108225108226,0.27510904116884854,-1.3099886223146586,-1.0,-1.082009947495777,-10936.703655911477,-1.1093670365591148
144,h4_level,,0.5,0.5,1.0,240,1571,0.11666666666666667,0.3627665901426074,-2.122033215775625,-0.7491866849525963,-0.8668605011562114,14086.033321924335,-0.8591396667807567
144,h4_level,,0.5,0.5,2.0,380,1431,0.12631578947368421,0.4087495751093758,-1.8085413113678375,-0.8409271111881859,-0.931278573707316,7360.3085788332355,-0.9263969142116677
144,h4_level,,0.5,0.5,3.0,509,1302,0.13359528487229863,0.4080394801377264,-1.6231235655794436,-0.8968412053173651,-0.9633635011746247,3965.9343894448148,-0.9603406561055519
144,h4_level,,0.5,0.5,4.0,632,1179,0.13765822784810128,0.40827021197696517,-1.3879950245300563,-0.9308729550609127,-0.9795164357793565,2260.3844070195214,-0.9773961559298048
144,h4_level,,0.5,0.5,5.0,736,1075,0.13994565217391305,0.4178124270506528,-1.2221753012512222,-0.9516762469505787,-0.9878219239126443,1346.9898034831754,-0.9865301019651682
144,h4_level,,0.5,0.5,6.0,847,964,0.13931523022432113,0.37690311414679517,-1.186581480200669,-0.971043383943475,-0.9942117071113631,641.660455287329,-0.9935833954471267
144,h4_level,,0.5,0.5,8.0,1015,796,0.14187192118226602,0.3675773592529724,-0.9552925952050714,-0.9857357264884831,-0.9979301158340438,233.12782327411685,-0.9976687217672588
144,h4_level,,0.5,0.5,12.0,1250,561,0.1536,0.3365788812619605,-0.6686209199629386,-0.9944358188393876,-0.9994725972144227,63.34318274116877,-0.9993665681725883
144,h4_level,,0.5,0.5,,1811,0,0.17725013804527884,0.2657041854763863,-0.09098509705628953,-0.9996905113320015,-0.9999920611432629,0.9923507335498645,-0.9999900764926645
144,h4_level,,0.5,1.0,1.0,213,1598,0.13145539906103287,0.40549015477847583,-2.0002464416867967,-0.7004043380044118,-0.8276509700417911,18234.364708260477,-0.8176563529173952
144,h4_level,,0.5,1.0,2.0,346,1465,0.13872832369942195,0.44531538602560744,-1.6517182490297089,-0.8071885428764176,-0.9091302714023002,9732.470337640541,-0.9026752966235946
144,h4_level,,0.5,1.0,3.0,456,1355,0.14912280701754385,0.45238378165012355,-1.4630565060600822,-0.86715870393693,-0.9471038112931127,5726.060638684891,-0.9427393936131511
144,h4_level,,0.5,1.0,4.0,573,1238,0.1518324607329843,0.43090243297667863,-1.3405194193516172,-0.919057469309939,-0.9742406184322087,2842.576799774967,-0.9715742320022503
144,h4_level,,0.5,1.0,5.0,664,1147,0.15512048192771086,0.4419823290363099,-1.124284858040038,-0.9392566114084312,-0.9830232003272681,1877.76590414717,-0.9812223409585283
144,h4_level,,0.5,1.0,6.0,750,1061,0.15733333333333333,0.42316017154644875,-1.0963061623449486,-0.9603949640220694,-0.9908782515721458,1011.1902355051179,-0.9898880976449488
144,h4_level,,0.5,1.0,8.0,921,890,0.15743756786102062,0.398423201268381,-0.8630916662280879,-0.9819288740698727,-0.9970815167504443,328.70421370492636,-0.9967129578629508
144,h4_level,,0.5,1.0,12.0,1157,654,0.16853932584269662,0.3599416417555997,-0.5479967385609544,-0.9936950837648145,-0.9993676247863102,75.95079096499987,-0.99924049209035
144,h4_level,,0.5,1.0,,1811,0,0.19768083931529543,0.259900846614092,0.06531510802436312,-0.9999324551771913,-0.9999991297227385,0.10878396063393389,-0.9999989121603937
144,h4_level,,1.0,,1.0,135,1676,0.21481481481481482,0.49718852923337675,-1.7819155502353776,-0.44240671380258123,-0.5739291927529365,44361.05200640466,-0.5563894799359534
144,h4_level,,1.0,,2.0,222,1589,0.23873873873873874,0.5781771511631155,-1.374870843778631,-0.5489031764760235,-0.6868204789852821,33339.30377264092,-0.6666069622735908
144,h4_level,,1.0,,3.0,299,1512,0.2508361204013378,0.5918348878875593,-1.2178189650144493,-0.638275625599825,-0.7727407082346409,24798.148045322963,-0.7520185195467703
144,h4_level,,1.0,,4.0,375,1436,0.25333333333333335,0.602316898249313,-1.1139353486903447,-0.7158918380832948,-0.8399795421725771,17716.944751440366,-0.8228305524855963
144,h4_level,,1.0,,5.0,454,1357,0.24669603524229075,0.5845282744550028,-1.111611421578679,-0.7948701408990124,-0.9002921825672529,11047.572179024704,-0.889524278209753
144,h4_level,,1.0,,6.0,528,1283,0.24431818181818182,0.5779889296487994,-1.0089102440403033,-0.8449200710274631,-0.933579258490805,7368.1552969536915,-0.9263184470304631
144,h4_level,,1.0,,8.0,662,1149,0.24169184290030213,0.5565343635519847,-0.8492048118965527,-0.907497551304326,-0.9686392817658078,3534.631126744235,-0.9646536887325576
144,h4_level,,1.0,,12.0,888,923,0.24774774774774774,0.5006884262005602,-0.5284489064085174,-0.9605954877300728,-0.9909192220448743,1074.2725309474558,-0.9892572746905255
144,h4_level,,1.0,,,231,1580,0.08225108225108226,0.20189313785009438,-1.2683712547076071,-1.0,-1.1539987454068739,-19155.197252537306,-1.1915519725253731
144,h4_level,,1.0,0.5,1.0,178,1633,0.15730337078651685,0.4523611104512806,-1.8083896511529363,-0.5043959432307665,-0.6409581899075039,37382.2194317836,-0.6261778056821641
144,h4_level,,1.0,0.5,2.0,298,1513,0.1610738255033557,0.48632088518997135,-1.568984525529106,-0.6416794308315581,-0.7758399979083619,23592.583641511355,-0.7640741635848864
144,h4_level,,1.0,0.5,3.0,406,1405,0.16748768472906403,0.4959495394186768,-1.326782571531421,-0.7163472261891133,-0.8403519308745453,16964.71574182312,-0.8303528425817688
144,h4_level,,1.0,0.5,4.0,508,1303,0.17125984251968504,0.5075213091152158,-1.1690559491586878,-0.7802077637323291,-0.8897758839219472,11888.955334718159,-0.8811104466528185
144,h4_level,,1.0,0.5,5.0,609,1202,0.16912972085385877,0.4812797702906504,-1.188476429299692,-0.8461447937902689,-0.9343397403506877,7098.580196612289,-0.9290141980338771
144,h4_level,,1.0,0.5,6.0,688,1123,0.17296511627906977,0.48247747350469006,-1.07059124910922,-0.8749150821076206,-0.9513902911230585,5269.656241552993,-0.9473034375844701
144,h4_level,,1.0,0.5,8.0,849,962,0.17196702002355713,0.44859560849617663,-0.932634523962802,-0.9244564648186508,-0.9766309805259437,2564.881143768507,-0.974351188562315
144,h4_level,,1.0,0.5,12.0,1091,720,0.17873510540788268,0.39649750328146277,-0.7474420863969967,-0.9661058866409075,-0.9927036466790093,838.9871123479629,-0.9916101288765203
144,h4_level,,1.0,0.5,,1811,0,0.21645499723909442,0.2333207918637536,0.055377400452294355,-0.9969589800116829,-0.9997800568225406,26.051101780013358,-0.9997394889821999
144,h4_level,,1.0,1.0,1.0,151,1660,0.18543046357615894,0.47122045937403373,-1.7756753182068241,-0.46645901241194565,-0.6003599079112891,41609.17530008469,-0.5839082469991531
144,h4_level,,1.0,1.0,2.0,255,1556,0.2,0.5417480586914408,-1.401999764774059,-0.5839955996333603,-0.7215735830045495,29639.686734507406,-0.7036031326549259
144,h4_level,,1.0,1.0,3.0,344,1467,0.20348837209302326,0.5412465903606815,-1.298020086413235,-0.6743898063896927,-0.8049359647709551,21285.056317619295,-0.787149436823807
144,h4_level,,1.0,1.0,4.0,437,1374,0.2036613272311213,0.530304003283512,-1.2485174084291883,-0.7630505461224271,-0.8770616937842433,13611.329505188789,-0.8638867049481121
144,h4_level,,1.0,1.0,5.0,527,1284,0.19924098671726756,0.503233731017866,-1.214556488108218,-0.8268355654011096,-0.9220390220927918,8638.03413567012,-0.9136196586432987
144,h4_level,,1.0,1.0,6.0,606,1205,0.19966996699669967,0.4955437941100566,-1.114233099617558,-0.8683374383312107,-0.9476340272559495,5809.038121033242,-0.9419096187896676
144,h4_level,,1.0,1.0,8.0,756,1055,0.19576719576719576,0.46963328118647296,-0.9266214695044223,-0.9194786956273491,-0.9743615925216248,2889.675945444804,-0.971103240545552
144,h4_level,,1.0,1.0,12.0,985,826,0.2050761421319797,0.4319751660465404,-0.5867588215305478,-0.9605973547521558,-0.9909198469332485,1074.1986055174184,-0.9892580139448258
144,h4_level,,1.0,1.0,,1811,0,0.2473771397018222,0.24233585229467902,0.17381672192482606,-0.9992098258142951,-0.9999689374505067,3.8637279877763553,-0.9999613627201223
144,h4_level,,1.5,,1.0,106,1705,0.2830188679245283,0.5727712365615847,-1.5133042365994958,-0.28659964373550995,-0.3897951303151005,62971.8873902499,-0.37028112609750097
144,h4_level,,1.5,,2.0,185,1626,0.2918918918918919,0.6360201975933364,-1.1788765541904787,-0.3906809497471532,-0.514706827538558,50991.52452195398,-0.4900847547804602
144,h4_level,,1.5,,3.0,257,1554,0.29571984435797666,0.6217987023978555,-1.1603751688795796,-0.5061357582380799,-0.6423213256457392,38310.90133866192,-0.6168909866133808
144,h4_level,,1.5,,4.0,328,1483,0.2926829268292683,0.6111593698955259,-1.1344324841345863,-0.6047538298105843,-0.7411847621066997,28055.744474310985,-0.7194425552568902
144,h4_level,,1.5,,5.0,398,1413,0.2864321608040201,0.6029483303470086,-1.0944214094226736,-0.6833388951601727,-0.8124293659192786,20547.64680780825,-0.7945235319219175
144,h4_level,,1.5,,6.0,464,1347,0.28448275862068967,0.6006352280373459,-1.0414638431434091,-0.7443986977245365,-0.8625807940062753,15258.92059652949,-0.8474107940347051
144,h4_level,,1.5,,8.0,585,1226,0.27863247863247864,0.5807949384758072,-0.9620852509441989,-0.8339797783316417,-0.9265708951534495,8248.800913002846,-0.9175119908699716
144,h4_level,,1.5,,12.0,793,1018,0.28247162673392184,0.5314007362864035,-0.7640268266923946,-0.9253755892297514,-0.9770128426478579,2696.2181014242055,-0.9730378189857579
144,h4_level,,1.5,,,231,1580,0.09090909090909091,0.1809701741882873,-1.2168169387236152,-1.0,-1.1596873165495345,-19828.664681050286,-1.198286646810503
144,h4_level,,1.5,0.5,1.0,142,1669,0.19718309859154928,0.4904361409605671,-1.7057248830066645,-0.35878895974226155,-0.4773830695428575,53932.992226003655,-0.4606700777399635
144,h4_level,,1.5,0.5,2.0,240,1571,0.20833333333333334,0.5520072188746132,-1.362942134610258,-0.4602868697329635,-0.5930976686469615,42364.61903625074,-0.5763538096374926
144,h4_level,,1.5,0.5,3.0,331,1480,0.21148036253776434,0.5415977584573048,-1.2958973172876618,-0.5623292410362076,-0.6998757624635987,31512.96271165728,-0.6848703728834271
144,h4_level,,1.5,0.5,4.0,415,1396,0.21445783132530122,0.5461694187641323,-1.1737233200420119,-0.6304162539526024,-0.7652281862146687,24954.028756002088,-0.7504597124399791
144,h4_level,,1.5,0.5,5.0,507,1304,0.20907297830374755,0.5252158921702382,-1.195883167509768,-0.7133242228474292,-0.8376633496640512,17440.81332284587,-0.8255918667715413
144,h4_level,,1.5,0.5,6.0,591,1220,0.20812182741116753,0.5175094810453814,-1.119420367179991,-0.7661282257247495,-0.8792166835621231,13156.819366674508,-0.8684318063332549
144,h4_level,,1.5,0.5,8.0,744,1067,0.20161290322580644,0.48000002933292457,-1.0517914041366594,-0.8547488664181365,-0.9395258288854468,6677.903386784979,-0.9332209661321502
144,h4_level,,1.5,0.5,12.0,971,840,0.21009268795056643,0.44709593631011296,-0.8232135335131148,-0.9239030426352572,-0.9763511121556587,2714.9392593391995,-0.972850607406608
144,h4_level,,1.5,0.5,,1811,0,0.25124240750966315,0.23093682445413916,0.055563554234621906,-0.9938076031630733,-0.9993813723732089,73.96057907785976,-0.9992603942092214
144,h4_level,,1.5,1.0,1.0,120,1691,0.24166666666666667,0.520146591882446,-1.6945558760359831,-0.32912634932726625,-0.4419053438203504,57594.2205446396,-0.42405779455360404
144,h4_level,,1.5,1.0,2.0,207,1604,0.25120772946859904,0.5941402198834767,-1.2914401158666329,-0.42394107218222077,-0.5527006531889647,46999.374616961264,-0.5300062538303874
144,h4_level,,1.5,1.0,3.0,289,1522,0.2491349480968858,0.6033229003325759,-1.1417487496251963,-0.5138958624790054,-0.6504549254944454,37439.71285672487,-0.6256028714327513
144,h4_level,,1.5,1.0,4.0,365,1446,0.2493150684931507,0.5839231275167889,-1.1441123480876862,-0.6150744552102364,-0.750941927004665,26998.06128919695,-0.7300193871080305
144,h4_level,,1.5,1.0,5.0,445,1366,0.24269662921348314,0.5501832349257703,-1.1680475355649562,-0.7068880338129521,-0.8323431752893571,18366.165023413854,-0.8163383497658614
144,h4_level,,1.5,1.0,6.0,514,1297,0.24319066147859922,0.5425748747867135,-1.1154550237129617,-0.7622676738577673,-0.8763101672233382,13734.421788343623,-0.8626557821165638
144,h4_level,,1.5,1.0,8.0,644,1167,0.2375776397515528,0.5191982299827851,-1.036820338390791,-0.8460477369499164,-0.9341938359473148,7392.463073782169,-0.9260753692621784
144,h4_level,,1.5,1.0,12.0,861,950,0.24390243902439024,0.4884740041563075,-0.7971727100986243,-0.9227721514309538,-0.9758389608424126,2833.905477217944,-0.9716609452278205
144,h4_level,,1.5,1.0,,1811,0,0.2860298177802319,0.22453388304392707,0.09274675345012412,-0.998760805477946,-0.9999402108037114,7.424133302330761,-0.9999257586669766
144,h4_level,,2.0,,1.0,89,1722,0.34831460674157305,0.6742802213725947,-1.0949094308406129,-0.1683994913067769,-0.23704192502513366,78291.91345991247,-0.21708086540087534
144,h4_level,,2.0,,2.0,160,1651,0.3375,0.6686945699090419,-1.0790028033620878,-0.2930115173816784,-0.39729565806543643,62791.35438109062,-0.37208645618909375
144,h4_level,,2.0,,3.0,224,1587,0.3392857142857143,0.6745590212732304,-0.9980208305235331,-0.3848435952628986,-0.5075732884481402,52113.78131975669,-0.4788621868024331
144,h4_level,,2.0,,4.0,286,1525,0.3356643356643357,0.6588790105161054,-1.0115217394248004,-0.4826579168102112,-0.617077125509751,40939.515917775425,-0.5906048408222457
144,h4_level,,2.0,,5.0,347,1464,0.3314121037463977,0.6454261684278764,-1.0166611793882245,-0.5697942379805874,-0.7070636306844549,31595.789837059245,-0.6840421016294076
144,h4_level,,2.0,,6.0,406,1405,0.3251231527093596,0.6350628466497392,-1.0331441308910774,-0.6439877301897761,-0.7774788831567081,24267.18763531725,-0.7573281236468276
144,h4_level,,2.0,,8.0,517,1294,0.3152804642166344,0.6269989170343516,-0.9423666091782265,-0.7489463702061854,-0.8660177472698926,14939.3301830879,-0.8506066981691209
144,h4_level,,2.0,,12.0,719,1092,0.31154381084840055,0.5670378889954306,-0.8607420389407651,-0.8839504810338316,-0.9563161627008541,5100.0211771768945,-0.9489997882282311
144,h4_level,,2.0,,,234,1577,0.09829059829059829,0.15838045670674072,-1.114655939968164,-1.0,-1.235553559686314,-29286.32472358577,-1.2928632472358577
144,h4_level,,2.0,0.5,1.0,118,1693,0.2457627118644068,0.5472715010950726,-1.4939057515531031,-0.2373711176750316,-0.32719536422451856,69040.70360785844,-0.30959296392141566
144,h4_level,,2.0,0.5,2.0,211,1600,0.23696682464454977,0.5721517819216738,-1.308073784635138,-0.3601353727918095,-0.47858799732534496,54132.42502923148,-0.4586757497076852
144,h4_level,,2.0,0.5,3.0,291,1520,0.24054982817869416,0.5771472830772052,-1.2486463197728417,-0.46448161147332023,-0.5973830464188004,42420.208457067085,-0.5757979154293291
144,h4_level,,2.0,0.5,4.0,366,1445,0.24316939890710382,0.5732032913552841,-1.188381370177717,-0.5435275822140736,-0.6807321873157055,33984.10810328465,-0.6601589189671535
144,h4_level,,2.0,0.5,5.0,442,1369,0.2420814479638009,0.5668984768068709,-1.148453789677166,-0.6133095195203973,-0.7490948647391438,26944.591722611156,-0.7305540827738884
144,h4_level,,2.0,0.5,6.0,517,1294,0.2379110251450677,0.5496321340159509,-1.144290768642078,-0.6799066874999444,-0.8093274699983664,20704.431485856625,-0.7929556851414338
144,h4_level,,2.0,0.5,8.0,654,1157,0.2324159021406728,0.5314615286380866,-1.0796731942688458,-0.784062253038939,-0.8923518776111924,11925.771245953527,-0.8807422875404647
144,h4_level,,2.0,0.5,12.0,887,924,0.23111612175873733,0.4735875215504261,-0.9521686114550559,-0.8926999061066985,-0.9610168414926628,4479.106837186687,-0.9552089316281331
144,h4_level,,2.0,0.5,,1811,0,0.27553837658752073,0.25228408916643835,0.012126533473900879,-0.9900377298693448,-0.9987649950108112,148.86830506512365,-0.9985113169493488
144,h4_level,,2.0,1.0,1.0,97,1714,0.30927835051546393,0.5990676434955623,-1.363858205900339,-0.20541344763972014,-0.28586228858540574,73282.1497463976,-0.26717850253602404
144,h4_level,,2.0,1.0,2.0,171,1640,0.30409356725146197,0.640100245496376,-1.1597432225585125,-0.30989755357004456,-0.41808962031760866,60624.983638560014,-0.39375016361439985
144,h4_level,,2.0,1.0,3.0,240,1571,0.3,0.6526549270518961,-1.0532434995024602,-0.3966539300371551,-0.5212443437025842,50666.966256261934,-0.49333033743738064
144,h4_level,,2.0,1.0,4.0,309,1502,0.29449838187702265,0.6305019343689707,-1.0830146985453304,-0.4971508259304306,-0.6325579689512701,39284.40916203941,-0.6071559083796059
144,h4_level,,2.0,1.0,5.0,375,1436,0.2906666666666667,0.6080336576554609,-1.1156591522724504,-0.5867031702087904,-0.7236360976273943,29808.302049748374,-0.7019169795025162
144,h4_level,,2.0,1.0,6.0,439,1372,0.2847380410022779,0.5956318972588841,-1.1277089379745693,-0.6575526966974545,-0.7896861860969357,22935.91213583159,-0.7706408786416841
144,h4_level,,2.0,1.0,8.0,559,1252,0.27549194991055453,0.5766132437441274,-1.0504216034956189,-0.764696134028839,-0.878050228668529,13597.68075659114,-0.8640231924340886
144,h4_level,,2.0,1.0,12.0,776,1035,0.2757731958762887,0.5287418582167105,-0.9089316260061059,-0.8845023204962068,-0.9566175347404073,5064.836452597752,-0.9493516354740225
144,h4_level,,2.0,1.0,,1811,0,0.3219215902816124,0.22628148810391396,0.1120364487963035,-0.9978040885875653,-0.9998626505371693,17.076629936850114,-0.9998292337006315
144,h4_level,,3.0,,1.0,75,1736,0.41333333333333333,0.7234846420331941,-0.9452177441455081,-0.10358665347902651,-0.14848050781347388,86786.52311759978,-0.1321347688240022
144,h4_level,,3.0,,2.0,130,1681,0.4153846153846154,0.7400741835763484,-0.8422100685485321,-0.16962087205413157,-0.2380451630109408,78555.77349062753,-0.21444226509372466
144,h4_level,,3.0,,3.0,181,1630,0.4198895027624309,0.7348143550737013,-0.8162780730384184,-0.23581036788581722,-0.3246418016374122,70433.46948733363,-0.2956653051266638
144,h4_level,,3.0,,4.0,232,1579,0.41379310344827586,0.712520330612273,-0.8564851642027034,-0.3150505118793179,-0.42391811935324364,60551.56840425124,-0.3944843159574877
144,h4_level,,3.0,,5.0,286,1525,0.4020979020979021,0.6711059556781388,-0.9792216608835355,-0.41779588035547677,-0.5450429314819355,48139.197596771584,-0.5186080240322841
144,h4_level,,3.0,,6.0,340,1471,0.38823529411764707,0.6490247307385022,-1.0438950953872437,-0.5065674609091967,-0.6422163480047162,38163.76498354458,-0.6183623501645542
144,h4_level,,3.0,,8.0,438,1373,0.3721461187214612,0.6150187710608032,-1.0907006569427744,-0.6468047159239414,-0.7798513338859652,23859.573317223643,-0.7614042668277636
144,h4_level,,3.0,,12.0,615,1196,0.36260162601626017,0.5661154890556847,-1.1096250099521985,-0.8110443920068938,-0.9112497979358255,9960.523683518788,-0.9003947631648122
144,h4_level,,3.0,,,231,1580,0.09956709956709957,0.11070524728505995,-0.7267517664367933,-1.0,-1.358222704812583,-42161.82247004442,-1.421618224700444
144,h4_level,,3.0,0.5,1.0,88,1723,0.3409090909090909,0.6555848308283304,-1.14393537733539,-0.12391322844963193,-0.1763794967849488,83943.0694168357,-0.16056930583164297
144,h4_level,,3.0,0.5,2.0,158,1653,0.3227848101265823,0.6709048926357255,-1.0428719495421102,-0.20556255677339785,-0.2854720310258537,73666.17358222396,-0.2633382641777604
144,h4_level,,3.0,0.5,3.0,223,1588,0.3183856502242152,0.6448940207108039,-1.0981851525791078,-0.2951831985916573,-0.39949109679349804,62627.396266772455,-0.3737260373322755
144,h4_level,,3.0,0.5,4.0,286,1525,0.3146853146853147,0.6345329426455387,-1.0832270691046066,-0.3708148639308033,-0.4907626215613988,53525.58896646518,-0.46474411033534824
144,h4_level,,3.0,0.5,5.0,348,1463,0.3103448275862069,0.5974058916605345,-1.1831408364610805,-0.4662307583597761,-0.5989633215838026,42433.85858079857,-0.5756614141920142
144,h4_level,,3.0,0.5,6.0,411,1400,0.30170316301703165,0.5865659486379088,-1.2005988444747508,-0.5441367345095316,-0.6810897475926071,34017.24996613053,-0.6598275003386948
144,h4_level,,3.0,0.5,8.0,521,1290,0.29366602687140114,0.5640787371565424,-1.1857946888975541,-0.6583123705045395,-0.7901917176190283,22738.88906252344,-0.7726111093747656
144,h4_level,,3.0,0.5,12.0,719,1092,0.29207232267037553,0.5297400398076249,-1.1349111983356677,-0.8015052052209537,-0.9046688535749641,10699.109631964076,-0.8930089036803592
144,h4_level,,3.0,0.5,,1811,0,0.32302595251242405,0.27603922165783357,-0.07691518333912353,-0.9874320345584542,-0.998267874831343,203.86634592303665,-0.9979613365407697
144,h4_level,,3.0,1.0,1.0,79,1732,0.3924050632911392,0.6979545806285289,-1.05185200072906,-0.11461744311486044,-0.1636566084805252,85239.7810600644,-0.147602189399356
144,h4_level,,3.0,1.0,2.0,138,1673,0.38405797101449274,0.7191071415031401,-0.9181187317279194,-0.1840700520540246,-0.25722559407302636,76578.31560884575,-0.23421684391154252
144,h4_level,,3.0,1.0,3.0,191,1620,0.387434554973822,0.7132772096665432,-0.8946953751832217,-0.25491855402683694,-0.3490288034261303,67890.13596367507,-0.3210986403632493
144,h4_level,,3.0,1.0,4.0,244,1567,0.38524590163934425,0.6932446549613033,-0.9177264350345234,-0.3328862455613947,-0.44557616832309055,58275.105842665405,-0.4172489415733459
144,h4_level,,3.0,1.0,5.0,301,1510,0.37209302325581395,0.6453157672647205,-1.0643922825240208,-0.4406903601158523,-0.570794154844629,45414.44988848075,-0.5458555011151925
144,h4_level,,3.0,1.0,6.0,355,1456,0.36056338028169016,0.6269688310977903,-1.1176176423714097,-0.5242079607219432,-0.6606424950904203,36198.300259235984,-0.6380169974076402
144,h4_level,,3.0,1.0,8.0,455,1356,0.34725274725274724,0.6011374165386827,-1.1163763420537105,-0.6487858618622018,-0.7816425428267861,23665.44322411715,-0.7633455677588286
144,h4_level,,3.0,1.0,12.0,634,1177,0.3438485804416404,0.5713596120635613,-1.0816514913766395,-0.7980310262721587,-0.9022359273894811,10972.159363988727,-0.8902784063601127
144,h4_level,,3.0,1.0,,234,1577,0.09829059829059829,0.14777106540361037,-0.29679479982507756,-1.0,-1.017536010813564,-2063.9400150280385,-1.0206394001502803
144,atr,2.0,0.5,,1.0,229,1582,0.24890829694323144,0.4622284380869563,-2.531793282226684,-0.7003867262309837,-0.8313337326325726,18585.89964639303,-0.8141410035360697
144,atr,2.0,0.5,,2.0,391,1420,0.27877237851662406,0.5422226601208987,-2.2488072149501934,-0.8159763457158775,-0.916897625949459,9577.47349063406,-0.9042252650936594
144,atr,2.0,0.5,,3.0,527,1284,0.2922201138519924,0.584960909040639,-2.123410111683546,-0.8775766712177103,-0.9540243102590227,5510.294639586507,-0.9448970536041349
144,atr,2.0,0.5,,4.0,644,1167,0.2981366459627329,0.6057376806878407,-2.040036155091068,-0.9199151354684915,-0.9751781303957758,3029.2657378281647,-0.9697073426217183
144,atr,2.0,0.5,,5.0,775,1036,0.29935483870967744,0.6195468802633372,-2.057374502352255,-0.9512372348659195,-0.987924603220945,1466.260870129696,-0.985337391298703
144,atr,2.0,0.5,,6.0,901,910,0.29633740288568255,0.6085222511753033,-2.1197793971479775,-0.9725749444446993,-0.9947652958681585,633.7866941322018,-0.993662133058678
144,atr,2.0,0.5,,8.0,1131,680,0.2891246684350133,0.5931119507614938,-2.25758195252173,-0.9922802852854566,-0.9991695963841017,102.35377337316133,-0.9989764622662684
144,atr,2.0,0.5,,12.0,1414,397,0.29066478076379065,0.626997991240573,-2.270223500822416,-0.9981287530156195,-0.9998939789436736,14.071853736693503,-0.999859281462633
144,atr,2.0,0.5,,,1811,0,0.3014908890115958,0.6506844509477977,-2.081897117428589,-0.9998112296676214,-0.9999962109177063,0.5120744582421686,-0.9999948792554175
144,atr,2.0,0.5,0.5,1.0,321,1490,0.1838006230529595,0.40579439774767195,-2.938979461334946,-0.8196646892474239,-0.9193057067388987,8891.237937781336,-0.9110876206221866
144,atr,2.0,0.5,0.5,2.0,521,1290,0.2053742802303263,0.4449110938596757,-2.782105305734682,-0.9008188958548681,-0.966136687008508,3767.0424667535062,-0.962329575332465
144,atr,2.0,0.5,0.5,3.0,685,1126,0.2116788321167883,0.46394464690001624,-2.666422253061989,-0.9400681127649609,-0.9837073910812913,1831.6721636781588,-0.9816832783632184
144,atr,2.0,0.5,0.5,4.0,844,967,0.21800947867298578,0.47945586004643587,-2.5979231492112365,-0.9653424272727466,-0.9926459331228261,842.8594668647751,-0.9915714053313522
144,atr,2.0,0.5,0.5,5.0,986,825,0.2231237322515213,0.4911278560937634,-2.5714305532714787,-0.9793071369298322,-0.996522822713739,399.3413740783307,-0.9960065862592167
144,atr,2.0,0.5,0.5,6.0,1115,696,0.22242152466367712,0.49756220830767334,-2.5839267650384445,-0.9883390636012753,-0.9984883286182435,173.94215469610182,-0.998260578453039
144,atr,2.0,0.5,0.5,8.0,1320,491,0.22424242424242424,0.5294552211979571,-2.5211207861502496,-0.9948506048008348,-0.9995387936656878,53.94870813728819,-0.9994605129186271
144,atr,2.0,0.5,0.5,12.0,1559,252,0.22963438101347017,0.5753264827879981,-2.4435756311045314,-0.9980513050701081,-0.999887546613768,14.223201181985816,-0.9998577679881802
144,atr,2.0,0.5,0.5,,1811,0,0.2413031474323578,0.5804923415435879,-2.2068476677697135,-0.9990246137378712,-0.999958843879392,5.308984706252302,-0.9999469101529375
144,atr,2.0,0.5,1.0,1.0,291,1520,0.20618556701030927,0.4393466676559168,-2.933347622108366,-0.7812379468751587,-0.8931720659723253,11770.752818520927,-0.8822924718147908
144,atr,2.0,0.5,1.0,2.0,460,1351,0.2326086956521739,0.48404424871714957,-2.5665748735539555,-0.8644938330744554,-0.9467191908082639,5927.094934234212,-0.9407290506576579
144,atr,2.0,0.5,1.0,3.0,611,1200,0.24058919803600654,0.4994771697587748,-2.4414660707144367,-0.9169154055770152,-0.9738164155871705,2943.650274402985,-0.9705634972559701
144,atr,2.0,0.5,1.0,4.0,745,1066,0.2523489932885906,0.5435439743468341,-2.3165732331150726,-0.9454908724261271,-0.9858039043484751,1627.033560103257,-0.9837296643989675
144,atr,2.0,0.5,1.0,5.0,875,936,0.2571428571428571,0.5593379314528317,-2.2909318701326393,-0.9665933399497613,-0.9930282759509136,800.6775704125446,-0.9919932242958746
144,atr,2.0,0.5,1.0,6.0,1007,804,0.253227408142999,0.545084990312876,-2.381215810170417,-0.9828518399039626,-0.9973532793117785,304.547869956403,-0.9969545213004359
144,atr,2.0,0.5,1.0,8.0,1220,591,0.25081967213114753,0.553037943362967,-2.4191417211980393,-0.9941520240978076,-0.9994451975531689,64.89693018327324,-0.9993510306981672
144,atr,2.0,0.5,1.0,12.0,1476,335,0.255420054200542,0.6047907719023708,-2.386154454453819,-0.9982554680156528,-0.999904244447868,12.111244737943956,-0.9998788875526206
144,atr,2.0,0.5,1.0,,1811,0,0.27112092766427387,0.6207705740943448,-2.065657791262265,-0.9995299588242473,-0.9999857448919628,1.8388553011724593,-0.9999816114469883
144,atr,2.0,1.0,,1.0,133,1678,0.23308270676691728,0.4863669410728114,-2.0595398189571603,-0.4653878698638917,-0.6045953714377137,42195.90831615662,-0.5780409168384337
144,atr,2.0,1.0,,2.0,245,1566,0.2897959183673469,0.6264611214651944,-1.6371308864852758,-0.5629882102742347,-0.704952385886513,32812.11812686617,-0.6718788187313383
144,atr,2.0,1.0,,3.0,341,1470,0.31085043988269795,0.6784179371143021,-1.3934154718569327,-0.6309871204479618,-0.7692124588606745,26298.111624952395,-0.7370188837504761
144,atr,2.0,1.0,,4.0,437,1374,0.3135011441647597,0.6926668574010466,-1.3775298866169583,-0.7165091954309967,-0.8426339512458356,18311.50500003205,-0.8168849499996795
144,atr,2.0,1.0,,5.0,534,1277,0.3089887640449438,0.692339332915726,-1.4525941649152239,-0.7994509157593679,-0.9048099369511178,11217.029358915303,-0.887829706410847
144,atr,2.0,1.0,,6.0,631,1180,0.3090332805071315,0.6906685822913294,-1.4614688524632025,-0.8558183547636776,-0.94105460608277,6986.622520583667,-0.9301337747941634
144,atr,2.0,1.0,,8.0,799,1012,0.3016270337922403,0.6671520548652582,-1.5589500770394156,-0.9302174647344922,-0.9794546853142898,2489.4272798790166,-0.9751057272012098
144,atr,2.0,1.0,,12.0,1078,733,0.29777365491651203,0.6526724179468313,-1.639761118436102,-0.9799907124475934,-0.996652086924922,437.9923123694197,-0.9956200768763058
144,atr,2.0,1.0,,,1811,0,0.3202650469353948,0.6818282162639105,-1.2481699478256567,-0.9994617106486151,-0.9999824522030358,2.3985004946147503,-0.9999760149950538
144,atr,2.0,1.0,0.5,1.0,206,1605,0.1553398058252427,0.37047860151753415,-2.654572132874491,-0.6113246548706857,-0.751138927198473,26557.400325776543,-0.7344259967422346
144,atr,2.0,1.0,0.5,2.0,372,1439,0.1827956989247312,0.4491582500965381,-2.4888798132758563,-0.7555700635382373,-0.8731179752311709,13870.1729916976,-0.8612982700830241
144,atr,2.0,1.0,0.5,3.0,511,1300,0.19569471624266144,0.4955490468758229,-2.2256758419744638,-0.8148418480798573,-0.9152331252139357,9406.508382937507,-0.9059349161706249
144,atr,2.0,1.0,0.5,4.0,627,1184,0.19936204146730463,0.5060687813808248,-2.1203964428849993,-0.8673921674921852,-0.9478001580480367,5918.532913244391,-0.9408146708675561
144,atr,2.0,1.0,0.5,5.0,733,1078,0.20600272851296045,0.5247153647765692,-2.0292727394009398,-0.902079665347355,-0.9663956105935932,3843.5674862213336,-0.9615643251377867
144,atr,2.0,1.0,0.5,6.0,836,975,0.21052631578947367,0.5324024557701358,-1.9589020991376773,-0.9258249022550707,-0.9775499441325791,2576.334589558236,-0.9742366541044176
144,atr,2.0,1.0,0.5,8.0,1020,791,0.21666666666666667,0.5638359727387791,-1.873935849406411,-0.9572012277228733,-0.9898993364002758,1191.4905255650046,-0.9880850947443499
144,atr,2.0,1.0,0.5,12.0,1288,523,0.22282608695652173,0.5887767627089102,-1.8474041002303352,-0.9831520355036069,-0.9973920198407725,329.6032441215634,-0.9967039675587843
144,atr,2.0,1.0,0.5,,1811,0,0.2473771397018222,0.6570317095328407,-1.4498959899419621,-0.9953520190784977,-0.999598197940117,52.43527121036903,-0.9994756472878963
144,atr,2.0,1.0,1.0,1.0,170,1641,0.18823529411764706,0.42843665367511063,-2.3589345731967954,-0.5444804779049419,-0.6866316967575656,33441.338916254965,-0.6655866108374504
144,atr,2.0,1.0,1.0,2.0,307,1504,0.23127035830618892,0.533589458225648,-2.056213864947352,-0.6725852167590951,-0.8060137320684094,21573.129331976223,-0.7842687066802377
144,atr,2.0,1.0,1.0,3.0,415,1396,0.25301204819277107,0.5996557314052011,-1.7525738843637777,-0.7217080815964464,-0.8468079430199978,17456.149472488534,-0.8254385052751146
144,atr,2.0,1.0,1.0,4.0,514,1297,0.25680933852140075,0.6061640971989831,-1.6976509656782826,-0.7953204641619266,-0.9019493181524821,11409.421314963662,-0.8859057868503634
144,atr,2.0,1.0,1.0,5.0,612,1199,0.2581699346405229,0.6168942730779885,-1.6820856883040063,-0.8489477036394586,-0.9369314021538705,7431.892479179988,-0.9256810752082001
144,atr,2.0,1.0,1.0,6.0,708,1103,0.2612994350282486,0.6215973322817699,-1.6497338175204384,-0.890288830031724,-0.9603620109437226,4698.173149883493,-0.9530182685011651
144,atr,2.0,1.0,1.0,8.0,890,921,0.2573033707865168,0.606111307967873,-1.683806983428419,-0.9456086192833022,-0.9856932502228005,1733.5150970715106,-0.9826648490292849
144,atr,2.0,1.0,1.0,12.0,1157,654,0.25842696629213485,0.6111824622215257,-1.7336452648907905,-0.9824623292523555,-0.9972355339754038,361.66257588733777,-0.9963833742411267
144,atr,2.0,1.0,1.0,,1811,0,0.2865819988956378,0.6795694939521216,-1.358409308085116,-0.9983693696106651,-0.9999122370373376,11.995779856869659,-0.9998800422014313
144,atr,2.0,1.5,,1.0,106,1705,0.25471698113207547,0.5601099551952999,-1.9653501824973294,-0.33173451382556585,-0.45594382510850584,58645.40876308998,-0.4135459123691002
144,atr,2.0,1.5,,2.0,199,1612,0.27638190954773867,0.6325486321944577,-1.706314493370197,-0.46608794161334133,-0.6072947910180998,43125.62593182194,-0.5687437406817806
144,atr,2.0,1.5,,3.0,275,1536,0.28,0.639716442210667,-1.6318611840435444,-0.5725133620293265,-0.7156564577619444,31830.449139852175,-0.6816955086014782
144,atr,2.0,1.5,,4.0,356,1455,0.2949438202247191,0.6779094937314999,-1.4767095603375093,-0.6362023074493193,-0.7750501139958232,25732.85663466278,-0.7426714336533722
144,atr,2.0,1.5,,5.0,427,1384,0.2997658079625293,0.6926267814110854,-1.4467761990510937,-0.7025267433220084,-0.8320692467378966,19617.42809432819,-0.8038257190567182
144,atr,2.0,1.5,,6.0,507,1304,0.30177514792899407,0.7037325912411105,-1.4159018258964944,-0.7616042638642215,-0.878245614202874,14510.809780391977,-0.8548919021960802
144,atr,2.0,1.5,,8.0,632,1179,0.30063291139240506,0.7028436160212425,-1.3258412899294318,-0.8427503345754056,-0.9334685999188493,8080.448751495211,-0.9191955124850479
144,atr,2.0,1.5,,12.0,859,952,0.3061699650756694,0.7062114839270722,-1.221750172687559,-0.9314280497705787,-0.9800691517357979,2590.5159331965324,-0.9740948406680346
144,atr,2.0,1.5,,,1811,0,0.34014356709000554,0.6395064237151974,-0.5605835884140566,-0.9992576063357351,-0.999972148201955,4.035220047698998,-0.999959647799523
144,atr,2.0,1.5,0.5,1.0,153,1658,0.16339869281045752,0.44561147406928586,-2.3949337375588478,-0.4260931245734012,-0.5638555817443591,47013.28441579281,-0.5298671558420719
144,atr,2.0,1.5,0.5,2.0,278,1533,0.17266187050359713,0.4794013788276057,-2.2824180101201104,-0.5926631218418583,-0.7349128575660802,28828.432152340807,-0.7117156784765919
144,atr,2.0,1.5,0.5,3.0,385,1426,0.18181818181818182,0.5047730722910416,-2.0654086829321274,-0.6787445735016582,-0.8122225422237078,20767.45698410613,-0.7923254301589386
144,atr,2.0,1.5,0.5,4.0,483,1328,0.18840579710144928,0.5152807225218106,-1.9361798064457112,-0.7451790007306114,-0.8658743711923136,15162.394098489352,-0.8483760590151065
144,atr,2.0,1.5,0.5,5.0,579,1232,0.19170984455958548,0.5172610588291768,-1.9311645886285218,-0.8114875074859069,-0.913423056012468,9997.129431193374,-0.9000287056880663
144,atr,2.0,1.5,0.5,6.0,672,1139,0.19642857142857142,0.5325275769912018,-1.8854568985164224,-0.8537001760077574,-0.9400898459518576,7059.422113607318,-0.9294057788639268
144,atr,2.0,1.5,0.5,8.0,831,980,0.19494584837545126,0.5196770285903153,-1.8371257621314558,-0.9149776664737632,-0.9727630430406563,3287.560677069914,-0.9671243932293009
144,atr,2.0,1.5,0.5,12.0,1084,727,0.2047970479704797,0.5414743109267428,-1.6570602509895949,-0.9612259732087086,-0.9912922062756494,1126.9347820116238,-0.9887306521798838
144,atr,2.0,1.5,0.5,,1811,0,0.2390944229707344,0.5982007933143065,-1.0090406137175423,-0.9937095419086155,-0.9993795132678878,86.81955594864944,-0.9991318044405135
144,atr,2.0,1.5,1.0,1.0,120,1691,0.20833333333333334,0.48800676836013074,-2.1726508952488834,-0.3760054229460408,-0.5074969171337238,53088.34996227205,-0.4691165003772795
144,atr,2.0,1.5,1.0,2.0,223,1588,0.23766816143497757,0.577219305212797,-1.856205333349837,-0.5015069146243176,-0.6445567039432444,39033.64222098712,-0.6096635777901287
144,atr,2.0,1.5,1.0,3.0,317,1494,0.24290220820189273,0.5992584610150133,-1.7170512005785081,-0.5927189938034556,-0.734965665104313,29668.90631948611,-0.7033109368051389
144,atr,2.0,1.5,1.0,4.0,402,1409,0.2512437810945274,0.6133923728209789,-1.6451990192738994,-0.6728584999317493,-0.8072050191162597,22054.53708419182,-0.7794546291580818
144,atr,2.0,1.5,1.0,5.0,485,1326,0.2515463917525773,0.6163426509529848,-1.646574780821963,-0.7490608956237844,-0.8688316864336489,15322.892976166208,-0.846771070238338
144,atr,2.0,1.5,1.0,6.0,564,1247,0.2570921985815603,0.6339511037570666,-1.586734128445623,-0.799260279114762,-0.9051489054111201,11304.44855871214,-0.8869555144128786
144,atr,2.0,1.5,1.0,8.0,706,1105,0.2521246458923513,0.6251282879121349,-1.5148812990259253,-0.875974081226633,-0.9528676397117006,5724.37407573077,-0.9427562592426924
144,atr,2.0,1.5,1.0,12.0,941,870,0.2592986184909671,0.6394698311894284,-1.3660033632377908,-0.943752968874113,-0.9850530387564097,1942.7342349466187,-0.9805726576505338
144,atr,2.0,1.5,1.0,,1811,0,0.2849254555494202,0.6257576473818439,-0.9579929271474832,-0.9979688681445695,-0.9998798580825857,17.406383348638485,-0.9998259361665136
144,atr,2.0,2.0,,1.0,83,1728,0.2891566265060241,0.7028311387098222,-1.14841940708488,-0.1782368168034162,-0.263004147524028,78492.21912381014,-0.21507780876189864
144,atr,2.0,2.0,,2.0,156,1655,0.30128205128205127,0.7495513544570911,-1.0048485768317272,-0.27435966595502326,-0.41050332740940554,66851.163261444,-0.33148836738556
144,atr,2.0,2.0,,3.0,218,1593,0.3119266055045872,0.7664461338440391,-0.9393032589039739,-0.35302094715899224,-0.5050064046343175,57803.57137199695,-0.42196428628003047
144,atr,2.0,2.0,,4.0,280,1531,0.3107142857142857,0.754433546039507,-0.9874653542309142,-0.45168845540798175,-0.5919420879997994,46295.12719371178,-0.5370487280628822
144,atr,2.0,2.0,,5.0,337,1474,0.314540059347181,0.7612850499568975,-0.9309395342393247,-0.5193261544535868,-0.6633554119277151,38913.65034272868,-0.6108634965727132
144,atr,2.0,2.0,,6.0,394,1417,0.31218274111675126,0.7586829741516853,-0.9462813392270476,-0.5960113177748179,-0.7374816993943079,30862.159076034954,-0.6913784092396504
144,atr,2.0,2.0,,8.0,509,1302,0.3104125736738703,0.7593430493533864,-0.9747791711614683,-0.7197084447063593,-0.8454729025654315,18828.624144991107,-0.8117137585500889
144,atr,2.0,2.0,,12.0,708,1103,0.3093220338983051,0.739778810004058,-0.9578408631003231,-0.8647930856726953,-0.946400011212511,6983.101023557012,-0.9301689897644299
144,atr,2.0,2.0,,,237,1574,0.2616033755274262,0.5472572182417935,-0.503396533786476,-1.0,-1.0038215956526386,-576.9248502718189,-1.005769248502718
144,atr,2.0,2.0,0.5,1.0,113,1698,0.17699115044247787,0.5372565696724642,-1.7389283751806799,-0.2589013292928567,-0.3663808895933832,67554.97481478493,-0.3244502518521507
144,atr,2.0,2.0,0.5,2.0,219,1592,0.182648401826484,0.5607173238698294,-1.5991212414146978,-0.40747167569939513,-0.5416762204704604,49723.19395185407,-0.5027680604814593
144,atr,2.0,2.0,0.5,3.0,309,1502,0.18770226537216828,0.561838754747823,-1.5777006479745053,-0.5261607383572859,-0.6687330973509537,36491.12118833641,-0.6350887881166359
144,atr,2.0,2.0,0.5,4.0,390,1421,0.19743589743589743,0.5859570680497985,-1.4556685067162676,-0.5918763138216618,-0.7333099784217064,29924.658562487373,-0.7007534143751263
144,atr,2.0,2.0,0.5,5.0,464,1347,0.2025862068965517,0.5996714897549952,-1.3584491466686708,-0.6502265091211752,-0.7868476560075585,24343.25757045393,-0.7565674242954608
144,atr,2.0,2.0,0.5,6.0,537,1274,0.2048417132216015,0.6111797125252781,-1.3000728579237968,-0.7020815058949774,-0.8311603217331932,19687.047656900213,-0.8031295234309979
144,atr,2.0,2.0,0.5,8.0,676,1135,0.20562130177514792,0.6005744555797848,-1.357127526584695,-0.8104308707206325,-0.912435356640377,10588.668624745664,-0.8941133137525433
144,atr,2.0,2.0,0.5,12.0,914,897,0.20459518599562362,0.568884463970397,-1.360760342845543,-0.9160923713674892,-0.9731938117525788,3467.5833295245075,-0.965324166704755
144,atr,2.0,2.0,0.5,,1811,0,0.2473771397018222,0.5891919113212447,-0.5426671763767476,-0.9894424555622712,-0.9986794776060123,192.51416456415066,-0.9980748583543585
144,atr,2.0,2.0,1.0,1.0,89,1722,0.23595505617977527,0.6227127674853117,-1.4250967928945966,-0.2157936420390001,-0.31402525996311015,73336.39710143504,-0.26663602898564964
144,atr,2.0,2.0,1.0,2.0,170,1641,0.2647058823529412,0.7181269592836143,-1.095695593569099,-0.2950185624589402,-0.4177569000896708,64104.82079130794,-0.35895179208692063
144,atr,2.0,2.0,1.0,3.0,240,1571,0.2708333333333333,0.7360841111013496,-1.0038919473682426,-0.3738251104050566,-0.5162015547166862,55123.74894154581,-0.44876251058454186
144,atr,2.0,2.0,1.0,4.0,310,1501,0.2645161290322581,0.7224142279480101,-1.039310937525039,-0.4693621750857736,-0.6195731629034849,44143.7357244427,-0.558562642755573
144,atr,2.0,2.0,1.0,5.0,374,1437,0.2700534759358289,0.7306790051398621,-0.9595498582914549,-0.5313531433771808,-0.683580442202482,37507.56186725818,-0.6249243813274182
144,atr,2.0,2.0,1.0,6.0,440,1371,0.2681818181818182,0.7233465849140929,-0.9802552419450644,-0.6101885494965598,-0.7537493966930598,29301.72490432656,-0.7069827509567344
144,atr,2.0,2.0,1.0,8.0,567,1244,0.26278659611992944,0.7004117879462364,-1.088431571270046,-0.7497376197629895,-0.8689229894092843,15971.307346315967,-0.8402869265368403
144,atr,2.0,2.0,1.0,12.0,769,1042,0.26918075422626786,0.7043584524489248,-0.9890489914865461,-0.8651957303244164,-0.9466316842438658,6952.9182526464165,-0.9304708174735359
144,atr,2.0,2.0,1.0,,1811,0,0.30425179458862506,0.595651437798886,-0.37351971617964047,-0.9967459331790472,-0.999761009342219,36.07907847641561,-0.9996392092152359
144,atr,2.0,3.0,,1.0,62,1749,0.3387096774193548,0.903073126784242,-0.3707755730501178,-0.04924188586750178,-0.1595570060876741,95026.77436591029,-0.049732256340897174
144,atr,2.0,3.0,,2.0,117,1694,0.3333333333333333,0.8470269783337194,-0.5394053741720551,-0.12965746245408039,-0.2577919370569941,85236.77879187203,-0.14763221208127975
144,atr,2.0,3.0,,3.0,162,1649,0.345679012345679,0.8675371189676977,-0.4387354367176223,-0.15871682991057312,-0.2850917504764615,82697.130125346,-0.17302869874654003
144,atr,2.0,3.0,,4.0,206,1605,0.35436893203883496,0.8841542311206412,-0.33788402224483777,-0.18307700344867472,-0.32534280674882954,80933.60460662431,-0.1906639539337569
144,atr,2.0,3.0,,5.0,255,1556,0.35294117647058826,0.867953588956196,-0.37080051414842324,-0.24746143326408576,-0.39540903963602037,73326.72266587742,-0.2667327733412258
144,atr,2.0,3.0,,6.0,305,1506,0.3475409836065574,0.8502273514482629,-0.4297437896565321,-0.3255679665212664,-0.4876816028988693,63982.264909728176,-0.3601773509027183
144,atr,2.0,3.0,,8.0,398,1413,0.3442211055276382,0.829492537554184,-0.4796971716120222,-0.4495275236759978,-0.5977692346597466,49490.60905934114,-0.5050939094065885
144,atr,2.0,3.0,,12.0,570,1241,0.3298245614035088,0.7654412038401379,-0.6763218732520457,-0.7098422952880183,-0.8374956606493035,21015.564703349108,-0.7898443529665089
144,atr,2.0,3.0,,,231,1580,0.1341991341991342,0.2987626586418315,-0.6799648053086231,-1.0,-1.3045251434695528,-45761.893578283685,-1.4576189357828369
144,atr,2.0,3.0,0.5,1.0,77,1734,0.23376623376623376,0.7682772783598616,-0.7838018038234698,-0.09253416265402248,-0.1487081842775223,88807.60365939804,-0.11192396340601962
144,atr,2.0,3.0,0.5,2.0,146,1665,0.22602739726027396,0.7334599117583517,-0.9117441553725047,-0.19228615273394,-0.28116775457085663,76475.5166856726,-0.23524483314327405
144,atr,2.0,3.0,0.5,3.0,211,1600,0.2132701421800948,0.6778258544050259,-1.1009613145750892,-0.30190361859677506,-0.41839165313219395,63067.9387097086,-0.36932061290291396
144,atr,2.0,3.0,0.5,4.0,276,1535,0.21739130434782608,0.6959226763865511,-1.008266857462702,-0.36209726214774796,-0.4897840215582593,56507.28678429551,-0.4349271321570449
144,atr,2.0,3.0,0.5,5.0,336,1475,0.21726190476190477,0.6809548643384968,-1.0436307259167477,-0.44233145143226416,-0.5802733901150834,47449.44126579989,-0.5255055873420011
144,atr,2.0,3.0,0.5,6.0,399,1412,0.22055137844611528,0.6853084074974571,-1.0410382130397702,-0.511736245563287,-0.6539549382966445,40023.42316553127,-0.5997657683446873
144,atr,2.0,3.0,0.5,8.0,514,1297,0.2237354085603113,0.6743414729150009,-1.0503701353310153,-0.6276728892602441,-0.766576756687815,28047.400168780907,-0.7195259983121909
144,atr,2.0,3.0,0.5,12.0,710,1101,0.23098591549295774,0.6800694102127155,-0.9328901742322626,-0.7677987022672879,-0.8824239582407297,15205.298043292085,-0.8479470195670792
144,atr,2.0,3.0,0.5,,1811,0,0.28050800662617337,0.5558170036646309,-0.006319521821592287,-0.9794620417815196,-0.9965285152269836,521.6702796079392,-0.9947832972039206
144,atr,2.0,3.0,1.0,1.0,66,1745,0.3181818181818182,0.9039393180124576,-0.3631463930224568,-0.048769182398659905,-0.132244496141524,95095.40122364578,-0.04904598776354219
144,atr,2.0,3.0,1.0,2.0,127,1684,0.30708661417322836,0.858544483055117,-0.487421517828109,-0.12136111735910848,-0.23064545383218138,86419.37894506333,-0.1358062105493667
144,atr,2.0,3.0,1.0,3.0,176,1635,0.3125,0.8557890318975201,-0.4738423920317503,-0.17106894527374428,-0.2996042969280932,80939.52417998885,-0.19060475820011158
144,atr,2.0,3.0,1.0,4.0,226,1585,0.3230088495575221,0.8796017118501184,-0.3526718604376224,-0.19000826451140151,-0.3345544497812397,79938.18774083034,-0.20061812259169665
144,atr,2.0,3.0,1.0,5.0,279,1532,0.31899641577060933,0.8602034110908452,-0.391661388558739,-0.25638429650987526,-0.4078401076358076,72067.36399575177,-0.27932636004248224
144,atr,2.0,3.0,1.0,6.0,333,1478,0.3153153153153153,0.8447835192506696,-0.44013668832623604,-0.3306407762685485,-0.4844187996526683,63284.498563866466,-0.36715501436133535
144,atr,2.0,3.0,1.0,8.0,430,1381,0.313953488372093,0.8205836025141848,-0.48766455414237353,-0.458586267931377,-0.5979242021767814,48312.158805227984,-0.5168784119477201
144,atr,2.0,3.0,1.0,12.0,604,1207,0.3079470198675497,0.7809067814598885,-0.5726620801036238,-0.6793193971359566,-0.8120880779125528,24301.352031203583,-0.7569864796879642
144,atr,2.0,3.0,1.0,,237,1574,0.12236286919831224,0.38992202072806476,-1.5448343725022757,-1.0,-1.0006801323413228,-102.20549760900171,-1.00102205497609
144,atr,3.0,0.5,,1.0,189,1622,0.1693121693121693,0.43393745787252264,-2.3618902708288667,-0.6873555954964397,-0.8222979274652673,19743.594571137164,-0.8025640542886283
144,atr,3.0,0.5,,2.0,327,1484,0.21100917431192662,0.5513860891023937,-2.0803954451943203,-0.7975109872588275,-0.9045166528938964,11116.156228701542,-0.8888384377129845
144,atr,3.0,0.5,,3.0,437,1374,0.2219679633867277,0.5826306305477188,-1.9312267358068873,-0.8629726039256139,-0.9458482551222333,6522.2444371835645,-0.9347775556281643
144,atr,3.0,0.5,,4.0,559,1252,0.22719141323792486,0.6024457426177809,-1.8510823086872055,-0.9158908306189604,-0.9733461536073456,3295.327265524938,-0.9670467273447506
144,atr,3.0,0.5,,5.0,676,1135,0.22337278106508876,0.5960351836568435,-1.9672075670174347,-0.9554951967019129,-0.9894252807988009,1330.3729136037446,-0.9866962708639626
144,atr,3.0,0.5,,6.0,780,1031,0.21923076923076923,0.5812298058927511,-2.001794224766236,-0.9757872421873031,-0.9956316885109465,553.9135534027346,-0.9944608644659727
144,atr,3.0,0.5,,8.0,977,834,0.2241555783009212,0.5855536453455149,-1.8930920497737223,-0.9907442477211579,-0.9989191832680407,141.78341643332197,-0.9985821658356668
144,atr,3.0,0.5,,12.0,1274,537,0.22684458398744112,0.6245537775887223,-1.817552136210962,-0.9982161005145941,-0.9999010901294609,14.341850766461928,-0.9998565814923354
144,atr,3.0,0.5,,,1811,0,0.24572059635560464,0.6798585531212578,-1.4637011884778304,-0.9999315036769465,-0.9999991308406917,0.13398880099532667,-0.99999866011199
144,atr,3.0,0.5,0.5,1.0,287,1524,0.11846689895470383,0.35588763989739974,-2.8518907839857346,-0.8221627287894984,-0.9209240682836863,8700.664179890928,-0.9129933582010907
144,atr,3.0,0.5,0.5,2.0,471,1340,0.14225053078556263,0.43497426976579756,-2.578963265414728,-0.8990916818255607,-0.9652768241817036,3952.0950286359425,-0.9604790497136406
144,atr,3.0,0.5,0.5,3.0,626,1185,0.14376996805111822,0.434984400826261,-2.5649885313773866,-0.945088726710348,-0.9856515387838259,1669.605848540445,-0.9833039415145955
144,atr,3.0,0.5,0.5,4.0,770,1041,0.15584415584415584,0.46734402852412227,-2.402000435264882,-0.9645379622564105,-0.9923967137373777,908.9856605396968,-0.990910143394603
144,atr,3.0,0.5,0.5,5.0,898,913,0.15812917594654788,0.48685011639683784,-2.378397889867621,-0.9793295373697816,-0.9965282883027219,419.2105774000362,-0.9958078942259997
144,atr,3.0,0.5,0.5,6.0,1006,805,0.1610337972166998,0.5098739061349007,-2.2620277007770673,-0.9862366426470789,-0.9980768387951822,234.88398591111803,-0.9976511601408888
144,atr,3.0,0.5,0.5,8.0,1197,614,0.16875522138680032,0.5512096453657197,-2.0786748628876133,-0.9934664297085566,-0.9993482767130049,82.40903665974402,-0.9991759096334025
144,atr,3.0,0.5,0.5,12.0,1461,350,0.17522245037645448,0.5936411443962548,-1.9071076427799158,-0.9976847206957625,-0.9998555568005392,20.13758710108222,-0.9997986241289892
144,atr,3.0,0.5,0.5,,1811,0,0.18442849254555493,0.6210828281266684,-1.689834424863351,-0.9993357711137062,-0.9999764445297864,3.4215078171993802,-0.999965784921828
144,atr,3.0,0.5,1.0,1.0,257,1554,0.13229571984435798,0.38506535317520935,-2.70287922997195,-0.7830583942649383,-0.8947970356966948,11612.400988066589,-0.8838759901193342
144,atr,3.0,0.5,1.0,2.0,418,1393,0.15789473684210525,0.46927116279458075,-2.4011931117782273,-0.8707360114711545,-0.9502464745581605,5662.807503114301,-0.943371924968857
144,atr,3.0,0.5,1.0,3.0,555,1256,0.16936936936936936,0.48216865763235955,-2.274932525122706,-0.9188674917870528,-0.9747051334889111,2943.3439885078456,-0.9705665601149216
144,atr,3.0,0.5,1.0,4.0,685,1126,0.17956204379562044,0.507310432169962,-2.1315457443840087,-0.9489374346919687,-0.9870887049802017,1543.5670349134584,-0.9845643296508654
144,atr,3.0,0.5,1.0,5.0,797,1014,0.18193224592220827,0.5217365460337816,-2.0761041452376063,-0.9682995515353034,-0.9935393995182812,780.120094769301,-0.992198799052307
144,atr,3.0,0.5,1.0,6.0,903,908,0.18272425249169436,0.5333581486699549,-2.0386578014095837,-0.9809511205110673,-0.996916726366404,376.57352846938414,-0.9962342647153062
144,atr,3.0,0.5,1.0,8.0,1103,708,0.18766999093381687,0.5615583323911998,-2.000080314343602,-0.9924688514128012,-0.9991988928471062,101.29831179670863,-0.998987016882033
144,atr,3.0,0.5,1.0,12.0,1369,442,0.19722425127830534,0.6214909823360008,-1.7899704943402195,-0.997680746462412,-0.9998551965570401,20.18781054439526,-0.9997981218945561
144,atr,3.0,0.5,1.0,,1811,0,0.2109331860850359,0.6450852185315452,-1.5395615719133566,-0.9996629491651876,-0.9999912059711344,1.2773609796542802,-0.9999872263902034
144,atr,3.0,1.0,,1.0,132,1679,0.19696969696969696,0.5858768447495112,-1.7016417960070953,-0.42575541688016827,-0.567231592777863,47687.301878173384,-0.5231269812182662
144,atr,3.0,1.0,,2.0,228,1583,0.23684210526315788,0.7036949733478242,-1.2595465625388451,-0.5101055455248509,-0.6612230963950032,38981.48315974986,-0.6101851684025014
144,atr,3.0,1.0,,3.0,313,1498,0.23961661341853036,0.7071036352585962,-1.262297523871057,-0.6250930107286479,-0.7670228795190072,27316.76386425312,-0.7268323613574688
144,atr,3.0,1.0,,4.0,397,1414,0.2367758186397985,0.7079791892794389,-1.3202448838260226,-0.7292879041852258,-0.8548143982729225,17466.379001396956,-0.8253362099860304
144,atr,3.0,1.0,,5.0,478,1333,0.23221757322175732,0.7027306179314328,-1.3556635434830302,-0.806647574730672,-0.9109474418628992,10721.156076487909,-0.8927884392351209
144,atr,3.0,1.0,,6.0,561,1250,0.23529411764705882,0.7209513286000163,-1.3189818132157767,-0.8525463108365645,-0.9399227696188472,7377.887340114223,-0.9262211265988578
144,atr,3.0,1.0,,8.0,702,1109,0.23504273504273504,0.7131543928603246,-1.2519596640548798,-0.9144098491809984,-0.9727346383702378,3478.4753208007282,-0.9652152467919928
144,atr,3.0,1.0,,12.0,951,860,0.24185068349106204,0.701535948888479,-1.0931356061185595,-0.9672839427572236,-0.9932546308790737,947.1291998905601,-0.9905287080010944
144,atr,3.0,1.0,,,1811,0,0.27112092766427387,0.6489212424448567,-0.31882207156224995,-0.9998684129572116,-0.9999977625276466,0.3558137647108425,-0.9999964418623529
144,atr,3.0,1.0,0.5,1.0,201,1610,0.11442786069651742,0.4007121108687252,-2.7332631417441906,-0.610566364432907,-0.7537977771686029,27129.33644717674,-0.7287066355282326
144,atr,3.0,1.0,0.5,2.0,343,1468,0.13119533527696792,0.45828878100330994,-2.428365296226954,-0.7471780692506894,-0.8685386399327235,14643.424307586647,-0.8535657569241335
144,atr,3.0,1.0,0.5,3.0,468,1343,0.13675213675213677,0.48193071724371345,-2.2424791948122067,-0.817944363305704,-0.9184031897156663,9365.854724737635,-0.9063414527526237
144,atr,3.0,1.0,0.5,4.0,578,1233,0.14013840830449828,0.5049703001935849,-2.0826598947232253,-0.8676173625592076,-0.948630808980224,6053.092259225224,-0.9394690774077478
144,atr,3.0,1.0,0.5,5.0,675,1136,0.1437037037037037,0.5112344443437484,-1.9699528945146485,-0.9024298720499595,-0.9670206803469594,3938.995939228962,-0.9606100406077104
144,atr,3.0,1.0,0.5,6.0,764,1047,0.14921465968586387,0.535675113329818,-1.8647314912276665,-0.9243318622907896,-0.9772021824407304,2765.267136021273,-0.9723473286397872
144,atr,3.0,1.0,0.5,8.0,932,879,0.15236051502145923,0.5458119689573528,-1.7224859507117551,-0.9559439615848175,-0.9896075499658035,1308.9698053777688,-0.9869103019462223
144,atr,3.0,1.0,0.5,12.0,1191,620,0.16624685138539042,0.5916119178972831,-1.4816744527287475,-0.9788991485403943,-0.9964323370201652,500.065450386032,-0.9949993454961397
144,atr,3.0,1.0,0.5,,1811,0,0.18884594146880176,0.6271611260281295,-0.9467761159607735,-0.9966486235110025,-0.9997534982800972,37.16577815401745,-0.9996283422184599
144,atr,3.0,1.0,1.0,1.0,157,1654,0.16560509554140126,0.5194561693704831,-1.9543268184117282,-0.480501902495704,-0.6258392947389722,41229.244568156166,-0.5877075543184384
144,atr,3.0,1.0,1.0,2.0,283,1528,0.18374558303886926,0.5890281706920827,-1.7529288629708026,-0.6301550129649263,-0.7718778948399063,25914.78707627771,-0.740852129237223
144,atr,3.0,1.0,1.0,3.0,380,1431,0.18947368421052632,0.612186312424827,-1.5988370786481627,-0.7084582360106235,-0.8383110959176177,18958.16036857856,-0.8104183963142144
144,atr,3.0,1.0,1.0,4.0,478,1333,0.18828451882845187,0.6192634305254423,-1.5444109986431342,-0.79196458710349,-0.9009591930680436,11914.985025371874,-0.8808501497462813
144,atr,3.0,1.0,1.0,5.0,564,1247,0.1879432624113475,0.6283797765306434,-1.4765582230115077,-0.8383187881129456,-0.9313230776868723,8268.106142872555,-0.9173189385712744
144,atr,3.0,1.0,1.0,6.0,650,1161,0.19076923076923077,0.6488373028518085,-1.4347746892628055,-0.8802300996077573,-0.9555830891687638,5454.694932334401,-0.945453050676656
144,atr,3.0,1.0,1.0,8.0,811,1000,0.18865598027127004,0.6320924572430067,-1.398591726304018,-0.9334248512701745,-0.9810704807035999,2415.0006371187333,-0.9758499936288126
144,atr,3.0,1.0,1.0,12.0,1071,740,0.19794584500466852,0.6204954321264995,-1.266370771061674,-0.9742123678880727,-0.9952257749804212,670.3573728623746,-0.9932964262713763
144,atr,3.0,1.0,1.0,,1811,0,0.22473771397018222,0.6490347037023845,-0.7573429323428754,-0.9987792526404337,-0.9999431396658024,9.042207624400207,-0.999909577923756
144,atr,3.0,1.5,,1.0,94,1717,0.22340425531914893,0.6732992524878604,-1.1709855357972305,-0.240805669939803,-0.351486515789461,69141.3156652508,-0.308586843347492
144,atr,3.0,1.5,,2.0,171,1640,0.22807017543859648,0.7022494116210949,-1.1505339568381483,-0.3752644478063826,-0.5100111230670497,53631.87968339677,-0.46368120316603223
144,atr,3.0,1.5,,3.0,241,1570,0.23236514522821577,0.7101758875940783,-1.0822674329610493,-0.4795520733722539,-0.6236370038471897,42459.37326674607,-0.5754062673325393
144,atr,3.0,1.5,,4.0,305,1506,0.2360655737704918,0.7237405794627562,-1.0217926927911527,-0.5668814210521953,-0.7117629480890746,33575.08592599398,-0.6642491407400601
144,atr,3.0,1.5,,5.0,367,1444,0.23433242506811988,0.7288035914666762,-1.0489443626509365,-0.6530380841943353,-0.7911429196075443,25116.672255931164,-0.7488332774406883
144,atr,3.0,1.5,,6.0,434,1377,0.23271889400921658,0.7381040189100848,-1.0183133211498256,-0.7224388685709349,-0.8489642160373865,18650.179294471855,-0.8134982070552814
144,atr,3.0,1.5,,8.0,549,1262,0.24043715846994534,0.7647950600102215,-0.828280035473674,-0.788774376181048,-0.8984195867520154,12962.212460680475,-0.8703778753931952
144,atr,3.0,1.5,,12.0,760,1051,0.25,0.7583173685214425,-0.720465289542706,-0.8998041921120552,-0.9656134924370546,4927.50965629573,-0.9507249034370427
144,atr,3.0,1.5,,,234,1577,0.1623931623931624,0.503922526016917,-0.9893385352648537,-1.0,-1.0457990651150735,-7690.264118948694,-1.0769026411894869
144,atr,3.0,1.5,0.5,1.0,144,1667,0.11805555555555555,0.4328718041041756,-2.2096972701491007,-0.4136214221618535,-0.5524501339232785,47513.49846848118,-0.5248650153151881
144,atr,3.0,1.5,0.5,2.0,248,1563,0.13306451612903225,0.49733269599724095,-1.9135136650880646,-0.544765332247134,-0.6901420457522229,33444.99431204807,-0.6655500568795194
144,atr,3.0,1.5,0.5,3.0,348,1463,0.13505747126436782,0.5043519794504167,-1.8075634121539768,-0.6532244643929013,-0.7913058473099397,23126.584461985112,-0.7687341553801489
144,atr,3.0,1.5,0.5,4.0,439,1372,0.13895216400911162,0.5178744715030783,-1.6976720888525287,-0.7228590962158493,-0.8492962156501226,17253.324245678865,-0.8274667575432113
144,atr,3.0,1.5,0.5,5.0,527,1284,0.1442125237191651,0.5340862965682505,-1.5692955067909038,-0.7748294676313532,-0.8885358356418005,13181.576963449039,-0.8681842303655096
144,atr,3.0,1.5,0.5,6.0,614,1197,0.1465798045602606,0.5359425366108418,-1.496811469774161,-0.8234161763717768,-0.9216893183318489,9513.384178593642,-0.9048661582140636
144,atr,3.0,1.5,0.5,8.0,763,1048,0.15072083879423329,0.5420933945806926,-1.328257156317219,-0.8855489902807931,-0.9582850018243968,5339.455207783385,-0.9466054479221662
144,atr,3.0,1.5,0.5,12.0,999,812,0.16316316316316315,0.5715994066380773,-1.0815222273965603,-0.9396807754275911,-0.9835452112930111,2367.457877901893,-0.9763254212209811
144,atr,3.0,1.5,0.5,,1811,0,0.2037548315847598,0.5039216697657218,-0.22741649223029334,-0.9933666207026718,-0.9993334015357507,106.8898135483217,-0.9989311018645168
144,atr,3.0,1.5,1.0,1.0,115,1696,0.16521739130434782,0.532784638435284,-1.7538544702191803,-0.340836754663951,-0.46955054673010843,56314.415880587374,-0.43685584119412624
144,atr,3.0,1.5,1.0,2.0,204,1607,0.17647058823529413,0.5944089516141441,-1.5504918844210114,-0.4642275972173264,-0.6074351983486377,42906.80164909431,-0.5709319835090569
144,atr,3.0,1.5,1.0,3.0,284,1527,0.18309859154929578,0.6286877025592537,-1.3752528475268164,-0.5489302625671195,-0.6942508403569179,34493.07670515159,-0.6550692329484842
144,atr,3.0,1.5,1.0,4.0,362,1449,0.1878453038674033,0.6450775570098568,-1.249468510047634,-0.6277851770511743,-0.76870617255936,26942.09533086459,-0.7305790466913541
144,atr,3.0,1.5,1.0,5.0,445,1366,0.18651685393258427,0.641618750943404,-1.2550105016828141,-0.7113991012303715,-0.8401613588347634,19221.827464201462,-0.8077817253579853
144,atr,3.0,1.5,1.0,6.0,513,1298,0.19103313840155944,0.6618896096251585,-1.149115199806235,-0.756077004607746,-0.8748033503470274,15459.514969466412,-0.8454048503053359
144,atr,3.0,1.5,1.0,8.0,640,1171,0.196875,0.6799384249880355,-0.9821588931573717,-0.825404167569667,-0.9229665082292385,9829.891954495506,-0.9017010804550449
144,atr,3.0,1.5,1.0,12.0,861,950,0.20789779326364694,0.7030330749617977,-0.7787324774661104,-0.9089224630660204,-0.9700633011057569,4289.862022450918,-0.9571013797754908
144,atr,3.0,1.5,1.0,,1811,0,0.24461623412479294,0.5161188568672838,-0.1105849131138305,-0.9981785574837616,-0.999897996573652,17.127714019555754,-0.9998287228598044
144,atr,3.0,2.0,,1.0,78,1733,0.2564102564102564,0.8182713359407171,-0.6084276965446529,-0.11449715553761919,-0.20560633566684505,86378.91511059926,-0.13621084889400736
144,atr,3.0,2.0,,2.0,146,1665,0.2465753424657534,0.7780750545465336,-0.8047973513329479,-0.24910011280283428,-0.359211872348968,70352.89470639025,-0.29647105293609755
144,atr,3.0,2.0,,3.0,199,1612,0.2613065326633166,0.809345248595592,-0.6280556390613368,-0.29255702333918,-0.4154596684894051,66298.98433903528,-0.3370101566096473
144,atr,3.0,2.0,,4.0,256,1555,0.26171875,0.8047527410528764,-0.6153781489712273,-0.37602075399399193,-0.5103049057255764,56758.30787270477,-0.4324169212729523
144,atr,3.0,2.0,,5.0,311,1500,0.26366559485530544,0.8067182594201636,-0.5920381624037648,-0.44569900163261167,-0.5876767617499312,49077.156676223996,-0.50922843323776
144,atr,3.0,2.0,,6.0,363,1448,0.2644628099173554,0.8103355035516346,-0.5819585842655695,-0.5087030787303533,-0.6539564968759143,42459.55631272477,-0.5754044368727522
144,atr,3.0,2.0,,8.0,475,1336,0.2673684210526316,0.8210026161873,-0.5269067384069919,-0.6225567203509483,-0.7650791458758172,30763.19385592001,-0.6923680614407999
144,atr,3.0,2.0,,12.0,658,1153,0.2674772036474164,0.7938033291226044,-0.5016447687198183,-0.7961186870500373,-0.9035350251978032,13505.887985336854,-0.8649411201466315
144,atr,3.0,2.0,,,234,1577,0.09829059829059829,0.3508954798777194,-1.1284329423633759,-1.0,-1.1976086687413359,-32307.103262309574,-1.3230710326230957
144,atr,3.0,2.0,0.5,1.0,108,1703,0.1388888888888889,0.5603563913179586,-1.4866978538645446,-0.23800263200275573,-0.345411752991984,69447.96280890312,-0.3055203719109688
144,atr,3.0,2.0,0.5,2.0,206,1605,0.14563106796116504,0.6148481103627544,-1.3438142100153418,-0.3713653330268686,-0.5049896225791402,54507.92429038303,-0.45492075709616964
144,atr,3.0,2.0,0.5,3.0,289,1522,0.1453287197231834,0.5969979831621453,-1.3719024053365716,-0.4927099620298355,-0.6374760973204091,40913.342362064395,-0.590866576379356
144,atr,3.0,2.0,0.5,4.0,367,1444,0.14986376021798364,0.5976374538273656,-1.3006870870466782,-0.5712802859705572,-0.7160823023685422,32917.39792551275,-0.6708260207448725
144,atr,3.0,2.0,0.5,5.0,437,1374,0.15560640732265446,0.6173696353046031,-1.1728378636042176,-0.6205741896156085,-0.7622346214975597,28308.454141960327,-0.7169154585803967
144,atr,3.0,2.0,0.5,6.0,512,1299,0.16015625,0.6341031565817871,-1.0968940466610544,-0.6725037948905281,-0.8079954339562622,23565.59956105165,-0.7643440043894835
144,atr,3.0,2.0,0.5,8.0,643,1168,0.16640746500777606,0.6400280281306729,-0.9975903522155762,-0.7640958117938514,-0.8807687928031959,15047.73000235659,-0.849522699976434
144,atr,3.0,2.0,0.5,12.0,876,935,0.1689497716894977,0.6103881352731325,-0.9263549615197879,-0.8851988441275478,-0.9581109425710722,5832.807439787305,-0.941671925602127
144,atr,3.0,2.0,0.5,,1811,0,0.22197680839315295,0.48667031571712277,0.14243979485694508,-0.984306242608463,-0.9976723112899099,363.2587984990883,-0.9963674120150091
144,atr,3.0,2.0,1.0,1.0,85,1726,0.2,0.6993944081071761,-0.9967262538063513,-0.17042752629879698,-0.2594364845136322,78569.43309967195,-0.21430566900328052
144,atr,3.0,2.0,1.0,2.0,160,1651,0.2125,0.7649142595949181,-0.8206082464950728,-0.25154503709519993,-0.36223988874690227,70020.44516555057,-0.2997955483444943
144,atr,3.0,2.0,1.0,3.0,225,1586,0.2088888888888889,0.7551309644577328,-0.8314094906576045,-0.34833372241504423,-0.4784324716058781,58844.51367334457,-0.4115548632665543
144,atr,3.0,2.0,1.0,4.0,293,1518,0.20477815699658702,0.7400451229955817,-0.850367863769535,-0.4448609331923803,-0.5867710278175021,47895.471078401104,-0.5210452892159889
144,atr,3.0,2.0,1.0,5.0,351,1460,0.21082621082621084,0.7535567389759626,-0.772837686260857,-0.4977318259123712,-0.6426766618099744,42530.74245062959,-0.5746925754937041
144,atr,3.0,2.0,1.0,6.0,413,1398,0.21307506053268765,0.7580869689430385,-0.7379716795970438,-0.5595028212666386,-0.7046843116480928,36235.250731213964,-0.6376474926878604
144,atr,3.0,2.0,1.0,8.0,535,1276,0.21869158878504674,0.7656566764702982,-0.6776740968981327,-0.6725955535478927,-0.8080735617129008,25022.00046905821,-0.749779995309418
144,atr,3.0,2.0,1.0,12.0,737,1074,0.22388059701492538,0.7559604608369573,-0.5567875082743463,-0.8136141945099218,-0.9153205104320958,11855.823350441255,-0.8814417664955875
144,atr,3.0,2.0,1.0,,1811,0,0.27332965212589727,0.4708469876905842,0.2918271707637655,-0.9957325304354112,-0.9996488267645447,57.4134224630877,-0.9994258657753691
144,atr,3.0,3.0,,1.0,55,1756,0.3090909090909091,1.1370260421920066,0.2348444051019901,0.022802782493422047,-0.1087176247211864,106540.53846708211,0.06540538467082113
144,atr,3.0,3.0,,2.0,101,1710,0.32673267326732675,1.189099592078143,0.47631864959864934,0.09171177276503073,-0.18236292415032285,117122.5828971019,0.1712258289710189
144,atr,3.0,3.0,,3.0,142,1669,0.33098591549295775,1.1862108844496344,0.5332445130162167,0.1353224659267407,-0.23859122419061363,123978.80316941884,0.2397880316941885
144,atr,3.0,3.0,,4.0,183,1628,0.33879781420765026,1.1962399018458163,0.609409969165747,0.19404911506866473,-0.2963958246318311,133400.9371093009,0.334009371093009
144,atr,3.0,3.0,,5.0,229,1582,0.3318777292576419,1.1326128265230073,0.5478584817749318,0.16700333377607768,-0.3594155279805413,129035.00792851546,0.29035007928515455
144,atr,3.0,3.0,,6.0,279,1532,0.3225806451612903,1.0669570673382707,0.46438206586460995,0.09856308163197158,-0.40899629827002315,118191.64291004,0.18191642910040007
144,atr,3.0,3.0,,8.0,365,1446,0.3178082191780822,1.0074088511751267,0.40749307794232614,-0.0036713954879207256,-0.5117962811538947,102558.88306850918,0.025588830685091768
144,atr,3.0,3.0,,12.0,532,1279,0.30451127819548873,0.8967849315056964,0.23828208884702573,-0.3489606767090895,-0.6981601895615662,56891.93248106409,-0.4310806751893591
144,atr,3.0,3.0,,,231,1580,0.012987012987012988,0.05442524276101162,-0.9426886083951239,-1.0,-1.1764133917768314,-18719.55659978593,-1.1871955659978592
144,atr,3.0,3.0,0.5,1.0,74,1737,0.1891891891891892,0.8664390850534399,-0.4564552248112219,-0.06604662421667828,-0.12639126407499568,93367.17043250662,-0.06632829567493381
144,atr,3.0,3.0,0.5,2.0,140,1671,0.19285714285714287,0.8826782489658725,-0.2948906003787765,-0.09521282214627602,-0.22082485535639595,89162.4904469023,-0.10837509553097702
144,atr,3.0,3.0,0.5,3.0,204,1607,0.18627450980392157,0.8461349296028782,-0.3328136628271241,-0.15401514836237262,-0.2936332930295653,80871.61600797964,-0.1912838399202036
144,atr,3.0,3.0,0.5,4.0,268,1543,0.19029850746268656,0.8618378968539105,-0.21962659111137614,-0.17471418510846692,-0.3696043495405835,78013.74166112342,-0.21986258338876574
144,atr,3.0,3.0,0.5,5.0,326,1485,0.19325153374233128,0.8476112173765564,-0.20980333382374014,-0.2248657395258561,-0.4366964623051187,71224.01987710776,-0.2877598012289224
144,atr,3.0,3.0,0.5,6.0,388,1423,0.1958762886597938,0.840676902136769,-0.18850289560244896,-0.2809619913299469,-0.5195675409290053,63861.98739395169,-0.3613801260604831
144,atr,3.0,3.0,0.5,8.0,495,1316,0.19797979797979798,0.8148447934520184,-0.17100208586871907,-0.38509734206326385,-0.6178073515277387,50881.47729200533,-0.4911852270799467
144,atr,3.0,3.0,0.5,12.0,683,1128,0.20644216691068815,0.7965387165166704,-0.08929047684627048,-0.5491673650541078,-0.7713746048648387,33362.79960237711,-0.6663720039762289
144,atr,3.0,3.0,0.5,,1811,0,0.26339039204859194,0.6656837753403362,0.7129090556374899,-0.9272049269957394,-0.986867115169331,2361.035984959092,-0.9763896401504091
144,atr,3.0,3.0,1.0,1.0,63,1748,0.25396825396825395,0.9809012640703455,-0.1419630199519217,-0.027540479358515557,-0.13298425694403582,99009.7951678383,-0.009902048321617007
144,atr,3.0,3.0,1.0,2.0,119,1692,0.2605042016806723,1.023400556811288,0.10039667110849589,-0.005247570180590633,-0.2214543549918453,102323.32385150937,0.023233238515093735
144,atr,3.0,3.0,1.0,3.0,165,1646,0.2727272727272727,1.0544030972578124,0.26072003401799126,0.0314130982474079,-0.2932338738630893,107845.64968048426,0.07845649680484268
144,atr,3.0,3.0,1.0,4.0,213,1598,0.28169014084507044,1.0903322190366789,0.41125596255594055,0.08968504673823774,-0.3376695750977077,116806.91837777395,0.1680691837777395
144,atr,3.0,3.0,1.0,5.0,264,1547,0.2803030303030303,1.065053157862198,0.4091344419830771,0.07924524965411117,-0.40772782730651214,115185.12183514472,0.1518512183514471
144,atr,3.0,3.0,1.0,6.0,318,1493,0.27672955974842767,1.0239534220821247,0.3641595908063885,0.025662415194303678,-0.4935135796400859,106973.43908680722,0.06973439086807232
144,atr,3.0,3.0,1.0,8.0,408,1403,0.2769607843137255,0.9841025204715788,0.34631885391192146,-0.06094367240479681,-0.5917751712299988,94109.00467624723,-0.05890995323752768
144,atr,3.0,3.0,1.0,12.0,575,1236,0.27652173913043476,0.9174825858188648,0.27795169345059045,-0.32326208597225525,-0.7601418503694615,60182.46669212404,-0.39817533307875963
144,atr,3.0,3.0,1.0,,235,1576,0.01276595744680851,0.07447162388257172,0.39465711081191573,-1.0,-1.0120186803642113,-1275.3247645575732,-1.0127532476455758
144,atr,4.0,0.5,,1.0,178,1633,0.1348314606741573,0.458673855420065,-2.3263258215021403,-0.6824672645913987,-0.8204695402861463,20633.786462822463,-0.7936621353717754
144,atr,4.0,0.5,,2.0,299,1512,0.1705685618729097,0.5818824343992084,-1.9195625302853645,-0.7820434599935333,-0.8969920002100714,12402.837764954558,-0.8759716223504544
144,atr,4.0,0.5,,3.0,404,1407,0.1782178217821782,0.6091438498714351,-1.797482038125919,-0.8587586025642212,-0.9446130720883055,6841.2539120518895,-0.9315874608794811
144,atr,4.0,0.5,,4.0,497,1314,0.17706237424547283,0.6311224444007097,-1.7685254573993103,-0.914124673794968,-0.9731120903616632,3437.8168366867108,-0.9656218316331329
144,atr,4.0,0.5,,5.0,610,1201,0.17868852459016393,0.6268886768128723,-1.7651341492398236,-0.9498521139054192,-0.9877825235974571,1571.9997273343556,-0.9842800027266565
144,atr,4.0,0.5,,6.0,698,1113,0.18051575931232092,0.6298657470012754,-1.6604609107512018,-0.9668578105828611,-0.9932544696627642,878.9521029345907,-0.9912104789706541
144,atr,4.0,0.5,,8.0,878,933,0.18337129840546698,0.6259944702815213,-1.6021281776375271,-0.9870130498507712,-0.9982698648846222,234.6506119806343,-0.9976534938801936
144,atr,4.0,0.5,,12.0,1155,656,0.18614718614718614,0.6268965508394826,-1.497491692647369,-0.997474259461432,-0.999839577549673,24.33184160377046,-0.9997566815839622
144,atr,4.0,0.5,,,1811,0,0.2120375483158476,0.671655459279134,-0.9870974601740973,-0.9999830175444174,-0.9999998877646065,0.019258710111269634,-0.9999998074128988
144,atr,4.0,0.5,0.5,1.0,283,1528,0.09187279151943463,0.3954766767177018,-3.0166561081052774,-0.824007718384459,-0.9237647942992271,8756.713190838182,-0.9124328680916182
144,atr,4.0,0.5,0.5,2.0,449,1362,0.1091314031180401,0.4504437265951617,-2.63720301162199,-0.8979221088233049,-0.9654396977481168,4018.6959136471573,-0.9598130408635285
144,atr,4.0,0.5,0.5,3.0,601,1210,0.11480865224625623,0.4752879853578063,-2.5313707991030694,-0.9432267533628842,-0.9854369073221928,1775.197633254746,-0.9822480236674526
144,atr,4.0,0.5,0.5,4.0,722,1089,0.11772853185595568,0.49939772732223014,-2.3897393066274257,-0.9635545008825863,-0.9922563579466047,966.1381160765336,-0.9903386188392347
144,atr,4.0,0.5,0.5,5.0,839,972,0.12157330154946365,0.5102504337053623,-2.3040386199914136,-0.9772570052448852,-0.9962247834083032,495.0272771147428,-0.9950497272288525
144,atr,4.0,0.5,0.5,6.0,946,865,0.12473572938689217,0.5313832573342051,-2.1580614713875765,-0.9849773967264304,-0.9979265746750307,274.0241062634096,-0.997259758937366
144,atr,4.0,0.5,0.5,8.0,1137,674,0.1310466138962181,0.5610680984561521,-1.9822204109739374,-0.9931786130234851,-0.9993323043087494,90.65682292300951,-0.9990934317707699
144,atr,4.0,0.5,0.5,12.0,1397,414,0.14173228346456693,0.6065743878237162,-1.7021245317548062,-0.9972911139911721,-0.9998224092160127,26.536558715372433,-0.9997346344128463
144,atr,4.0,0.5,0.5,,1811,0,0.1518498067366096,0.6277910142004145,-1.4195887637408806,-0.9994868062961693,-0.9999841488228844,2.5542504107350306,-0.9999744574958926
144,atr,4.0,0.5,1.0,1.0,243,1568,0.1111111111111111,0.4330446078016215,-2.6406092317255037,-0.7598995974196451,-0.8803740328512543,13748.84610383116,-0.8625115389616884
144,atr,4.0,0.5,1.0,2.0,392,1419,0.125,0.48168316707229336,-2.381177701525088,-0.8657048656784294,-0.9485248495216145,5985.566195983943,-0.9401443380401606
144,atr,4.0,0.5,1.0,3.0,528,1283,0.13636363636363635,0.5141524379239832,-2.1939897678266846,-0.9144982257354665,-0.9736043387467005,3217.5525090530814,-0.9678244749094692
144,atr,4.0,0.5,1.0,4.0,637,1174,0.13657770800627944,0.537176204003889,-2.119838048109928,-0.948328249773969,-0.9871429987646433,1604.1081013648868,-0.9839589189863511
144,atr,4.0,0.5,1.0,5.0,732,1079,0.1407103825136612,0.5420615568664017,-1.96889096937537,-0.9646145883764154,-0.9928259395595651,940.7024787652924,-0.9905929752123471
144,atr,4.0,0.5,1.0,6.0,834,977,0.14268585131894485,0.5577209747348331,-1.8743864022966388,-0.9778332644567912,-0.99635180820916,482.14540592496945,-0.9951785459407503
144,atr,4.0,0.5,1.0,8.0,1017,794,0.14749262536873156,0.5646690860694348,-1.7808325650662244,-0.9905304924817284,-0.9989227069229764,145.98189465133268,-0.9985401810534866
144,atr,4.0,0.5,1.0,12.0,1287,524,0.1585081585081585,0.619243365121284,-1.5940938294062141,-0.9972496877897932,-0.9998184511698334,27.127991009777062,-0.9997287200899022
144,atr,4.0,0.5,1.0,,1811,0,0.17393705135284374,0.651262675178362,-1.2500333309684228,-0.9997596454928965,-0.9999947324939572,0.8488031756335134,-0.9999915119682437
144,atr,4.0,1.0,,1.0,122,1689,0.1721311475409836,0.6196663956548316,-1.3340187652554516,-0.3742784554056424,-0.5126431458756597,52657.26488333068,-0.4734273511666932
144,atr,4.0,1.0,,2.0,210,1601,0.19047619047619047,0.6625787886345879,-1.2496505728196494,-0.5151287949353549,-0.663496923123305,37755.62199936968,-0.6224437800063032
144,atr,4.0,1.0,,3.0,287,1524,0.1951219512195122,0.6771462219531968,-1.1775001744065454,-0.6197557121375246,-0.7635875520452057,27620.419162260387,-0.7237958083773961
144,atr,4.0,1.0,,4.0,356,1455,0.199438202247191,0.7163331873770733,-1.084529991821622,-0.689079786285312,-0.8235131761573015,21426.53917057251,-0.7857346082942749
144,atr,4.0,1.0,,5.0,429,1382,0.19813519813519814,0.7229944369367444,-1.0274322770756867,-0.7546559931361554,-0.874887480511543,15339.894838353057,-0.8466010516164695
144,atr,4.0,1.0,,6.0,504,1307,0.20238095238095238,0.7382989042646639,-0.9384048312187678,-0.805902313423464,-0.9109746666173505,11134.773850000318,-0.8886522614999968
144,atr,4.0,1.0,,8.0,644,1167,0.20186335403726707,0.7291870404274621,-0.8825499294171475,-0.8876289443530759,-0.9597498132988613,5358.724480901496,-0.946412755190985
144,atr,4.0,1.0,,12.0,890,921,0.20674157303370785,0.7014551957994235,-0.7773431626486059,-0.9593526535577457,-0.990808970963859,1411.5867945486546,-0.9858841320545134
144,atr,4.0,1.0,,,234,1577,0.14102564102564102,0.5280521115896296,-1.2016878739459833,-1.0,-1.05710972389898,-9975.222585657186,-1.099752225856572
144,atr,4.0,1.0,0.5,1.0,177,1634,0.1016949152542373,0.42097456379189335,-2.207569947183387,-0.5460985170885759,-0.6942567752913296,33034.52456556736,-0.6696547543443264
144,atr,4.0,1.0,0.5,2.0,309,1502,0.11003236245954692,0.4474175289421524,-2.026681076423964,-0.7033778353981002,-0.8351769906452925,18186.581253974422,-0.8181341874602558
144,atr,4.0,1.0,0.5,3.0,431,1380,0.1136890951276102,0.4596043561350454,-1.9141627020834182,-0.7928209989584292,-0.9021292661711551,11134.425473442225,-0.8886557452655778
144,atr,4.0,1.0,0.5,4.0,536,1275,0.11940298507462686,0.5019221143186327,-1.7454503105137342,-0.8420260380957341,-0.9339884185121143,7811.879381304683,-0.9218812061869531
144,atr,4.0,1.0,0.5,5.0,632,1179,0.12183544303797468,0.500534489822694,-1.6697985342201178,-0.8832649103300196,-0.957459715562244,5168.57486822934,-0.9483142513177066
144,atr,4.0,1.0,0.5,6.0,719,1092,0.12795549374130738,0.5290230323350614,-1.5028045629274216,-0.9051703423709639,-0.9685433481934553,3936.367698169599,-0.960636323018304
144,atr,4.0,1.0,0.5,8.0,889,922,0.12935883014623173,0.5287792604524368,-1.3937619881925243,-0.9459413714299246,-0.986093540542856,1855.5153540449276,-0.9814448464595508
144,atr,4.0,1.0,0.5,12.0,1131,680,0.138815207780725,0.5543300033449152,-1.1422113839022814,-0.9743406800004222,-0.9952880874325731,715.5807025764271,-0.9928441929742358
144,atr,4.0,1.0,0.5,,1811,0,0.1695196024295969,0.5235299640714989,-0.35277707547628506,-0.9966187787768358,-0.9997517708274675,40.85763717376196,-0.9995914236282624
144,atr,4.0,1.0,1.0,1.0,137,1674,0.13138686131386862,0.5124932910273483,-1.646393148062319,-0.43801067812441885,-0.5830450975404246,45050.57137785855,-0.5494942862214145
144,atr,4.0,1.0,1.0,2.0,253,1558,0.1422924901185771,0.5445344457255642,-1.5956353885662513,-0.6114847196448577,-0.7560822366013397,27367.556217579757,-0.7263244378242024
144,atr,4.0,1.0,1.0,3.0,345,1466,0.14492753623188406,0.5661746596568638,-1.5143576038847542,-0.7054974500873331,-0.836884834878947,19056.988205740694,-0.8094301179425931
144,atr,4.0,1.0,1.0,4.0,437,1374,0.15331807780320367,0.6128345626218822,-1.321764338393476,-0.7639593721845275,-0.8817183994821891,14360.082477951706,-0.8563991752204829
144,atr,4.0,1.0,1.0,5.0,524,1287,0.15267175572519084,0.6078637063485991,-1.3027777198212296,-0.8243991891466684,-0.9230260132414039,9437.687507160987,-0.9056231249283901
144,atr,4.0,1.0,1.0,6.0,605,1206,0.15867768595041323,0.6364229563351673,-1.1663208043329236,-0.8575299028066057,-0.943184906084212,7106.103375088543,-0.9289389662491145
144,atr,4.0,1.0,1.0,8.0,766,1045,0.15535248041775457,0.6176906429511484,-1.1319259843592546,-0.922719171611045,-0.9766312278539343,3111.210696177689,-0.9688878930382231
144,atr,4.0,1.0,1.0,12.0,1011,800,0.1671612265084075,0.6332656208269831,-0.8905195019120166,-0.9635472461085988,-0.9921537196042955,1205.056120413759,-0.9879494387958624
144,atr,4.0,1.0,1.0,,1811,0,0.20320265046935396,0.5416402678681648,-0.14678660098251617,-0.9988210167282141,-0.9999462606066858,9.386534784781972,-0.9999061346521522
144,atr,4.0,1.5,,1.0,91,1720,0.18681318681318682,0.6746027042437657,-1.1636079168766251,-0.2470339977559196,-0.36295215824386595,68833.84975313304,-0.31166150246866964
144,atr,4.0,1.5,,2.0,166,1645,0.19879518072289157,0.7497522626118676,-0.8690095230730694,-0.34356861037459907,-0.47776276607719725,58727.74915997707,-0.4127225084002293
144,atr,4.0,1.5,,3.0,231,1580,0.20346320346320346,0.7565791070975595,-0.8355248543245061,-0.44126191002105275,-0.5867349561652921,48571.89515774228,-0.5142810484225773
144,atr,4.0,1.5,,4.0,292,1519,0.2054794520547945,0.7580503508418786,-0.7540715234245574,-0.5180345346216694,-0.6665759569540439,39188.01723858408,-0.6081198276141593
144,atr,4.0,1.5,,5.0,351,1460,0.2022792022792023,0.745877215256642,-0.7903293569086476,-0.6073810481962157,-0.7524458886506147,29095.546603113307,-0.7090445339688669
144,atr,4.0,1.5,,6.0,414,1397,0.2028985507246377,0.7600590893994831,-0.7587377980931109,-0.6725520170914843,-0.8098131467513594,23231.655403653596,-0.767683445963464
144,atr,4.0,1.5,,8.0,525,1286,0.21333333333333335,0.7845919171253337,-0.5452625220070871,-0.7341160168208932,-0.8594559618447085,17402.977503183833,-0.8259702249681616
144,atr,4.0,1.5,,12.0,723,1088,0.22268326417704012,0.769186638288006,-0.3804790652188621,-0.8619695356431998,-0.9457631385579428,7167.6552085738695,-0.9283234479142612
144,atr,4.0,1.5,,,233,1578,0.060085836909871244,0.31477922899366023,-1.3248417772975063,-1.0,-1.1124126858820242,-16334.684204745801,-1.163346842047458
144,atr,4.0,1.5,0.5,1.0,130,1681,0.1,0.45724906741283144,-1.9348837230297633,-0.38288513107947464,-0.5225695225644242,51558.794606172625,-0.4844120539382738
144,atr,4.0,1.5,0.5,2.0,231,1580,0.11688311688311688,0.5610828465760861,-1.4870092432025666,-0.48525885892291776,-0.6331439067328439,40583.486708553144,-0.5941651329144686
144,atr,4.0,1.5,0.5,3.0,321,1490,0.11838006230529595,0.5522760713821402,-1.3272021657730755,-0.5752096193255559,-0.7224466132756704,30582.94839331307,-0.6941705160668693
144,atr,4.0,1.5,0.5,4.0,407,1404,0.12039312039312039,0.5405411839737952,-1.2444655599170606,-0.6471469932703973,-0.7880114337149725,23358.51656930663,-0.7664148343069337
144,atr,4.0,1.5,0.5,5.0,496,1315,0.11895161290322581,0.5078624920037103,-1.2797167819058577,-0.7326049311287213,-0.8582943868931849,15614.20490607411,-0.8438579509392589
144,atr,4.0,1.5,0.5,6.0,580,1231,0.12241379310344827,0.5226910467370354,-1.2255209420889217,-0.7842023559319398,-0.8962087689392466,11915.990865243555,-0.8808400913475645
144,atr,4.0,1.5,0.5,8.0,731,1080,0.12585499316005472,0.49623624722767784,-1.1268902073965696,-0.8629367587548645,-0.9463142469558874,6321.123252848549,-0.9367887674715145
144,atr,4.0,1.5,0.5,12.0,954,857,0.13941299790356393,0.5080210329577098,-0.7806315596724656,-0.9185086907139729,-0.9747711567230896,3183.15037511092,-0.9681684962488908
144,atr,4.0,1.5,0.5,,1811,0,0.18995030369961347,0.3665474330391964,0.22584202241331727,-0.9894009123243839,-0.9988932188201083,176.0359046761024,-0.998239640953239
144,atr,4.0,1.5,1.0,1.0,105,1706,0.14285714285714285,0.5738462707350059,-1.5078550806369944,-0.3086581777477181,-0.436944153408247,60805.671439662554,-0.39194328560337444
144,atr,4.0,1.5,1.0,2.0,191,1620,0.15706806282722513,0.67519600819773,-1.1234320638752708,-0.4002250712725661,-0.5419287872167654,51512.01318923362,-0.4848798681076638
144,atr,4.0,1.5,1.0,3.0,268,1543,0.16044776119402984,0.704261135746837,-0.9783264435392164,-0.47975405021286255,-0.6274320557962931,43788.68088401869,-0.5621131911598131
144,atr,4.0,1.5,1.0,4.0,342,1469,0.1608187134502924,0.6877794557943636,-0.9355184746082547,-0.5708791264333153,-0.7183276477329986,33105.53400838694,-0.6689446599161306
144,atr,4.0,1.5,1.0,5.0,418,1393,0.15789473684210525,0.6628164256275265,-0.9738759043997047,-0.6645231030797736,-0.8030028365202204,23153.483977559823,-0.7684651602244018
144,atr,4.0,1.5,1.0,6.0,484,1327,0.16322314049586778,0.6881990821915928,-0.8795610254415677,-0.7078698358277442,-0.8388642519789989,19683.012297069017,-0.8031698770293099
144,atr,4.0,1.5,1.0,8.0,611,1200,0.1702127659574468,0.6930307458065741,-0.7233674641865729,-0.7836405879261021,-0.8958161176425941,12900.652241519687,-0.8709934775848032
144,atr,4.0,1.5,1.0,12.0,823,988,0.1822600243013366,0.7063362897390562,-0.44573646526290034,-0.8744193930924518,-0.9527207185325786,6248.178435428637,-0.9375182156457136
144,atr,4.0,1.5,1.0,,1811,0,0.2308117062396466,0.39621489490856593,0.36477273177721603,-0.9966950423473064,-0.9997599717501668,34.87849819153983,-0.9996512150180846
144,atr,4.0,2.0,,1.0,72,1739,0.2222222222222222,0.8813596532860047,-0.4012558945709788,-0.08701010588283231,-0.1875279453837243,91311.54784430188,-0.08688452155698123
144,atr,4.0,2.0,,2.0,136,1675,0.22794117647058823,0.9070986450157321,-0.19747713528126215,-0.11761801417016171,-0.31864992100583633,86899.42554416803,-0.1310057445583197
144,atr,4.0,2.0,,3.0,187,1624,0.24598930481283424,0.9576192772852862,-0.020663767613709746,-0.1081594487582288,-0.3663497547303184,91609.88484046962,-0.08390115159530387
144,atr,4.0,2.0,,4.0,239,1572,0.24686192468619247,0.9500250100768379,0.041590557687678435,-0.13847714614121498,-0.4414596425108066,87121.82727443271,-0.12878172725567294
144,atr,4.0,2.0,,5.0,292,1519,0.25,0.9461996626358039,0.10402961752594021,-0.16970427583667858,-0.5266389468850959,82573.27270437202,-0.17426727295627975
144,atr,4.0,2.0,,6.0,343,1468,0.25072886297376096,0.9345917276856153,0.1285693739713304,-0.22377217561847218,-0.5958028831990415,74880.14162636889,-0.2511985837363111
144,atr,4.0,2.0,,8.0,450,1361,0.2511111111111111,0.9181220205041873,0.1465847933088738,-0.35468633544798267,-0.7130510532024742,59421.21578926608,-0.4057878421073392
144,atr,4.0,2.0,,12.0,631,1180,0.2519809825673534,0.8813148869784204,0.17958497658213252,-0.590781693069434,-0.8505569718867929,31820.505696416334,-0.6817949430358367
144,atr,4.0,2.0,,,234,1577,0.021367521367521368,0.13220446639361966,-1.2721313329868627,-1.0,-1.138450601952774,-16128.389885185823,-1.1612838988518583
144,atr,4.0,2.0,0.5,1.0,104,1707,0.11538461538461539,0.590470333481328,-1.3214328139903142,-0.2279581494199111,-0.31322939132709937,71574.09690025004,-0.2842590309974996
144,atr,4.0,2.0,0.5,2.0,199,1612,0.135678391959799,0.7259023499507088,-0.8451281754702263,-0.29319934867866293,-0.39588203928829624,65319.720916740545,-0.3468027908325946
144,atr,4.0,2.0,0.5,3.0,283,1528,0.13780918727915195,0.728399865146715,-0.8006428581259301,-0.38748980535436495,-0.5093097336167685,54951.828682645195,-0.450481713173548
144,atr,4.0,2.0,0.5,4.0,359,1452,0.14206128133704735,0.7294765110021777,-0.6557977847380682,-0.44087265417592636,-0.5701772501234891,48135.34674166636,-0.5186465325833364
144,atr,4.0,2.0,0.5,5.0,429,1382,0.14685314685314685,0.7454921494857191,-0.5123804658239448,-0.4758086123040005,-0.6126429001586693,43829.564252788754,-0.5617043574721124
144,atr,4.0,2.0,0.5,6.0,501,1310,0.1497005988023952,0.7430205176728849,-0.4237965157586786,-0.5233363210686464,-0.671790893381714,38178.251307463164,-0.6182174869253684
144,atr,4.0,2.0,0.5,8.0,628,1183,0.15286624203821655,0.721955100273036,-0.3684401782028831,-0.6418315843247446,-0.7749055082619063,25208.06870405352,-0.7479193129594648
144,atr,4.0,2.0,0.5,12.0,854,957,0.15456674473067916,0.6592402956637724,-0.28770129023167856,-0.7988523065669163,-0.9026270034919002,10904.687924357331,-0.8909531207564267
144,atr,4.0,2.0,0.5,,1811,0,0.21038100496963003,0.44491944460320015,0.643225016091483,-0.9612775666690409,-0.995447377061713,996.2275360054165,-0.9900377246399459
144,atr,4.0,2.0,1.0,1.0,82,1729,0.17073170731707318,0.7455199020733813,-0.8285489529363554,-0.15376791269048007,-0.2153298807235332,81777.02196713226,-0.18222978032867743
144,atr,4.0,2.0,1.0,2.0,154,1657,0.19480519480519481,0.8774360025779129,-0.28687558421863707,-0.1427701578607261,-0.32572746138490816,83325.11892457366,-0.1667488107542634
144,atr,4.0,2.0,1.0,3.0,218,1593,0.19724770642201836,0.8926160637929254,-0.23149553180459828,-0.1926126433810832,-0.42815724689013857,79285.14489894366,-0.2071485510105634
144,atr,4.0,2.0,1.0,4.0,284,1527,0.1936619718309859,0.8805166954087286,-0.18212022380852663,-0.24884683388033046,-0.5187655080031597,71392.84388658646,-0.28607156113413545
144,atr,4.0,2.0,1.0,5.0,340,1471,0.2,0.8917111346017108,-0.06877548987838845,-0.26851547513429275,-0.5780812270541145,68693.93177065496,-0.3130606822934504
144,atr,4.0,2.0,1.0,6.0,401,1410,0.19950124688279303,0.8718892932919283,-0.06167020833972977,-0.3435899112577405,-0.6387170701839703,58696.614151715454,-0.41303385848284546
144,atr,4.0,2.0,1.0,8.0,517,1294,0.20309477756286268,0.8558818311766102,-0.0308784733614069,-0.4756805882883556,-0.7427963856707513,43951.448286357336,-0.5604855171364267
144,atr,4.0,2.0,1.0,12.0,716,1095,0.20949720670391062,0.8406407540370273,0.08832121314865195,-0.6532832959195208,-0.8697761896454407,25012.9132584949,-0.7498708674150509
144,atr,4.0,2.0,1.0,,1811,0,0.2606294864715627,0.34633154098343943,0.7973130859507888,-0.9881312834885972,-0.9984030155248415,186.03594273090528,-0.998139640572691
144,atr,4.0,3.0,,1.0,53,1758,0.2830188679245283,1.3359111459128,0.7349458414618951,0.10909092170059798,-0.1087176247211864,116227.64354611693,0.1622764354611692
144,atr,4.0,3.0,,2.0,98,1713,0.30612244897959184,1.4285124023561961,0.9593190969933292,0.26515199608528706,-0.18236292415032263,140718.15075572854,0.4071815075572853
144,atr,4.0,3.0,,3.0,139,1672,0.31654676258992803,1.4570288402903009,1.0551592709965838,0.4106627122754418,-0.23859122419061363,164823.5980704316,0.6482359807043159
144,atr,4.0,3.0,,4.0,182,1629,0.3076923076923077,1.3364525700586705,0.9420517404238448,0.4265545166253306,-0.29639582463183134,167527.26342571364,0.6752726342571365
144,atr,4.0,3.0,,5.0,226,1585,0.3008849557522124,1.2507068344470347,0.8532223100218402,0.41259986266340665,-0.3594155279805412,165152.43071655152,0.6515243071655152
144,atr,4.0,3.0,,6.0,268,1543,0.30223880597014924,1.2093849236291305,0.8216134315892966,0.41526084612389935,-0.40899629827002315,165604.467185688,0.65604467185688
144,atr,4.0,3.0,,8.0,353,1458,0.29745042492917845,1.142252932793347,0.7932810347296975,0.39460622000053314,-0.4940794136910446,162105.87295670997,0.6210587295670997
144,atr,4.0,3.0,,12.0,520,1291,0.2903846153846154,1.0251550735172297,0.6921103127912751,0.10248722644489394,-0.6773669307883804,115223.89732712241,0.15223897327122415
144,atr,4.0,3.0,,,231,1580,0.0,0.0,-0.966499229903631,-1.0,-1.1538217133940494,-15382.17133940493,-1.1538217133940494
144,atr,4.0,3.0,0.5,1.0,72,1739,0.18055555555555555,1.0594407143775133,0.2104715419608977,0.0209461425266384,-0.11694451733597833,103056.53646063407,0.030565364606340628
144,atr,4.0,3.0,0.5,2.0,137,1674,0.1897810218978102,1.092047674515027,0.35831517564691623,0.06365926807430644,-0.20868800211890637,109377.37140466558,0.09377371404665591
144,atr,4.0,3.0,0.5,3.0,201,1610,0.18407960199004975,1.0575918288630597,0.3278653885050688,0.055780174758231826,-0.2766049927904294,108202.60240680225,0.08202602406802262
144,atr,4.0,3.0,0.5,4.0,265,1546,0.18490566037735848,1.0634340980463035,0.39965658482110067,0.08215116883787554,-0.34887684582685474,112149.96453683359,0.1214996453683359
144,atr,4.0,3.0,0.5,5.0,323,1488,0.18575851393188855,1.0296076976816992,0.37214166753981104,0.0477841861660977,-0.42399148228092287,107014.45241445405,0.07014452414454042
144,atr,4.0,3.0,0.5,6.0,381,1430,0.18635170603674542,0.9975965187217372,0.3438837457094631,-0.004660433064755165,-0.49243669101298415,99323.84170885781,-0.006761582911421815
144,atr,4.0,3.0,0.5,8.0,488,1323,0.1864754098360656,0.9581765941770831,0.32180436234951365,-0.10161235073630281,-0.5970278045353706,85587.76192591246,-0.14412238074087536
144,atr,4.0,3.0,0.5,12.0,674,1137,0.19584569732937684,0.929874041026797,0.40140374538548235,-0.24089888524878889,-0.7548209834073617,67011.51883407465,-0.32988481165925343
144,atr,4.0,3.0,0.5,,1811,0,0.25400331308669244,0.8663960166616178,1.0392067954628774,-0.8052022964286663,-0.9860121701475898,9294.051838024618,-0.9070594816197538
144,atr,4.0,3.0,1.0,1.0,61,1750,0.2459016393442623,1.1971810627817843,0.5190349422338218,0.07242013457827579,-0.12360880337245694,110688.24163076638,0.10688241630766382
144,atr,4.0,3.0,1.0,2.0,116,1695,0.25,1.223392385926888,0.6626235091579058,0.16070989596397967,-0.20631286100575785,124166.2172350785,0.24166217235078502
144,atr,4.0,3.0,1.0,3.0,162,1649,0.2654320987654321,1.268028176895088,0.8305895549883814,0.2910523146971462,-0.27360791098848647,144921.46677584838,0.44921466775848384
144,atr,4.0,3.0,1.0,4.0,212,1599,0.2641509433962264,1.2415396372120848,0.8401699878803291,0.36344311042406163,-0.34891022179242726,156871.5710107917,0.568715710107917
144,atr,4.0,3.0,1.0,5.0,263,1548,0.2585551330798479,1.1850795746941278,0.7779701617265842,0.35662549747827166,-0.4288023649718663,155733.60789021404,0.5573360789021404
144,atr,4.0,3.0,1.0,6.0,310,1501,0.26129032258064516,1.1624317711688852,0.7781254317959586,0.37630439352531186,-0.468593622672439,159025.3251357333,0.5902532513573329
144,atr,4.0,3.0,1.0,8.0,401,1410,0.256857855361596,1.09626987698255,0.7225570465457468,0.30189501737447033,-0.576526246090674,146692.51313678274,0.4669251313678273
144,atr,4.0,3.0,1.0,12.0,567,1244,0.26278659611992944,1.0318879351139785,0.7384269374711623,0.161382309153298,-0.7428645547165762,124270.70211051946,0.2427070211051945
144,atr,4.0,3.0,1.0,,234,1577,0.0,0.0,-0.3112993638942048,-1.0,-1.0170011541757253,-1700.1154175725455,-1.0170011541757256
144,atr,5.0,0.5,,1.0,166,1645,0.12048192771084337,0.43597247519436366,-2.069761110338951,-0.649852685143304,-0.7929549689968834,22998.748050169947,-0.7700125194983005
144,atr,5.0,0.5,,2.0,293,1518,0.13993174061433447,0.5063996248762105,-2.0309516586769703,-0.798370597594507,-0.9071175749110195,10806.567011198595,-0.891934329888014
144,atr,5.0,0.5,,3.0,380,1431,0.15,0.554485875068647,-1.8295535264136273,-0.8588613771932707,-0.9446715969288298,6745.600141156227,-0.9325439985884377
144,atr,5.0,0.5,,4.0,479,1332,0.1524008350730689,0.5910894081073815,-1.752879543545269,-0.9130941118747149,-0.9726421767979164,3501.232201720437,-0.9649876779827956
144,atr,5.0,0.5,,5.0,581,1230,0.15834767641996558,0.6062152359344968,-1.615699013406426,-0.9417229778053136,-0.9846884859323604,1957.2707501299762,-0.9804272924987002
144,atr,5.0,0.5,,6.0,670,1141,0.16119402985074627,0.6029427365500543,-1.5104015705650289,-0.9611693329193471,-0.991509550250891,1108.2862553499835,-0.9889171374465001
144,atr,5.0,0.5,,8.0,858,953,0.1655011655011655,0.6043837524554657,-1.3534820791843998,-0.9845147694164194,-0.9977661336810074,310.2905660557957,-0.9968970943394421
144,atr,5.0,0.5,,12.0,1120,691,0.1705357142857143,0.6315744951890767,-1.1746010584930695,-0.9964621262344914,-0.999738286380571,42.44202882234263,-0.9995755797117766
144,atr,5.0,0.5,,,1811,0,0.2015461071231364,0.6690942511543144,-0.4450625840084452,-0.9999885197619208,-0.9999999364445139,0.012152408595510767,-0.9999998784759141
144,atr,5.0,0.5,0.5,1.0,264,1547,0.07954545454545454,0.3566021233785267,-2.673864361553237,-0.8004269474837914,-0.9084902013432823,10164.990645904221,-0.8983500935409577
144,atr,5.0,0.5,0.5,2.0,425,1386,0.09411764705882353,0.39667395854830595,-2.350640752408043,-0.8866049686828579,-0.9597378800009833,4526.790404318026,-0.9547320959568197
144,atr,5.0,0.5,0.5,3.0,570,1241,0.1,0.43968176975986123,-2.329516783580767,-0.9360254731662404,-0.9824671023282093,2044.630966280111,-0.9795536903371989
144,atr,5.0,0.5,0.5,4.0,701,1110,0.10271041369472182,0.4527319151446719,-2.21195111493619,-0.9613722616299193,-0.9915739176148467,1033.6842090433913,-0.989663157909566
144,atr,5.0,0.5,0.5,5.0,811,1000,0.10727496917385944,0.4874211578182228,-2.066566467754891,-0.9744458675085937,-0.9953760496114638,586.3811406187558,-0.9941361885938125
144,atr,5.0,0.5,0.5,6.0,913,898,0.11062431544359255,0.5080892469373116,-1.8883004744864713,-0.9820997850261315,-0.9972427835224953,356.41323550284466,-0.9964358676449716
144,atr,5.0,0.5,0.5,8.0,1101,710,0.11807447774750227,0.5624081490532541,-1.6596886091726624,-0.9910597783368185,-0.9989940797695235,138.84226853334698,-0.9986115773146665
144,atr,5.0,0.5,0.5,12.0,1347,464,0.13140311804008908,0.6170136768667492,-1.2249094823656157,-0.9958257318864645,-0.9996672159694087,53.545766114179614,-0.9994645423388582
144,atr,5.0,0.5,0.5,,1811,0,0.14025400331308668,0.6190375197638267,-0.8873628567192801,-0.9994034732793807,-0.9999802770190522,3.518617158830591,-0.9999648138284117
144,atr,5.0,0.5,1.0,1.0,229,1582,0.09170305676855896,0.3935229496423196,-2.3745052577067884,-0.7395533278170416,-0.8652938569270615,14963.27939064629,-0.8503672060935371
144,atr,5.0,0.5,1.0,2.0,380,1431,0.10526315789473684,0.4218951091156239,-2.2337266028664198,-0.8611893739615236,-0.9459920924134175,6072.2703579991985,-0.939277296420008
144,atr,5.0,0.5,1.0,3.0,504,1307,0.11507936507936507,0.45063833577275386,-2.0747123895029023,-0.9121649857535961,-0.9722163485416608,3240.041389134045,-0.9675995861086596
144,atr,5.0,0.5,1.0,4.0,611,1200,0.11783960720130933,0.4803521743297083,-1.9425915686161535,-0.9441332590264017,-0.985599564060032,1766.59834951461,-0.9823340165048539
144,atr,5.0,0.5,1.0,5.0,708,1103,0.1228813559322034,0.520224361831615,-1.76339983599248,-0.9599836750128916,-0.9911304373786501,1124.7837475918507,-0.9887521625240815
144,atr,5.0,0.5,1.0,6.0,804,1007,0.1256218905472637,0.5303355318366649,-1.6566172831614399,-0.9731022220499523,-0.9950187735650234,643.9012115831456,-0.9935609878841686
144,atr,5.0,0.5,1.0,8.0,996,815,0.12951807228915663,0.5383640284053376,-1.5593773263451893,-0.9894662938573452,-0.9987234998593262,176.18909526288093,-0.9982381090473712
144,atr,5.0,0.5,1.0,12.0,1251,560,0.14308553157474022,0.6057405547004173,-1.1866637901191197,-0.9962084099828178,-0.9997105906579027,46.566672432166364,-0.9995343332756783
144,atr,5.0,0.5,1.0,,1811,0,0.15847598012147984,0.6113311798290014,-0.7413969794942302,-0.9997723143587881,-0.9999951308860202,0.8686591566863977,-0.9999913134084332
144,atr,5.0,1.0,,1.0,118,1693,0.16101694915254236,0.7013768300172327,-1.0129492185341966,-0.3175593260408185,-0.45350510117394827,60288.703561762464,-0.3971129643823753
144,atr,5.0,1.0,,2.0,200,1611,0.17,0.7234116601857731,-0.9658299882817659,-0.4701275495152134,-0.6215758933183635,43869.95106534922,-0.5613004893465079
144,atr,5.0,1.0,,3.0,268,1543,0.17537313432835822,0.7458722724506467,-0.8789843459350798,-0.5613139359521649,-0.7123541338194224,35273.82244421895,-0.6472617755578105
144,atr,5.0,1.0,,4.0,334,1477,0.17365269461077845,0.7375757392904798,-0.8826047375329683,-0.6563103510039199,-0.7981986454625843,24746.766722129683,-0.7525323327787031
144,atr,5.0,1.0,,5.0,406,1405,0.1748768472906404,0.7408531085788922,-0.8609330263692375,-0.7346657302459787,-0.8614152262679902,17280.260630648885,-0.8271973936935111
144,atr,5.0,1.0,,6.0,473,1338,0.17547568710359407,0.7369903156903954,-0.8165950475524401,-0.794264263589451,-0.9042252061324213,11800.109802768946,-0.8819989019723106
144,atr,5.0,1.0,,8.0,605,1206,0.17851239669421487,0.7259432249961181,-0.6991660093954993,-0.8703414317242821,-0.9510180038543434,6215.042268066191,-0.937849577319338
144,atr,5.0,1.0,,12.0,842,969,0.18646080760095013,0.6798401507190517,-0.44546432020333154,-0.9468210095133538,-0.9865761755864016,1851.9809734218804,-0.9814801902657811
144,atr,5.0,1.0,,,231,1580,0.06060606060606061,0.3589000365401975,-1.361100273737756,-1.0,-1.103497753491464,-15485.56240563013,-1.1548556240563013
144,atr,5.0,1.0,0.5,1.0,167,1644,0.09580838323353294,0.4826479657405067,-1.7847370333749637,-0.4957147636623851,-0.6478240128138446,38851.65943661507,-0.6114834056338494
144,atr,5.0,1.0,0.5,2.0,294,1517,0.09863945578231292,0.5070928257444979,-1.640610581568635,-0.6574141804997022,-0.7991392874656257,22796.153690044717,-0.7720384630995528
144,atr,5.0,1.0,0.5,3.0,399,1412,0.10025062656641603,0.49860812363638857,-1.4957504968003208,-0.7397895295907669,-0.8652850122887443,15210.938959775987,-0.8478906104022401
144,atr,5.0,1.0,0.5,4.0,500,1311,0.1,0.4826243776138891,-1.4347679911911844,-0.8124989308624159,-0.9163026749694099,9450.432529939404,-0.905495674700606
144,atr,5.0,1.0,0.5,5.0,600,1211,0.1,0.4482314791504204,-1.442820175057154,-0.8701588065642538,-0.9509177699339499,5474.060480583394,-0.945259395194166
144,atr,5.0,1.0,0.5,6.0,684,1127,0.10526315789473684,0.4627386203074009,-1.307751044268519,-0.8946593939086022,-0.9637737097761317,4177.501085429507,-0.958224989145705
144,atr,5.0,1.0,0.5,8.0,841,970,0.10939357907253269,0.4438135199472543,-1.1236234048795464,-0.9354300049695574,-0.9822049825552162,2119.0217158966075,-0.9788097828410339
144,atr,5.0,1.0,0.5,12.0,1083,728,0.12003693444136658,0.4433485090142873,-0.78451535805645,-0.9680727306709618,-0.9936017656690213,834.5296602777037,-0.991654703397223
144,atr,5.0,1.0,0.5,,1811,0,0.15737161789066814,0.3635724506223151,0.06262038524739068,-0.9959259669110635,-0.9996783139196324,43.82349367248153,-0.9995617650632752
144,atr,5.0,1.0,1.0,1.0,134,1677,0.11940298507462686,0.574511274381125,-1.4205471902632631,-0.4051430352850165,-0.5523401220030156,49385.33504892868,-0.5061466495107132
144,atr,5.0,1.0,1.0,2.0,246,1565,0.12195121951219512,0.5960824279957675,-1.3601829681425246,-0.5812027410589529,-0.7310988560668457,31173.172685027464,-0.6882682731497254
144,atr,5.0,1.0,1.0,3.0,329,1482,0.1276595744680851,0.6426063188672408,-1.162494467119743,-0.6516001388354484,-0.7941694393104809,25240.865609374716,-0.7475913439062528
144,atr,5.0,1.0,1.0,4.0,417,1394,0.12709832134292565,0.6294820805780469,-1.1413030160436803,-0.7417304299552943,-0.8667419486920251,16341.346752222222,-0.8365865324777778
144,atr,5.0,1.0,1.0,5.0,502,1309,0.1294820717131474,0.629131211211281,-1.0961595296767448,-0.8013847416569595,-0.909001554884137,11346.678327207199,-0.8865332167279281
144,atr,5.0,1.0,1.0,6.0,575,1236,0.13217391304347825,0.6317942923271639,-0.9986984567690514,-0.8427334295227338,-0.9351668505116565,7987.887542515125,-0.9201211245748487
144,atr,5.0,1.0,1.0,8.0,729,1082,0.13305898491083676,0.6030999883587651,-0.8861032932849321,-0.9052056772756368,-0.9689196980452992,3943.5998030442656,-0.9605640019695574
144,atr,5.0,1.0,1.0,12.0,965,846,0.14818652849740932,0.5986772370010417,-0.5006363501669304,-0.949127824993628,-0.9874135364836076,1736.4567828684042,-0.982635432171316
144,atr,5.0,1.0,1.0,,1811,0,0.19105466593042517,0.410326018123304,0.2638549519111524,-0.9984191442014368,-0.9999186586166163,12.170477387716566,-0.9998782952261228
144,atr,5.0,1.5,,1.0,85,1726,0.17647058823529413,0.7599234964632084,-0.7908799554308947,-0.19273323976493684,-0.281990216941268,77037.53951013696,-0.22962460489863035
144,atr,5.0,1.5,,2.0,157,1654,0.1910828025477707,0.8469102861039911,-0.3778506212507682,-0.21971827085112727,-0.39968127638042994,73325.84555044824,-0.26674154449551757
144,atr,5.0,1.5,,3.0,219,1592,0.1963470319634703,0.8503082858503735,-0.28465010462259593,-0.2747825971941207,-0.4688128406494081,65931.92191045449,-0.34068078089545506
144,atr,5.0,1.5,,4.0,280,1531,0.19642857142857142,0.8336933570728945,-0.2756399548361812,-0.3665296734086838,-0.5598958391748281,54172.6473344777,-0.45827352665522303
144,atr,5.0,1.5,,5.0,338,1473,0.1952662721893491,0.8230502624111093,-0.26226907108553255,-0.45097725824468426,-0.6375525171670495,44008.34138481917,-0.5599165861518083
144,atr,5.0,1.5,,6.0,399,1412,0.19548872180451127,0.8221547833657945,-0.21778468994533465,-0.5232363222099601,-0.7208936318810661,35852.76695882865,-0.6414723304117135
144,atr,5.0,1.5,,8.0,506,1305,0.2075098814229249,0.8555504506734931,0.00497209121611692,-0.5613258210519122,-0.7892705780618003,32642.550396397244,-0.6735744960360275
144,atr,5.0,1.5,,12.0,696,1115,0.21551724137931033,0.8367879096539812,0.16708281571963404,-0.7277193156636521,-0.9005551208020803,16328.99034428523,-0.8367100965571477
144,atr,5.0,1.5,,,231,1580,0.012987012987012988,0.09603338647192895,-1.417240817129661,-1.0,-1.0843768865951886,-9114.93588435215,-1.0911493588435215
144,atr,5.0,1.5,0.5,1.0,128,1683,0.09375,0.5315669185969634,-1.5410286767652333,-0.34330930082372957,-0.45707680062906597,57080.45665200366,-0.42919543347996336
144,atr,5.0,1.5,0.5,2.0,227,1584,0.1145374449339207,0.6719329293871671,-1.0186475026085866,-0.40390926357106305,-0.5282977260249107,51397.08073571205,-0.48602919264287947
144,atr,5.0,1.5,0.5,3.0,314,1497,0.1178343949044586,0.6683878721387522,-0.8556291490613612,-0.47745147721039805,-0.6104058040897062,42284.416033704336,-0.5771558396629566
144,atr,5.0,1.5,0.5,4.0,399,1412,0.12030075187969924,0.6627069000068939,-0.70834885510287,-0.537823032398173,-0.6740327581239337,35378.69561080528,-0.6462130438919472
144,atr,5.0,1.5,0.5,5.0,483,1328,0.12008281573498965,0.633487611686628,-0.6739875264776425,-0.6160204420171458,-0.750966937899503,27028.681932493128,-0.7297131806750687
144,atr,5.0,1.5,0.5,6.0,571,1240,0.1190893169877408,0.6075250288173247,-0.6652305208664161,-0.694115567537825,-0.8210081198166714,19426.796414773926,-0.8057320358522607
144,atr,5.0,1.5,0.5,8.0,717,1094,0.1199442119944212,0.5563211848344685,-0.5694785025847111,-0.7935809610210244,-0.898898967265914,10857.295536013362,-0.8914270446398664
144,atr,5.0,1.5,0.5,12.0,935,876,0.13155080213903744,0.5437466812100574,-0.27515973436067387,-0.8672447937545164,-0.9467478934760217,5718.773021506115,-0.9428122697849388
144,atr,5.0,1.5,0.5,,1811,0,0.18332413031474323,0.26906658199424605,0.6193899722883897,-0.9794996210536678,-0.9985768056416376,379.31602617883846,-0.9962068397382117
144,atr,5.0,1.5,1.0,1.0,103,1708,0.13592233009708737,0.6707523062171985,-1.0809795460864273,-0.2557050750756136,-0.34878414636759913,68465.84995342135,-0.3153415004657866
144,atr,5.0,1.5,1.0,2.0,186,1625,0.15053763440860216,0.7782679244244035,-0.5729719310963897,-0.28558190270949224,-0.38969187521291593,64510.78930263542,-0.3548921069736458
144,atr,5.0,1.5,1.0,3.0,261,1550,0.1532567049808429,0.7981107995416632,-0.40777193639275106,-0.3321936454953607,-0.48117150929033925,58489.08590324251,-0.4151091409675749
144,atr,5.0,1.5,1.0,4.0,334,1477,0.15568862275449102,0.7891937434987659,-0.3422112181050676,-0.4107921303000448,-0.5745362834031853,48763.11501814887,-0.5123688498185113
144,atr,5.0,1.5,1.0,5.0,411,1400,0.15328467153284672,0.7598575486542253,-0.3588539993469171,-0.5196064480432816,-0.6607047247984639,36249.90168093753,-0.6375009831906246
144,atr,5.0,1.5,1.0,6.0,475,1336,0.15578947368421053,0.7603051298407547,-0.2918064202198706,-0.5733958976008329,-0.7184315845584971,30507.34660608836,-0.6949265339391164
144,atr,5.0,1.5,1.0,8.0,597,1214,0.16415410385259632,0.7736927532040965,-0.11758843672838801,-0.6440586113185895,-0.7993658177519147,24096.878420886507,-0.759031215791135
144,atr,5.0,1.5,1.0,12.0,801,1010,0.17478152309612985,0.7772960266091614,0.11083415647243286,-0.7605806179412739,-0.9034086102221264,13546.681579233073,-0.8645331842076693
144,atr,5.0,1.5,1.0,,1811,0,0.22308117062396465,0.22873113449559138,0.7500943700342465,-0.9928620642672211,-0.9993620670768144,82.43277096314095,-0.9991756722903686
144,atr,5.0,2.0,,1.0,71,1740,0.19718309859154928,0.9703786230209401,0.03182970032955947,-0.015272115975573208,-0.18004390217955513,97789.59064959471,-0.022104093504052846
144,atr,5.0,2.0,,2.0,132,1679,0.20454545454545456,0.980103770350456,0.13237696022566625,-0.019520134361894592,-0.30630987339872384,97177.49539194614,-0.02822504608053855
144,atr,5.0,2.0,,3.0,182,1629,0.22527472527472528,1.0530651994771756,0.39030605237551275,0.0728120146569129,-0.3661617522680132,110746.991398301,0.10746991398300998
144,atr,5.0,2.0,,4.0,233,1578,0.22746781115879827,1.0380009646224975,0.4244729534015069,0.06937648138508257,-0.443750316213969,110232.27484564843,0.10232274845648437
144,atr,5.0,2.0,,5.0,285,1526,0.23157894736842105,1.0285551886268636,0.47052691485200704,0.06799137369420927,-0.5394377488208303,110024.96738037316,0.10024967380373151
144,atr,5.0,2.0,,6.0,336,1475,0.23511904761904762,1.0110060315543659,0.4832701900971623,0.03259756029294181,-0.6059187752593699,104769.11043556975,0.04769110435569757
144,atr,5.0,2.0,,8.0,438,1373,0.2374429223744292,0.9916265497340178,0.5418089140512387,-0.03477437427288721,-0.7167162160523113,94989.41761802354,-0.05010582381976458
144,atr,5.0,2.0,,12.0,619,1192,0.24394184168012925,0.9589886479908933,0.639991018880745,-0.244970310869968,-0.8505285533752712,66490.1450712511,-0.33509854928748906
144,atr,5.0,2.0,,,234,1577,0.0,0.0,-1.306279253099419,-1.0,-1.104490635821163,-10449.063582116309,-1.104490635821163
144,atr,5.0,2.0,0.5,1.0,103,1708,0.10679611650485436,0.6757429058561731,-0.7619993177279263,-0.163111036801865,-0.22788099119094507,77211.90088090545,-0.22788099119094551
144,atr,5.0,2.0,0.5,2.0,189,1622,0.12698412698412698,0.8152956693642243,-0.2872341291115342,-0.16637702742840033,-0.3169023711401904,76645.31156466609,-0.23354688435333915
144,atr,5.0,2.0,0.5,3.0,267,1544,0.13108614232209737,0.8126457675577827,-0.2078983228424703,-0.2250058918185126,-0.4242272486367782,68713.10270774888,-0.31286897292251115
144,atr,5.0,2.0,0.5,4.0,342,1469,0.13742690058479531,0.8465847757737791,-0.02233312301096609,-0.22517805644901345,-0.5099544776665959,68690.93382461074,-0.31309066175389266
144,atr,5.0,2.0,0.5,5.0,412,1399,0.1407766990291262,0.859198617988557,0.06946601690548329,-0.24731486462071972,-0.5589004668890762,65859.1342846255,-0.341408657153745
144,atr,5.0,2.0,0.5,6.0,485,1326,0.1422680412371134,0.8412927602427966,0.058494929536416426,-0.3182158518550614,-0.620606468116734,57044.31622486465,-0.42955683775135356
144,atr,5.0,2.0,0.5,8.0,615,1196,0.14634146341463414,0.8240052117155737,0.12233835683104535,-0.4338235934653678,-0.7323196033221995,43552.42147692824,-0.5644757852307176
144,atr,5.0,2.0,0.5,12.0,844,967,0.14928909952606634,0.7702170124611394,0.2146368561079562,-0.6421518795534804,-0.8611195746690352,22367.68330015607,-0.7763231669984393
144,atr,5.0,2.0,0.5,,1811,0,0.20651573716178906,0.6243949583349012,0.923715745061772,-0.9099153330309695,-0.9938341506328818,3016.9999227382227,-0.9698300007726177
144,atr,5.0,2.0,1.0,1.0,81,1730,0.16049382716049382,0.857821774542795,-0.2667799446480944,-0.07405234001201877,-0.18953629954737927,89427.43611774669,-0.10572563882253305
144,atr,5.0,2.0,1.0,2.0,149,1662,0.18120805369127516,0.9884194258917786,0.15416921318644297,-0.011313013587470389,-0.3135155963199452,98361.13264804307,-0.016388673519569297
144,atr,5.0,2.0,1.0,3.0,212,1599,0.18396226415094338,0.9950053500959092,0.2466168109364265,-0.007038307492381435,-0.4123571303303277,98979.3991114784,-0.010206008885215945
144,atr,5.0,2.0,1.0,4.0,278,1533,0.18705035971223022,1.0046662647357802,0.34477485079569414,0.008917827449303806,-0.5016102713535519,101297.81663446818,0.01297816634468174
144,atr,5.0,2.0,1.0,5.0,335,1476,0.19402985074626866,1.0129295326521983,0.43521678007650205,0.031501761017094676,-0.5683555459547709,104607.67107191288,0.046076710719128666
144,atr,5.0,2.0,1.0,6.0,397,1414,0.19143576826196473,0.9755770886397204,0.3852247861519254,-0.06821182078999788,-0.6282803725272953,90247.85341574858,-0.0975214658425142
144,atr,5.0,2.0,1.0,8.0,510,1301,0.19411764705882353,0.9514871451147571,0.42270922286426227,-0.1763642431954725,-0.7299034319694231,75442.38311792174,-0.2455761688207826
144,atr,5.0,2.0,1.0,12.0,708,1103,0.2019774011299435,0.9302707672028269,0.553672462568357,-0.36074407852585577,-0.8585145749397624,52211.44613304698,-0.4778855386695302
144,atr,5.0,2.0,1.0,,1811,0,0.25565985643291,0.45121509286883843,1.0742135462745084,-0.9697642406258922,-0.9981568051212287,621.0655918156697,-0.9937893440818433
144,atr,5.0,3.0,,1.0,53,1758,0.2641509433962264,1.3919924486526192,0.8103507258093628,0.1353354778065159,-0.10871762472118629,120243.42869367186,0.2024342869367186
144,atr,5.0,3.0,,2.0,100,1711,0.27,1.2855229438662754,0.7465401298991111,0.2048189075840594,-0.17711684334058087,131077.83024220797,0.3107783024220798
144,atr,5.0,3.0,,3.0,141,1670,0.2765957446808511,1.2552188854861939,0.7712525122211158,0.2749441381691018,-0.2566252754066646,142302.76752107692,0.42302767521076934
144,atr,5.0,3.0,,4.0,183,1628,0.2786885245901639,1.1874208538380557,0.6963645873950458,0.27458301069024715,-0.3312169463512017,142244.22984952477,0.4224422984952476
144,atr,5.0,3.0,,5.0,228,1583,0.27631578947368424,1.118028444376215,0.6091512747020864,0.22142282645338107,-0.41249831083672983,133709.59406090082,0.33709594060900816
144,atr,5.0,3.0,,6.0,271,1540,0.2730627306273063,1.0828245533192657,0.5883375803282767,0.193704331975445,-0.48658550326774297,129325.2730267182,0.2932527302671821
144,atr,5.0,3.0,,8.0,353,1458,0.2747875354107649,1.04842498785773,0.5997694457726092,0.15077414995644256,-0.5852656323934897,122625.51834369682,0.22625518343696815
144,atr,5.0,3.0,,12.0,518,1293,0.26640926640926643,0.9583467601025143,0.5093823231555727,-0.1822400450761512,-0.7539159566749605,74661.96810080974,-0.2533803189919026
144,atr,5.0,3.0,,,231,1580,0.0,0.0,-0.966499229903631,-1.0,-1.1538217133940494,-15382.17133940493,-1.1538217133940494
144,atr,5.0,3.0,0.5,1.0,72,1739,0.16666666666666666,1.1058211948926053,0.3065461044547967,0.03829281085455882,-0.11457304853456007,105609.41449656416,0.05609414496564158
144,atr,5.0,3.0,0.5,2.0,136,1675,0.18382352941176472,1.174754845880982,0.5312175545808581,0.125501849164819,-0.19540889383932714,118733.77107587157,0.18733771075871575
144,atr,5.0,3.0,0.5,3.0,197,1614,0.17766497461928935,1.105954040225262,0.44496567937973464,0.10814348409918195,-0.2751764883445629,116083.46869650623,0.1608346869650623
144,atr,5.0,3.0,0.5,4.0,260,1551,0.18076923076923077,1.1173861849308897,0.5317210431107366,0.1617929800077209,-0.3335813047728552,124334.52885657661,0.2433452885657661
144,atr,5.0,3.0,0.5,5.0,314,1497,0.17834394904458598,1.0647510205329966,0.4647820101935628,0.10830693277346493,-0.4098179097045149,116108.33726663108,0.1610833726663108
144,atr,5.0,3.0,0.5,6.0,374,1437,0.17914438502673796,1.044079174728106,0.47829425818854077,0.09156618445679454,-0.48207111574513517,113569.8890734779,0.13569889073477892
144,atr,5.0,3.0,0.5,8.0,474,1337,0.1751054852320675,0.9628931545711916,0.3575965716012451,-0.09169879869041775,-0.5837850752940084,86962.87433317961,-0.13037125666820382
144,atr,5.0,3.0,0.5,12.0,661,1150,0.18305597579425115,0.9241523232397016,0.41489079431048004,-0.26041977877683653,-0.7463426903311665,64523.32334304712,-0.35476676656952877
144,atr,5.0,3.0,0.5,,1811,0,0.22528989508558808,0.8731040797967236,1.0281105440334937,-0.7966706710131409,-0.9847642432948661,9891.061381016108,-0.9010893861898389
144,atr,5.0,3.0,1.0,1.0,61,1750,0.22950819672131148,1.2797143692755593,0.6632999572976662,0.1064473049456196,-0.11632843596070375,115825.49453068271,0.15825494530682715
144,atr,5.0,3.0,1.0,2.0,114,1697,0.23684210526315788,1.258182431536126,0.7180670499844377,0.19457864133664393,-0.21046795728710876,129462.86852991478,0.29462868529914776
144,atr,5.0,3.0,1.0,3.0,157,1654,0.25477707006369427,1.2878560102783052,0.8612543582908848,0.33106683969652906,-0.2865470027914082,151490.54116825902,0.5149054116825902
144,atr,5.0,3.0,1.0,4.0,207,1604,0.2560386473429952,1.2596302878714656,0.8771423341062493,0.4226653825707698,-0.35894044710285256,166864.34123781844,0.6686434123781844
144,atr,5.0,3.0,1.0,5.0,259,1552,0.2471042471042471,1.1810192453518111,0.7765827239683558,0.37386280633143043,-0.4369430606056002,158615.75317238166,0.5861575317238166
144,atr,5.0,3.0,1.0,6.0,306,1505,0.24509803921568626,1.1431501725610427,0.7605102563793832,0.37000848772298767,-0.5013845919687007,157969.86803748953,0.5796986803748954
144,atr,5.0,3.0,1.0,8.0,394,1417,0.24111675126903553,1.0840027448912404,0.7100351587780876,0.2856621818041578,-0.5961822879186865,144043.5400552021,0.4404354005520208
144,atr,5.0,3.0,1.0,12.0,557,1254,0.24416517055655296,1.0164504301316606,0.705322372880744,0.0891128452484411,-0.754759874219393,113199.35313014983,0.13199353130149838
144,atr,5.0,3.0,1.0,,234,1577,0.0,0.0,-0.3112993638942048,-1.0,-1.0170011541757253,-1700.1154175725455,-1.0170011541757256
168,h4_level,,0.5,,1.0,172,1639,0.16279069767441862,0.4401191888582632,-2.01765365002856,-0.6418981371789703,-0.7766806605682344,23626.975345286388,-0.7637302465471361
168,h4_level,,0.5,,2.0,280,1531,0.17857142857142858,0.5148368588321097,-1.5696662346183055,-0.7530880732000566,-0.869857737272455,14172.869642635025,-0.8582713035736498
168,h4_level,,0.5,,3.0,374,1437,0.1925133689839572,0.5343083406513611,-1.3479728741783157,-0.8244609784442477,-0.9207094558413956,8940.41995561151,-0.9105958004438849
168,h4_level,,0.5,,4.0,468,1343,0.19658119658119658,0.5259452634274435,-1.23494439360497,-0.8858676411865577,-0.9575695959364359,4873.361065834704,-0.951266389341653
168,h4_level,,0.5,,5.0,560,1251,0.19464285714285715,0.5425292775648571,-1.0235746389966502,-0.9192873400884152,-0.9743467986850438,2942.715959931984,-0.9705728404006801
168,h4_level,,0.5,,6.0,639,1172,0.19718309859154928,0.5269056073497712,-0.9433208878781554,-0.9441765431510328,-0.9849831388165912,1719.5533728336661,-0.9828044662716633
168,h4_level,,0.5,,8.0,810,1001,0.19382716049382717,0.4897390786277009,-0.6699524856822632,-0.975091965937521,-0.9953489324519643,542.9735470073647,-0.9945702645299264
168,h4_level,,0.5,,12.0,1051,760,0.20076117982873454,0.41019980287196245,-0.41706422394188863,-0.9935767167354956,-0.999350309053858,81.00728024811254,-0.9991899271975189
168,h4_level,,0.5,,,231,1580,0.08225108225108226,0.27510904116884854,-1.3099886223146586,-1.0,-1.082009947495777,-10936.703655911477,-1.1093670365591148
168,h4_level,,0.5,0.5,1.0,240,1571,0.11666666666666667,0.3627665901426074,-2.122033215775625,-0.7491866849525963,-0.8668605011562114,14086.033321924335,-0.8591396667807567
168,h4_level,,0.5,0.5,2.0,380,1431,0.12631578947368421,0.4087495751093758,-1.8085413113678375,-0.8409271111881859,-0.931278573707316,7360.3085788332355,-0.9263969142116677
168,h4_level,,0.5,0.5,3.0,509,1302,0.13359528487229863,0.4080394801377264,-1.6231235655794436,-0.8968412053173651,-0.9633635011746247,3965.9343894448148,-0.9603406561055519
168,h4_level,,0.5,0.5,4.0,632,1179,0.13765822784810128,0.40827021197696517,-1.3879950245300563,-0.9308729550609127,-0.9795164357793565,2260.3844070195214,-0.9773961559298048
168,h4_level,,0.5,0.5,5.0,736,1075,0.13994565217391305,0.4178124270506528,-1.2221753012512222,-0.9516762469505787,-0.9878219239126443,1346.9898034831754,-0.9865301019651682
168,h4_level,,0.5,0.5,6.0,847,964,0.13931523022432113,0.37690311414679517,-1.186581480200669,-0.971043383943475,-0.9942117071113631,641.660455287329,-0.9935833954471267
168,h4_level,,0.5,0.5,8.0,1015,796,0.14187192118226602,0.3675773592529724,-0.9552925952050714,-0.9857357264884831,-0.9979301158340438,233.12782327411685,-0.9976687217672588
168,h4_level,,0.5,0.5,12.0,1250,561,0.1536,0.3365788812619605,-0.6686209199629386,-0.9944358188393876,-0.9994725972144227,63.34318274116877,-0.9993665681725883
168,h4_level,,0.5,0.5,,1811,0,0.17725013804527884,0.2657041854763863,-0.09098509705628953,-0.9996905113320015,-0.9999920611432629,0.9923507335498645,-0.9999900764926645
168,h4_level,,0.5,1.0,1.0,213,1598,0.13145539906103287,0.40549015477847583,-2.0002464416867967,-0.7004043380044118,-0.8276509700417911,18234.364708260477,-0.8176563529173952
168,h4_level,,0.5,1.0,2.0,346,1465,0.13872832369942195,0.44531538602560744,-1.6517182490297089,-0.8071885428764176,-0.9091302714023002,9732.470337640541,-0.9026752966235946
168,h4_level,,0.5,1.0,3.0,456,1355,0.14912280701754385,0.45238378165012355,-1.4630565060600822,-0.86715870393693,-0.9471038112931127,5726.060638684891,-0.9427393936131511
168,h4_level,,0.5,1.0,4.0,573,1238,0.1518324607329843,0.43090243297667863,-1.3405194193516172,-0.919057469309939,-0.9742406184322087,2842.576799774967,-0.9715742320022503
168,h4_level,,0.5,1.0,5.0,664,1147,0.15512048192771086,0.4419823290363099,-1.124284858040038,-0.9392566114084312,-0.9830232003272681,1877.76590414717,-0.9812223409585283
168,h4_level,,0.5,1.0,6.0,750,1061,0.15733333333333333,0.42316017154644875,-1.0963061623449486,-0.9603949640220694,-0.9908782515721458,1011.1902355051179,-0.9898880976449488
168,h4_level,,0.5,1.0,8.0,921,890,0.15743756786102062,0.398423201268381,-0.8630916662280879,-0.9819288740698727,-0.9970815167504443,328.70421370492636,-0.9967129578629508
168,h4_level,,0.5,1.0,12.0,1157,654,0.16853932584269662,0.3599416417555997,-0.5479967385609544,-0.9936950837648145,-0.9993676247863102,75.95079096499987,-0.99924049209035
168,h4_level,,0.5,1.0,,1811,0,0.19768083931529543,0.259900846614092,0.06531510802436312,-0.9999324551771913,-0.9999991297227385,0.10878396063393389,-0.9999989121603937
168,h4_level,,1.0,,1.0,135,1676,0.21481481481481482,0.49718852923337675,-1.7819155502353776,-0.44240671380258123,-0.5739291927529365,44361.05200640466,-0.5563894799359534
168,h4_level,,1.0,,2.0,222,1589,0.23873873873873874,0.5781771511631155,-1.374870843778631,-0.5489031764760235,-0.6868204789852821,33339.30377264092,-0.6666069622735908
168,h4_level,,1.0,,3.0,299,1512,0.2508361204013378,0.5918348878875593,-1.2178189650144493,-0.638275625599825,-0.7727407082346409,24798.148045322963,-0.7520185195467703
168,h4_level,,1.0,,4.0,375,1436,0.25333333333333335,0.602316898249313,-1.1139353486903447,-0.7158918380832948,-0.8399795421725771,17716.944751440366,-0.8228305524855963
168,h4_level,,1.0,,5.0,454,1357,0.24669603524229075,0.5845282744550028,-1.111611421578679,-0.7948701408990124,-0.9002921825672529,11047.572179024704,-0.889524278209753
168,h4_level,,1.0,,6.0,528,1283,0.24431818181818182,0.5779889296487994,-1.0089102440403033,-0.8449200710274631,-0.933579258490805,7368.1552969536915,-0.9263184470304631
168,h4_level,,1.0,,8.0,662,1149,0.24169184290030213,0.5565343635519847,-0.8492048118965527,-0.907497551304326,-0.9686392817658078,3534.631126744235,-0.9646536887325576
168,h4_level,,1.0,,12.0,888,923,0.24774774774774774,0.5006884262005602,-0.5284489064085174,-0.9605954877300728,-0.9909192220448743,1074.2725309474558,-0.9892572746905255
168,h4_level,,1.0,,,231,1580,0.08225108225108226,0.20189313785009438,-1.2683712547076071,-1.0,-1.1539987454068739,-19155.197252537306,-1.1915519725253731
168,h4_level,,1.0,0.5,1.0,178,1633,0.15730337078651685,0.4523611104512806,-1.8083896511529363,-0.5043959432307665,-0.6409581899075039,37382.2194317836,-0.6261778056821641
168,h4_level,,1.0,0.5,2.0,298,1513,0.1610738255033557,0.48632088518997135,-1.568984525529106,-0.6416794308315581,-0.7758399979083619,23592.583641511355,-0.7640741635848864
168,h4_level,,1.0,0.5,3.0,406,1405,0.16748768472906403,0.4959495394186768,-1.326782571531421,-0.7163472261891133,-0.8403519308745453,16964.71574182312,-0.8303528425817688
168,h4_level,,1.0,0.5,4.0,508,1303,0.17125984251968504,0.5075213091152158,-1.1690559491586878,-0.7802077637323291,-0.8897758839219472,11888.955334718159,-0.8811104466528185
168,h4_level,,1.0,0.5,5.0,609,1202,0.16912972085385877,0.4812797702906504,-1.188476429299692,-0.8461447937902689,-0.9343397403506877,7098.580196612289,-0.9290141980338771
168,h4_level,,1.0,0.5,6.0,688,1123,0.17296511627906977,0.48247747350469006,-1.07059124910922,-0.8749150821076206,-0.9513902911230585,5269.656241552993,-0.9473034375844701
168,h4_level,,1.0,0.5,8.0,849,962,0.17196702002355713,0.44859560849617663,-0.932634523962802,-0.9244564648186508,-0.9766309805259437,2564.881143768507,-0.974351188562315
168,h4_level,,1.0,0.5,12.0,1091,720,0.17873510540788268,0.39649750328146277,-0.7474420863969967,-0.9661058866409075,-0.9927036466790093,838.9871123479629,-0.9916101288765203
168,h4_level,,1.0,0.5,,1811,0,0.21645499723909442,0.2333207918637536,0.055377400452294355,-0.9969589800116829,-0.9997800568225406,26.051101780013358,-0.9997394889821999
168,h4_level,,1.0,1.0,1.0,151,1660,0.18543046357615894,0.47122045937403373,-1.7756753182068241,-0.46645901241194565,-0.6003599079112891,41609.17530008469,-0.5839082469991531
168,h4_level,,1.0,1.0,2.0,255,1556,0.2,0.5417480586914408,-1.401999764774059,-0.5839955996333603,-0.7215735830045495,29639.686734507406,-0.7036031326549259
168,h4_level,,1.0,1.0,3.0,344,1467,0.20348837209302326,0.5412465903606815,-1.298020086413235,-0.6743898063896927,-0.8049359647709551,21285.056317619295,-0.787149436823807
168,h4_level,,1.0,1.0,4.0,437,1374,0.2036613272311213,0.530304003283512,-1.2485174084291883,-0.7630505461224271,-0.8770616937842433,13611.329505188789,-0.8638867049481121
168,h4_level,,1.0,1.0,5.0,527,1284,0.19924098671726756,0.503233731017866,-1.214556488108218,-0.8268355654011096,-0.9220390220927918,8638.03413567012,-0.9136196586432987
168,h4_level,,1.0,1.0,6.0,606,1205,0.19966996699669967,0.4955437941100566,-1.114233099617558,-0.8683374383312107,-0.9476340272559495,5809.038121033242,-0.9419096187896676
168,h4_level,,1.0,1.0,8.0,756,1055,0.19576719576719576,0.46963328118647296,-0.9266214695044223,-0.9194786956273491,-0.9743615925216248,2889.675945444804,-0.971103240545552
168,h4_level,,1.0,1.0,12.0,985,826,0.2050761421319797,0.4319751660465404,-0.5867588215305478,-0.9605973547521558,-0.9909198469332485,1074.1986055174184,-0.9892580139448258
168,h4_level,,1.0,1.0,,1811,0,0.2473771397018222,0.24233585229467902,0.17381672192482606,-0.9992098258142951,-0.9999689374505067,3.8637279877763553,-0.9999613627201223
168,h4_level,,1.5,,1.0,106,1705,0.2830188679245283,0.5727712365615847,-1.5133042365994958,-0.28659964373550995,-0.3897951303151005,62971.8873902499,-0.37028112609750097
168,h4_level,,1.5,,2.0,185,1626,0.2918918918918919,0.6360201975933364,-1.1788765541904787,-0.3906809497471532,-0.514706827538558,50991.52452195398,-0.4900847547804602
168,h4_level,,1.5,,3.0,257,1554,0.29571984435797666,0.6217987023978555,-1.1603751688795796,-0.5061357582380799,-0.6423213256457392,38310.90133866192,-0.6168909866133808
168,h4_level,,1.5,,4.0,328,1483,0.2926829268292683,0.6111593698955259,-1.1344324841345863,-0.6047538298105843,-0.7411847621066997,28055.744474310985,-0.7194425552568902
168,h4_level,,1.5,,5.0,398,1413,0.2864321608040201,0.6029483303470086,-1.0944214094226736,-0.6833388951601727,-0.8124293659192786,20547.64680780825,-0.7945235319219175
168,h4_level,,1.5,,6.0,464,1347,0.28448275862068967,0.6006352280373459,-1.0414638431434091,-0.7443986977245365,-0.8625807940062753,15258.92059652949,-0.8474107940347051
168,h4_level,,1.5,,8.0,585,1226,0.27863247863247864,0.5807949384758072,-0.9620852509441989,-0.8339797783316417,-0.9265708951534495,8248.800913002846,-0.9175119908699716
168,h4_level,,1.5,,12.0,793,1018,0.28247162673392184,0.5314007362864035,-0.7640268266923946,-0.9253755892297514,-0.9770128426478579,2696.2181014242055,-0.9730378189857579
168,h4_level,,1.5,,,231,1580,0.09090909090909091,0.1809701741882873,-1.2168169387236152,-1.0,-1.1596873165495345,-19828.664681050286,-1.198286646810503
168,h4_level,,1.5,0.5,1.0,142,1669,0.19718309859154928,0.4904361409605671,-1.7057248830066645,-0.35878895974226155,-0.4773830695428575,53932.992226003655,-0.4606700777399635
168,h4_level,,1.5,0.5,2.0,240,1571,0.20833333333333334,0.5520072188746132,-1.362942134610258,-0.4602868697329635,-0.5930976686469615,42364.61903625074,-0.5763538096374926
168,h4_level,,1.5,0.5,3.0,331,1480,0.21148036253776434,0.5415977584573048,-1.2958973172876618,-0.5623292410362076,-0.6998757624635987,31512.96271165728,-0.6848703728834271
168,h4_level,,1.5,0.5,4.0,415,1396,0.21445783132530122,0.5461694187641323,-1.1737233200420119,-0.6304162539526024,-0.7652281862146687,24954.028756002088,-0.7504597124399791
168,h4_level,,1.5,0.5,5.0,507,1304,0.20907297830374755,0.5252158921702382,-1.195883167509768,-0.7133242228474292,-0.8376633496640512,17440.81332284587,-0.8255918667715413
168,h4_level,,1.5,0.5,6.0,591,1220,0.20812182741116753,0.5175094810453814,-1.119420367179991,-0.7661282257247495,-0.8792166835621231,13156.819366674508,-0.8684318063332549
168,h4_level,,1.5,0.5,8.0,744,1067,0.20161290322580644,0.48000002933292457,-1.0517914041366594,-0.8547488664181365,-0.9395258288854468,6677.903386784979,-0.9332209661321502
168,h4_level,,1.5,0.5,12.0,971,840,0.21009268795056643,0.44709593631011296,-0.8232135335131148,-0.9239030426352572,-0.9763511121556587,2714.9392593391995,-0.972850607406608
168,h4_level,,1.5,0.5,,1811,0,0.25124240750966315,0.23093682445413916,0.055563554234621906,-0.9938076031630733,-0.9993813723732089,73.96057907785976,-0.9992603942092214
168,h4_level,,1.5,1.0,1.0,120,1691,0.24166666666666667,0.520146591882446,-1.6945558760359831,-0.32912634932726625,-0.4419053438203504,57594.2205446396,-0.42405779455360404
168,h4_level,,1.5,1.0,2.0,207,1604,0.25120772946859904,0.5941402198834767,-1.2914401158666329,-0.42394107218222077,-0.5527006531889647,46999.374616961264,-0.5300062538303874
168,h4_level,,1.5,1.0,3.0,289,1522,0.2491349480968858,0.6033229003325759,-1.1417487496251963,-0.5138958624790054,-0.6504549254944454,37439.71285672487,-0.6256028714327513
168,h4_level,,1.5,1.0,4.0,365,1446,0.2493150684931507,0.5839231275167889,-1.1441123480876862,-0.6150744552102364,-0.750941927004665,26998.06128919695,-0.7300193871080305
168,h4_level,,1.5,1.0,5.0,445,1366,0.24269662921348314,0.5501832349257703,-1.1680475355649562,-0.7068880338129521,-0.8323431752893571,18366.165023413854,-0.8163383497658614
168,h4_level,,1.5,1.0,6.0,514,1297,0.24319066147859922,0.5425748747867135,-1.1154550237129617,-0.7622676738577673,-0.8763101672233382,13734.421788343623,-0.8626557821165638
168,h4_level,,1.5,1.0,8.0,644,1167,0.2375776397515528,0.5191982299827851,-1.036820338390791,-0.8460477369499164,-0.9341938359473148,7392.463073782169,-0.9260753692621784
168,h4_level,,1.5,1.0,12.0,861,950,0.24390243902439024,0.4884740041563075,-0.7971727100986243,-0.9227721514309538,-0.9758389608424126,2833.905477217944,-0.9716609452278205
168,h4_level,,1.5,1.0,,1811,0,0.2860298177802319,0.22453388304392707,0.09274675345012412,-0.998760805477946,-0.9999402108037114,7.424133302330761,-0.9999257586669766
168,h4_level,,2.0,,1.0,89,1722,0.34831460674157305,0.6742802213725947,-1.0949094308406129,-0.1683994913067769,-0.23704192502513366,78291.91345991247,-0.21708086540087534
168,h4_level,,2.0,,2.0,160,1651,0.3375,0.6686945699090419,-1.0790028033620878,-0.2930115173816784,-0.39729565806543643,62791.35438109062,-0.37208645618909375
168,h4_level,,2.0,,3.0,224,1587,0.3392857142857143,0.6745590212732304,-0.9980208305235331,-0.3848435952628986,-0.5075732884481402,52113.78131975669,-0.4788621868024331
168,h4_level,,2.0,,4.0,286,1525,0.3356643356643357,0.6588790105161054,-1.0115217394248004,-0.4826579168102112,-0.617077125509751,40939.515917775425,-0.5906048408222457
168,h4_level,,2.0,,5.0,347,1464,0.3314121037463977,0.6454261684278764,-1.0166611793882245,-0.5697942379805874,-0.7070636306844549,31595.789837059245,-0.6840421016294076
168,h4_level,,2.0,,6.0,406,1405,0.3251231527093596,0.6350628466497392,-1.0331441308910774,-0.6439877301897761,-0.7774788831567081,24267.18763531725,-0.7573281236468276
168,h4_level,,2.0,,8.0,517,1294,0.3152804642166344,0.6269989170343516,-0.9423666091782265,-0.7489463702061854,-0.8660177472698926,14939.3301830879,-0.8506066981691209
168,h4_level,,2.0,,12.0,719,1092,0.31154381084840055,0.5670378889954306,-0.8607420389407651,-0.8839504810338316,-0.9563161627008541,5100.0211771768945,-0.9489997882282311
168,h4_level,,2.0,,,234,1577,0.09829059829059829,0.15838045670674072,-1.114655939968164,-1.0,-1.235553559686314,-29286.32472358577,-1.2928632472358577
168,h4_level,,2.0,0.5,1.0,118,1693,0.2457627118644068,0.5472715010950726,-1.4939057515531031,-0.2373711176750316,-0.32719536422451856,69040.70360785844,-0.30959296392141566
168,h4_level,,2.0,0.5,2.0,211,1600,0.23696682464454977,0.5721517819216738,-1.308073784635138,-0.3601353727918095,-0.47858799732534496,54132.42502923148,-0.4586757497076852
168,h4_level,,2.0,0.5,3.0,291,1520,0.24054982817869416,0.5771472830772052,-1.2486463197728417,-0.46448161147332023,-0.5973830464188004,42420.208457067085,-0.5757979154293291
168,h4_level,,2.0,0.5,4.0,366,1445,0.24316939890710382,0.5732032913552841,-1.188381370177717,-0.5435275822140736,-0.6807321873157055,33984.10810328465,-0.6601589189671535
168,h4_level,,2.0,0.5,5.0,442,1369,0.2420814479638009,0.5668984768068709,-1.148453789677166,-0.6133095195203973,-0.7490948647391438,26944.591722611156,-0.7305540827738884
168,h4_level,,2.0,0.5,6.0,517,1294,0.2379110251450677,0.5496321340159509,-1.144290768642078,-0.6799066874999444,-0.8093274699983664,20704.431485856625,-0.7929556851414338
168,h4_level,,2.0,0.5,8.0,654,1157,0.2324159021406728,0.5314615286380866,-1.0796731942688458,-0.784062253038939,-0.8923518776111924,11925.771245953527,-0.8807422875404647
168,h4_level,,2.0,0.5,12.0,887,924,0.23111612175873733,0.4735875215504261,-0.9521686114550559,-0.8926999061066985,-0.9610168414926628,4479.106837186687,-0.9552089316281331
168,h4_level,,2.0,0.5,,1811,0,0.27553837658752073,0.25228408916643835,0.012126533473900879,-0.9900377298693448,-0.9987649950108112,148.86830506512365,-0.9985113169493488
168,h4_level,,2.0,1.0,1.0,97,1714,0.30927835051546393,0.5990676434955623,-1.363858205900339,-0.20541344763972014,-0.28586228858540574,73282.1497463976,-0.26717850253602404
168,h4_level,,2.0,1.0,2.0,171,1640,0.30409356725146197,0.640100245496376,-1.1597432225585125,-0.30989755357004456,-0.41808962031760866,60624.983638560014,-0.39375016361439985
168,h4_level,,2.0,1.0,3.0,240,1571,0.3,0.6526549270518961,-1.0532434995024602,-0.3966539300371551,-0.5212443437025842,50666.966256261934,-0.49333033743738064
168,h4_level,,2.0,1.0,4.0,309,1502,0.29449838187702265,0.6305019343689707,-1.0830146985453304,-0.4971508259304306,-0.6325579689512701,39284.40916203941,-0.6071559083796059
168,h4_level,,2.0,1.0,5.0,375,1436,0.2906666666666667,0.6080336576554609,-1.1156591522724504,-0.5867031702087904,-0.7236360976273943,29808.302049748374,-0.7019169795025162
168,h4_level,,2.0,1.0,6.0,439,1372,0.2847380410022779,0.5956318972588841,-1.1277089379745693,-0.6575526966974545,-0.7896861860969357,22935.91213583159,-0.7706408786416841
168,h4_level,,2.0,1.0,8.0,559,1252,0.27549194991055453,0.5766132437441274,-1.0504216034956189,-0.764696134028839,-0.878050228668529,13597.68075659114,-0.8640231924340886
168,h4_level,,2.0,1.0,12.0,776,1035,0.2757731958762887,0.5287418582167105,-0.9089316260061059,-0.8845023204962068,-0.9566175347404073,5064.836452597752,-0.9493516354740225
168,h4_level,,2.0,1.0,,1811,0,0.3219215902816124,0.22628148810391396,0.1120364487963035,-0.9978040885875653,-0.9998626505371693,17.076629936850114,-0.9998292337006315
168,h4_level,,3.0,,1.0,75,1736,0.41333333333333333,0.7234846420331941,-0.9452177441455081,-0.10358665347902651,-0.14848050781347388,86786.52311759978,-0.1321347688240022
168,h4_level,,3.0,,2.0,130,1681,0.4153846153846154,0.7400741835763484,-0.8422100685485321,-0.16962087205413157,-0.2380451630109408,78555.77349062753,-0.21444226509372466
168,h4_level,,3.0,,3.0,181,1630,0.4198895027624309,0.7348143550737013,-0.8162780730384184,-0.23581036788581722,-0.3246418016374122,70433.46948733363,-0.2956653051266638
168,h4_level,,3.0,,4.0,232,1579,0.41379310344827586,0.712520330612273,-0.8564851642027034,-0.3150505118793179,-0.42391811935324364,60551.56840425124,-0.3944843159574877
168,h4_level,,3.0,,5.0,286,1525,0.4020979020979021,0.6711059556781388,-0.9792216608835355,-0.41779588035547677,-0.5450429314819355,48139.197596771584,-0.5186080240322841
168,h4_level,,3.0,,6.0,340,1471,0.38823529411764707,0.6490247307385022,-1.0438950953872437,-0.5065674609091967,-0.6422163480047162,38163.76498354458,-0.6183623501645542
168,h4_level,,3.0,,8.0,438,1373,0.3721461187214612,0.6150187710608032,-1.0907006569427744,-0.6468047159239414,-0.7798513338859652,23859.573317223643,-0.7614042668277636
168,h4_level,,3.0,,12.0,615,1196,0.36260162601626017,0.5661154890556847,-1.1096250099521985,-0.8110443920068938,-0.9112497979358255,9960.523683518788,-0.9003947631648122
168,h4_level,,3.0,,,231,1580,0.09956709956709957,0.11070524728505995,-0.7267517664367933,-1.0,-1.358222704812583,-42161.82247004442,-1.421618224700444
168,h4_level,,3.0,0.5,1.0,88,1723,0.3409090909090909,0.6555848308283304,-1.14393537733539,-0.12391322844963193,-0.1763794967849488,83943.0694168357,-0.16056930583164297
168,h4_level,,3.0,0.5,2.0,158,1653,0.3227848101265823,0.6709048926357255,-1.0428719495421102,-0.20556255677339785,-0.2854720310258537,73666.17358222396,-0.2633382641777604
168,h4_level,,3.0,0.5,3.0,223,1588,0.3183856502242152,0.6448940207108039,-1.0981851525791078,-0.2951831985916573,-0.39949109679349804,62627.396266772455,-0.3737260373322755
168,h4_level,,3.0,0.5,4.0,286,1525,0.3146853146853147,0.6345329426455387,-1.0832270691046066,-0.3708148639308033,-0.4907626215613988,53525.58896646518,-0.46474411033534824
168,h4_level,,3.0,0.5,5.0,348,1463,0.3103448275862069,0.5974058916605345,-1.1831408364610805,-0.4662307583597761,-0.5989633215838026,42433.85858079857,-0.5756614141920142
168,h4_level,,3.0,0.5,6.0,411,1400,0.30170316301703165,0.5865659486379088,-1.2005988444747508,-0.5441367345095316,-0.6810897475926071,34017.24996613053,-0.6598275003386948
168,h4_level,,3.0,0.5,8.0,521,1290,0.29366602687140114,0.5640787371565424,-1.1857946888975541,-0.6583123705045395,-0.7901917176190283,22738.88906252344,-0.7726111093747656
168,h4_level,,3.0,0.5,12.0,719,1092,0.29207232267037553,0.5297400398076249,-1.1349111983356677,-0.8015052052209537,-0.9046688535749641,10699.109631964076,-0.8930089036803592
168,h4_level,,3.0,0.5,,1811,0,0.32302595251242405,0.27603922165783357,-0.07691518333912353,-0.9874320345584542,-0.998267874831343,203.86634592303665,-0.9979613365407697
168,h4_level,,3.0,1.0,1.0,79,1732,0.3924050632911392,0.6979545806285289,-1.05185200072906,-0.11461744311486044,-0.1636566084805252,85239.7810600644,-0.147602189399356
168,h4_level,,3.0,1.0,2.0,138,1673,0.38405797101449274,0.7191071415031401,-0.9181187317279194,-0.1840700520540246,-0.25722559407302636,76578.31560884575,-0.23421684391154252
168,h4_level,,3.0,1.0,3.0,191,1620,0.387434554973822,0.7132772096665432,-0.8946953751832217,-0.25491855402683694,-0.3490288034261303,67890.13596367507,-0.3210986403632493
168,h4_level,,3.0,1.0,4.0,244,1567,0.38524590163934425,0.6932446549613033,-0.9177264350345234,-0.3328862455613947,-0.44557616832309055,58275.105842665405,-0.4172489415733459
168,h4_level,,3.0,1.0,5.0,301,1510,0.37209302325581395,0.6453157672647205,-1.0643922825240208,-0.4406903601158523,-0.570794154844629,45414.44988848075,-0.5458555011151925
168,h4_level,,3.0,1.0,6.0,355,1456,0.36056338028169016,0.6269688310977903,-1.1176176423714097,-0.5242079607219432,-0.6606424950904203,36198.300259235984,-0.6380169974076402
168,h4_level,,3.0,1.0,8.0,455,1356,0.34725274725274724,0.6011374165386827,-1.1163763420537105,-0.6487858618622018,-0.7816425428267861,23665.44322411715,-0.7633455677588286
168,h4_level,,3.0,1.0,12.0,634,1177,0.3438485804416404,0.5713596120635613,-1.0816514913766395,-0.7980310262721587,-0.9022359273894811,10972.159363988727,-0.8902784063601127
168,h4_level,,3.0,1.0,,234,1577,0.09829059829059829,0.14777106540361037,-0.29679479982507756,-1.0,-1.017536010813564,-2063.9400150280385,-1.0206394001502803
168,atr,2.0,0.5,,1.0,229,1582,0.24890829694323144,0.4622284380869563,-2.531793282226684,-0.7003867262309837,-0.8313337326325726,18585.89964639303,-0.8141410035360697
168,atr,2.0,0.5,,2.0,391,1420,0.27877237851662406,0.5422226601208987,-2.2488072149501934,-0.8159763457158775,-0.916897625949459,9577.47349063406,-0.9042252650936594
168,atr,2.0,0.5,,3.0,527,1284,0.2922201138519924,0.584960909040639,-2.123410111683546,-0.8775766712177103,-0.9540243102590227,5510.294639586507,-0.9448970536041349
168,atr,2.0,0.5,,4.0,644,1167,0.2981366459627329,0.6057376806878407,-2.040036155091068,-0.9199151354684915,-0.9751781303957758,3029.2657378281647,-0.9697073426217183
168,atr,2.0,0.5,,5.0,775,1036,0.29935483870967744,0.6195468802633372,-2.057374502352255,-0.9512372348659195,-0.987924603220945,1466.260870129696,-0.985337391298703
168,atr,2.0,0.5,,6.0,901,910,0.29633740288568255,0.6085222511753033,-2.1197793971479775,-0.9725749444446993,-0.9947652958681585,633.7866941322018,-0.993662133058678
168,atr,2.0,0.5,,8.0,1131,680,0.2891246684350133,0.5931119507614938,-2.25758195252173,-0.9922802852854566,-0.9991695963841017,102.35377337316133,-0.9989764622662684
168,atr,2.0,0.5,,12.0,1414,397,0.29066478076379065,0.626997991240573,-2.270223500822416,-0.9981287530156195,-0.9998939789436736,14.071853736693503,-0.999859281462633
168,atr,2.0,0.5,,,1811,0,0.3014908890115958,0.6506844509477977,-2.081897117428589,-0.9998112296676214,-0.9999962109177063,0.5120744582421686,-0.9999948792554175
168,atr,2.0,0.5,0.5,1.0,321,1490,0.1838006230529595,0.40579439774767195,-2.938979461334946,-0.8196646892474239,-0.9193057067388987,8891.237937781336,-0.9110876206221866
168,atr,2.0,0.5,0.5,2.0,521,1290,0.2053742802303263,0.4449110938596757,-2.782105305734682,-0.9008188958548681,-0.966136687008508,3767.0424667535062,-0.962329575332465
168,atr,2.0,0.5,0.5,3.0,685,1126,0.2116788321167883,0.46394464690001624,-2.666422253061989,-0.9400681127649609,-0.9837073910812913,1831.6721636781588,-0.9816832783632184
168,atr,2.0,0.5,0.5,4.0,844,967,0.21800947867298578,0.47945586004643587,-2.5979231492112365,-0.9653424272727466,-0.9926459331228261,842.8594668647751,-0.9915714053313522
168,atr,2.0,0.5,0.5,5.0,986,825,0.2231237322515213,0.4911278560937634,-2.5714305532714787,-0.9793071369298322,-0.996522822713739,399.3413740783307,-0.9960065862592167
168,atr,2.0,0.5,0.5,6.0,1115,696,0.22242152466367712,0.49756220830767334,-2.5839267650384445,-0.9883390636012753,-0.9984883286182435,173.94215469610182,-0.998260578453039
168,atr,2.0,0.5,0.5,8.0,1320,491,0.22424242424242424,0.5294552211979571,-2.5211207861502496,-0.9948506048008348,-0.9995387936656878,53.94870813728819,-0.9994605129186271
168,atr,2.0,0.5,0.5,12.0,1559,252,0.22963438101347017,0.5753264827879981,-2.4435756311045314,-0.9980513050701081,-0.999887546613768,14.223201181985816,-0.9998577679881802
168,atr,2.0,0.5,0.5,,1811,0,0.2413031474323578,0.5804923415435879,-2.2068476677697135,-0.9990246137378712,-0.999958843879392,5.308984706252302,-0.9999469101529375
168,atr,2.0,0.5,1.0,1.0,291,1520,0.20618556701030927,0.4393466676559168,-2.933347622108366,-0.7812379468751587,-0.8931720659723253,11770.752818520927,-0.8822924718147908
168,atr,2.0,0.5,1.0,2.0,460,1351,0.2326086956521739,0.48404424871714957,-2.5665748735539555,-0.8644938330744554,-0.9467191908082639,5927.094934234212,-0.9407290506576579
168,atr,2.0,0.5,1.0,3.0,611,1200,0.24058919803600654,0.4994771697587748,-2.4414660707144367,-0.9169154055770152,-0.9738164155871705,2943.650274402985,-0.9705634972559701
168,atr,2.0,0.5,1.0,4.0,745,1066,0.2523489932885906,0.5435439743468341,-2.3165732331150726,-0.9454908724261271,-0.9858039043484751,1627.033560103257,-0.9837296643989675
168,atr,2.0,0.5,1.0,5.0,875,936,0.2571428571428571,0.5593379314528317,-2.2909318701326393,-0.9665933399497613,-0.9930282759509136,800.6775704125446,-0.9919932242958746
168,atr,2.0,0.5,1.0,6.0,1007,804,0.253227408142999,0.545084990312876,-2.381215810170417,-0.9828518399039626,-0.9973532793117785,304.547869956403,-0.9969545213004359
168,atr,2.0,0.5,1.0,8.0,1220,591,0.25081967213114753,0.553037943362967,-2.4191417211980393,-0.9941520240978076,-0.9994451975531689,64.89693018327324,-0.9993510306981672
168,atr,2.0,0.5,1.0,12.0,1476,335,0.255420054200542,0.6047907719023708,-2.386154454453819,-0.9982554680156528,-0.999904244447868,12.111244737943956,-0.9998788875526206
168,atr,2.0,0.5,1.0,,1811,0,0.27112092766427387,0.6207705740943448,-2.065657791262265,-0.9995299588242473,-0.9999857448919628,1.8388553011724593,-0.9999816114469883
168,atr,2.0,1.0,,1.0,133,1678,0.23308270676691728,0.4863669410728114,-2.0595398189571603,-0.4653878698638917,-0.6045953714377137,42195.90831615662,-0.5780409168384337
168,atr,2.0,1.0,,2.0,245,1566,0.2897959183673469,0.6264611214651944,-1.6371308864852758,-0.5629882102742347,-0.704952385886513,32812.11812686617,-0.6718788187313383
168,atr,2.0,1.0,,3.0,341,1470,0.31085043988269795,0.6784179371143021,-1.3934154718569327,-0.6309871204479618,-0.7692124588606745,26298.111624952395,-0.7370188837504761
168,atr,2.0,1.0,,4.0,437,1374,0.3135011441647597,0.6926668574010466,-1.3775298866169583,-0.7165091954309967,-0.8426339512458356,18311.50500003205,-0.8168849499996795
168,atr,2.0,1.0,,5.0,534,1277,0.3089887640449438,0.692339332915726,-1.4525941649152239,-0.7994509157593679,-0.9048099369511178,11217.029358915303,-0.887829706410847
168,atr,2.0,1.0,,6.0,631,1180,0.3090332805071315,0.6906685822913294,-1.4614688524632025,-0.8558183547636776,-0.94105460608277,6986.622520583667,-0.9301337747941634
168,atr,2.0,1.0,,8.0,799,1012,0.3016270337922403,0.6671520548652582,-1.5589500770394156,-0.9302174647344922,-0.9794546853142898,2489.4272798790166,-0.9751057272012098
168,atr,2.0,1.0,,12.0,1078,733,0.29777365491651203,0.6526724179468313,-1.639761118436102,-0.9799907124475934,-0.996652086924922,437.9923123694197,-0.9956200768763058
168,atr,2.0,1.0,,,1811,0,0.3202650469353948,0.6818282162639105,-1.2481699478256567,-0.9994617106486151,-0.9999824522030358,2.3985004946147503,-0.9999760149950538
168,atr,2.0,1.0,0.5,1.0,206,1605,0.1553398058252427,0.37047860151753415,-2.654572132874491,-0.6113246548706857,-0.751138927198473,26557.400325776543,-0.7344259967422346
168,atr,2.0,1.0,0.5,2.0,372,1439,0.1827956989247312,0.4491582500965381,-2.4888798132758563,-0.7555700635382373,-0.8731179752311709,13870.1729916976,-0.8612982700830241
168,atr,2.0,1.0,0.5,3.0,511,1300,0.19569471624266144,0.4955490468758229,-2.2256758419744638,-0.8148418480798573,-0.9152331252139357,9406.508382937507,-0.9059349161706249
168,atr,2.0,1.0,0.5,4.0,627,1184,0.19936204146730463,0.5060687813808248,-2.1203964428849993,-0.8673921674921852,-0.9478001580480367,5918.532913244391,-0.9408146708675561
168,atr,2.0,1.0,0.5,5.0,733,1078,0.20600272851296045,0.5247153647765692,-2.0292727394009398,-0.902079665347355,-0.9663956105935932,3843.5674862213336,-0.9615643251377867
168,atr,2.0,1.0,0.5,6.0,836,975,0.21052631578947367,0.5324024557701358,-1.9589020991376773,-0.9258249022550707,-0.9775499441325791,2576.334589558236,-0.9742366541044176
168,atr,2.0,1.0,0.5,8.0,1020,791,0.21666666666666667,0.5638359727387791,-1.873935849406411,-0.9572012277228733,-0.9898993364002758,1191.4905255650046,-0.9880850947443499
168,atr,2.0,1.0,0.5,12.0,1288,523,0.22282608695652173,0.5887767627089102,-1.8474041002303352,-0.9831520355036069,-0.9973920198407725,329.6032441215634,-0.9967039675587843
168,atr,2.0,1.0,0.5,,1811,0,0.2473771397018222,0.6570317095328407,-1.4498959899419621,-0.9953520190784977,-0.999598197940117,52.43527121036903,-0.9994756472878963
168,atr,2.0,1.0,1.0,1.0,170,1641,0.18823529411764706,0.42843665367511063,-2.3589345731967954,-0.5444804779049419,-0.6866316967575656,33441.338916254965,-0.6655866108374504
168,atr,2.0,1.0,1.0,2.0,307,1504,0.23127035830618892,0.533589458225648,-2.056213864947352,-0.6725852167590951,-0.8060137320684094,21573.129331976223,-0.7842687066802377
168,atr,2.0,1.0,1.0,3.0,415,1396,0.25301204819277107,0.5996557314052011,-1.7525738843637777,-0.7217080815964464,-0.8468079430199978,17456.149472488534,-0.8254385052751146
168,atr,2.0,1.0,1.0,4.0,514,1297,0.25680933852140075,0.6061640971989831,-1.6976509656782826,-0.7953204641619266,-0.9019493181524821,11409.421314963662,-0.8859057868503634
168,atr,2.0,1.0,1.0,5.0,612,1199,0.2581699346405229,0.6168942730779885,-1.6820856883040063,-0.8489477036394586,-0.9369314021538705,7431.892479179988,-0.9256810752082001
168,atr,2.0,1.0,1.0,6.0,708,1103,0.2612994350282486,0.6215973322817699,-1.6497338175204384,-0.890288830031724,-0.9603620109437226,4698.173149883493,-0.9530182685011651
168,atr,2.0,1.0,1.0,8.0,890,921,0.2573033707865168,0.606111307967873,-1.683806983428419,-0.9456086192833022,-0.9856932502228005,1733.5150970715106,-0.9826648490292849
168,atr,2.0,1.0,1.0,12.0,1157,654,0.25842696629213485,0.6111824622215257,-1.7336452648907905,-0.9824623292523555,-0.9972355339754038,361.66257588733777,-0.9963833742411267
168,atr,2.0,1.0,1.0,,1811,0,0.2865819988956378,0.6795694939521216,-1.358409308085116,-0.9983693696106651,-0.9999122370373376,11.995779856869659,-0.9998800422014313
168,atr,2.0,1.5,,1.0,106,1705,0.25471698113207547,0.5601099551952999,-1.9653501824973294,-0.33173451382556585,-0.45594382510850584,58645.40876308998,-0.4135459123691002
168,atr,2.0,1.5,,2.0,199,1612,0.27638190954773867,0.6325486321944577,-1.706314493370197,-0.46608794161334133,-0.6072947910180998,43125.62593182194,-0.5687437406817806
168,atr,2.0,1.5,,3.0,275,1536,0.28,0.639716442210667,-1.6318611840435444,-0.5725133620293265,-0.7156564577619444,31830.449139852175,-0.6816955086014782
168,atr,2.0,1.5,,4.0,356,1455,0.2949438202247191,0.6779094937314999,-1.4767095603375093,-0.6362023074493193,-0.7750501139958232,25732.85663466278,-0.7426714336533722
168,atr,2.0,1.5,,5.0,427,1384,0.2997658079625293,0.6926267814110854,-1.4467761990510937,-0.7025267433220084,-0.8320692467378966,19617.42809432819,-0.8038257190567182
168,atr,2.0,1.5,,6.0,507,1304,0.30177514792899407,0.7037325912411105,-1.4159018258964944,-0.7616042638642215,-0.878245614202874,14510.809780391977,-0.8548919021960802
168,atr,2.0,1.5,,8.0,632,1179,0.30063291139240506,0.7028436160212425,-1.3258412899294318,-0.8427503345754056,-0.9334685999188493,8080.448751495211,-0.9191955124850479
168,atr,2.0,1.5,,12.0,859,952,0.3061699650756694,0.7062114839270722,-1.221750172687559,-0.9314280497705787,-0.9800691517357979,2590.5159331965324,-0.9740948406680346
168,atr,2.0,1.5,,,1811,0,0.34014356709000554,0.6395064237151974,-0.5605835884140566,-0.9992576063357351,-0.999972148201955,4.035220047698998,-0.999959647799523
168,atr,2.0,1.5,0.5,1.0,153,1658,0.16339869281045752,0.44561147406928586,-2.3949337375588478,-0.4260931245734012,-0.5638555817443591,47013.28441579281,-0.5298671558420719
168,atr,2.0,1.5,0.5,2.0,278,1533,0.17266187050359713,0.4794013788276057,-2.2824180101201104,-0.5926631218418583,-0.7349128575660802,28828.432152340807,-0.7117156784765919
168,atr,2.0,1.5,0.5,3.0,385,1426,0.18181818181818182,0.5047730722910416,-2.0654086829321274,-0.6787445735016582,-0.8122225422237078,20767.45698410613,-0.7923254301589386
168,atr,2.0,1.5,0.5,4.0,483,1328,0.18840579710144928,0.5152807225218106,-1.9361798064457112,-0.7451790007306114,-0.8658743711923136,15162.394098489352,-0.8483760590151065
168,atr,2.0,1.5,0.5,5.0,579,1232,0.19170984455958548,0.5172610588291768,-1.9311645886285218,-0.8114875074859069,-0.913423056012468,9997.129431193374,-0.9000287056880663
168,atr,2.0,1.5,0.5,6.0,672,1139,0.19642857142857142,0.5325275769912018,-1.8854568985164224,-0.8537001760077574,-0.9400898459518576,7059.422113607318,-0.9294057788639268
168,atr,2.0,1.5,0.5,8.0,831,980,0.19494584837545126,0.5196770285903153,-1.8371257621314558,-0.9149776664737632,-0.9727630430406563,3287.560677069914,-0.9671243932293009
168,atr,2.0,1.5,0.5,12.0,1084,727,0.2047970479704797,0.5414743109267428,-1.6570602509895949,-0.9612259732087086,-0.9912922062756494,1126.9347820116238,-0.9887306521798838
168,atr,2.0,1.5,0.5,,1811,0,0.2390944229707344,0.5982007933143065,-1.0090406137175423,-0.9937095419086155,-0.9993795132678878,86.81955594864944,-0.9991318044405135
168,atr,2.0,1.5,1.0,1.0,120,1691,0.20833333333333334,0.48800676836013074,-2.1726508952488834,-0.3760054229460408,-0.5074969171337238,53088.34996227205,-0.4691165003772795
168,atr,2.0,1.5,1.0,2.0,223,1588,0.23766816143497757,0.577219305212797,-1.856205333349837,-0.5015069146243176,-0.6445567039432444,39033.64222098712,-0.6096635777901287
168,atr,2.0,1.5,1.0,3.0,317,1494,0.24290220820189273,0.5992584610150133,-1.7170512005785081,-0.5927189938034556,-0.734965665104313,29668.90631948611,-0.7033109368051389
168,atr,2.0,1.5,1.0,4.0,402,1409,0.2512437810945274,0.6133923728209789,-1.6451990192738994,-0.6728584999317493,-0.8072050191162597,22054.53708419182,-0.7794546291580818
168,atr,2.0,1.5,1.0,5.0,485,1326,0.2515463917525773,0.6163426509529848,-1.646574780821963,-0.7490608956237844,-0.8688316864336489,15322.892976166208,-0.846771070238338
168,atr,2.0,1.5,1.0,6.0,564,1247,0.2570921985815603,0.6339511037570666,-1.586734128445623,-0.799260279114762,-0.9051489054111201,11304.44855871214,-0.8869555144128786
168,atr,2.0,1.5,1.0,8.0,706,1105,0.2521246458923513,0.6251282879121349,-1.5148812990259253,-0.875974081226633,-0.9528676397117006,5724.37407573077,-0.9427562592426924
168,atr,2.0,1.5,1.0,12.0,941,870,0.2592986184909671,0.6394698311894284,-1.3660033632377908,-0.943752968874113,-0.9850530387564097,1942.7342349466187,-0.9805726576505338
168,atr,2.0,1.5,1.0,,1811,0,0.2849254555494202,0.6257576473818439,-0.9579929271474832,-0.9979688681445695,-0.9998798580825857,17.406383348638485,-0.9998259361665136
168,atr,2.0,2.0,,1.0,83,1728,0.2891566265060241,0.7028311387098222,-1.14841940708488,-0.1782368168034162,-0.263004147524028,78492.21912381014,-0.21507780876189864
168,atr,2.0,2.0,,2.0,156,1655,0.30128205128205127,0.7495513544570911,-1.0048485768317272,-0.27435966595502326,-0.41050332740940554,66851.163261444,-0.33148836738556
168,atr,2.0,2.0,,3.0,218,1593,0.3119266055045872,0.7664461338440391,-0.9393032589039739,-0.35302094715899224,-0.5050064046343175,57803.57137199695,-0.42196428628003047
168,atr,2.0,2.0,,4.0,280,1531,0.3107142857142857,0.754433546039507,-0.9874653542309142,-0.45168845540798175,-0.5919420879997994,46295.12719371178,-0.5370487280628822
168,atr,2.0,2.0,,5.0,337,1474,0.314540059347181,0.7612850499568975,-0.9309395342393247,-0.5193261544535868,-0.6633554119277151,38913.65034272868,-0.6108634965727132
168,atr,2.0,2.0,,6.0,394,1417,0.31218274111675126,0.7586829741516853,-0.9462813392270476,-0.5960113177748179,-0.7374816993943079,30862.159076034954,-0.6913784092396504
168,atr,2.0,2.0,,8.0,509,1302,0.3104125736738703,0.7593430493533864,-0.9747791711614683,-0.7197084447063593,-0.8454729025654315,18828.624144991107,-0.8117137585500889
168,atr,2.0,2.0,,12.0,708,1103,0.3093220338983051,0.739778810004058,-0.9578408631003231,-0.8647930856726953,-0.946400011212511,6983.101023557012,-0.9301689897644299
168,atr,2.0,2.0,,,237,1574,0.2616033755274262,0.5472572182417935,-0.503396533786476,-1.0,-1.0038215956526386,-576.9248502718189,-1.005769248502718
168,atr,2.0,2.0,0.5,1.0,113,1698,0.17699115044247787,0.5372565696724642,-1.7389283751806799,-0.2589013292928567,-0.3663808895933832,67554.97481478493,-0.3244502518521507
168,atr,2.0,2.0,0.5,2.0,219,1592,0.182648401826484,0.5607173238698294,-1.5991212414146978,-0.40747167569939513,-0.5416762204704604,49723.19395185407,-0.5027680604814593
168,atr,2.0,2.0,0.5,3.0,309,1502,0.18770226537216828,0.561838754747823,-1.5777006479745053,-0.5261607383572859,-0.6687330973509537,36491.12118833641,-0.6350887881166359
168,atr,2.0,2.0,0.5,4.0,390,1421,0.19743589743589743,0.5859570680497985,-1.4556685067162676,-0.5918763138216618,-0.7333099784217064,29924.658562487373,-0.7007534143751263
168,atr,2.0,2.0,0.5,5.0,464,1347,0.2025862068965517,0.5996714897549952,-1.3584491466686708,-0.6502265091211752,-0.7868476560075585,24343.25757045393,-0.7565674242954608
168,atr,2.0,2.0,0.5,6.0,537,1274,0.2048417132216015,0.6111797125252781,-1.3000728579237968,-0.7020815058949774,-0.8311603217331932,19687.047656900213,-0.8031295234309979
168,atr,2.0,2.0,0.5,8.0,676,1135,0.20562130177514792,0.6005744555797848,-1.357127526584695,-0.8104308707206325,-0.912435356640377,10588.668624745664,-0.8941133137525433
168,atr,2.0,2.0,0.5,12.0,914,897,0.20459518599562362,0.568884463970397,-1.360760342845543,-0.9160923713674892,-0.9731938117525788,3467.5833295245075,-0.965324166704755
168,atr,2.0,2.0,0.5,,1811,0,0.2473771397018222,0.5891919113212447,-0.5426671763767476,-0.9894424555622712,-0.9986794776060123,192.51416456415066,-0.9980748583543585
168,atr,2.0,2.0,1.0,1.0,89,1722,0.23595505617977527,0.6227127674853117,-1.4250967928945966,-0.2157936420390001,-0.31402525996311015,73336.39710143504,-0.26663602898564964
168,atr,2.0,2.0,1.0,2.0,170,1641,0.2647058823529412,0.7181269592836143,-1.095695593569099,-0.2950185624589402,-0.4177569000896708,64104.82079130794,-0.35895179208692063
168,atr,2.0,2.0,1.0,3.0,240,1571,0.2708333333333333,0.7360841111013496,-1.0038919473682426,-0.3738251104050566,-0.5162015547166862,55123.74894154581,-0.44876251058454186
168,atr,2.0,2.0,1.0,4.0,310,1501,0.2645161290322581,0.7224142279480101,-1.039310937525039,-0.4693621750857736,-0.6195731629034849,44143.7357244427,-0.558562642755573
168,atr,2.0,2.0,1.0,5.0,374,1437,0.2700534759358289,0.7306790051398621,-0.9595498582914549,-0.5313531433771808,-0.683580442202482,37507.56186725818,-0.6249243813274182
168,atr,2.0,2.0,1.0,6.0,440,1371,0.2681818181818182,0.7233465849140929,-0.9802552419450644,-0.6101885494965598,-0.7537493966930598,29301.72490432656,-0.7069827509567344
168,atr,2.0,2.0,1.0,8.0,567,1244,0.26278659611992944,0.7004117879462364,-1.088431571270046,-0.7497376197629895,-0.8689229894092843,15971.307346315967,-0.8402869265368403
168,atr,2.0,2.0,1.0,12.0,769,1042,0.26918075422626786,0.7043584524489248,-0.9890489914865461,-0.8651957303244164,-0.9466316842438658,6952.9182526464165,-0.9304708174735359
168,atr,2.0,2.0,1.0,,1811,0,0.30425179458862506,0.595651437798886,-0.37351971617964047,-0.9967459331790472,-0.999761009342219,36.07907847641561,-0.9996392092152359
168,atr,2.0,3.0,,1.0,62,1749,0.3387096774193548,0.903073126784242,-0.3707755730501178,-0.04924188586750178,-0.1595570060876741,95026.77436591029,-0.049732256340897174
168,atr,2.0,3.0,,2.0,117,1694,0.3333333333333333,0.8470269783337194,-0.5394053741720551,-0.12965746245408039,-0.2577919370569941,85236.77879187203,-0.14763221208127975
168,atr,2.0,3.0,,3.0,162,1649,0.345679012345679,0.8675371189676977,-0.4387354367176223,-0.15871682991057312,-0.2850917504764615,82697.130125346,-0.17302869874654003
168,atr,2.0,3.0,,4.0,206,1605,0.35436893203883496,0.8841542311206412,-0.33788402224483777,-0.18307700344867472,-0.32534280674882954,80933.60460662431,-0.1906639539337569
168,atr,2.0,3.0,,5.0,255,1556,0.35294117647058826,0.867953588956196,-0.37080051414842324,-0.24746143326408576,-0.39540903963602037,73326.72266587742,-0.2667327733412258
168,atr,2.0,3.0,,6.0,305,1506,0.3475409836065574,0.8502273514482629,-0.4297437896565321,-0.3255679665212664,-0.4876816028988693,63982.264909728176,-0.3601773509027183
168,atr,2.0,3.0,,8.0,398,1413,0.3442211055276382,0.829492537554184,-0.4796971716120222,-0.4495275236759978,-0.5977692346597466,49490.60905934114,-0.5050939094065885
168,atr,2.0,3.0,,12.0,570,1241,0.3298245614035088,0.7654412038401379,-0.6763218732520457,-0.7098422952880183,-0.8374956606493035,21015.564703349108,-0.7898443529665089
168,atr,2.0,3.0,,,231,1580,0.1341991341991342,0.2987626586418315,-0.6799648053086231,-1.0,-1.3045251434695528,-45761.893578283685,-1.4576189357828369
168,atr,2.0,3.0,0.5,1.0,77,1734,0.23376623376623376,0.7682772783598616,-0.7838018038234698,-0.09253416265402248,-0.1487081842775223,88807.60365939804,-0.11192396340601962
168,atr,2.0,3.0,0.5,2.0,146,1665,0.22602739726027396,0.7334599117583517,-0.9117441553725047,-0.19228615273394,-0.28116775457085663,76475.5166856726,-0.23524483314327405
168,atr,2.0,3.0,0.5,3.0,211,1600,0.2132701421800948,0.6778258544050259,-1.1009613145750892,-0.30190361859677506,-0.41839165313219395,63067.9387097086,-0.36932061290291396
168,atr,2.0,3.0,0.5,4.0,276,1535,0.21739130434782608,0.6959226763865511,-1.008266857462702,-0.36209726214774796,-0.4897840215582593,56507.28678429551,-0.4349271321570449
168,atr,2.0,3.0,0.5,5.0,336,1475,0.21726190476190477,0.6809548643384968,-1.0436307259167477,-0.44233145143226416,-0.5802733901150834,47449.44126579989,-0.5255055873420011
168,atr,2.0,3.0,0.5,6.0,399,1412,0.22055137844611528,0.6853084074974571,-1.0410382130397702,-0.511736245563287,-0.6539549382966445,40023.42316553127,-0.5997657683446873
168,atr,2.0,3.0,0.5,8.0,514,1297,0.2237354085603113,0.6743414729150009,-1.0503701353310153,-0.6276728892602441,-0.766576756687815,28047.400168780907,-0.7195259983121909
168,atr,2.0,3.0,0.5,12.0,710,1101,0.23098591549295774,0.6800694102127155,-0.9328901742322626,-0.7677987022672879,-0.8824239582407297,15205.298043292085,-0.8479470195670792
168,atr,2.0,3.0,0.5,,1811,0,0.28050800662617337,0.5558170036646309,-0.006319521821592287,-0.9794620417815196,-0.9965285152269836,521.6702796079392,-0.9947832972039206
168,atr,2.0,3.0,1.0,1.0,66,1745,0.3181818181818182,0.9039393180124576,-0.3631463930224568,-0.048769182398659905,-0.132244496141524,95095.40122364578,-0.04904598776354219
168,atr,2.0,3.0,1.0,2.0,127,1684,0.30708661417322836,0.858544483055117,-0.487421517828109,-0.12136111735910848,-0.23064545383218138,86419.37894506333,-0.1358062105493667
168,atr,2.0,3.0,1.0,3.0,176,1635,0.3125,0.8557890318975201,-0.4738423920317503,-0.17106894527374428,-0.2996042969280932,80939.52417998885,-0.19060475820011158
168,atr,2.0,3.0,1.0,4.0,226,1585,0.3230088495575221,0.8796017118501184,-0.3526718604376224,-0.19000826451140151,-0.3345544497812397,79938.18774083034,-0.20061812259169665
168,atr,2.0,3.0,1.0,5.0,279,1532,0.31899641577060933,0.8602034110908452,-0.391661388558739,-0.25638429650987526,-0.4078401076358076,72067.36399575177,-0.27932636004248224
168,atr,2.0,3.0,1.0,6.0,333,1478,0.3153153153153153,0.8447835192506696,-0.44013668832623604,-0.3306407762685485,-0.4844187996526683,63284.498563866466,-0.36715501436133535
168,atr,2.0,3.0,1.0,8.0,430,1381,0.313953488372093,0.8205836025141848,-0.48766455414237353,-0.458586267931377,-0.5979242021767814,48312.158805227984,-0.5168784119477201
168,atr,2.0,3.0,1.0,12.0,604,1207,0.3079470198675497,0.7809067814598885,-0.5726620801036238,-0.6793193971359566,-0.8120880779125528,24301.352031203583,-0.7569864796879642
168,atr,2.0,3.0,1.0,,237,1574,0.12236286919831224,0.38992202072806476,-1.5448343725022757,-1.0,-1.0006801323413228,-102.20549760900171,-1.00102205497609
168,atr,3.0,0.5,,1.0,189,1622,0.1693121693121693,0.43393745787252264,-2.3618902708288667,-0.6873555954964397,-0.8222979274652673,19743.594571137164,-0.8025640542886283
168,atr,3.0,0.5,,2.0,327,1484,0.21100917431192662,0.5513860891023937,-2.0803954451943203,-0.7975109872588275,-0.9045166528938964,11116.156228701542,-0.8888384377129845
168,atr,3.0,0.5,,3.0,437,1374,0.2219679633867277,0.5826306305477188,-1.9312267358068873,-0.8629726039256139,-0.9458482551222333,6522.2444371835645,-0.9347775556281643
168,atr,3.0,0.5,,4.0,559,1252,0.22719141323792486,0.6024457426177809,-1.8510823086872055,-0.9158908306189604,-0.9733461536073456,3295.327265524938,-0.9670467273447506
168,atr,3.0,0.5,,5.0,676,1135,0.22337278106508876,0.5960351836568435,-1.9672075670174347,-0.9554951967019129,-0.9894252807988009,1330.3729136037446,-0.9866962708639626
168,atr,3.0,0.5,,6.0,780,1031,0.21923076923076923,0.5812298058927511,-2.001794224766236,-0.9757872421873031,-0.9956316885109465,553.9135534027346,-0.9944608644659727
168,atr,3.0,0.5,,8.0,977,834,0.2241555783009212,0.5855536453455149,-1.8930920497737223,-0.9907442477211579,-0.9989191832680407,141.78341643332197,-0.9985821658356668
168,atr,3.0,0.5,,12.0,1274,537,0.22684458398744112,0.6245537775887223,-1.817552136210962,-0.9982161005145941,-0.9999010901294609,14.341850766461928,-0.9998565814923354
168,atr,3.0,0.5,,,1811,0,0.24572059635560464,0.6798585531212578,-1.4637011884778304,-0.9999315036769465,-0.9999991308406917,0.13398880099532667,-0.99999866011199
168,atr,3.0,0.5,0.5,1.0,287,1524,0.11846689895470383,0.35588763989739974,-2.8518907839857346,-0.8221627287894984,-0.9209240682836863,8700.664179890928,-0.9129933582010907
168,atr,3.0,0.5,0.5,2.0,471,1340,0.14225053078556263,0.43497426976579756,-2.578963265414728,-0.8990916818255607,-0.9652768241817036,3952.0950286359425,-0.9604790497136406
168,atr,3.0,0.5,0.5,3.0,626,1185,0.14376996805111822,0.434984400826261,-2.5649885313773866,-0.945088726710348,-0.9856515387838259,1669.605848540445,-0.9833039415145955
168,atr,3.0,0.5,0.5,4.0,770,1041,0.15584415584415584,0.46734402852412227,-2.402000435264882,-0.9645379622564105,-0.9923967137373777,908.9856605396968,-0.990910143394603
168,atr,3.0,0.5,0.5,5.0,898,913,0.15812917594654788,0.48685011639683784,-2.378397889867621,-0.9793295373697816,-0.9965282883027219,419.2105774000362,-0.9958078942259997
168,atr,3.0,0.5,0.5,6.0,1006,805,0.1610337972166998,0.5098739061349007,-2.2620277007770673,-0.9862366426470789,-0.9980768387951822,234.88398591111803,-0.9976511601408888
168,atr,3.0,0.5,0.5,8.0,1197,614,0.16875522138680032,0.5512096453657197,-2.0786748628876133,-0.9934664297085566,-0.9993482767130049,82.40903665974402,-0.9991759096334025
168,atr,3.0,0.5,0.5,12.0,1461,350,0.17522245037645448,0.5936411443962548,-1.9071076427799158,-0.9976847206957625,-0.9998555568005392,20.13758710108222,-0.9997986241289892
168,atr,3.0,0.5,0.5,,1811,0,0.18442849254555493,0.6210828281266684,-1.689834424863351,-0.9993357711137062,-0.9999764445297864,3.4215078171993802,-0.999965784921828
168,atr,3.0,0.5,1.0,1.0,257,1554,0.13229571984435798,0.38506535317520935,-2.70287922997195,-0.7830583942649383,-0.8947970356966948,11612.400988066589,-0.8838759901193342
168,atr,3.0,0.5,1.0,2.0,418,1393,0.15789473684210525,0.46927116279458075,-2.4011931117782273,-0.8707360114711545,-0.9502464745581605,5662.807503114301,-0.943371924968857
168,atr,3.0,0.5,1.0,3.0,555,1256,0.16936936936936936,0.48216865763235955,-2.274932525122706,-0.9188674917870528,-0.9747051334889111,2943.3439885078456,-0.9705665601149216
168,atr,3.0,0.5,1.0,4.0,685,1126,0.17956204379562044,0.507310432169962,-2.1315457443840087,-0.9489374346919687,-0.9870887049802017,1543.5670349134584,-0.9845643296508654
168,atr,3.0,0.5,1.0,5.0,797,1014,0.18193224592220827,0.5217365460337816,-2.0761041452376063,-0.9682995515353034,-0.9935393995182812,780.120094769301,-0.992198799052307
168,atr,3.0,0.5,1.0,6.0,903,908,0.18272425249169436,0.5333581486699549,-2.0386578014095837,-0.9809511205110673,-0.996916726366404,376.57352846938414,-0.9962342647153062
168,atr,3.0,0.5,1.0,8.0,1103,708,0.18766999093381687,0.5615583323911998,-2.000080314343602,-0.9924688514128012,-0.9991988928471062,101.29831179670863,-0.998987016882033
168,atr,3.0,0.5,1.0,12.0,1369,442,0.19722425127830534,0.6214909823360008,-1.7899704943402195,-0.997680746462412,-0.9998551965570401,20.18781054439526,-0.9997981218945561
168,atr,3.0,0.5,1.0,,1811,0,0.2109331860850359,0.6450852185315452,-1.5395615719133566,-0.9996629491651876,-0.9999912059711344,1.2773609796542802,-0.9999872263902034
168,atr,3.0,1.0,,1.0,132,1679,0.19696969696969696,0.5858768447495112,-1.7016417960070953,-0.42575541688016827,-0.567231592777863,47687.301878173384,-0.5231269812182662
168,atr,3.0,1.0,,2.0,228,1583,0.23684210526315788,0.7036949733478242,-1.2595465625388451,-0.5101055455248509,-0.6612230963950032,38981.48315974986,-0.6101851684025014
168,atr,3.0,1.0,,3.0,313,1498,0.23961661341853036,0.7071036352585962,-1.262297523871057,-0.6250930107286479,-0.7670228795190072,27316.76386425312,-0.7268323613574688
168,atr,3.0,1.0,,4.0,397,1414,0.2367758186397985,0.7079791892794389,-1.3202448838260226,-0.7292879041852258,-0.8548143982729225,17466.379001396956,-0.8253362099860304
168,atr,3.0,1.0,,5.0,478,1333,0.23221757322175732,0.7027306179314328,-1.3556635434830302,-0.806647574730672,-0.9109474418628992,10721.156076487909,-0.8927884392351209
168,atr,3.0,1.0,,6.0,561,1250,0.23529411764705882,0.7209513286000163,-1.3189818132157767,-0.8525463108365645,-0.9399227696188472,7377.887340114223,-0.9262211265988578
168,atr,3.0,1.0,,8.0,702,1109,0.23504273504273504,0.7131543928603246,-1.2519596640548798,-0.9144098491809984,-0.9727346383702378,3478.4753208007282,-0.9652152467919928
168,atr,3.0,1.0,,12.0,951,860,0.24185068349106204,0.701535948888479,-1.0931356061185595,-0.9672839427572236,-0.9932546308790737,947.1291998905601,-0.9905287080010944
168,atr,3.0,1.0,,,1811,0,0.27112092766427387,0.6489212424448567,-0.31882207156224995,-0.9998684129572116,-0.9999977625276466,0.3558137647108425,-0.9999964418623529
168,atr,3.0,1.0,0.5,1.0,201,1610,0.11442786069651742,0.4007121108687252,-2.7332631417441906,-0.610566364432907,-0.7537977771686029,27129.33644717674,-0.7287066355282326
168,atr,3.0,1.0,0.5,2.0,343,1468,0.13119533527696792,0.45828878100330994,-2.428365296226954,-0.7471780692506894,-0.8685386399327235,14643.424307586647,-0.8535657569241335
168,atr,3.0,1.0,0.5,3.0,468,1343,0.13675213675213677,0.48193071724371345,-2.2424791948122067,-0.817944363305704,-0.9184031897156663,9365.854724737635,-0.9063414527526237
168,atr,3.0,1.0,0.5,4.0,578,1233,0.14013840830449828,0.5049703001935849,-2.0826598947232253,-0.8676173625592076,-0.948630808980224,6053.092259225224,-0.9394690774077478
168,atr,3.0,1.0,0.5,5.0,675,1136,0.1437037037037037,0.5112344443437484,-1.9699528945146485,-0.9024298720499595,-0.9670206803469594,3938.995939228962,-0.9606100406077104
168,atr,3.0,1.0,0.5,6.0,764,1047,0.14921465968586387,0.535675113329818,-1.8647314912276665,-0.9243318622907896,-0.9772021824407304,2765.267136021273,-0.9723473286397872
168,atr,3.0,1.0,0.5,8.0,932,879,0.15236051502145923,0.5458119689573528,-1.7224859507117551,-0.9559439615848175,-0.9896075499658035,1308.9698053777688,-0.9869103019462223
168,atr,3.0,1.0,0.5,12.0,1191,620,0.16624685138539042,0.5916119178972831,-1.4816744527287475,-0.9788991485403943,-0.9964323370201652,500.065450386032,-0.9949993454961397
168,atr,3.0,1.0,0.5,,1811,0,0.18884594146880176,0.6271611260281295,-0.9467761159607735,-0.9966486235110025,-0.9997534982800972,37.16577815401745,-0.9996283422184599
168,atr,3.0,1.0,1.0,1.0,157,1654,0.16560509554140126,0.5194561693704831,-1.9543268184117282,-0.480501902495704,-0.6258392947389722,41229.244568156166,-0.5877075543184384
168,atr,3.0,1.0,1.0,2.0,283,1528,0.18374558303886926,0.5890281706920827,-1.7529288629708026,-0.6301550129649263,-0.7718778948399063,25914.78707627771,-0.740852129237223
168,atr,3.0,1.0,1.0,3.0,380,1431,0.18947368421052632,0.612186312424827,-1.5988370786481627,-0.7084582360106235,-0.8383110959176177,18958.16036857856,-0.8104183963142144
168,atr,3.0,1.0,1.0,4.0,478,1333,0.18828451882845187,0.6192634305254423,-1.5444109986431342,-0.79196458710349,-0.9009591930680436,11914.985025371874,-0.8808501497462813
168,atr,3.0,1.0,1.0,5.0,564,1247,0.1879432624113475,0.6283797765306434,-1.4765582230115077,-0.8383187881129456,-0.9313230776868723,8268.106142872555,-0.9173189385712744
168,atr,3.0,1.0,1.0,6.0,650,1161,0.19076923076923077,0.6488373028518085,-1.4347746892628055,-0.8802300996077573,-0.9555830891687638,5454.694932334401,-0.945453050676656
168,atr,3.0,1.0,1.0,8.0,811,1000,0.18865598027127004,0.6320924572430067,-1.398591726304018,-0.9334248512701745,-0.9810704807035999,2415.0006371187333,-0.9758499936288126
168,atr,3.0,1.0,1.0,12.0,1071,740,0.19794584500466852,0.6204954321264995,-1.266370771061674,-0.9742123678880727,-0.9952257749804212,670.3573728623746,-0.9932964262713763
168,atr,3.0,1.0,1.0,,1811,0,0.22473771397018222,0.6490347037023845,-0.7573429323428754,-0.9987792526404337,-0.9999431396658024,9.042207624400207,-0.999909577923756
168,atr,3.0,1.5,,1.0,94,1717,0.22340425531914893,0.6732992524878604,-1.1709855357972305,-0.240805669939803,-0.351486515789461,69141.3156652508,-0.308586843347492
168,atr,3.0,1.5,,2.0,171,1640,0.22807017543859648,0.7022494116210949,-1.1505339568381483,-0.3752644478063826,-0.5100111230670497,53631.87968339677,-0.46368120316603223
168,atr,3.0,1.5,,3.0,241,1570,0.23236514522821577,0.7101758875940783,-1.0822674329610493,-0.4795520733722539,-0.6236370038471897,42459.37326674607,-0.5754062673325393
168,atr,3.0,1.5,,4.0,305,1506,0.2360655737704918,0.7237405794627562,-1.0217926927911527,-0.5668814210521953,-0.7117629480890746,33575.08592599398,-0.6642491407400601
168,atr,3.0,1.5,,5.0,367,1444,0.23433242506811988,0.7288035914666762,-1.0489443626509365,-0.6530380841943353,-0.7911429196075443,25116.672255931164,-0.7488332774406883
168,atr,3.0,1.5,,6.0,434,1377,0.23271889400921658,0.7381040189100848,-1.0183133211498256,-0.7224388685709349,-0.8489642160373865,18650.179294471855,-0.8134982070552814
168,atr,3.0,1.5,,8.0,549,1262,0.24043715846994534,0.7647950600102215,-0.828280035473674,-0.788774376181048,-0.8984195867520154,12962.212460680475,-0.8703778753931952
168,atr,3.0,1.5,,12.0,760,1051,0.25,0.7583173685214425,-0.720465289542706,-0.8998041921120552,-0.9656134924370546,4927.50965629573,-0.9507249034370427
168,atr,3.0,1.5,,,234,1577,0.1623931623931624,0.503922526016917,-0.9893385352648537,-1.0,-1.0457990651150735,-7690.264118948694,-1.0769026411894869
168,atr,3.0,1.5,0.5,1.0,144,1667,0.11805555555555555,0.4328718041041756,-2.2096972701491007,-0.4136214221618535,-0.5524501339232785,47513.49846848118,-0.5248650153151881
168,atr,3.0,1.5,0.5,2.0,248,1563,0.13306451612903225,0.49733269599724095,-1.9135136650880646,-0.544765332247134,-0.6901420457522229,33444.99431204807,-0.6655500568795194
168,atr,3.0,1.5,0.5,3.0,348,1463,0.13505747126436782,0.5043519794504167,-1.8075634121539768,-0.6532244643929013,-0.7913058473099397,23126.584461985112,-0.7687341553801489
168,atr,3.0,1.5,0.5,4.0,439,1372,0.13895216400911162,0.5178744715030783,-1.6976720888525287,-0.7228590962158493,-0.8492962156501226,17253.324245678865,-0.8274667575432113
168,atr,3.0,1.5,0.5,5.0,527,1284,0.1442125237191651,0.5340862965682505,-1.5692955067909038,-0.7748294676313532,-0.8885358356418005,13181.576963449039,-0.8681842303655096
168,atr,3.0,1.5,0.5,6.0,614,1197,0.1465798045602606,0.5359425366108418,-1.496811469774161,-0.8234161763717768,-0.9216893183318489,9513.384178593642,-0.9048661582140636
168,atr,3.0,1.5,0.5,8.0,763,1048,0.15072083879423329,0.5420933945806926,-1.328257156317219,-0.8855489902807931,-0.9582850018243968,5339.455207783385,-0.9466054479221662
168,atr,3.0,1.5,0.5,12.0,999,812,0.16316316316316315,0.5715994066380773,-1.0815222273965603,-0.9396807754275911,-0.9835452112930111,2367.457877901893,-0.9763254212209811
168,atr,3.0,1.5,0.5,,1811,0,0.2037548315847598,0.5039216697657218,-0.22741649223029334,-0.9933666207026718,-0.9993334015357507,106.8898135483217,-0.9989311018645168
168,atr,3.0,1.5,1.0,1.0,115,1696,0.16521739130434782,0.532784638435284,-1.7538544702191803,-0.340836754663951,-0.46955054673010843,56314.415880587374,-0.43685584119412624
168,atr,3.0,1.5,1.0,2.0,204,1607,0.17647058823529413,0.5944089516141441,-1.5504918844210114,-0.4642275972173264,-0.6074351983486377,42906.80164909431,-0.5709319835090569
168,atr,3.0,1.5,1.0,3.0,284,1527,0.18309859154929578,0.6286877025592537,-1.3752528475268164,-0.5489302625671195,-0.6942508403569179,34493.07670515159,-0.6550692329484842
168,atr,3.0,1.5,1.0,4.0,362,1449,0.1878453038674033,0.6450775570098568,-1.249468510047634,-0.6277851770511743,-0.76870617255936,26942.09533086459,-0.7305790466913541
168,atr,3.0,1.5,1.0,5.0,445,1366,0.18651685393258427,0.641618750943404,-1.2550105016828141,-0.7113991012303715,-0.8401613588347634,19221.827464201462,-0.8077817253579853
168,atr,3.0,1.5,1.0,6.0,513,1298,0.19103313840155944,0.6618896096251585,-1.149115199806235,-0.756077004607746,-0.8748033503470274,15459.514969466412,-0.8454048503053359
168,atr,3.0,1.5,1.0,8.0,640,1171,0.196875,0.6799384249880355,-0.9821588931573717,-0.825404167569667,-0.9229665082292385,9829.891954495506,-0.9017010804550449
168,atr,3.0,1.5,1.0,12.0,861,950,0.20789779326364694,0.7030330749617977,-0.7787324774661104,-0.9089224630660204,-0.9700633011057569,4289.862022450918,-0.9571013797754908
168,atr,3.0,1.5,1.0,,1811,0,0.24461623412479294,0.5161188568672838,-0.1105849131138305,-0.9981785574837616,-0.999897996573652,17.127714019555754,-0.9998287228598044
168,atr,3.0,2.0,,1.0,78,1733,0.2564102564102564,0.8182713359407171,-0.6084276965446529,-0.11449715553761919,-0.20560633566684505,86378.91511059926,-0.13621084889400736
168,atr,3.0,2.0,,2.0,146,1665,0.2465753424657534,0.7780750545465336,-0.8047973513329479,-0.24910011280283428,-0.359211872348968,70352.89470639025,-0.29647105293609755
168,atr,3.0,2.0,,3.0,199,1612,0.2613065326633166,0.809345248595592,-0.6280556390613368,-0.29255702333918,-0.4154596684894051,66298.98433903528,-0.3370101566096473
168,atr,3.0,2.0,,4.0,256,1555,0.26171875,0.8047527410528764,-0.6153781489712273,-0.37602075399399193,-0.5103049057255764,56758.30787270477,-0.4324169212729523
168,atr,3.0,2.0,,5.0,311,1500,0.26366559485530544,0.8067182594201636,-0.5920381624037648,-0.44569900163261167,-0.5876767617499312,49077.156676223996,-0.50922843323776
168,atr,3.0,2.0,,6.0,363,1448,0.2644628099173554,0.8103355035516346,-0.5819585842655695,-0.5087030787303533,-0.6539564968759143,42459.55631272477,-0.5754044368727522
168,atr,3.0,2.0,,8.0,475,1336,0.2673684210526316,0.8210026161873,-0.5269067384069919,-0.6225567203509483,-0.7650791458758172,30763.19385592001,-0.6923680614407999
168,atr,3.0,2.0,,12.0,657,1154,0.2694063926940639,0.7950032533740107,-0.49896286410223,-0.7944880381517813,-0.9024124458170941,13663.058309608348,-0.8633694169039166
168,atr,3.0,2.0,,,234,1577,0.09829059829059829,0.3508954798777194,-1.1284329423633759,-1.0,-1.1976086687413359,-32307.103262309574,-1.3230710326230957
168,atr,3.0,2.0,0.5,1.0,108,1703,0.1388888888888889,0.5603563913179586,-1.4866978538645446,-0.23800263200275573,-0.345411752991984,69447.96280890312,-0.3055203719109688
168,atr,3.0,2.0,0.5,2.0,206,1605,0.14563106796116504,0.6148481103627544,-1.3438142100153418,-0.3713653330268686,-0.5049896225791402,54507.92429038303,-0.45492075709616964
168,atr,3.0,2.0,0.5,3.0,289,1522,0.1453287197231834,0.5969979831621453,-1.3719024053365716,-0.4927099620298355,-0.6374760973204091,40913.342362064395,-0.590866576379356
168,atr,3.0,2.0,0.5,4.0,367,1444,0.14986376021798364,0.5976374538273656,-1.3006870870466782,-0.5712802859705572,-0.7160823023685422,32917.39792551275,-0.6708260207448725
168,atr,3.0,2.0,0.5,5.0,437,1374,0.15560640732265446,0.6173696353046031,-1.1728378636042176,-0.6205741896156085,-0.7622346214975597,28308.454141960327,-0.7169154585803967
168,atr,3.0,2.0,0.5,6.0,512,1299,0.16015625,0.6341031565817871,-1.0968940466610544,-0.6725037948905281,-0.8079954339562622,23565.59956105165,-0.7643440043894835
168,atr,3.0,2.0,0.5,8.0,643,1168,0.16640746500777606,0.6400280281306729,-0.9975903522155762,-0.7640958117938514,-0.8807687928031959,15047.73000235659,-0.849522699976434
168,atr,3.0,2.0,0.5,12.0,876,935,0.1689497716894977,0.6103881352731325,-0.9263549615197879,-0.8851988441275478,-0.9581109425710722,5832.807439787305,-0.941671925602127
168,atr,3.0,2.0,0.5,,1811,0,0.22197680839315295,0.48667031571712277,0.14243979485694508,-0.984306242608463,-0.9976723112899099,363.2587984990883,-0.9963674120150091
168,atr,3.0,2.0,1.0,1.0,85,1726,0.2,0.6993944081071761,-0.9967262538063513,-0.17042752629879698,-0.2594364845136322,78569.43309967195,-0.21430566900328052
168,atr,3.0,2.0,1.0,2.0,160,1651,0.2125,0.7649142595949181,-0.8206082464950728,-0.25154503709519993,-0.36223988874690227,70020.44516555057,-0.2997955483444943
168,atr,3.0,2.0,1.0,3.0,225,1586,0.2088888888888889,0.7551309644577328,-0.8314094906576045,-0.34833372241504423,-0.4784324716058781,58844.51367334457,-0.4115548632665543
168,atr,3.0,2.0,1.0,4.0,293,1518,0.20477815699658702,0.7400451229955817,-0.850367863769535,-0.4448609331923803,-0.5867710278175021,47895.471078401104,-0.5210452892159889
168,atr,3.0,2.0,1.0,5.0,351,1460,0.21082621082621084,0.7535567389759626,-0.772837686260857,-0.4977318259123712,-0.6426766618099744,42530.74245062959,-0.5746925754937041
168,atr,3.0,2.0,1.0,6.0,413,1398,0.21307506053268765,0.7580869689430385,-0.7379716795970438,-0.5595028212666386,-0.7046843116480928,36235.250731213964,-0.6376474926878604
168,atr,3.0,2.0,1.0,8.0,535,1276,0.21869158878504674,0.7656566764702982,-0.6776740968981327,-0.6725955535478927,-0.8080735617129008,25022.00046905821,-0.749779995309418
168,atr,3.0,2.0,1.0,12.0,737,1074,0.22388059701492538,0.7559604608369573,-0.5567875082743463,-0.8136141945099218,-0.9153205104320958,11855.823350441255,-0.8814417664955875
168,atr,3.0,2.0,1.0,,1811,0,0.27332965212589727,0.4708469876905842,0.2918271707637655,-0.9957325304354112,-0.9996488267645447,57.4134224630877,-0.9994258657753691
168,atr,3.0,3.0,,1.0,55,1756,0.3090909090909091,1.1370260421920066,0.2348444051019901,0.022802782493422047,-0.1087176247211864,106540.53846708211,0.06540538467082113
168,atr,3.0,3.0,,2.0,101,1710,0.32673267326732675,1.189099592078143,0.47631864959864934,0.09171177276503073,-0.18236292415032285,117122.5828971019,0.1712258289710189
168,atr,3.0,3.0,,3.0,142,1669,0.33098591549295775,1.1862108844496344,0.5332445130162167,0.1353224659267407,-0.23859122419061363,123978.80316941884,0.2397880316941885
168,atr,3.0,3.0,,4.0,183,1628,0.33879781420765026,1.1962399018458163,0.609409969165747,0.19404911506866473,-0.2963958246318311,133400.9371093009,0.334009371093009
168,atr,3.0,3.0,,5.0,229,1582,0.3318777292576419,1.1326128265230073,0.5478584817749318,0.16700333377607768,-0.3594155279805413,129035.00792851546,0.29035007928515455
168,atr,3.0,3.0,,6.0,279,1532,0.3225806451612903,1.0669570673382707,0.46438206586460995,0.09856308163197158,-0.40899629827002315,118191.64291004,0.18191642910040007
168,atr,3.0,3.0,,8.0,365,1446,0.3178082191780822,1.0074088511751267,0.40749307794232614,-0.0036713954879207256,-0.5117962811538947,102558.88306850918,0.025588830685091768
168,atr,3.0,3.0,,12.0,531,1280,0.3069679849340866,0.9000781048206508,0.24788141347624948,-0.34131173156966566,-0.698160189561566,57865.29740612985,-0.42134702593870144
168,atr,3.0,3.0,,,231,1580,0.012987012987012988,0.05442524276101162,-0.9426886083951239,-1.0,-1.1764133917768314,-18719.55659978593,-1.1871955659978592
168,atr,3.0,3.0,0.5,1.0,74,1737,0.1891891891891892,0.8664390850534399,-0.4564552248112219,-0.06604662421667828,-0.12639126407499568,93367.17043250662,-0.06632829567493381
168,atr,3.0,3.0,0.5,2.0,140,1671,0.19285714285714287,0.8826782489658725,-0.2948906003787765,-0.09521282214627602,-0.22082485535639595,89162.4904469023,-0.10837509553097702
168,atr,3.0,3.0,0.5,3.0,204,1607,0.18627450980392157,0.8461349296028782,-0.3328136628271241,-0.15401514836237262,-0.2936332930295653,80871.61600797964,-0.1912838399202036
168,atr,3.0,3.0,0.5,4.0,268,1543,0.19029850746268656,0.8618378968539105,-0.21962659111137614,-0.17471418510846692,-0.3696043495405835,78013.74166112342,-0.21986258338876574
168,atr,3.0,3.0,0.5,5.0,326,1485,0.19325153374233128,0.8476112173765564,-0.20980333382374014,-0.2248657395258561,-0.4366964623051187,71224.01987710776,-0.2877598012289224
168,atr,3.0,3.0,0.5,6.0,388,1423,0.1958762886597938,0.840676902136769,-0.18850289560244896,-0.2809619913299469,-0.5195675409290053,63861.98739395169,-0.3613801260604831
168,atr,3.0,3.0,0.5,8.0,495,1316,0.19797979797979798,0.8148447934520184,-0.17100208586871907,-0.38509734206326385,-0.6178073515277387,50881.47729200533,-0.4911852270799467
168,atr,3.0,3.0,0.5,12.0,683,1128,0.20644216691068815,0.7965387165166704,-0.08929047684627048,-0.5491673650541078,-0.7713746048648387,33362.79960237711,-0.6663720039762289
168,atr,3.0,3.0,0.5,,1811,0,0.26339039204859194,0.6656837753403362,0.7129090556374899,-0.9272049269957394,-0.986867115169331,2361.035984959092,-0.9763896401504091
168,atr,3.0,3.0,1.0,1.0,63,1748,0.25396825396825395,0.9809012640703455,-0.1419630199519217,-0.027540479358515557,-0.13298425694403582,99009.7951678383,-0.009902048321617007
168,atr,3.0,3.0,1.0,2.0,119,1692,0.2605042016806723,1.023400556811288,0.10039667110849589,-0.005247570180590633,-0.2214543549918453,102323.32385150937,0.023233238515093735
168,atr,3.0,3.0,1.0,3.0,165,1646,0.2727272727272727,1.0544030972578124,0.26072003401799126,0.0314130982474079,-0.2932338738630893,107845.64968048426,0.07845649680484268
168,atr,3.0,3.0,1.0,4.0,213,1598,0.28169014084507044,1.0903322190366789,0.41125596255594055,0.08968504673823774,-0.3376695750977077,116806.91837777395,0.1680691837777395
168,atr,3.0,3.0,1.0,5.0,264,1547,0.2803030303030303,1.065053157862198,0.4091344419830771,0.07924524965411117,-0.40772782730651214,115185.12183514472,0.1518512183514471
168,atr,3.0,3.0,1.0,6.0,318,1493,0.27672955974842767,1.0239534220821247,0.3641595908063885,0.025662415194303678,-0.4935135796400859,106973.43908680722,0.06973439086807232
168,atr,3.0,3.0,1.0,8.0,408,1403,0.2769607843137255,0.9841025204715788,0.34631885391192146,-0.06094367240479681,-0.5917751712299988,94109.00467624723,-0.05890995323752768
168,atr,3.0,3.0,1.0,12.0,575,1236,0.27652173913043476,0.9174825858188648,0.27795169345059045,-0.32326208597225525,-0.7601418503694615,60182.46669212404,-0.39817533307875963
168,atr,3.0,3.0,1.0,,235,1576,0.01276595744680851,0.07447162388257172,0.39465711081191573,-1.0,-1.0120186803642113,-1275.3247645575732,-1.0127532476455758
168,atr,4.0,0.5,,1.0,178,1633,0.1348314606741573,0.458673855420065,-2.3263258215021403,-0.6824672645913987,-0.8204695402861463,20633.786462822463,-0.7936621353717754
168,atr,4.0,0.5,,2.0,299,1512,0.1705685618729097,0.5818824343992084,-1.9195625302853645,-0.7820434599935333,-0.8969920002100714,12402.837764954558,-0.8759716223504544
168,atr,4.0,0.5,,3.0,404,1407,0.1782178217821782,0.6091438498714351,-1.797482038125919,-0.8587586025642212,-0.9446130720883055,6841.2539120518895,-0.9315874608794811
168,atr,4.0,0.5,,4.0,497,1314,0.17706237424547283,0.6311224444007097,-1.7685254573993103,-0.914124673794968,-0.9731120903616632,3437.8168366867108,-0.9656218316331329
168,atr,4.0,0.5,,5.0,610,1201,0.17868852459016393,0.6268886768128723,-1.7651341492398236,-0.9498521139054192,-0.9877825235974571,1571.9997273343556,-0.9842800027266565
168,atr,4.0,0.5,,6.0,698,1113,0.18051575931232092,0.6298657470012754,-1.6604609107512018,-0.9668578105828611,-0.9932544696627642,878.9521029345907,-0.9912104789706541
168,atr,4.0,0.5,,8.0,873,938,0.18556701030927836,0.6295496714644064,-1.5862147298662277,-0.9861358253014687,-0.9980975706427676,258.01812179682145,-0.9974198187820318
168,atr,4.0,0.5,,12.0,1152,659,0.1875,0.6275100132005837,-1.4961490657205199,-0.9973732687308777,-0.9998301777055725,25.75754927303845,-0.9997424245072696
168,atr,4.0,0.5,,,1811,0,0.21258972943125345,0.6716574450981422,-0.9896343099500934,-0.999982784483881,-0.9999998855206144,0.019643761481157235,-0.9999998035623852
168,atr,4.0,0.5,0.5,1.0,283,1528,0.09187279151943463,0.3954766767177018,-3.0166561081052774,-0.824007718384459,-0.9237647942992271,8756.713190838182,-0.9124328680916182
168,atr,4.0,0.5,0.5,2.0,449,1362,0.1091314031180401,0.4504437265951617,-2.63720301162199,-0.8979221088233049,-0.9654396977481168,4018.6959136471573,-0.9598130408635285
168,atr,4.0,0.5,0.5,3.0,601,1210,0.11480865224625623,0.4752879853578063,-2.5313707991030694,-0.9432267533628842,-0.9854369073221928,1775.197633254746,-0.9822480236674526
168,atr,4.0,0.5,0.5,4.0,722,1089,0.11772853185595568,0.49939772732223014,-2.3897393066274257,-0.9635545008825863,-0.9922563579466047,966.1381160765336,-0.9903386188392347
168,atr,4.0,0.5,0.5,5.0,839,972,0.12157330154946365,0.5102504337053623,-2.3040386199914136,-0.9772570052448852,-0.9962247834083032,495.0272771147428,-0.9950497272288525
168,atr,4.0,0.5,0.5,6.0,946,865,0.12473572938689217,0.5313832573342051,-2.1580614713875765,-0.9849773967264304,-0.9979265746750307,274.0241062634096,-0.997259758937366
168,atr,4.0,0.5,0.5,8.0,1137,674,0.1310466138962181,0.5610680984561521,-1.9822204109739374,-0.9931786130234851,-0.9993323043087494,90.65682292300951,-0.9990934317707699
168,atr,4.0,0.5,0.5,12.0,1397,414,0.14173228346456693,0.6065743878237162,-1.7021245317548062,-0.9972911139911721,-0.9998224092160127,26.536558715372433,-0.9997346344128463
168,atr,4.0,0.5,0.5,,1811,0,0.1518498067366096,0.6277910142004145,-1.4195887637408806,-0.9994868062961693,-0.9999841488228844,2.5542504107350306,-0.9999744574958926
168,atr,4.0,0.5,1.0,1.0,243,1568,0.1111111111111111,0.4330446078016215,-2.6406092317255037,-0.7598995974196451,-0.8803740328512543,13748.84610383116,-0.8625115389616884
168,atr,4.0,0.5,1.0,2.0,392,1419,0.125,0.48168316707229336,-2.381177701525088,-0.8657048656784294,-0.9485248495216145,5985.566195983943,-0.9401443380401606
168,atr,4.0,0.5,1.0,3.0,528,1283,0.13636363636363635,0.5141524379239832,-2.1939897678266846,-0.9144982257354665,-0.9736043387467005,3217.5525090530814,-0.9678244749094692
168,atr,4.0,0.5,1.0,4.0,637,1174,0.13657770800627944,0.537176204003889,-2.119838048109928,-0.948328249773969,-0.9871429987646433,1604.1081013648868,-0.9839589189863511
168,atr,4.0,0.5,1.0,5.0,732,1079,0.1407103825136612,0.5420615568664017,-1.96889096937537,-0.9646145883764154,-0.9928259395595651,940.7024787652924,-0.9905929752123471
168,atr,4.0,0.5,1.0,6.0,834,977,0.14268585131894485,0.5577209747348331,-1.8743864022966388,-0.9778332644567912,-0.99635180820916,482.14540592496945,-0.9951785459407503
168,atr,4.0,0.5,1.0,8.0,1017,794,0.14749262536873156,0.5646690860694348,-1.7808325650662244,-0.9905304924817284,-0.9989227069229764,145.98189465133268,-0.9985401810534866
168,atr,4.0,0.5,1.0,12.0,1287,524,0.1585081585081585,0.619243365121284,-1.5940938294062141,-0.9972496877897932,-0.9998184511698334,27.127991009777062,-0.9997287200899022
168,atr,4.0,0.5,1.0,,1811,0,0.17393705135284374,0.651262675178362,-1.2500333309684228,-0.9997596454928965,-0.9999947324939572,0.8488031756335134,-0.9999915119682437
168,atr,4.0,1.0,,1.0,122,1689,0.1721311475409836,0.6196663956548316,-1.3340187652554516,-0.3742784554056424,-0.5126431458756597,52657.26488333068,-0.4734273511666932
168,atr,4.0,1.0,,2.0,210,1601,0.19047619047619047,0.6625787886345879,-1.2496505728196494,-0.5151287949353549,-0.663496923123305,37755.62199936968,-0.6224437800063032
168,atr,4.0,1.0,,3.0,287,1524,0.1951219512195122,0.6771462219531968,-1.1775001744065454,-0.6197557121375246,-0.7635875520452057,27620.419162260387,-0.7237958083773961
168,atr,4.0,1.0,,4.0,356,1455,0.199438202247191,0.7163331873770733,-1.084529991821622,-0.689079786285312,-0.8235131761573015,21426.53917057251,-0.7857346082942749
168,atr,4.0,1.0,,5.0,429,1382,0.19813519813519814,0.7229944369367444,-1.0274322770756867,-0.7546559931361554,-0.874887480511543,15339.894838353057,-0.8466010516164695
168,atr,4.0,1.0,,6.0,504,1307,0.20238095238095238,0.7382989042646639,-0.9384048312187678,-0.805902313423464,-0.9109746666173505,11134.773850000318,-0.8886522614999968
168,atr,4.0,1.0,,8.0,644,1167,0.20186335403726707,0.7291870404274621,-0.8825499294171475,-0.8876289443530759,-0.9597498132988613,5358.724480901496,-0.946412755190985
168,atr,4.0,1.0,,12.0,885,926,0.20903954802259886,0.7071300027259337,-0.7693481666058941,-0.9572631360778973,-0.9901148531277669,1518.1915683378986,-0.984818084316621
168,atr,4.0,1.0,,,234,1577,0.14102564102564102,0.5280521115896296,-1.2016878739459833,-1.0,-1.05710972389898,-9975.222585657186,-1.099752225856572
168,atr,4.0,1.0,0.5,1.0,177,1634,0.1016949152542373,0.42097456379189335,-2.207569947183387,-0.5460985170885759,-0.6942567752913296,33034.52456556736,-0.6696547543443264
168,atr,4.0,1.0,0.5,2.0,309,1502,0.11003236245954692,0.4474175289421524,-2.026681076423964,-0.7033778353981002,-0.8351769906452925,18186.581253974422,-0.8181341874602558
168,atr,4.0,1.0,0.5,3.0,431,1380,0.1136890951276102,0.4596043561350454,-1.9141627020834182,-0.7928209989584292,-0.9021292661711551,11134.425473442225,-0.8886557452655778
168,atr,4.0,1.0,0.5,4.0,536,1275,0.11940298507462686,0.5019221143186327,-1.7454503105137342,-0.8420260380957341,-0.9339884185121143,7811.879381304683,-0.9218812061869531
168,atr,4.0,1.0,0.5,5.0,632,1179,0.12183544303797468,0.500534489822694,-1.6697985342201178,-0.8832649103300196,-0.957459715562244,5168.57486822934,-0.9483142513177066
168,atr,4.0,1.0,0.5,6.0,719,1092,0.12795549374130738,0.5290230323350614,-1.5028045629274216,-0.9051703423709639,-0.9685433481934553,3936.367698169599,-0.960636323018304
168,atr,4.0,1.0,0.5,8.0,889,922,0.12935883014623173,0.5287792604524368,-1.3937619881925243,-0.9459413714299246,-0.986093540542856,1855.5153540449276,-0.9814448464595508
168,atr,4.0,1.0,0.5,12.0,1131,680,0.138815207780725,0.5543300033449152,-1.1422113839022814,-0.9743406800004222,-0.9952880874325731,715.5807025764271,-0.9928441929742358
168,atr,4.0,1.0,0.5,,1811,0,0.1695196024295969,0.5235299640714989,-0.35277707547628506,-0.9966187787768358,-0.9997517708274675,40.85763717376196,-0.9995914236282624
168,atr,4.0,1.0,1.0,1.0,137,1674,0.13138686131386862,0.5124932910273483,-1.646393148062319,-0.43801067812441885,-0.5830450975404246,45050.57137785855,-0.5494942862214145
168,atr,4.0,1.0,1.0,2.0,253,1558,0.1422924901185771,0.5445344457255642,-1.5956353885662513,-0.6114847196448577,-0.7560822366013397,27367.556217579757,-0.7263244378242024
168,atr,4.0,1.0,1.0,3.0,345,1466,0.14492753623188406,0.5661746596568638,-1.5143576038847542,-0.7054974500873331,-0.836884834878947,19056.988205740694,-0.8094301179425931
168,atr,4.0,1.0,1.0,4.0,437,1374,0.15331807780320367,0.6128345626218822,-1.321764338393476,-0.7639593721845275,-0.8817183994821891,14360.082477951706,-0.8563991752204829
168,atr,4.0,1.0,1.0,5.0,524,1287,0.15267175572519084,0.6078637063485991,-1.3027777198212296,-0.8243991891466684,-0.9230260132414039,9437.687507160987,-0.9056231249283901
168,atr,4.0,1.0,1.0,6.0,605,1206,0.15867768595041323,0.6364229563351673,-1.1663208043329236,-0.8575299028066057,-0.943184906084212,7106.103375088543,-0.9289389662491145
168,atr,4.0,1.0,1.0,8.0,766,1045,0.15535248041775457,0.6176906429511484,-1.1319259843592546,-0.922719171611045,-0.9766312278539343,3111.210696177689,-0.9688878930382231
168,atr,4.0,1.0,1.0,12.0,1011,800,0.1671612265084075,0.6332656208269831,-0.8905195019120166,-0.9635472461085988,-0.9921537196042955,1205.056120413759,-0.9879494387958624
168,atr,4.0,1.0,1.0,,1811,0,0.20320265046935396,0.5416402678681648,-0.14678660098251617,-0.9988210167282141,-0.9999462606066858,9.386534784781972,-0.9999061346521522
168,atr,4.0,1.5,,1.0,91,1720,0.18681318681318682,0.6746027042437657,-1.1636079168766251,-0.2470339977559196,-0.36295215824386595,68833.84975313304,-0.31166150246866964
168,atr,4.0,1.5,,2.0,166,1645,0.19879518072289157,0.7497522626118676,-0.8690095230730694,-0.34356861037459907,-0.47776276607719725,58727.74915997707,-0.4127225084002293
168,atr,4.0,1.5,,3.0,231,1580,0.20346320346320346,0.7565791070975595,-0.8355248543245061,-0.44126191002105275,-0.5867349561652921,48571.89515774228,-0.5142810484225773
168,atr,4.0,1.5,,4.0,292,1519,0.2054794520547945,0.7580503508418786,-0.7540715234245574,-0.5180345346216694,-0.6665759569540439,39188.01723858408,-0.6081198276141593
168,atr,4.0,1.5,,5.0,351,1460,0.2022792022792023,0.745877215256642,-0.7903293569086476,-0.6073810481962157,-0.7524458886506147,29095.546603113307,-0.7090445339688669
168,atr,4.0,1.5,,6.0,414,1397,0.2028985507246377,0.7600590893994831,-0.7587377980931109,-0.6725520170914843,-0.8098131467513594,23231.655403653596,-0.767683445963464
168,atr,4.0,1.5,,8.0,525,1286,0.21333333333333335,0.7845919171253337,-0.5452625220070871,-0.7341160168208932,-0.8594559618447085,17402.977503183833,-0.8259702249681616
168,atr,4.0,1.5,,12.0,719,1092,0.22531293463143254,0.7736998984383711,-0.37274426953384443,-0.8578732297663655,-0.943409810217684,7478.658568411738,-0.9252134143158827
168,atr,4.0,1.5,,,233,1578,0.060085836909871244,0.31477922899366023,-1.3248417772975063,-1.0,-1.1124126858820242,-16334.684204745801,-1.163346842047458
168,atr,4.0,1.5,0.5,1.0,130,1681,0.1,0.45724906741283144,-1.9348837230297633,-0.38288513107947464,-0.5225695225644242,51558.794606172625,-0.4844120539382738
168,atr,4.0,1.5,0.5,2.0,231,1580,0.11688311688311688,0.5610828465760861,-1.4870092432025666,-0.48525885892291776,-0.6331439067328439,40583.486708553144,-0.5941651329144686
168,atr,4.0,1.5,0.5,3.0,321,1490,0.11838006230529595,0.5522760713821402,-1.3272021657730755,-0.5752096193255559,-0.7224466132756704,30582.94839331307,-0.6941705160668693
168,atr,4.0,1.5,0.5,4.0,407,1404,0.12039312039312039,0.5405411839737952,-1.2444655599170606,-0.6471469932703973,-0.7880114337149725,23358.51656930663,-0.7664148343069337
168,atr,4.0,1.5,0.5,5.0,496,1315,0.11895161290322581,0.5078624920037103,-1.2797167819058577,-0.7326049311287213,-0.8582943868931849,15614.20490607411,-0.8438579509392589
168,atr,4.0,1.5,0.5,6.0,580,1231,0.12241379310344827,0.5226910467370354,-1.2255209420889217,-0.7842023559319398,-0.8962087689392466,11915.990865243555,-0.8808400913475645
168,atr,4.0,1.5,0.5,8.0,731,1080,0.12585499316005472,0.49623624722767784,-1.1268902073965696,-0.8629367587548645,-0.9463142469558874,6321.123252848549,-0.9367887674715145
168,atr,4.0,1.5,0.5,12.0,954,857,0.13941299790356393,0.5080210329577098,-0.7806315596724656,-0.9185086907139729,-0.9747711567230896,3183.15037511092,-0.9681684962488908
168,atr,4.0,1.5,0.5,,1811,0,0.18995030369961347,0.3665474330391964,0.22584202241331727,-0.9894009123243839,-0.9988932188201083,176.0359046761024,-0.998239640953239
168,atr,4.0,1.5,1.0,1.0,105,1706,0.14285714285714285,0.5738462707350059,-1.5078550806369944,-0.3086581777477181,-0.436944153408247,60805.671439662554,-0.39194328560337444
168,atr,4.0,1.5,1.0,2.0,191,1620,0.15706806282722513,0.67519600819773,-1.1234320638752708,-0.4002250712725661,-0.5419287872167654,51512.01318923362,-0.4848798681076638
168,atr,4.0,1.5,1.0,3.0,268,1543,0.16044776119402984,0.704261135746837,-0.9783264435392164,-0.47975405021286255,-0.6274320557962931,43788.68088401869,-0.5621131911598131
168,atr,4.0,1.5,1.0,4.0,342,1469,0.1608187134502924,0.6877794557943636,-0.9355184746082547,-0.5708791264333153,-0.7183276477329986,33105.53400838694,-0.6689446599161306
168,atr,4.0,1.5,1.0,5.0,418,1393,0.15789473684210525,0.6628164256275265,-0.9738759043997047,-0.6645231030797736,-0.8030028365202204,23153.483977559823,-0.7684651602244018
168,atr,4.0,1.5,1.0,6.0,484,1327,0.16322314049586778,0.6881990821915928,-0.8795610254415677,-0.7078698358277442,-0.8388642519789989,19683.012297069017,-0.8031698770293099
168,atr,4.0,1.5,1.0,8.0,611,1200,0.1702127659574468,0.6930307458065741,-0.7233674641865729,-0.7836405879261021,-0.8958161176425941,12900.652241519687,-0.8709934775848032
168,atr,4.0,1.5,1.0,12.0,823,988,0.1822600243013366,0.7063362897390562,-0.44573646526290034,-0.8744193930924518,-0.9527207185325786,6248.178435428637,-0.9375182156457136
168,atr,4.0,1.5,1.0,,1811,0,0.2308117062396466,0.39621489490856593,0.36477273177721603,-0.9966950423473064,-0.9997599717501668,34.87849819153983,-0.9996512150180846
168,atr,4.0,2.0,,1.0,72,1739,0.2222222222222222,0.8813596532860047,-0.4012558945709788,-0.08701010588283231,-0.1875279453837243,91311.54784430188,-0.08688452155698123
168,atr,4.0,2.0,,2.0,136,1675,0.22794117647058823,0.9070986450157321,-0.19747713528126215,-0.11761801417016171,-0.31864992100583633,86899.42554416803,-0.1310057445583197
168,atr,4.0,2.0,,3.0,187,1624,0.24598930481283424,0.9576192772852862,-0.020663767613709746,-0.1081594487582288,-0.3663497547303184,91609.88484046962,-0.08390115159530387
168,atr,4.0,2.0,,4.0,239,1572,0.24686192468619247,0.9500250100768379,0.041590557687678435,-0.13847714614121498,-0.4414596425108066,87121.82727443271,-0.12878172725567294
168,atr,4.0,2.0,,5.0,292,1519,0.25,0.9461996626358039,0.10402961752594021,-0.16970427583667858,-0.5266389468850959,82573.27270437202,-0.17426727295627975
168,atr,4.0,2.0,,6.0,343,1468,0.25072886297376096,0.9345917276856153,0.1285693739713304,-0.22377217561847218,-0.5958028831990415,74880.14162636889,-0.2511985837363111
168,atr,4.0,2.0,,8.0,450,1361,0.2511111111111111,0.9181220205041873,0.1465847933088738,-0.35468633544798267,-0.7130510532024742,59421.21578926608,-0.4057878421073392
168,atr,4.0,2.0,,12.0,630,1181,0.25396825396825395,0.8824697403042052,0.1817764461911738,-0.5879419241160415,-0.8505569718867927,32141.720734861254,-0.6785827926513874
168,atr,4.0,2.0,,,234,1577,0.021367521367521368,0.13220446639361966,-1.2721313329868627,-1.0,-1.138450601952774,-16128.389885185823,-1.1612838988518583
168,atr,4.0,2.0,0.5,1.0,104,1707,0.11538461538461539,0.590470333481328,-1.3214328139903142,-0.2279581494199111,-0.31322939132709937,71574.09690025004,-0.2842590309974996
168,atr,4.0,2.0,0.5,2.0,199,1612,0.135678391959799,0.7259023499507088,-0.8451281754702263,-0.29319934867866293,-0.39588203928829624,65319.720916740545,-0.3468027908325946
168,atr,4.0,2.0,0.5,3.0,283,1528,0.13780918727915195,0.728399865146715,-0.8006428581259301,-0.38748980535436495,-0.5093097336167685,54951.828682645195,-0.450481713173548
168,atr,4.0,2.0,0.5,4.0,359,1452,0.14206128133704735,0.7294765110021777,-0.6557977847380682,-0.44087265417592636,-0.5701772501234891,48135.34674166636,-0.5186465325833364
168,atr,4.0,2.0,0.5,5.0,429,1382,0.14685314685314685,0.7454921494857191,-0.5123804658239448,-0.4758086123040005,-0.6126429001586693,43829.564252788754,-0.5617043574721124
168,atr,4.0,2.0,0.5,6.0,501,1310,0.1497005988023952,0.7430205176728849,-0.4237965157586786,-0.5233363210686464,-0.671790893381714,38178.251307463164,-0.6182174869253684
168,atr,4.0,2.0,0.5,8.0,628,1183,0.15286624203821655,0.721955100273036,-0.3684401782028831,-0.6418315843247446,-0.7749055082619063,25208.06870405352,-0.7479193129594648
168,atr,4.0,2.0,0.5,12.0,854,957,0.15456674473067916,0.6592402956637724,-0.28770129023167856,-0.7988523065669163,-0.9026270034919002,10904.687924357331,-0.8909531207564267
168,atr,4.0,2.0,0.5,,1811,0,0.21038100496963003,0.44491944460320015,0.643225016091483,-0.9612775666690409,-0.995447377061713,996.2275360054165,-0.9900377246399459
168,atr,4.0,2.0,1.0,1.0,82,1729,0.17073170731707318,0.7455199020733813,-0.8285489529363554,-0.15376791269048007,-0.2153298807235332,81777.02196713226,-0.18222978032867743
168,atr,4.0,2.0,1.0,2.0,154,1657,0.19480519480519481,0.8774360025779129,-0.28687558421863707,-0.1427701578607261,-0.32572746138490816,83325.11892457366,-0.1667488107542634
168,atr,4.0,2.0,1.0,3.0,218,1593,0.19724770642201836,0.8926160637929254,-0.23149553180459828,-0.1926126433810832,-0.42815724689013857,79285.14489894366,-0.2071485510105634
168,atr,4.0,2.0,1.0,4.0,284,1527,0.1936619718309859,0.8805166954087286,-0.18212022380852663,-0.24884683388033046,-0.5187655080031597,71392.84388658646,-0.28607156113413545
168,atr,4.0,2.0,1.0,5.0,340,1471,0.2,0.8917111346017108,-0.06877548987838845,-0.26851547513429275,-0.5780812270541145,68693.93177065496,-0.3130606822934504
168,atr,4.0,2.0,1.0,6.0,401,1410,0.19950124688279303,0.8718892932919283,-0.06167020833972977,-0.3435899112577405,-0.6387170701839703,58696.614151715454,-0.41303385848284546
168,atr,4.0,2.0,1.0,8.0,517,1294,0.20309477756286268,0.8558818311766102,-0.0308784733614069,-0.4756805882883556,-0.7427963856707513,43951.448286357336,-0.5604855171364267
168,atr,4.0,2.0,1.0,12.0,716,1095,0.20949720670391062,0.8406407540370273,0.08832121314865195,-0.6532832959195208,-0.8697761896454407,25012.9132584949,-0.7498708674150509
168,atr,4.0,2.0,1.0,,1811,0,0.2606294864715627,0.34633154098343943,0.7973130859507888,-0.9881312834885972,-0.9984030155248415,186.03594273090528,-0.998139640572691
168,atr,4.0,3.0,,1.0,53,1758,0.2830188679245283,1.3359111459128,0.7349458414618951,0.10909092170059798,-0.1087176247211864,116227.64354611693,0.1622764354611692
168,atr,4.0,3.0,,2.0,98,1713,0.30612244897959184,1.4285124023561961,0.9593190969933292,0.26515199608528706,-0.18236292415032263,140718.15075572854,0.4071815075572853
168,atr,4.0,3.0,,3.0,139,1672,0.31654676258992803,1.4570288402903009,1.0551592709965838,0.4106627122754418,-0.23859122419061363,164823.5980704316,0.6482359807043159
168,atr,4.0,3.0,,4.0,180,1631,0.3111111111111111,1.3613674973818402,0.9708566434202375,0.44695585820589545,-0.29639582463183134,171018.14677832066,0.7101814677832066
168,atr,4.0,3.0,,5.0,222,1589,0.3063063063063063,1.2868703290521832,0.9009453480298614,0.45383600932461876,-0.3594155279805412,172200.4581617649,0.722004581617649
168,atr,4.0,3.0,,6.0,264,1547,0.30303030303030304,1.2336585114237133,0.8549392004961193,0.44950465669447226,-0.40899629827002315,171455.84613261322,0.7145584613261322
168,atr,4.0,3.0,,8.0,349,1462,0.2979942693409742,1.1584466628180157,0.8191855879437617,0.4291992232243791,-0.4940794136910448,167978.53417155828,0.6797853417155828
168,atr,4.0,3.0,,12.0,508,1303,0.2992125984251969,1.0509185649668507,0.7516289175202999,0.20233997218165478,-0.6383784664883579,130686.31291777943,0.30686312917779435
168,atr,4.0,3.0,,,231,1580,0.0,0.0,-0.966499229903631,-1.0,-1.1538217133940494,-15382.17133940493,-1.1538217133940494
168,atr,4.0,3.0,0.5,1.0,72,1739,0.18055555555555555,1.0594407143775133,0.2104715419608977,0.0209461425266384,-0.11694451733597833,103056.53646063407,0.030565364606340628
168,atr,4.0,3.0,0.5,2.0,137,1674,0.1897810218978102,1.092047674515027,0.35831517564691623,0.06365926807430644,-0.20868800211890637,109377.37140466558,0.09377371404665591
168,atr,4.0,3.0,0.5,3.0,201,1610,0.18407960199004975,1.0575918288630597,0.3278653885050688,0.055780174758231826,-0.2766049927904294,108202.60240680225,0.08202602406802262
168,atr,4.0,3.0,0.5,4.0,265,1546,0.18490566037735848,1.0634340980463035,0.39965658482110067,0.08215116883787554,-0.34887684582685474,112149.96453683359,0.1214996453683359
168,atr,4.0,3.0,0.5,5.0,321,1490,0.18691588785046728,1.0426309182361484,0.40075634653675024,0.06754735507327925,-0.4081448562672566,109958.53735990658,0.09958537359906572
168,atr,4.0,3.0,0.5,6.0,379,1432,0.18733509234828497,1.0086222549219552,0.37044955656722167,0.016475504603227664,-0.47826210262277624,102401.76153612998,0.02401761536129987
168,atr,4.0,3.0,0.5,8.0,484,1327,0.18801652892561985,0.9746284102561388,0.36533783058754693,-0.06024577859889069,-0.5709986778453369,91370.59687102825,-0.08629403128971758
168,atr,4.0,3.0,0.5,12.0,665,1146,0.19849624060150375,0.9507870485173259,0.4639322919249513,-0.16216030308878693,-0.7177351099032203,77339.32962467865,-0.22660670375321357
168,atr,4.0,3.0,0.5,,1811,0,0.25400331308669244,0.8672187103502076,1.0411487351294868,-0.7970088160979306,-0.9860121701475898,9867.1798015364,-0.901328201984636
168,atr,4.0,3.0,1.0,1.0,61,1750,0.2459016393442623,1.1971810627817843,0.5190349422338218,0.07242013457827579,-0.12360880337245694,110688.24163076638,0.10688241630766382
168,atr,4.0,3.0,1.0,2.0,116,1695,0.25,1.223392385926888,0.6626235091579058,0.16070989596397967,-0.20631286100575785,124166.2172350785,0.24166217235078502
168,atr,4.0,3.0,1.0,3.0,162,1649,0.2654320987654321,1.268028176895088,0.8305895549883814,0.2910523146971462,-0.27360791098848647,144921.46677584838,0.44921466775848384
168,atr,4.0,3.0,1.0,4.0,210,1601,0.26666666666666666,1.2634906586597272,0.8743888986624121,0.38681160213718413,-0.3326401201364124,160791.63932197107,0.6079163932197107
168,atr,4.0,3.0,1.0,5.0,259,1552,0.2625482625482625,1.2183238370138212,0.8325122661502499,0.40403959628768393,-0.39958017341794816,163700.863078388,0.63700863078388
168,atr,4.0,3.0,1.0,6.0,306,1505,0.26143790849673204,1.1854174306651095,0.816125691541065,0.4160583685872532,-0.441725674126083,165740.02182061574,0.6574002182061573
168,atr,4.0,3.0,1.0,8.0,397,1414,0.25692695214105793,1.1115449324668296,0.751391284224393,0.3410992142033267,-0.5536831322236171,153151.6905249751,0.531516905249751
168,atr,4.0,3.0,1.0,12.0,557,1254,0.26570915619389585,1.0548557601377408,0.7925723898718674,0.26479072219731603,-0.7053920198640342,140659.79328268798,0.40659793282687984
168,atr,4.0,3.0,1.0,,234,1577,0.0,0.0,-0.3112993638942048,-1.0,-1.0170011541757253,-1700.1154175725455,-1.0170011541757256
168,atr,5.0,0.5,,1.0,166,1645,0.12048192771084337,0.43597247519436366,-2.069761110338951,-0.649852685143304,-0.7929549689968834,22998.748050169947,-0.7700125194983005
168,atr,5.0,0.5,,2.0,293,1518,0.13993174061433447,0.5063996248762105,-2.0309516586769703,-0.798370597594507,-0.9071175749110195,10806.567011198595,-0.891934329888014
168,atr,5.0,0.5,,3.0,380,1431,0.15,0.554485875068647,-1.8295535264136273,-0.8588613771932707,-0.9446715969288298,6745.600141156227,-0.9325439985884377
168,atr,5.0,0.5,,4.0,479,1332,0.1524008350730689,0.5910894081073815,-1.752879543545269,-0.9130941118747149,-0.9726421767979164,3501.232201720437,-0.9649876779827956
168,atr,5.0,0.5,,5.0,581,1230,0.15834767641996558,0.6062152359344968,-1.615699013406426,-0.9417229778053136,-0.9846884859323604,1957.2707501299762,-0.9804272924987002
168,atr,5.0,0.5,,6.0,670,1141,0.16119402985074627,0.6029427365500543,-1.5104015705650289,-0.9611693329193471,-0.991509550250891,1108.2862553499835,-0.9889171374465001
168,atr,5.0,0.5,,8.0,858,953,0.1655011655011655,0.6043837524554657,-1.3534820791843998,-0.9845147694164194,-0.9977661336810074,310.2905660557957,-0.9968970943394421
168,atr,5.0,0.5,,12.0,1118,693,0.17173524150268335,0.6323061981284968,-1.170682813031766,-0.996358136226399,-0.9997270398445155,44.26587661622403,-0.9995573412338378
168,atr,5.0,0.5,,,1811,0,0.20209828823854223,0.6690955463903866,-0.4468480337729162,-0.9999883472209483,-0.9999999350524961,0.012418575542942602,-0.9999998758142445
168,atr,5.0,0.5,0.5,1.0,264,1547,0.07954545454545454,0.3566021233785267,-2.673864361553237,-0.8004269474837914,-0.9084902013432823,10164.990645904221,-0.8983500935409577
168,atr,5.0,0.5,0.5,2.0,425,1386,0.09411764705882353,0.39667395854830595,-2.350640752408043,-0.8866049686828579,-0.9597378800009833,4526.790404318026,-0.9547320959568197
168,atr,5.0,0.5,0.5,3.0,570,1241,0.1,0.43968176975986123,-2.329516783580767,-0.9360254731662404,-0.9824671023282093,2044.630966280111,-0.9795536903371989
168,atr,5.0,0.5,0.5,4.0,701,1110,0.10271041369472182,0.4527319151446719,-2.21195111493619,-0.9613722616299193,-0.9915739176148467,1033.6842090433913,-0.989663157909566
168,atr,5.0,0.5,0.5,5.0,811,1000,0.10727496917385944,0.4874211578182228,-2.066566467754891,-0.9744458675085937,-0.9953760496114638,586.3811406187558,-0.9941361885938125
168,atr,5.0,0.5,0.5,6.0,913,898,0.11062431544359255,0.5080892469373116,-1.8883004744864713,-0.9820997850261315,-0.9972427835224953,356.41323550284466,-0.9964358676449716
168,atr,5.0,0.5,0.5,8.0,1101,710,0.11807447774750227,0.5624081490532541,-1.6596886091726624,-0.9910597783368185,-0.9989940797695235,138.84226853334698,-0.9986115773146665
168,atr,5.0,0.5,0.5,12.0,1347,464,0.13140311804008908,0.6170136768667492,-1.2249094823656157,-0.9958257318864645,-0.9996672159694087,53.545766114179614,-0.9994645423388582
168,atr,5.0,0.5,0.5,,1811,0,0.14025400331308668,0.6190375197638267,-0.8873628567192801,-0.9994034732793807,-0.9999802770190522,3.518617158830591,-0.9999648138284117
168,atr,5.0,0.5,1.0,1.0,229,1582,0.09170305676855896,0.3935229496423196,-2.3745052577067884,-0.7395533278170416,-0.8652938569270615,14963.27939064629,-0.8503672060935371
168,atr,5.0,0.5,1.0,2.0,380,1431,0.10526315789473684,0.4218951091156239,-2.2337266028664198,-0.8611893739615236,-0.9459920924134175,6072.2703579991985,-0.939277296420008
168,atr,5.0,0.5,1.0,3.0,504,1307,0.11507936507936507,0.45063833577275386,-2.0747123895029023,-0.9121649857535961,-0.9722163485416608,3240.041389134045,-0.9675995861086596
168,atr,5.0,0.5,1.0,4.0,611,1200,0.11783960720130933,0.4803521743297083,-1.9425915686161535,-0.9441332590264017,-0.985599564060032,1766.59834951461,-0.9823340165048539
168,atr,5.0,0.5,1.0,5.0,708,1103,0.1228813559322034,0.520224361831615,-1.76339983599248,-0.9599836750128916,-0.9911304373786501,1124.7837475918507,-0.9887521625240815
168,atr,5.0,0.5,1.0,6.0,804,1007,0.1256218905472637,0.5303355318366649,-1.6566172831614399,-0.9731022220499523,-0.9950187735650234,643.9012115831456,-0.9935609878841686
168,atr,5.0,0.5,1.0,8.0,996,815,0.12951807228915663,0.5383640284053376,-1.5593773263451893,-0.9894662938573452,-0.9987234998593262,176.18909526288093,-0.9982381090473712
168,atr,5.0,0.5,1.0,12.0,1251,560,0.14308553157474022,0.6057405547004173,-1.1866637901191197,-0.9962084099828178,-0.9997105906579027,46.566672432166364,-0.9995343332756783
168,atr,5.0,0.5,1.0,,1811,0,0.15847598012147984,0.6113311798290014,-0.7413969794942302,-0.9997723143587881,-0.9999951308860202,0.8686591566863977,-0.9999913134084332
168,atr,5.0,1.0,,1.0,118,1693,0.16101694915254236,0.7013768300172327,-1.0129492185341966,-0.3175593260408185,-0.45350510117394827,60288.703561762464,-0.3971129643823753
168,atr,5.0,1.0,,2.0,200,1611,0.17,0.7234116601857731,-0.9658299882817659,-0.4701275495152134,-0.6215758933183635,43869.95106534922,-0.5613004893465079
168,atr,5.0,1.0,,3.0,268,1543,0.17537313432835822,0.7458722724506467,-0.8789843459350798,-0.5613139359521649,-0.7123541338194224,35273.82244421895,-0.6472617755578105
168,atr,5.0,1.0,,4.0,334,1477,0.17365269461077845,0.7375757392904798,-0.8826047375329683,-0.6563103510039199,-0.7981986454625843,24746.766722129683,-0.7525323327787031
168,atr,5.0,1.0,,5.0,406,1405,0.1748768472906404,0.7408531085788922,-0.8609330263692375,-0.7346657302459787,-0.8614152262679902,17280.260630648885,-0.8271973936935111
168,atr,5.0,1.0,,6.0,473,1338,0.17547568710359407,0.7369903156903954,-0.8165950475524401,-0.794264263589451,-0.9042252061324213,11800.109802768946,-0.8819989019723106
168,atr,5.0,1.0,,8.0,605,1206,0.17851239669421487,0.7259432249961181,-0.6991660093954993,-0.8703414317242821,-0.9510180038543434,6215.042268066191,-0.937849577319338
168,atr,5.0,1.0,,12.0,837,974,0.18876941457586618,0.6873112356103355,-0.4364676450258112,-0.9441013798128433,-0.985567675492047,1991.11591208712,-0.9800888408791288
168,atr,5.0,1.0,,,231,1580,0.06060606060606061,0.3589000365401975,-1.361100273737756,-1.0,-1.103497753491464,-15485.56240563013,-1.1548556240563013
168,atr,5.0,1.0,0.5,1.0,167,1644,0.09580838323353294,0.4826479657405067,-1.7847370333749637,-0.4957147636623851,-0.6478240128138446,38851.65943661507,-0.6114834056338494
168,atr,5.0,1.0,0.5,2.0,294,1517,0.09863945578231292,0.5070928257444979,-1.640610581568635,-0.6574141804997022,-0.7991392874656257,22796.153690044717,-0.7720384630995528
168,atr,5.0,1.0,0.5,3.0,399,1412,0.10025062656641603,0.49860812363638857,-1.4957504968003208,-0.7397895295907669,-0.8652850122887443,15210.938959775987,-0.8478906104022401
168,atr,5.0,1.0,0.5,4.0,500,1311,0.1,0.4826243776138891,-1.4347679911911844,-0.8124989308624159,-0.9163026749694099,9450.432529939404,-0.905495674700606
168,atr,5.0,1.0,0.5,5.0,600,1211,0.1,0.4482314791504204,-1.442820175057154,-0.8701588065642538,-0.9509177699339499,5474.060480583394,-0.945259395194166
168,atr,5.0,1.0,0.5,6.0,684,1127,0.10526315789473684,0.4627386203074009,-1.307751044268519,-0.8946593939086022,-0.9637737097761317,4177.501085429507,-0.958224989145705
168,atr,5.0,1.0,0.5,8.0,841,970,0.10939357907253269,0.4438135199472543,-1.1236234048795464,-0.9354300049695574,-0.9822049825552162,2119.0217158966075,-0.9788097828410339
168,atr,5.0,1.0,0.5,12.0,1083,728,0.12003693444136658,0.4433485090142873,-0.78451535805645,-0.9680727306709618,-0.9936017656690213,834.5296602777037,-0.991654703397223
168,atr,5.0,1.0,0.5,,1811,0,0.15737161789066814,0.3635724506223151,0.06262038524739068,-0.9959259669110635,-0.9996783139196324,43.82349367248153,-0.9995617650632752
168,atr,5.0,1.0,1.0,1.0,134,1677,0.11940298507462686,0.574511274381125,-1.4205471902632631,-0.4051430352850165,-0.5523401220030156,49385.33504892868,-0.5061466495107132
168,atr,5.0,1.0,1.0,2.0,246,1565,0.12195121951219512,0.5960824279957675,-1.3601829681425246,-0.5812027410589529,-0.7310988560668457,31173.172685027464,-0.6882682731497254
168,atr,5.0,1.0,1.0,3.0,329,1482,0.1276595744680851,0.6426063188672408,-1.162494467119743,-0.6516001388354484,-0.7941694393104809,25240.865609374716,-0.7475913439062528
168,atr,5.0,1.0,1.0,4.0,417,1394,0.12709832134292565,0.6294820805780469,-1.1413030160436803,-0.7417304299552943,-0.8667419486920251,16341.346752222222,-0.8365865324777778
168,atr,5.0,1.0,1.0,5.0,502,1309,0.1294820717131474,0.629131211211281,-1.0961595296767448,-0.8013847416569595,-0.909001554884137,11346.678327207199,-0.8865332167279281
168,atr,5.0,1.0,1.0,6.0,575,1236,0.13217391304347825,0.6317942923271639,-0.9986984567690514,-0.8427334295227338,-0.9351668505116565,7987.887542515125,-0.9201211245748487
168,atr,5.0,1.0,1.0,8.0,729,1082,0.13305898491083676,0.6030999883587651,-0.8861032932849321,-0.9052056772756368,-0.9689196980452992,3943.5998030442656,-0.9605640019695574
168,atr,5.0,1.0,1.0,12.0,965,846,0.14818652849740932,0.5986772370010417,-0.5006363501669304,-0.949127824993628,-0.9874135364836076,1736.4567828684042,-0.982635432171316
168,atr,5.0,1.0,1.0,,1811,0,0.19105466593042517,0.410326018123304,0.2638549519111524,-0.9984191442014368,-0.9999186586166163,12.170477387716566,-0.9998782952261228
168,atr,5.0,1.5,,1.0,85,1726,0.17647058823529413,0.7599234964632084,-0.7908799554308947,-0.19273323976493684,-0.281990216941268,77037.53951013696,-0.22962460489863035
168,atr,5.0,1.5,,2.0,157,1654,0.1910828025477707,0.8469102861039911,-0.3778506212507682,-0.21971827085112727,-0.39968127638042994,73325.84555044824,-0.26674154449551757
168,atr,5.0,1.5,,3.0,219,1592,0.1963470319634703,0.8503082858503735,-0.28465010462259593,-0.2747825971941207,-0.4688128406494081,65931.92191045449,-0.34068078089545506
168,atr,5.0,1.5,,4.0,277,1534,0.19855595667870035,0.8392746752432773,-0.24556005355475374,-0.35140892570003956,-0.5445563310901378,56060.79526790838,-0.4393920473209162
168,atr,5.0,1.5,,5.0,335,1476,0.19701492537313434,0.826983194785303,-0.23739437384422465,-0.4376703324016664,-0.6247239816953738,45565.98102985698,-0.5443401897014302
168,atr,5.0,1.5,,6.0,396,1415,0.19696969696969696,0.8250571055106466,-0.19709324187103383,-0.511256509673979,-0.7106501558384497,37168.59848886303,-0.6283140151113698
168,atr,5.0,1.5,,8.0,501,1310,0.20958083832335328,0.8608648403738516,0.03950813421450837,-0.5356196923265685,-0.7711003865430572,35457.16160212012,-0.6454283839787989
168,atr,5.0,1.5,,12.0,688,1123,0.2194767441860465,0.8444167115373434,0.1991140591899822,-0.7007576990524083,-0.8904529357535348,18729.055920096504,-0.812709440799035
168,atr,5.0,1.5,,,231,1580,0.012987012987012988,0.09603338647192895,-1.417240817129661,-1.0,-1.0843768865951886,-9114.93588435215,-1.0911493588435215
168,atr,5.0,1.5,0.5,1.0,128,1683,0.09375,0.5315669185969634,-1.5410286767652333,-0.34330930082372957,-0.45707680062906597,57080.45665200366,-0.42919543347996336
168,atr,5.0,1.5,0.5,2.0,227,1584,0.1145374449339207,0.6719329293871671,-1.0186475026085866,-0.40390926357106305,-0.5282977260249107,51397.08073571205,-0.48602919264287947
168,atr,5.0,1.5,0.5,3.0,311,1500,0.1189710610932476,0.6769633310904032,-0.8230783233606153,-0.4613183643888562,-0.5928148214916945,44193.6447502103,-0.558063552497897
168,atr,5.0,1.5,0.5,4.0,398,1413,0.12060301507537688,0.665934317604131,-0.6990232586795436,-0.5318306364247104,-0.671863346556719,36046.86005855916,-0.6395313994144084
168,atr,5.0,1.5,0.5,5.0,480,1331,0.12083333333333333,0.6385690608174436,-0.6491028507235379,-0.6029141309786601,-0.7456644083437627,28378.879803936205,-0.7162112019606379
168,atr,5.0,1.5,0.5,6.0,570,1241,0.11929824561403508,0.6100796883918105,-0.651709753773183,-0.6871158591157634,-0.8150285586377153,20075.78517088001,-0.7992421482911999
168,atr,5.0,1.5,0.5,8.0,715,1096,0.12027972027972028,0.5582795788624606,-0.5525856840951968,-0.7865323875549929,-0.8938464406277797,11399.889151828223,-0.8860011084817178
168,atr,5.0,1.5,0.5,12.0,934,877,0.1316916488222698,0.5447797676535946,-0.26355548454781164,-0.8628333595475209,-0.944158618069435,5996.836732164583,-0.9400316326783542
168,atr,5.0,1.5,0.5,,1811,0,0.18332413031474323,0.2691819371687401,0.6231156999989778,-0.9788743781648345,-0.9985768056416376,396.23359586111116,-0.9960376640413889
168,atr,5.0,1.5,1.0,1.0,103,1708,0.13592233009708737,0.6707523062171985,-1.0809795460864273,-0.2557050750756136,-0.34878414636759913,68465.84995342135,-0.3153415004657866
168,atr,5.0,1.5,1.0,2.0,186,1625,0.15053763440860216,0.7782679244244035,-0.5729719310963897,-0.28558190270949224,-0.38969187521291593,64510.78930263542,-0.3548921069736458
168,atr,5.0,1.5,1.0,3.0,261,1550,0.1532567049808429,0.7981107995416632,-0.40777193639275106,-0.3321936454953607,-0.48117150929033925,58489.08590324251,-0.4151091409675749
168,atr,5.0,1.5,1.0,4.0,331,1480,0.15709969788519637,0.7946969647310318,-0.3139253358105323,-0.396307813574744,-0.559261677192072,50513.76342945696,-0.4948623657054304
168,atr,5.0,1.5,1.0,5.0,408,1403,0.15441176470588236,0.7652988365475188,-0.3257536198290948,-0.5019335585624182,-0.6424260837464126,38202.76984452877,-0.6179723015547123
168,atr,5.0,1.5,1.0,6.0,472,1339,0.15677966101694915,0.7646482083997697,-0.2633846617073232,-0.5571182148419613,-0.7026939784196805,32212.48318710067,-0.6778751681289933
168,atr,5.0,1.5,1.0,8.0,592,1219,0.16554054054054054,0.7798535452480804,-0.07742256637725985,-0.618352525074199,-0.7779817424757507,26665.181868978187,-0.7333481813102181
168,atr,5.0,1.5,1.0,12.0,796,1015,0.17587939698492464,0.7804208832891714,0.13633161896995288,-0.7426873026117167,-0.8927491567399162,15041.64114513453,-0.8495835885486547
168,atr,5.0,1.5,1.0,,1811,0,0.22308117062396465,0.22874883538819207,0.7525370468107475,-0.9925213013153411,-0.9993620670768144,88.20953950395848,-0.9991179046049604
168,atr,5.0,2.0,,1.0,71,1740,0.19718309859154928,0.9703786230209401,0.03182970032955947,-0.015272115975573208,-0.18004390217955513,97789.59064959471,-0.022104093504052846
168,atr,5.0,2.0,,2.0,132,1679,0.20454545454545456,0.980103770350456,0.13237696022566625,-0.019520134361894592,-0.30630987339872384,97177.49539194614,-0.02822504608053855
168,atr,5.0,2.0,,3.0,182,1629,0.22527472527472528,1.0530651994771756,0.39030605237551275,0.0728120146569129,-0.3661617522680132,110746.991398301,0.10746991398300998
168,atr,5.0,2.0,,4.0,233,1578,0.22746781115879827,1.0380009646224975,0.4244729534015069,0.06937648138508257,-0.443750316213969,110232.27484564843,0.10232274845648437
168,atr,5.0,2.0,,5.0,282,1529,0.23404255319148937,1.0413044071301125,0.5014437651251376,0.09642510581181107,-0.5203315567013747,114304.86013074871,0.1430486013074872
168,atr,5.0,2.0,,6.0,333,1478,0.23723723723723725,1.0218152280044461,0.5125124199578098,0.06358555517413622,-0.5890226717954996,109366.36254872484,0.09366362548724827
168,atr,5.0,2.0,,8.0,435,1376,0.23908045977011494,0.9986704009624632,0.5640542272437292,-0.005453538782288825,-0.7042076960462402,99208.9164281271,-0.007910835718729081
168,atr,5.0,2.0,,12.0,616,1195,0.24675324675324675,0.9627243154756944,0.6518549771001777,-0.22245100068955326,-0.8454914630897981,69389.71277939637,-0.30610287220603627
168,atr,5.0,2.0,,,234,1577,0.0,0.0,-1.306279253099419,-1.0,-1.104490635821163,-10449.063582116309,-1.104490635821163
168,atr,5.0,2.0,0.5,1.0,103,1708,0.10679611650485436,0.6757429058561731,-0.7619993177279263,-0.163111036801865,-0.22788099119094507,77211.90088090545,-0.22788099119094551
168,atr,5.0,2.0,0.5,2.0,189,1622,0.12698412698412698,0.8152956693642243,-0.2872341291115342,-0.16637702742840033,-0.3169023711401904,76645.31156466609,-0.23354688435333915
168,atr,5.0,2.0,0.5,3.0,265,1546,0.1320754716981132,0.8270428648067559,-0.16644919328401364,-0.2039077673469839,-0.40132225932309695,71446.5993511807,-0.28553400648819294
168,atr,5.0,2.0,0.5,4.0,341,1470,0.1378299120234604,0.8560349276690615,0.002079615582159273,-0.2088527499389694,-0.5099544776665959,70802.9457830391,-0.29197054216960894
168,atr,5.0,2.0,0.5,5.0,409,1402,0.14180929095354522,0.8682454328883424,0.09351589524510981,-0.22853405222125012,-0.5589004668890762,68259.2423882006,-0.3174075761179941
168,atr,5.0,2.0,0.5,6.0,484,1327,0.14256198347107438,0.8480092145269832,0.07742452792546677,-0.30269340672472056,-0.620606468116734,58940.27009576864,-0.41059729904231357
168,atr,5.0,2.0,0.5,8.0,615,1196,0.14634146341463414,0.8288003188998856,0.13938314280609296,-0.41961618261279976,-0.7234642997186026,45148.67901560042,-0.5485132098439958
168,atr,5.0,2.0,0.5,12.0,843,968,0.1494661921708185,0.7731601778204154,0.22761249088320828,-0.6311362503974685,-0.8553032615925051,23374.635541210864,-0.7662536445878914
168,atr,5.0,2.0,0.5,,1811,0,0.20651573716178906,0.6251588076691696,0.9270474860489483,-0.9075899704513666,-0.9938341506328818,3130.7658506363377,-0.9686923414936366
168,atr,5.0,2.0,1.0,1.0,81,1730,0.16049382716049382,0.857821774542795,-0.2667799446480944,-0.07405234001201877,-0.18953629954737927,89427.43611774669,-0.10572563882253305
168,atr,5.0,2.0,1.0,2.0,149,1662,0.18120805369127516,0.9884194258917786,0.15416921318644297,-0.011313013587470389,-0.3135155963199452,98361.13264804307,-0.016388673519569297
168,atr,5.0,2.0,1.0,3.0,212,1599,0.18396226415094338,0.9950053500959092,0.2466168109364265,-0.007038307492381435,-0.4123571303303277,98979.3991114784,-0.010206008885215945
168,atr,5.0,2.0,1.0,4.0,278,1533,0.18705035971223022,1.0046662647357802,0.34477485079569414,0.008917827449303806,-0.5016102713535519,101297.81663446818,0.01297816634468174
168,atr,5.0,2.0,1.0,5.0,332,1479,0.19578313253012047,1.025812535288899,0.4676698571803382,0.061606144203441016,-0.5499389660382872,109070.87108784831,0.0907087108784832
168,atr,5.0,2.0,1.0,6.0,394,1417,0.19289340101522842,0.9862884834578547,0.4156238754672333,-0.037668180284795905,-0.6118995194982697,94576.08320019642,-0.05423916799803585
168,atr,5.0,2.0,1.0,8.0,507,1304,0.1952662721893491,0.9585462132547006,0.4460996466740381,-0.14878232704645433,-0.7176434215337943,79139.3258249844,-0.20860674175015603
168,atr,5.0,2.0,1.0,12.0,706,1105,0.20254957507082152,0.9330991536696305,0.5640586810229318,-0.3438903799979549,-0.8535059924107569,54222.55994154752,-0.4577744005845248
168,atr,5.0,2.0,1.0,,1811,0,0.25565985643291,0.4516258467572518,1.076333364666449,-0.9686405116789029,-0.9981568051212287,654.8697496193261,-0.9934513025038068
168,atr,5.0,3.0,,1.0,51,1760,0.27450980392156865,1.4222733355906398,0.8532722616479153,0.14297816052290813,-0.10871762472118629,121420.82719114928,0.21420827191149283
168,atr,5.0,3.0,,2.0,96,1715,0.28125,1.351564519578243,0.861996981245458,0.2425907260678497,-0.17711684334058053,137088.2862467993,0.3708828624679932
168,atr,5.0,3.0,,3.0,135,1676,0.28888888888888886,1.341698308874161,0.9180239866913572,0.3502920056599761,-0.23488050447124253,154678.76717211303,0.5467876717211304
168,atr,5.0,3.0,,4.0,173,1638,0.2947976878612717,1.2811494359555957,0.8667808201410054,0.39274926613385475,-0.29361248843675547,161792.4737023656,0.6179247370236558
168,atr,5.0,3.0,,5.0,214,1597,0.29439252336448596,1.212303758921515,0.7995081640603829,0.3851513249469407,-0.3555928307034296,160512.13437614488,0.6051213437614489
168,atr,5.0,3.0,,6.0,253,1558,0.2924901185770751,1.1753295487591273,0.793243537975826,0.40266795826303703,-0.4240067605403265,163468.64518547125,0.6346864518547124
168,atr,5.0,3.0,,8.0,329,1482,0.2948328267477204,1.1376183471836907,0.8075932022752603,0.4345163727024275,-0.5206885935417138,168886.951672908,0.6888695167290801
168,atr,5.0,3.0,,12.0,478,1333,0.29707112970711297,1.0528378363796944,0.7911580642778134,0.2714598287436747,-0.6876245328855097,141738.28464718594,0.4173828464718594
168,atr,5.0,3.0,,,231,1580,0.0,0.0,-0.966499229903631,-1.0,-1.1538217133940494,-15382.17133940493,-1.1538217133940494
168,atr,5.0,3.0,0.5,1.0,69,1742,0.17391304347826086,1.1553824926733955,0.40172437247483056,0.05440779619843661,-0.11307195746112941,107998.38585772518,0.07998385857725188
168,atr,5.0,3.0,0.5,2.0,134,1677,0.1865671641791045,1.2088395679656834,0.60851636128995,0.14952581091167372,-0.19511566574250594,122432.36721001664,0.22432367210016646
168,atr,5.0,3.0,0.5,3.0,193,1618,0.18134715025906736,1.158112825993348,0.5529759338586498,0.15782044100037163,-0.2552846435754389,123717.54260142041,0.23717542601420405
168,atr,5.0,3.0,0.5,4.0,254,1557,0.18503937007874016,1.1765918690454042,0.6572964613752843,0.24224249822111688,-0.3149513707993079,137032.49208598913,0.3703249208598913
168,atr,5.0,3.0,0.5,5.0,304,1507,0.18421052631578946,1.132141299267773,0.6072769954394464,0.21885669763930582,-0.3778232525662284,133301.79236625097,0.3330179236625097
168,atr,5.0,3.0,0.5,6.0,361,1450,0.18559556786703602,1.1103420934886172,0.6262061072467926,0.23317997562087567,-0.452803596470727,135582.95734231226,0.3558295734231227
168,atr,5.0,3.0,0.5,8.0,453,1358,0.18322295805739514,1.0444451659348364,0.544602446493722,0.11397716546658465,-0.533375408609198,116972.08435637882,0.16972084356378825
168,atr,5.0,3.0,0.5,12.0,625,1186,0.1936,1.0128266668787032,0.6278016985774946,0.04885806890855271,-0.690300428504774,107173.78648507423,0.0717378648507423
168,atr,5.0,3.0,0.5,,1811,0,0.22528989508558808,0.9017805141549791,1.0915019939348565,-0.6653982202591472,-0.9828211509616478,20390.782020745173,-0.7960921797925482
168,atr,5.0,3.0,1.0,1.0,59,1752,0.23728813559322035,1.336705947007944,0.7612535292414313,0.12425531572691084,-0.11632843596070308,118542.82809701012,0.1854282809701011
168,atr,5.0,3.0,1.0,2.0,110,1701,0.24545454545454545,1.3256623041247286,0.8461032066254681,0.2360222604924238,-0.19160001571874774,136037.05895540258,0.3603705895540259
168,atr,5.0,3.0,1.0,3.0,151,1660,0.26490066225165565,1.3749021373478572,1.008260807098984,0.4092121969214313,-0.25045991501612763,164577.50576247607,0.6457750576247607
168,atr,5.0,3.0,1.0,4.0,197,1614,0.26903553299492383,1.3602301124460037,1.0482968387726006,0.5563336913260299,-0.3118337094667786,190110.5989620709,0.9011059896207088
168,atr,5.0,3.0,1.0,5.0,245,1566,0.2612244897959184,1.2805203762053288,0.9629285715135105,0.5540428410738778,-0.3811675352276058,189704.30890036956,0.8970430890036956
168,atr,5.0,3.0,1.0,6.0,288,1523,0.2604166666666667,1.239969576332942,0.9608099332968576,0.6010405862087211,-0.44047823918344875,198093.42787699832,0.9809342787699833
168,atr,5.0,3.0,1.0,8.0,372,1439,0.2553763440860215,1.1707064764924329,0.900503193494826,0.5761732478103498,-0.5327329540565612,193640.50920546212,0.9364050920546212
168,atr,5.0,3.0,1.0,12.0,522,1289,0.26053639846743293,1.0942231226955348,0.920339369767575,0.5410778186585286,-0.6868478592292774,187410.02869227456,0.8741002869227457
168,atr,5.0,3.0,1.0,,234,1577,0.0,0.0,-0.3112993638942048,-1.0,-1.0170011541757253,-1700.1154175725455,-1.0170011541757256
