date,strategy,active
2016-01-01,ou_modell,False
2016-01-08,ou_modell,False
2016-01-15,ou_modell,False
2016-01-22,ou_modell,False
2016-01-29,ou_modell,False
2016-02-05,ou_modell,False
2016-02-12,ou_modell,False
2016-02-19,ou_modell,False
2016-02-26,ou_modell,False
2016-03-04,ou_modell,False
2016-03-11,ou_modell,False
2016-03-18,ou_modell,False
2016-03-25,ou_modell,False
2016-04-01,ou_modell,False
2016-04-08,ou_modell,False
2016-04-15,ou_modell,False
2016-04-22,ou_modell,False
2016-04-29,ou_modell,False
2016-05-06,ou_modell,False
2016-05-13,ou_modell,False
2016-05-20,ou_modell,False
2016-05-27,ou_modell,False
2016-06-03,ou_modell,False
2016-06-10,ou_modell,False
2016-06-17,ou_modell,False
2016-06-24,ou_modell,False
2016-07-01,ou_modell,False
2016-07-08,ou_modell,False
2016-07-15,ou_modell,False
2016-07-22,ou_modell,False
2016-07-29,ou_modell,False
2016-08-05,ou_modell,False
2016-08-12,ou_modell,False
2016-08-19,ou_modell,False
2016-08-26,ou_modell,False
2016-09-02,ou_modell,False
2016-09-09,ou_modell,False
2016-09-16,ou_modell,False
2016-09-23,ou_modell,False
2016-09-30,ou_modell,False
2016-10-07,ou_modell,False
2016-10-14,ou_modell,False
2016-10-21,ou_modell,False
2016-10-28,ou_modell,False
2016-11-04,ou_modell,False
2016-11-11,ou_modell,False
2016-11-18,ou_modell,False
2016-11-25,ou_modell,False
2016-12-02,ou_modell,False
2016-12-09,ou_modell,False
2016-12-16,ou_modell,False
2016-12-23,ou_modell,False
2016-12-30,ou_modell,False
2017-01-06,ou_modell,False
2017-01-13,ou_modell,False
2017-01-20,ou_modell,False
2017-01-27,ou_modell,False
2017-02-03,ou_modell,False
2017-02-10,ou_modell,False
2017-02-17,ou_modell,False
2017-02-24,ou_modell,False
2017-03-03,ou_modell,False
2017-03-10,ou_modell,False
2017-03-17,ou_modell,False
2017-03-24,ou_modell,False
2017-03-31,ou_modell,False
2017-04-07,ou_modell,False
2017-04-14,ou_modell,False
2017-04-21,ou_modell,False
2017-04-28,ou_modell,False
2017-05-05,ou_modell,False
2017-05-12,ou_modell,False
2017-05-19,ou_modell,False
2017-05-26,ou_modell,False
2017-06-02,ou_modell,False
2017-06-09,ou_modell,False
2017-06-16,ou_modell,False
2017-06-23,ou_modell,False
2017-06-30,ou_modell,False
2017-07-07,ou_modell,False
2017-07-14,ou_modell,False
2017-07-21,ou_modell,False
2017-07-28,ou_modell,False
2017-08-04,ou_modell,False
2017-08-11,ou_modell,False
2017-08-18,ou_modell,False
2017-08-25,ou_modell,False
2017-09-01,ou_modell,False
2017-09-08,ou_modell,False
2017-09-15,ou_modell,False
2017-09-22,ou_modell,False
2017-09-29,ou_modell,False
2017-10-06,ou_modell,False
2017-10-13,ou_modell,False
2017-10-20,ou_modell,False
2017-10-27,ou_modell,False
2017-11-03,ou_modell,False
2017-11-10,ou_modell,False
2017-11-17,ou_modell,False
2017-11-24,ou_modell,False
2017-12-01,ou_modell,False
2017-12-08,ou_modell,False
2017-12-15,ou_modell,False
2017-12-22,ou_modell,False
2017-12-29,ou_modell,False
2018-01-05,ou_modell,True
2018-01-12,ou_modell,True
2018-01-19,ou_modell,True
2018-01-26,ou_modell,True
2018-02-02,ou_modell,True
2018-02-09,ou_modell,True
2018-02-16,ou_modell,True
2018-02-23,ou_modell,True
2018-03-02,ou_modell,True
2018-03-09,ou_modell,True
2018-03-16,ou_modell,True
2018-03-23,ou_modell,True
2018-03-30,ou_modell,True
2018-04-06,ou_modell,True
2018-04-13,ou_modell,True
2018-04-20,ou_modell,True
2018-04-27,ou_modell,True
2018-05-04,ou_modell,True
2018-05-11,ou_modell,True
2018-05-18,ou_modell,True
2018-05-25,ou_modell,True
2018-06-01,ou_modell,True
2018-06-08,ou_modell,True
2018-06-15,ou_modell,True
2018-06-22,ou_modell,True
2018-06-29,ou_modell,True
2018-07-06,ou_modell,True
2018-07-13,ou_modell,True
2018-07-20,ou_modell,True
2018-07-27,ou_modell,True
2018-08-03,ou_modell,True
2018-08-10,ou_modell,True
2018-08-17,ou_modell,True
2018-08-24,ou_modell,True
2018-08-31,ou_modell,True
2018-09-07,ou_modell,True
2018-09-14,ou_modell,True
2018-09-21,ou_modell,True
2018-09-28,ou_modell,True
2018-10-05,ou_modell,True
2018-10-12,ou_modell,True
2018-10-19,ou_modell,True
2018-10-26,ou_modell,True
2018-11-02,ou_modell,True
2018-11-09,ou_modell,True
2018-11-16,ou_modell,True
2018-11-23,ou_modell,True
2018-11-30,ou_modell,True
2018-12-07,ou_modell,True
2018-12-14,ou_modell,True
2018-12-21,ou_modell,True
2018-12-28,ou_modell,False
2019-01-04,ou_modell,False
2019-01-11,ou_modell,False
2019-01-18,ou_modell,False
2019-01-25,ou_modell,False
2019-02-01,ou_modell,False
2019-02-08,ou_modell,True
2019-02-15,ou_modell,True
2019-02-22,ou_modell,True
2019-03-01,ou_modell,True
2019-03-08,ou_modell,True
2019-03-15,ou_modell,True
2019-03-22,ou_modell,True
2019-03-29,ou_modell,True
2019-04-05,ou_modell,True
2019-04-12,ou_modell,True
2019-04-19,ou_modell,True
2019-04-26,ou_modell,True
2019-05-03,ou_modell,True
2019-05-10,ou_modell,True
2019-05-17,ou_modell,True
2019-05-24,ou_modell,True
2019-05-31,ou_modell,True
2019-06-07,ou_modell,True
2019-06-14,ou_modell,True
2019-06-21,ou_modell,True
2019-06-28,ou_modell,True
2019-07-05,ou_modell,True
2019-07-12,ou_modell,True
2019-07-19,ou_modell,True
2019-07-26,ou_modell,True
2019-08-02,ou_modell,True
2019-08-09,ou_modell,True
2019-08-16,ou_modell,True
2019-08-23,ou_modell,True
2019-08-30,ou_modell,True
2019-09-06,ou_modell,True
2019-09-13,ou_modell,True
2019-09-20,ou_modell,True
2019-09-27,ou_modell,True
2019-10-04,ou_modell,True
2019-10-11,ou_modell,True
2019-10-18,ou_modell,True
2019-10-25,ou_modell,True
2019-11-01,ou_modell,True
2019-11-08,ou_modell,True
2019-11-15,ou_modell,True
2019-11-22,ou_modell,True
2019-11-29,ou_modell,True
2019-12-06,ou_modell,True
2019-12-13,ou_modell,True
2019-12-20,ou_modell,True
2019-12-27,ou_modell,True
2020-01-03,ou_modell,True
2020-01-10,ou_modell,True
2020-01-17,ou_modell,True
2020-01-24,ou_modell,True
2020-01-31,ou_modell,True
2020-02-07,ou_modell,True
2020-02-14,ou_modell,True
2020-02-21,ou_modell,True
2020-02-28,ou_modell,True
2020-03-06,ou_modell,True
2020-03-13,ou_modell,True
2020-03-20,ou_modell,False
2020-03-27,ou_modell,False
2020-04-03,ou_modell,False
2020-04-10,ou_modell,False
2020-04-17,ou_modell,False
2020-04-24,ou_modell,False
2020-05-01,ou_modell,False
2020-05-08,ou_modell,False
2020-05-15,ou_modell,False
2020-05-22,ou_modell,True
2020-05-29,ou_modell,True
2020-06-05,ou_modell,True
2020-06-12,ou_modell,True
2020-06-19,ou_modell,True
2020-06-26,ou_modell,True
2020-07-03,ou_modell,True
2020-07-10,ou_modell,True
2020-07-17,ou_modell,True
2020-07-24,ou_modell,True
2020-07-31,ou_modell,True
2020-08-07,ou_modell,True
2020-08-14,ou_modell,True
2020-08-21,ou_modell,True
2020-08-28,ou_modell,True
2020-09-04,ou_modell,True
2020-09-11,ou_modell,True
2020-09-18,ou_modell,True
2020-09-25,ou_modell,True
2020-10-02,ou_modell,True
2020-10-09,ou_modell,True
2020-10-16,ou_modell,True
2020-10-23,ou_modell,True
2020-10-30,ou_modell,True
2020-11-06,ou_modell,True
2020-11-13,ou_modell,True
2020-11-20,ou_modell,True
2020-11-27,ou_modell,True
2020-12-04,ou_modell,True
2020-12-11,ou_modell,True
2020-12-18,ou_modell,True
2020-12-25,ou_modell,True
2021-01-01,ou_modell,True
2021-01-08,ou_modell,True
2021-01-15,ou_modell,True
2021-01-22,ou_modell,True
2021-01-29,ou_modell,True
2021-02-05,ou_modell,True
2021-02-12,ou_modell,True
2021-02-19,ou_modell,True
2021-02-26,ou_modell,True
2021-03-05,ou_modell,True
2021-03-12,ou_modell,True
2021-03-19,ou_modell,True
2021-03-26,ou_modell,True
2021-04-02,ou_modell,True
2021-04-09,ou_modell,True
2021-04-16,ou_modell,True
2021-04-23,ou_modell,True
2021-04-30,ou_modell,True
2021-05-07,ou_modell,True
2021-05-14,ou_modell,True
2021-05-21,ou_modell,True
2021-05-28,ou_modell,True
2021-06-04,ou_modell,True
2021-06-11,ou_modell,True
2021-06-18,ou_modell,True
2021-06-25,ou_modell,True
2021-07-02,ou_modell,True
2021-07-09,ou_modell,True
2021-07-16,ou_modell,True
2021-07-23,ou_modell,True
2021-07-30,ou_modell,True
2021-08-06,ou_modell,True
2021-08-13,ou_modell,True
2021-08-20,ou_modell,True
2021-08-27,ou_modell,True
2021-09-03,ou_modell,True
2021-09-10,ou_modell,True
2021-09-17,ou_modell,True
2021-09-24,ou_modell,True
2021-10-01,ou_modell,True
2021-10-08,ou_modell,True
2021-10-15,ou_modell,True
2021-10-22,ou_modell,True
2021-10-29,ou_modell,True
2021-11-05,ou_modell,True
2021-11-12,ou_modell,True
2021-11-19,ou_modell,True
2021-11-26,ou_modell,True
2021-12-03,ou_modell,True
2021-12-10,ou_modell,True
2021-12-17,ou_modell,True
2021-12-24,ou_modell,True
2021-12-31,ou_modell,True
2022-01-07,ou_modell,True
2022-01-14,ou_modell,True
2022-01-21,ou_modell,True
2022-01-28,ou_modell,True
2022-02-04,ou_modell,True
2022-02-11,ou_modell,True
2022-02-18,ou_modell,True
2022-02-25,ou_modell,True
2022-03-04,ou_modell,True
2022-03-11,ou_modell,False
2022-03-18,ou_modell,True
2022-03-25,ou_modell,True
2022-04-01,ou_modell,True
2022-04-08,ou_modell,True
2022-04-15,ou_modell,True
2022-04-22,ou_modell,True
2022-04-29,ou_modell,True
2022-05-06,ou_modell,False
2022-05-13,ou_modell,False
2022-05-20,ou_modell,False
2022-05-27,ou_modell,False
2022-06-03,ou_modell,False
2022-06-10,ou_modell,False
2022-06-17,ou_modell,False
2022-06-24,ou_modell,False
2022-07-01,ou_modell,False
2022-07-08,ou_modell,False
2022-07-15,ou_modell,False
2022-07-22,ou_modell,False
2022-07-29,ou_modell,False
2022-08-05,ou_modell,False
2022-08-12,ou_modell,True
2022-08-19,ou_modell,True
2022-08-26,ou_modell,True
2022-09-02,ou_modell,True
2022-09-09,ou_modell,False
2022-09-16,ou_modell,False
2022-09-23,ou_modell,False
2022-09-30,ou_modell,False
2022-10-07,ou_modell,False
2022-10-14,ou_modell,False
2022-10-21,ou_modell,False
2022-10-28,ou_modell,False
2022-11-04,ou_modell,False
2022-11-11,ou_modell,False
2022-11-18,ou_modell,False
2022-11-25,ou_modell,False
2022-12-02,ou_modell,True
2022-12-09,ou_modell,True
2022-12-16,ou_modell,True
2022-12-23,ou_modell,True
2022-12-30,ou_modell,True
2023-01-06,ou_modell,False
2023-01-13,ou_modell,True
2023-01-20,ou_modell,True
2023-01-27,ou_modell,True
2023-02-03,ou_modell,True
2023-02-10,ou_modell,True
2023-02-17,ou_modell,True
2023-02-24,ou_modell,True
2023-03-03,ou_modell,True
2023-03-10,ou_modell,True
2023-03-17,ou_modell,False
2023-03-24,ou_modell,False
2023-03-31,ou_modell,False
2023-04-07,ou_modell,True
2023-04-14,ou_modell,True
2023-04-21,ou_modell,True
2023-04-28,ou_modell,True
2023-05-05,ou_modell,True
2023-05-12,ou_modell,True
2023-05-19,ou_modell,True
2023-05-26,ou_modell,True
2023-06-02,ou_modell,True
2023-06-09,ou_modell,True
2023-06-16,ou_modell,True
2023-06-23,ou_modell,True
2023-06-30,ou_modell,True
2023-07-07,ou_modell,True
2023-07-14,ou_modell,True
2023-07-21,ou_modell,True
2023-07-28,ou_modell,True
2023-08-04,ou_modell,True
2023-08-11,ou_modell,True
2023-08-18,ou_modell,True
2023-08-25,ou_modell,True
2023-09-01,ou_modell,True
2023-09-08,ou_modell,True
2023-09-15,ou_modell,True
2023-09-22,ou_modell,True
2023-09-29,ou_modell,True
2023-10-06,ou_modell,True
2023-10-13,ou_modell,True
2023-10-20,ou_modell,True
2023-10-27,ou_modell,True
2023-11-03,ou_modell,True
2023-11-10,ou_modell,True
2023-11-17,ou_modell,True
2023-11-24,ou_modell,True
2023-12-01,ou_modell,True
2023-12-08,ou_modell,True
2023-12-15,ou_modell,True
2023-12-22,ou_modell,True
2023-12-29,ou_modell,True
2024-01-05,ou_modell,True
2024-01-12,ou_modell,True
2024-01-19,ou_modell,True
2024-01-26,ou_modell,True
2024-02-02,ou_modell,True
2024-02-09,ou_modell,True
2024-02-16,ou_modell,True
2024-02-23,ou_modell,True
2024-03-01,ou_modell,True
2024-03-08,ou_modell,True
2024-03-15,ou_modell,True
2024-03-22,ou_modell,True
2024-03-29,ou_modell,True
2024-04-05,ou_modell,True
2024-04-12,ou_modell,True
2024-04-19,ou_modell,True
2024-04-26,ou_modell,True
2024-05-03,ou_modell,True
2024-05-10,ou_modell,True
2024-05-17,ou_modell,True
2024-05-24,ou_modell,True
2024-05-31,ou_modell,True
2024-06-07,ou_modell,True
2024-06-14,ou_modell,True
2024-06-21,ou_modell,True
2024-06-28,ou_modell,True
2024-07-05,ou_modell,True
2024-07-12,ou_modell,True
2024-07-19,ou_modell,True
2024-07-26,ou_modell,True
2024-08-02,ou_modell,True
2024-08-09,ou_modell,True
2024-08-16,ou_modell,True
2024-08-23,ou_modell,True
2024-08-30,ou_modell,True
2024-09-06,ou_modell,True
2024-09-13,ou_modell,True
2024-09-20,ou_modell,True
2024-09-27,ou_modell,True
2024-10-04,ou_modell,True
2024-10-11,ou_modell,True
2024-10-18,ou_modell,True
2024-10-25,ou_modell,True
2024-11-01,ou_modell,True
2024-11-08,ou_modell,True
2024-11-15,ou_modell,True
2024-11-22,ou_modell,True
2024-11-29,ou_modell,True
2024-12-06,ou_modell,True
2024-12-13,ou_modell,True
2024-12-20,ou_modell,True
2024-12-27,ou_modell,True
2025-01-03,ou_modell,False
2025-01-10,ou_modell,False
2025-01-17,ou_modell,False
2025-01-24,ou_modell,False
2025-01-31,ou_modell,False
2025-02-07,ou_modell,False
2025-02-14,ou_modell,False
2025-02-21,ou_modell,False
2025-02-28,ou_modell,False
2025-03-07,ou_modell,False
2025-03-14,ou_modell,False
2025-03-21,ou_modell,False
2025-03-28,ou_modell,False
2025-04-04,ou_modell,False
2025-04-11,ou_modell,False
2025-04-18,ou_modell,False
2025-04-25,ou_modell,False
2025-05-02,ou_modell,False
2025-05-09,ou_modell,False
2025-05-16,ou_modell,False
2025-05-23,ou_modell,False
2025-05-30,ou_modell,False
2025-06-06,ou_modell,False
2025-06-13,ou_modell,False
2025-06-20,ou_modell,False
2025-06-27,ou_modell,False
2025-07-04,ou_modell,False
2025-07-11,ou_modell,False
2025-07-18,ou_modell,False
2025-07-25,ou_modell,False
2025-08-01,ou_modell,False
2025-08-08,ou_modell,False
2025-08-15,ou_modell,False
2025-08-22,ou_modell,False
2025-08-29,ou_modell,False
2025-09-05,ou_modell,False
2025-09-12,ou_modell,False
2025-09-19,ou_modell,False
2025-09-26,ou_modell,False
2025-10-03,ou_modell,False
2025-10-10,ou_modell,False
2025-10-17,ou_modell,False
2025-10-24,ou_modell,False
2025-10-31,ou_modell,False
2025-11-07,ou_modell,False
2025-11-14,ou_modell,False
2025-11-21,ou_modell,False
2025-11-28,ou_modell,False
2025-12-05,ou_modell,False
2025-12-12,ou_modell,False
2025-12-19,ou_modell,False
2025-12-26,ou_modell,False
2026-01-02,ou_modell,False
2026-01-09,ou_modell,False
2026-01-16,ou_modell,False
2026-01-23,ou_modell,False
2026-01-30,ou_modell,False
2026-02-06,ou_modell,False
2026-02-13,ou_modell,False
2026-02-20,ou_modell,False
2026-02-27,ou_modell,False
2026-03-06,ou_modell,False
2026-03-13,ou_modell,False
2026-03-20,ou_modell,False
2026-03-27,ou_modell,False
2026-04-03,ou_modell,False
2026-04-10,ou_modell,False
2026-04-17,ou_modell,False
2026-04-24,ou_modell,False
2026-05-01,ou_modell,False
2026-05-08,ou_modell,False
2026-05-15,ou_modell,False
2026-05-22,ou_modell,False
2026-05-29,ou_modell,False
2026-06-05,ou_modell,False
2026-06-12,ou_modell,False
2026-06-19,ou_modell,False
2026-06-26,ou_modell,False
2026-07-03,ou_modell,False
2026-07-10,ou_modell,False
2026-07-17,ou_modell,False
2026-07-24,ou_modell,False
2026-07-31,ou_modell,False
2026-08-07,ou_modell,False
2026-08-14,ou_modell,False
2026-08-21,ou_modell,False
2016-01-01,cls_practical,False
2016-01-08,cls_practical,False
2016-01-15,cls_practical,False
2016-01-22,cls_practical,False
2016-01-29,cls_practical,False
2016-02-05,cls_practical,False
2016-02-12,cls_practical,False
2016-02-19,cls_practical,False
2016-02-26,cls_practical,False
2016-03-04,cls_practical,False
2016-03-11,cls_practical,False
2016-03-18,cls_practical,False
2016-03-25,cls_practical,False
2016-04-01,cls_practical,False
2016-04-08,cls_practical,False
2016-04-15,cls_practical,False
2016-04-22,cls_practical,False
2016-04-29,cls_practical,False
2016-05-06,cls_practical,False
2016-05-13,cls_practical,False
2016-05-20,cls_practical,False
2016-05-27,cls_practical,False
2016-06-03,cls_practical,False
2016-06-10,cls_practical,False
2016-06-17,cls_practical,False
2016-06-24,cls_practical,False
2016-07-01,cls_practical,False
2016-07-08,cls_practical,False
2016-07-15,cls_practical,False
2016-07-22,cls_practical,False
2016-07-29,cls_practical,False
2016-08-05,cls_practical,False
2016-08-12,cls_practical,False
2016-08-19,cls_practical,False
2016-08-26,cls_practical,False
2016-09-02,cls_practical,False
2016-09-09,cls_practical,False
2016-09-16,cls_practical,False
2016-09-23,cls_practical,False
2016-09-30,cls_practical,False
2016-10-07,cls_practical,False
2016-10-14,cls_practical,False
2016-10-21,cls_practical,False
2016-10-28,cls_practical,False
2016-11-04,cls_practical,False
2016-11-11,cls_practical,False
2016-11-18,cls_practical,False
2016-11-25,cls_practical,False
2016-12-02,cls_practical,False
2016-12-09,cls_practical,False
2016-12-16,cls_practical,False
2016-12-23,cls_practical,False
2016-12-30,cls_practical,False
2017-01-06,cls_practical,False
2017-01-13,cls_practical,False
2017-01-20,cls_practical,False
2017-01-27,cls_practical,False
2017-02-03,cls_practical,False
2017-02-10,cls_practical,False
2017-02-17,cls_practical,False
2017-02-24,cls_practical,False
2017-03-03,cls_practical,False
2017-03-10,cls_practical,False
2017-03-17,cls_practical,False
2017-03-24,cls_practical,False
2017-03-31,cls_practical,False
2017-04-07,cls_practical,False
2017-04-14,cls_practical,False
2017-04-21,cls_practical,False
2017-04-28,cls_practical,False
2017-05-05,cls_practical,False
2017-05-12,cls_practical,False
2017-05-19,cls_practical,False
2017-05-26,cls_practical,False
2017-06-02,cls_practical,False
2017-06-09,cls_practical,False
2017-06-16,cls_practical,False
2017-06-23,cls_practical,False
2017-06-30,cls_practical,False
2017-07-07,cls_practical,False
2017-07-14,cls_practical,False
2017-07-21,cls_practical,False
2017-07-28,cls_practical,False
2017-08-04,cls_practical,False
2017-08-11,cls_practical,False
2017-08-18,cls_practical,False
2017-08-25,cls_practical,False
2017-09-01,cls_practical,False
2017-09-08,cls_practical,False
2017-09-15,cls_practical,False
2017-09-22,cls_practical,False
2017-09-29,cls_practical,False
2017-10-06,cls_practical,False
2017-10-13,cls_practical,False
2017-10-20,cls_practical,False
2017-10-27,cls_practical,False
2017-11-03,cls_practical,False
2017-11-10,cls_practical,False
2017-11-17,cls_practical,False
2017-11-24,cls_practical,False
2017-12-01,cls_practical,False
2017-12-08,cls_practical,False
2017-12-15,cls_practical,False
2017-12-22,cls_practical,False
2017-12-29,cls_practical,False
2018-01-05,cls_practical,False
2018-01-12,cls_practical,False
2018-01-19,cls_practical,False
2018-01-26,cls_practical,False
2018-02-02,cls_practical,False
2018-02-09,cls_practical,False
2018-02-16,cls_practical,False
2018-02-23,cls_practical,False
2018-03-02,cls_practical,False
2018-03-09,cls_practical,False
2018-03-16,cls_practical,False
2018-03-23,cls_practical,False
2018-03-30,cls_practical,False
2018-04-06,cls_practical,False
2018-04-13,cls_practical,False
2018-04-20,cls_practical,False
2018-04-27,cls_practical,False
2018-05-04,cls_practical,False
2018-05-11,cls_practical,False
2018-05-18,cls_practical,False
2018-05-25,cls_practical,False
2018-06-01,cls_practical,False
2018-06-08,cls_practical,False
2018-06-15,cls_practical,False
2018-06-22,cls_practical,False
2018-06-29,cls_practical,False
2018-07-06,cls_practical,False
2018-07-13,cls_practical,False
2018-07-20,cls_practical,False
2018-07-27,cls_practical,False
2018-08-03,cls_practical,False
2018-08-10,cls_practical,False
2018-08-17,cls_practical,False
2018-08-24,cls_practical,False
2018-08-31,cls_practical,False
2018-09-07,cls_practical,False
2018-09-14,cls_practical,False
2018-09-21,cls_practical,False
2018-09-28,cls_practical,False
2018-10-05,cls_practical,False
2018-10-12,cls_practical,False
2018-10-19,cls_practical,False
2018-10-26,cls_practical,False
2018-11-02,cls_practical,False
2018-11-09,cls_practical,False
2018-11-16,cls_practical,False
2018-11-23,cls_practical,False
2018-11-30,cls_practical,False
2018-12-07,cls_practical,False
2018-12-14,cls_practical,False
2018-12-21,cls_practical,False
2018-12-28,cls_practical,False
2019-01-04,cls_practical,False
2019-01-11,cls_practical,False
2019-01-18,cls_practical,False
2019-01-25,cls_practical,False
2019-02-01,cls_practical,False
2019-02-08,cls_practical,False
2019-02-15,cls_practical,False
2019-02-22,cls_practical,False
2019-03-01,cls_practical,False
2019-03-08,cls_practical,False
2019-03-15,cls_practical,False
2019-03-22,cls_practical,False
2019-03-29,cls_practical,False
2019-04-05,cls_practical,False
2019-04-12,cls_practical,False
2019-04-19,cls_practical,False
2019-04-26,cls_practical,False
2019-05-03,cls_practical,False
2019-05-10,cls_practical,False
2019-05-17,cls_practical,False
2019-05-24,cls_practical,False
2019-05-31,cls_practical,False
2019-06-07,cls_practical,False
2019-06-14,cls_practical,False
2019-06-21,cls_practical,False
2019-06-28,cls_practical,True
2019-07-05,cls_practical,False
2019-07-12,cls_practical,False
2019-07-19,cls_practical,True
2019-07-26,cls_practical,False
2019-08-02,cls_practical,False
2019-08-09,cls_practical,False
2019-08-16,cls_practical,False
2019-08-23,cls_practical,False
2019-08-30,cls_practical,True
2019-09-06,cls_practical,False
2019-09-13,cls_practical,False
2019-09-20,cls_practical,True
2019-09-27,cls_practical,False
2019-10-04,cls_practical,True
2019-10-11,cls_practical,True
2019-10-18,cls_practical,False
2019-10-25,cls_practical,True
2019-11-01,cls_practical,True
2019-11-08,cls_practical,False
2019-11-15,cls_practical,False
2019-11-22,cls_practical,True
2019-11-29,cls_practical,False
2019-12-06,cls_practical,True
2019-12-13,cls_practical,False
2019-12-20,cls_practical,False
2019-12-27,cls_practical,False
2020-01-03,cls_practical,False
2020-01-10,cls_practical,True
2020-01-17,cls_practical,False
2020-01-24,cls_practical,True
2020-01-31,cls_practical,True
2020-02-07,cls_practical,True
2020-02-14,cls_practical,False
2020-02-21,cls_practical,True
2020-02-28,cls_practical,False
2020-03-06,cls_practical,False
2020-03-13,cls_practical,False
2020-03-20,cls_practical,False
2020-03-27,cls_practical,True
2020-04-03,cls_practical,True
2020-04-10,cls_practical,True
2020-04-17,cls_practical,True
2020-04-24,cls_practical,True
2020-05-01,cls_practical,False
2020-05-08,cls_practical,True
2020-05-15,cls_practical,False
2020-05-22,cls_practical,False
2020-05-29,cls_practical,False
2020-06-05,cls_practical,True
2020-06-12,cls_practical,True
2020-06-19,cls_practical,False
2020-06-26,cls_practical,True
2020-07-03,cls_practical,True
2020-07-10,cls_practical,True
2020-07-17,cls_practical,False
2020-07-24,cls_practical,False
2020-07-31,cls_practical,False
2020-08-07,cls_practical,True
2020-08-14,cls_practical,False
2020-08-21,cls_practical,False
2020-08-28,cls_practical,True
2020-09-04,cls_practical,False
2020-09-11,cls_practical,True
2020-09-18,cls_practical,False
2020-09-25,cls_practical,True
2020-10-02,cls_practical,False
2020-10-09,cls_practical,False
2020-10-16,cls_practical,False
2020-10-23,cls_practical,False
2020-10-30,cls_practical,False
2020-11-06,cls_practical,False
2020-11-13,cls_practical,False
2020-11-20,cls_practical,False
2020-11-27,cls_practical,False
2020-12-04,cls_practical,False
2020-12-11,cls_practical,False
2020-12-18,cls_practical,False
2020-12-25,cls_practical,False
2021-01-01,cls_practical,True
2021-01-08,cls_practical,False
2021-01-15,cls_practical,False
2021-01-22,cls_practical,False
2021-01-29,cls_practical,False
2021-02-05,cls_practical,False
2021-02-12,cls_practical,False
2021-02-19,cls_practical,True
2021-02-26,cls_practical,True
2021-03-05,cls_practical,True
2021-03-12,cls_practical,True
2021-03-19,cls_practical,True
2021-03-26,cls_practical,True
2021-04-02,cls_practical,False
2021-04-09,cls_practical,False
2021-04-16,cls_practical,False
2021-04-23,cls_practical,True
2021-04-30,cls_practical,False
2021-05-07,cls_practical,True
2021-05-14,cls_practical,True
2021-05-21,cls_practical,True
2021-05-28,cls_practical,True
2021-06-04,cls_practical,False
2021-06-11,cls_practical,False
2021-06-18,cls_practical,True
2021-06-25,cls_practical,False
2021-07-02,cls_practical,True
2021-07-09,cls_practical,False
2021-07-16,cls_practical,False
2021-07-23,cls_practical,True
2021-07-30,cls_practical,True
2021-08-06,cls_practical,False
2021-08-13,cls_practical,False
2021-08-20,cls_practical,False
2021-08-27,cls_practical,False
2021-09-03,cls_practical,False
2021-09-10,cls_practical,False
2021-09-17,cls_practical,True
2021-09-24,cls_practical,False
2021-10-01,cls_practical,True
2021-10-08,cls_practical,True
2021-10-15,cls_practical,False
2021-10-22,cls_practical,True
2021-10-29,cls_practical,False
2021-11-05,cls_practical,True
2021-11-12,cls_practical,True
2021-11-19,cls_practical,False
2021-11-26,cls_practical,False
2021-12-03,cls_practical,False
2021-12-10,cls_practical,True
2021-12-17,cls_practical,True
2021-12-24,cls_practical,False
2021-12-31,cls_practical,True
2022-01-07,cls_practical,False
2022-01-14,cls_practical,False
2022-01-21,cls_practical,False
2022-01-28,cls_practical,True
2022-02-04,cls_practical,False
2022-02-11,cls_practical,False
2022-02-18,cls_practical,False
2022-02-25,cls_practical,False
2022-03-04,cls_practical,True
2022-03-11,cls_practical,False
2022-03-18,cls_practical,False
2022-03-25,cls_practical,True
2022-04-01,cls_practical,False
2022-04-08,cls_practical,False
2022-04-15,cls_practical,True
2022-04-22,cls_practical,False
2022-04-29,cls_practical,True
2022-05-06,cls_practical,True
2022-05-13,cls_practical,True
2022-05-20,cls_practical,True
2022-05-27,cls_practical,False
2022-06-03,cls_practical,True
2022-06-10,cls_practical,True
2022-06-17,cls_practical,True
2022-06-24,cls_practical,False
2022-07-01,cls_practical,False
2022-07-08,cls_practical,False
2022-07-15,cls_practical,True
2022-07-22,cls_practical,True
2022-07-29,cls_practical,False
2022-08-05,cls_practical,False
2022-08-12,cls_practical,False
2022-08-19,cls_practical,True
2022-08-26,cls_practical,True
2022-09-02,cls_practical,False
2022-09-09,cls_practical,False
2022-09-16,cls_practical,False
2022-09-23,cls_practical,False
2022-09-30,cls_practical,True
2022-10-07,cls_practical,False
2022-10-14,cls_practical,True
2022-10-21,cls_practical,False
2022-10-28,cls_practical,False
2022-11-04,cls_practical,True
2022-11-11,cls_practical,True
2022-11-18,cls_practical,False
2022-11-25,cls_practical,False
2022-12-02,cls_practical,False
2022-12-09,cls_practical,True
2022-12-16,cls_practical,False
2022-12-23,cls_practical,False
2022-12-30,cls_practical,True
2023-01-06,cls_practical,True
2023-01-13,cls_practical,False
2023-01-20,cls_practical,True
2023-01-27,cls_practical,True
2023-02-03,cls_practical,True
2023-02-10,cls_practical,True
2023-02-17,cls_practical,True
2023-02-24,cls_practical,False
2023-03-03,cls_practical,True
2023-03-10,cls_practical,False
2023-03-17,cls_practical,True
2023-03-24,cls_practical,False
2023-03-31,cls_practical,False
2023-04-07,cls_practical,False
2023-04-14,cls_practical,True
2023-04-21,cls_practical,True
2023-04-28,cls_practical,True
2023-05-05,cls_practical,False
2023-05-12,cls_practical,True
2023-05-19,cls_practical,True
2023-05-26,cls_practical,True
2023-06-02,cls_practical,True
2023-06-09,cls_practical,True
2023-06-16,cls_practical,False
2023-06-23,cls_practical,False
2023-06-30,cls_practical,True
2023-07-07,cls_practical,False
2023-07-14,cls_practical,False
2023-07-21,cls_practical,False
2023-07-28,cls_practical,False
2023-08-04,cls_practical,True
2023-08-11,cls_practical,False
2023-08-18,cls_practical,True
2023-08-25,cls_practical,False
2023-09-01,cls_practical,False
2023-09-08,cls_practical,True
2023-09-15,cls_practical,True
2023-09-22,cls_practical,False
2023-09-29,cls_practical,False
2023-10-06,cls_practical,False
2023-10-13,cls_practical,True
2023-10-20,cls_practical,False
2023-10-27,cls_practical,False
2023-11-03,cls_practical,False
2023-11-10,cls_practical,True
2023-11-17,cls_practical,False
2023-11-24,cls_practical,True
2023-12-01,cls_practical,False
2023-12-08,cls_practical,True
2023-12-15,cls_practical,True
2023-12-22,cls_practical,True
2023-12-29,cls_practical,False
2024-01-05,cls_practical,True
2024-01-12,cls_practical,False
2024-01-19,cls_practical,False
2024-01-26,cls_practical,False
2024-02-02,cls_practical,False
2024-02-09,cls_practical,False
2024-02-16,cls_practical,False
2024-02-23,cls_practical,False
2024-03-01,cls_practical,False
2024-03-08,cls_practical,False
2024-03-15,cls_practical,True
2024-03-22,cls_practical,True
2024-03-29,cls_practical,False
2024-04-05,cls_practical,False
2024-04-12,cls_practical,False
2024-04-19,cls_practical,False
2024-04-26,cls_practical,True
2024-05-03,cls_practical,True
2024-05-10,cls_practical,True
2024-05-17,cls_practical,True
2024-05-24,cls_practical,True
2024-05-31,cls_practical,True
2024-06-07,cls_practical,False
2024-06-14,cls_practical,True
2024-06-21,cls_practical,False
2024-06-28,cls_practical,False
2024-07-05,cls_practical,False
2024-07-12,cls_practical,False
2024-07-19,cls_practical,False
2024-07-26,cls_practical,True
2024-08-02,cls_practical,True
2024-08-09,cls_practical,True
2024-08-16,cls_practical,False
2024-08-23,cls_practical,False
2024-08-30,cls_practical,False
2024-09-06,cls_practical,False
2024-09-13,cls_practical,False
2024-09-20,cls_practical,True
2024-09-27,cls_practical,False
2024-10-04,cls_practical,True
2024-10-11,cls_practical,False
2024-10-18,cls_practical,False
2024-10-25,cls_practical,True
2024-11-01,cls_practical,True
2024-11-08,cls_practical,False
2024-11-15,cls_practical,True
2024-11-22,cls_practical,True
2024-11-29,cls_practical,False
2024-12-06,cls_practical,False
2024-12-13,cls_practical,False
2024-12-20,cls_practical,False
2024-12-27,cls_practical,True
2025-01-03,cls_practical,False
2025-01-10,cls_practical,True
2025-01-17,cls_practical,False
2025-01-24,cls_practical,False
2025-01-31,cls_practical,True
2025-02-07,cls_practical,False
2025-02-14,cls_practical,True
2025-02-21,cls_practical,False
2025-02-28,cls_practical,False
2025-03-07,cls_practical,True
2025-03-14,cls_practical,True
2025-03-21,cls_practical,True
2025-03-28,cls_practical,False
2025-04-04,cls_practical,False
2025-04-11,cls_practical,True
2025-04-18,cls_practical,False
2025-04-25,cls_practical,False
2025-05-02,cls_practical,True
2025-05-09,cls_practical,True
2025-05-16,cls_practical,False
2025-05-23,cls_practical,True
2025-05-30,cls_practical,False
2025-06-06,cls_practical,True
2025-06-13,cls_practical,False
2025-06-20,cls_practical,True
2025-06-27,cls_practical,True
2025-07-04,cls_practical,True
2025-07-11,cls_practical,False
2025-07-18,cls_practical,True
2025-07-25,cls_practical,True
2025-08-01,cls_practical,True
2025-08-08,cls_practical,False
2025-08-15,cls_practical,False
2025-08-22,cls_practical,True
2025-08-29,cls_practical,False
2025-09-05,cls_practical,False
2025-09-12,cls_practical,False
2025-09-19,cls_practical,False
2025-09-26,cls_practical,False
2025-10-03,cls_practical,False
2025-10-10,cls_practical,False
2025-10-17,cls_practical,False
2025-10-24,cls_practical,True
2025-10-31,cls_practical,False
2025-11-07,cls_practical,True
2025-11-14,cls_practical,False
2025-11-21,cls_practical,True
2025-11-28,cls_practical,True
2025-12-05,cls_practical,True
2025-12-12,cls_practical,True
2025-12-19,cls_practical,True
2025-12-26,cls_practical,True
2026-01-02,cls_practical,True
2026-01-09,cls_practical,True
2026-01-16,cls_practical,False
2026-01-23,cls_practical,False
2026-01-30,cls_practical,True
2026-02-06,cls_practical,False
2026-02-13,cls_practical,True
2026-02-20,cls_practical,True
2026-02-27,cls_practical,False
2026-03-06,cls_practical,False
2026-03-13,cls_practical,True
2026-03-20,cls_practical,False
2026-03-27,cls_practical,True
2026-04-03,cls_practical,False
2026-04-10,cls_practical,False
2026-04-17,cls_practical,True
2026-04-24,cls_practical,False
2026-05-01,cls_practical,False
2026-05-08,cls_practical,True
2026-05-15,cls_practical,False
2026-05-22,cls_practical,False
2026-05-29,cls_practical,False
2026-06-05,cls_practical,False
2026-06-12,cls_practical,False
2026-06-19,cls_practical,True
2026-06-26,cls_practical,False
2026-07-03,cls_practical,False
2026-07-10,cls_practical,True
2026-07-17,cls_practical,False
2026-07-24,cls_practical,False
2026-07-31,cls_practical,False
2026-08-07,cls_practical,True
2026-08-14,cls_practical,False
2026-08-21,cls_practical,False
2016-01-01,btc_ema_cross,False
2016-01-08,btc_ema_cross,False
2016-01-15,btc_ema_cross,False
2016-01-22,btc_ema_cross,False
2016-01-29,btc_ema_cross,False
2016-02-05,btc_ema_cross,False
2016-02-12,btc_ema_cross,False
2016-02-19,btc_ema_cross,False
2016-02-26,btc_ema_cross,False
2016-03-04,btc_ema_cross,False
2016-03-11,btc_ema_cross,False
2016-03-18,btc_ema_cross,False
2016-03-25,btc_ema_cross,False
2016-04-01,btc_ema_cross,False
2016-04-08,btc_ema_cross,False
2016-04-15,btc_ema_cross,False
2016-04-22,btc_ema_cross,False
2016-04-29,btc_ema_cross,False
2016-05-06,btc_ema_cross,False
2016-05-13,btc_ema_cross,False
2016-05-20,btc_ema_cross,False
2016-05-27,btc_ema_cross,False
2016-06-03,btc_ema_cross,False
2016-06-10,btc_ema_cross,False
2016-06-17,btc_ema_cross,False
2016-06-24,btc_ema_cross,False
2016-07-01,btc_ema_cross,False
2016-07-08,btc_ema_cross,False
2016-07-15,btc_ema_cross,False
2016-07-22,btc_ema_cross,False
2016-07-29,btc_ema_cross,False
2016-08-05,btc_ema_cross,False
2016-08-12,btc_ema_cross,False
2016-08-19,btc_ema_cross,False
2016-08-26,btc_ema_cross,False
2016-09-02,btc_ema_cross,False
2016-09-09,btc_ema_cross,False
2016-09-16,btc_ema_cross,False
2016-09-23,btc_ema_cross,False
2016-09-30,btc_ema_cross,False
2016-10-07,btc_ema_cross,False
2016-10-14,btc_ema_cross,False
2016-10-21,btc_ema_cross,False
2016-10-28,btc_ema_cross,False
2016-11-04,btc_ema_cross,False
2016-11-11,btc_ema_cross,False
2016-11-18,btc_ema_cross,False
2016-11-25,btc_ema_cross,False
2016-12-02,btc_ema_cross,False
2016-12-09,btc_ema_cross,False
2016-12-16,btc_ema_cross,False
2016-12-23,btc_ema_cross,False
2016-12-30,btc_ema_cross,False
2017-01-06,btc_ema_cross,False
2017-01-13,btc_ema_cross,False
2017-01-20,btc_ema_cross,False
2017-01-27,btc_ema_cross,False
2017-02-03,btc_ema_cross,False
2017-02-10,btc_ema_cross,False
2017-02-17,btc_ema_cross,False
2017-02-24,btc_ema_cross,False
2017-03-03,btc_ema_cross,False
2017-03-10,btc_ema_cross,False
2017-03-17,btc_ema_cross,False
2017-03-24,btc_ema_cross,False
2017-03-31,btc_ema_cross,False
2017-04-07,btc_ema_cross,False
2017-04-14,btc_ema_cross,False
2017-04-21,btc_ema_cross,False
2017-04-28,btc_ema_cross,False
2017-05-05,btc_ema_cross,False
2017-05-12,btc_ema_cross,False
2017-05-19,btc_ema_cross,False
2017-05-26,btc_ema_cross,False
2017-06-02,btc_ema_cross,False
2017-06-09,btc_ema_cross,False
2017-06-16,btc_ema_cross,False
2017-06-23,btc_ema_cross,False
2017-06-30,btc_ema_cross,False
2017-07-07,btc_ema_cross,False
2017-07-14,btc_ema_cross,False
2017-07-21,btc_ema_cross,False
2017-07-28,btc_ema_cross,False
2017-08-04,btc_ema_cross,False
2017-08-11,btc_ema_cross,False
2017-08-18,btc_ema_cross,False
2017-08-25,btc_ema_cross,False
2017-09-01,btc_ema_cross,False
2017-09-08,btc_ema_cross,False
2017-09-15,btc_ema_cross,False
2017-09-22,btc_ema_cross,False
2017-09-29,btc_ema_cross,False
2017-10-06,btc_ema_cross,True
2017-10-13,btc_ema_cross,True
2017-10-20,btc_ema_cross,True
2017-10-27,btc_ema_cross,True
2017-11-03,btc_ema_cross,True
2017-11-10,btc_ema_cross,True
2017-11-17,btc_ema_cross,True
2017-11-24,btc_ema_cross,True
2017-12-01,btc_ema_cross,True
2017-12-08,btc_ema_cross,True
2017-12-15,btc_ema_cross,True
2017-12-22,btc_ema_cross,True
2017-12-29,btc_ema_cross,True
2018-01-05,btc_ema_cross,True
2018-01-12,btc_ema_cross,True
2018-01-19,btc_ema_cross,False
2018-01-26,btc_ema_cross,False
2018-02-02,btc_ema_cross,False
2018-02-09,btc_ema_cross,False
2018-02-16,btc_ema_cross,False
2018-02-23,btc_ema_cross,True
2018-03-02,btc_ema_cross,True
2018-03-09,btc_ema_cross,True
2018-03-16,btc_ema_cross,True
2018-03-23,btc_ema_cross,False
2018-03-30,btc_ema_cross,False
2018-04-06,btc_ema_cross,False
2018-04-13,btc_ema_cross,False
2018-04-20,btc_ema_cross,True
2018-04-27,btc_ema_cross,True
2018-05-04,btc_ema_cross,True
2018-05-11,btc_ema_cross,True
2018-05-18,btc_ema_cross,True
2018-05-25,btc_ema_cross,False
2018-06-01,btc_ema_cross,False
2018-06-08,btc_ema_cross,False
2018-06-15,btc_ema_cross,False
2018-06-22,btc_ema_cross,False
2018-06-29,btc_ema_cross,False
2018-07-06,btc_ema_cross,False
2018-07-13,btc_ema_cross,True
2018-07-20,btc_ema_cross,True
2018-07-27,btc_ema_cross,True
2018-08-03,btc_ema_cross,True
2018-08-10,btc_ema_cross,True
2018-08-17,btc_ema_cross,False
2018-08-24,btc_ema_cross,False
2018-08-31,btc_ema_cross,True
2018-09-07,btc_ema_cross,True
2018-09-14,btc_ema_cross,False
2018-09-21,btc_ema_cross,False
2018-09-28,btc_ema_cross,True
2018-10-05,btc_ema_cross,True
2018-10-12,btc_ema_cross,True
2018-10-19,btc_ema_cross,True
2018-10-26,btc_ema_cross,True
2018-11-02,btc_ema_cross,False
2018-11-09,btc_ema_cross,False
2018-11-16,btc_ema_cross,False
2018-11-23,btc_ema_cross,False
2018-11-30,btc_ema_cross,False
2018-12-07,btc_ema_cross,False
2018-12-14,btc_ema_cross,False
2018-12-21,btc_ema_cross,False
2018-12-28,btc_ema_cross,False
2019-01-04,btc_ema_cross,False
2019-01-11,btc_ema_cross,True
2019-01-18,btc_ema_cross,False
2019-01-25,btc_ema_cross,False
2019-02-01,btc_ema_cross,False
2019-02-08,btc_ema_cross,False
2019-02-15,btc_ema_cross,True
2019-02-22,btc_ema_cross,True
2019-03-01,btc_ema_cross,True
2019-03-08,btc_ema_cross,True
2019-03-15,btc_ema_cross,True
2019-03-22,btc_ema_cross,True
2019-03-29,btc_ema_cross,True
2019-04-05,btc_ema_cross,True
2019-04-12,btc_ema_cross,True
2019-04-19,btc_ema_cross,True
2019-04-26,btc_ema_cross,True
2019-05-03,btc_ema_cross,True
2019-05-10,btc_ema_cross,True
2019-05-17,btc_ema_cross,True
2019-05-24,btc_ema_cross,True
2019-05-31,btc_ema_cross,True
2019-06-07,btc_ema_cross,True
2019-06-14,btc_ema_cross,True
2019-06-21,btc_ema_cross,True
2019-06-28,btc_ema_cross,True
2019-07-05,btc_ema_cross,True
2019-07-12,btc_ema_cross,True
2019-07-19,btc_ema_cross,True
2019-07-26,btc_ema_cross,False
2019-08-02,btc_ema_cross,False
2019-08-09,btc_ema_cross,True
2019-08-16,btc_ema_cross,True
2019-08-23,btc_ema_cross,True
2019-08-30,btc_ema_cross,False
2019-09-06,btc_ema_cross,False
2019-09-13,btc_ema_cross,True
2019-09-20,btc_ema_cross,True
2019-09-27,btc_ema_cross,False
2019-10-04,btc_ema_cross,False
2019-10-11,btc_ema_cross,False
2019-10-18,btc_ema_cross,False
2019-10-25,btc_ema_cross,False
2019-11-01,btc_ema_cross,True
2019-11-08,btc_ema_cross,True
2019-11-15,btc_ema_cross,True
2019-11-22,btc_ema_cross,False
2019-11-29,btc_ema_cross,False
2019-12-06,btc_ema_cross,False
2019-12-13,btc_ema_cross,False
2019-12-20,btc_ema_cross,False
2019-12-27,btc_ema_cross,False
2020-01-03,btc_ema_cross,False
2020-01-10,btc_ema_cross,True
2020-01-17,btc_ema_cross,True
2020-01-24,btc_ema_cross,True
2020-01-31,btc_ema_cross,True
2020-02-07,btc_ema_cross,True
2020-02-14,btc_ema_cross,True
2020-02-21,btc_ema_cross,True
2020-02-28,btc_ema_cross,True
2020-03-06,btc_ema_cross,False
2020-03-13,btc_ema_cross,False
2020-03-20,btc_ema_cross,False
2020-03-27,btc_ema_cross,False
2020-04-03,btc_ema_cross,False
2020-04-10,btc_ema_cross,True
2020-04-17,btc_ema_cross,True
2020-04-24,btc_ema_cross,True
2020-05-01,btc_ema_cross,True
2020-05-08,btc_ema_cross,True
2020-05-15,btc_ema_cross,True
2020-05-22,btc_ema_cross,True
2020-05-29,btc_ema_cross,True
2020-06-05,btc_ema_cross,True
2020-06-12,btc_ema_cross,True
2020-06-19,btc_ema_cross,True
2020-06-26,btc_ema_cross,True
2020-07-03,btc_ema_cross,False
2020-07-10,btc_ema_cross,False
2020-07-17,btc_ema_cross,False
2020-07-24,btc_ema_cross,True
2020-07-31,btc_ema_cross,True
2020-08-07,btc_ema_cross,True
2020-08-14,btc_ema_cross,True
2020-08-21,btc_ema_cross,True
2020-08-28,btc_ema_cross,True
2020-09-04,btc_ema_cross,True
2020-09-11,btc_ema_cross,False
2020-09-18,btc_ema_cross,False
2020-09-25,btc_ema_cross,True
2020-10-02,btc_ema_cross,False
2020-10-09,btc_ema_cross,True
2020-10-16,btc_ema_cross,True
2020-10-23,btc_ema_cross,True
2020-10-30,btc_ema_cross,True
2020-11-06,btc_ema_cross,True
2020-11-13,btc_ema_cross,True
2020-11-20,btc_ema_cross,True
2020-11-27,btc_ema_cross,True
2020-12-04,btc_ema_cross,True
2020-12-11,btc_ema_cross,True
2020-12-18,btc_ema_cross,True
2020-12-25,btc_ema_cross,True
2021-01-01,btc_ema_cross,True
2021-01-08,btc_ema_cross,True
2021-01-15,btc_ema_cross,True
2021-01-22,btc_ema_cross,True
2021-01-29,btc_ema_cross,True
2021-02-05,btc_ema_cross,True
2021-02-12,btc_ema_cross,True
2021-02-19,btc_ema_cross,True
2021-02-26,btc_ema_cross,True
2021-03-05,btc_ema_cross,True
2021-03-12,btc_ema_cross,True
2021-03-19,btc_ema_cross,True
2021-03-26,btc_ema_cross,True
2021-04-02,btc_ema_cross,True
2021-04-09,btc_ema_cross,True
2021-04-16,btc_ema_cross,True
2021-04-23,btc_ema_cross,True
2021-04-30,btc_ema_cross,False
2021-05-07,btc_ema_cross,True
2021-05-14,btc_ema_cross,True
2021-05-21,btc_ema_cross,False
2021-05-28,btc_ema_cross,False
2021-06-04,btc_ema_cross,False
2021-06-11,btc_ema_cross,False
2021-06-18,btc_ema_cross,False
2021-06-25,btc_ema_cross,False
2021-07-02,btc_ema_cross,False
2021-07-09,btc_ema_cross,False
2021-07-16,btc_ema_cross,False
2021-07-23,btc_ema_cross,False
2021-07-30,btc_ema_cross,True
2021-08-06,btc_ema_cross,True
2021-08-13,btc_ema_cross,True
2021-08-20,btc_ema_cross,True
2021-08-27,btc_ema_cross,True
2021-09-03,btc_ema_cross,True
2021-09-10,btc_ema_cross,True
2021-09-17,btc_ema_cross,True
2021-09-24,btc_ema_cross,True
2021-10-01,btc_ema_cross,False
2021-10-08,btc_ema_cross,True
2021-10-15,btc_ema_cross,True
2021-10-22,btc_ema_cross,True
2021-10-29,btc_ema_cross,True
2021-11-05,btc_ema_cross,True
2021-11-12,btc_ema_cross,True
2021-11-19,btc_ema_cross,True
2021-11-26,btc_ema_cross,False
2021-12-03,btc_ema_cross,False
2021-12-10,btc_ema_cross,False
2021-12-17,btc_ema_cross,False
2021-12-24,btc_ema_cross,False
2021-12-31,btc_ema_cross,False
2022-01-07,btc_ema_cross,False
2022-01-14,btc_ema_cross,False
2022-01-21,btc_ema_cross,False
2022-01-28,btc_ema_cross,False
2022-02-04,btc_ema_cross,False
2022-02-11,btc_ema_cross,True
2022-02-18,btc_ema_cross,True
2022-02-25,btc_ema_cross,True
2022-03-04,btc_ema_cross,True
2022-03-11,btc_ema_cross,False
2022-03-18,btc_ema_cross,False
2022-03-25,btc_ema_cross,True
2022-04-01,btc_ema_cross,True
2022-04-08,btc_ema_cross,True
2022-04-15,btc_ema_cross,True
2022-04-22,btc_ema_cross,False
2022-04-29,btc_ema_cross,False
2022-05-06,btc_ema_cross,False
2022-05-13,btc_ema_cross,False
2022-05-20,btc_ema_cross,False
2022-05-27,btc_ema_cross,False
2022-06-03,btc_ema_cross,False
2022-06-10,btc_ema_cross,False
2022-06-17,btc_ema_cross,False
2022-06-24,btc_ema_cross,False
2022-07-01,btc_ema_cross,False
2022-07-08,btc_ema_cross,False
2022-07-15,btc_ema_cross,False
2022-07-22,btc_ema_cross,True
2022-07-29,btc_ema_cross,True
2022-08-05,btc_ema_cross,False
2022-08-12,btc_ema_cross,False
2022-08-19,btc_ema_cross,False
2022-08-26,btc_ema_cross,False
2022-09-02,btc_ema_cross,False
2022-09-09,btc_ema_cross,False
2022-09-16,btc_ema_cross,True
2022-09-23,btc_ema_cross,False
2022-09-30,btc_ema_cross,False
2022-10-07,btc_ema_cross,True
2022-10-14,btc_ema_cross,True
2022-10-21,btc_ema_cross,False
2022-10-28,btc_ema_cross,True
2022-11-04,btc_ema_cross,True
2022-11-11,btc_ema_cross,True
2022-11-18,btc_ema_cross,False
2022-11-25,btc_ema_cross,False
2022-12-02,btc_ema_cross,False
2022-12-09,btc_ema_cross,False
2022-12-16,btc_ema_cross,True
2022-12-23,btc_ema_cross,True
2022-12-30,btc_ema_cross,False
2023-01-06,btc_ema_cross,False
2023-01-13,btc_ema_cross,True
2023-01-20,btc_ema_cross,True
2023-01-27,btc_ema_cross,True
2023-02-03,btc_ema_cross,True
2023-02-10,btc_ema_cross,True
2023-02-17,btc_ema_cross,True
2023-02-24,btc_ema_cross,True
2023-03-03,btc_ema_cross,True
2023-03-10,btc_ema_cross,False
2023-03-17,btc_ema_cross,True
2023-03-24,btc_ema_cross,True
2023-03-31,btc_ema_cross,True
2023-04-07,btc_ema_cross,True
2023-04-14,btc_ema_cross,True
2023-04-21,btc_ema_cross,True
2023-04-28,btc_ema_cross,True
2023-05-05,btc_ema_cross,True
2023-05-12,btc_ema_cross,True
2023-05-19,btc_ema_cross,False
2023-05-26,btc_ema_cross,False
2023-06-02,btc_ema_cross,False
2023-06-09,btc_ema_cross,False
2023-06-16,btc_ema_cross,False
2023-06-23,btc_ema_cross,True
2023-06-30,btc_ema_cross,True
2023-07-07,btc_ema_cross,True
2023-07-14,btc_ema_cross,True
2023-07-21,btc_ema_cross,True
2023-07-28,btc_ema_cross,True
2023-08-04,btc_ema_cross,False
2023-08-11,btc_ema_cross,False
2023-08-18,btc_ema_cross,False
2023-08-25,btc_ema_cross,False
2023-09-01,btc_ema_cross,False
2023-09-08,btc_ema_cross,False
2023-09-15,btc_ema_cross,False
2023-09-22,btc_ema_cross,True
2023-09-29,btc_ema_cross,True
2023-10-06,btc_ema_cross,True
2023-10-13,btc_ema_cross,True
2023-10-20,btc_ema_cross,True
2023-10-27,btc_ema_cross,True
2023-11-03,btc_ema_cross,True
2023-11-10,btc_ema_cross,True
2023-11-17,btc_ema_cross,True
2023-11-24,btc_ema_cross,True
2023-12-01,btc_ema_cross,True
2023-12-08,btc_ema_cross,True
2023-12-15,btc_ema_cross,True
2023-12-22,btc_ema_cross,True
2023-12-29,btc_ema_cross,True
2024-01-05,btc_ema_cross,True
2024-01-12,btc_ema_cross,True
2024-01-19,btc_ema_cross,True
2024-01-26,btc_ema_cross,False
2024-02-02,btc_ema_cross,True
2024-02-09,btc_ema_cross,True
2024-02-16,btc_ema_cross,True
2024-02-23,btc_ema_cross,True
2024-03-01,btc_ema_cross,True
2024-03-08,btc_ema_cross,True
2024-03-15,btc_ema_cross,True
2024-03-22,btc_ema_cross,True
2024-03-29,btc_ema_cross,True
2024-04-05,btc_ema_cross,True
2024-04-12,btc_ema_cross,True
2024-04-19,btc_ema_cross,True
2024-04-26,btc_ema_cross,False
2024-05-03,btc_ema_cross,False
2024-05-10,btc_ema_cross,False
2024-05-17,btc_ema_cross,True
2024-05-24,btc_ema_cross,True
2024-05-31,btc_ema_cross,True
2024-06-07,btc_ema_cross,True
2024-06-14,btc_ema_cross,True
2024-06-21,btc_ema_cross,True
2024-06-28,btc_ema_cross,False
2024-07-05,btc_ema_cross,False
2024-07-12,btc_ema_cross,False
2024-07-19,btc_ema_cross,True
2024-07-26,btc_ema_cross,True
2024-08-02,btc_ema_cross,True
2024-08-09,btc_ema_cross,True
2024-08-16,btc_ema_cross,False
2024-08-23,btc_ema_cross,False
2024-08-30,btc_ema_cross,True
2024-09-06,btc_ema_cross,False
2024-09-13,btc_ema_cross,False
2024-09-20,btc_ema_cross,True
2024-09-27,btc_ema_cross,True
2024-10-04,btc_ema_cross,True
2024-10-11,btc_ema_cross,True
2024-10-18,btc_ema_cross,True
2024-10-25,btc_ema_cross,True
2024-11-01,btc_ema_cross,True
2024-11-08,btc_ema_cross,True
2024-11-15,btc_ema_cross,True
2024-11-22,btc_ema_cross,True
2024-11-29,btc_ema_cross,True
2024-12-06,btc_ema_cross,True
2024-12-13,btc_ema_cross,True
2024-12-20,btc_ema_cross,True
2024-12-27,btc_ema_cross,True
2025-01-03,btc_ema_cross,False
2025-01-10,btc_ema_cross,True
2025-01-17,btc_ema_cross,True
2025-01-24,btc_ema_cross,True
2025-01-31,btc_ema_cross,True
2025-02-07,btc_ema_cross,True
2025-02-14,btc_ema_cross,False
2025-02-21,btc_ema_cross,False
2025-02-28,btc_ema_cross,False
2025-03-07,btc_ema_cross,False
2025-03-14,btc_ema_cross,False
2025-03-21,btc_ema_cross,False
2025-03-28,btc_ema_cross,True
2025-04-04,btc_ema_cross,True
2025-04-11,btc_ema_cross,False
2025-04-18,btc_ema_cross,True
2025-04-25,btc_ema_cross,True
2025-05-02,btc_ema_cross,True
2025-05-09,btc_ema_cross,True
2025-05-16,btc_ema_cross,True
2025-05-23,btc_ema_cross,True
2025-05-30,btc_ema_cross,True
2025-06-06,btc_ema_cross,True
2025-06-13,btc_ema_cross,True
2025-06-20,btc_ema_cross,True
2025-06-27,btc_ema_cross,True
2025-07-04,btc_ema_cross,True
2025-07-11,btc_ema_cross,True
2025-07-18,btc_ema_cross,True
2025-07-25,btc_ema_cross,True
2025-08-01,btc_ema_cross,True
2025-08-08,btc_ema_cross,True
2025-08-15,btc_ema_cross,True
2025-08-22,btc_ema_cross,True
2025-08-29,btc_ema_cross,False
2025-09-05,btc_ema_cross,False
2025-09-12,btc_ema_cross,True
2025-09-19,btc_ema_cross,True
2025-09-26,btc_ema_cross,True
2025-10-03,btc_ema_cross,True
2025-10-10,btc_ema_cross,True
2025-10-17,btc_ema_cross,False
2025-10-24,btc_ema_cross,False
2025-10-31,btc_ema_cross,False
2025-11-07,btc_ema_cross,False
2025-11-14,btc_ema_cross,False
2025-11-21,btc_ema_cross,False
2025-11-28,btc_ema_cross,False
2025-12-05,btc_ema_cross,False
2025-12-12,btc_ema_cross,False
2025-12-19,btc_ema_cross,False
2025-12-26,btc_ema_cross,False
2026-01-02,btc_ema_cross,False
2026-01-09,btc_ema_cross,True
2026-01-16,btc_ema_cross,True
2026-01-23,btc_ema_cross,True
2026-01-30,btc_ema_cross,False
2026-02-06,btc_ema_cross,False
2026-02-13,btc_ema_cross,False
2026-02-20,btc_ema_cross,False
2026-02-27,btc_ema_cross,False
2026-03-06,btc_ema_cross,False
2026-03-13,btc_ema_cross,True
2026-03-20,btc_ema_cross,True
2026-03-27,btc_ema_cross,True
2026-04-03,btc_ema_cross,True
2026-04-10,btc_ema_cross,True
2026-04-17,btc_ema_cross,True
2026-04-24,btc_ema_cross,True
2026-05-01,btc_ema_cross,True
2026-05-08,btc_ema_cross,True
2026-05-15,btc_ema_cross,True
2026-05-22,btc_ema_cross,True
2026-05-29,btc_ema_cross,False
2026-06-05,btc_ema_cross,False
2026-06-12,btc_ema_cross,False
2026-06-19,btc_ema_cross,False
2026-06-26,btc_ema_cross,False
2026-07-03,btc_ema_cross,False
2026-07-10,btc_ema_cross,False
2026-07-17,btc_ema_cross,True
2026-07-24,btc_ema_cross,True
2026-07-31,btc_ema_cross,True
2026-08-07,btc_ema_cross,True
2026-08-14,btc_ema_cross,True
2026-08-21,btc_ema_cross,False
2016-01-01,gold_asb,False
2016-01-08,gold_asb,False
2016-01-15,gold_asb,False
2016-01-22,gold_asb,False
2016-01-29,gold_asb,False
2016-02-05,gold_asb,False
2016-02-12,gold_asb,False
2016-02-19,gold_asb,False
2016-02-26,gold_asb,False
2016-03-04,gold_asb,False
2016-03-11,gold_asb,False
2016-03-18,gold_asb,False
2016-03-25,gold_asb,False
2016-04-01,gold_asb,False
2016-04-08,gold_asb,False
2016-04-15,gold_asb,False
2016-04-22,gold_asb,False
2016-04-29,gold_asb,False
2016-05-06,gold_asb,False
2016-05-13,gold_asb,False
2016-05-20,gold_asb,False
2016-05-27,gold_asb,False
2016-06-03,gold_asb,False
2016-06-10,gold_asb,False
2016-06-17,gold_asb,False
2016-06-24,gold_asb,False
2016-07-01,gold_asb,False
2016-07-08,gold_asb,False
2016-07-15,gold_asb,False
2016-07-22,gold_asb,False
2016-07-29,gold_asb,False
2016-08-05,gold_asb,False
2016-08-12,gold_asb,False
2016-08-19,gold_asb,False
2016-08-26,gold_asb,False
2016-09-02,gold_asb,False
2016-09-09,gold_asb,False
2016-09-16,gold_asb,False
2016-09-23,gold_asb,False
2016-09-30,gold_asb,False
2016-10-07,gold_asb,False
2016-10-14,gold_asb,False
2016-10-21,gold_asb,False
2016-10-28,gold_asb,False
2016-11-04,gold_asb,False
2016-11-11,gold_asb,False
2016-11-18,gold_asb,False
2016-11-25,gold_asb,False
2016-12-02,gold_asb,False
2016-12-09,gold_asb,False
2016-12-16,gold_asb,False
2016-12-23,gold_asb,True
2016-12-30,gold_asb,False
2017-01-06,gold_asb,False
2017-01-13,gold_asb,False
2017-01-20,gold_asb,False
2017-01-27,gold_asb,True
2017-02-03,gold_asb,True
2017-02-10,gold_asb,False
2017-02-17,gold_asb,False
2017-02-24,gold_asb,True
2017-03-03,gold_asb,False
2017-03-10,gold_asb,False
2017-03-17,gold_asb,False
2017-03-24,gold_asb,False
2017-03-31,gold_asb,False
2017-04-07,gold_asb,False
2017-04-14,gold_asb,False
2017-04-21,gold_asb,False
2017-04-28,gold_asb,False
2017-05-05,gold_asb,False
2017-05-12,gold_asb,False
2017-05-19,gold_asb,False
2017-05-26,gold_asb,False
2017-06-02,gold_asb,False
2017-06-09,gold_asb,False
2017-06-16,gold_asb,False
2017-06-23,gold_asb,False
2017-06-30,gold_asb,False
2017-07-07,gold_asb,False
2017-07-14,gold_asb,False
2017-07-21,gold_asb,True
2017-07-28,gold_asb,False
2017-08-04,gold_asb,False
2017-08-11,gold_asb,False
2017-08-18,gold_asb,False
2017-08-25,gold_asb,False
2017-09-01,gold_asb,False
2017-09-08,gold_asb,True
2017-09-15,gold_asb,False
2017-09-22,gold_asb,False
2017-09-29,gold_asb,False
2017-10-06,gold_asb,False
2017-10-13,gold_asb,False
2017-10-20,gold_asb,True
2017-10-27,gold_asb,False
2017-11-03,gold_asb,False
2017-11-10,gold_asb,False
2017-11-17,gold_asb,False
2017-11-24,gold_asb,False
2017-12-01,gold_asb,True
2017-12-08,gold_asb,True
2017-12-15,gold_asb,False
2017-12-22,gold_asb,False
2017-12-29,gold_asb,True
2018-01-05,gold_asb,True
2018-01-12,gold_asb,False
2018-01-19,gold_asb,False
2018-01-26,gold_asb,False
2018-02-02,gold_asb,False
2018-02-09,gold_asb,False
2018-02-16,gold_asb,False
2018-02-23,gold_asb,False
2018-03-02,gold_asb,False
2018-03-09,gold_asb,True
2018-03-16,gold_asb,True
2018-03-23,gold_asb,True
2018-03-30,gold_asb,False
2018-04-06,gold_asb,False
2018-04-13,gold_asb,True
2018-04-20,gold_asb,False
2018-04-27,gold_asb,True
2018-05-04,gold_asb,False
2018-05-11,gold_asb,False
2018-05-18,gold_asb,False
2018-05-25,gold_asb,True
2018-06-01,gold_asb,False
2018-06-08,gold_asb,True
2018-06-15,gold_asb,False
2018-06-22,gold_asb,True
2018-06-29,gold_asb,True
2018-07-06,gold_asb,False
2018-07-13,gold_asb,True
2018-07-20,gold_asb,False
2018-07-27,gold_asb,False
2018-08-03,gold_asb,True
2018-08-10,gold_asb,True
2018-08-17,gold_asb,True
2018-08-24,gold_asb,False
2018-08-31,gold_asb,False
2018-09-07,gold_asb,True
2018-09-14,gold_asb,True
2018-09-21,gold_asb,False
2018-09-28,gold_asb,False
2018-10-05,gold_asb,False
2018-10-12,gold_asb,False
2018-10-19,gold_asb,False
2018-10-26,gold_asb,False
2018-11-02,gold_asb,False
2018-11-09,gold_asb,False
2018-11-16,gold_asb,True
2018-11-23,gold_asb,False
2018-11-30,gold_asb,False
2018-12-07,gold_asb,False
2018-12-14,gold_asb,False
2018-12-21,gold_asb,False
2018-12-28,gold_asb,True
2019-01-04,gold_asb,True
2019-01-11,gold_asb,False
2019-01-18,gold_asb,False
2019-01-25,gold_asb,False
2019-02-01,gold_asb,True
2019-02-08,gold_asb,False
2019-02-15,gold_asb,False
2019-02-22,gold_asb,False
2019-03-01,gold_asb,True
2019-03-08,gold_asb,False
2019-03-15,gold_asb,True
2019-03-22,gold_asb,False
2019-03-29,gold_asb,True
2019-04-05,gold_asb,False
2019-04-12,gold_asb,False
2019-04-19,gold_asb,False
2019-04-26,gold_asb,False
2019-05-03,gold_asb,True
2019-05-10,gold_asb,False
2019-05-17,gold_asb,False
2019-05-24,gold_asb,False
2019-05-31,gold_asb,False
2019-06-07,gold_asb,False
2019-06-14,gold_asb,False
2019-06-21,gold_asb,False
2019-06-28,gold_asb,False
2019-07-05,gold_asb,False
2019-07-12,gold_asb,False
2019-07-19,gold_asb,False
2019-07-26,gold_asb,False
2019-08-02,gold_asb,False
2019-08-09,gold_asb,False
2019-08-16,gold_asb,False
2019-08-23,gold_asb,False
2019-08-30,gold_asb,False
2019-09-06,gold_asb,False
2019-09-13,gold_asb,False
2019-09-20,gold_asb,False
2019-09-27,gold_asb,False
2019-10-04,gold_asb,False
2019-10-11,gold_asb,False
2019-10-18,gold_asb,False
2019-10-25,gold_asb,True
2019-11-01,gold_asb,False
2019-11-08,gold_asb,False
2019-11-15,gold_asb,False
2019-11-22,gold_asb,True
2019-11-29,gold_asb,False
2019-12-06,gold_asb,False
2019-12-13,gold_asb,False
2019-12-20,gold_asb,True
2019-12-27,gold_asb,True
2020-01-03,gold_asb,False
2020-01-10,gold_asb,False
2020-01-17,gold_asb,False
2020-01-24,gold_asb,True
2020-01-31,gold_asb,False
2020-02-07,gold_asb,False
2020-02-14,gold_asb,False
2020-02-21,gold_asb,True
2020-02-28,gold_asb,False
2020-03-06,gold_asb,False
2020-03-13,gold_asb,False
2020-03-20,gold_asb,False
2020-03-27,gold_asb,False
2020-04-03,gold_asb,False
2020-04-10,gold_asb,False
2020-04-17,gold_asb,False
2020-04-24,gold_asb,False
2020-05-01,gold_asb,False
2020-05-08,gold_asb,False
2020-05-15,gold_asb,False
2020-05-22,gold_asb,False
2020-05-29,gold_asb,False
2020-06-05,gold_asb,False
2020-06-12,gold_asb,False
2020-06-19,gold_asb,False
2020-06-26,gold_asb,False
2020-07-03,gold_asb,False
2020-07-10,gold_asb,False
2020-07-17,gold_asb,False
2020-07-24,gold_asb,True
2020-07-31,gold_asb,False
2020-08-07,gold_asb,False
2020-08-14,gold_asb,False
2020-08-21,gold_asb,False
2020-08-28,gold_asb,False
2020-09-04,gold_asb,False
2020-09-11,gold_asb,False
2020-09-18,gold_asb,False
2020-09-25,gold_asb,False
2020-10-02,gold_asb,False
2020-10-09,gold_asb,False
2020-10-16,gold_asb,False
2020-10-23,gold_asb,False
2020-10-30,gold_asb,False
2020-11-06,gold_asb,False
2020-11-13,gold_asb,False
2020-11-20,gold_asb,False
2020-11-27,gold_asb,False
2020-12-04,gold_asb,False
2020-12-11,gold_asb,False
2020-12-18,gold_asb,True
2020-12-25,gold_asb,True
2021-01-01,gold_asb,False
2021-01-08,gold_asb,True
2021-01-15,gold_asb,False
2021-01-22,gold_asb,False
2021-01-29,gold_asb,False
2021-02-05,gold_asb,False
2021-02-12,gold_asb,False
2021-02-19,gold_asb,False
2021-02-26,gold_asb,False
2021-03-05,gold_asb,False
2021-03-12,gold_asb,False
2021-03-19,gold_asb,False
2021-03-26,gold_asb,False
2021-04-02,gold_asb,True
2021-04-09,gold_asb,False
2021-04-16,gold_asb,False
2021-04-23,gold_asb,False
2021-04-30,gold_asb,False
2021-05-07,gold_asb,False
2021-05-14,gold_asb,False
2021-05-21,gold_asb,True
2021-05-28,gold_asb,False
2021-06-04,gold_asb,False
2021-06-11,gold_asb,False
2021-06-18,gold_asb,False
2021-06-25,gold_asb,True
2021-07-02,gold_asb,False
2021-07-09,gold_asb,False
2021-07-16,gold_asb,True
2021-07-23,gold_asb,False
2021-07-30,gold_asb,False
2021-08-06,gold_asb,True
2021-08-13,gold_asb,False
2021-08-20,gold_asb,False
2021-08-27,gold_asb,False
2021-09-03,gold_asb,False
2021-09-10,gold_asb,False
2021-09-17,gold_asb,False
2021-09-24,gold_asb,False
2021-10-01,gold_asb,False
2021-10-08,gold_asb,False
2021-10-15,gold_asb,True
2021-10-22,gold_asb,False
2021-10-29,gold_asb,False
2021-11-05,gold_asb,False
2021-11-12,gold_asb,False
2021-11-19,gold_asb,False
2021-11-26,gold_asb,False
2021-12-03,gold_asb,False
2021-12-10,gold_asb,False
2021-12-17,gold_asb,False
2021-12-24,gold_asb,False
2021-12-31,gold_asb,True
2022-01-07,gold_asb,False
2022-01-14,gold_asb,False
2022-01-21,gold_asb,False
2022-01-28,gold_asb,False
2022-02-04,gold_asb,False
2022-02-11,gold_asb,True
2022-02-18,gold_asb,False
2022-02-25,gold_asb,False
2022-03-04,gold_asb,False
2022-03-11,gold_asb,False
2022-03-18,gold_asb,False
2022-03-25,gold_asb,False
2022-04-01,gold_asb,False
2022-04-08,gold_asb,False
2022-04-15,gold_asb,False
2022-04-22,gold_asb,False
2022-04-29,gold_asb,False
2022-05-06,gold_asb,False
2022-05-13,gold_asb,False
2022-05-20,gold_asb,True
2022-05-27,gold_asb,False
2022-06-03,gold_asb,True
2022-06-10,gold_asb,False
2022-06-17,gold_asb,False
2022-06-24,gold_asb,False
2022-07-01,gold_asb,True
2022-07-08,gold_asb,False
2022-07-15,gold_asb,False
2022-07-22,gold_asb,False
2022-07-29,gold_asb,False
2022-08-05,gold_asb,False
2022-08-12,gold_asb,False
2022-08-19,gold_asb,False
2022-08-26,gold_asb,True
2022-09-02,gold_asb,False
2022-09-09,gold_asb,False
2022-09-16,gold_asb,False
2022-09-23,gold_asb,False
2022-09-30,gold_asb,False
2022-10-07,gold_asb,False
2022-10-14,gold_asb,False
2022-10-21,gold_asb,True
2022-10-28,gold_asb,False
2022-11-04,gold_asb,False
2022-11-11,gold_asb,False
2022-11-18,gold_asb,False
2022-11-25,gold_asb,False
2022-12-02,gold_asb,False
2022-12-09,gold_asb,False
2022-12-16,gold_asb,False
2022-12-23,gold_asb,False
2022-12-30,gold_asb,False
2023-01-06,gold_asb,True
2023-01-13,gold_asb,False
2023-01-20,gold_asb,False
2023-01-27,gold_asb,False
2023-02-03,gold_asb,False
2023-02-10,gold_asb,False
2023-02-17,gold_asb,False
2023-02-24,gold_asb,False
2023-03-03,gold_asb,False
2023-03-10,gold_asb,False
2023-03-17,gold_asb,False
2023-03-24,gold_asb,True
2023-03-31,gold_asb,False
2023-04-07,gold_asb,False
2023-04-14,gold_asb,False
2023-04-21,gold_asb,False
2023-04-28,gold_asb,False
2023-05-05,gold_asb,False
2023-05-12,gold_asb,True
2023-05-19,gold_asb,False
2023-05-26,gold_asb,False
2023-06-02,gold_asb,False
2023-06-09,gold_asb,False
2023-06-16,gold_asb,True
2023-06-23,gold_asb,False
2023-06-30,gold_asb,False
2023-07-07,gold_asb,False
2023-07-14,gold_asb,True
2023-07-21,gold_asb,True
2023-07-28,gold_asb,False
2023-08-04,gold_asb,False
2023-08-11,gold_asb,False
2023-08-18,gold_asb,False
2023-08-25,gold_asb,False
2023-09-01,gold_asb,False
2023-09-08,gold_asb,False
2023-09-15,gold_asb,False
2023-09-22,gold_asb,False
2023-09-29,gold_asb,True
2023-10-06,gold_asb,False
2023-10-13,gold_asb,False
2023-10-20,gold_asb,False
2023-10-27,gold_asb,False
2023-11-03,gold_asb,False
2023-11-10,gold_asb,False
2023-11-17,gold_asb,False
2023-11-24,gold_asb,False
2023-12-01,gold_asb,True
2023-12-08,gold_asb,False
2023-12-15,gold_asb,False
2023-12-22,gold_asb,False
2023-12-29,gold_asb,True
2024-01-05,gold_asb,False
2024-01-12,gold_asb,False
2024-01-19,gold_asb,False
2024-01-26,gold_asb,False
2024-02-02,gold_asb,False
2024-02-09,gold_asb,False
2024-02-16,gold_asb,False
2024-02-23,gold_asb,True
2024-03-01,gold_asb,False
2024-03-08,gold_asb,False
2024-03-15,gold_asb,False
2024-03-22,gold_asb,False
2024-03-29,gold_asb,False
2024-04-05,gold_asb,False
2024-04-12,gold_asb,False
2024-04-19,gold_asb,False
2024-04-26,gold_asb,False
2024-05-03,gold_asb,False
2024-05-10,gold_asb,True
2024-05-17,gold_asb,False
2024-05-24,gold_asb,False
2024-05-31,gold_asb,False
2024-06-07,gold_asb,False
2024-06-14,gold_asb,False
2024-06-21,gold_asb,True
2024-06-28,gold_asb,False
2024-07-05,gold_asb,True
2024-07-12,gold_asb,True
2024-07-19,gold_asb,False
2024-07-26,gold_asb,False
2024-08-02,gold_asb,False
2024-08-09,gold_asb,False
2024-08-16,gold_asb,False
2024-08-23,gold_asb,False
2024-08-30,gold_asb,False
2024-09-06,gold_asb,False
2024-09-13,gold_asb,True
2024-09-20,gold_asb,True
2024-09-27,gold_asb,False
2024-10-04,gold_asb,False
2024-10-11,gold_asb,False
2024-10-18,gold_asb,True
2024-10-25,gold_asb,False
2024-11-01,gold_asb,True
2024-11-08,gold_asb,False
2024-11-15,gold_asb,False
2024-11-22,gold_asb,True
2024-11-29,gold_asb,False
2024-12-06,gold_asb,False
2024-12-13,gold_asb,False
2024-12-20,gold_asb,False
2024-12-27,gold_asb,False
2025-01-03,gold_asb,False
2025-01-10,gold_asb,True
2025-01-17,gold_asb,False
2025-01-24,gold_asb,True
2025-01-31,gold_asb,False
2025-02-07,gold_asb,True
2025-02-14,gold_asb,False
2025-02-21,gold_asb,False
2025-02-28,gold_asb,False
2025-03-07,gold_asb,False
2025-03-14,gold_asb,False
2025-03-21,gold_asb,False
2025-03-28,gold_asb,True
2025-04-04,gold_asb,False
2025-04-11,gold_asb,False
2025-04-18,gold_asb,True
2025-04-25,gold_asb,False
2025-05-02,gold_asb,False
2025-05-09,gold_asb,False
2025-05-16,gold_asb,False
2025-05-23,gold_asb,False
2025-05-30,gold_asb,False
2025-06-06,gold_asb,False
2025-06-13,gold_asb,True
2025-06-20,gold_asb,False
2025-06-27,gold_asb,False
2025-07-04,gold_asb,True
2025-07-11,gold_asb,True
2025-07-18,gold_asb,False
2025-07-25,gold_asb,False
2025-08-01,gold_asb,False
2025-08-08,gold_asb,False
2025-08-15,gold_asb,False
2025-08-22,gold_asb,False
2025-08-29,gold_asb,False
2025-09-05,gold_asb,False
2025-09-12,gold_asb,True
2025-09-19,gold_asb,False
2025-09-26,gold_asb,True
2025-10-03,gold_asb,False
2025-10-10,gold_asb,True
2025-10-17,gold_asb,True
2025-10-24,gold_asb,False
2025-10-31,gold_asb,False
2025-11-07,gold_asb,False
2025-11-14,gold_asb,False
2025-11-21,gold_asb,False
2025-11-28,gold_asb,True
2025-12-05,gold_asb,True
2025-12-12,gold_asb,False
2025-12-19,gold_asb,True
2025-12-26,gold_asb,True
2026-01-02,gold_asb,False
2026-01-09,gold_asb,True
2026-01-16,gold_asb,False
2026-01-23,gold_asb,True
2026-01-30,gold_asb,False
2026-02-06,gold_asb,False
2026-02-13,gold_asb,False
2026-02-20,gold_asb,False
2026-02-27,gold_asb,False
2026-03-06,gold_asb,False
2026-03-13,gold_asb,False
2026-03-20,gold_asb,False
2026-03-27,gold_asb,False
2026-04-03,gold_asb,False
2026-04-10,gold_asb,False
2026-04-17,gold_asb,False
2026-04-24,gold_asb,False
2026-05-01,gold_asb,False
2026-05-08,gold_asb,True
2026-05-15,gold_asb,False
2026-05-22,gold_asb,False
2026-05-29,gold_asb,False
2026-06-05,gold_asb,False
2026-06-12,gold_asb,False
2026-06-19,gold_asb,False
2026-06-26,gold_asb,False
2026-07-03,gold_asb,False
2026-07-10,gold_asb,False
2026-07-17,gold_asb,False
2026-07-24,gold_asb,False
2026-07-31,gold_asb,True
2026-08-07,gold_asb,False
2026-08-14,gold_asb,False
2026-08-21,gold_asb,False
2016-01-01,trend_pullback,False
2016-01-08,trend_pullback,False
2016-01-15,trend_pullback,True
2016-01-22,trend_pullback,False
2016-01-29,trend_pullback,False
2016-02-05,trend_pullback,False
2016-02-12,trend_pullback,True
2016-02-19,trend_pullback,True
2016-02-26,trend_pullback,True
2016-03-04,trend_pullback,False
2016-03-11,trend_pullback,True
2016-03-18,trend_pullback,True
2016-03-25,trend_pullback,True
2016-04-01,trend_pullback,False
2016-04-08,trend_pullback,False
2016-04-15,trend_pullback,True
2016-04-22,trend_pullback,False
2016-04-29,trend_pullback,False
2016-05-06,trend_pullback,True
2016-05-13,trend_pullback,True
2016-05-20,trend_pullback,False
2016-05-27,trend_pullback,False
2016-06-03,trend_pullback,False
2016-06-10,trend_pullback,True
2016-06-17,trend_pullback,True
2016-06-24,trend_pullback,True
2016-07-01,trend_pullback,True
2016-07-08,trend_pullback,True
2016-07-15,trend_pullback,True
2016-07-22,trend_pullback,False
2016-07-29,trend_pullback,True
2016-08-05,trend_pullback,True
2016-08-12,trend_pullback,False
2016-08-19,trend_pullback,True
2016-08-26,trend_pullback,True
2016-09-02,trend_pullback,False
2016-09-09,trend_pullback,True
2016-09-16,trend_pullback,True
2016-09-23,trend_pullback,True
2016-09-30,trend_pullback,True
2016-10-07,trend_pullback,False
2016-10-14,trend_pullback,False
2016-10-21,trend_pullback,True
2016-10-28,trend_pullback,True
2016-11-04,trend_pullback,True
2016-11-11,trend_pullback,True
2016-11-18,trend_pullback,False
2016-11-25,trend_pullback,False
2016-12-02,trend_pullback,False
2016-12-09,trend_pullback,False
2016-12-16,trend_pullback,False
2016-12-23,trend_pullback,False
2016-12-30,trend_pullback,True
2017-01-06,trend_pullback,True
2017-01-13,trend_pullback,True
2017-01-20,trend_pullback,True
2017-01-27,trend_pullback,True
2017-02-03,trend_pullback,True
2017-02-10,trend_pullback,True
2017-02-17,trend_pullback,False
2017-02-24,trend_pullback,True
2017-03-03,trend_pullback,True
2017-03-10,trend_pullback,False
2017-03-17,trend_pullback,False
2017-03-24,trend_pullback,False
2017-03-31,trend_pullback,True
2017-04-07,trend_pullback,True
2017-04-14,trend_pullback,False
2017-04-21,trend_pullback,True
2017-04-28,trend_pullback,False
2017-05-05,trend_pullback,False
2017-05-12,trend_pullback,False
2017-05-19,trend_pullback,True
2017-05-26,trend_pullback,True
2017-06-02,trend_pullback,True
2017-06-09,trend_pullback,True
2017-06-16,trend_pullback,True
2017-06-23,trend_pullback,False
2017-06-30,trend_pullback,False
2017-07-07,trend_pullback,False
2017-07-14,trend_pullback,True
2017-07-21,trend_pullback,True
2017-07-28,trend_pullback,True
2017-08-04,trend_pullback,True
2017-08-11,trend_pullback,False
2017-08-18,trend_pullback,True
2017-08-25,trend_pullback,True
2017-09-01,trend_pullback,True
2017-09-08,trend_pullback,False
2017-09-15,trend_pullback,True
2017-09-22,trend_pullback,False
2017-09-29,trend_pullback,False
2017-10-06,trend_pullback,False
2017-10-13,trend_pullback,True
2017-10-20,trend_pullback,True
2017-10-27,trend_pullback,False
2017-11-03,trend_pullback,True
2017-11-10,trend_pullback,True
2017-11-17,trend_pullback,False
2017-11-24,trend_pullback,True
2017-12-01,trend_pullback,False
2017-12-08,trend_pullback,False
2017-12-15,trend_pullback,True
2017-12-22,trend_pullback,False
2017-12-29,trend_pullback,False
2018-01-05,trend_pullback,True
2018-01-12,trend_pullback,True
2018-01-19,trend_pullback,True
2018-01-26,trend_pullback,False
2018-02-02,trend_pullback,False
2018-02-09,trend_pullback,True
2018-02-16,trend_pullback,True
2018-02-23,trend_pullback,True
2018-03-02,trend_pullback,False
2018-03-09,trend_pullback,False
2018-03-16,trend_pullback,False
2018-03-23,trend_pullback,False
2018-03-30,trend_pullback,True
2018-04-06,trend_pullback,False
2018-04-13,trend_pullback,False
2018-04-20,trend_pullback,True
2018-04-27,trend_pullback,True
2018-05-04,trend_pullback,False
2018-05-11,trend_pullback,False
2018-05-18,trend_pullback,False
2018-05-25,trend_pullback,True
2018-06-01,trend_pullback,True
2018-06-08,trend_pullback,False
2018-06-15,trend_pullback,True
2018-06-22,trend_pullback,True
2018-06-29,trend_pullback,True
2018-07-06,trend_pullback,True
2018-07-13,trend_pullback,True
2018-07-20,trend_pullback,False
2018-07-27,trend_pullback,True
2018-08-03,trend_pullback,False
2018-08-10,trend_pullback,False
2018-08-17,trend_pullback,False
2018-08-24,trend_pullback,False
2018-08-31,trend_pullback,True
2018-09-07,trend_pullback,True
2018-09-14,trend_pullback,False
2018-09-21,trend_pullback,False
2018-09-28,trend_pullback,True
2018-10-05,trend_pullback,True
2018-10-12,trend_pullback,True
2018-10-19,trend_pullback,True
2018-10-26,trend_pullback,True
2018-11-02,trend_pullback,False
2018-11-09,trend_pullback,False
2018-11-16,trend_pullback,False
2018-11-23,trend_pullback,True
2018-11-30,trend_pullback,True
2018-12-07,trend_pullback,True
2018-12-14,trend_pullback,True
2018-12-21,trend_pullback,False
2018-12-28,trend_pullback,False
2019-01-04,trend_pullback,True
2019-01-11,trend_pullback,True
2019-01-18,trend_pullback,True
2019-01-25,trend_pullback,True
2019-02-01,trend_pullback,False
2019-02-08,trend_pullback,True
2019-02-15,trend_pullback,False
2019-02-22,trend_pullback,True
2019-03-01,trend_pullback,True
2019-03-08,trend_pullback,True
2019-03-15,trend_pullback,True
2019-03-22,trend_pullback,True
2019-03-29,trend_pullback,True
2019-04-05,trend_pullback,False
2019-04-12,trend_pullback,True
2019-04-19,trend_pullback,False
2019-04-26,trend_pullback,False
2019-05-03,trend_pullback,True
2019-05-10,trend_pullback,False
2019-05-17,trend_pullback,False
2019-05-24,trend_pullback,False
2019-05-31,trend_pullback,False
2019-06-07,trend_pullback,False
2019-06-14,trend_pullback,True
2019-06-21,trend_pullback,True
2019-06-28,trend_pullback,True
2019-07-05,trend_pullback,True
2019-07-12,trend_pullback,False
2019-07-19,trend_pullback,False
2019-07-26,trend_pullback,True
2019-08-02,trend_pullback,True
2019-08-09,trend_pullback,False
2019-08-16,trend_pullback,True
2019-08-23,trend_pullback,True
2019-08-30,trend_pullback,True
2019-09-06,trend_pullback,True
2019-09-13,trend_pullback,False
2019-09-20,trend_pullback,True
2019-09-27,trend_pullback,True
2019-10-04,trend_pullback,True
2019-10-11,trend_pullback,True
2019-10-18,trend_pullback,False
2019-10-25,trend_pullback,False
2019-11-01,trend_pullback,True
2019-11-08,trend_pullback,True
2019-11-15,trend_pullback,True
2019-11-22,trend_pullback,True
2019-11-29,trend_pullback,False
2019-12-06,trend_pullback,False
2019-12-13,trend_pullback,True
2019-12-20,trend_pullback,True
2019-12-27,trend_pullback,True
2020-01-03,trend_pullback,True
2020-01-10,trend_pullback,True
2020-01-17,trend_pullback,False
2020-01-24,trend_pullback,True
2020-01-31,trend_pullback,True
2020-02-07,trend_pullback,False
2020-02-14,trend_pullback,False
2020-02-21,trend_pullback,False
2020-02-28,trend_pullback,True
2020-03-06,trend_pullback,False
2020-03-13,trend_pullback,False
2020-03-20,trend_pullback,False
2020-03-27,trend_pullback,True
2020-04-03,trend_pullback,True
2020-04-10,trend_pullback,True
2020-04-17,trend_pullback,True
2020-04-24,trend_pullback,False
2020-05-01,trend_pullback,False
2020-05-08,trend_pullback,False
2020-05-15,trend_pullback,False
2020-05-22,trend_pullback,True
2020-05-29,trend_pullback,True
2020-06-05,trend_pullback,True
2020-06-12,trend_pullback,True
2020-06-19,trend_pullback,True
2020-06-26,trend_pullback,True
2020-07-03,trend_pullback,True
2020-07-10,trend_pullback,True
2020-07-17,trend_pullback,True
2020-07-24,trend_pullback,True
2020-07-31,trend_pullback,True
2020-08-07,trend_pullback,True
2020-08-14,trend_pullback,True
2020-08-21,trend_pullback,True
2020-08-28,trend_pullback,True
2020-09-04,trend_pullback,True
2020-09-11,trend_pullback,False
2020-09-18,trend_pullback,False
2020-09-25,trend_pullback,False
2020-10-02,trend_pullback,False
2020-10-09,trend_pullback,False
2020-10-16,trend_pullback,True
2020-10-23,trend_pullback,False
2020-10-30,trend_pullback,False
2020-11-06,trend_pullback,False
2020-11-13,trend_pullback,False
2020-11-20,trend_pullback,False
2020-11-27,trend_pullback,False
2020-12-04,trend_pullback,False
2020-12-11,trend_pullback,True
2020-12-18,trend_pullback,True
2020-12-25,trend_pullback,True
2021-01-01,trend_pullback,True
2021-01-08,trend_pullback,True
2021-01-15,trend_pullback,True
2021-01-22,trend_pullback,True
2021-01-29,trend_pullback,True
2021-02-05,trend_pullback,True
2021-02-12,trend_pullback,True
2021-02-19,trend_pullback,True
2021-02-26,trend_pullback,False
2021-03-05,trend_pullback,False
2021-03-12,trend_pullback,False
2021-03-19,trend_pullback,False
2021-03-26,trend_pullback,False
2021-04-02,trend_pullback,False
2021-04-09,trend_pullback,True
2021-04-16,trend_pullback,True
2021-04-23,trend_pullback,True
2021-04-30,trend_pullback,True
2021-05-07,trend_pullback,True
2021-05-14,trend_pullback,True
2021-05-21,trend_pullback,True
2021-05-28,trend_pullback,True
2021-06-04,trend_pullback,True
2021-06-11,trend_pullback,True
2021-06-18,trend_pullback,True
2021-06-25,trend_pullback,False
2021-07-02,trend_pullback,False
2021-07-09,trend_pullback,True
2021-07-16,trend_pullback,True
2021-07-23,trend_pullback,True
2021-07-30,trend_pullback,False
2021-08-06,trend_pullback,True
2021-08-13,trend_pullback,False
2021-08-20,trend_pullback,True
2021-08-27,trend_pullback,True
2021-09-03,trend_pullback,True
2021-09-10,trend_pullback,True
2021-09-17,trend_pullback,False
2021-09-24,trend_pullback,False
2021-10-01,trend_pullback,False
2021-10-08,trend_pullback,False
2021-10-15,trend_pullback,False
2021-10-22,trend_pullback,False
2021-10-29,trend_pullback,True
2021-11-05,trend_pullback,False
2021-11-12,trend_pullback,True
2021-11-19,trend_pullback,True
2021-11-26,trend_pullback,False
2021-12-03,trend_pullback,False
2021-12-10,trend_pullback,False
2021-12-17,trend_pullback,False
2021-12-24,trend_pullback,True
2021-12-31,trend_pullback,True
2022-01-07,trend_pullback,True
2022-01-14,trend_pullback,True
2022-01-21,trend_pullback,True
2022-01-28,trend_pullback,True
2022-02-04,trend_pullback,False
2022-02-11,trend_pullback,True
2022-02-18,trend_pullback,True
2022-02-25,trend_pullback,True
2022-03-04,trend_pullback,True
2022-03-11,trend_pullback,True
2022-03-18,trend_pullback,True
2022-03-25,trend_pullback,False
2022-04-01,trend_pullback,False
2022-04-08,trend_pullback,False
2022-04-15,trend_pullback,True
2022-04-22,trend_pullback,True
2022-04-29,trend_pullback,True
2022-05-06,trend_pullback,False
2022-05-13,trend_pullback,True
2022-05-20,trend_pullback,True
2022-05-27,trend_pullback,True
2022-06-03,trend_pullback,True
2022-06-10,trend_pullback,True
2022-06-17,trend_pullback,True
2022-06-24,trend_pullback,True
2022-07-01,trend_pullback,True
2022-07-08,trend_pullback,True
2022-07-15,trend_pullback,True
2022-07-22,trend_pullback,True
2022-07-29,trend_pullback,True
2022-08-05,trend_pullback,True
2022-08-12,trend_pullback,True
2022-08-19,trend_pullback,False
2022-08-26,trend_pullback,False
2022-09-02,trend_pullback,True
2022-09-09,trend_pullback,True
2022-09-16,trend_pullback,True
2022-09-23,trend_pullback,True
2022-09-30,trend_pullback,True
2022-10-07,trend_pullback,True
2022-10-14,trend_pullback,True
2022-10-21,trend_pullback,True
2022-10-28,trend_pullback,True
2022-11-04,trend_pullback,True
2022-11-11,trend_pullback,True
2022-11-18,trend_pullback,True
2022-11-25,trend_pullback,True
2022-12-02,trend_pullback,True
2022-12-09,trend_pullback,True
2022-12-16,trend_pullback,True
2022-12-23,trend_pullback,True
2022-12-30,trend_pullback,True
2023-01-06,trend_pullback,True
2023-01-13,trend_pullback,False
2023-01-20,trend_pullback,True
2023-01-27,trend_pullback,True
2023-02-03,trend_pullback,True
2023-02-10,trend_pullback,True
2023-02-17,trend_pullback,True
2023-02-24,trend_pullback,True
2023-03-03,trend_pullback,True
2023-03-10,trend_pullback,True
2023-03-17,trend_pullback,True
2023-03-24,trend_pullback,True
2023-03-31,trend_pullback,False
2023-04-07,trend_pullback,True
2023-04-14,trend_pullback,True
2023-04-21,trend_pullback,True
2023-04-28,trend_pullback,True
2023-05-05,trend_pullback,True
2023-05-12,trend_pullback,True
2023-05-19,trend_pullback,True
2023-05-26,trend_pullback,False
2023-06-02,trend_pullback,True
2023-06-09,trend_pullback,True
2023-06-16,trend_pullback,True
2023-06-23,trend_pullback,False
2023-06-30,trend_pullback,False
2023-07-07,trend_pullback,True
2023-07-14,trend_pullback,True
2023-07-21,trend_pullback,True
2023-07-28,trend_pullback,True
2023-08-04,trend_pullback,False
2023-08-11,trend_pullback,False
2023-08-18,trend_pullback,False
2023-08-25,trend_pullback,True
2023-09-01,trend_pullback,True
2023-09-08,trend_pullback,True
2023-09-15,trend_pullback,True
2023-09-22,trend_pullback,True
2023-09-29,trend_pullback,True
2023-10-06,trend_pullback,False
2023-10-13,trend_pullback,True
2023-10-20,trend_pullback,True
2023-10-27,trend_pullback,True
2023-11-03,trend_pullback,True
2023-11-10,trend_pullback,True
2023-11-17,trend_pullback,True
2023-11-24,trend_pullback,True
2023-12-01,trend_pullback,True
2023-12-08,trend_pullback,False
2023-12-15,trend_pullback,True
2023-12-22,trend_pullback,True
2023-12-29,trend_pullback,True
2024-01-05,trend_pullback,True
2024-01-12,trend_pullback,False
2024-01-19,trend_pullback,False
2024-01-26,trend_pullback,False
2024-02-02,trend_pullback,True
2024-02-09,trend_pullback,False
2024-02-16,trend_pullback,False
2024-02-23,trend_pullback,True
2024-03-01,trend_pullback,True
2024-03-08,trend_pullback,True
2024-03-15,trend_pullback,True
2024-03-22,trend_pullback,True
2024-03-29,trend_pullback,False
2024-04-05,trend_pullback,True
2024-04-12,trend_pullback,True
2024-04-19,trend_pullback,True
2024-04-26,trend_pullback,True
2024-05-03,trend_pullback,True
2024-05-10,trend_pullback,False
2024-05-17,trend_pullback,True
2024-05-24,trend_pullback,True
2024-05-31,trend_pullback,True
2024-06-07,trend_pullback,True
2024-06-14,trend_pullback,False
2024-06-21,trend_pullback,True
2024-06-28,trend_pullback,True
2024-07-05,trend_pullback,False
2024-07-12,trend_pullback,True
2024-07-19,trend_pullback,False
2024-07-26,trend_pullback,False
2024-08-02,trend_pullback,True
2024-08-09,trend_pullback,True
2024-08-16,trend_pullback,True
2024-08-23,trend_pullback,True
2024-08-30,trend_pullback,True
2024-09-06,trend_pullback,True
2024-09-13,trend_pullback,False
2024-09-20,trend_pullback,True
2024-09-27,trend_pullback,True
2024-10-04,trend_pullback,True
2024-10-11,trend_pullback,True
2024-10-18,trend_pullback,False
2024-10-25,trend_pullback,True
2024-11-01,trend_pullback,True
2024-11-08,trend_pullback,True
2024-11-15,trend_pullback,True
2024-11-22,trend_pullback,False
2024-11-29,trend_pullback,True
2024-12-06,trend_pullback,True
2024-12-13,trend_pullback,True
2024-12-20,trend_pullback,False
2024-12-27,trend_pullback,False
2025-01-03,trend_pullback,True
2025-01-10,trend_pullback,True
2025-01-17,trend_pullback,True
2025-01-24,trend_pullback,True
2025-01-31,trend_pullback,True
2025-02-07,trend_pullback,True
2025-02-14,trend_pullback,True
2025-02-21,trend_pullback,True
2025-02-28,trend_pullback,True
2025-03-07,trend_pullback,False
2025-03-14,trend_pullback,True
2025-03-21,trend_pullback,True
2025-03-28,trend_pullback,True
2025-04-04,trend_pullback,True
2025-04-11,trend_pullback,True
2025-04-18,trend_pullback,True
2025-04-25,trend_pullback,True
2025-05-02,trend_pullback,True
2025-05-09,trend_pullback,True
2025-05-16,trend_pullback,True
2025-05-23,trend_pullback,True
2025-05-30,trend_pullback,True
2025-06-06,trend_pullback,True
2025-06-13,trend_pullback,True
2025-06-20,trend_pullback,True
2025-06-27,trend_pullback,True
2025-07-04,trend_pullback,True
2025-07-11,trend_pullback,True
2025-07-18,trend_pullback,True
2025-07-25,trend_pullback,True
2025-08-01,trend_pullback,True
2025-08-08,trend_pullback,True
2025-08-15,trend_pullback,True
2025-08-22,trend_pullback,True
2025-08-29,trend_pullback,True
2025-09-05,trend_pullback,True
2025-09-12,trend_pullback,True
2025-09-19,trend_pullback,True
2025-09-26,trend_pullback,True
2025-10-03,trend_pullback,True
2025-10-10,trend_pullback,True
2025-10-17,trend_pullback,True
2025-10-24,trend_pullback,True
2025-10-31,trend_pullback,False
2025-11-07,trend_pullback,True
2025-11-14,trend_pullback,True
2025-11-21,trend_pullback,True
2025-11-28,trend_pullback,True
2025-12-05,trend_pullback,True
2025-12-12,trend_pullback,True
2025-12-19,trend_pullback,True
2025-12-26,trend_pullback,False
2026-01-02,trend_pullback,True
2026-01-09,trend_pullback,True
2026-01-16,trend_pullback,True
2026-01-23,trend_pullback,True
2026-01-30,trend_pullback,True
2026-02-06,trend_pullback,True
2026-02-13,trend_pullback,True
2026-02-20,trend_pullback,True
2026-02-27,trend_pullback,True
2026-03-06,trend_pullback,True
2026-03-13,trend_pullback,False
2026-03-20,trend_pullback,True
2026-03-27,trend_pullback,True
2026-04-03,trend_pullback,True
2026-04-10,trend_pullback,True
2026-04-17,trend_pullback,True
2026-04-24,trend_pullback,True
2026-05-01,trend_pullback,True
2026-05-08,trend_pullback,False
2026-05-15,trend_pullback,True
2026-05-22,trend_pullback,False
2026-05-29,trend_pullback,False
2026-06-05,trend_pullback,True
2026-06-12,trend_pullback,True
2026-06-19,trend_pullback,True
2026-06-26,trend_pullback,False
2026-07-03,trend_pullback,True
2026-07-10,trend_pullback,True
2026-07-17,trend_pullback,True
2026-07-24,trend_pullback,True
2026-07-31,trend_pullback,False
2026-08-07,trend_pullback,False
2026-08-14,trend_pullback,False
2026-08-21,trend_pullback,False
2016-01-01,gold_bitcoin_dual_momentum,False
2016-01-08,gold_bitcoin_dual_momentum,False
2016-01-15,gold_bitcoin_dual_momentum,False
2016-01-22,gold_bitcoin_dual_momentum,False
2016-01-29,gold_bitcoin_dual_momentum,False
2016-02-05,gold_bitcoin_dual_momentum,False
2016-02-12,gold_bitcoin_dual_momentum,False
2016-02-19,gold_bitcoin_dual_momentum,False
2016-02-26,gold_bitcoin_dual_momentum,False
2016-03-04,gold_bitcoin_dual_momentum,False
2016-03-11,gold_bitcoin_dual_momentum,False
2016-03-18,gold_bitcoin_dual_momentum,False
2016-03-25,gold_bitcoin_dual_momentum,False
2016-04-01,gold_bitcoin_dual_momentum,False
2016-04-08,gold_bitcoin_dual_momentum,False
2016-04-15,gold_bitcoin_dual_momentum,False
2016-04-22,gold_bitcoin_dual_momentum,False
2016-04-29,gold_bitcoin_dual_momentum,False
2016-05-06,gold_bitcoin_dual_momentum,False
2016-05-13,gold_bitcoin_dual_momentum,False
2016-05-20,gold_bitcoin_dual_momentum,False
2016-05-27,gold_bitcoin_dual_momentum,False
2016-06-03,gold_bitcoin_dual_momentum,False
2016-06-10,gold_bitcoin_dual_momentum,False
2016-06-17,gold_bitcoin_dual_momentum,False
2016-06-24,gold_bitcoin_dual_momentum,False
2016-07-01,gold_bitcoin_dual_momentum,False
2016-07-08,gold_bitcoin_dual_momentum,False
2016-07-15,gold_bitcoin_dual_momentum,False
2016-07-22,gold_bitcoin_dual_momentum,False
2016-07-29,gold_bitcoin_dual_momentum,False
2016-08-05,gold_bitcoin_dual_momentum,False
2016-08-12,gold_bitcoin_dual_momentum,False
2016-08-19,gold_bitcoin_dual_momentum,False
2016-08-26,gold_bitcoin_dual_momentum,False
2016-09-02,gold_bitcoin_dual_momentum,False
2016-09-09,gold_bitcoin_dual_momentum,False
2016-09-16,gold_bitcoin_dual_momentum,False
2016-09-23,gold_bitcoin_dual_momentum,False
2016-09-30,gold_bitcoin_dual_momentum,False
2016-10-07,gold_bitcoin_dual_momentum,False
2016-10-14,gold_bitcoin_dual_momentum,False
2016-10-21,gold_bitcoin_dual_momentum,False
2016-10-28,gold_bitcoin_dual_momentum,False
2016-11-04,gold_bitcoin_dual_momentum,False
2016-11-11,gold_bitcoin_dual_momentum,False
2016-11-18,gold_bitcoin_dual_momentum,False
2016-11-25,gold_bitcoin_dual_momentum,False
2016-12-02,gold_bitcoin_dual_momentum,False
2016-12-09,gold_bitcoin_dual_momentum,False
2016-12-16,gold_bitcoin_dual_momentum,False
2016-12-23,gold_bitcoin_dual_momentum,False
2016-12-30,gold_bitcoin_dual_momentum,False
2017-01-06,gold_bitcoin_dual_momentum,False
2017-01-13,gold_bitcoin_dual_momentum,False
2017-01-20,gold_bitcoin_dual_momentum,False
2017-01-27,gold_bitcoin_dual_momentum,False
2017-02-03,gold_bitcoin_dual_momentum,False
2017-02-10,gold_bitcoin_dual_momentum,False
2017-02-17,gold_bitcoin_dual_momentum,False
2017-02-24,gold_bitcoin_dual_momentum,False
2017-03-03,gold_bitcoin_dual_momentum,False
2017-03-10,gold_bitcoin_dual_momentum,False
2017-03-17,gold_bitcoin_dual_momentum,False
2017-03-24,gold_bitcoin_dual_momentum,False
2017-03-31,gold_bitcoin_dual_momentum,False
2017-04-07,gold_bitcoin_dual_momentum,False
2017-04-14,gold_bitcoin_dual_momentum,False
2017-04-21,gold_bitcoin_dual_momentum,False
2017-04-28,gold_bitcoin_dual_momentum,False
2017-05-05,gold_bitcoin_dual_momentum,False
2017-05-12,gold_bitcoin_dual_momentum,False
2017-05-19,gold_bitcoin_dual_momentum,False
2017-05-26,gold_bitcoin_dual_momentum,False
2017-06-02,gold_bitcoin_dual_momentum,False
2017-06-09,gold_bitcoin_dual_momentum,False
2017-06-16,gold_bitcoin_dual_momentum,False
2017-06-23,gold_bitcoin_dual_momentum,False
2017-06-30,gold_bitcoin_dual_momentum,False
2017-07-07,gold_bitcoin_dual_momentum,False
2017-07-14,gold_bitcoin_dual_momentum,False
2017-07-21,gold_bitcoin_dual_momentum,False
2017-07-28,gold_bitcoin_dual_momentum,False
2017-08-04,gold_bitcoin_dual_momentum,False
2017-08-11,gold_bitcoin_dual_momentum,False
2017-08-18,gold_bitcoin_dual_momentum,False
2017-08-25,gold_bitcoin_dual_momentum,False
2017-09-01,gold_bitcoin_dual_momentum,False
2017-09-08,gold_bitcoin_dual_momentum,False
2017-09-15,gold_bitcoin_dual_momentum,False
2017-09-22,gold_bitcoin_dual_momentum,False
2017-09-29,gold_bitcoin_dual_momentum,False
2017-10-06,gold_bitcoin_dual_momentum,False
2017-10-13,gold_bitcoin_dual_momentum,False
2017-10-20,gold_bitcoin_dual_momentum,False
2017-10-27,gold_bitcoin_dual_momentum,False
2017-11-03,gold_bitcoin_dual_momentum,False
2017-11-10,gold_bitcoin_dual_momentum,False
2017-11-17,gold_bitcoin_dual_momentum,False
2017-11-24,gold_bitcoin_dual_momentum,False
2017-12-01,gold_bitcoin_dual_momentum,False
2017-12-08,gold_bitcoin_dual_momentum,False
2017-12-15,gold_bitcoin_dual_momentum,False
2017-12-22,gold_bitcoin_dual_momentum,False
2017-12-29,gold_bitcoin_dual_momentum,False
2018-01-05,gold_bitcoin_dual_momentum,False
2018-01-12,gold_bitcoin_dual_momentum,False
2018-01-19,gold_bitcoin_dual_momentum,False
2018-01-26,gold_bitcoin_dual_momentum,False
2018-02-02,gold_bitcoin_dual_momentum,False
2018-02-09,gold_bitcoin_dual_momentum,False
2018-02-16,gold_bitcoin_dual_momentum,False
2018-02-23,gold_bitcoin_dual_momentum,False
2018-03-02,gold_bitcoin_dual_momentum,False
2018-03-09,gold_bitcoin_dual_momentum,False
2018-03-16,gold_bitcoin_dual_momentum,False
2018-03-23,gold_bitcoin_dual_momentum,False
2018-03-30,gold_bitcoin_dual_momentum,False
2018-04-06,gold_bitcoin_dual_momentum,False
2018-04-13,gold_bitcoin_dual_momentum,False
2018-04-20,gold_bitcoin_dual_momentum,False
2018-04-27,gold_bitcoin_dual_momentum,False
2018-05-04,gold_bitcoin_dual_momentum,False
2018-05-11,gold_bitcoin_dual_momentum,False
2018-05-18,gold_bitcoin_dual_momentum,False
2018-05-25,gold_bitcoin_dual_momentum,False
2018-06-01,gold_bitcoin_dual_momentum,False
2018-06-08,gold_bitcoin_dual_momentum,False
2018-06-15,gold_bitcoin_dual_momentum,False
2018-06-22,gold_bitcoin_dual_momentum,False
2018-06-29,gold_bitcoin_dual_momentum,False
2018-07-06,gold_bitcoin_dual_momentum,False
2018-07-13,gold_bitcoin_dual_momentum,False
2018-07-20,gold_bitcoin_dual_momentum,False
2018-07-27,gold_bitcoin_dual_momentum,False
2018-08-03,gold_bitcoin_dual_momentum,True
2018-08-10,gold_bitcoin_dual_momentum,False
2018-08-17,gold_bitcoin_dual_momentum,False
2018-08-24,gold_bitcoin_dual_momentum,False
2018-08-31,gold_bitcoin_dual_momentum,False
2018-09-07,gold_bitcoin_dual_momentum,False
2018-09-14,gold_bitcoin_dual_momentum,True
2018-09-21,gold_bitcoin_dual_momentum,False
2018-09-28,gold_bitcoin_dual_momentum,False
2018-10-05,gold_bitcoin_dual_momentum,False
2018-10-12,gold_bitcoin_dual_momentum,True
2018-10-19,gold_bitcoin_dual_momentum,True
2018-10-26,gold_bitcoin_dual_momentum,True
2018-11-02,gold_bitcoin_dual_momentum,True
2018-11-09,gold_bitcoin_dual_momentum,True
2018-11-16,gold_bitcoin_dual_momentum,True
2018-11-23,gold_bitcoin_dual_momentum,True
2018-11-30,gold_bitcoin_dual_momentum,True
2018-12-07,gold_bitcoin_dual_momentum,True
2018-12-14,gold_bitcoin_dual_momentum,True
2018-12-21,gold_bitcoin_dual_momentum,True
2018-12-28,gold_bitcoin_dual_momentum,True
2019-01-04,gold_bitcoin_dual_momentum,True
2019-01-11,gold_bitcoin_dual_momentum,True
2019-01-18,gold_bitcoin_dual_momentum,True
2019-01-25,gold_bitcoin_dual_momentum,True
2019-02-01,gold_bitcoin_dual_momentum,True
2019-02-08,gold_bitcoin_dual_momentum,True
2019-02-15,gold_bitcoin_dual_momentum,True
2019-02-22,gold_bitcoin_dual_momentum,True
2019-03-01,gold_bitcoin_dual_momentum,True
2019-03-08,gold_bitcoin_dual_momentum,True
2019-03-15,gold_bitcoin_dual_momentum,True
2019-03-22,gold_bitcoin_dual_momentum,True
2019-03-29,gold_bitcoin_dual_momentum,True
2019-04-05,gold_bitcoin_dual_momentum,True
2019-04-12,gold_bitcoin_dual_momentum,True
2019-04-19,gold_bitcoin_dual_momentum,True
2019-04-26,gold_bitcoin_dual_momentum,True
2019-05-03,gold_bitcoin_dual_momentum,True
2019-05-10,gold_bitcoin_dual_momentum,True
2019-05-17,gold_bitcoin_dual_momentum,True
2019-05-24,gold_bitcoin_dual_momentum,True
2019-05-31,gold_bitcoin_dual_momentum,True
2019-06-07,gold_bitcoin_dual_momentum,True
2019-06-14,gold_bitcoin_dual_momentum,True
2019-06-21,gold_bitcoin_dual_momentum,True
2019-06-28,gold_bitcoin_dual_momentum,True
2019-07-05,gold_bitcoin_dual_momentum,True
2019-07-12,gold_bitcoin_dual_momentum,True
2019-07-19,gold_bitcoin_dual_momentum,True
2019-07-26,gold_bitcoin_dual_momentum,True
2019-08-02,gold_bitcoin_dual_momentum,True
2019-08-09,gold_bitcoin_dual_momentum,True
2019-08-16,gold_bitcoin_dual_momentum,True
2019-08-23,gold_bitcoin_dual_momentum,True
2019-08-30,gold_bitcoin_dual_momentum,True
2019-09-06,gold_bitcoin_dual_momentum,True
2019-09-13,gold_bitcoin_dual_momentum,True
2019-09-20,gold_bitcoin_dual_momentum,True
2019-09-27,gold_bitcoin_dual_momentum,True
2019-10-04,gold_bitcoin_dual_momentum,True
2019-10-11,gold_bitcoin_dual_momentum,False
2019-10-18,gold_bitcoin_dual_momentum,True
2019-10-25,gold_bitcoin_dual_momentum,False
2019-11-01,gold_bitcoin_dual_momentum,False
2019-11-08,gold_bitcoin_dual_momentum,False
2019-11-15,gold_bitcoin_dual_momentum,False
2019-11-22,gold_bitcoin_dual_momentum,False
2019-11-29,gold_bitcoin_dual_momentum,False
2019-12-06,gold_bitcoin_dual_momentum,False
2019-12-13,gold_bitcoin_dual_momentum,False
2019-12-20,gold_bitcoin_dual_momentum,False
2019-12-27,gold_bitcoin_dual_momentum,False
2020-01-03,gold_bitcoin_dual_momentum,True
2020-01-10,gold_bitcoin_dual_momentum,True
2020-01-17,gold_bitcoin_dual_momentum,True
2020-01-24,gold_bitcoin_dual_momentum,True
2020-01-31,gold_bitcoin_dual_momentum,True
2020-02-07,gold_bitcoin_dual_momentum,True
2020-02-14,gold_bitcoin_dual_momentum,True
2020-02-21,gold_bitcoin_dual_momentum,True
2020-02-28,gold_bitcoin_dual_momentum,True
2020-03-06,gold_bitcoin_dual_momentum,True
2020-03-13,gold_bitcoin_dual_momentum,True
2020-03-20,gold_bitcoin_dual_momentum,True
2020-03-27,gold_bitcoin_dual_momentum,False
2020-04-03,gold_bitcoin_dual_momentum,True
2020-04-10,gold_bitcoin_dual_momentum,True
2020-04-17,gold_bitcoin_dual_momentum,True
2020-04-24,gold_bitcoin_dual_momentum,True
2020-05-01,gold_bitcoin_dual_momentum,True
2020-05-08,gold_bitcoin_dual_momentum,True
2020-05-15,gold_bitcoin_dual_momentum,True
2020-05-22,gold_bitcoin_dual_momentum,True
2020-05-29,gold_bitcoin_dual_momentum,True
2020-06-05,gold_bitcoin_dual_momentum,True
2020-06-12,gold_bitcoin_dual_momentum,True
2020-06-19,gold_bitcoin_dual_momentum,True
2020-06-26,gold_bitcoin_dual_momentum,True
2020-07-03,gold_bitcoin_dual_momentum,True
2020-07-10,gold_bitcoin_dual_momentum,True
2020-07-17,gold_bitcoin_dual_momentum,True
2020-07-24,gold_bitcoin_dual_momentum,True
2020-07-31,gold_bitcoin_dual_momentum,True
2020-08-07,gold_bitcoin_dual_momentum,True
2020-08-14,gold_bitcoin_dual_momentum,True
2020-08-21,gold_bitcoin_dual_momentum,True
2020-08-28,gold_bitcoin_dual_momentum,True
2020-09-04,gold_bitcoin_dual_momentum,True
2020-09-11,gold_bitcoin_dual_momentum,True
2020-09-18,gold_bitcoin_dual_momentum,True
2020-09-25,gold_bitcoin_dual_momentum,True
2020-10-02,gold_bitcoin_dual_momentum,False
2020-10-09,gold_bitcoin_dual_momentum,False
2020-10-16,gold_bitcoin_dual_momentum,True
2020-10-23,gold_bitcoin_dual_momentum,True
2020-10-30,gold_bitcoin_dual_momentum,True
2020-11-06,gold_bitcoin_dual_momentum,True
2020-11-13,gold_bitcoin_dual_momentum,True
2020-11-20,gold_bitcoin_dual_momentum,True
2020-11-27,gold_bitcoin_dual_momentum,True
2020-12-04,gold_bitcoin_dual_momentum,True
2020-12-11,gold_bitcoin_dual_momentum,True
2020-12-18,gold_bitcoin_dual_momentum,True
2020-12-25,gold_bitcoin_dual_momentum,True
2021-01-01,gold_bitcoin_dual_momentum,True
2021-01-08,gold_bitcoin_dual_momentum,True
2021-01-15,gold_bitcoin_dual_momentum,True
2021-01-22,gold_bitcoin_dual_momentum,True
2021-01-29,gold_bitcoin_dual_momentum,True
2021-02-05,gold_bitcoin_dual_momentum,True
2021-02-12,gold_bitcoin_dual_momentum,True
2021-02-19,gold_bitcoin_dual_momentum,True
2021-02-26,gold_bitcoin_dual_momentum,True
2021-03-05,gold_bitcoin_dual_momentum,True
2021-03-12,gold_bitcoin_dual_momentum,True
2021-03-19,gold_bitcoin_dual_momentum,True
2021-03-26,gold_bitcoin_dual_momentum,True
2021-04-02,gold_bitcoin_dual_momentum,True
2021-04-09,gold_bitcoin_dual_momentum,True
2021-04-16,gold_bitcoin_dual_momentum,True
2021-04-23,gold_bitcoin_dual_momentum,True
2021-04-30,gold_bitcoin_dual_momentum,True
2021-05-07,gold_bitcoin_dual_momentum,True
2021-05-14,gold_bitcoin_dual_momentum,True
2021-05-21,gold_bitcoin_dual_momentum,True
2021-05-28,gold_bitcoin_dual_momentum,True
2021-06-04,gold_bitcoin_dual_momentum,True
2021-06-11,gold_bitcoin_dual_momentum,True
2021-06-18,gold_bitcoin_dual_momentum,True
2021-06-25,gold_bitcoin_dual_momentum,True
2021-07-02,gold_bitcoin_dual_momentum,False
2021-07-09,gold_bitcoin_dual_momentum,False
2021-07-16,gold_bitcoin_dual_momentum,False
2021-07-23,gold_bitcoin_dual_momentum,True
2021-07-30,gold_bitcoin_dual_momentum,True
2021-08-06,gold_bitcoin_dual_momentum,True
2021-08-13,gold_bitcoin_dual_momentum,True
2021-08-20,gold_bitcoin_dual_momentum,True
2021-08-27,gold_bitcoin_dual_momentum,True
2021-09-03,gold_bitcoin_dual_momentum,True
2021-09-10,gold_bitcoin_dual_momentum,True
2021-09-17,gold_bitcoin_dual_momentum,True
2021-09-24,gold_bitcoin_dual_momentum,True
2021-10-01,gold_bitcoin_dual_momentum,True
2021-10-08,gold_bitcoin_dual_momentum,True
2021-10-15,gold_bitcoin_dual_momentum,True
2021-10-22,gold_bitcoin_dual_momentum,True
2021-10-29,gold_bitcoin_dual_momentum,True
2021-11-05,gold_bitcoin_dual_momentum,True
2021-11-12,gold_bitcoin_dual_momentum,True
2021-11-19,gold_bitcoin_dual_momentum,True
2021-11-26,gold_bitcoin_dual_momentum,True
2021-12-03,gold_bitcoin_dual_momentum,True
2021-12-10,gold_bitcoin_dual_momentum,True
2021-12-17,gold_bitcoin_dual_momentum,False
2021-12-24,gold_bitcoin_dual_momentum,False
2021-12-31,gold_bitcoin_dual_momentum,True
2022-01-07,gold_bitcoin_dual_momentum,True
2022-01-14,gold_bitcoin_dual_momentum,True
2022-01-21,gold_bitcoin_dual_momentum,True
2022-01-28,gold_bitcoin_dual_momentum,True
2022-02-04,gold_bitcoin_dual_momentum,True
2022-02-11,gold_bitcoin_dual_momentum,False
2022-02-18,gold_bitcoin_dual_momentum,False
2022-02-25,gold_bitcoin_dual_momentum,True
2022-03-04,gold_bitcoin_dual_momentum,True
2022-03-11,gold_bitcoin_dual_momentum,True
2022-03-18,gold_bitcoin_dual_momentum,True
2022-03-25,gold_bitcoin_dual_momentum,True
2022-04-01,gold_bitcoin_dual_momentum,True
2022-04-08,gold_bitcoin_dual_momentum,True
2022-04-15,gold_bitcoin_dual_momentum,True
2022-04-22,gold_bitcoin_dual_momentum,True
2022-04-29,gold_bitcoin_dual_momentum,True
2022-05-06,gold_bitcoin_dual_momentum,False
2022-05-13,gold_bitcoin_dual_momentum,False
2022-05-20,gold_bitcoin_dual_momentum,False
2022-05-27,gold_bitcoin_dual_momentum,False
2022-06-03,gold_bitcoin_dual_momentum,False
2022-06-10,gold_bitcoin_dual_momentum,False
2022-06-17,gold_bitcoin_dual_momentum,False
2022-06-24,gold_bitcoin_dual_momentum,False
2022-07-01,gold_bitcoin_dual_momentum,False
2022-07-08,gold_bitcoin_dual_momentum,False
2022-07-15,gold_bitcoin_dual_momentum,False
2022-07-22,gold_bitcoin_dual_momentum,False
2022-07-29,gold_bitcoin_dual_momentum,False
2022-08-05,gold_bitcoin_dual_momentum,False
2022-08-12,gold_bitcoin_dual_momentum,False
2022-08-19,gold_bitcoin_dual_momentum,True
2022-08-26,gold_bitcoin_dual_momentum,False
2022-09-02,gold_bitcoin_dual_momentum,False
2022-09-09,gold_bitcoin_dual_momentum,False
2022-09-16,gold_bitcoin_dual_momentum,False
2022-09-23,gold_bitcoin_dual_momentum,False
2022-09-30,gold_bitcoin_dual_momentum,False
2022-10-07,gold_bitcoin_dual_momentum,False
2022-10-14,gold_bitcoin_dual_momentum,False
2022-10-21,gold_bitcoin_dual_momentum,False
2022-10-28,gold_bitcoin_dual_momentum,False
2022-11-04,gold_bitcoin_dual_momentum,True
2022-11-11,gold_bitcoin_dual_momentum,False
2022-11-18,gold_bitcoin_dual_momentum,True
2022-11-25,gold_bitcoin_dual_momentum,True
2022-12-02,gold_bitcoin_dual_momentum,True
2022-12-09,gold_bitcoin_dual_momentum,True
2022-12-16,gold_bitcoin_dual_momentum,True
2022-12-23,gold_bitcoin_dual_momentum,True
2022-12-30,gold_bitcoin_dual_momentum,True
2023-01-06,gold_bitcoin_dual_momentum,True
2023-01-13,gold_bitcoin_dual_momentum,True
2023-01-20,gold_bitcoin_dual_momentum,True
2023-01-27,gold_bitcoin_dual_momentum,True
2023-02-03,gold_bitcoin_dual_momentum,True
2023-02-10,gold_bitcoin_dual_momentum,True
2023-02-17,gold_bitcoin_dual_momentum,True
2023-02-24,gold_bitcoin_dual_momentum,True
2023-03-03,gold_bitcoin_dual_momentum,True
2023-03-10,gold_bitcoin_dual_momentum,True
2023-03-17,gold_bitcoin_dual_momentum,True
2023-03-24,gold_bitcoin_dual_momentum,True
2023-03-31,gold_bitcoin_dual_momentum,True
2023-04-07,gold_bitcoin_dual_momentum,True
2023-04-14,gold_bitcoin_dual_momentum,True
2023-04-21,gold_bitcoin_dual_momentum,True
2023-04-28,gold_bitcoin_dual_momentum,True
2023-05-05,gold_bitcoin_dual_momentum,True
2023-05-12,gold_bitcoin_dual_momentum,True
2023-05-19,gold_bitcoin_dual_momentum,True
2023-05-26,gold_bitcoin_dual_momentum,False
2023-06-02,gold_bitcoin_dual_momentum,False
2023-06-09,gold_bitcoin_dual_momentum,False
2023-06-16,gold_bitcoin_dual_momentum,False
2023-06-23,gold_bitcoin_dual_momentum,False
2023-06-30,gold_bitcoin_dual_momentum,True
2023-07-07,gold_bitcoin_dual_momentum,True
2023-07-14,gold_bitcoin_dual_momentum,True
2023-07-21,gold_bitcoin_dual_momentum,True
2023-07-28,gold_bitcoin_dual_momentum,True
2023-08-04,gold_bitcoin_dual_momentum,True
2023-08-11,gold_bitcoin_dual_momentum,True
2023-08-18,gold_bitcoin_dual_momentum,True
2023-08-25,gold_bitcoin_dual_momentum,False
2023-09-01,gold_bitcoin_dual_momentum,False
2023-09-08,gold_bitcoin_dual_momentum,True
2023-09-15,gold_bitcoin_dual_momentum,False
2023-09-22,gold_bitcoin_dual_momentum,False
2023-09-29,gold_bitcoin_dual_momentum,False
2023-10-06,gold_bitcoin_dual_momentum,False
2023-10-13,gold_bitcoin_dual_momentum,False
2023-10-20,gold_bitcoin_dual_momentum,False
2023-10-27,gold_bitcoin_dual_momentum,True
2023-11-03,gold_bitcoin_dual_momentum,True
2023-11-10,gold_bitcoin_dual_momentum,True
2023-11-17,gold_bitcoin_dual_momentum,True
2023-11-24,gold_bitcoin_dual_momentum,True
2023-12-01,gold_bitcoin_dual_momentum,True
2023-12-08,gold_bitcoin_dual_momentum,True
2023-12-15,gold_bitcoin_dual_momentum,True
2023-12-22,gold_bitcoin_dual_momentum,True
2023-12-29,gold_bitcoin_dual_momentum,True
2024-01-05,gold_bitcoin_dual_momentum,True
2024-01-12,gold_bitcoin_dual_momentum,True
2024-01-19,gold_bitcoin_dual_momentum,True
2024-01-26,gold_bitcoin_dual_momentum,True
2024-02-02,gold_bitcoin_dual_momentum,True
2024-02-09,gold_bitcoin_dual_momentum,False
2024-02-16,gold_bitcoin_dual_momentum,True
2024-02-23,gold_bitcoin_dual_momentum,True
2024-03-01,gold_bitcoin_dual_momentum,True
2024-03-08,gold_bitcoin_dual_momentum,True
2024-03-15,gold_bitcoin_dual_momentum,True
2024-03-22,gold_bitcoin_dual_momentum,True
2024-03-29,gold_bitcoin_dual_momentum,True
2024-04-05,gold_bitcoin_dual_momentum,True
2024-04-12,gold_bitcoin_dual_momentum,True
2024-04-19,gold_bitcoin_dual_momentum,True
2024-04-26,gold_bitcoin_dual_momentum,True
2024-05-03,gold_bitcoin_dual_momentum,True
2024-05-10,gold_bitcoin_dual_momentum,True
2024-05-17,gold_bitcoin_dual_momentum,False
2024-05-24,gold_bitcoin_dual_momentum,True
2024-05-31,gold_bitcoin_dual_momentum,True
2024-06-07,gold_bitcoin_dual_momentum,True
2024-06-14,gold_bitcoin_dual_momentum,True
2024-06-21,gold_bitcoin_dual_momentum,True
2024-06-28,gold_bitcoin_dual_momentum,False
2024-07-05,gold_bitcoin_dual_momentum,False
2024-07-12,gold_bitcoin_dual_momentum,True
2024-07-19,gold_bitcoin_dual_momentum,True
2024-07-26,gold_bitcoin_dual_momentum,True
2024-08-02,gold_bitcoin_dual_momentum,True
2024-08-09,gold_bitcoin_dual_momentum,True
2024-08-16,gold_bitcoin_dual_momentum,True
2024-08-23,gold_bitcoin_dual_momentum,True
2024-08-30,gold_bitcoin_dual_momentum,True
2024-09-06,gold_bitcoin_dual_momentum,True
2024-09-13,gold_bitcoin_dual_momentum,True
2024-09-20,gold_bitcoin_dual_momentum,True
2024-09-27,gold_bitcoin_dual_momentum,True
2024-10-04,gold_bitcoin_dual_momentum,True
2024-10-11,gold_bitcoin_dual_momentum,True
2024-10-18,gold_bitcoin_dual_momentum,True
2024-10-25,gold_bitcoin_dual_momentum,True
2024-11-01,gold_bitcoin_dual_momentum,True
2024-11-08,gold_bitcoin_dual_momentum,True
2024-11-15,gold_bitcoin_dual_momentum,True
2024-11-22,gold_bitcoin_dual_momentum,True
2024-11-29,gold_bitcoin_dual_momentum,True
2024-12-06,gold_bitcoin_dual_momentum,True
2024-12-13,gold_bitcoin_dual_momentum,True
2024-12-20,gold_bitcoin_dual_momentum,True
2024-12-27,gold_bitcoin_dual_momentum,True
2025-01-03,gold_bitcoin_dual_momentum,True
2025-01-10,gold_bitcoin_dual_momentum,True
2025-01-17,gold_bitcoin_dual_momentum,True
2025-01-24,gold_bitcoin_dual_momentum,True
2025-01-31,gold_bitcoin_dual_momentum,True
2025-02-07,gold_bitcoin_dual_momentum,True
2025-02-14,gold_bitcoin_dual_momentum,True
2025-02-21,gold_bitcoin_dual_momentum,True
2025-02-28,gold_bitcoin_dual_momentum,True
2025-03-07,gold_bitcoin_dual_momentum,True
2025-03-14,gold_bitcoin_dual_momentum,True
2025-03-21,gold_bitcoin_dual_momentum,True
2025-03-28,gold_bitcoin_dual_momentum,True
2025-04-04,gold_bitcoin_dual_momentum,True
2025-04-11,gold_bitcoin_dual_momentum,True
2025-04-18,gold_bitcoin_dual_momentum,True
2025-04-25,gold_bitcoin_dual_momentum,True
2025-05-02,gold_bitcoin_dual_momentum,True
2025-05-09,gold_bitcoin_dual_momentum,True
2025-05-16,gold_bitcoin_dual_momentum,True
2025-05-23,gold_bitcoin_dual_momentum,True
2025-05-30,gold_bitcoin_dual_momentum,True
2025-06-06,gold_bitcoin_dual_momentum,True
2025-06-13,gold_bitcoin_dual_momentum,True
2025-06-20,gold_bitcoin_dual_momentum,True
2025-06-27,gold_bitcoin_dual_momentum,True
2025-07-04,gold_bitcoin_dual_momentum,True
2025-07-11,gold_bitcoin_dual_momentum,True
2025-07-18,gold_bitcoin_dual_momentum,True
2025-07-25,gold_bitcoin_dual_momentum,True
2025-08-01,gold_bitcoin_dual_momentum,True
2025-08-08,gold_bitcoin_dual_momentum,True
2025-08-15,gold_bitcoin_dual_momentum,True
2025-08-22,gold_bitcoin_dual_momentum,True
2025-08-29,gold_bitcoin_dual_momentum,True
2025-09-05,gold_bitcoin_dual_momentum,True
2025-09-12,gold_bitcoin_dual_momentum,True
2025-09-19,gold_bitcoin_dual_momentum,True
2025-09-26,gold_bitcoin_dual_momentum,True
2025-10-03,gold_bitcoin_dual_momentum,True
2025-10-10,gold_bitcoin_dual_momentum,True
2025-10-17,gold_bitcoin_dual_momentum,True
2025-10-24,gold_bitcoin_dual_momentum,True
2025-10-31,gold_bitcoin_dual_momentum,True
2025-11-07,gold_bitcoin_dual_momentum,True
2025-11-14,gold_bitcoin_dual_momentum,True
2025-11-21,gold_bitcoin_dual_momentum,True
2025-11-28,gold_bitcoin_dual_momentum,True
2025-12-05,gold_bitcoin_dual_momentum,True
2025-12-12,gold_bitcoin_dual_momentum,True
2025-12-19,gold_bitcoin_dual_momentum,True
2025-12-26,gold_bitcoin_dual_momentum,True
2026-01-02,gold_bitcoin_dual_momentum,True
2026-01-09,gold_bitcoin_dual_momentum,True
2026-01-16,gold_bitcoin_dual_momentum,True
2026-01-23,gold_bitcoin_dual_momentum,True
2026-01-30,gold_bitcoin_dual_momentum,True
2026-02-06,gold_bitcoin_dual_momentum,True
2026-02-13,gold_bitcoin_dual_momentum,True
2026-02-20,gold_bitcoin_dual_momentum,True
2026-02-27,gold_bitcoin_dual_momentum,True
2026-03-06,gold_bitcoin_dual_momentum,True
2026-03-13,gold_bitcoin_dual_momentum,True
2026-03-20,gold_bitcoin_dual_momentum,True
2026-03-27,gold_bitcoin_dual_momentum,True
2026-04-03,gold_bitcoin_dual_momentum,False
2026-04-10,gold_bitcoin_dual_momentum,False
2026-04-17,gold_bitcoin_dual_momentum,True
2026-04-24,gold_bitcoin_dual_momentum,True
2026-05-01,gold_bitcoin_dual_momentum,True
2026-05-08,gold_bitcoin_dual_momentum,True
2026-05-15,gold_bitcoin_dual_momentum,True
2026-05-22,gold_bitcoin_dual_momentum,True
2026-05-29,gold_bitcoin_dual_momentum,True
2026-06-05,gold_bitcoin_dual_momentum,True
2026-06-12,gold_bitcoin_dual_momentum,False
2026-06-19,gold_bitcoin_dual_momentum,False
2026-06-26,gold_bitcoin_dual_momentum,False
2026-07-03,gold_bitcoin_dual_momentum,False
2026-07-10,gold_bitcoin_dual_momentum,False
2026-07-17,gold_bitcoin_dual_momentum,False
2026-07-24,gold_bitcoin_dual_momentum,False
2026-07-31,gold_bitcoin_dual_momentum,False
2026-08-07,gold_bitcoin_dual_momentum,False
2026-08-14,gold_bitcoin_dual_momentum,False
2026-08-21,gold_bitcoin_dual_momentum,False
2016-01-01,orb_strategy,False
2016-01-08,orb_strategy,False
2016-01-15,orb_strategy,False
2016-01-22,orb_strategy,False
2016-01-29,orb_strategy,False
2016-02-05,orb_strategy,False
2016-02-12,orb_strategy,False
2016-02-19,orb_strategy,False
2016-02-26,orb_strategy,False
2016-03-04,orb_strategy,False
2016-03-11,orb_strategy,False
2016-03-18,orb_strategy,False
2016-03-25,orb_strategy,False
2016-04-01,orb_strategy,False
2016-04-08,orb_strategy,False
2016-04-15,orb_strategy,False
2016-04-22,orb_strategy,False
2016-04-29,orb_strategy,False
2016-05-06,orb_strategy,False
2016-05-13,orb_strategy,False
2016-05-20,orb_strategy,False
2016-05-27,orb_strategy,False
2016-06-03,orb_strategy,False
2016-06-10,orb_strategy,False
2016-06-17,orb_strategy,False
2016-06-24,orb_strategy,False
2016-07-01,orb_strategy,False
2016-07-08,orb_strategy,False
2016-07-15,orb_strategy,False
2016-07-22,orb_strategy,False
2016-07-29,orb_strategy,False
2016-08-05,orb_strategy,False
2016-08-12,orb_strategy,False
2016-08-19,orb_strategy,False
2016-08-26,orb_strategy,False
2016-09-02,orb_strategy,False
2016-09-09,orb_strategy,False
2016-09-16,orb_strategy,True
2016-09-23,orb_strategy,False
2016-09-30,orb_strategy,True
2016-10-07,orb_strategy,False
2016-10-14,orb_strategy,False
2016-10-21,orb_strategy,False
2016-10-28,orb_strategy,True
2016-11-04,orb_strategy,False
2016-11-11,orb_strategy,True
2016-11-18,orb_strategy,True
2016-11-25,orb_strategy,False
2016-12-02,orb_strategy,False
2016-12-09,orb_strategy,True
2016-12-16,orb_strategy,True
2016-12-23,orb_strategy,False
2016-12-30,orb_strategy,True
2017-01-06,orb_strategy,True
2017-01-13,orb_strategy,False
2017-01-20,orb_strategy,False
2017-01-27,orb_strategy,True
2017-02-03,orb_strategy,True
2017-02-10,orb_strategy,True
2017-02-17,orb_strategy,False
2017-02-24,orb_strategy,False
2017-03-03,orb_strategy,True
2017-03-10,orb_strategy,False
2017-03-17,orb_strategy,True
2017-03-24,orb_strategy,True
2017-03-31,orb_strategy,False
2017-04-07,orb_strategy,True
2017-04-14,orb_strategy,False
2017-04-21,orb_strategy,True
2017-04-28,orb_strategy,False
2017-05-05,orb_strategy,True
2017-05-12,orb_strategy,False
2017-05-19,orb_strategy,True
2017-05-26,orb_strategy,False
2017-06-02,orb_strategy,True
2017-06-09,orb_strategy,False
2017-06-16,orb_strategy,False
2017-06-23,orb_strategy,True
2017-06-30,orb_strategy,True
2017-07-07,orb_strategy,True
2017-07-14,orb_strategy,True
2017-07-21,orb_strategy,False
2017-07-28,orb_strategy,False
2017-08-04,orb_strategy,False
2017-08-11,orb_strategy,True
2017-08-18,orb_strategy,False
2017-08-25,orb_strategy,True
2017-09-01,orb_strategy,True
2017-09-08,orb_strategy,False
2017-09-15,orb_strategy,False
2017-09-22,orb_strategy,False
2017-09-29,orb_strategy,True
2017-10-06,orb_strategy,True
2017-10-13,orb_strategy,False
2017-10-20,orb_strategy,False
2017-10-27,orb_strategy,True
2017-11-03,orb_strategy,False
2017-11-10,orb_strategy,False
2017-11-17,orb_strategy,True
2017-11-24,orb_strategy,True
2017-12-01,orb_strategy,True
2017-12-08,orb_strategy,True
2017-12-15,orb_strategy,True
2017-12-22,orb_strategy,False
2017-12-29,orb_strategy,False
2018-01-05,orb_strategy,True
2018-01-12,orb_strategy,True
2018-01-19,orb_strategy,False
2018-01-26,orb_strategy,True
2018-02-02,orb_strategy,False
2018-02-09,orb_strategy,True
2018-02-16,orb_strategy,False
2018-02-23,orb_strategy,False
2018-03-02,orb_strategy,False
2018-03-09,orb_strategy,True
2018-03-16,orb_strategy,False
2018-03-23,orb_strategy,False
2018-03-30,orb_strategy,True
2018-04-06,orb_strategy,False
2018-04-13,orb_strategy,False
2018-04-20,orb_strategy,False
2018-04-27,orb_strategy,False
2018-05-04,orb_strategy,True
2018-05-11,orb_strategy,False
2018-05-18,orb_strategy,False
2018-05-25,orb_strategy,False
2018-06-01,orb_strategy,True
2018-06-08,orb_strategy,False
2018-06-15,orb_strategy,False
2018-06-22,orb_strategy,False
2018-06-29,orb_strategy,False
2018-07-06,orb_strategy,True
2018-07-13,orb_strategy,False
2018-07-20,orb_strategy,True
2018-07-27,orb_strategy,True
2018-08-03,orb_strategy,False
2018-08-10,orb_strategy,False
2018-08-17,orb_strategy,True
2018-08-24,orb_strategy,True
2018-08-31,orb_strategy,True
2018-09-07,orb_strategy,False
2018-09-14,orb_strategy,True
2018-09-21,orb_strategy,True
2018-09-28,orb_strategy,True
2018-10-05,orb_strategy,False
2018-10-12,orb_strategy,False
2018-10-19,orb_strategy,True
2018-10-26,orb_strategy,False
2018-11-02,orb_strategy,True
2018-11-09,orb_strategy,True
2018-11-16,orb_strategy,False
2018-11-23,orb_strategy,False
2018-11-30,orb_strategy,True
2018-12-07,orb_strategy,False
2018-12-14,orb_strategy,True
2018-12-21,orb_strategy,False
2018-12-28,orb_strategy,True
2019-01-04,orb_strategy,True
2019-01-11,orb_strategy,False
2019-01-18,orb_strategy,True
2019-01-25,orb_strategy,True
2019-02-01,orb_strategy,True
2019-02-08,orb_strategy,False
2019-02-15,orb_strategy,True
2019-02-22,orb_strategy,False
2019-03-01,orb_strategy,False
2019-03-08,orb_strategy,False
2019-03-15,orb_strategy,True
2019-03-22,orb_strategy,True
2019-03-29,orb_strategy,False
2019-04-05,orb_strategy,False
2019-04-12,orb_strategy,False
2019-04-19,orb_strategy,False
2019-04-26,orb_strategy,True
2019-05-03,orb_strategy,True
2019-05-10,orb_strategy,True
2019-05-17,orb_strategy,True
2019-05-24,orb_strategy,False
2019-05-31,orb_strategy,False
2019-06-07,orb_strategy,True
2019-06-14,orb_strategy,True
2019-06-21,orb_strategy,True
2019-06-28,orb_strategy,False
2019-07-05,orb_strategy,True
2019-07-12,orb_strategy,True
2019-07-19,orb_strategy,True
2019-07-26,orb_strategy,True
2019-08-02,orb_strategy,False
2019-08-09,orb_strategy,True
2019-08-16,orb_strategy,True
2019-08-23,orb_strategy,False
2019-08-30,orb_strategy,False
2019-09-06,orb_strategy,False
2019-09-13,orb_strategy,True
2019-09-20,orb_strategy,False
2019-09-27,orb_strategy,False
2019-10-04,orb_strategy,True
2019-10-11,orb_strategy,True
2019-10-18,orb_strategy,False
2019-10-25,orb_strategy,True
2019-11-01,orb_strategy,True
2019-11-08,orb_strategy,False
2019-11-15,orb_strategy,False
2019-11-22,orb_strategy,False
2019-11-29,orb_strategy,True
2019-12-06,orb_strategy,True
2019-12-13,orb_strategy,True
2019-12-20,orb_strategy,True
2019-12-27,orb_strategy,True
2020-01-03,orb_strategy,True
2020-01-10,orb_strategy,True
2020-01-17,orb_strategy,True
2020-01-24,orb_strategy,False
2020-01-31,orb_strategy,False
2020-02-07,orb_strategy,True
2020-02-14,orb_strategy,False
2020-02-21,orb_strategy,False
2020-02-28,orb_strategy,False
2020-03-06,orb_strategy,True
2020-03-13,orb_strategy,True
2020-03-20,orb_strategy,False
2020-03-27,orb_strategy,True
2020-04-03,orb_strategy,False
2020-04-10,orb_strategy,True
2020-04-17,orb_strategy,True
2020-04-24,orb_strategy,False
2020-05-01,orb_strategy,True
2020-05-08,orb_strategy,False
2020-05-15,orb_strategy,False
2020-05-22,orb_strategy,False
2020-05-29,orb_strategy,False
2020-06-05,orb_strategy,True
2020-06-12,orb_strategy,False
2020-06-19,orb_strategy,True
2020-06-26,orb_strategy,False
2020-07-03,orb_strategy,False
2020-07-10,orb_strategy,True
2020-07-17,orb_strategy,False
2020-07-24,orb_strategy,True
2020-07-31,orb_strategy,False
2020-08-07,orb_strategy,False
2020-08-14,orb_strategy,True
2020-08-21,orb_strategy,False
2020-08-28,orb_strategy,True
2020-09-04,orb_strategy,True
2020-09-11,orb_strategy,False
2020-09-18,orb_strategy,False
2020-09-25,orb_strategy,False
2020-10-02,orb_strategy,False
2020-10-09,orb_strategy,True
2020-10-16,orb_strategy,True
2020-10-23,orb_strategy,False
2020-10-30,orb_strategy,False
2020-11-06,orb_strategy,True
2020-11-13,orb_strategy,True
2020-11-20,orb_strategy,False
2020-11-27,orb_strategy,False
2020-12-04,orb_strategy,False
2020-12-11,orb_strategy,False
2020-12-18,orb_strategy,True
2020-12-25,orb_strategy,False
2021-01-01,orb_strategy,False
2021-01-08,orb_strategy,False
2021-01-15,orb_strategy,False
2021-01-22,orb_strategy,True
2021-01-29,orb_strategy,False
2021-02-05,orb_strategy,True
2021-02-12,orb_strategy,False
2021-02-19,orb_strategy,False
2021-02-26,orb_strategy,False
2021-03-05,orb_strategy,True
2021-03-12,orb_strategy,True
2021-03-19,orb_strategy,False
2021-03-26,orb_strategy,False
2021-04-02,orb_strategy,False
2021-04-09,orb_strategy,True
2021-04-16,orb_strategy,True
2021-04-23,orb_strategy,True
2021-04-30,orb_strategy,False
2021-05-07,orb_strategy,True
2021-05-14,orb_strategy,True
2021-05-21,orb_strategy,True
2021-05-28,orb_strategy,True
2021-06-04,orb_strategy,True
2021-06-11,orb_strategy,False
2021-06-18,orb_strategy,False
2021-06-25,orb_strategy,False
2021-07-02,orb_strategy,True
2021-07-09,orb_strategy,True
2021-07-16,orb_strategy,True
2021-07-23,orb_strategy,True
2021-07-30,orb_strategy,False
2021-08-06,orb_strategy,False
2021-08-13,orb_strategy,False
2021-08-20,orb_strategy,True
2021-08-27,orb_strategy,True
2021-09-03,orb_strategy,True
2021-09-10,orb_strategy,False
2021-09-17,orb_strategy,True
2021-09-24,orb_strategy,False
2021-10-01,orb_strategy,True
2021-10-08,orb_strategy,True
2021-10-15,orb_strategy,True
2021-10-22,orb_strategy,True
2021-10-29,orb_strategy,False
2021-11-05,orb_strategy,True
2021-11-12,orb_strategy,False
2021-11-19,orb_strategy,False
2021-11-26,orb_strategy,True
2021-12-03,orb_strategy,True
2021-12-10,orb_strategy,True
2021-12-17,orb_strategy,True
2021-12-24,orb_strategy,False
2021-12-31,orb_strategy,False
2022-01-07,orb_strategy,False
2022-01-14,orb_strategy,False
2022-01-21,orb_strategy,False
2022-01-28,orb_strategy,False
2022-02-04,orb_strategy,True
2022-02-11,orb_strategy,False
2022-02-18,orb_strategy,False
2022-02-25,orb_strategy,True
2022-03-04,orb_strategy,False
2022-03-11,orb_strategy,True
2022-03-18,orb_strategy,True
2022-03-25,orb_strategy,False
2022-04-01,orb_strategy,False
2022-04-08,orb_strategy,True
2022-04-15,orb_strategy,False
2022-04-22,orb_strategy,False
2022-04-29,orb_strategy,True
2022-05-06,orb_strategy,True
2022-05-13,orb_strategy,False
2022-05-20,orb_strategy,False
2022-05-27,orb_strategy,True
2022-06-03,orb_strategy,True
2022-06-10,orb_strategy,False
2022-06-17,orb_strategy,True
2022-06-24,orb_strategy,True
2022-07-01,orb_strategy,False
2022-07-08,orb_strategy,False
2022-07-15,orb_strategy,False
2022-07-22,orb_strategy,True
2022-07-29,orb_strategy,True
2022-08-05,orb_strategy,True
2022-08-12,orb_strategy,True
2022-08-19,orb_strategy,False
2022-08-26,orb_strategy,False
2022-09-02,orb_strategy,False
2022-09-09,orb_strategy,True
2022-09-16,orb_strategy,False
2022-09-23,orb_strategy,False
2022-09-30,orb_strategy,True
2022-10-07,orb_strategy,True
2022-10-14,orb_strategy,False
2022-10-21,orb_strategy,True
2022-10-28,orb_strategy,True
2022-11-04,orb_strategy,False
2022-11-11,orb_strategy,False
2022-11-18,orb_strategy,True
2022-11-25,orb_strategy,False
2022-12-02,orb_strategy,True
2022-12-09,orb_strategy,False
2022-12-16,orb_strategy,True
2022-12-23,orb_strategy,False
2022-12-30,orb_strategy,True
2023-01-06,orb_strategy,True
2023-01-13,orb_strategy,True
2023-01-20,orb_strategy,True
2023-01-27,orb_strategy,True
2023-02-03,orb_strategy,True
2023-02-10,orb_strategy,True
2023-02-17,orb_strategy,True
2023-02-24,orb_strategy,False
2023-03-03,orb_strategy,True
2023-03-10,orb_strategy,False
2023-03-17,orb_strategy,True
2023-03-24,orb_strategy,False
2023-03-31,orb_strategy,False
2023-04-07,orb_strategy,False
2023-04-14,orb_strategy,True
2023-04-21,orb_strategy,False
2023-04-28,orb_strategy,True
2023-05-05,orb_strategy,True
2023-05-12,orb_strategy,False
2023-05-19,orb_strategy,True
2023-05-26,orb_strategy,True
2023-06-02,orb_strategy,True
2023-06-09,orb_strategy,False
2023-06-16,orb_strategy,True
2023-06-23,orb_strategy,False
2023-06-30,orb_strategy,True
2023-07-07,orb_strategy,False
2023-07-14,orb_strategy,True
2023-07-21,orb_strategy,True
2023-07-28,orb_strategy,True
2023-08-04,orb_strategy,False
2023-08-11,orb_strategy,True
2023-08-18,orb_strategy,False
2023-08-25,orb_strategy,True
2023-09-01,orb_strategy,True
2023-09-08,orb_strategy,False
2023-09-15,orb_strategy,False
2023-09-22,orb_strategy,False
2023-09-29,orb_strategy,False
2023-10-06,orb_strategy,True
2023-10-13,orb_strategy,False
2023-10-20,orb_strategy,False
2023-10-27,orb_strategy,False
2023-11-03,orb_strategy,True
2023-11-10,orb_strategy,True
2023-11-17,orb_strategy,False
2023-11-24,orb_strategy,True
2023-12-01,orb_strategy,True
2023-12-08,orb_strategy,True
2023-12-15,orb_strategy,True
2023-12-22,orb_strategy,False
2023-12-29,orb_strategy,False
2024-01-05,orb_strategy,False
2024-01-12,orb_strategy,False
2024-01-19,orb_strategy,False
2024-01-26,orb_strategy,True
2024-02-02,orb_strategy,True
2024-02-09,orb_strategy,True
2024-02-16,orb_strategy,False
2024-02-23,orb_strategy,True
2024-03-01,orb_strategy,True
2024-03-08,orb_strategy,True
2024-03-15,orb_strategy,False
2024-03-22,orb_strategy,True
2024-03-29,orb_strategy,False
2024-04-05,orb_strategy,True
2024-04-12,orb_strategy,True
2024-04-19,orb_strategy,False
2024-04-26,orb_strategy,True
2024-05-03,orb_strategy,True
2024-05-10,orb_strategy,False
2024-05-17,orb_strategy,True
2024-05-24,orb_strategy,True
2024-05-31,orb_strategy,True
2024-06-07,orb_strategy,True
2024-06-14,orb_strategy,True
2024-06-21,orb_strategy,True
2024-06-28,orb_strategy,False
2024-07-05,orb_strategy,True
2024-07-12,orb_strategy,True
2024-07-19,orb_strategy,True
2024-07-26,orb_strategy,True
2024-08-02,orb_strategy,True
2024-08-09,orb_strategy,True
2024-08-16,orb_strategy,True
2024-08-23,orb_strategy,False
2024-08-30,orb_strategy,True
2024-09-06,orb_strategy,False
2024-09-13,orb_strategy,True
2024-09-20,orb_strategy,True
2024-09-27,orb_strategy,False
2024-10-04,orb_strategy,False
2024-10-11,orb_strategy,True
2024-10-18,orb_strategy,False
2024-10-25,orb_strategy,True
2024-11-01,orb_strategy,True
2024-11-08,orb_strategy,True
2024-11-15,orb_strategy,False
2024-11-22,orb_strategy,False
2024-11-29,orb_strategy,False
2024-12-06,orb_strategy,True
2024-12-13,orb_strategy,True
2024-12-20,orb_strategy,True
2024-12-27,orb_strategy,True
2025-01-03,orb_strategy,True
2025-01-10,orb_strategy,True
2025-01-17,orb_strategy,True
2025-01-24,orb_strategy,False
2025-01-31,orb_strategy,False
2025-02-07,orb_strategy,True
2025-02-14,orb_strategy,False
2025-02-21,orb_strategy,False
2025-02-28,orb_strategy,False
2025-03-07,orb_strategy,False
2025-03-14,orb_strategy,False
2025-03-21,orb_strategy,True
2025-03-28,orb_strategy,False
2025-04-04,orb_strategy,False
2025-04-11,orb_strategy,True
2025-04-18,orb_strategy,False
2025-04-25,orb_strategy,True
2025-05-02,orb_strategy,False
2025-05-09,orb_strategy,False
2025-05-16,orb_strategy,True
2025-05-23,orb_strategy,False
2025-05-30,orb_strategy,False
2025-06-06,orb_strategy,False
2025-06-13,orb_strategy,False
2025-06-20,orb_strategy,False
2025-06-27,orb_strategy,False
2025-07-04,orb_strategy,False
2025-07-11,orb_strategy,False
2025-07-18,orb_strategy,True
2025-07-25,orb_strategy,False
2025-08-01,orb_strategy,False
2025-08-08,orb_strategy,True
2025-08-15,orb_strategy,True
2025-08-22,orb_strategy,True
2025-08-29,orb_strategy,False
2025-09-05,orb_strategy,True
2025-09-12,orb_strategy,True
2025-09-19,orb_strategy,False
2025-09-26,orb_strategy,False
2025-10-03,orb_strategy,True
2025-10-10,orb_strategy,True
2025-10-17,orb_strategy,True
2025-10-24,orb_strategy,False
2025-10-31,orb_strategy,False
2025-11-07,orb_strategy,True
2025-11-14,orb_strategy,True
2025-11-21,orb_strategy,False
2025-11-28,orb_strategy,True
2025-12-05,orb_strategy,False
2025-12-12,orb_strategy,False
2025-12-19,orb_strategy,True
2025-12-26,orb_strategy,False
2026-01-02,orb_strategy,True
2026-01-09,orb_strategy,True
2026-01-16,orb_strategy,True
2026-01-23,orb_strategy,True
2026-01-30,orb_strategy,True
2026-02-06,orb_strategy,False
2026-02-13,orb_strategy,False
2026-02-20,orb_strategy,False
2026-02-27,orb_strategy,False
2026-03-06,orb_strategy,True
2026-03-13,orb_strategy,True
2026-03-20,orb_strategy,False
2026-03-27,orb_strategy,True
2026-04-03,orb_strategy,False
2026-04-10,orb_strategy,True
2026-04-17,orb_strategy,True
2026-04-24,orb_strategy,False
2026-05-01,orb_strategy,False
2026-05-08,orb_strategy,True
2026-05-15,orb_strategy,False
2026-05-22,orb_strategy,True
2026-05-29,orb_strategy,False
2026-06-05,orb_strategy,True
2026-06-12,orb_strategy,True
2026-06-19,orb_strategy,False
2026-06-26,orb_strategy,True
2026-07-03,orb_strategy,False
2026-07-10,orb_strategy,False
2026-07-17,orb_strategy,False
2026-07-24,orb_strategy,True
2026-07-31,orb_strategy,False
2026-08-07,orb_strategy,False
2026-08-14,orb_strategy,False
2026-08-21,orb_strategy,False
