2026-08-27 23:25:04 === EK-Portfolio-Task gestartet ===
2026-08-27 23:34:24 INFO:DUKASCRIPT:current timestamp :2026-08-27T22:45:00
2026-08-27 23:34:24 INFO:DUKASCRIPT:current timestamp :2026-08-27T22:45:00
2026-08-27 23:34:24 INFO:DUKASCRIPT:current timestamp :2026-08-26T02:00:00
2026-08-27 23:34:24 INFO:DUKASCRIPT:current timestamp :2025-08-20T21:15:00
2026-08-27 23:34:24 INFO:DUKASCRIPT:current timestamp :2025-09-18T19:05:00
2026-08-27 23:34:24 INFO:DUKASCRIPT:current timestamp :2025-10-17T16:55:00
2026-08-27 23:34:24 INFO:DUKASCRIPT:current timestamp :2025-11-17T14:35:00
2026-08-27 23:34:24 INFO:DUKASCRIPT:current timestamp :2025-12-16T12:35:00
2026-08-27 23:34:24 INFO:DUKASCRIPT:current timestamp :2026-01-16T07:00:00
2026-08-27 23:34:24 INFO:DUKASCRIPT:current timestamp :2026-02-16T03:55:00
2026-08-27 23:34:24 INFO:DUKASCRIPT:current timestamp :2026-03-17T00:25:00
2026-08-27 23:34:24 INFO:DUKASCRIPT:current timestamp :2026-04-14T23:00:00
2026-08-27 23:34:24 INFO:DUKASCRIPT:current timestamp :2026-05-13T21:05:00
2026-08-27 23:34:24 INFO:DUKASCRIPT:current timestamp :2026-06-11T19:30:00
2026-08-27 23:34:24 INFO:DUKASCRIPT:current timestamp :2026-07-10T18:10:00
2026-08-27 23:34:24 INFO:DUKASCRIPT:current timestamp :2026-08-10T16:10:00
2026-08-27 23:34:24 INFO:DUKASCRIPT:current timestamp :2026-08-27T23:20:00
2026-08-27 23:34:24 INFO:DUKASCRIPT:current timestamp :2025-08-20T23:00:00
2026-08-27 23:34:24 INFO:DUKASCRIPT:current timestamp :2025-09-18T22:00:00
2026-08-27 23:34:24 INFO:DUKASCRIPT:current timestamp :2025-10-17T20:30:00
2026-08-27 23:34:24 INFO:DUKASCRIPT:current timestamp :2025-11-17T19:45:00
2026-08-27 23:34:24 INFO:DUKASCRIPT:current timestamp :2025-12-16T18:45:00
2026-08-27 23:34:24 INFO:DUKASCRIPT:current timestamp :2026-01-16T13:00:00
2026-08-27 23:34:24 INFO:DUKASCRIPT:current timestamp :2026-02-16T10:45:00
2026-08-27 23:34:24 INFO:DUKASCRIPT:current timestamp :2026-03-17T07:15:00
2026-08-27 23:34:24 INFO:DUKASCRIPT:current timestamp :2026-04-15T06:00:00
2026-08-27 23:34:24 INFO:DUKASCRIPT:current timestamp :2026-05-14T04:30:00
2026-08-27 23:34:24 INFO:DUKASCRIPT:current timestamp :2026-06-12T03:15:00
2026-08-27 23:34:24 INFO:DUKASCRIPT:current timestamp :2026-07-13T01:30:00
2026-08-27 23:34:24 INFO:DUKASCRIPT:current timestamp :2026-08-10T23:00:00
2026-08-27 23:34:24 INFO:DUKASCRIPT:current timestamp :2026-08-27T23:00:00
2026-08-27 23:34:24 INFO:DUKASCRIPT:current timestamp :2025-08-20T22:00:00
2026-08-27 23:34:24 INFO:DUKASCRIPT:current timestamp :2025-09-18T20:00:00
2026-08-27 23:34:24 INFO:DUKASCRIPT:current timestamp :2025-10-17T17:15:00
2026-08-27 23:34:24 INFO:DUKASCRIPT:current timestamp :2025-11-17T15:00:00
2026-08-27 23:34:24 INFO:DUKASCRIPT:current timestamp :2025-12-16T11:45:00
2026-08-27 23:34:24 INFO:DUKASCRIPT:current timestamp :2026-01-16T02:45:00
2026-08-27 23:34:24 INFO:DUKASCRIPT:current timestamp :2026-02-15T23:45:00
2026-08-27 23:34:24 INFO:DUKASCRIPT:current timestamp :2026-03-16T20:00:00
2026-08-27 23:34:24 INFO:DUKASCRIPT:current timestamp :2026-04-14T19:15:00
2026-08-27 23:34:24 INFO:DUKASCRIPT:current timestamp :2026-05-13T17:15:00
2026-08-27 23:34:24 INFO:DUKASCRIPT:current timestamp :2026-06-11T16:15:00
2026-08-27 23:34:24 INFO:DUKASCRIPT:current timestamp :2026-07-10T14:30:00
2026-08-27 23:34:24 INFO:DUKASCRIPT:current timestamp :2026-08-10T11:45:00
2026-08-27 23:34:24 INFO:DUKASCRIPT:current timestamp :2026-08-27T23:00:00
2026-08-27 23:34:24 INFO:DUKASCRIPT:current timestamp :2025-08-20T21:45:00
2026-08-27 23:34:24 INFO:DUKASCRIPT:current timestamp :2025-09-18T20:15:00
2026-08-27 23:34:24 INFO:DUKASCRIPT:current timestamp :2025-10-17T18:45:00
2026-08-27 23:34:24 INFO:DUKASCRIPT:current timestamp :2025-11-17T17:30:00
2026-08-27 23:34:24 INFO:DUKASCRIPT:current timestamp :2025-12-16T16:15:00
2026-08-27 23:34:24 INFO:DUKASCRIPT:current timestamp :2026-01-16T09:15:00
2026-08-27 23:34:24 INFO:DUKASCRIPT:current timestamp :2026-02-16T06:45:00
2026-08-27 23:34:24 INFO:DUKASCRIPT:current timestamp :2026-03-17T03:45:00
2026-08-27 23:34:24 INFO:DUKASCRIPT:current timestamp :2026-04-15T03:30:00
2026-08-27 23:34:24 INFO:DUKASCRIPT:current timestamp :2026-05-14T02:30:00
2026-08-27 23:34:24 INFO:DUKASCRIPT:current timestamp :2026-06-12T01:30:00
2026-08-27 23:34:24 INFO:DUKASCRIPT:current timestamp :2026-07-13T00:30:00
2026-08-27 23:34:24 INFO:DUKASCRIPT:current timestamp :2026-08-10T23:30:00
2026-08-27 23:34:24 INFO:DUKASCRIPT:current timestamp :2026-08-27T23:00:00
2026-08-27 23:34:24 INFO:DUKASCRIPT:current timestamp :2025-08-20T22:45:00
2026-08-27 23:34:24 INFO:DUKASCRIPT:current timestamp :2025-09-18T21:45:00
2026-08-27 23:34:24 INFO:DUKASCRIPT:current timestamp :2025-10-17T20:45:00
2026-08-27 23:34:24 INFO:DUKASCRIPT:current timestamp :2025-11-17T18:00:00
2026-08-27 23:34:24 INFO:DUKASCRIPT:current timestamp :2025-12-16T15:45:00
2026-08-27 23:34:24 INFO:DUKASCRIPT:current timestamp :2026-01-16T09:15:00
2026-08-27 23:34:24 INFO:DUKASCRIPT:current timestamp :2026-02-16T06:45:00
2026-08-27 23:34:24 INFO:DUKASCRIPT:current timestamp :2026-03-17T03:15:00
2026-08-27 23:34:24 INFO:DUKASCRIPT:current timestamp :2026-04-15T01:30:00
2026-08-27 23:34:24 INFO:DUKASCRIPT:current timestamp :2026-05-13T23:30:00
2026-08-27 23:34:24 INFO:DUKASCRIPT:current timestamp :2026-06-11T22:15:00
2026-08-27 23:34:24 INFO:DUKASCRIPT:current timestamp :2026-07-10T20:45:00
2026-08-27 23:34:24 INFO:DUKASCRIPT:current timestamp :2026-08-10T19:00:00
2026-08-27 23:34:24 INFO:DUKASCRIPT:current timestamp :2026-08-27T23:00:00
2026-08-27 23:34:24 INFO:DUKASCRIPT:current timestamp :2025-08-20T21:00:00
2026-08-27 23:34:24 INFO:DUKASCRIPT:current timestamp :2025-09-18T17:45:00
2026-08-27 23:34:24 INFO:DUKASCRIPT:current timestamp :2025-10-17T14:30:00
2026-08-27 23:34:24 INFO:DUKASCRIPT:current timestamp :2025-11-17T11:00:00
2026-08-27 23:34:24 INFO:DUKASCRIPT:current timestamp :2025-12-16T07:45:00
2026-08-27 23:34:24 INFO:DUKASCRIPT:current timestamp :2026-01-16T00:45:00
2026-08-27 23:34:24 INFO:DUKASCRIPT:current timestamp :2026-02-13T21:45:00
2026-08-27 23:34:24 INFO:DUKASCRIPT:current timestamp :2026-03-16T18:45:00
2026-08-27 23:34:24 INFO:DUKASCRIPT:current timestamp :2025-08-20T21:15:00
2026-08-27 23:34:24 INFO:DUKASCRIPT:current timestamp :2025-09-18T19:05:00
2026-08-27 23:34:24 INFO:DUKASCRIPT:current timestamp :2025-10-17T16:55:00
2026-08-27 23:34:24 INFO:DUKASCRIPT:current timestamp :2025-11-17T14:35:00
2026-08-27 23:34:24 INFO:DUKASCRIPT:current timestamp :2025-12-16T12:35:00
2026-08-27 23:34:24 INFO:DUKASCRIPT:current timestamp :2026-01-16T07:00:00
2026-08-27 23:34:24 INFO:DUKASCRIPT:current timestamp :2026-02-16T03:55:00
2026-08-27 23:34:24 INFO:DUKASCRIPT:current timestamp :2026-03-17T00:25:00
2026-08-27 23:34:24 INFO:DUKASCRIPT:current timestamp :2026-04-14T23:00:00
2026-08-27 23:34:24 INFO:DUKASCRIPT:current timestamp :2026-05-13T21:05:00
2026-08-27 23:34:24 INFO:DUKASCRIPT:current timestamp :2026-06-11T19:30:00
2026-08-27 23:34:24 INFO:DUKASCRIPT:current timestamp :2026-07-10T18:10:00
2026-08-27 23:34:24 INFO:DUKASCRIPT:current timestamp :2026-08-10T16:10:00
2026-08-27 23:34:24 INFO:DUKASCRIPT:current timestamp :2026-08-27T23:20:00
2026-08-27 23:34:24 INFO:DUKASCRIPT:current timestamp :2025-08-20T23:00:00
2026-08-27 23:34:24 INFO:DUKASCRIPT:current timestamp :2025-09-18T22:00:00
2026-08-27 23:34:24 INFO:DUKASCRIPT:current timestamp :2025-10-17T20:30:00
2026-08-27 23:34:24 INFO:DUKASCRIPT:current timestamp :2025-11-17T19:45:00
2026-08-27 23:34:24 INFO:DUKASCRIPT:current timestamp :2025-12-16T18:45:00
2026-08-27 23:34:24 INFO:DUKASCRIPT:current timestamp :2026-01-16T13:00:00
2026-08-27 23:34:24 INFO:DUKASCRIPT:current timestamp :2026-02-16T10:45:00
2026-08-27 23:34:24 INFO:DUKASCRIPT:current timestamp :2026-03-17T07:15:00
2026-08-27 23:34:24 INFO:DUKASCRIPT:current timestamp :2026-04-15T06:00:00
2026-08-27 23:34:24 INFO:DUKASCRIPT:current timestamp :2026-05-14T04:30:00
2026-08-27 23:34:24 INFO:DUKASCRIPT:current timestamp :2026-06-12T03:15:00
2026-08-27 23:34:24 INFO:DUKASCRIPT:current timestamp :2026-07-13T01:30:00
2026-08-27 23:34:24 INFO:DUKASCRIPT:current timestamp :2026-08-10T23:00:00
2026-08-27 23:34:24 INFO:DUKASCRIPT:current timestamp :2026-08-27T23:00:00
2026-08-27 23:34:24 INFO:DUKASCRIPT:current timestamp :2025-08-20T22:00:00
2026-08-27 23:34:24 INFO:DUKASCRIPT:current timestamp :2025-09-18T20:00:00
2026-08-27 23:34:24 INFO:DUKASCRIPT:current timestamp :2025-10-17T17:15:00
2026-08-27 23:34:24 INFO:DUKASCRIPT:current timestamp :2025-11-17T15:00:00
2026-08-27 23:34:24 INFO:DUKASCRIPT:current timestamp :2025-12-16T11:45:00
2026-08-27 23:34:24 INFO:DUKASCRIPT:current timestamp :2026-01-16T02:45:00
2026-08-27 23:34:24 INFO:DUKASCRIPT:current timestamp :2026-02-15T23:45:00
2026-08-27 23:34:24 INFO:DUKASCRIPT:current timestamp :2026-03-16T20:00:00
2026-08-27 23:34:24 INFO:DUKASCRIPT:current timestamp :2026-04-14T19:15:00
2026-08-27 23:34:24 INFO:DUKASCRIPT:current timestamp :2026-05-13T17:15:00
2026-08-27 23:34:24 INFO:DUKASCRIPT:current timestamp :2026-06-11T16:15:00
2026-08-27 23:34:24 INFO:DUKASCRIPT:current timestamp :2026-07-10T14:30:00
2026-08-27 23:34:24 INFO:DUKASCRIPT:current timestamp :2026-08-10T11:45:00
2026-08-27 23:34:24 INFO:DUKASCRIPT:current timestamp :2026-08-27T23:00:00
2026-08-27 23:34:24 INFO:DUKASCRIPT:current timestamp :2025-08-20T21:45:00
2026-08-27 23:34:24 INFO:DUKASCRIPT:current timestamp :2025-09-18T20:15:00
2026-08-27 23:34:24 INFO:DUKASCRIPT:current timestamp :2025-10-17T18:45:00
2026-08-27 23:34:24 INFO:DUKASCRIPT:current timestamp :2025-11-17T17:30:00
2026-08-27 23:34:24 INFO:DUKASCRIPT:current timestamp :2025-12-16T16:15:00
2026-08-27 23:34:24 INFO:DUKASCRIPT:current timestamp :2026-01-16T09:15:00
2026-08-27 23:34:24 INFO:DUKASCRIPT:current timestamp :2026-02-16T06:45:00
2026-08-27 23:34:24 INFO:DUKASCRIPT:current timestamp :2026-03-17T03:45:00
2026-08-27 23:34:24 INFO:DUKASCRIPT:current timestamp :2026-04-15T03:30:00
2026-08-27 23:34:24 INFO:DUKASCRIPT:current timestamp :2026-05-14T02:30:00
2026-08-27 23:34:24 INFO:DUKASCRIPT:current timestamp :2026-06-12T01:30:00
2026-08-27 23:34:24 INFO:DUKASCRIPT:current timestamp :2026-07-13T00:30:00
2026-08-27 23:34:24 INFO:DUKASCRIPT:current timestamp :2026-08-10T23:30:00
2026-08-27 23:34:24 INFO:DUKASCRIPT:current timestamp :2026-08-27T23:00:00
2026-08-27 23:34:24 INFO:DUKASCRIPT:current timestamp :2025-08-20T22:45:00
2026-08-27 23:34:24 INFO:DUKASCRIPT:current timestamp :2025-09-18T21:45:00
2026-08-27 23:34:24 INFO:DUKASCRIPT:current timestamp :2025-10-17T20:45:00
2026-08-27 23:34:24 INFO:DUKASCRIPT:current timestamp :2025-11-17T18:00:00
2026-08-27 23:34:24 INFO:DUKASCRIPT:current timestamp :2025-12-16T15:45:00
2026-08-27 23:34:24 INFO:DUKASCRIPT:current timestamp :2026-01-16T09:15:00
2026-08-27 23:34:24 INFO:DUKASCRIPT:current timestamp :2026-02-16T06:45:00
2026-08-27 23:34:24 INFO:DUKASCRIPT:current timestamp :2026-03-17T03:15:00
2026-08-27 23:34:24 INFO:DUKASCRIPT:current timestamp :2026-04-15T01:30:00
2026-08-27 23:34:24 INFO:DUKASCRIPT:current timestamp :2026-05-13T23:30:00
2026-08-27 23:34:24 INFO:DUKASCRIPT:current timestamp :2026-06-11T22:15:00
2026-08-27 23:34:24 INFO:DUKASCRIPT:current timestamp :2026-07-10T20:45:00
2026-08-27 23:34:24 INFO:DUKASCRIPT:current timestamp :2026-08-10T19:00:00
2026-08-27 23:34:24 INFO:DUKASCRIPT:current timestamp :2026-08-27T23:00:00
2026-08-27 23:34:24 INFO:DUKASCRIPT:current timestamp :2025-08-20T21:00:00
2026-08-27 23:34:24 INFO:DUKASCRIPT:current timestamp :2025-09-18T17:45:00
2026-08-27 23:34:24 INFO:DUKASCRIPT:current timestamp :2025-10-17T14:30:00
2026-08-27 23:34:24 INFO:DUKASCRIPT:current timestamp :2025-11-17T11:00:00
2026-08-27 23:34:24 INFO:DUKASCRIPT:current timestamp :2025-12-16T07:45:00
2026-08-27 23:34:24 INFO:DUKASCRIPT:current timestamp :2026-01-16T00:45:00
2026-08-27 23:34:24 INFO:DUKASCRIPT:current timestamp :2026-02-13T21:45:00
2026-08-27 23:34:24 INFO:DUKASCRIPT:current timestamp :2026-03-16T18:45:00
2026-08-27 23:34:24 INFO:DUKASCRIPT:current timestamp :2026-04-14T18:00:00
2026-08-27 23:34:24 INFO:DUKASCRIPT:current timestamp :2026-05-13T16:15:00
2026-08-27 23:34:24 INFO:DUKASCRIPT:current timestamp :2026-06-11T14:45:00
2026-08-27 23:34:24 INFO:DUKASCRIPT:current timestamp :2026-07-10T13:30:00
2026-08-27 23:34:24 INFO:DUKASCRIPT:current timestamp :2026-08-10T13:00:00
2026-08-27 23:34:24 INFO:DUKASCRIPT:current timestamp :2026-08-27T23:00:00
2026-08-27 23:34:24 INFO:DUKASCRIPT:current timestamp :2025-09-30T21:35:00
2026-08-27 23:34:24 INFO:DUKASCRIPT:current timestamp :2025-12-29T14:45:00
2026-08-27 23:34:24 INFO:DUKASCRIPT:current timestamp :2026-03-20T14:40:00
2026-08-27 23:34:24 INFO:DUKASCRIPT:current timestamp :2026-05-29T09:25:00
2026-08-27 23:34:24 INFO:DUKASCRIPT:current timestamp :2026-08-11T16:30:00
2026-08-27 23:34:24 INFO:DUKASCRIPT:current timestamp :2026-08-27T21:55:00
2026-08-27 23:34:24 INFO:DUKASCRIPT:current timestamp :2025-10-01T13:00:00
2026-08-27 23:34:24 INFO:DUKASCRIPT:current timestamp :2025-12-11T19:30:00
2026-08-27 23:34:24 INFO:DUKASCRIPT:current timestamp :2026-02-27T15:25:00
2026-08-27 23:34:24 INFO:DUKASCRIPT:current timestamp :2026-04-28T14:30:00
2026-08-27 23:34:24 INFO:DUKASCRIPT:current timestamp :2026-07-07T22:05:00
2026-08-27 23:34:24 INFO:DUKASCRIPT:current timestamp :2026-08-27T22:25:00
2026-08-27 23:34:24 ERROR:tvDatafeed.main:error while signin
2026-08-27 23:34:24 WARNING:tvDatafeed.main:you are using nologin method, data you access may be limited
2026-08-27 23:34:24 INFO:DUKASCRIPT:current timestamp :2026-08-26T02:00:00
2026-08-27 23:34:24 INFO:DUKASCRIPT:current timestamp :2026-08-27T22:00:00
2026-08-27 23:34:24 INFO:DUKASCRIPT:current timestamp :2026-08-27T22:00:00
2026-08-27 23:34:24 INFO:DUKASCRIPT:current timestamp :2026-08-27T22:00:00
2026-08-27 23:34:24 INFO:DUKASCRIPT:current timestamp :2026-08-27T18:00:00
2026-08-27 23:34:24 INFO:DUKASCRIPT:current timestamp :2026-08-27T18:00:00
2026-08-27 23:34:24 INFO:DUKASCRIPT:current timestamp :2026-08-27T18:00:00
2026-08-27 23:34:24 INFO:DUKASCRIPT:current timestamp :2026-08-27T22:00:00
2026-08-27 23:34:24 INFO:DUKASCRIPT:current timestamp :2026-06-29T20:45:00
2026-08-27 23:34:24 INFO:DUKASCRIPT:current timestamp :2026-07-29T18:30:00
2026-08-27 23:34:24 INFO:DUKASCRIPT:current timestamp :2026-08-27T22:45:00
2026-08-27 23:34:24 INFO:DUKASCRIPT:current timestamp :2026-06-29T20:55:00
2026-08-27 23:34:24 INFO:DUKASCRIPT:current timestamp :2026-07-29T18:50:00
2026-08-27 23:34:24 INFO:DUKASCRIPT:current timestamp :2026-08-27T22:55:00
2026-08-27 23:34:24 INFO:DUKASCRIPT:current timestamp :2026-08-27T18:00:00
2026-08-27 23:34:24 INFO:DUKASCRIPT:current timestamp :2026-08-27T18:00:00
2026-08-27 23:34:24 INFO:DUKASCRIPT:current timestamp :2025-05-15T10:30:00
2026-08-27 23:34:24 INFO:DUKASCRIPT:current timestamp :2025-06-17T04:15:00
2026-08-27 23:34:24 INFO:DUKASCRIPT:current timestamp :2025-07-18T05:15:00
2026-08-27 23:34:24 INFO:DUKASCRIPT:current timestamp :2025-08-19T21:30:00
2026-08-27 23:34:24 INFO:DUKASCRIPT:current timestamp :2025-09-19T17:30:00
2026-08-27 23:34:24 INFO:DUKASCRIPT:current timestamp :2025-10-22T12:15:00
2026-08-27 23:34:24 INFO:DUKASCRIPT:current timestamp :2025-11-24T01:15:00
2026-08-27 23:34:24 INFO:DUKASCRIPT:current timestamp :2025-12-26T11:30:00
2026-08-27 23:34:24 INFO:DUKASCRIPT:current timestamp :2026-01-29T04:45:00
2026-08-27 23:34:24 INFO:DUKASCRIPT:current timestamp :2026-03-02T18:15:00
2026-08-27 23:34:24 INFO:DUKASCRIPT:current timestamp :2026-04-02T06:30:00
2026-08-27 23:34:24 INFO:DUKASCRIPT:current timestamp :2026-05-05T17:45:00
2026-08-27 23:34:24 INFO:DUKASCRIPT:current timestamp :2026-06-05T10:15:00
2026-08-27 23:34:24 INFO:DUKASCRIPT:current timestamp :2026-07-08T05:45:00
2026-08-27 23:34:24 INFO:DUKASCRIPT:current timestamp :2026-08-07T16:45:00
2026-08-27 23:34:24 INFO:DUKASCRIPT:current timestamp :2026-08-27T22:00:00
2026-08-27 23:34:24 INFO:DUKASCRIPT:current timestamp :2025-05-15T10:45:00
2026-08-27 23:34:24 INFO:DUKASCRIPT:current timestamp :2025-06-17T04:40:00
2026-08-27 23:34:24 INFO:DUKASCRIPT:current timestamp :2025-07-18T05:55:00
2026-08-27 23:34:24 INFO:DUKASCRIPT:current timestamp :2025-08-20T00:10:00
2026-08-27 23:34:24 INFO:DUKASCRIPT:current timestamp :2025-09-19T18:40:00
2026-08-27 23:34:24 INFO:DUKASCRIPT:current timestamp :2025-10-22T13:45:00
2026-08-27 23:34:24 INFO:DUKASCRIPT:current timestamp :2025-11-24T03:00:00
2026-08-27 23:34:24 INFO:DUKASCRIPT:current timestamp :2025-12-26T13:25:00
2026-08-27 23:34:24 INFO:DUKASCRIPT:current timestamp :2026-01-29T07:00:00
2026-08-27 23:34:24 INFO:DUKASCRIPT:current timestamp :2026-03-02T20:45:00
2026-08-27 23:34:24 INFO:DUKASCRIPT:current timestamp :2026-04-02T09:10:00
2026-08-27 23:34:24 INFO:DUKASCRIPT:current timestamp :2026-05-14T11:00:00
2026-08-27 23:34:24 INFO:DUKASCRIPT:current timestamp :2026-06-16T04:15:00
2026-08-27 23:34:24 INFO:DUKASCRIPT:current timestamp :2026-07-16T21:35:00
2026-08-27 23:34:24 INFO:DUKASCRIPT:current timestamp :2026-08-18T11:55:00
2026-08-27 23:34:24 INFO:DUKASCRIPT:current timestamp :2026-08-27T22:10:00
2026-08-27 23:34:24 INFO:DUKASCRIPT:current timestamp :2025-05-15T10:45:00
2026-08-27 23:34:24 INFO:DUKASCRIPT:current timestamp :2025-06-17T03:30:00
2026-08-27 23:34:24 INFO:DUKASCRIPT:current timestamp :2025-07-18T01:45:00
2026-08-27 23:34:24 INFO:DUKASCRIPT:current timestamp :2025-08-19T12:30:00
2026-08-27 23:34:24 INFO:DUKASCRIPT:current timestamp :2025-05-15T10:45:00
2026-08-27 23:34:24 INFO:DUKASCRIPT:current timestamp :2025-06-17T03:30:00
2026-08-27 23:34:24 INFO:DUKASCRIPT:current timestamp :2025-07-18T01:45:00
2026-08-27 23:34:24 INFO:DUKASCRIPT:current timestamp :2025-08-19T12:30:00
2026-08-27 23:34:24 INFO:DUKASCRIPT:current timestamp :2025-09-19T04:30:00
2026-08-27 23:34:24 INFO:DUKASCRIPT:current timestamp :2025-10-21T15:00:00
2026-08-27 23:34:24 INFO:DUKASCRIPT:current timestamp :2025-11-21T03:00:00
2026-08-27 23:34:24 INFO:DUKASCRIPT:current timestamp :2025-12-24T08:30:00
2026-08-27 23:34:24 INFO:DUKASCRIPT:current timestamp :2026-01-28T02:45:00
2026-08-27 23:34:24 INFO:DUKASCRIPT:current timestamp :2026-02-27T16:30:00
2026-08-27 23:34:24 INFO:DUKASCRIPT:current timestamp :2026-04-01T05:15:00
2026-08-27 23:34:24 INFO:DUKASCRIPT:current timestamp :2026-05-04T16:00:00
2026-08-27 23:34:24 INFO:DUKASCRIPT:current timestamp :2026-06-04T08:45:00
2026-08-27 23:34:24 INFO:DUKASCRIPT:current timestamp :2026-07-07T05:15:00
2026-08-27 23:34:24 INFO:DUKASCRIPT:current timestamp :2026-08-06T15:30:00
2026-08-27 23:34:24 INFO:DUKASCRIPT:current timestamp :2026-08-27T22:00:00
2026-08-27 23:34:24 INFO:DUKASCRIPT:current timestamp :2025-05-15T11:00:00
2026-08-27 23:34:24 INFO:DUKASCRIPT:current timestamp :2025-05-15T11:00:00
2026-08-27 23:34:24 INFO:DUKASCRIPT:current timestamp :2025-06-17T03:55:00
2026-08-27 23:34:24 INFO:DUKASCRIPT:current timestamp :2025-07-18T02:20:00
2026-08-27 23:34:24 INFO:DUKASCRIPT:current timestamp :2025-08-19T13:25:00
2026-08-27 23:34:24 INFO:DUKASCRIPT:current timestamp :2025-09-19T05:35:00
2026-08-27 23:34:24 INFO:DUKASCRIPT:current timestamp :2025-05-15T11:00:00
2026-08-27 23:34:24 INFO:DUKASCRIPT:current timestamp :2025-06-17T03:55:00
2026-08-27 23:34:24 INFO:DUKASCRIPT:current timestamp :2025-07-18T02:20:00
2026-08-27 23:34:24 INFO:DUKASCRIPT:current timestamp :2025-08-19T13:25:00
2026-08-27 23:34:24 INFO:DUKASCRIPT:current timestamp :2025-09-19T05:35:00
2026-08-27 23:34:24 INFO:DUKASCRIPT:current timestamp :2025-10-21T16:25:00
2026-08-27 23:34:24 INFO:DUKASCRIPT:current timestamp :2025-11-21T04:35:00
2026-08-27 23:34:24 INFO:DUKASCRIPT:current timestamp :2025-12-24T10:20:00
2026-08-27 23:34:24 INFO:DUKASCRIPT:current timestamp :2026-01-28T04:55:00
2026-08-27 23:34:24 INFO:DUKASCRIPT:current timestamp :2026-02-27T18:55:00
2026-08-27 23:34:24 INFO:DUKASCRIPT:current timestamp :2026-04-01T07:50:00
2026-08-27 23:34:24 INFO:DUKASCRIPT:current timestamp :2026-05-14T10:50:00
2026-08-27 23:34:24 INFO:DUKASCRIPT:current timestamp :2026-06-16T05:20:00
2026-08-27 23:34:24 INFO:DUKASCRIPT:current timestamp :2026-07-17T00:30:00
2026-08-27 23:34:24 INFO:DUKASCRIPT:current timestamp :2026-08-18T11:15:00
2026-08-27 23:34:24 INFO:DUKASCRIPT:current timestamp :2026-08-27T22:10:00
2026-08-27 23:34:24 INFO:DUKASCRIPT:current timestamp :2025-05-15T12:15:00
2026-08-27 23:34:24 INFO:DUKASCRIPT:current timestamp :2025-06-17T06:30:00
2026-08-27 23:34:24 INFO:DUKASCRIPT:current timestamp :2025-07-18T06:30:00
2026-08-27 23:34:24 INFO:DUKASCRIPT:current timestamp :2025-08-19T18:45:00
2026-08-27 23:34:24 INFO:DUKASCRIPT:current timestamp :2025-09-19T10:45:00
2026-08-27 23:34:24 INFO:DUKASCRIPT:current timestamp :2025-10-21T21:00:00
2026-08-27 23:34:24 INFO:DUKASCRIPT:current timestamp :2025-11-21T09:00:00
2026-08-27 23:34:24 INFO:DUKASCRIPT:current timestamp :2025-12-24T14:00:00
2026-08-27 23:34:24 INFO:DUKASCRIPT:current timestamp :2026-01-28T08:15:00
2026-08-27 23:34:24 INFO:DUKASCRIPT:current timestamp :2026-02-27T21:45:00
2026-08-27 23:34:24 INFO:DUKASCRIPT:current timestamp :2026-04-01T10:15:00
2026-08-27 23:34:24 INFO:DUKASCRIPT:current timestamp :2026-05-04T20:45:00
2026-08-27 23:34:24 INFO:DUKASCRIPT:current timestamp :2026-06-04T13:15:00
2026-08-27 23:34:24 INFO:DUKASCRIPT:current timestamp :2026-07-07T08:45:00
2026-08-27 23:34:24 INFO:DUKASCRIPT:current timestamp :2026-08-06T19:00:00
2026-08-27 23:34:24 INFO:DUKASCRIPT:current timestamp :2026-08-27T22:00:00
2026-08-27 23:34:24 INFO:DUKASCRIPT:current timestamp :2025-05-15T12:25:00
2026-08-27 23:34:24 INFO:DUKASCRIPT:current timestamp :2025-05-15T12:25:00
2026-08-27 23:34:24 INFO:DUKASCRIPT:current timestamp :2025-06-17T07:00:00
2026-08-27 23:34:24 INFO:DUKASCRIPT:current timestamp :2025-05-15T12:25:00
2026-08-27 23:34:24 INFO:DUKASCRIPT:current timestamp :2025-06-17T07:00:00
2026-08-27 23:34:24 INFO:DUKASCRIPT:current timestamp :2025-05-15T12:25:00
2026-08-27 23:34:24 INFO:DUKASCRIPT:current timestamp :2025-05-15T10:30:00
2026-08-27 23:34:24 INFO:DUKASCRIPT:current timestamp :2025-06-17T04:15:00
2026-08-27 23:34:24 INFO:DUKASCRIPT:current timestamp :2025-07-18T05:15:00
2026-08-27 23:34:24 INFO:DUKASCRIPT:current timestamp :2025-08-19T21:30:00
2026-08-27 23:34:24 INFO:DUKASCRIPT:current timestamp :2025-09-19T17:30:00
2026-08-27 23:34:24 INFO:DUKASCRIPT:current timestamp :2025-10-22T12:15:00
2026-08-27 23:34:24 INFO:DUKASCRIPT:current timestamp :2025-11-24T01:15:00
2026-08-27 23:34:24 INFO:DUKASCRIPT:current timestamp :2025-12-26T11:30:00
2026-08-27 23:34:24 INFO:DUKASCRIPT:current timestamp :2026-01-29T04:45:00
2026-08-27 23:34:24 INFO:DUKASCRIPT:current timestamp :2026-03-02T18:15:00
2026-08-27 23:34:24 INFO:DUKASCRIPT:current timestamp :2026-04-02T06:30:00
2026-08-27 23:34:24 INFO:DUKASCRIPT:current timestamp :2026-05-05T17:45:00
2026-08-27 23:34:24 INFO:DUKASCRIPT:current timestamp :2026-06-05T10:15:00
2026-08-27 23:34:24 INFO:DUKASCRIPT:current timestamp :2026-07-08T05:45:00
2026-08-27 23:34:24 INFO:DUKASCRIPT:current timestamp :2026-08-07T16:45:00
2026-08-27 23:34:24 INFO:DUKASCRIPT:current timestamp :2026-08-27T22:00:00
2026-08-27 23:34:24 INFO:DUKASCRIPT:current timestamp :2025-05-15T10:45:00
2026-08-27 23:34:24 INFO:DUKASCRIPT:current timestamp :2025-06-17T04:40:00
2026-08-27 23:34:24 INFO:DUKASCRIPT:current timestamp :2025-07-18T05:55:00
2026-08-27 23:34:24 INFO:DUKASCRIPT:current timestamp :2025-08-20T00:10:00
2026-08-27 23:34:24 INFO:DUKASCRIPT:current timestamp :2025-09-19T18:40:00
2026-08-27 23:34:24 INFO:DUKASCRIPT:current timestamp :2025-10-22T13:45:00
2026-08-27 23:34:24 INFO:DUKASCRIPT:current timestamp :2025-11-24T03:00:00
2026-08-27 23:34:24 INFO:DUKASCRIPT:current timestamp :2025-12-26T13:25:00
2026-08-27 23:34:24 INFO:DUKASCRIPT:current timestamp :2026-01-29T07:00:00
2026-08-27 23:34:24 INFO:DUKASCRIPT:current timestamp :2026-03-02T20:45:00
2026-08-27 23:34:24 INFO:DUKASCRIPT:current timestamp :2026-04-02T09:10:00
2026-08-27 23:34:24 INFO:DUKASCRIPT:current timestamp :2026-05-14T11:00:00
2026-08-27 23:34:24 INFO:DUKASCRIPT:current timestamp :2026-06-16T04:15:00
2026-08-27 23:34:24 INFO:DUKASCRIPT:current timestamp :2026-07-16T21:35:00
2026-08-27 23:34:24 INFO:DUKASCRIPT:current timestamp :2026-08-18T11:55:00
2026-08-27 23:34:24 INFO:DUKASCRIPT:current timestamp :2026-08-27T22:10:00
2026-08-27 23:34:24 INFO:DUKASCRIPT:current timestamp :2025-05-15T10:45:00
2026-08-27 23:34:24 INFO:DUKASCRIPT:current timestamp :2025-06-17T03:30:00
2026-08-27 23:34:24 INFO:DUKASCRIPT:current timestamp :2025-07-18T01:45:00
2026-08-27 23:34:24 INFO:DUKASCRIPT:current timestamp :2025-08-19T12:30:00
2026-08-27 23:34:24 INFO:DUKASCRIPT:current timestamp :2025-05-15T10:45:00
2026-08-27 23:34:24 INFO:DUKASCRIPT:current timestamp :2025-06-17T03:30:00
2026-08-27 23:34:24 INFO:DUKASCRIPT:current timestamp :2025-07-18T01:45:00
2026-08-27 23:34:24 INFO:DUKASCRIPT:current timestamp :2025-08-19T12:30:00
2026-08-27 23:34:24 INFO:DUKASCRIPT:current timestamp :2025-09-19T04:30:00
2026-08-27 23:34:24 INFO:DUKASCRIPT:current timestamp :2025-10-21T15:00:00
2026-08-27 23:34:24 INFO:DUKASCRIPT:current timestamp :2025-11-21T03:00:00
2026-08-27 23:34:24 INFO:DUKASCRIPT:current timestamp :2025-12-24T08:30:00
2026-08-27 23:34:24 INFO:DUKASCRIPT:current timestamp :2026-01-28T02:45:00
2026-08-27 23:34:24 INFO:DUKASCRIPT:current timestamp :2026-02-27T16:30:00
2026-08-27 23:34:24 INFO:DUKASCRIPT:current timestamp :2026-04-01T05:15:00
2026-08-27 23:34:24 INFO:DUKASCRIPT:current timestamp :2026-05-04T16:00:00
2026-08-27 23:34:24 INFO:DUKASCRIPT:current timestamp :2026-06-04T08:45:00
2026-08-27 23:34:24 INFO:DUKASCRIPT:current timestamp :2026-07-07T05:15:00
2026-08-27 23:34:24 INFO:DUKASCRIPT:current timestamp :2026-08-06T15:30:00
2026-08-27 23:34:24 INFO:DUKASCRIPT:current timestamp :2026-08-27T22:00:00
2026-08-27 23:34:24 INFO:DUKASCRIPT:current timestamp :2025-05-15T11:00:00
2026-08-27 23:34:24 INFO:DUKASCRIPT:current timestamp :2025-06-17T03:55:00
2026-08-27 23:34:24 INFO:DUKASCRIPT:current timestamp :2025-07-18T02:20:00
2026-08-27 23:34:24 INFO:DUKASCRIPT:current timestamp :2025-08-19T13:25:00
2026-08-27 23:34:24 INFO:DUKASCRIPT:current timestamp :2025-09-19T05:35:00
2026-08-27 23:34:24 INFO:DUKASCRIPT:current timestamp :2025-10-21T16:25:00
2026-08-27 23:34:24 INFO:DUKASCRIPT:current timestamp :2025-11-21T04:35:00
2026-08-27 23:34:24 INFO:DUKASCRIPT:current timestamp :2025-12-24T10:20:00
2026-08-27 23:34:24 INFO:DUKASCRIPT:current timestamp :2026-01-28T04:55:00
2026-08-27 23:34:24 INFO:DUKASCRIPT:current timestamp :2026-02-27T18:55:00
2026-08-27 23:34:24 INFO:DUKASCRIPT:current timestamp :2026-04-01T07:50:00
2026-08-27 23:34:24 INFO:DUKASCRIPT:current timestamp :2026-05-14T10:50:00
2026-08-27 23:34:24 INFO:DUKASCRIPT:current timestamp :2026-06-16T05:20:00
2026-08-27 23:34:24 INFO:DUKASCRIPT:current timestamp :2026-07-17T00:30:00
2026-08-27 23:34:24 INFO:DUKASCRIPT:current timestamp :2026-08-18T11:15:00
2026-08-27 23:34:24 INFO:DUKASCRIPT:current timestamp :2026-08-27T22:10:00
2026-08-27 23:34:24 INFO:DUKASCRIPT:current timestamp :2025-05-15T12:15:00
2026-08-27 23:34:24 INFO:DUKASCRIPT:current timestamp :2025-06-17T06:30:00
2026-08-27 23:34:24 INFO:DUKASCRIPT:current timestamp :2025-07-18T06:30:00
2026-08-27 23:34:24 INFO:DUKASCRIPT:current timestamp :2025-08-19T18:45:00
2026-08-27 23:34:24 INFO:DUKASCRIPT:current timestamp :2025-09-19T10:45:00
2026-08-27 23:34:24 INFO:DUKASCRIPT:current timestamp :2025-10-21T21:00:00
2026-08-27 23:34:24 INFO:DUKASCRIPT:current timestamp :2025-11-21T09:00:00
2026-08-27 23:34:24 INFO:DUKASCRIPT:current timestamp :2025-12-24T14:00:00
2026-08-27 23:34:24 INFO:DUKASCRIPT:current timestamp :2026-01-28T08:15:00
2026-08-27 23:34:24 INFO:DUKASCRIPT:current timestamp :2026-02-27T21:45:00
2026-08-27 23:34:24 INFO:DUKASCRIPT:current timestamp :2026-04-01T10:15:00
2026-08-27 23:34:24 INFO:DUKASCRIPT:current timestamp :2026-05-04T20:45:00
2026-08-27 23:34:24 INFO:DUKASCRIPT:current timestamp :2026-06-04T13:15:00
2026-08-27 23:34:24 INFO:DUKASCRIPT:current timestamp :2026-07-07T08:45:00
2026-08-27 23:34:24 INFO:DUKASCRIPT:current timestamp :2026-08-06T19:00:00
2026-08-27 23:34:24 INFO:DUKASCRIPT:current timestamp :2026-08-27T22:00:00
2026-08-27 23:34:24 INFO:DUKASCRIPT:current timestamp :2025-05-15T12:25:00
2026-08-27 23:34:24 INFO:DUKASCRIPT:current timestamp :2025-06-17T07:00:00
2026-08-27 23:34:24 INFO:DUKASCRIPT:current timestamp :2025-07-18T07:15:00
2026-08-27 23:34:24 INFO:DUKASCRIPT:current timestamp :2025-08-19T19:50:00
2026-08-27 23:34:24 INFO:DUKASCRIPT:current timestamp :2025-09-19T12:05:00
2026-08-27 23:34:24 INFO:DUKASCRIPT:current timestamp :2025-10-22T00:25:00
2026-08-27 23:34:24 INFO:DUKASCRIPT:current timestamp :2025-11-21T10:50:00
2026-08-27 23:34:24 INFO:DUKASCRIPT:current timestamp :2025-12-24T16:00:00
2026-08-27 23:34:24 INFO:DUKASCRIPT:current timestamp :2026-01-28T10:25:00
2026-08-27 23:34:24 INFO:DUKASCRIPT:current timestamp :2026-03-02T01:50:00
2026-08-27 23:34:24 INFO:DUKASCRIPT:current timestamp :2026-04-01T12:55:00
2026-08-27 23:34:24 INFO:DUKASCRIPT:current timestamp :2026-05-14T10:30:00
2026-08-27 23:34:24 INFO:DUKASCRIPT:current timestamp :2026-06-16T04:25:00
2026-08-27 23:34:24 INFO:DUKASCRIPT:current timestamp :2026-07-16T21:20:00
2026-08-27 23:34:24 INFO:DUKASCRIPT:current timestamp :2026-08-18T09:30:00
2026-08-27 23:34:24 INFO:DUKASCRIPT:current timestamp :2026-08-27T22:10:00
2026-08-27 23:34:24 {
2026-08-27 23:34:24   "date": "2026-08-27 21:25:05.852674",
2026-08-27 23:34:24   "equity": 99952.73840853585,
2026-08-27 23:34:24   "current_dd": -0.00047261591464153874,
2026-08-27 23:34:24   "kill_switch_active": false,
2026-08-27 23:34:24   "n_trades": 0
2026-08-27 23:34:24 }
2026-08-27 23:34:24 ---
2026-08-27 23:34:24 [EK Portfolio] ­ƒö¦ OU-Modell Tagesrendite 2026-08-27 (echt, Konto 1+3): -0.38%
2026-08-27 23:34:24 [main bdd199c] EK Portfolio Bot: Snapshot 2026-08-27 23:34
2026-08-27 23:34:24  3 files changed, 415 insertions(+)
2026-08-27 23:34:24  create mode 100644 ek_portfolio_logs/heartbeat.csv
2026-08-27 23:34:24  create mode 100644 ek_portfolio_logs/paper_state.json
2026-08-27 23:34:24  create mode 100644 ek_portfolio_logs/task_run.log
2026-08-27 23:34:27 To https://github.com/AndrowDeluxe/Forex-Backtesting.git
2026-08-27 23:34:27    1b48562..bdd199c  main -> main
2026-08-27 23:34:27 Commit + Push erfolgreich.
2026-08-27 23:34:27 === EK-Portfolio-Task beendet ===
2026-08-28 06:50:28 === EK-Portfolio-Task gestartet ===
2026-08-28 06:58:05 INFO:DUKASCRIPT:current timestamp :2026-08-28T06:30:00
2026-08-28 06:58:05 INFO:DUKASCRIPT:current timestamp :2026-08-28T06:30:00
2026-08-28 06:58:05 INFO:DUKASCRIPT:current timestamp :2026-08-27T02:00:00
2026-08-28 06:58:05 INFO:DUKASCRIPT:current timestamp :2025-08-21T21:15:00
2026-08-28 06:58:05 INFO:DUKASCRIPT:current timestamp :2025-09-19T19:10:00
2026-08-28 06:58:05 INFO:DUKASCRIPT:current timestamp :2025-10-20T16:55:00
2026-08-28 06:58:05 INFO:DUKASCRIPT:current timestamp :2025-11-18T14:35:00
2026-08-28 06:58:05 INFO:DUKASCRIPT:current timestamp :2025-12-17T12:30:00
2026-08-28 06:58:05 INFO:DUKASCRIPT:current timestamp :2026-01-19T07:00:00
2026-08-28 06:58:05 INFO:DUKASCRIPT:current timestamp :2026-02-17T04:30:00
2026-08-28 06:58:05 INFO:DUKASCRIPT:current timestamp :2026-03-18T00:25:00
2026-08-28 06:58:05 INFO:DUKASCRIPT:current timestamp :2026-04-15T23:00:00
2026-08-28 06:58:05 INFO:DUKASCRIPT:current timestamp :2026-05-14T21:05:00
2026-08-28 06:58:05 INFO:DUKASCRIPT:current timestamp :2026-06-12T19:40:00
2026-08-28 06:58:05 INFO:DUKASCRIPT:current timestamp :2026-07-13T18:15:00
2026-08-28 06:58:05 INFO:DUKASCRIPT:current timestamp :2026-08-11T16:15:00
2026-08-28 06:58:05 INFO:DUKASCRIPT:current timestamp :2026-08-28T06:45:00
2026-08-28 06:58:05 INFO:DUKASCRIPT:current timestamp :2025-08-21T23:00:00
2026-08-28 06:58:05 INFO:DUKASCRIPT:current timestamp :2025-09-19T22:00:00
2026-08-28 06:58:05 INFO:DUKASCRIPT:current timestamp :2025-10-20T20:45:00
2026-08-28 06:58:05 INFO:DUKASCRIPT:current timestamp :2025-11-18T20:00:00
2026-08-28 06:58:05 INFO:DUKASCRIPT:current timestamp :2025-12-17T19:00:00
2026-08-28 06:58:05 INFO:DUKASCRIPT:current timestamp :2025-08-21T21:15:00
2026-08-28 06:58:05 INFO:DUKASCRIPT:current timestamp :2025-09-19T19:10:00
2026-08-28 06:58:05 INFO:DUKASCRIPT:current timestamp :2025-10-20T16:55:00
2026-08-28 06:58:05 INFO:DUKASCRIPT:current timestamp :2025-11-18T14:35:00
2026-08-28 06:58:05 INFO:DUKASCRIPT:current timestamp :2025-12-17T12:30:00
2026-08-28 06:58:05 INFO:DUKASCRIPT:current timestamp :2026-08-27T02:00:00
2026-08-28 06:58:05 INFO:DUKASCRIPT:current timestamp :2026-08-28T05:00:00
2026-08-28 06:58:05 INFO:DUKASCRIPT:current timestamp :2026-08-28T05:00:00
2026-08-28 06:58:05 INFO:DUKASCRIPT:current timestamp :2026-08-27T02:00:00
2026-08-28 06:58:05 INFO:DUKASCRIPT:current timestamp :2026-08-28T05:00:00
2026-08-28 06:58:05 INFO:DUKASCRIPT:current timestamp :2026-08-28T02:00:00
2026-08-28 06:58:05 INFO:DUKASCRIPT:current timestamp :2026-08-28T02:00:00
2026-08-28 06:58:05 INFO:DUKASCRIPT:current timestamp :2026-08-28T05:00:00
2026-08-28 06:58:05 INFO:DUKASCRIPT:current timestamp :2026-08-28T02:00:00
2026-08-28 06:58:05 INFO:DUKASCRIPT:current timestamp :2026-08-28T02:00:00
2026-08-28 06:58:05 INFO:DUKASCRIPT:current timestamp :2025-05-16T10:30:00
2026-08-28 06:58:05 INFO:DUKASCRIPT:current timestamp :2025-06-18T04:00:00
2026-08-28 06:58:05 INFO:DUKASCRIPT:current timestamp :2025-07-21T05:15:00
2026-08-28 06:58:05 INFO:DUKASCRIPT:current timestamp :2025-08-20T21:15:00
2026-08-28 06:58:05 INFO:DUKASCRIPT:current timestamp :2025-05-16T10:30:00
2026-08-28 06:58:05 INFO:DUKASCRIPT:current timestamp :2025-06-18T04:00:00
2026-08-28 06:58:05 INFO:DUKASCRIPT:current timestamp :2025-07-21T05:15:00
2026-08-28 06:58:05 INFO:DUKASCRIPT:current timestamp :2025-08-20T21:15:00
2026-08-28 06:58:05 INFO:DUKASCRIPT:current timestamp :2025-09-22T17:30:00
2026-08-28 06:58:05 INFO:DUKASCRIPT:current timestamp :2025-10-23T12:15:00
2026-08-28 06:58:05 INFO:DUKASCRIPT:current timestamp :2025-11-25T01:15:00
2026-08-28 06:58:05 INFO:DUKASCRIPT:current timestamp :2025-12-29T11:30:00
2026-08-28 06:58:05 INFO:DUKASCRIPT:current timestamp :2026-01-30T04:45:00
2026-08-28 06:58:05 INFO:DUKASCRIPT:current timestamp :2026-03-03T18:15:00
2026-08-28 06:58:05 INFO:DUKASCRIPT:current timestamp :2026-04-06T06:30:00
2026-08-28 06:58:05 INFO:DUKASCRIPT:current timestamp :2026-05-06T17:45:00
2026-08-28 06:58:05 INFO:DUKASCRIPT:current timestamp :2026-06-08T10:15:00
2026-08-28 06:58:05 INFO:DUKASCRIPT:current timestamp :2026-07-09T05:45:00
2026-08-28 06:58:05 INFO:DUKASCRIPT:current timestamp :2025-05-16T10:30:00
2026-08-28 06:58:05 INFO:DUKASCRIPT:current timestamp :2025-06-18T04:00:00
2026-08-28 06:58:05 INFO:DUKASCRIPT:current timestamp :2025-07-21T05:15:00
2026-08-28 06:58:05 INFO:DUKASCRIPT:current timestamp :2025-08-20T21:15:00
2026-08-28 06:58:05 INFO:DUKASCRIPT:current timestamp :2025-09-22T17:30:00
2026-08-28 06:58:05 INFO:DUKASCRIPT:current timestamp :2025-10-23T12:15:00
2026-08-28 06:58:05 INFO:DUKASCRIPT:current timestamp :2025-05-16T10:30:00
2026-08-28 06:58:05 INFO:DUKASCRIPT:current timestamp :2025-06-18T04:00:00
2026-08-28 06:58:05 INFO:DUKASCRIPT:current timestamp :2025-07-21T05:15:00
2026-08-28 06:58:05 INFO:DUKASCRIPT:current timestamp :2025-08-20T21:15:00
2026-08-28 06:58:05 INFO:DUKASCRIPT:current timestamp :2025-09-22T17:30:00
2026-08-28 06:58:05 INFO:DUKASCRIPT:current timestamp :2025-10-23T12:15:00
2026-08-28 06:58:05 INFO:DUKASCRIPT:current timestamp :2025-05-16T10:30:00
2026-08-28 06:58:05 INFO:DUKASCRIPT:current timestamp :2025-06-18T04:00:00
2026-08-28 06:58:05 INFO:DUKASCRIPT:current timestamp :2025-07-21T05:15:00
2026-08-28 06:58:05 INFO:DUKASCRIPT:current timestamp :2025-08-20T21:15:00
2026-08-28 06:58:05 INFO:DUKASCRIPT:current timestamp :2025-09-22T17:30:00
2026-08-28 06:58:05 INFO:DUKASCRIPT:current timestamp :2025-10-23T12:15:00
2026-08-28 06:58:05 INFO:DUKASCRIPT:current timestamp :2025-11-25T01:15:00
2026-08-28 06:58:05 INFO:DUKASCRIPT:current timestamp :2025-12-29T11:30:00
2026-08-28 06:58:05 INFO:DUKASCRIPT:current timestamp :2026-01-30T04:45:00
2026-08-28 06:58:05 INFO:DUKASCRIPT:current timestamp :2026-03-03T18:15:00
2026-08-28 06:58:05 INFO:DUKASCRIPT:current timestamp :2025-05-16T10:30:00
2026-08-28 06:58:05 INFO:DUKASCRIPT:current timestamp :2025-06-18T04:00:00
2026-08-28 06:58:05 INFO:DUKASCRIPT:current timestamp :2025-07-21T05:15:00
2026-08-28 06:58:05 INFO:DUKASCRIPT:current timestamp :2025-08-20T21:15:00
2026-08-28 06:58:05 INFO:DUKASCRIPT:current timestamp :2025-09-22T17:30:00
2026-08-28 06:58:05 INFO:DUKASCRIPT:current timestamp :2025-10-23T12:15:00
2026-08-28 06:58:05 INFO:DUKASCRIPT:current timestamp :2025-11-25T01:15:00
2026-08-28 06:58:05 INFO:DUKASCRIPT:current timestamp :2025-12-29T11:30:00
2026-08-28 06:58:05 INFO:DUKASCRIPT:current timestamp :2026-01-30T04:45:00
2026-08-28 06:58:05 INFO:DUKASCRIPT:current timestamp :2026-03-03T18:15:00
2026-08-28 06:58:05 INFO:DUKASCRIPT:current timestamp :2026-04-06T06:30:00
2026-08-28 06:58:05 INFO:DUKASCRIPT:current timestamp :2026-05-06T17:45:00
2026-08-28 06:58:05 INFO:DUKASCRIPT:current timestamp :2026-06-08T10:15:00
2026-08-28 06:58:05 INFO:DUKASCRIPT:current timestamp :2026-07-09T05:45:00
2026-08-28 06:58:05 INFO:DUKASCRIPT:current timestamp :2026-08-10T16:45:00
2026-08-28 06:58:05 INFO:DUKASCRIPT:current timestamp :2026-08-28T06:30:00
2026-08-28 06:58:05 INFO:DUKASCRIPT:current timestamp :2025-05-16T10:50:00
2026-08-28 06:58:05 INFO:DUKASCRIPT:current timestamp :2025-06-18T04:40:00
2026-08-28 06:58:05 INFO:DUKASCRIPT:current timestamp :2025-07-21T06:25:00
2026-08-28 06:58:05 INFO:DUKASCRIPT:current timestamp :2025-08-21T00:10:00
2026-08-28 06:58:05 INFO:DUKASCRIPT:current timestamp :2025-09-22T18:50:00
2026-08-28 06:58:05 INFO:DUKASCRIPT:current timestamp :2025-10-23T13:50:00
2026-08-28 06:58:05 INFO:DUKASCRIPT:current timestamp :2025-11-25T03:00:00
2026-08-28 06:58:05 INFO:DUKASCRIPT:current timestamp :2025-05-16T10:50:00
2026-08-28 06:58:05 INFO:DUKASCRIPT:current timestamp :2025-06-18T04:40:00
2026-08-28 06:58:05 INFO:DUKASCRIPT:current timestamp :2025-07-21T06:25:00
2026-08-28 06:58:05 INFO:DUKASCRIPT:current timestamp :2025-08-21T00:10:00
2026-08-28 06:58:05 INFO:DUKASCRIPT:current timestamp :2025-09-22T18:50:00
2026-08-28 06:58:05 INFO:DUKASCRIPT:current timestamp :2025-10-23T13:50:00
2026-08-28 06:58:05 INFO:DUKASCRIPT:current timestamp :2025-11-25T03:00:00
2026-08-28 06:58:05 INFO:DUKASCRIPT:current timestamp :2025-12-29T13:35:00
2026-08-28 06:58:05 INFO:DUKASCRIPT:current timestamp :2026-01-30T07:00:00
2026-08-28 06:58:05 INFO:DUKASCRIPT:current timestamp :2026-03-03T20:45:00
2026-08-28 06:58:05 INFO:DUKASCRIPT:current timestamp :2026-04-06T09:10:00
2026-08-28 06:58:05 INFO:DUKASCRIPT:current timestamp :2026-05-15T10:55:00
2026-08-28 06:58:05 INFO:DUKASCRIPT:current timestamp :2026-06-17T04:10:00
2026-08-28 06:58:05 INFO:DUKASCRIPT:current timestamp :2026-07-17T21:30:00
2026-08-28 06:58:05 INFO:DUKASCRIPT:current timestamp :2026-08-19T11:55:00
2026-08-28 06:58:05 INFO:DUKASCRIPT:current timestamp :2026-08-28T06:50:00
2026-08-28 06:58:05 INFO:DUKASCRIPT:current timestamp :2025-05-16T10:45:00
2026-08-28 06:58:05 INFO:DUKASCRIPT:current timestamp :2025-06-18T03:15:00
2026-08-28 06:58:05 INFO:DUKASCRIPT:current timestamp :2025-07-21T01:30:00
2026-08-28 06:58:05 INFO:DUKASCRIPT:current timestamp :2025-08-20T12:15:00
2026-08-28 06:58:05 INFO:DUKASCRIPT:current timestamp :2025-09-22T04:15:00
2026-08-28 06:58:05 INFO:DUKASCRIPT:current timestamp :2025-10-22T14:45:00
2026-08-28 06:58:05 INFO:DUKASCRIPT:current timestamp :2025-11-24T02:45:00
2026-08-28 06:58:05 INFO:DUKASCRIPT:current timestamp :2025-12-26T11:15:00
2026-08-28 06:58:05 INFO:DUKASCRIPT:current timestamp :2026-01-29T02:30:00
2026-08-28 06:58:05 INFO:DUKASCRIPT:current timestamp :2026-03-02T16:15:00
2026-08-28 06:58:05 INFO:DUKASCRIPT:current timestamp :2026-04-02T05:00:00
2026-08-28 06:58:05 INFO:DUKASCRIPT:current timestamp :2026-05-05T15:45:00
2026-08-28 06:58:05 INFO:DUKASCRIPT:current timestamp :2026-06-05T08:30:00
2026-08-28 06:58:05 INFO:DUKASCRIPT:current timestamp :2026-07-08T05:00:00
2026-08-28 06:58:05 INFO:DUKASCRIPT:current timestamp :2026-08-07T15:15:00
2026-08-28 06:58:05 INFO:DUKASCRIPT:current timestamp :2026-08-28T06:30:00
2026-08-28 06:58:05 INFO:DUKASCRIPT:current timestamp :2025-05-16T11:00:00
2026-08-28 06:58:05 INFO:DUKASCRIPT:current timestamp :2025-06-18T03:50:00
2026-08-28 06:58:05 INFO:DUKASCRIPT:current timestamp :2025-07-21T02:15:00
2026-08-28 06:58:05 INFO:DUKASCRIPT:current timestamp :2025-08-20T13:20:00
2026-08-28 06:58:05 INFO:DUKASCRIPT:current timestamp :2025-09-22T05:30:00
2026-08-28 06:58:05 INFO:DUKASCRIPT:current timestamp :2025-10-22T16:20:00
2026-08-28 06:58:05 INFO:DUKASCRIPT:current timestamp :2025-11-24T04:30:00
2026-08-28 06:58:05 INFO:DUKASCRIPT:current timestamp :2025-05-16T11:00:00
2026-08-28 06:58:05 INFO:DUKASCRIPT:current timestamp :2025-06-18T03:50:00
2026-08-28 06:58:05 INFO:DUKASCRIPT:current timestamp :2025-07-21T02:15:00
2026-08-28 06:58:05 INFO:DUKASCRIPT:current timestamp :2025-08-20T13:20:00
2026-08-28 06:58:05 INFO:DUKASCRIPT:current timestamp :2025-09-22T05:30:00
2026-08-28 06:58:05 INFO:DUKASCRIPT:current timestamp :2025-10-22T16:20:00
2026-08-28 06:58:05 INFO:DUKASCRIPT:current timestamp :2025-11-24T04:30:00
2026-08-28 06:58:05 INFO:DUKASCRIPT:current timestamp :2025-12-26T13:20:00
2026-08-28 06:58:05 INFO:DUKASCRIPT:current timestamp :2026-01-29T04:50:00
2026-08-28 06:58:05 INFO:DUKASCRIPT:current timestamp :2026-03-02T18:50:00
2026-08-28 06:58:05 INFO:DUKASCRIPT:current timestamp :2026-04-02T07:45:00
2026-08-28 06:58:05 INFO:DUKASCRIPT:current timestamp :2026-05-15T10:45:00
2026-08-28 06:58:05 INFO:DUKASCRIPT:current timestamp :2026-06-17T05:15:00
2026-08-28 06:58:05 INFO:DUKASCRIPT:current timestamp :2026-07-20T00:25:00
2026-08-28 06:58:05 INFO:DUKASCRIPT:current timestamp :2026-08-19T11:10:00
2026-08-28 06:58:05 INFO:DUKASCRIPT:current timestamp :2026-08-28T06:50:00
2026-08-28 06:58:05 INFO:DUKASCRIPT:current timestamp :2025-05-16T12:15:00
2026-08-28 06:58:05 INFO:DUKASCRIPT:current timestamp :2025-06-18T06:30:00
2026-08-28 06:58:05 INFO:DUKASCRIPT:current timestamp :2025-07-21T06:30:00
2026-08-28 06:58:05 INFO:DUKASCRIPT:current timestamp :2025-08-20T18:45:00
2026-08-28 06:58:05 INFO:DUKASCRIPT:current timestamp :2025-09-22T10:45:00
2026-08-28 06:58:05 INFO:DUKASCRIPT:current timestamp :2025-10-22T21:00:00
2026-08-28 06:58:05 INFO:DUKASCRIPT:current timestamp :2025-11-24T09:00:00
2026-08-28 06:58:05 INFO:DUKASCRIPT:current timestamp :2025-12-26T17:00:00
2026-08-28 06:58:05 INFO:DUKASCRIPT:current timestamp :2026-01-29T08:15:00
2026-08-28 06:58:05 INFO:DUKASCRIPT:current timestamp :2026-03-02T21:45:00
2026-08-28 06:58:05 INFO:DUKASCRIPT:current timestamp :2026-04-02T10:15:00
2026-08-28 06:58:05 INFO:DUKASCRIPT:current timestamp :2026-05-05T20:30:00
2026-08-28 06:58:05 INFO:DUKASCRIPT:current timestamp :2026-06-05T13:00:00
2026-08-28 06:58:05 INFO:DUKASCRIPT:current timestamp :2026-07-08T08:30:00
2026-08-28 06:58:05 INFO:DUKASCRIPT:current timestamp :2026-08-07T18:45:00
2026-08-28 06:58:05 INFO:DUKASCRIPT:current timestamp :2026-08-28T06:30:00
2026-08-28 06:58:05 INFO:DUKASCRIPT:current timestamp :2025-05-16T12:25:00
2026-08-28 06:58:05 INFO:DUKASCRIPT:current timestamp :2025-06-18T07:00:00
2026-08-28 06:58:05 INFO:DUKASCRIPT:current timestamp :2025-07-21T07:15:00
2026-08-28 06:58:05 INFO:DUKASCRIPT:current timestamp :2025-08-20T19:45:00
2026-08-28 06:58:05 INFO:DUKASCRIPT:current timestamp :2025-09-22T11:55:00
2026-08-28 06:58:05 INFO:DUKASCRIPT:current timestamp :2025-10-23T00:15:00
2026-08-28 06:58:05 INFO:DUKASCRIPT:current timestamp :2025-11-24T10:40:00
2026-08-28 06:58:05 INFO:DUKASCRIPT:current timestamp :2025-12-26T18:55:00
2026-08-28 06:58:05 INFO:DUKASCRIPT:current timestamp :2026-01-29T10:20:00
2026-08-28 06:58:05 INFO:DUKASCRIPT:current timestamp :2026-03-03T01:45:00
2026-08-28 06:58:05 INFO:DUKASCRIPT:current timestamp :2026-04-02T12:50:00
2026-08-28 06:58:05 INFO:DUKASCRIPT:current timestamp :2026-05-15T10:30:00
2026-08-28 06:58:05 INFO:DUKASCRIPT:current timestamp :2026-06-17T04:25:00
2026-08-28 06:58:05 INFO:DUKASCRIPT:current timestamp :2026-07-17T21:20:00
2026-08-28 06:58:05 INFO:DUKASCRIPT:current timestamp :2026-08-19T09:30:00
2026-08-28 06:58:05 INFO:DUKASCRIPT:current timestamp :2026-08-28T06:50:00
2026-08-28 06:58:05 {
2026-08-28 06:58:05   "date": "2026-08-28 04:50:29.530748",
2026-08-28 06:58:05   "equity": 99952.73840853585,
2026-08-28 06:58:05   "current_dd": -0.00047261591464153874,
2026-08-28 06:58:05   "kill_switch_active": false,
2026-08-28 06:58:05   "n_trades": 0
2026-08-28 06:58:05 }
2026-08-28 06:58:05 ---
2026-08-28 06:58:05 [EK Portfolio] ÔÜá´©Å CLS-Practical-Scan fehlgeschlagen: 0
2026-08-28 06:58:05 ---
2026-08-28 06:58:05 [EK Portfolio] ÔÜá´©Å Trend-Pullback-Scan fehlgeschlagen: '>' not supported between instances of 'str' and 'float'
2026-08-28 06:58:05 ---
2026-08-28 06:58:05 [EK Portfolio] ÔÜá´©Å CTNL-Edge-Scan fehlgeschlagen: 0
2026-08-28 06:58:05 [main 1b3c73e] EK Portfolio Bot: Snapshot 2026-08-28 06:58
2026-08-28 06:58:05  3 files changed, 205 insertions(+), 2 deletions(-)
2026-08-28 06:58:07 To https://github.com/AndrowDeluxe/Forex-Backtesting.git
2026-08-28 06:58:07    62db378..1b3c73e  main -> main
2026-08-28 06:58:07 Commit + Push erfolgreich.
2026-08-28 06:58:07 === EK-Portfolio-Task beendet ===
2026-08-28 07:25:05 === EK-Portfolio-Task gestartet ===
2026-08-28 07:26:52 INFO:DUKASCRIPT:current timestamp :2026-08-28T07:00:00
2026-08-28 07:26:52 INFO:DUKASCRIPT:current timestamp :2026-08-28T07:00:00
2026-08-28 07:26:52 INFO:DUKASCRIPT:current timestamp :2026-08-27T02:00:00
2026-08-28 07:26:52 INFO:DUKASCRIPT:current timestamp :2025-08-21T21:15:00
2026-08-28 07:26:52 INFO:DUKASCRIPT:current timestamp :2025-09-19T19:10:00
2026-08-28 07:26:52 INFO:DUKASCRIPT:current timestamp :2025-10-20T16:55:00
2026-08-28 07:26:52 INFO:DUKASCRIPT:current timestamp :2025-11-18T14:35:00
2026-08-28 07:26:52 INFO:DUKASCRIPT:current timestamp :2025-12-17T12:30:00
2026-08-28 07:26:52 INFO:DUKASCRIPT:current timestamp :2026-01-19T07:00:00
2026-08-28 07:26:52 INFO:DUKASCRIPT:current timestamp :2026-02-17T04:30:00
2026-08-28 07:26:52 INFO:DUKASCRIPT:current timestamp :2026-03-18T00:25:00
2026-08-28 07:26:52 INFO:DUKASCRIPT:current timestamp :2026-04-15T23:00:00
2026-08-28 07:26:52 INFO:DUKASCRIPT:current timestamp :2026-05-14T21:05:00
2026-08-28 07:26:52 INFO:DUKASCRIPT:current timestamp :2026-06-12T19:40:00
2026-08-28 07:26:52 INFO:DUKASCRIPT:current timestamp :2026-07-13T18:15:00
2026-08-28 07:26:52 INFO:DUKASCRIPT:current timestamp :2026-08-11T16:15:00
2026-08-28 07:26:52 INFO:DUKASCRIPT:current timestamp :2026-08-28T07:20:00
2026-08-28 07:26:52 INFO:DUKASCRIPT:current timestamp :2025-08-21T23:00:00
2026-08-28 07:26:52 INFO:DUKASCRIPT:current timestamp :2025-09-19T22:00:00
2026-08-28 07:26:52 INFO:DUKASCRIPT:current timestamp :2025-10-20T20:45:00
2026-08-28 07:26:52 INFO:DUKASCRIPT:current timestamp :2025-11-18T20:00:00
2026-08-28 07:26:52 INFO:DUKASCRIPT:current timestamp :2025-12-17T19:00:00
2026-08-28 07:26:52 INFO:DUKASCRIPT:current timestamp :2026-01-19T13:00:00
2026-08-28 07:26:52 INFO:DUKASCRIPT:current timestamp :2026-02-17T11:15:00
2026-08-28 07:26:52 INFO:DUKASCRIPT:current timestamp :2026-03-18T07:30:00
2026-08-28 07:26:52 INFO:DUKASCRIPT:current timestamp :2026-04-16T06:30:00
2026-08-28 07:26:52 INFO:DUKASCRIPT:current timestamp :2026-05-15T05:00:00
2026-08-28 07:26:52 INFO:DUKASCRIPT:current timestamp :2026-06-15T03:45:00
2026-08-28 07:26:52 INFO:DUKASCRIPT:current timestamp :2026-07-14T02:00:00
2026-08-28 07:26:52 INFO:DUKASCRIPT:current timestamp :2026-08-11T23:45:00
2026-08-28 07:26:52 INFO:DUKASCRIPT:current timestamp :2026-08-28T07:00:00
2026-08-28 07:26:52 INFO:DUKASCRIPT:current timestamp :2025-08-21T22:00:00
2026-08-28 07:26:52 INFO:DUKASCRIPT:current timestamp :2025-09-19T20:00:00
2026-08-28 07:26:52 INFO:DUKASCRIPT:current timestamp :2025-10-20T17:30:00
2026-08-28 07:26:52 INFO:DUKASCRIPT:current timestamp :2025-11-18T15:15:00
2026-08-28 07:26:52 INFO:DUKASCRIPT:current timestamp :2025-12-17T12:00:00
2026-08-28 07:26:52 INFO:DUKASCRIPT:current timestamp :2026-01-19T03:00:00
2026-08-28 07:26:52 INFO:DUKASCRIPT:current timestamp :2026-02-17T00:15:00
2026-08-28 07:26:52 INFO:DUKASCRIPT:current timestamp :2026-03-17T20:15:00
2026-08-28 07:26:52 INFO:DUKASCRIPT:current timestamp :2026-04-15T19:45:00
2026-08-28 07:26:52 INFO:DUKASCRIPT:current timestamp :2026-05-14T17:30:00
2026-08-28 07:26:52 INFO:DUKASCRIPT:current timestamp :2026-06-12T16:15:00
2026-08-28 07:26:52 INFO:DUKASCRIPT:current timestamp :2026-07-13T14:30:00
2026-08-28 07:26:52 INFO:DUKASCRIPT:current timestamp :2026-08-11T11:45:00
2026-08-28 07:26:52 INFO:DUKASCRIPT:current timestamp :2026-08-28T07:00:00
2026-08-28 07:26:52 INFO:DUKASCRIPT:current timestamp :2025-08-21T21:45:00
2026-08-28 07:26:52 INFO:DUKASCRIPT:current timestamp :2025-09-19T20:30:00
2026-08-28 07:26:52 INFO:DUKASCRIPT:current timestamp :2025-10-20T18:45:00
2026-08-28 07:26:52 INFO:DUKASCRIPT:current timestamp :2025-11-18T17:30:00
2026-08-28 07:26:52 INFO:DUKASCRIPT:current timestamp :2025-12-17T16:30:00
2026-08-28 07:26:52 INFO:DUKASCRIPT:current timestamp :2026-01-19T09:15:00
2026-08-28 07:26:52 INFO:DUKASCRIPT:current timestamp :2026-02-17T07:30:00
2026-08-28 07:26:52 INFO:DUKASCRIPT:current timestamp :2026-03-18T03:45:00
2026-08-28 07:26:52 INFO:DUKASCRIPT:current timestamp :2026-04-16T03:30:00
2026-08-28 07:26:52 INFO:DUKASCRIPT:current timestamp :2026-05-15T02:30:00
2026-08-28 07:26:52 INFO:DUKASCRIPT:current timestamp :2026-06-15T01:30:00
2026-08-28 07:26:52 INFO:DUKASCRIPT:current timestamp :2026-07-14T00:45:00
2026-08-28 07:26:52 INFO:DUKASCRIPT:current timestamp :2026-08-11T23:45:00
2026-08-28 07:26:52 INFO:DUKASCRIPT:current timestamp :2026-08-28T07:00:00
2026-08-28 07:26:52 INFO:DUKASCRIPT:current timestamp :2025-08-21T22:45:00
2026-08-28 07:26:52 INFO:DUKASCRIPT:current timestamp :2025-09-19T21:45:00
2026-08-28 07:26:52 INFO:DUKASCRIPT:current timestamp :2025-10-20T20:45:00
2026-08-28 07:26:52 INFO:DUKASCRIPT:current timestamp :2025-11-18T18:00:00
2026-08-28 07:26:52 INFO:DUKASCRIPT:current timestamp :2025-12-17T15:45:00
2026-08-28 07:26:52 INFO:DUKASCRIPT:current timestamp :2026-01-19T09:30:00
2026-08-28 07:26:52 INFO:DUKASCRIPT:current timestamp :2026-02-17T07:30:00
2026-08-28 07:26:52 INFO:DUKASCRIPT:current timestamp :2026-03-18T03:30:00
2026-08-28 07:26:52 INFO:DUKASCRIPT:current timestamp :2026-04-16T02:00:00
2026-08-28 07:26:52 INFO:DUKASCRIPT:current timestamp :2026-05-15T00:00:00
2026-08-28 07:26:52 INFO:DUKASCRIPT:current timestamp :2026-06-12T22:30:00
2026-08-28 07:26:52 INFO:DUKASCRIPT:current timestamp :2026-07-13T21:15:00
2026-08-28 07:26:52 INFO:DUKASCRIPT:current timestamp :2026-08-11T19:45:00
2026-08-28 07:26:52 INFO:DUKASCRIPT:current timestamp :2026-08-28T07:00:00
2026-08-28 07:26:52 INFO:DUKASCRIPT:current timestamp :2025-08-21T21:00:00
2026-08-28 07:26:52 INFO:DUKASCRIPT:current timestamp :2025-09-19T17:45:00
2026-08-28 07:26:52 INFO:DUKASCRIPT:current timestamp :2025-10-20T14:30:00
2026-08-28 07:26:52 INFO:DUKASCRIPT:current timestamp :2025-11-18T11:00:00
2026-08-28 07:26:52 INFO:DUKASCRIPT:current timestamp :2025-12-17T07:45:00
2026-08-28 07:26:52 INFO:DUKASCRIPT:current timestamp :2026-01-19T00:45:00
2026-08-28 07:26:52 INFO:DUKASCRIPT:current timestamp :2026-02-16T22:30:00
2026-08-28 07:26:52 INFO:DUKASCRIPT:current timestamp :2026-03-17T19:00:00
2026-08-28 07:26:52 INFO:DUKASCRIPT:current timestamp :2026-04-15T18:15:00
2026-08-28 07:26:52 INFO:DUKASCRIPT:current timestamp :2026-05-14T16:30:00
2026-08-28 07:26:52 INFO:DUKASCRIPT:current timestamp :2026-06-12T15:00:00
2026-08-28 07:26:52 INFO:DUKASCRIPT:current timestamp :2026-07-13T14:00:00
2026-08-28 07:26:52 INFO:DUKASCRIPT:current timestamp :2026-08-11T13:30:00
2026-08-28 07:26:52 INFO:DUKASCRIPT:current timestamp :2026-08-28T07:00:00
2026-08-28 07:26:52 INFO:DUKASCRIPT:current timestamp :2025-10-02T09:35:00
2026-08-28 07:26:52 INFO:DUKASCRIPT:current timestamp :2026-01-02T10:45:00
2026-08-28 07:26:52 INFO:DUKASCRIPT:current timestamp :2026-03-23T13:10:00
2026-08-28 07:26:52 INFO:DUKASCRIPT:current timestamp :2026-06-01T11:25:00
2026-08-28 07:26:52 INFO:DUKASCRIPT:current timestamp :2026-08-12T16:45:00
2026-08-28 07:26:52 INFO:DUKASCRIPT:current timestamp :2026-08-27T21:55:00
2026-08-28 07:26:52 INFO:DUKASCRIPT:current timestamp :2025-10-02T11:30:00
2026-08-28 07:26:52 INFO:DUKASCRIPT:current timestamp :2025-12-15T05:30:00
2026-08-28 07:26:52 INFO:DUKASCRIPT:current timestamp :2026-03-02T12:05:00
2026-08-28 07:26:52 INFO:DUKASCRIPT:current timestamp :2026-04-29T15:05:00
2026-08-28 07:26:52 INFO:DUKASCRIPT:current timestamp :2026-07-09T01:15:00
2026-08-28 07:26:52 INFO:DUKASCRIPT:current timestamp :2026-08-28T07:10:00
2026-08-28 07:26:52 ERROR:tvDatafeed.main:error while signin
2026-08-28 07:26:52 WARNING:tvDatafeed.main:you are using nologin method, data you access may be limited
2026-08-28 07:26:52 INFO:DUKASCRIPT:current timestamp :2026-08-27T02:00:00
2026-08-28 07:26:52 INFO:DUKASCRIPT:current timestamp :2026-08-28T06:00:00
2026-08-28 07:26:52 INFO:DUKASCRIPT:current timestamp :2026-08-28T06:00:00
2026-08-28 07:26:52 INFO:DUKASCRIPT:current timestamp :2026-08-28T06:00:00
2026-08-28 07:26:52 INFO:DUKASCRIPT:current timestamp :2026-08-28T02:00:00
2026-08-28 07:26:52 INFO:DUKASCRIPT:current timestamp :2026-08-28T02:00:00
2026-08-28 07:26:52 INFO:DUKASCRIPT:current timestamp :2026-08-28T02:00:00
2026-08-28 07:26:52 INFO:DUKASCRIPT:current timestamp :2026-08-28T06:00:00
2026-08-28 07:26:52 INFO:DUKASCRIPT:current timestamp :2026-06-30T20:45:00
2026-08-28 07:26:52 INFO:DUKASCRIPT:current timestamp :2026-07-30T18:30:00
2026-08-28 07:26:52 INFO:DUKASCRIPT:current timestamp :2026-08-28T07:00:00
2026-08-28 07:26:52 INFO:DUKASCRIPT:current timestamp :2026-06-30T20:55:00
2026-08-28 07:26:52 INFO:DUKASCRIPT:current timestamp :2026-07-30T18:50:00
2026-08-28 07:26:52 INFO:DUKASCRIPT:current timestamp :2026-08-28T07:20:00
2026-08-28 07:26:52 INFO:DUKASCRIPT:current timestamp :2026-08-28T02:00:00
2026-08-28 07:26:52 INFO:DUKASCRIPT:current timestamp :2026-08-28T02:00:00
2026-08-28 07:26:52 INFO:DUKASCRIPT:current timestamp :2025-05-16T10:30:00
2026-08-28 07:26:52 INFO:DUKASCRIPT:current timestamp :2025-06-18T04:00:00
2026-08-28 07:26:52 INFO:DUKASCRIPT:current timestamp :2025-07-21T05:15:00
2026-08-28 07:26:52 INFO:DUKASCRIPT:current timestamp :2025-08-20T21:15:00
2026-08-28 07:26:52 INFO:DUKASCRIPT:current timestamp :2025-09-22T17:30:00
2026-08-28 07:26:52 INFO:DUKASCRIPT:current timestamp :2025-10-23T12:15:00
2026-08-28 07:26:52 INFO:DUKASCRIPT:current timestamp :2025-11-25T01:15:00
2026-08-28 07:26:52 INFO:DUKASCRIPT:current timestamp :2025-12-29T11:30:00
2026-08-28 07:26:52 INFO:DUKASCRIPT:current timestamp :2026-01-30T04:45:00
2026-08-28 07:26:52 INFO:DUKASCRIPT:current timestamp :2026-03-03T18:15:00
2026-08-28 07:26:52 INFO:DUKASCRIPT:current timestamp :2026-04-06T06:30:00
2026-08-28 07:26:52 INFO:DUKASCRIPT:current timestamp :2026-05-06T17:45:00
2026-08-28 07:26:52 INFO:DUKASCRIPT:current timestamp :2026-06-08T10:15:00
2026-08-28 07:26:52 INFO:DUKASCRIPT:current timestamp :2026-07-09T05:45:00
2026-08-28 07:26:52 INFO:DUKASCRIPT:current timestamp :2026-08-10T16:45:00
2026-08-28 07:26:52 INFO:DUKASCRIPT:current timestamp :2026-08-28T07:00:00
2026-08-28 07:26:52 INFO:DUKASCRIPT:current timestamp :2025-05-16T10:50:00
2026-08-28 07:26:52 INFO:DUKASCRIPT:current timestamp :2025-06-18T04:40:00
2026-08-28 07:26:52 INFO:DUKASCRIPT:current timestamp :2025-07-21T06:25:00
2026-08-28 07:26:52 INFO:DUKASCRIPT:current timestamp :2025-08-21T00:10:00
2026-08-28 07:26:52 INFO:DUKASCRIPT:current timestamp :2025-09-22T18:50:00
2026-08-28 07:26:52 INFO:DUKASCRIPT:current timestamp :2025-10-23T13:50:00
2026-08-28 07:26:52 INFO:DUKASCRIPT:current timestamp :2025-11-25T03:00:00
2026-08-28 07:26:52 INFO:DUKASCRIPT:current timestamp :2025-12-29T13:35:00
2026-08-28 07:26:52 INFO:DUKASCRIPT:current timestamp :2026-01-30T07:00:00
2026-08-28 07:26:52 INFO:DUKASCRIPT:current timestamp :2026-03-03T20:45:00
2026-08-28 07:26:52 INFO:DUKASCRIPT:current timestamp :2026-04-06T09:10:00
2026-08-28 07:26:52 INFO:DUKASCRIPT:current timestamp :2026-05-15T10:55:00
2026-08-28 07:26:52 INFO:DUKASCRIPT:current timestamp :2026-06-17T04:10:00
2026-08-28 07:26:52 INFO:DUKASCRIPT:current timestamp :2026-07-17T21:30:00
2026-08-28 07:26:52 INFO:DUKASCRIPT:current timestamp :2026-08-19T11:55:00
2026-08-28 07:26:52 INFO:DUKASCRIPT:current timestamp :2026-08-28T07:20:00
2026-08-28 07:26:52 INFO:DUKASCRIPT:current timestamp :2025-05-16T10:45:00
2026-08-28 07:26:52 INFO:DUKASCRIPT:current timestamp :2025-06-18T03:15:00
2026-08-28 07:26:52 INFO:DUKASCRIPT:current timestamp :2025-07-21T01:30:00
2026-08-28 07:26:52 INFO:DUKASCRIPT:current timestamp :2025-08-20T12:15:00
2026-08-28 07:26:52 INFO:DUKASCRIPT:current timestamp :2025-09-22T04:15:00
2026-08-28 07:26:52 INFO:DUKASCRIPT:current timestamp :2025-10-22T14:45:00
2026-08-28 07:26:52 INFO:DUKASCRIPT:current timestamp :2025-11-24T02:45:00
2026-08-28 07:26:52 INFO:DUKASCRIPT:current timestamp :2025-12-26T11:15:00
2026-08-28 07:26:52 INFO:DUKASCRIPT:current timestamp :2026-01-29T02:30:00
2026-08-28 07:26:52 INFO:DUKASCRIPT:current timestamp :2026-03-02T16:15:00
2026-08-28 07:26:52 INFO:DUKASCRIPT:current timestamp :2026-04-02T05:00:00
2026-08-28 07:26:52 INFO:DUKASCRIPT:current timestamp :2026-05-05T15:45:00
2026-08-28 07:26:52 INFO:DUKASCRIPT:current timestamp :2026-06-05T08:30:00
2026-08-28 07:26:52 INFO:DUKASCRIPT:current timestamp :2026-07-08T05:00:00
2026-08-28 07:26:52 INFO:DUKASCRIPT:current timestamp :2026-08-07T15:15:00
2026-08-28 07:26:52 INFO:DUKASCRIPT:current timestamp :2026-08-28T07:00:00
2026-08-28 07:26:52 INFO:DUKASCRIPT:current timestamp :2025-05-16T11:00:00
2026-08-28 07:26:52 INFO:DUKASCRIPT:current timestamp :2025-06-18T03:50:00
2026-08-28 07:26:52 INFO:DUKASCRIPT:current timestamp :2025-07-21T02:15:00
2026-08-28 07:26:52 INFO:DUKASCRIPT:current timestamp :2025-08-20T13:20:00
2026-08-28 07:26:52 INFO:DUKASCRIPT:current timestamp :2025-09-22T05:30:00
2026-08-28 07:26:52 INFO:DUKASCRIPT:current timestamp :2025-10-22T16:20:00
2026-08-28 07:26:52 INFO:DUKASCRIPT:current timestamp :2025-11-24T04:30:00
2026-08-28 07:26:52 INFO:DUKASCRIPT:current timestamp :2025-12-26T13:20:00
2026-08-28 07:26:52 INFO:DUKASCRIPT:current timestamp :2026-01-29T04:50:00
2026-08-28 07:26:52 INFO:DUKASCRIPT:current timestamp :2026-03-02T18:50:00
2026-08-28 07:26:52 INFO:DUKASCRIPT:current timestamp :2026-04-02T07:45:00
2026-08-28 07:26:52 INFO:DUKASCRIPT:current timestamp :2026-05-15T10:45:00
2026-08-28 07:26:52 INFO:DUKASCRIPT:current timestamp :2026-06-17T05:15:00
2026-08-28 07:26:52 INFO:DUKASCRIPT:current timestamp :2026-07-20T00:25:00
2026-08-28 07:26:52 INFO:DUKASCRIPT:current timestamp :2026-08-19T11:10:00
2026-08-28 07:26:52 INFO:DUKASCRIPT:current timestamp :2026-08-28T07:20:00
2026-08-28 07:26:52 INFO:DUKASCRIPT:current timestamp :2025-05-16T12:15:00
2026-08-28 07:26:52 INFO:DUKASCRIPT:current timestamp :2025-06-18T06:30:00
2026-08-28 07:26:52 INFO:DUKASCRIPT:current timestamp :2025-07-21T06:30:00
2026-08-28 07:26:52 INFO:DUKASCRIPT:current timestamp :2025-08-20T18:45:00
2026-08-28 07:26:52 INFO:DUKASCRIPT:current timestamp :2025-09-22T10:45:00
2026-08-28 07:26:52 INFO:DUKASCRIPT:current timestamp :2025-10-22T21:00:00
2026-08-28 07:26:52 INFO:DUKASCRIPT:current timestamp :2025-11-24T09:00:00
2026-08-28 07:26:52 INFO:DUKASCRIPT:current timestamp :2025-12-26T17:00:00
2026-08-28 07:26:52 INFO:DUKASCRIPT:current timestamp :2026-01-29T08:15:00
2026-08-28 07:26:52 INFO:DUKASCRIPT:current timestamp :2026-03-02T21:45:00
2026-08-28 07:26:52 INFO:DUKASCRIPT:current timestamp :2026-04-02T10:15:00
2026-08-28 07:26:52 INFO:DUKASCRIPT:current timestamp :2026-05-05T20:30:00
2026-08-28 07:26:52 INFO:DUKASCRIPT:current timestamp :2026-06-05T13:00:00
2026-08-28 07:26:52 INFO:DUKASCRIPT:current timestamp :2026-07-08T08:30:00
2026-08-28 07:26:52 INFO:DUKASCRIPT:current timestamp :2026-08-07T18:45:00
2026-08-28 07:26:52 INFO:DUKASCRIPT:current timestamp :2026-08-28T07:00:00
2026-08-28 07:26:52 INFO:DUKASCRIPT:current timestamp :2025-05-16T12:25:00
2026-08-28 07:26:52 INFO:DUKASCRIPT:current timestamp :2025-06-18T07:00:00
2026-08-28 07:26:52 INFO:DUKASCRIPT:current timestamp :2025-07-21T07:15:00
2026-08-28 07:26:52 INFO:DUKASCRIPT:current timestamp :2025-08-20T19:45:00
2026-08-28 07:26:52 INFO:DUKASCRIPT:current timestamp :2025-09-22T11:55:00
2026-08-28 07:26:52 INFO:DUKASCRIPT:current timestamp :2025-10-23T00:15:00
2026-08-28 07:26:52 INFO:DUKASCRIPT:current timestamp :2025-11-24T10:40:00
2026-08-28 07:26:52 INFO:DUKASCRIPT:current timestamp :2025-12-26T18:55:00
2026-08-28 07:26:52 INFO:DUKASCRIPT:current timestamp :2026-01-29T10:20:00
2026-08-28 07:26:52 INFO:DUKASCRIPT:current timestamp :2026-03-03T01:45:00
2026-08-28 07:26:52 INFO:DUKASCRIPT:current timestamp :2026-04-02T12:50:00
2026-08-28 07:26:52 INFO:DUKASCRIPT:current timestamp :2026-05-15T10:30:00
2026-08-28 07:26:52 INFO:DUKASCRIPT:current timestamp :2026-06-17T04:25:00
2026-08-28 07:26:52 INFO:DUKASCRIPT:current timestamp :2026-07-17T21:20:00
2026-08-28 07:26:52 INFO:DUKASCRIPT:current timestamp :2026-08-19T09:30:00
2026-08-28 07:26:52 INFO:DUKASCRIPT:current timestamp :2026-08-28T07:20:00
2026-08-28 07:26:52 {
2026-08-28 07:26:52   "date": "2026-08-28 05:25:07.168607",
2026-08-28 07:26:52   "equity": 99952.73840853585,
2026-08-28 07:26:52   "current_dd": -0.00047261591464153874,
2026-08-28 07:26:52   "kill_switch_active": false,
2026-08-28 07:26:52   "n_trades": 0
2026-08-28 07:26:52 }
2026-08-28 07:26:54 [main cbc3524] EK Portfolio Bot: Snapshot 2026-08-28 07:26
2026-08-28 07:26:54  3 files changed, 229 insertions(+), 1 deletion(-)
2026-08-28 07:27:00 To https://github.com/AndrowDeluxe/Forex-Backtesting.git
2026-08-28 07:27:00    056fe9e..cbc3524  main -> main
2026-08-28 07:27:00 Commit + Push erfolgreich.
2026-08-28 07:27:00 === EK-Portfolio-Task beendet ===
2026-08-28 08:25:06 === EK-Portfolio-Task gestartet ===
2026-08-28 08:27:44 INFO:DUKASCRIPT:current timestamp :2026-08-28T08:00:00
2026-08-28 08:27:44 INFO:DUKASCRIPT:current timestamp :2026-08-28T08:00:00
2026-08-28 08:27:44 INFO:DUKASCRIPT:current timestamp :2026-08-27T02:00:00
2026-08-28 08:27:44 INFO:DUKASCRIPT:current timestamp :2025-08-21T21:15:00
2026-08-28 08:27:44 INFO:DUKASCRIPT:current timestamp :2025-09-19T19:10:00
2026-08-28 08:27:44 INFO:DUKASCRIPT:current timestamp :2025-10-20T16:55:00
2026-08-28 08:27:44 INFO:DUKASCRIPT:current timestamp :2025-11-18T14:35:00
2026-08-28 08:27:44 INFO:DUKASCRIPT:current timestamp :2025-12-17T12:30:00
2026-08-28 08:27:44 INFO:DUKASCRIPT:current timestamp :2026-01-19T07:00:00
2026-08-28 08:27:44 INFO:DUKASCRIPT:current timestamp :2026-02-17T04:30:00
2026-08-28 08:27:44 INFO:DUKASCRIPT:current timestamp :2026-03-18T00:25:00
2026-08-28 08:27:44 INFO:DUKASCRIPT:current timestamp :2026-04-15T23:00:00
2026-08-28 08:27:44 INFO:DUKASCRIPT:current timestamp :2026-05-14T21:05:00
2026-08-28 08:27:44 INFO:DUKASCRIPT:current timestamp :2026-06-12T19:40:00
2026-08-28 08:27:44 INFO:DUKASCRIPT:current timestamp :2026-07-13T18:15:00
2026-08-28 08:27:44 INFO:DUKASCRIPT:current timestamp :2026-08-11T16:15:00
2026-08-28 08:27:44 INFO:DUKASCRIPT:current timestamp :2026-08-28T08:20:00
2026-08-28 08:27:44 INFO:DUKASCRIPT:current timestamp :2025-08-21T23:00:00
2026-08-28 08:27:44 INFO:DUKASCRIPT:current timestamp :2025-09-19T22:00:00
2026-08-28 08:27:44 INFO:DUKASCRIPT:current timestamp :2025-10-20T20:45:00
2026-08-28 08:27:44 INFO:DUKASCRIPT:current timestamp :2025-11-18T20:00:00
2026-08-28 08:27:44 INFO:DUKASCRIPT:current timestamp :2025-12-17T19:00:00
2026-08-28 08:27:44 INFO:DUKASCRIPT:current timestamp :2026-01-19T13:00:00
2026-08-28 08:27:44 INFO:DUKASCRIPT:current timestamp :2026-02-17T11:15:00
2026-08-28 08:27:44 INFO:DUKASCRIPT:current timestamp :2026-03-18T07:30:00
2026-08-28 08:27:44 INFO:DUKASCRIPT:current timestamp :2026-04-16T06:30:00
2026-08-28 08:27:44 INFO:DUKASCRIPT:current timestamp :2026-05-15T05:00:00
2026-08-28 08:27:44 INFO:DUKASCRIPT:current timestamp :2026-06-15T03:45:00
2026-08-28 08:27:44 INFO:DUKASCRIPT:current timestamp :2026-07-14T02:00:00
2026-08-28 08:27:44 INFO:DUKASCRIPT:current timestamp :2026-08-11T23:45:00
2026-08-28 08:27:44 INFO:DUKASCRIPT:current timestamp :2026-08-28T08:00:00
2026-08-28 08:27:44 INFO:DUKASCRIPT:current timestamp :2025-08-21T22:00:00
2026-08-28 08:27:44 INFO:DUKASCRIPT:current timestamp :2025-09-19T20:00:00
2026-08-28 08:27:44 INFO:DUKASCRIPT:current timestamp :2025-10-20T17:30:00
2026-08-28 08:27:44 INFO:DUKASCRIPT:current timestamp :2025-11-18T15:15:00
2026-08-28 08:27:44 INFO:DUKASCRIPT:current timestamp :2025-12-17T12:00:00
2026-08-28 08:27:44 INFO:DUKASCRIPT:current timestamp :2026-01-19T03:00:00
2026-08-28 08:27:44 INFO:DUKASCRIPT:current timestamp :2026-02-17T00:15:00
2026-08-28 08:27:44 INFO:DUKASCRIPT:current timestamp :2026-03-17T20:15:00
2026-08-28 08:27:44 INFO:DUKASCRIPT:current timestamp :2026-04-15T19:45:00
2026-08-28 08:27:44 INFO:DUKASCRIPT:current timestamp :2026-05-14T17:30:00
2026-08-28 08:27:44 INFO:DUKASCRIPT:current timestamp :2026-06-12T16:15:00
2026-08-28 08:27:44 INFO:DUKASCRIPT:current timestamp :2026-07-13T14:30:00
2026-08-28 08:27:44 INFO:DUKASCRIPT:current timestamp :2026-08-11T11:45:00
2026-08-28 08:27:44 INFO:DUKASCRIPT:current timestamp :2026-08-28T08:00:00
2026-08-28 08:27:44 INFO:DUKASCRIPT:current timestamp :2025-08-21T21:45:00
2026-08-28 08:27:44 INFO:DUKASCRIPT:current timestamp :2025-09-19T20:30:00
2026-08-28 08:27:44 INFO:DUKASCRIPT:current timestamp :2025-10-20T18:45:00
2026-08-28 08:27:44 INFO:DUKASCRIPT:current timestamp :2025-11-18T17:30:00
2026-08-28 08:27:44 INFO:DUKASCRIPT:current timestamp :2025-12-17T16:30:00
2026-08-28 08:27:44 INFO:DUKASCRIPT:current timestamp :2026-01-19T09:15:00
2026-08-28 08:27:44 INFO:DUKASCRIPT:current timestamp :2026-02-17T07:30:00
2026-08-28 08:27:44 INFO:DUKASCRIPT:current timestamp :2026-03-18T03:45:00
2026-08-28 08:27:44 INFO:DUKASCRIPT:current timestamp :2026-04-16T03:30:00
2026-08-28 08:27:44 INFO:DUKASCRIPT:current timestamp :2026-05-15T02:30:00
2026-08-28 08:27:44 INFO:DUKASCRIPT:current timestamp :2026-06-15T01:30:00
2026-08-28 08:27:44 INFO:DUKASCRIPT:current timestamp :2026-07-14T00:45:00
2026-08-28 08:27:44 INFO:DUKASCRIPT:current timestamp :2026-08-11T23:45:00
2026-08-28 08:27:44 INFO:DUKASCRIPT:current timestamp :2026-08-28T08:00:00
2026-08-28 08:27:44 INFO:DUKASCRIPT:current timestamp :2025-08-21T22:45:00
2026-08-28 08:27:44 INFO:DUKASCRIPT:current timestamp :2025-09-19T21:45:00
2026-08-28 08:27:44 INFO:DUKASCRIPT:current timestamp :2025-10-20T20:45:00
2026-08-28 08:27:44 INFO:DUKASCRIPT:current timestamp :2025-11-18T18:00:00
2026-08-28 08:27:44 INFO:DUKASCRIPT:current timestamp :2025-12-17T15:45:00
2026-08-28 08:27:44 INFO:DUKASCRIPT:current timestamp :2026-01-19T09:30:00
2026-08-28 08:27:44 INFO:DUKASCRIPT:current timestamp :2026-02-17T07:30:00
2026-08-28 08:27:44 INFO:DUKASCRIPT:current timestamp :2026-03-18T03:30:00
2026-08-28 08:27:44 INFO:DUKASCRIPT:current timestamp :2026-04-16T02:00:00
2026-08-28 08:27:44 INFO:DUKASCRIPT:current timestamp :2026-05-15T00:00:00
2026-08-28 08:27:44 INFO:DUKASCRIPT:current timestamp :2026-06-12T22:30:00
2026-08-28 08:27:44 INFO:DUKASCRIPT:current timestamp :2026-07-13T21:15:00
2026-08-28 08:27:44 INFO:DUKASCRIPT:current timestamp :2026-08-11T19:45:00
2026-08-28 08:27:44 INFO:DUKASCRIPT:current timestamp :2026-08-28T08:00:00
2026-08-28 08:27:44 INFO:DUKASCRIPT:current timestamp :2025-08-21T21:00:00
2026-08-28 08:27:44 INFO:DUKASCRIPT:current timestamp :2025-09-19T17:45:00
2026-08-28 08:27:44 INFO:DUKASCRIPT:current timestamp :2025-10-20T14:30:00
2026-08-28 08:27:44 INFO:DUKASCRIPT:current timestamp :2025-11-18T11:00:00
2026-08-28 08:27:44 INFO:DUKASCRIPT:current timestamp :2025-12-17T07:45:00
2026-08-28 08:27:44 INFO:DUKASCRIPT:current timestamp :2026-01-19T00:45:00
2026-08-28 08:27:44 INFO:DUKASCRIPT:current timestamp :2026-02-16T22:30:00
2026-08-28 08:27:44 INFO:DUKASCRIPT:current timestamp :2026-03-17T19:00:00
2026-08-28 08:27:44 INFO:DUKASCRIPT:current timestamp :2026-04-15T18:15:00
2026-08-28 08:27:44 INFO:DUKASCRIPT:current timestamp :2026-05-14T16:30:00
2026-08-28 08:27:44 INFO:DUKASCRIPT:current timestamp :2026-06-12T15:00:00
2026-08-28 08:27:44 INFO:DUKASCRIPT:current timestamp :2026-07-13T14:00:00
2026-08-28 08:27:44 INFO:DUKASCRIPT:current timestamp :2026-08-11T13:30:00
2026-08-28 08:27:44 INFO:DUKASCRIPT:current timestamp :2026-08-28T08:00:00
2026-08-28 08:27:44 INFO:DUKASCRIPT:current timestamp :2025-10-02T09:35:00
2026-08-28 08:27:44 INFO:DUKASCRIPT:current timestamp :2026-01-02T10:45:00
2026-08-28 08:27:44 INFO:DUKASCRIPT:current timestamp :2026-03-23T13:10:00
2026-08-28 08:27:44 INFO:DUKASCRIPT:current timestamp :2026-06-01T11:25:00
2026-08-28 08:27:44 INFO:DUKASCRIPT:current timestamp :2026-08-12T16:45:00
2026-08-28 08:27:44 INFO:DUKASCRIPT:current timestamp :2026-08-28T08:20:00
2026-08-28 08:27:44 INFO:DUKASCRIPT:current timestamp :2025-10-02T11:30:00
2026-08-28 08:27:44 INFO:DUKASCRIPT:current timestamp :2025-12-15T05:30:00
2026-08-28 08:27:44 INFO:DUKASCRIPT:current timestamp :2026-03-02T12:05:00
2026-08-28 08:27:44 INFO:DUKASCRIPT:current timestamp :2026-04-29T15:05:00
2026-08-28 08:27:44 INFO:DUKASCRIPT:current timestamp :2026-07-09T01:15:00
2026-08-28 08:27:44 INFO:DUKASCRIPT:current timestamp :2026-08-28T08:15:00
2026-08-28 08:27:44 ERROR:tvDatafeed.main:error while signin
2026-08-28 08:27:44 WARNING:tvDatafeed.main:you are using nologin method, data you access may be limited
2026-08-28 08:27:44 INFO:DUKASCRIPT:current timestamp :2026-08-27T02:00:00
2026-08-28 08:27:44 INFO:DUKASCRIPT:current timestamp :2026-08-28T07:00:00
2026-08-28 08:27:44 INFO:DUKASCRIPT:current timestamp :2026-08-28T07:00:00
2026-08-28 08:27:44 INFO:DUKASCRIPT:current timestamp :2026-08-28T07:00:00
2026-08-28 08:27:44 INFO:DUKASCRIPT:current timestamp :2026-08-28T02:00:00
2026-08-28 08:27:44 INFO:DUKASCRIPT:current timestamp :2026-08-28T02:00:00
2026-08-28 08:27:44 INFO:DUKASCRIPT:current timestamp :2026-08-28T02:00:00
2026-08-28 08:27:44 INFO:DUKASCRIPT:current timestamp :2026-08-28T07:00:00
2026-08-28 08:27:44 INFO:DUKASCRIPT:current timestamp :2026-06-30T20:45:00
2026-08-28 08:27:44 INFO:DUKASCRIPT:current timestamp :2026-07-30T18:30:00
2026-08-28 08:27:44 INFO:DUKASCRIPT:current timestamp :2026-08-28T08:00:00
2026-08-28 08:27:44 INFO:DUKASCRIPT:current timestamp :2026-06-30T20:55:00
2026-08-28 08:27:44 INFO:DUKASCRIPT:current timestamp :2026-07-30T18:50:00
2026-08-28 08:27:44 INFO:DUKASCRIPT:current timestamp :2026-08-28T08:20:00
2026-08-28 08:27:44 INFO:DUKASCRIPT:current timestamp :2026-08-28T02:00:00
2026-08-28 08:27:44 INFO:DUKASCRIPT:current timestamp :2026-08-28T02:00:00
2026-08-28 08:27:44 INFO:DUKASCRIPT:current timestamp :2025-05-16T10:30:00
2026-08-28 08:27:44 INFO:DUKASCRIPT:current timestamp :2025-06-18T04:00:00
2026-08-28 08:27:44 INFO:DUKASCRIPT:current timestamp :2025-07-21T05:15:00
2026-08-28 08:27:44 INFO:DUKASCRIPT:current timestamp :2025-08-20T21:15:00
2026-08-28 08:27:44 INFO:DUKASCRIPT:current timestamp :2025-09-22T17:30:00
2026-08-28 08:27:44 INFO:DUKASCRIPT:current timestamp :2025-10-23T12:15:00
2026-08-28 08:27:44 INFO:DUKASCRIPT:current timestamp :2025-11-25T01:15:00
2026-08-28 08:27:44 INFO:DUKASCRIPT:current timestamp :2025-12-29T11:30:00
2026-08-28 08:27:44 INFO:DUKASCRIPT:current timestamp :2026-01-30T04:45:00
2026-08-28 08:27:44 INFO:DUKASCRIPT:current timestamp :2026-03-03T18:15:00
2026-08-28 08:27:44 INFO:DUKASCRIPT:current timestamp :2026-04-06T06:30:00
2026-08-28 08:27:44 INFO:DUKASCRIPT:current timestamp :2026-05-06T17:45:00
2026-08-28 08:27:44 INFO:DUKASCRIPT:current timestamp :2026-06-08T10:15:00
2026-08-28 08:27:44 INFO:DUKASCRIPT:current timestamp :2026-07-09T05:45:00
2026-08-28 08:27:44 INFO:DUKASCRIPT:current timestamp :2026-08-10T16:45:00
2026-08-28 08:27:44 INFO:DUKASCRIPT:current timestamp :2026-08-28T08:00:00
2026-08-28 08:27:44 INFO:DUKASCRIPT:current timestamp :2025-05-16T10:50:00
2026-08-28 08:27:44 INFO:DUKASCRIPT:current timestamp :2025-06-18T04:40:00
2026-08-28 08:27:44 INFO:DUKASCRIPT:current timestamp :2025-07-21T06:25:00
2026-08-28 08:27:44 INFO:DUKASCRIPT:current timestamp :2025-08-21T00:10:00
2026-08-28 08:27:44 INFO:DUKASCRIPT:current timestamp :2025-09-22T18:50:00
2026-08-28 08:27:44 INFO:DUKASCRIPT:current timestamp :2025-10-23T13:50:00
2026-08-28 08:27:44 INFO:DUKASCRIPT:current timestamp :2025-11-25T03:00:00
2026-08-28 08:27:44 INFO:DUKASCRIPT:current timestamp :2025-12-29T13:35:00
2026-08-28 08:27:44 INFO:DUKASCRIPT:current timestamp :2026-01-30T07:00:00
2026-08-28 08:27:44 INFO:DUKASCRIPT:current timestamp :2026-03-03T20:45:00
2026-08-28 08:27:44 INFO:DUKASCRIPT:current timestamp :2026-04-06T09:10:00
2026-08-28 08:27:44 INFO:DUKASCRIPT:current timestamp :2026-05-15T10:55:00
2026-08-28 08:27:44 INFO:DUKASCRIPT:current timestamp :2026-06-17T04:10:00
2026-08-28 08:27:44 INFO:DUKASCRIPT:current timestamp :2026-07-17T21:30:00
2026-08-28 08:27:44 INFO:DUKASCRIPT:current timestamp :2026-08-19T11:55:00
2026-08-28 08:27:44 INFO:DUKASCRIPT:current timestamp :2026-08-28T08:20:00
2026-08-28 08:27:44 INFO:DUKASCRIPT:current timestamp :2025-05-16T10:45:00
2026-08-28 08:27:44 INFO:DUKASCRIPT:current timestamp :2025-06-18T03:15:00
2026-08-28 08:27:44 INFO:DUKASCRIPT:current timestamp :2025-07-21T01:30:00
2026-08-28 08:27:44 INFO:DUKASCRIPT:current timestamp :2025-08-20T12:15:00
2026-08-28 08:27:44 INFO:DUKASCRIPT:current timestamp :2025-09-22T04:15:00
2026-08-28 08:27:44 INFO:DUKASCRIPT:current timestamp :2025-10-22T14:45:00
2026-08-28 08:27:44 INFO:DUKASCRIPT:current timestamp :2025-11-24T02:45:00
2026-08-28 08:27:44 INFO:DUKASCRIPT:current timestamp :2025-12-26T11:15:00
2026-08-28 08:27:44 INFO:DUKASCRIPT:current timestamp :2026-01-29T02:30:00
2026-08-28 08:27:44 INFO:DUKASCRIPT:current timestamp :2026-03-02T16:15:00
2026-08-28 08:27:44 INFO:DUKASCRIPT:current timestamp :2026-04-02T05:00:00
2026-08-28 08:27:44 INFO:DUKASCRIPT:current timestamp :2026-05-05T15:45:00
2026-08-28 08:27:44 INFO:DUKASCRIPT:current timestamp :2026-06-05T08:30:00
2026-08-28 08:27:44 INFO:DUKASCRIPT:current timestamp :2026-07-08T05:00:00
2026-08-28 08:27:44 INFO:DUKASCRIPT:current timestamp :2026-08-07T15:15:00
2026-08-28 08:27:44 INFO:DUKASCRIPT:current timestamp :2026-08-28T08:00:00
2026-08-28 08:27:44 INFO:DUKASCRIPT:current timestamp :2025-05-16T11:00:00
2026-08-28 08:27:44 INFO:DUKASCRIPT:current timestamp :2025-06-18T03:50:00
2026-08-28 08:27:44 INFO:DUKASCRIPT:current timestamp :2025-07-21T02:15:00
2026-08-28 08:27:44 INFO:DUKASCRIPT:current timestamp :2025-08-20T13:20:00
2026-08-28 08:27:44 INFO:DUKASCRIPT:current timestamp :2025-09-22T05:30:00
2026-08-28 08:27:44 INFO:DUKASCRIPT:current timestamp :2025-10-22T16:20:00
2026-08-28 08:27:44 INFO:DUKASCRIPT:current timestamp :2025-11-24T04:30:00
2026-08-28 08:27:44 INFO:DUKASCRIPT:current timestamp :2025-12-26T13:20:00
2026-08-28 08:27:44 INFO:DUKASCRIPT:current timestamp :2026-01-29T04:50:00
2026-08-28 08:27:44 INFO:DUKASCRIPT:current timestamp :2026-03-02T18:50:00
2026-08-28 08:27:44 INFO:DUKASCRIPT:current timestamp :2026-04-02T07:45:00
2026-08-28 08:27:44 INFO:DUKASCRIPT:current timestamp :2026-05-15T10:45:00
2026-08-28 08:27:44 INFO:DUKASCRIPT:current timestamp :2026-06-17T05:15:00
2026-08-28 08:27:44 INFO:DUKASCRIPT:current timestamp :2026-07-20T00:25:00
2026-08-28 08:27:44 INFO:DUKASCRIPT:current timestamp :2026-08-19T11:10:00
2026-08-28 08:27:44 INFO:DUKASCRIPT:current timestamp :2026-08-28T08:20:00
2026-08-28 08:27:44 INFO:DUKASCRIPT:current timestamp :2025-05-16T12:15:00
2026-08-28 08:27:44 INFO:DUKASCRIPT:current timestamp :2025-06-18T06:30:00
2026-08-28 08:27:44 INFO:DUKASCRIPT:current timestamp :2025-07-21T06:30:00
2026-08-28 08:27:44 INFO:DUKASCRIPT:current timestamp :2025-08-20T18:45:00
2026-08-28 08:27:44 INFO:DUKASCRIPT:current timestamp :2025-09-22T10:45:00
2026-08-28 08:27:44 INFO:DUKASCRIPT:current timestamp :2025-10-22T21:00:00
2026-08-28 08:27:44 INFO:DUKASCRIPT:current timestamp :2025-11-24T09:00:00
2026-08-28 08:27:44 INFO:DUKASCRIPT:current timestamp :2025-12-26T17:00:00
2026-08-28 08:27:44 INFO:DUKASCRIPT:current timestamp :2026-01-29T08:15:00
2026-08-28 08:27:44 INFO:DUKASCRIPT:current timestamp :2026-03-02T21:45:00
2026-08-28 08:27:44 INFO:DUKASCRIPT:current timestamp :2026-04-02T10:15:00
2026-08-28 08:27:44 INFO:DUKASCRIPT:current timestamp :2026-05-05T20:30:00
2026-08-28 08:27:44 INFO:DUKASCRIPT:current timestamp :2026-06-05T13:00:00
2026-08-28 08:27:44 INFO:DUKASCRIPT:current timestamp :2026-07-08T08:30:00
2026-08-28 08:27:44 INFO:DUKASCRIPT:current timestamp :2026-08-07T18:45:00
2026-08-28 08:27:44 INFO:DUKASCRIPT:current timestamp :2026-08-28T08:00:00
2026-08-28 08:27:44 INFO:DUKASCRIPT:current timestamp :2025-05-16T12:25:00
2026-08-28 08:27:44 INFO:DUKASCRIPT:current timestamp :2025-06-18T07:00:00
2026-08-28 08:27:44 INFO:DUKASCRIPT:current timestamp :2025-07-21T07:15:00
2026-08-28 08:27:44 INFO:DUKASCRIPT:current timestamp :2025-08-20T19:45:00
2026-08-28 08:27:44 INFO:DUKASCRIPT:current timestamp :2025-09-22T11:55:00
2026-08-28 08:27:44 INFO:DUKASCRIPT:current timestamp :2025-10-23T00:15:00
2026-08-28 08:27:44 INFO:DUKASCRIPT:current timestamp :2025-11-24T10:40:00
2026-08-28 08:27:44 INFO:DUKASCRIPT:current timestamp :2025-12-26T18:55:00
2026-08-28 08:27:44 INFO:DUKASCRIPT:current timestamp :2026-01-29T10:20:00
2026-08-28 08:27:44 INFO:DUKASCRIPT:current timestamp :2026-03-03T01:45:00
2026-08-28 08:27:44 INFO:DUKASCRIPT:current timestamp :2026-04-02T12:50:00
2026-08-28 08:27:44 INFO:DUKASCRIPT:current timestamp :2026-05-15T10:30:00
2026-08-28 08:27:44 INFO:DUKASCRIPT:current timestamp :2026-06-17T04:25:00
2026-08-28 08:27:44 INFO:DUKASCRIPT:current timestamp :2026-07-17T21:20:00
2026-08-28 08:27:44 INFO:DUKASCRIPT:current timestamp :2026-08-19T09:30:00
2026-08-28 08:27:44 INFO:DUKASCRIPT:current timestamp :2026-08-28T08:20:00
2026-08-28 08:27:44 {
2026-08-28 08:27:44   "date": "2026-08-28 06:25:07.029440",
2026-08-28 08:27:44   "equity": 99952.73840853585,
2026-08-28 08:27:44   "current_dd": -0.00047261591464153874,
2026-08-28 08:27:44   "kill_switch_active": false,
2026-08-28 08:27:44   "n_trades": 0
2026-08-28 08:27:44 }
2026-08-28 08:27:44 [main f787a9f] EK Portfolio Bot: Snapshot 2026-08-28 08:27
2026-08-28 08:27:44  3 files changed, 229 insertions(+), 1 deletion(-)
2026-08-28 08:27:46 To https://github.com/AndrowDeluxe/Forex-Backtesting.git
2026-08-28 08:27:46    7ea4bf4..f787a9f  main -> main
2026-08-28 08:27:46 Commit + Push erfolgreich.
2026-08-28 08:27:46 === EK-Portfolio-Task beendet ===
2026-08-28 09:25:05 === EK-Portfolio-Task gestartet ===
2026-08-28 09:27:19 INFO:DUKASCRIPT:current timestamp :2026-08-28T09:00:00
2026-08-28 09:27:19 INFO:DUKASCRIPT:current timestamp :2026-08-28T09:00:00
2026-08-28 09:27:19 INFO:DUKASCRIPT:current timestamp :2026-08-27T02:00:00
2026-08-28 09:27:19 INFO:DUKASCRIPT:current timestamp :2025-08-21T21:15:00
2026-08-28 09:27:19 INFO:DUKASCRIPT:current timestamp :2025-09-19T19:10:00
2026-08-28 09:27:19 INFO:DUKASCRIPT:current timestamp :2025-10-20T16:55:00
2026-08-28 09:27:19 INFO:DUKASCRIPT:current timestamp :2025-11-18T14:35:00
2026-08-28 09:27:19 INFO:DUKASCRIPT:current timestamp :2025-12-17T12:30:00
2026-08-28 09:27:19 INFO:DUKASCRIPT:current timestamp :2026-01-19T07:00:00
2026-08-28 09:27:19 INFO:DUKASCRIPT:current timestamp :2026-02-17T04:30:00
2026-08-28 09:27:19 INFO:DUKASCRIPT:current timestamp :2026-03-18T00:25:00
2026-08-28 09:27:19 INFO:DUKASCRIPT:current timestamp :2026-04-15T23:00:00
2026-08-28 09:27:19 INFO:DUKASCRIPT:current timestamp :2026-05-14T21:05:00
2026-08-28 09:27:19 INFO:DUKASCRIPT:current timestamp :2026-06-12T19:40:00
2026-08-28 09:27:19 INFO:DUKASCRIPT:current timestamp :2026-07-13T18:15:00
2026-08-28 09:27:19 INFO:DUKASCRIPT:current timestamp :2026-08-11T16:15:00
2026-08-28 09:27:19 INFO:DUKASCRIPT:current timestamp :2026-08-28T09:20:00
2026-08-28 09:27:19 INFO:DUKASCRIPT:current timestamp :2025-08-21T23:00:00
2026-08-28 09:27:19 INFO:DUKASCRIPT:current timestamp :2025-09-19T22:00:00
2026-08-28 09:27:19 INFO:DUKASCRIPT:current timestamp :2025-10-20T20:45:00
2026-08-28 09:27:19 INFO:DUKASCRIPT:current timestamp :2025-11-18T20:00:00
2026-08-28 09:27:19 INFO:DUKASCRIPT:current timestamp :2025-12-17T19:00:00
2026-08-28 09:27:19 INFO:DUKASCRIPT:current timestamp :2026-01-19T13:00:00
2026-08-28 09:27:19 INFO:DUKASCRIPT:current timestamp :2026-02-17T11:15:00
2026-08-28 09:27:19 INFO:DUKASCRIPT:current timestamp :2026-03-18T07:30:00
2026-08-28 09:27:19 INFO:DUKASCRIPT:current timestamp :2026-04-16T06:30:00
2026-08-28 09:27:19 INFO:DUKASCRIPT:current timestamp :2026-05-15T05:00:00
2026-08-28 09:27:19 INFO:DUKASCRIPT:current timestamp :2026-06-15T03:45:00
2026-08-28 09:27:19 INFO:DUKASCRIPT:current timestamp :2026-07-14T02:00:00
2026-08-28 09:27:19 INFO:DUKASCRIPT:current timestamp :2026-08-11T23:45:00
2026-08-28 09:27:19 INFO:DUKASCRIPT:current timestamp :2026-08-28T09:00:00
2026-08-28 09:27:19 INFO:DUKASCRIPT:current timestamp :2025-08-21T22:00:00
2026-08-28 09:27:19 INFO:DUKASCRIPT:current timestamp :2025-09-19T20:00:00
2026-08-28 09:27:19 INFO:DUKASCRIPT:current timestamp :2025-10-20T17:30:00
2026-08-28 09:27:19 INFO:DUKASCRIPT:current timestamp :2025-11-18T15:15:00
2026-08-28 09:27:19 INFO:DUKASCRIPT:current timestamp :2025-12-17T12:00:00
2026-08-28 09:27:19 INFO:DUKASCRIPT:current timestamp :2026-01-19T03:00:00
2026-08-28 09:27:19 INFO:DUKASCRIPT:current timestamp :2026-02-17T00:15:00
2026-08-28 09:27:19 INFO:DUKASCRIPT:current timestamp :2026-03-17T20:15:00
2026-08-28 09:27:19 INFO:DUKASCRIPT:current timestamp :2026-04-15T19:45:00
2026-08-28 09:27:19 INFO:DUKASCRIPT:current timestamp :2026-05-14T17:30:00
2026-08-28 09:27:19 INFO:DUKASCRIPT:current timestamp :2026-06-12T16:15:00
2026-08-28 09:27:19 INFO:DUKASCRIPT:current timestamp :2026-07-13T14:30:00
2026-08-28 09:27:19 INFO:DUKASCRIPT:current timestamp :2026-08-11T11:45:00
2026-08-28 09:27:19 INFO:DUKASCRIPT:current timestamp :2026-08-28T09:00:00
2026-08-28 09:27:19 INFO:DUKASCRIPT:current timestamp :2025-08-21T21:45:00
2026-08-28 09:27:19 INFO:DUKASCRIPT:current timestamp :2025-09-19T20:30:00
2026-08-28 09:27:19 INFO:DUKASCRIPT:current timestamp :2025-10-20T18:45:00
2026-08-28 09:27:19 INFO:DUKASCRIPT:current timestamp :2025-11-18T17:30:00
2026-08-28 09:27:19 INFO:DUKASCRIPT:current timestamp :2025-12-17T16:30:00
2026-08-28 09:27:19 INFO:DUKASCRIPT:current timestamp :2026-01-19T09:15:00
2026-08-28 09:27:19 INFO:DUKASCRIPT:current timestamp :2026-02-17T07:30:00
2026-08-28 09:27:19 INFO:DUKASCRIPT:current timestamp :2026-03-18T03:45:00
2026-08-28 09:27:19 INFO:DUKASCRIPT:current timestamp :2026-04-16T03:30:00
2026-08-28 09:27:19 INFO:DUKASCRIPT:current timestamp :2026-05-15T02:30:00
2026-08-28 09:27:19 INFO:DUKASCRIPT:current timestamp :2026-06-15T01:30:00
2026-08-28 09:27:19 INFO:DUKASCRIPT:current timestamp :2026-07-14T00:45:00
2026-08-28 09:27:19 INFO:DUKASCRIPT:current timestamp :2026-08-11T23:45:00
2026-08-28 09:27:19 INFO:DUKASCRIPT:current timestamp :2026-08-28T09:00:00
2026-08-28 09:27:19 INFO:DUKASCRIPT:current timestamp :2025-08-21T22:45:00
2026-08-28 09:27:19 INFO:DUKASCRIPT:current timestamp :2025-09-19T21:45:00
2026-08-28 09:27:19 INFO:DUKASCRIPT:current timestamp :2025-10-20T20:45:00
2026-08-28 09:27:19 INFO:DUKASCRIPT:current timestamp :2025-11-18T18:00:00
2026-08-28 09:27:19 INFO:DUKASCRIPT:current timestamp :2025-12-17T15:45:00
2026-08-28 09:27:19 INFO:DUKASCRIPT:current timestamp :2026-01-19T09:30:00
2026-08-28 09:27:19 INFO:DUKASCRIPT:current timestamp :2026-02-17T07:30:00
2026-08-28 09:27:19 INFO:DUKASCRIPT:current timestamp :2026-03-18T03:30:00
2026-08-28 09:27:19 INFO:DUKASCRIPT:current timestamp :2026-04-16T02:00:00
2026-08-28 09:27:19 INFO:DUKASCRIPT:current timestamp :2026-05-15T00:00:00
2026-08-28 09:27:19 INFO:DUKASCRIPT:current timestamp :2026-06-12T22:30:00
2026-08-28 09:27:19 INFO:DUKASCRIPT:current timestamp :2026-07-13T21:15:00
2026-08-28 09:27:19 INFO:DUKASCRIPT:current timestamp :2026-08-11T19:45:00
2026-08-28 09:27:19 INFO:DUKASCRIPT:current timestamp :2026-08-28T09:00:00
2026-08-28 09:27:19 INFO:DUKASCRIPT:current timestamp :2025-08-21T21:00:00
2026-08-28 09:27:19 INFO:DUKASCRIPT:current timestamp :2025-09-19T17:45:00
2026-08-28 09:27:19 INFO:DUKASCRIPT:current timestamp :2025-10-20T14:30:00
2026-08-28 09:27:19 INFO:DUKASCRIPT:current timestamp :2025-11-18T11:00:00
2026-08-28 09:27:19 INFO:DUKASCRIPT:current timestamp :2025-12-17T07:45:00
2026-08-28 09:27:19 INFO:DUKASCRIPT:current timestamp :2026-01-19T00:45:00
2026-08-28 09:27:19 INFO:DUKASCRIPT:current timestamp :2026-02-16T22:30:00
2026-08-28 09:27:19 INFO:DUKASCRIPT:current timestamp :2026-03-17T19:00:00
2026-08-28 09:27:19 INFO:DUKASCRIPT:current timestamp :2026-04-15T18:15:00
2026-08-28 09:27:19 INFO:DUKASCRIPT:current timestamp :2026-05-14T16:30:00
2026-08-28 09:27:19 INFO:DUKASCRIPT:current timestamp :2026-06-12T15:00:00
2026-08-28 09:27:19 INFO:DUKASCRIPT:current timestamp :2026-07-13T14:00:00
2026-08-28 09:27:19 INFO:DUKASCRIPT:current timestamp :2026-08-11T13:30:00
2026-08-28 09:27:19 INFO:DUKASCRIPT:current timestamp :2026-08-28T09:00:00
2026-08-28 09:27:19 INFO:DUKASCRIPT:current timestamp :2025-10-02T09:35:00
2026-08-28 09:27:19 INFO:DUKASCRIPT:current timestamp :2026-01-02T10:45:00
2026-08-28 09:27:19 INFO:DUKASCRIPT:current timestamp :2026-03-23T13:10:00
2026-08-28 09:27:19 INFO:DUKASCRIPT:current timestamp :2026-06-01T11:25:00
2026-08-28 09:27:19 INFO:DUKASCRIPT:current timestamp :2026-08-12T16:45:00
2026-08-28 09:27:19 INFO:DUKASCRIPT:current timestamp :2026-08-28T09:20:00
2026-08-28 09:27:19 INFO:DUKASCRIPT:current timestamp :2025-10-02T11:30:00
2026-08-28 09:27:19 INFO:DUKASCRIPT:current timestamp :2025-12-15T05:30:00
2026-08-28 09:27:19 INFO:DUKASCRIPT:current timestamp :2026-03-02T12:05:00
2026-08-28 09:27:19 INFO:DUKASCRIPT:current timestamp :2026-04-29T15:05:00
2026-08-28 09:27:19 INFO:DUKASCRIPT:current timestamp :2026-07-09T01:15:00
2026-08-28 09:27:19 INFO:DUKASCRIPT:current timestamp :2026-08-28T09:15:00
2026-08-28 09:27:19 ERROR:tvDatafeed.main:error while signin
2026-08-28 09:27:19 WARNING:tvDatafeed.main:you are using nologin method, data you access may be limited
2026-08-28 09:27:19 INFO:DUKASCRIPT:current timestamp :2026-08-27T02:00:00
2026-08-28 09:27:19 INFO:DUKASCRIPT:current timestamp :2026-08-28T08:00:00
2026-08-28 09:27:19 INFO:DUKASCRIPT:current timestamp :2026-08-28T08:00:00
2026-08-28 09:27:19 INFO:DUKASCRIPT:current timestamp :2026-08-28T08:00:00
2026-08-28 09:27:19 INFO:DUKASCRIPT:current timestamp :2026-08-28T02:00:00
2026-08-28 09:27:19 INFO:DUKASCRIPT:current timestamp :2026-08-28T02:00:00
2026-08-28 09:27:19 INFO:DUKASCRIPT:current timestamp :2026-08-28T02:00:00
2026-08-28 09:27:19 INFO:DUKASCRIPT:current timestamp :2026-08-28T08:00:00
2026-08-28 09:27:19 INFO:DUKASCRIPT:current timestamp :2026-06-30T20:45:00
2026-08-28 09:27:19 INFO:DUKASCRIPT:current timestamp :2026-07-30T18:30:00
2026-08-28 09:27:19 INFO:DUKASCRIPT:current timestamp :2026-08-28T09:00:00
2026-08-28 09:27:19 INFO:DUKASCRIPT:current timestamp :2026-06-30T20:55:00
2026-08-28 09:27:19 INFO:DUKASCRIPT:current timestamp :2026-07-30T18:50:00
2026-08-28 09:27:19 INFO:DUKASCRIPT:current timestamp :2026-08-28T09:20:00
2026-08-28 09:27:19 INFO:DUKASCRIPT:current timestamp :2026-08-28T02:00:00
2026-08-28 09:27:19 INFO:DUKASCRIPT:current timestamp :2026-08-28T02:00:00
2026-08-28 09:27:19 INFO:DUKASCRIPT:current timestamp :2025-05-16T10:30:00
2026-08-28 09:27:19 INFO:DUKASCRIPT:current timestamp :2025-06-18T04:00:00
2026-08-28 09:27:19 INFO:DUKASCRIPT:current timestamp :2025-07-21T05:15:00
2026-08-28 09:27:19 INFO:DUKASCRIPT:current timestamp :2025-08-20T21:15:00
2026-08-28 09:27:19 INFO:DUKASCRIPT:current timestamp :2025-09-22T17:30:00
2026-08-28 09:27:19 INFO:DUKASCRIPT:current timestamp :2025-10-23T12:15:00
2026-08-28 09:27:19 INFO:DUKASCRIPT:current timestamp :2025-11-25T01:15:00
2026-08-28 09:27:19 INFO:DUKASCRIPT:current timestamp :2025-12-29T11:30:00
2026-08-28 09:27:19 INFO:DUKASCRIPT:current timestamp :2026-01-30T04:45:00
2026-08-28 09:27:19 INFO:DUKASCRIPT:current timestamp :2026-03-03T18:15:00
2026-08-28 09:27:19 INFO:DUKASCRIPT:current timestamp :2026-04-06T06:30:00
2026-08-28 09:27:19 INFO:DUKASCRIPT:current timestamp :2026-05-06T17:45:00
2026-08-28 09:27:19 INFO:DUKASCRIPT:current timestamp :2026-06-08T10:15:00
2026-08-28 09:27:19 INFO:DUKASCRIPT:current timestamp :2026-07-09T05:45:00
2026-08-28 09:27:19 INFO:DUKASCRIPT:current timestamp :2026-08-10T16:45:00
2026-08-28 09:27:19 INFO:DUKASCRIPT:current timestamp :2026-08-28T09:00:00
2026-08-28 09:27:19 INFO:DUKASCRIPT:current timestamp :2025-05-16T10:50:00
2026-08-28 09:27:19 INFO:DUKASCRIPT:current timestamp :2025-06-18T04:40:00
2026-08-28 09:27:19 INFO:DUKASCRIPT:current timestamp :2025-07-21T06:25:00
2026-08-28 09:27:19 INFO:DUKASCRIPT:current timestamp :2025-08-21T00:10:00
2026-08-28 09:27:19 INFO:DUKASCRIPT:current timestamp :2025-09-22T18:50:00
2026-08-28 09:27:19 INFO:DUKASCRIPT:current timestamp :2025-10-23T13:50:00
2026-08-28 09:27:19 INFO:DUKASCRIPT:current timestamp :2025-11-25T03:00:00
2026-08-28 09:27:19 INFO:DUKASCRIPT:current timestamp :2025-12-29T13:35:00
2026-08-28 09:27:19 INFO:DUKASCRIPT:current timestamp :2026-01-30T07:00:00
2026-08-28 09:27:19 INFO:DUKASCRIPT:current timestamp :2026-03-03T20:45:00
2026-08-28 09:27:19 INFO:DUKASCRIPT:current timestamp :2026-04-06T09:10:00
2026-08-28 09:27:19 INFO:DUKASCRIPT:current timestamp :2026-05-15T10:55:00
2026-08-28 09:27:19 INFO:DUKASCRIPT:current timestamp :2026-06-17T04:10:00
2026-08-28 09:27:19 INFO:DUKASCRIPT:current timestamp :2026-07-17T21:30:00
2026-08-28 09:27:19 INFO:DUKASCRIPT:current timestamp :2026-08-19T11:55:00
2026-08-28 09:27:19 INFO:DUKASCRIPT:current timestamp :2026-08-28T09:20:00
2026-08-28 09:27:19 INFO:DUKASCRIPT:current timestamp :2025-05-16T10:45:00
2026-08-28 09:27:19 INFO:DUKASCRIPT:current timestamp :2025-06-18T03:15:00
2026-08-28 09:27:19 INFO:DUKASCRIPT:current timestamp :2025-07-21T01:30:00
2026-08-28 09:27:19 INFO:DUKASCRIPT:current timestamp :2025-08-20T12:15:00
2026-08-28 09:27:19 INFO:DUKASCRIPT:current timestamp :2025-09-22T04:15:00
2026-08-28 09:27:19 INFO:DUKASCRIPT:current timestamp :2025-10-22T14:45:00
2026-08-28 09:27:19 INFO:DUKASCRIPT:current timestamp :2025-11-24T02:45:00
2026-08-28 09:27:19 INFO:DUKASCRIPT:current timestamp :2025-12-26T11:15:00
2026-08-28 09:27:19 INFO:DUKASCRIPT:current timestamp :2026-01-29T02:30:00
2026-08-28 09:27:19 INFO:DUKASCRIPT:current timestamp :2026-03-02T16:15:00
2026-08-28 09:27:19 INFO:DUKASCRIPT:current timestamp :2026-04-02T05:00:00
2026-08-28 09:27:19 INFO:DUKASCRIPT:current timestamp :2026-05-05T15:45:00
2026-08-28 09:27:19 INFO:DUKASCRIPT:current timestamp :2026-06-05T08:30:00
2026-08-28 09:27:19 INFO:DUKASCRIPT:current timestamp :2026-07-08T05:00:00
2026-08-28 09:27:19 INFO:DUKASCRIPT:current timestamp :2026-08-07T15:15:00
2026-08-28 09:27:19 INFO:DUKASCRIPT:current timestamp :2026-08-28T09:00:00
2026-08-28 09:27:19 INFO:DUKASCRIPT:current timestamp :2025-05-16T11:00:00
2026-08-28 09:27:19 INFO:DUKASCRIPT:current timestamp :2025-06-18T03:50:00
2026-08-28 09:27:19 INFO:DUKASCRIPT:current timestamp :2025-07-21T02:15:00
2026-08-28 09:27:19 INFO:DUKASCRIPT:current timestamp :2025-08-20T13:20:00
2026-08-28 09:27:19 INFO:DUKASCRIPT:current timestamp :2025-09-22T05:30:00
2026-08-28 09:27:19 INFO:DUKASCRIPT:current timestamp :2025-10-22T16:20:00
2026-08-28 09:27:19 INFO:DUKASCRIPT:current timestamp :2025-11-24T04:30:00
2026-08-28 09:27:19 INFO:DUKASCRIPT:current timestamp :2025-12-26T13:20:00
2026-08-28 09:27:19 INFO:DUKASCRIPT:current timestamp :2026-01-29T04:50:00
2026-08-28 09:27:19 INFO:DUKASCRIPT:current timestamp :2026-03-02T18:50:00
2026-08-28 09:27:19 INFO:DUKASCRIPT:current timestamp :2026-04-02T07:45:00
2026-08-28 09:27:19 INFO:DUKASCRIPT:current timestamp :2026-05-15T10:45:00
2026-08-28 09:27:19 INFO:DUKASCRIPT:current timestamp :2026-06-17T05:15:00
2026-08-28 09:27:19 INFO:DUKASCRIPT:current timestamp :2026-07-20T00:25:00
2026-08-28 09:27:19 INFO:DUKASCRIPT:current timestamp :2026-08-19T11:10:00
2026-08-28 09:27:19 INFO:DUKASCRIPT:current timestamp :2026-08-28T09:20:00
2026-08-28 09:27:19 INFO:DUKASCRIPT:current timestamp :2025-05-16T12:15:00
2026-08-28 09:27:19 INFO:DUKASCRIPT:current timestamp :2025-06-18T06:30:00
2026-08-28 09:27:19 INFO:DUKASCRIPT:current timestamp :2025-07-21T06:30:00
2026-08-28 09:27:19 INFO:DUKASCRIPT:current timestamp :2025-08-20T18:45:00
2026-08-28 09:27:19 INFO:DUKASCRIPT:current timestamp :2025-09-22T10:45:00
2026-08-28 09:27:19 INFO:DUKASCRIPT:current timestamp :2025-10-22T21:00:00
2026-08-28 09:27:19 INFO:DUKASCRIPT:current timestamp :2025-11-24T09:00:00
2026-08-28 09:27:19 INFO:DUKASCRIPT:current timestamp :2025-12-26T17:00:00
2026-08-28 09:27:19 INFO:DUKASCRIPT:current timestamp :2026-01-29T08:15:00
2026-08-28 09:27:19 INFO:DUKASCRIPT:current timestamp :2026-03-02T21:45:00
2026-08-28 09:27:19 INFO:DUKASCRIPT:current timestamp :2026-04-02T10:15:00
2026-08-28 09:27:19 INFO:DUKASCRIPT:current timestamp :2026-05-05T20:30:00
2026-08-28 09:27:19 INFO:DUKASCRIPT:current timestamp :2026-06-05T13:00:00
2026-08-28 09:27:19 INFO:DUKASCRIPT:current timestamp :2026-07-08T08:30:00
2026-08-28 09:27:19 INFO:DUKASCRIPT:current timestamp :2026-08-07T18:45:00
2026-08-28 09:27:19 INFO:DUKASCRIPT:current timestamp :2026-08-28T09:00:00
2026-08-28 09:27:19 INFO:DUKASCRIPT:current timestamp :2025-05-16T12:25:00
2026-08-28 09:27:19 INFO:DUKASCRIPT:current timestamp :2025-06-18T07:00:00
2026-08-28 09:27:19 INFO:DUKASCRIPT:current timestamp :2025-07-21T07:15:00
2026-08-28 09:27:19 INFO:DUKASCRIPT:current timestamp :2025-08-20T19:45:00
2026-08-28 09:27:19 INFO:DUKASCRIPT:current timestamp :2025-09-22T11:55:00
2026-08-28 09:27:19 INFO:DUKASCRIPT:current timestamp :2025-10-23T00:15:00
2026-08-28 09:27:19 INFO:DUKASCRIPT:current timestamp :2025-11-24T10:40:00
2026-08-28 09:27:19 INFO:DUKASCRIPT:current timestamp :2025-12-26T18:55:00
2026-08-28 09:27:19 INFO:DUKASCRIPT:current timestamp :2026-01-29T10:20:00
2026-08-28 09:27:19 INFO:DUKASCRIPT:current timestamp :2026-03-03T01:45:00
2026-08-28 09:27:19 INFO:DUKASCRIPT:current timestamp :2026-04-02T12:50:00
2026-08-28 09:27:19 INFO:DUKASCRIPT:current timestamp :2026-05-15T10:30:00
2026-08-28 09:27:19 INFO:DUKASCRIPT:current timestamp :2026-06-17T04:25:00
2026-08-28 09:27:19 INFO:DUKASCRIPT:current timestamp :2026-07-17T21:20:00
2026-08-28 09:27:19 INFO:DUKASCRIPT:current timestamp :2026-08-19T09:30:00
2026-08-28 09:27:19 INFO:DUKASCRIPT:current timestamp :2026-08-28T09:20:00
2026-08-28 09:27:19 {
2026-08-28 09:27:19   "date": "2026-08-28 07:25:06.289378",
2026-08-28 09:27:19   "equity": 99952.73840853585,
2026-08-28 09:27:19   "current_dd": -0.00047261591464153874,
2026-08-28 09:27:19   "kill_switch_active": false,
2026-08-28 09:27:19   "n_trades": 0
2026-08-28 09:27:19 }
2026-08-28 09:27:19 [main 24780dc] EK Portfolio Bot: Snapshot 2026-08-28 09:27
2026-08-28 09:27:19  3 files changed, 229 insertions(+), 1 deletion(-)
2026-08-28 09:27:21 To https://github.com/AndrowDeluxe/Forex-Backtesting.git
2026-08-28 09:27:21    25ead27..24780dc  main -> main
2026-08-28 09:27:21 Commit + Push erfolgreich.
2026-08-28 09:27:21 === EK-Portfolio-Task beendet ===
2026-08-28 10:25:05 === EK-Portfolio-Task gestartet ===
2026-08-28 10:27:19 INFO:DUKASCRIPT:current timestamp :2026-08-28T10:00:00
2026-08-28 10:27:19 INFO:DUKASCRIPT:current timestamp :2026-08-28T10:00:00
2026-08-28 10:27:19 INFO:DUKASCRIPT:current timestamp :2026-08-27T02:00:00
2026-08-28 10:27:19 INFO:DUKASCRIPT:current timestamp :2025-08-21T21:15:00
2026-08-28 10:27:19 INFO:DUKASCRIPT:current timestamp :2025-09-19T19:10:00
2026-08-28 10:27:19 INFO:DUKASCRIPT:current timestamp :2025-10-20T16:55:00
2026-08-28 10:27:19 INFO:DUKASCRIPT:current timestamp :2025-11-18T14:35:00
2026-08-28 10:27:19 INFO:DUKASCRIPT:current timestamp :2025-12-17T12:30:00
2026-08-28 10:27:19 INFO:DUKASCRIPT:current timestamp :2026-01-19T07:00:00
2026-08-28 10:27:19 INFO:DUKASCRIPT:current timestamp :2026-02-17T04:30:00
2026-08-28 10:27:19 INFO:DUKASCRIPT:current timestamp :2026-03-18T00:25:00
2026-08-28 10:27:19 INFO:DUKASCRIPT:current timestamp :2026-04-15T23:00:00
2026-08-28 10:27:19 INFO:DUKASCRIPT:current timestamp :2026-05-14T21:05:00
2026-08-28 10:27:19 INFO:DUKASCRIPT:current timestamp :2026-06-12T19:40:00
2026-08-28 10:27:19 INFO:DUKASCRIPT:current timestamp :2026-07-13T18:15:00
2026-08-28 10:27:19 INFO:DUKASCRIPT:current timestamp :2026-08-11T16:15:00
2026-08-28 10:27:19 INFO:DUKASCRIPT:current timestamp :2026-08-28T10:20:00
2026-08-28 10:27:19 INFO:DUKASCRIPT:current timestamp :2025-08-21T23:00:00
2026-08-28 10:27:19 INFO:DUKASCRIPT:current timestamp :2025-09-19T22:00:00
2026-08-28 10:27:19 INFO:DUKASCRIPT:current timestamp :2025-10-20T20:45:00
2026-08-28 10:27:19 INFO:DUKASCRIPT:current timestamp :2025-11-18T20:00:00
2026-08-28 10:27:19 INFO:DUKASCRIPT:current timestamp :2025-12-17T19:00:00
2026-08-28 10:27:19 INFO:DUKASCRIPT:current timestamp :2026-01-19T13:00:00
2026-08-28 10:27:19 INFO:DUKASCRIPT:current timestamp :2026-02-17T11:15:00
2026-08-28 10:27:19 INFO:DUKASCRIPT:current timestamp :2026-03-18T07:30:00
2026-08-28 10:27:19 INFO:DUKASCRIPT:current timestamp :2026-04-16T06:30:00
2026-08-28 10:27:19 INFO:DUKASCRIPT:current timestamp :2026-05-15T05:00:00
2026-08-28 10:27:19 INFO:DUKASCRIPT:current timestamp :2026-06-15T03:45:00
2026-08-28 10:27:19 INFO:DUKASCRIPT:current timestamp :2026-07-14T02:00:00
2026-08-28 10:27:19 INFO:DUKASCRIPT:current timestamp :2026-08-11T23:45:00
2026-08-28 10:27:19 INFO:DUKASCRIPT:current timestamp :2026-08-28T10:00:00
2026-08-28 10:27:19 INFO:DUKASCRIPT:current timestamp :2025-08-21T22:00:00
2026-08-28 10:27:19 INFO:DUKASCRIPT:current timestamp :2025-09-19T20:00:00
2026-08-28 10:27:19 INFO:DUKASCRIPT:current timestamp :2025-10-20T17:30:00
2026-08-28 10:27:19 INFO:DUKASCRIPT:current timestamp :2025-11-18T15:15:00
2026-08-28 10:27:19 INFO:DUKASCRIPT:current timestamp :2025-12-17T12:00:00
2026-08-28 10:27:19 INFO:DUKASCRIPT:current timestamp :2026-01-19T03:00:00
2026-08-28 10:27:19 INFO:DUKASCRIPT:current timestamp :2026-02-17T00:15:00
2026-08-28 10:27:19 INFO:DUKASCRIPT:current timestamp :2026-03-17T20:15:00
2026-08-28 10:27:19 INFO:DUKASCRIPT:current timestamp :2026-04-15T19:45:00
2026-08-28 10:27:19 INFO:DUKASCRIPT:current timestamp :2026-05-14T17:30:00
2026-08-28 10:27:19 INFO:DUKASCRIPT:current timestamp :2026-06-12T16:15:00
2026-08-28 10:27:19 INFO:DUKASCRIPT:current timestamp :2026-07-13T14:30:00
2026-08-28 10:27:19 INFO:DUKASCRIPT:current timestamp :2026-08-11T11:45:00
2026-08-28 10:27:19 INFO:DUKASCRIPT:current timestamp :2026-08-28T10:00:00
2026-08-28 10:27:19 INFO:DUKASCRIPT:current timestamp :2025-08-21T21:45:00
2026-08-28 10:27:19 INFO:DUKASCRIPT:current timestamp :2025-09-19T20:30:00
2026-08-28 10:27:19 INFO:DUKASCRIPT:current timestamp :2025-10-20T18:45:00
2026-08-28 10:27:19 INFO:DUKASCRIPT:current timestamp :2025-11-18T17:30:00
2026-08-28 10:27:19 INFO:DUKASCRIPT:current timestamp :2025-12-17T16:30:00
2026-08-28 10:27:19 INFO:DUKASCRIPT:current timestamp :2026-01-19T09:15:00
2026-08-28 10:27:19 INFO:DUKASCRIPT:current timestamp :2026-02-17T07:30:00
2026-08-28 10:27:19 INFO:DUKASCRIPT:current timestamp :2026-03-18T03:45:00
2026-08-28 10:27:19 INFO:DUKASCRIPT:current timestamp :2026-04-16T03:30:00
2026-08-28 10:27:19 INFO:DUKASCRIPT:current timestamp :2026-05-15T02:30:00
2026-08-28 10:27:19 INFO:DUKASCRIPT:current timestamp :2026-06-15T01:30:00
2026-08-28 10:27:19 INFO:DUKASCRIPT:current timestamp :2026-07-14T00:45:00
2026-08-28 10:27:19 INFO:DUKASCRIPT:current timestamp :2026-08-11T23:45:00
2026-08-28 10:27:19 INFO:DUKASCRIPT:current timestamp :2026-08-28T10:00:00
2026-08-28 10:27:19 INFO:DUKASCRIPT:current timestamp :2025-08-21T22:45:00
2026-08-28 10:27:19 INFO:DUKASCRIPT:current timestamp :2025-09-19T21:45:00
2026-08-28 10:27:19 INFO:DUKASCRIPT:current timestamp :2025-10-20T20:45:00
2026-08-28 10:27:19 INFO:DUKASCRIPT:current timestamp :2025-11-18T18:00:00
2026-08-28 10:27:19 INFO:DUKASCRIPT:current timestamp :2025-12-17T15:45:00
2026-08-28 10:27:19 INFO:DUKASCRIPT:current timestamp :2026-01-19T09:30:00
2026-08-28 10:27:19 INFO:DUKASCRIPT:current timestamp :2026-02-17T07:30:00
2026-08-28 10:27:19 INFO:DUKASCRIPT:current timestamp :2026-03-18T03:30:00
2026-08-28 10:27:19 INFO:DUKASCRIPT:current timestamp :2026-04-16T02:00:00
2026-08-28 10:27:19 INFO:DUKASCRIPT:current timestamp :2026-05-15T00:00:00
2026-08-28 10:27:19 INFO:DUKASCRIPT:current timestamp :2026-06-12T22:30:00
2026-08-28 10:27:19 INFO:DUKASCRIPT:current timestamp :2026-07-13T21:15:00
2026-08-28 10:27:19 INFO:DUKASCRIPT:current timestamp :2026-08-11T19:45:00
2026-08-28 10:27:19 INFO:DUKASCRIPT:current timestamp :2026-08-28T10:00:00
2026-08-28 10:27:19 INFO:DUKASCRIPT:current timestamp :2025-08-21T21:00:00
2026-08-28 10:27:19 INFO:DUKASCRIPT:current timestamp :2025-09-19T17:45:00
2026-08-28 10:27:19 INFO:DUKASCRIPT:current timestamp :2025-10-20T14:30:00
2026-08-28 10:27:19 INFO:DUKASCRIPT:current timestamp :2025-11-18T11:00:00
2026-08-28 10:27:19 INFO:DUKASCRIPT:current timestamp :2025-12-17T07:45:00
2026-08-28 10:27:19 INFO:DUKASCRIPT:current timestamp :2026-01-19T00:45:00
2026-08-28 10:27:19 INFO:DUKASCRIPT:current timestamp :2026-02-16T22:30:00
2026-08-28 10:27:19 INFO:DUKASCRIPT:current timestamp :2026-03-17T19:00:00
2026-08-28 10:27:19 INFO:DUKASCRIPT:current timestamp :2026-04-15T18:15:00
2026-08-28 10:27:19 INFO:DUKASCRIPT:current timestamp :2026-05-14T16:30:00
2026-08-28 10:27:19 INFO:DUKASCRIPT:current timestamp :2026-06-12T15:00:00
2026-08-28 10:27:19 INFO:DUKASCRIPT:current timestamp :2026-07-13T14:00:00
2026-08-28 10:27:19 INFO:DUKASCRIPT:current timestamp :2026-08-11T13:30:00
2026-08-28 10:27:19 INFO:DUKASCRIPT:current timestamp :2026-08-28T10:00:00
2026-08-28 10:27:19 INFO:DUKASCRIPT:current timestamp :2025-10-02T09:35:00
2026-08-28 10:27:19 INFO:DUKASCRIPT:current timestamp :2026-01-02T10:45:00
2026-08-28 10:27:19 INFO:DUKASCRIPT:current timestamp :2026-03-23T13:10:00
2026-08-28 10:27:19 INFO:DUKASCRIPT:current timestamp :2026-06-01T11:25:00
2026-08-28 10:27:19 INFO:DUKASCRIPT:current timestamp :2026-08-12T16:45:00
2026-08-28 10:27:19 INFO:DUKASCRIPT:current timestamp :2026-08-28T10:15:00
2026-08-28 10:27:19 INFO:DUKASCRIPT:current timestamp :2025-10-02T11:30:00
2026-08-28 10:27:19 INFO:DUKASCRIPT:current timestamp :2025-12-15T05:30:00
2026-08-28 10:27:19 INFO:DUKASCRIPT:current timestamp :2026-03-02T12:05:00
2026-08-28 10:27:19 INFO:DUKASCRIPT:current timestamp :2026-04-29T15:05:00
2026-08-28 10:27:19 INFO:DUKASCRIPT:current timestamp :2026-07-09T01:15:00
2026-08-28 10:27:19 INFO:DUKASCRIPT:current timestamp :2026-08-28T10:15:00
2026-08-28 10:27:19 ERROR:tvDatafeed.main:error while signin
2026-08-28 10:27:19 WARNING:tvDatafeed.main:you are using nologin method, data you access may be limited
2026-08-28 10:27:19 INFO:DUKASCRIPT:current timestamp :2026-08-27T02:00:00
2026-08-28 10:27:19 INFO:DUKASCRIPT:current timestamp :2026-08-28T09:00:00
2026-08-28 10:27:19 INFO:DUKASCRIPT:current timestamp :2026-08-28T09:00:00
2026-08-28 10:27:19 INFO:DUKASCRIPT:current timestamp :2026-08-28T09:00:00
2026-08-28 10:27:19 INFO:DUKASCRIPT:current timestamp :2026-08-28T06:00:00
2026-08-28 10:27:19 INFO:DUKASCRIPT:current timestamp :2026-08-28T06:00:00
2026-08-28 10:27:19 INFO:DUKASCRIPT:current timestamp :2026-08-28T06:00:00
2026-08-28 10:27:19 INFO:DUKASCRIPT:current timestamp :2026-08-28T09:00:00
2026-08-28 10:27:19 INFO:DUKASCRIPT:current timestamp :2026-06-30T20:45:00
2026-08-28 10:27:19 INFO:DUKASCRIPT:current timestamp :2026-07-30T18:30:00
2026-08-28 10:27:19 INFO:DUKASCRIPT:current timestamp :2026-08-28T10:00:00
2026-08-28 10:27:19 INFO:DUKASCRIPT:current timestamp :2026-06-30T20:55:00
2026-08-28 10:27:19 INFO:DUKASCRIPT:current timestamp :2026-07-30T18:50:00
2026-08-28 10:27:19 INFO:DUKASCRIPT:current timestamp :2026-08-28T10:20:00
2026-08-28 10:27:19 INFO:DUKASCRIPT:current timestamp :2026-08-28T06:00:00
2026-08-28 10:27:19 INFO:DUKASCRIPT:current timestamp :2026-08-28T06:00:00
2026-08-28 10:27:19 INFO:DUKASCRIPT:current timestamp :2025-05-16T10:30:00
2026-08-28 10:27:19 INFO:DUKASCRIPT:current timestamp :2025-06-18T04:00:00
2026-08-28 10:27:19 INFO:DUKASCRIPT:current timestamp :2025-07-21T05:15:00
2026-08-28 10:27:19 INFO:DUKASCRIPT:current timestamp :2025-08-20T21:15:00
2026-08-28 10:27:19 INFO:DUKASCRIPT:current timestamp :2025-09-22T17:30:00
2026-08-28 10:27:19 INFO:DUKASCRIPT:current timestamp :2025-10-23T12:15:00
2026-08-28 10:27:19 INFO:DUKASCRIPT:current timestamp :2025-11-25T01:15:00
2026-08-28 10:27:19 INFO:DUKASCRIPT:current timestamp :2025-12-29T11:30:00
2026-08-28 10:27:19 INFO:DUKASCRIPT:current timestamp :2026-01-30T04:45:00
2026-08-28 10:27:19 INFO:DUKASCRIPT:current timestamp :2026-03-03T18:15:00
2026-08-28 10:27:19 INFO:DUKASCRIPT:current timestamp :2026-04-06T06:30:00
2026-08-28 10:27:19 INFO:DUKASCRIPT:current timestamp :2026-05-06T17:45:00
2026-08-28 10:27:19 INFO:DUKASCRIPT:current timestamp :2026-06-08T10:15:00
2026-08-28 10:27:19 INFO:DUKASCRIPT:current timestamp :2026-07-09T05:45:00
2026-08-28 10:27:19 INFO:DUKASCRIPT:current timestamp :2026-08-10T16:45:00
2026-08-28 10:27:19 INFO:DUKASCRIPT:current timestamp :2026-08-28T10:00:00
2026-08-28 10:27:19 INFO:DUKASCRIPT:current timestamp :2025-05-16T10:50:00
2026-08-28 10:27:19 INFO:DUKASCRIPT:current timestamp :2025-06-18T04:40:00
2026-08-28 10:27:19 INFO:DUKASCRIPT:current timestamp :2025-07-21T06:25:00
2026-08-28 10:27:19 INFO:DUKASCRIPT:current timestamp :2025-08-21T00:10:00
2026-08-28 10:27:19 INFO:DUKASCRIPT:current timestamp :2025-09-22T18:50:00
2026-08-28 10:27:19 INFO:DUKASCRIPT:current timestamp :2025-10-23T13:50:00
2026-08-28 10:27:19 INFO:DUKASCRIPT:current timestamp :2025-11-25T03:00:00
2026-08-28 10:27:19 INFO:DUKASCRIPT:current timestamp :2025-12-29T13:35:00
2026-08-28 10:27:19 INFO:DUKASCRIPT:current timestamp :2026-01-30T07:00:00
2026-08-28 10:27:19 INFO:DUKASCRIPT:current timestamp :2026-03-03T20:45:00
2026-08-28 10:27:19 INFO:DUKASCRIPT:current timestamp :2026-04-06T09:10:00
2026-08-28 10:27:19 INFO:DUKASCRIPT:current timestamp :2026-05-15T10:55:00
2026-08-28 10:27:19 INFO:DUKASCRIPT:current timestamp :2026-06-17T04:10:00
2026-08-28 10:27:19 INFO:DUKASCRIPT:current timestamp :2026-07-17T21:30:00
2026-08-28 10:27:19 INFO:DUKASCRIPT:current timestamp :2026-08-19T11:55:00
2026-08-28 10:27:19 INFO:DUKASCRIPT:current timestamp :2026-08-28T10:20:00
2026-08-28 10:27:19 INFO:DUKASCRIPT:current timestamp :2025-05-16T10:45:00
2026-08-28 10:27:19 INFO:DUKASCRIPT:current timestamp :2025-06-18T03:15:00
2026-08-28 10:27:19 INFO:DUKASCRIPT:current timestamp :2025-07-21T01:30:00
2026-08-28 10:27:19 INFO:DUKASCRIPT:current timestamp :2025-08-20T12:15:00
2026-08-28 10:27:19 INFO:DUKASCRIPT:current timestamp :2025-09-22T04:15:00
2026-08-28 10:27:19 INFO:DUKASCRIPT:current timestamp :2025-10-22T14:45:00
2026-08-28 10:27:19 INFO:DUKASCRIPT:current timestamp :2025-11-24T02:45:00
2026-08-28 10:27:19 INFO:DUKASCRIPT:current timestamp :2025-12-26T11:15:00
2026-08-28 10:27:19 INFO:DUKASCRIPT:current timestamp :2026-01-29T02:30:00
2026-08-28 10:27:19 INFO:DUKASCRIPT:current timestamp :2026-03-02T16:15:00
2026-08-28 10:27:19 INFO:DUKASCRIPT:current timestamp :2026-04-02T05:00:00
2026-08-28 10:27:19 INFO:DUKASCRIPT:current timestamp :2026-05-05T15:45:00
2026-08-28 10:27:19 INFO:DUKASCRIPT:current timestamp :2026-06-05T08:30:00
2026-08-28 10:27:19 INFO:DUKASCRIPT:current timestamp :2026-07-08T05:00:00
2026-08-28 10:27:19 INFO:DUKASCRIPT:current timestamp :2026-08-07T15:15:00
2026-08-28 10:27:19 INFO:DUKASCRIPT:current timestamp :2026-08-28T10:00:00
2026-08-28 10:27:19 INFO:DUKASCRIPT:current timestamp :2025-05-16T11:00:00
2026-08-28 10:27:19 INFO:DUKASCRIPT:current timestamp :2025-06-18T03:50:00
2026-08-28 10:27:19 INFO:DUKASCRIPT:current timestamp :2025-07-21T02:15:00
2026-08-28 10:27:19 INFO:DUKASCRIPT:current timestamp :2025-08-20T13:20:00
2026-08-28 10:27:19 INFO:DUKASCRIPT:current timestamp :2025-09-22T05:30:00
2026-08-28 10:27:19 INFO:DUKASCRIPT:current timestamp :2025-10-22T16:20:00
2026-08-28 10:27:19 INFO:DUKASCRIPT:current timestamp :2025-11-24T04:30:00
2026-08-28 10:27:19 INFO:DUKASCRIPT:current timestamp :2025-12-26T13:20:00
2026-08-28 10:27:19 INFO:DUKASCRIPT:current timestamp :2026-01-29T04:50:00
2026-08-28 10:27:19 INFO:DUKASCRIPT:current timestamp :2026-03-02T18:50:00
2026-08-28 10:27:19 INFO:DUKASCRIPT:current timestamp :2026-04-02T07:45:00
2026-08-28 10:27:19 INFO:DUKASCRIPT:current timestamp :2026-05-15T10:45:00
2026-08-28 10:27:19 INFO:DUKASCRIPT:current timestamp :2026-06-17T05:15:00
2026-08-28 10:27:19 INFO:DUKASCRIPT:current timestamp :2026-07-20T00:25:00
2026-08-28 10:27:19 INFO:DUKASCRIPT:current timestamp :2026-08-19T11:10:00
2026-08-28 10:27:19 INFO:DUKASCRIPT:current timestamp :2026-08-28T10:20:00
2026-08-28 10:27:19 INFO:DUKASCRIPT:current timestamp :2025-05-16T12:15:00
2026-08-28 10:27:19 INFO:DUKASCRIPT:current timestamp :2025-06-18T06:30:00
2026-08-28 10:27:19 INFO:DUKASCRIPT:current timestamp :2025-07-21T06:30:00
2026-08-28 10:27:19 INFO:DUKASCRIPT:current timestamp :2025-08-20T18:45:00
2026-08-28 10:27:19 INFO:DUKASCRIPT:current timestamp :2025-09-22T10:45:00
2026-08-28 10:27:19 INFO:DUKASCRIPT:current timestamp :2025-10-22T21:00:00
2026-08-28 10:27:19 INFO:DUKASCRIPT:current timestamp :2025-11-24T09:00:00
2026-08-28 10:27:19 INFO:DUKASCRIPT:current timestamp :2025-12-26T17:00:00
2026-08-28 10:27:19 INFO:DUKASCRIPT:current timestamp :2026-01-29T08:15:00
2026-08-28 10:27:19 INFO:DUKASCRIPT:current timestamp :2026-03-02T21:45:00
2026-08-28 10:27:19 INFO:DUKASCRIPT:current timestamp :2026-04-02T10:15:00
2026-08-28 10:27:19 INFO:DUKASCRIPT:current timestamp :2026-05-05T20:30:00
2026-08-28 10:27:19 INFO:DUKASCRIPT:current timestamp :2026-06-05T13:00:00
2026-08-28 10:27:19 INFO:DUKASCRIPT:current timestamp :2026-07-08T08:30:00
2026-08-28 10:27:19 INFO:DUKASCRIPT:current timestamp :2026-08-07T18:45:00
2026-08-28 10:27:19 INFO:DUKASCRIPT:current timestamp :2026-08-28T10:00:00
2026-08-28 10:27:19 INFO:DUKASCRIPT:current timestamp :2025-05-16T12:25:00
2026-08-28 10:27:19 INFO:DUKASCRIPT:current timestamp :2025-06-18T07:00:00
2026-08-28 10:27:19 INFO:DUKASCRIPT:current timestamp :2025-07-21T07:15:00
2026-08-28 10:27:19 INFO:DUKASCRIPT:current timestamp :2025-08-20T19:45:00
2026-08-28 10:27:19 INFO:DUKASCRIPT:current timestamp :2025-09-22T11:55:00
2026-08-28 10:27:19 INFO:DUKASCRIPT:current timestamp :2025-10-23T00:15:00
2026-08-28 10:27:19 INFO:DUKASCRIPT:current timestamp :2025-11-24T10:40:00
2026-08-28 10:27:19 INFO:DUKASCRIPT:current timestamp :2025-12-26T18:55:00
2026-08-28 10:27:19 INFO:DUKASCRIPT:current timestamp :2026-01-29T10:20:00
2026-08-28 10:27:19 INFO:DUKASCRIPT:current timestamp :2026-03-03T01:45:00
2026-08-28 10:27:19 INFO:DUKASCRIPT:current timestamp :2026-04-02T12:50:00
2026-08-28 10:27:19 INFO:DUKASCRIPT:current timestamp :2026-05-15T10:30:00
2026-08-28 10:27:19 INFO:DUKASCRIPT:current timestamp :2026-06-17T04:25:00
2026-08-28 10:27:19 INFO:DUKASCRIPT:current timestamp :2026-07-17T21:20:00
2026-08-28 10:27:19 INFO:DUKASCRIPT:current timestamp :2026-08-19T09:30:00
2026-08-28 10:27:19 INFO:DUKASCRIPT:current timestamp :2026-08-28T10:20:00
2026-08-28 10:27:19 {
2026-08-28 10:27:19   "date": "2026-08-28 08:25:06.324644",
2026-08-28 10:27:19   "equity": 99952.73840853585,
2026-08-28 10:27:19   "current_dd": -0.00047261591464153874,
2026-08-28 10:27:19   "kill_switch_active": false,
2026-08-28 10:27:19   "n_trades": 0
2026-08-28 10:27:19 }
2026-08-28 10:27:19 [main b9da18d] EK Portfolio Bot: Snapshot 2026-08-28 10:27
2026-08-28 10:27:19  3 files changed, 229 insertions(+), 1 deletion(-)
2026-08-28 10:27:22 To https://github.com/AndrowDeluxe/Forex-Backtesting.git
2026-08-28 10:27:22    bec571c..b9da18d  main -> main
2026-08-28 10:27:22 Commit + Push erfolgreich.
2026-08-28 10:27:22 === EK-Portfolio-Task beendet ===
2026-08-28 11:25:05 === EK-Portfolio-Task gestartet ===
2026-08-28 11:27:17 INFO:DUKASCRIPT:current timestamp :2026-08-28T11:00:00
2026-08-28 11:27:17 INFO:DUKASCRIPT:current timestamp :2026-08-28T11:00:00
2026-08-28 11:27:17 INFO:DUKASCRIPT:current timestamp :2026-08-27T02:00:00
2026-08-28 11:27:17 INFO:DUKASCRIPT:current timestamp :2025-08-21T21:15:00
2026-08-28 11:27:17 INFO:DUKASCRIPT:current timestamp :2025-09-19T19:10:00
2026-08-28 11:27:17 INFO:DUKASCRIPT:current timestamp :2025-10-20T16:55:00
2026-08-28 11:27:17 INFO:DUKASCRIPT:current timestamp :2025-11-18T14:35:00
2026-08-28 11:27:17 INFO:DUKASCRIPT:current timestamp :2025-12-17T12:30:00
2026-08-28 11:27:17 INFO:DUKASCRIPT:current timestamp :2026-01-19T07:00:00
2026-08-28 11:27:17 INFO:DUKASCRIPT:current timestamp :2026-02-17T04:30:00
2026-08-28 11:27:17 INFO:DUKASCRIPT:current timestamp :2026-03-18T00:25:00
2026-08-28 11:27:17 INFO:DUKASCRIPT:current timestamp :2026-04-15T23:00:00
2026-08-28 11:27:17 INFO:DUKASCRIPT:current timestamp :2026-05-14T21:05:00
2026-08-28 11:27:17 INFO:DUKASCRIPT:current timestamp :2026-06-12T19:40:00
2026-08-28 11:27:17 INFO:DUKASCRIPT:current timestamp :2026-07-13T18:15:00
2026-08-28 11:27:17 INFO:DUKASCRIPT:current timestamp :2026-08-11T16:15:00
2026-08-28 11:27:17 INFO:DUKASCRIPT:current timestamp :2026-08-28T11:20:00
2026-08-28 11:27:17 INFO:DUKASCRIPT:current timestamp :2025-08-21T23:00:00
2026-08-28 11:27:17 INFO:DUKASCRIPT:current timestamp :2025-09-19T22:00:00
2026-08-28 11:27:17 INFO:DUKASCRIPT:current timestamp :2025-10-20T20:45:00
2026-08-28 11:27:17 INFO:DUKASCRIPT:current timestamp :2025-11-18T20:00:00
2026-08-28 11:27:17 INFO:DUKASCRIPT:current timestamp :2025-12-17T19:00:00
2026-08-28 11:27:17 INFO:DUKASCRIPT:current timestamp :2026-01-19T13:00:00
2026-08-28 11:27:17 INFO:DUKASCRIPT:current timestamp :2026-02-17T11:15:00
2026-08-28 11:27:17 INFO:DUKASCRIPT:current timestamp :2026-03-18T07:30:00
2026-08-28 11:27:17 INFO:DUKASCRIPT:current timestamp :2026-04-16T06:30:00
2026-08-28 11:27:17 INFO:DUKASCRIPT:current timestamp :2026-05-15T05:00:00
2026-08-28 11:27:17 INFO:DUKASCRIPT:current timestamp :2026-06-15T03:45:00
2026-08-28 11:27:17 INFO:DUKASCRIPT:current timestamp :2026-07-14T02:00:00
2026-08-28 11:27:17 INFO:DUKASCRIPT:current timestamp :2026-08-11T23:45:00
2026-08-28 11:27:17 INFO:DUKASCRIPT:current timestamp :2026-08-28T11:00:00
2026-08-28 11:27:17 INFO:DUKASCRIPT:current timestamp :2025-08-21T22:00:00
2026-08-28 11:27:17 INFO:DUKASCRIPT:current timestamp :2025-09-19T20:00:00
2026-08-28 11:27:17 INFO:DUKASCRIPT:current timestamp :2025-10-20T17:30:00
2026-08-28 11:27:17 INFO:DUKASCRIPT:current timestamp :2025-11-18T15:15:00
2026-08-28 11:27:17 INFO:DUKASCRIPT:current timestamp :2025-12-17T12:00:00
2026-08-28 11:27:17 INFO:DUKASCRIPT:current timestamp :2026-01-19T03:00:00
2026-08-28 11:27:17 INFO:DUKASCRIPT:current timestamp :2026-02-17T00:15:00
2026-08-28 11:27:17 INFO:DUKASCRIPT:current timestamp :2026-03-17T20:15:00
2026-08-28 11:27:17 INFO:DUKASCRIPT:current timestamp :2026-04-15T19:45:00
2026-08-28 11:27:17 INFO:DUKASCRIPT:current timestamp :2026-05-14T17:30:00
2026-08-28 11:27:17 INFO:DUKASCRIPT:current timestamp :2026-06-12T16:15:00
2026-08-28 11:27:17 INFO:DUKASCRIPT:current timestamp :2026-07-13T14:30:00
2026-08-28 11:27:17 INFO:DUKASCRIPT:current timestamp :2026-08-11T11:45:00
2026-08-28 11:27:17 INFO:DUKASCRIPT:current timestamp :2026-08-28T11:00:00
2026-08-28 11:27:17 INFO:DUKASCRIPT:current timestamp :2025-08-21T21:45:00
2026-08-28 11:27:17 INFO:DUKASCRIPT:current timestamp :2025-09-19T20:30:00
2026-08-28 11:27:17 INFO:DUKASCRIPT:current timestamp :2025-10-20T18:45:00
2026-08-28 11:27:17 INFO:DUKASCRIPT:current timestamp :2025-11-18T17:30:00
2026-08-28 11:27:17 INFO:DUKASCRIPT:current timestamp :2025-12-17T16:30:00
2026-08-28 11:27:17 INFO:DUKASCRIPT:current timestamp :2026-01-19T09:15:00
2026-08-28 11:27:17 INFO:DUKASCRIPT:current timestamp :2026-02-17T07:30:00
2026-08-28 11:27:17 INFO:DUKASCRIPT:current timestamp :2026-03-18T03:45:00
2026-08-28 11:27:17 INFO:DUKASCRIPT:current timestamp :2026-04-16T03:30:00
2026-08-28 11:27:17 INFO:DUKASCRIPT:current timestamp :2026-05-15T02:30:00
2026-08-28 11:27:17 INFO:DUKASCRIPT:current timestamp :2026-06-15T01:30:00
2026-08-28 11:27:17 INFO:DUKASCRIPT:current timestamp :2026-07-14T00:45:00
2026-08-28 11:27:17 INFO:DUKASCRIPT:current timestamp :2026-08-11T23:45:00
2026-08-28 11:27:17 INFO:DUKASCRIPT:current timestamp :2026-08-28T11:00:00
2026-08-28 11:27:17 INFO:DUKASCRIPT:current timestamp :2025-08-21T22:45:00
2026-08-28 11:27:17 INFO:DUKASCRIPT:current timestamp :2025-09-19T21:45:00
2026-08-28 11:27:17 INFO:DUKASCRIPT:current timestamp :2025-10-20T20:45:00
2026-08-28 11:27:17 INFO:DUKASCRIPT:current timestamp :2025-11-18T18:00:00
2026-08-28 11:27:17 INFO:DUKASCRIPT:current timestamp :2025-12-17T15:45:00
2026-08-28 11:27:17 INFO:DUKASCRIPT:current timestamp :2026-01-19T09:30:00
2026-08-28 11:27:17 INFO:DUKASCRIPT:current timestamp :2026-02-17T07:30:00
2026-08-28 11:27:17 INFO:DUKASCRIPT:current timestamp :2026-03-18T03:30:00
2026-08-28 11:27:17 INFO:DUKASCRIPT:current timestamp :2026-04-16T02:00:00
2026-08-28 11:27:17 INFO:DUKASCRIPT:current timestamp :2026-05-15T00:00:00
2026-08-28 11:27:17 INFO:DUKASCRIPT:current timestamp :2026-06-12T22:30:00
2026-08-28 11:27:17 INFO:DUKASCRIPT:current timestamp :2026-07-13T21:15:00
2026-08-28 11:27:17 INFO:DUKASCRIPT:current timestamp :2026-08-11T19:45:00
2026-08-28 11:27:17 INFO:DUKASCRIPT:current timestamp :2026-08-28T11:00:00
2026-08-28 11:27:17 INFO:DUKASCRIPT:current timestamp :2025-08-21T21:00:00
2026-08-28 11:27:17 INFO:DUKASCRIPT:current timestamp :2025-09-19T17:45:00
2026-08-28 11:27:17 INFO:DUKASCRIPT:current timestamp :2025-10-20T14:30:00
2026-08-28 11:27:17 INFO:DUKASCRIPT:current timestamp :2025-11-18T11:00:00
2026-08-28 11:27:17 INFO:DUKASCRIPT:current timestamp :2025-12-17T07:45:00
2026-08-28 11:27:17 INFO:DUKASCRIPT:current timestamp :2026-01-19T00:45:00
2026-08-28 11:27:17 INFO:DUKASCRIPT:current timestamp :2026-02-16T22:30:00
2026-08-28 11:27:17 INFO:DUKASCRIPT:current timestamp :2026-03-17T19:00:00
2026-08-28 11:27:17 INFO:DUKASCRIPT:current timestamp :2026-04-15T18:15:00
2026-08-28 11:27:17 INFO:DUKASCRIPT:current timestamp :2026-05-14T16:30:00
2026-08-28 11:27:17 INFO:DUKASCRIPT:current timestamp :2026-06-12T15:00:00
2026-08-28 11:27:17 INFO:DUKASCRIPT:current timestamp :2026-07-13T14:00:00
2026-08-28 11:27:17 INFO:DUKASCRIPT:current timestamp :2026-08-11T13:30:00
2026-08-28 11:27:17 INFO:DUKASCRIPT:current timestamp :2026-08-28T11:00:00
2026-08-28 11:27:17 INFO:DUKASCRIPT:current timestamp :2025-10-02T09:35:00
2026-08-28 11:27:17 INFO:DUKASCRIPT:current timestamp :2026-01-02T10:45:00
2026-08-28 11:27:17 INFO:DUKASCRIPT:current timestamp :2026-03-23T13:10:00
2026-08-28 11:27:17 INFO:DUKASCRIPT:current timestamp :2026-06-01T11:25:00
2026-08-28 11:27:17 INFO:DUKASCRIPT:current timestamp :2026-08-12T16:45:00
2026-08-28 11:27:17 INFO:DUKASCRIPT:current timestamp :2026-08-28T11:20:00
2026-08-28 11:27:17 INFO:DUKASCRIPT:current timestamp :2025-10-02T11:30:00
2026-08-28 11:27:17 INFO:DUKASCRIPT:current timestamp :2025-12-15T05:30:00
2026-08-28 11:27:17 INFO:DUKASCRIPT:current timestamp :2026-03-02T12:05:00
2026-08-28 11:27:17 INFO:DUKASCRIPT:current timestamp :2026-04-29T15:05:00
2026-08-28 11:27:17 INFO:DUKASCRIPT:current timestamp :2026-07-09T01:15:00
2026-08-28 11:27:17 INFO:DUKASCRIPT:current timestamp :2026-08-28T11:20:00
2026-08-28 11:27:17 ERROR:tvDatafeed.main:error while signin
2026-08-28 11:27:17 WARNING:tvDatafeed.main:you are using nologin method, data you access may be limited
2026-08-28 11:27:17 INFO:DUKASCRIPT:current timestamp :2026-08-27T02:00:00
2026-08-28 11:27:17 INFO:DUKASCRIPT:current timestamp :2026-08-28T10:00:00
2026-08-28 11:27:17 INFO:DUKASCRIPT:current timestamp :2026-08-28T10:00:00
2026-08-28 11:27:17 INFO:DUKASCRIPT:current timestamp :2026-08-28T10:00:00
2026-08-28 11:27:17 INFO:DUKASCRIPT:current timestamp :2026-08-28T06:00:00
2026-08-28 11:27:17 INFO:DUKASCRIPT:current timestamp :2026-08-28T06:00:00
2026-08-28 11:27:17 INFO:DUKASCRIPT:current timestamp :2026-08-28T06:00:00
2026-08-28 11:27:17 INFO:DUKASCRIPT:current timestamp :2026-08-28T10:00:00
2026-08-28 11:27:17 INFO:DUKASCRIPT:current timestamp :2026-06-30T20:45:00
2026-08-28 11:27:17 INFO:DUKASCRIPT:current timestamp :2026-07-30T18:30:00
2026-08-28 11:27:17 INFO:DUKASCRIPT:current timestamp :2026-08-28T11:00:00
2026-08-28 11:27:17 INFO:DUKASCRIPT:current timestamp :2026-06-30T20:55:00
2026-08-28 11:27:17 INFO:DUKASCRIPT:current timestamp :2026-07-30T18:50:00
2026-08-28 11:27:17 INFO:DUKASCRIPT:current timestamp :2026-08-28T11:20:00
2026-08-28 11:27:17 INFO:DUKASCRIPT:current timestamp :2026-08-28T06:00:00
2026-08-28 11:27:17 INFO:DUKASCRIPT:current timestamp :2026-08-28T06:00:00
2026-08-28 11:27:17 INFO:DUKASCRIPT:current timestamp :2025-05-16T10:30:00
2026-08-28 11:27:17 INFO:DUKASCRIPT:current timestamp :2025-06-18T04:00:00
2026-08-28 11:27:17 INFO:DUKASCRIPT:current timestamp :2025-07-21T05:15:00
2026-08-28 11:27:17 INFO:DUKASCRIPT:current timestamp :2025-08-20T21:15:00
2026-08-28 11:27:17 INFO:DUKASCRIPT:current timestamp :2025-09-22T17:30:00
2026-08-28 11:27:17 INFO:DUKASCRIPT:current timestamp :2025-10-23T12:15:00
2026-08-28 11:27:17 INFO:DUKASCRIPT:current timestamp :2025-11-25T01:15:00
2026-08-28 11:27:17 INFO:DUKASCRIPT:current timestamp :2025-12-29T11:30:00
2026-08-28 11:27:17 INFO:DUKASCRIPT:current timestamp :2026-01-30T04:45:00
2026-08-28 11:27:17 INFO:DUKASCRIPT:current timestamp :2026-03-03T18:15:00
2026-08-28 11:27:17 INFO:DUKASCRIPT:current timestamp :2026-04-06T06:30:00
2026-08-28 11:27:17 INFO:DUKASCRIPT:current timestamp :2026-05-06T17:45:00
2026-08-28 11:27:17 INFO:DUKASCRIPT:current timestamp :2026-06-08T10:15:00
2026-08-28 11:27:17 INFO:DUKASCRIPT:current timestamp :2026-07-09T05:45:00
2026-08-28 11:27:17 INFO:DUKASCRIPT:current timestamp :2026-08-10T16:45:00
2026-08-28 11:27:17 INFO:DUKASCRIPT:current timestamp :2026-08-28T11:00:00
2026-08-28 11:27:17 INFO:DUKASCRIPT:current timestamp :2025-05-16T10:50:00
2026-08-28 11:27:17 INFO:DUKASCRIPT:current timestamp :2025-06-18T04:40:00
2026-08-28 11:27:17 INFO:DUKASCRIPT:current timestamp :2025-07-21T06:25:00
2026-08-28 11:27:17 INFO:DUKASCRIPT:current timestamp :2025-08-21T00:10:00
2026-08-28 11:27:17 INFO:DUKASCRIPT:current timestamp :2025-09-22T18:50:00
2026-08-28 11:27:17 INFO:DUKASCRIPT:current timestamp :2025-10-23T13:50:00
2026-08-28 11:27:17 INFO:DUKASCRIPT:current timestamp :2025-11-25T03:00:00
2026-08-28 11:27:17 INFO:DUKASCRIPT:current timestamp :2025-12-29T13:35:00
2026-08-28 11:27:17 INFO:DUKASCRIPT:current timestamp :2026-01-30T07:00:00
2026-08-28 11:27:17 INFO:DUKASCRIPT:current timestamp :2026-03-03T20:45:00
2026-08-28 11:27:17 INFO:DUKASCRIPT:current timestamp :2026-04-06T09:10:00
2026-08-28 11:27:17 INFO:DUKASCRIPT:current timestamp :2026-05-15T10:55:00
2026-08-28 11:27:17 INFO:DUKASCRIPT:current timestamp :2026-06-17T04:10:00
2026-08-28 11:27:17 INFO:DUKASCRIPT:current timestamp :2026-07-17T21:30:00
2026-08-28 11:27:17 INFO:DUKASCRIPT:current timestamp :2026-08-19T11:55:00
2026-08-28 11:27:17 INFO:DUKASCRIPT:current timestamp :2026-08-28T11:20:00
2026-08-28 11:27:17 INFO:DUKASCRIPT:current timestamp :2025-05-16T10:45:00
2026-08-28 11:27:17 INFO:DUKASCRIPT:current timestamp :2025-06-18T03:15:00
2026-08-28 11:27:17 INFO:DUKASCRIPT:current timestamp :2025-07-21T01:30:00
2026-08-28 11:27:17 INFO:DUKASCRIPT:current timestamp :2025-08-20T12:15:00
2026-08-28 11:27:17 INFO:DUKASCRIPT:current timestamp :2025-09-22T04:15:00
2026-08-28 11:27:17 INFO:DUKASCRIPT:current timestamp :2025-10-22T14:45:00
2026-08-28 11:27:17 INFO:DUKASCRIPT:current timestamp :2025-11-24T02:45:00
2026-08-28 11:27:17 INFO:DUKASCRIPT:current timestamp :2025-12-26T11:15:00
2026-08-28 11:27:17 INFO:DUKASCRIPT:current timestamp :2026-01-29T02:30:00
2026-08-28 11:27:17 INFO:DUKASCRIPT:current timestamp :2026-03-02T16:15:00
2026-08-28 11:27:17 INFO:DUKASCRIPT:current timestamp :2026-04-02T05:00:00
2026-08-28 11:27:17 INFO:DUKASCRIPT:current timestamp :2026-05-05T15:45:00
2026-08-28 11:27:17 INFO:DUKASCRIPT:current timestamp :2026-06-05T08:30:00
2026-08-28 11:27:17 INFO:DUKASCRIPT:current timestamp :2026-07-08T05:00:00
2026-08-28 11:27:17 INFO:DUKASCRIPT:current timestamp :2026-08-07T15:15:00
2026-08-28 11:27:17 INFO:DUKASCRIPT:current timestamp :2026-08-28T11:00:00
2026-08-28 11:27:17 INFO:DUKASCRIPT:current timestamp :2025-05-16T11:00:00
2026-08-28 11:27:17 INFO:DUKASCRIPT:current timestamp :2025-06-18T03:50:00
2026-08-28 11:27:17 INFO:DUKASCRIPT:current timestamp :2025-07-21T02:15:00
2026-08-28 11:27:17 INFO:DUKASCRIPT:current timestamp :2025-08-20T13:20:00
2026-08-28 11:27:17 INFO:DUKASCRIPT:current timestamp :2025-09-22T05:30:00
2026-08-28 11:27:17 INFO:DUKASCRIPT:current timestamp :2025-10-22T16:20:00
2026-08-28 11:27:17 INFO:DUKASCRIPT:current timestamp :2025-11-24T04:30:00
2026-08-28 11:27:17 INFO:DUKASCRIPT:current timestamp :2025-12-26T13:20:00
2026-08-28 11:27:17 INFO:DUKASCRIPT:current timestamp :2026-01-29T04:50:00
2026-08-28 11:27:17 INFO:DUKASCRIPT:current timestamp :2026-03-02T18:50:00
2026-08-28 11:27:17 INFO:DUKASCRIPT:current timestamp :2026-04-02T07:45:00
2026-08-28 11:27:17 INFO:DUKASCRIPT:current timestamp :2026-05-15T10:45:00
2026-08-28 11:27:17 INFO:DUKASCRIPT:current timestamp :2026-06-17T05:15:00
2026-08-28 11:27:17 INFO:DUKASCRIPT:current timestamp :2026-07-20T00:25:00
2026-08-28 11:27:17 INFO:DUKASCRIPT:current timestamp :2026-08-19T11:10:00
2026-08-28 11:27:17 INFO:DUKASCRIPT:current timestamp :2026-08-28T11:20:00
2026-08-28 11:27:17 INFO:DUKASCRIPT:current timestamp :2025-05-16T12:15:00
2026-08-28 11:27:17 INFO:DUKASCRIPT:current timestamp :2025-06-18T06:30:00
2026-08-28 11:27:17 INFO:DUKASCRIPT:current timestamp :2025-07-21T06:30:00
2026-08-28 11:27:17 INFO:DUKASCRIPT:current timestamp :2025-08-20T18:45:00
2026-08-28 11:27:17 INFO:DUKASCRIPT:current timestamp :2025-09-22T10:45:00
2026-08-28 11:27:17 INFO:DUKASCRIPT:current timestamp :2025-10-22T21:00:00
2026-08-28 11:27:17 INFO:DUKASCRIPT:current timestamp :2025-11-24T09:00:00
2026-08-28 11:27:17 INFO:DUKASCRIPT:current timestamp :2025-12-26T17:00:00
2026-08-28 11:27:17 INFO:DUKASCRIPT:current timestamp :2026-01-29T08:15:00
2026-08-28 11:27:17 INFO:DUKASCRIPT:current timestamp :2026-03-02T21:45:00
2026-08-28 11:27:17 INFO:DUKASCRIPT:current timestamp :2026-04-02T10:15:00
2026-08-28 11:27:17 INFO:DUKASCRIPT:current timestamp :2026-05-05T20:30:00
2026-08-28 11:27:17 INFO:DUKASCRIPT:current timestamp :2026-06-05T13:00:00
2026-08-28 11:27:17 INFO:DUKASCRIPT:current timestamp :2026-07-08T08:30:00
2026-08-28 11:27:17 INFO:DUKASCRIPT:current timestamp :2026-08-07T18:45:00
2026-08-28 11:27:17 INFO:DUKASCRIPT:current timestamp :2026-08-28T11:00:00
2026-08-28 11:27:17 INFO:DUKASCRIPT:current timestamp :2025-05-16T12:25:00
2026-08-28 11:27:17 INFO:DUKASCRIPT:current timestamp :2025-06-18T07:00:00
2026-08-28 11:27:17 INFO:DUKASCRIPT:current timestamp :2025-07-21T07:15:00
2026-08-28 11:27:17 INFO:DUKASCRIPT:current timestamp :2025-08-20T19:45:00
2026-08-28 11:27:17 INFO:DUKASCRIPT:current timestamp :2025-09-22T11:55:00
2026-08-28 11:27:17 INFO:DUKASCRIPT:current timestamp :2025-10-23T00:15:00
2026-08-28 11:27:17 INFO:DUKASCRIPT:current timestamp :2025-11-24T10:40:00
2026-08-28 11:27:17 INFO:DUKASCRIPT:current timestamp :2025-12-26T18:55:00
2026-08-28 11:27:17 INFO:DUKASCRIPT:current timestamp :2026-01-29T10:20:00
2026-08-28 11:27:17 INFO:DUKASCRIPT:current timestamp :2026-03-03T01:45:00
2026-08-28 11:27:17 INFO:DUKASCRIPT:current timestamp :2026-04-02T12:50:00
2026-08-28 11:27:17 INFO:DUKASCRIPT:current timestamp :2026-05-15T10:30:00
2026-08-28 11:27:17 INFO:DUKASCRIPT:current timestamp :2026-06-17T04:25:00
2026-08-28 11:27:17 INFO:DUKASCRIPT:current timestamp :2026-07-17T21:20:00
2026-08-28 11:27:17 INFO:DUKASCRIPT:current timestamp :2026-08-19T09:30:00
2026-08-28 11:27:17 INFO:DUKASCRIPT:current timestamp :2026-08-28T11:20:00
2026-08-28 11:27:17 {
2026-08-28 11:27:17   "date": "2026-08-28 09:25:06.306806",
2026-08-28 11:27:17   "equity": 99952.73840853585,
2026-08-28 11:27:17   "current_dd": -0.00047261591464153874,
2026-08-28 11:27:17   "kill_switch_active": false,
2026-08-28 11:27:17   "n_trades": 0
2026-08-28 11:27:17 }
2026-08-28 11:27:18 [main dc92cad] EK Portfolio Bot: Snapshot 2026-08-28 11:27
2026-08-28 11:27:18  3 files changed, 229 insertions(+), 1 deletion(-)
2026-08-28 11:27:20 To https://github.com/AndrowDeluxe/Forex-Backtesting.git
2026-08-28 11:27:20    a24f968..dc92cad  main -> main
2026-08-28 11:27:20 Commit + Push erfolgreich.
2026-08-28 11:27:20 === EK-Portfolio-Task beendet ===
2026-08-28 12:25:05 === EK-Portfolio-Task gestartet ===
2026-08-28 12:26:50 INFO:DUKASCRIPT:current timestamp :2026-08-28T12:00:00
2026-08-28 12:26:50 INFO:DUKASCRIPT:current timestamp :2026-08-28T12:00:00
2026-08-28 12:26:50 INFO:DUKASCRIPT:current timestamp :2026-08-27T02:00:00
2026-08-28 12:26:50 INFO:DUKASCRIPT:current timestamp :2025-08-21T21:15:00
2026-08-28 12:26:50 INFO:DUKASCRIPT:current timestamp :2025-09-19T19:10:00
2026-08-28 12:26:50 INFO:DUKASCRIPT:current timestamp :2025-10-20T16:55:00
2026-08-28 12:26:50 INFO:DUKASCRIPT:current timestamp :2025-11-18T14:35:00
2026-08-28 12:26:50 INFO:DUKASCRIPT:current timestamp :2025-12-17T12:30:00
2026-08-28 12:26:50 INFO:DUKASCRIPT:current timestamp :2026-01-19T07:00:00
2026-08-28 12:26:50 INFO:DUKASCRIPT:current timestamp :2026-02-17T04:30:00
2026-08-28 12:26:50 INFO:DUKASCRIPT:current timestamp :2026-03-18T00:25:00
2026-08-28 12:26:50 INFO:DUKASCRIPT:current timestamp :2026-04-15T23:00:00
2026-08-28 12:26:50 INFO:DUKASCRIPT:current timestamp :2026-05-14T21:05:00
2026-08-28 12:26:50 INFO:DUKASCRIPT:current timestamp :2026-06-12T19:40:00
2026-08-28 12:26:50 INFO:DUKASCRIPT:current timestamp :2026-07-13T18:15:00
2026-08-28 12:26:50 INFO:DUKASCRIPT:current timestamp :2026-08-11T16:15:00
2026-08-28 12:26:50 INFO:DUKASCRIPT:current timestamp :2026-08-28T12:20:00
2026-08-28 12:26:50 INFO:DUKASCRIPT:current timestamp :2025-08-21T23:00:00
2026-08-28 12:26:50 INFO:DUKASCRIPT:current timestamp :2025-09-19T22:00:00
2026-08-28 12:26:50 INFO:DUKASCRIPT:current timestamp :2025-10-20T20:45:00
2026-08-28 12:26:50 INFO:DUKASCRIPT:current timestamp :2025-11-18T20:00:00
2026-08-28 12:26:50 INFO:DUKASCRIPT:current timestamp :2025-12-17T19:00:00
2026-08-28 12:26:50 INFO:DUKASCRIPT:current timestamp :2026-01-19T13:00:00
2026-08-28 12:26:50 INFO:DUKASCRIPT:current timestamp :2026-02-17T11:15:00
2026-08-28 12:26:50 INFO:DUKASCRIPT:current timestamp :2026-03-18T07:30:00
2026-08-28 12:26:50 INFO:DUKASCRIPT:current timestamp :2026-04-16T06:30:00
2026-08-28 12:26:50 INFO:DUKASCRIPT:current timestamp :2026-05-15T05:00:00
2026-08-28 12:26:50 INFO:DUKASCRIPT:current timestamp :2026-06-15T03:45:00
2026-08-28 12:26:50 INFO:DUKASCRIPT:current timestamp :2026-07-14T02:00:00
2026-08-28 12:26:50 INFO:DUKASCRIPT:current timestamp :2026-08-11T23:45:00
2026-08-28 12:26:50 INFO:DUKASCRIPT:current timestamp :2026-08-28T12:00:00
2026-08-28 12:26:50 INFO:DUKASCRIPT:current timestamp :2025-08-21T22:00:00
2026-08-28 12:26:50 INFO:DUKASCRIPT:current timestamp :2025-09-19T20:00:00
2026-08-28 12:26:50 INFO:DUKASCRIPT:current timestamp :2025-10-20T17:30:00
2026-08-28 12:26:50 INFO:DUKASCRIPT:current timestamp :2025-11-18T15:15:00
2026-08-28 12:26:50 INFO:DUKASCRIPT:current timestamp :2025-12-17T12:00:00
2026-08-28 12:26:50 INFO:DUKASCRIPT:current timestamp :2026-01-19T03:00:00
2026-08-28 12:26:50 INFO:DUKASCRIPT:current timestamp :2026-02-17T00:15:00
2026-08-28 12:26:50 INFO:DUKASCRIPT:current timestamp :2026-03-17T20:15:00
2026-08-28 12:26:50 INFO:DUKASCRIPT:current timestamp :2026-04-15T19:45:00
2026-08-28 12:26:50 INFO:DUKASCRIPT:current timestamp :2026-05-14T17:30:00
2026-08-28 12:26:50 INFO:DUKASCRIPT:current timestamp :2026-06-12T16:15:00
2026-08-28 12:26:50 INFO:DUKASCRIPT:current timestamp :2026-07-13T14:30:00
2026-08-28 12:26:50 INFO:DUKASCRIPT:current timestamp :2026-08-11T11:45:00
2026-08-28 12:26:50 INFO:DUKASCRIPT:current timestamp :2026-08-28T12:00:00
2026-08-28 12:26:50 INFO:DUKASCRIPT:current timestamp :2025-08-21T21:45:00
2026-08-28 12:26:50 INFO:DUKASCRIPT:current timestamp :2025-09-19T20:30:00
2026-08-28 12:26:50 INFO:DUKASCRIPT:current timestamp :2025-10-20T18:45:00
2026-08-28 12:26:50 INFO:DUKASCRIPT:current timestamp :2025-11-18T17:30:00
2026-08-28 12:26:50 INFO:DUKASCRIPT:current timestamp :2025-12-17T16:30:00
2026-08-28 12:26:50 INFO:DUKASCRIPT:current timestamp :2026-01-19T09:15:00
2026-08-28 12:26:50 INFO:DUKASCRIPT:current timestamp :2026-02-17T07:30:00
2026-08-28 12:26:50 INFO:DUKASCRIPT:current timestamp :2026-03-18T03:45:00
2026-08-28 12:26:50 INFO:DUKASCRIPT:current timestamp :2026-04-16T03:30:00
2026-08-28 12:26:50 INFO:DUKASCRIPT:current timestamp :2026-05-15T02:30:00
2026-08-28 12:26:50 INFO:DUKASCRIPT:current timestamp :2026-06-15T01:30:00
2026-08-28 12:26:50 INFO:DUKASCRIPT:current timestamp :2026-07-14T00:45:00
2026-08-28 12:26:50 INFO:DUKASCRIPT:current timestamp :2026-08-11T23:45:00
2026-08-28 12:26:50 INFO:DUKASCRIPT:current timestamp :2026-08-28T12:00:00
2026-08-28 12:26:50 INFO:DUKASCRIPT:current timestamp :2025-08-21T22:45:00
2026-08-28 12:26:50 INFO:DUKASCRIPT:current timestamp :2025-09-19T21:45:00
2026-08-28 12:26:50 INFO:DUKASCRIPT:current timestamp :2025-10-20T20:45:00
2026-08-28 12:26:50 INFO:DUKASCRIPT:current timestamp :2025-11-18T18:00:00
2026-08-28 12:26:50 INFO:DUKASCRIPT:current timestamp :2025-12-17T15:45:00
2026-08-28 12:26:50 INFO:DUKASCRIPT:current timestamp :2026-01-19T09:30:00
2026-08-28 12:26:50 INFO:DUKASCRIPT:current timestamp :2026-02-17T07:30:00
2026-08-28 12:26:50 INFO:DUKASCRIPT:current timestamp :2026-03-18T03:30:00
2026-08-28 12:26:50 INFO:DUKASCRIPT:current timestamp :2026-04-16T02:00:00
2026-08-28 12:26:51 INFO:DUKASCRIPT:current timestamp :2026-05-15T00:00:00
2026-08-28 12:26:51 INFO:DUKASCRIPT:current timestamp :2026-06-12T22:30:00
2026-08-28 12:26:51 INFO:DUKASCRIPT:current timestamp :2026-07-13T21:15:00
2026-08-28 12:26:51 INFO:DUKASCRIPT:current timestamp :2026-08-11T19:45:00
2026-08-28 12:26:51 INFO:DUKASCRIPT:current timestamp :2026-08-28T12:00:00
2026-08-28 12:26:51 INFO:DUKASCRIPT:current timestamp :2025-08-21T21:00:00
2026-08-28 12:26:51 INFO:DUKASCRIPT:current timestamp :2025-09-19T17:45:00
2026-08-28 12:26:51 INFO:DUKASCRIPT:current timestamp :2025-10-20T14:30:00
2026-08-28 12:26:51 INFO:DUKASCRIPT:current timestamp :2025-11-18T11:00:00
2026-08-28 12:26:51 INFO:DUKASCRIPT:current timestamp :2025-12-17T07:45:00
2026-08-28 12:26:51 INFO:DUKASCRIPT:current timestamp :2026-01-19T00:45:00
2026-08-28 12:26:51 INFO:DUKASCRIPT:current timestamp :2026-02-16T22:30:00
2026-08-28 12:26:51 INFO:DUKASCRIPT:current timestamp :2026-03-17T19:00:00
2026-08-28 12:26:51 INFO:DUKASCRIPT:current timestamp :2026-04-15T18:15:00
2026-08-28 12:26:51 INFO:DUKASCRIPT:current timestamp :2026-05-14T16:30:00
2026-08-28 12:26:51 INFO:DUKASCRIPT:current timestamp :2026-06-12T15:00:00
2026-08-28 12:26:51 INFO:DUKASCRIPT:current timestamp :2026-07-13T14:00:00
2026-08-28 12:26:51 INFO:DUKASCRIPT:current timestamp :2026-08-11T13:30:00
2026-08-28 12:26:51 INFO:DUKASCRIPT:current timestamp :2026-08-28T12:00:00
2026-08-28 12:26:51 INFO:DUKASCRIPT:current timestamp :2025-10-02T09:35:00
2026-08-28 12:26:51 INFO:DUKASCRIPT:current timestamp :2026-01-02T10:45:00
2026-08-28 12:26:51 INFO:DUKASCRIPT:current timestamp :2026-03-23T13:10:00
2026-08-28 12:26:51 INFO:DUKASCRIPT:current timestamp :2026-06-01T11:25:00
2026-08-28 12:26:51 INFO:DUKASCRIPT:current timestamp :2026-08-12T16:45:00
2026-08-28 12:26:51 INFO:DUKASCRIPT:current timestamp :2026-08-28T12:15:00
2026-08-28 12:26:51 INFO:DUKASCRIPT:current timestamp :2025-10-02T11:30:00
2026-08-28 12:26:51 INFO:DUKASCRIPT:current timestamp :2025-12-15T05:30:00
2026-08-28 12:26:51 INFO:DUKASCRIPT:current timestamp :2026-03-02T12:05:00
2026-08-28 12:26:51 INFO:DUKASCRIPT:current timestamp :2026-04-29T15:05:00
2026-08-28 12:26:51 INFO:DUKASCRIPT:current timestamp :2026-07-09T01:15:00
2026-08-28 12:26:51 INFO:DUKASCRIPT:current timestamp :2026-08-28T12:15:00
2026-08-28 12:26:51 ERROR:tvDatafeed.main:error while signin
2026-08-28 12:26:51 WARNING:tvDatafeed.main:you are using nologin method, data you access may be limited
2026-08-28 12:26:51 INFO:DUKASCRIPT:current timestamp :2026-08-27T02:00:00
2026-08-28 12:26:51 INFO:DUKASCRIPT:current timestamp :2026-08-28T11:00:00
2026-08-28 12:26:51 INFO:DUKASCRIPT:current timestamp :2026-08-28T11:00:00
2026-08-28 12:26:51 INFO:DUKASCRIPT:current timestamp :2026-08-28T11:00:00
2026-08-28 12:26:51 INFO:DUKASCRIPT:current timestamp :2026-08-28T06:00:00
2026-08-28 12:26:51 INFO:DUKASCRIPT:current timestamp :2026-08-28T06:00:00
2026-08-28 12:26:51 INFO:DUKASCRIPT:current timestamp :2026-08-28T06:00:00
2026-08-28 12:26:51 INFO:DUKASCRIPT:current timestamp :2026-08-28T11:00:00
2026-08-28 12:26:51 INFO:DUKASCRIPT:current timestamp :2026-06-30T20:45:00
2026-08-28 12:26:51 INFO:DUKASCRIPT:current timestamp :2026-07-30T18:30:00
2026-08-28 12:26:51 INFO:DUKASCRIPT:current timestamp :2026-08-28T12:00:00
2026-08-28 12:26:51 INFO:DUKASCRIPT:current timestamp :2026-06-30T20:55:00
2026-08-28 12:26:51 INFO:DUKASCRIPT:current timestamp :2026-07-30T18:50:00
2026-08-28 12:26:51 INFO:DUKASCRIPT:current timestamp :2026-08-28T12:20:00
2026-08-28 12:26:51 INFO:DUKASCRIPT:current timestamp :2026-08-28T06:00:00
2026-08-28 12:26:51 INFO:DUKASCRIPT:current timestamp :2026-08-28T06:00:00
2026-08-28 12:26:51 INFO:DUKASCRIPT:current timestamp :2025-05-16T10:30:00
2026-08-28 12:26:51 INFO:DUKASCRIPT:current timestamp :2025-06-18T04:00:00
2026-08-28 12:26:51 INFO:DUKASCRIPT:current timestamp :2025-07-21T05:15:00
2026-08-28 12:26:51 INFO:DUKASCRIPT:current timestamp :2025-08-20T21:15:00
2026-08-28 12:26:51 INFO:DUKASCRIPT:current timestamp :2025-09-22T17:30:00
2026-08-28 12:26:51 INFO:DUKASCRIPT:current timestamp :2025-10-23T12:15:00
2026-08-28 12:26:51 INFO:DUKASCRIPT:current timestamp :2025-11-25T01:15:00
2026-08-28 12:26:51 INFO:DUKASCRIPT:current timestamp :2025-12-29T11:30:00
2026-08-28 12:26:51 INFO:DUKASCRIPT:current timestamp :2026-01-30T04:45:00
2026-08-28 12:26:51 INFO:DUKASCRIPT:current timestamp :2026-03-03T18:15:00
2026-08-28 12:26:51 INFO:DUKASCRIPT:current timestamp :2026-04-06T06:30:00
2026-08-28 12:26:51 INFO:DUKASCRIPT:current timestamp :2026-05-06T17:45:00
2026-08-28 12:26:51 INFO:DUKASCRIPT:current timestamp :2026-06-08T10:15:00
2026-08-28 12:26:51 INFO:DUKASCRIPT:current timestamp :2026-07-09T05:45:00
2026-08-28 12:26:51 INFO:DUKASCRIPT:current timestamp :2026-08-10T16:45:00
2026-08-28 12:26:51 INFO:DUKASCRIPT:current timestamp :2026-08-28T12:00:00
2026-08-28 12:26:51 INFO:DUKASCRIPT:current timestamp :2025-05-16T10:50:00
2026-08-28 12:26:51 INFO:DUKASCRIPT:current timestamp :2025-06-18T04:40:00
2026-08-28 12:26:51 INFO:DUKASCRIPT:current timestamp :2025-07-21T06:25:00
2026-08-28 12:26:51 INFO:DUKASCRIPT:current timestamp :2025-08-21T00:10:00
2026-08-28 12:26:51 INFO:DUKASCRIPT:current timestamp :2025-09-22T18:50:00
2026-08-28 12:26:51 INFO:DUKASCRIPT:current timestamp :2025-10-23T13:50:00
2026-08-28 12:26:51 INFO:DUKASCRIPT:current timestamp :2025-11-25T03:00:00
2026-08-28 12:26:51 INFO:DUKASCRIPT:current timestamp :2025-12-29T13:35:00
2026-08-28 12:26:51 INFO:DUKASCRIPT:current timestamp :2026-01-30T07:00:00
2026-08-28 12:26:51 INFO:DUKASCRIPT:current timestamp :2026-03-03T20:45:00
2026-08-28 12:26:51 INFO:DUKASCRIPT:current timestamp :2026-04-06T09:10:00
2026-08-28 12:26:51 INFO:DUKASCRIPT:current timestamp :2026-05-15T10:55:00
2026-08-28 12:26:51 INFO:DUKASCRIPT:current timestamp :2026-06-17T04:10:00
2026-08-28 12:26:51 INFO:DUKASCRIPT:current timestamp :2026-07-17T21:30:00
2026-08-28 12:26:51 INFO:DUKASCRIPT:current timestamp :2026-08-19T11:55:00
2026-08-28 12:26:51 INFO:DUKASCRIPT:current timestamp :2026-08-28T12:20:00
2026-08-28 12:26:51 INFO:DUKASCRIPT:current timestamp :2025-05-16T10:45:00
2026-08-28 12:26:51 INFO:DUKASCRIPT:current timestamp :2025-06-18T03:15:00
2026-08-28 12:26:51 INFO:DUKASCRIPT:current timestamp :2025-07-21T01:30:00
2026-08-28 12:26:51 INFO:DUKASCRIPT:current timestamp :2025-08-20T12:15:00
2026-08-28 12:26:51 INFO:DUKASCRIPT:current timestamp :2025-09-22T04:15:00
2026-08-28 12:26:51 INFO:DUKASCRIPT:current timestamp :2025-10-22T14:45:00
2026-08-28 12:26:51 INFO:DUKASCRIPT:current timestamp :2025-11-24T02:45:00
2026-08-28 12:26:51 INFO:DUKASCRIPT:current timestamp :2025-12-26T11:15:00
2026-08-28 12:26:51 INFO:DUKASCRIPT:current timestamp :2026-01-29T02:30:00
2026-08-28 12:26:51 INFO:DUKASCRIPT:current timestamp :2026-03-02T16:15:00
2026-08-28 12:26:51 INFO:DUKASCRIPT:current timestamp :2026-04-02T05:00:00
2026-08-28 12:26:51 INFO:DUKASCRIPT:current timestamp :2026-05-05T15:45:00
2026-08-28 12:26:51 INFO:DUKASCRIPT:current timestamp :2026-06-05T08:30:00
2026-08-28 12:26:51 INFO:DUKASCRIPT:current timestamp :2026-07-08T05:00:00
2026-08-28 12:26:51 INFO:DUKASCRIPT:current timestamp :2026-08-07T15:15:00
2026-08-28 12:26:51 INFO:DUKASCRIPT:current timestamp :2026-08-28T12:00:00
2026-08-28 12:26:51 INFO:DUKASCRIPT:current timestamp :2025-05-16T11:00:00
2026-08-28 12:26:51 INFO:DUKASCRIPT:current timestamp :2025-06-18T03:50:00
2026-08-28 12:26:51 INFO:DUKASCRIPT:current timestamp :2025-07-21T02:15:00
2026-08-28 12:26:51 INFO:DUKASCRIPT:current timestamp :2025-08-20T13:20:00
2026-08-28 12:26:51 INFO:DUKASCRIPT:current timestamp :2025-09-22T05:30:00
2026-08-28 12:26:51 INFO:DUKASCRIPT:current timestamp :2025-10-22T16:20:00
2026-08-28 12:26:51 INFO:DUKASCRIPT:current timestamp :2025-11-24T04:30:00
2026-08-28 12:26:51 INFO:DUKASCRIPT:current timestamp :2025-12-26T13:20:00
2026-08-28 12:26:51 INFO:DUKASCRIPT:current timestamp :2026-01-29T04:50:00
2026-08-28 12:26:51 INFO:DUKASCRIPT:current timestamp :2026-03-02T18:50:00
2026-08-28 12:26:51 INFO:DUKASCRIPT:current timestamp :2026-04-02T07:45:00
2026-08-28 12:26:51 INFO:DUKASCRIPT:current timestamp :2026-05-15T10:45:00
2026-08-28 12:26:51 INFO:DUKASCRIPT:current timestamp :2026-06-17T05:15:00
2026-08-28 12:26:51 INFO:DUKASCRIPT:current timestamp :2026-07-20T00:25:00
2026-08-28 12:26:51 INFO:DUKASCRIPT:current timestamp :2026-08-19T11:10:00
2026-08-28 12:26:51 INFO:DUKASCRIPT:current timestamp :2026-08-28T12:20:00
2026-08-28 12:26:51 INFO:DUKASCRIPT:current timestamp :2025-05-16T12:15:00
2026-08-28 12:26:51 INFO:DUKASCRIPT:current timestamp :2025-06-18T06:30:00
2026-08-28 12:26:51 INFO:DUKASCRIPT:current timestamp :2025-07-21T06:30:00
2026-08-28 12:26:51 INFO:DUKASCRIPT:current timestamp :2025-08-20T18:45:00
2026-08-28 12:26:51 INFO:DUKASCRIPT:current timestamp :2025-09-22T10:45:00
2026-08-28 12:26:51 INFO:DUKASCRIPT:current timestamp :2025-10-22T21:00:00
2026-08-28 12:26:51 INFO:DUKASCRIPT:current timestamp :2025-11-24T09:00:00
2026-08-28 12:26:51 INFO:DUKASCRIPT:current timestamp :2025-12-26T17:00:00
2026-08-28 12:26:51 INFO:DUKASCRIPT:current timestamp :2026-01-29T08:15:00
2026-08-28 12:26:51 INFO:DUKASCRIPT:current timestamp :2026-03-02T21:45:00
2026-08-28 12:26:51 INFO:DUKASCRIPT:current timestamp :2026-04-02T10:15:00
2026-08-28 12:26:51 INFO:DUKASCRIPT:current timestamp :2026-05-05T20:30:00
2026-08-28 12:26:51 INFO:DUKASCRIPT:current timestamp :2026-06-05T13:00:00
2026-08-28 12:26:51 INFO:DUKASCRIPT:current timestamp :2026-07-08T08:30:00
2026-08-28 12:26:51 INFO:DUKASCRIPT:current timestamp :2026-08-07T18:45:00
2026-08-28 12:26:51 INFO:DUKASCRIPT:current timestamp :2026-08-28T12:00:00
2026-08-28 12:26:51 INFO:DUKASCRIPT:current timestamp :2025-05-16T12:25:00
2026-08-28 12:26:51 INFO:DUKASCRIPT:current timestamp :2025-06-18T07:00:00
2026-08-28 12:26:51 INFO:DUKASCRIPT:current timestamp :2025-07-21T07:15:00
2026-08-28 12:26:51 INFO:DUKASCRIPT:current timestamp :2025-08-20T19:45:00
2026-08-28 12:26:51 INFO:DUKASCRIPT:current timestamp :2025-09-22T11:55:00
2026-08-28 12:26:51 INFO:DUKASCRIPT:current timestamp :2025-10-23T00:15:00
2026-08-28 12:26:51 INFO:DUKASCRIPT:current timestamp :2025-11-24T10:40:00
2026-08-28 12:26:51 INFO:DUKASCRIPT:current timestamp :2025-12-26T18:55:00
2026-08-28 12:26:51 INFO:DUKASCRIPT:current timestamp :2026-01-29T10:20:00
2026-08-28 12:26:51 INFO:DUKASCRIPT:current timestamp :2026-03-03T01:45:00
2026-08-28 12:26:51 INFO:DUKASCRIPT:current timestamp :2026-04-02T12:50:00
2026-08-28 12:26:51 INFO:DUKASCRIPT:current timestamp :2026-05-15T10:30:00
2026-08-28 12:26:51 INFO:DUKASCRIPT:current timestamp :2026-06-17T04:25:00
2026-08-28 12:26:51 INFO:DUKASCRIPT:current timestamp :2026-07-17T21:20:00
2026-08-28 12:26:51 INFO:DUKASCRIPT:current timestamp :2026-08-19T09:30:00
2026-08-28 12:26:51 INFO:DUKASCRIPT:current timestamp :2026-08-28T12:20:00
2026-08-28 12:26:51 {
2026-08-28 12:26:51   "date": "2026-08-28 10:25:06.296921",
2026-08-28 12:26:51   "equity": 99952.73840853585,
2026-08-28 12:26:51   "current_dd": -0.00047261591464153874,
2026-08-28 12:26:51   "kill_switch_active": false,
2026-08-28 12:26:51   "n_trades": 0
2026-08-28 12:26:51 }
2026-08-28 12:26:51 [main 4a62d73] EK Portfolio Bot: Snapshot 2026-08-28 12:26
2026-08-28 12:26:51  3 files changed, 229 insertions(+), 1 deletion(-)
2026-08-28 12:26:54 To https://github.com/AndrowDeluxe/Forex-Backtesting.git
2026-08-28 12:26:54    b64c91a..4a62d73  main -> main
2026-08-28 12:26:54 Commit + Push erfolgreich.
2026-08-28 12:26:54 === EK-Portfolio-Task beendet ===
2026-08-28 13:25:05 === EK-Portfolio-Task gestartet ===
2026-08-28 13:27:12 INFO:DUKASCRIPT:current timestamp :2026-08-28T13:00:00
2026-08-28 13:27:12 INFO:DUKASCRIPT:current timestamp :2026-08-28T13:00:00
2026-08-28 13:27:12 INFO:DUKASCRIPT:current timestamp :2026-08-27T02:00:00
2026-08-28 13:27:12 INFO:DUKASCRIPT:current timestamp :2025-08-21T21:15:00
2026-08-28 13:27:12 INFO:DUKASCRIPT:current timestamp :2025-09-19T19:10:00
2026-08-28 13:27:12 INFO:DUKASCRIPT:current timestamp :2025-10-20T16:55:00
2026-08-28 13:27:12 INFO:DUKASCRIPT:current timestamp :2025-11-18T14:35:00
2026-08-28 13:27:12 INFO:DUKASCRIPT:current timestamp :2025-12-17T12:30:00
2026-08-28 13:27:12 INFO:DUKASCRIPT:current timestamp :2026-01-19T07:00:00
2026-08-28 13:27:12 INFO:DUKASCRIPT:current timestamp :2026-02-17T04:30:00
2026-08-28 13:27:12 INFO:DUKASCRIPT:current timestamp :2026-03-18T00:25:00
2026-08-28 13:27:12 INFO:DUKASCRIPT:current timestamp :2026-04-15T23:00:00
2026-08-28 13:27:12 INFO:DUKASCRIPT:current timestamp :2026-05-14T21:05:00
2026-08-28 13:27:12 INFO:DUKASCRIPT:current timestamp :2026-06-12T19:40:00
2026-08-28 13:27:12 INFO:DUKASCRIPT:current timestamp :2026-07-13T18:15:00
2026-08-28 13:27:12 INFO:DUKASCRIPT:current timestamp :2026-08-11T16:15:00
2026-08-28 13:27:12 INFO:DUKASCRIPT:current timestamp :2026-08-28T13:20:00
2026-08-28 13:27:12 INFO:DUKASCRIPT:current timestamp :2025-08-21T23:00:00
2026-08-28 13:27:12 INFO:DUKASCRIPT:current timestamp :2025-09-19T22:00:00
2026-08-28 13:27:12 INFO:DUKASCRIPT:current timestamp :2025-10-20T20:45:00
2026-08-28 13:27:12 INFO:DUKASCRIPT:current timestamp :2025-11-18T20:00:00
2026-08-28 13:27:12 INFO:DUKASCRIPT:current timestamp :2025-12-17T19:00:00
2026-08-28 13:27:12 INFO:DUKASCRIPT:current timestamp :2026-01-19T13:00:00
2026-08-28 13:27:12 INFO:DUKASCRIPT:current timestamp :2026-02-17T11:15:00
2026-08-28 13:27:12 INFO:DUKASCRIPT:current timestamp :2026-03-18T07:30:00
2026-08-28 13:27:12 INFO:DUKASCRIPT:current timestamp :2026-04-16T06:30:00
2026-08-28 13:27:12 INFO:DUKASCRIPT:current timestamp :2026-05-15T05:00:00
2026-08-28 13:27:12 INFO:DUKASCRIPT:current timestamp :2026-06-15T03:45:00
2026-08-28 13:27:12 INFO:DUKASCRIPT:current timestamp :2026-07-14T02:00:00
2026-08-28 13:27:12 INFO:DUKASCRIPT:current timestamp :2026-08-11T23:45:00
2026-08-28 13:27:12 INFO:DUKASCRIPT:current timestamp :2026-08-28T13:00:00
2026-08-28 13:27:12 INFO:DUKASCRIPT:current timestamp :2025-08-21T22:00:00
2026-08-28 13:27:12 INFO:DUKASCRIPT:current timestamp :2025-09-19T20:00:00
2026-08-28 13:27:12 INFO:DUKASCRIPT:current timestamp :2025-10-20T17:30:00
2026-08-28 13:27:12 INFO:DUKASCRIPT:current timestamp :2025-11-18T15:15:00
2026-08-28 13:27:12 INFO:DUKASCRIPT:current timestamp :2025-12-17T12:00:00
2026-08-28 13:27:12 INFO:DUKASCRIPT:current timestamp :2026-01-19T03:00:00
2026-08-28 13:27:12 INFO:DUKASCRIPT:current timestamp :2026-02-17T00:15:00
2026-08-28 13:27:12 INFO:DUKASCRIPT:current timestamp :2026-03-17T20:15:00
2026-08-28 13:27:12 INFO:DUKASCRIPT:current timestamp :2026-04-15T19:45:00
2026-08-28 13:27:12 INFO:DUKASCRIPT:current timestamp :2026-05-14T17:30:00
2026-08-28 13:27:12 INFO:DUKASCRIPT:current timestamp :2026-06-12T16:15:00
2026-08-28 13:27:12 INFO:DUKASCRIPT:current timestamp :2026-07-13T14:30:00
2026-08-28 13:27:12 INFO:DUKASCRIPT:current timestamp :2026-08-11T11:45:00
2026-08-28 13:27:12 INFO:DUKASCRIPT:current timestamp :2026-08-28T13:00:00
2026-08-28 13:27:12 INFO:DUKASCRIPT:current timestamp :2025-08-21T21:45:00
2026-08-28 13:27:12 INFO:DUKASCRIPT:current timestamp :2025-09-19T20:30:00
2026-08-28 13:27:12 INFO:DUKASCRIPT:current timestamp :2025-10-20T18:45:00
2026-08-28 13:27:12 INFO:DUKASCRIPT:current timestamp :2025-11-18T17:30:00
2026-08-28 13:27:12 INFO:DUKASCRIPT:current timestamp :2025-12-17T16:30:00
2026-08-28 13:27:12 INFO:DUKASCRIPT:current timestamp :2026-01-19T09:15:00
2026-08-28 13:27:12 INFO:DUKASCRIPT:current timestamp :2026-02-17T07:30:00
2026-08-28 13:27:12 INFO:DUKASCRIPT:current timestamp :2026-03-18T03:45:00
2026-08-28 13:27:12 INFO:DUKASCRIPT:current timestamp :2026-04-16T03:30:00
2026-08-28 13:27:12 INFO:DUKASCRIPT:current timestamp :2026-05-15T02:30:00
2026-08-28 13:27:12 INFO:DUKASCRIPT:current timestamp :2026-06-15T01:30:00
2026-08-28 13:27:12 INFO:DUKASCRIPT:current timestamp :2026-07-14T00:45:00
2026-08-28 13:27:12 INFO:DUKASCRIPT:current timestamp :2026-08-11T23:45:00
2026-08-28 13:27:12 INFO:DUKASCRIPT:current timestamp :2026-08-28T13:00:00
2026-08-28 13:27:12 INFO:DUKASCRIPT:current timestamp :2025-08-21T22:45:00
2026-08-28 13:27:12 INFO:DUKASCRIPT:current timestamp :2025-09-19T21:45:00
2026-08-28 13:27:12 INFO:DUKASCRIPT:current timestamp :2025-10-20T20:45:00
2026-08-28 13:27:12 INFO:DUKASCRIPT:current timestamp :2025-11-18T18:00:00
2026-08-28 13:27:12 INFO:DUKASCRIPT:current timestamp :2025-12-17T15:45:00
2026-08-28 13:27:12 INFO:DUKASCRIPT:current timestamp :2026-01-19T09:30:00
2026-08-28 13:27:12 INFO:DUKASCRIPT:current timestamp :2026-02-17T07:30:00
2026-08-28 13:27:12 INFO:DUKASCRIPT:current timestamp :2026-03-18T03:30:00
2026-08-28 13:27:12 INFO:DUKASCRIPT:current timestamp :2026-04-16T02:00:00
2026-08-28 13:27:12 INFO:DUKASCRIPT:current timestamp :2026-05-15T00:00:00
2026-08-28 13:27:12 INFO:DUKASCRIPT:current timestamp :2026-06-12T22:30:00
2026-08-28 13:27:12 INFO:DUKASCRIPT:current timestamp :2026-07-13T21:15:00
2026-08-28 13:27:12 INFO:DUKASCRIPT:current timestamp :2026-08-11T19:45:00
2026-08-28 13:27:12 INFO:DUKASCRIPT:current timestamp :2026-08-28T13:00:00
2026-08-28 13:27:12 INFO:DUKASCRIPT:current timestamp :2025-08-21T21:00:00
2026-08-28 13:27:12 INFO:DUKASCRIPT:current timestamp :2025-09-19T17:45:00
2026-08-28 13:27:12 INFO:DUKASCRIPT:current timestamp :2025-10-20T14:30:00
2026-08-28 13:27:12 INFO:DUKASCRIPT:current timestamp :2025-11-18T11:00:00
2026-08-28 13:27:12 INFO:DUKASCRIPT:current timestamp :2025-12-17T07:45:00
2026-08-28 13:27:12 INFO:DUKASCRIPT:current timestamp :2026-01-19T00:45:00
2026-08-28 13:27:12 INFO:DUKASCRIPT:current timestamp :2026-02-16T22:30:00
2026-08-28 13:27:12 INFO:DUKASCRIPT:current timestamp :2026-03-17T19:00:00
2026-08-28 13:27:12 INFO:DUKASCRIPT:current timestamp :2026-04-15T18:15:00
2026-08-28 13:27:12 INFO:DUKASCRIPT:current timestamp :2026-05-14T16:30:00
2026-08-28 13:27:12 INFO:DUKASCRIPT:current timestamp :2026-06-12T15:00:00
2026-08-28 13:27:12 INFO:DUKASCRIPT:current timestamp :2026-07-13T14:00:00
2026-08-28 13:27:12 INFO:DUKASCRIPT:current timestamp :2026-08-11T13:30:00
2026-08-28 13:27:12 INFO:DUKASCRIPT:current timestamp :2026-08-28T13:00:00
2026-08-28 13:27:12 INFO:DUKASCRIPT:current timestamp :2025-10-02T09:35:00
2026-08-28 13:27:12 INFO:DUKASCRIPT:current timestamp :2026-01-02T10:45:00
2026-08-28 13:27:12 INFO:DUKASCRIPT:current timestamp :2026-03-23T13:10:00
2026-08-28 13:27:12 INFO:DUKASCRIPT:current timestamp :2026-06-01T11:25:00
2026-08-28 13:27:12 INFO:DUKASCRIPT:current timestamp :2026-08-12T16:45:00
2026-08-28 13:27:12 INFO:DUKASCRIPT:current timestamp :2026-08-28T13:20:00
2026-08-28 13:27:12 INFO:DUKASCRIPT:current timestamp :2025-10-02T11:30:00
2026-08-28 13:27:12 INFO:DUKASCRIPT:current timestamp :2025-12-15T05:30:00
2026-08-28 13:27:12 INFO:DUKASCRIPT:current timestamp :2026-03-02T12:05:00
2026-08-28 13:27:12 INFO:DUKASCRIPT:current timestamp :2026-04-29T15:05:00
2026-08-28 13:27:12 INFO:DUKASCRIPT:current timestamp :2026-07-09T01:15:00
2026-08-28 13:27:12 INFO:DUKASCRIPT:current timestamp :2026-08-28T13:15:00
2026-08-28 13:27:12 ERROR:tvDatafeed.main:error while signin
2026-08-28 13:27:12 WARNING:tvDatafeed.main:you are using nologin method, data you access may be limited
2026-08-28 13:27:12 INFO:DUKASCRIPT:current timestamp :2026-08-27T02:00:00
2026-08-28 13:27:12 INFO:DUKASCRIPT:current timestamp :2026-08-28T12:00:00
2026-08-28 13:27:12 INFO:DUKASCRIPT:current timestamp :2026-08-28T12:00:00
2026-08-28 13:27:12 INFO:DUKASCRIPT:current timestamp :2026-08-28T12:00:00
2026-08-28 13:27:12 INFO:DUKASCRIPT:current timestamp :2026-08-28T06:00:00
2026-08-28 13:27:12 INFO:DUKASCRIPT:current timestamp :2026-08-28T06:00:00
2026-08-28 13:27:12 INFO:DUKASCRIPT:current timestamp :2026-08-28T06:00:00
2026-08-28 13:27:12 INFO:DUKASCRIPT:current timestamp :2026-08-28T12:00:00
2026-08-28 13:27:12 INFO:DUKASCRIPT:current timestamp :2026-06-30T20:45:00
2026-08-28 13:27:12 INFO:DUKASCRIPT:current timestamp :2026-07-30T18:30:00
2026-08-28 13:27:12 INFO:DUKASCRIPT:current timestamp :2026-08-28T13:00:00
2026-08-28 13:27:12 INFO:DUKASCRIPT:current timestamp :2026-06-30T20:55:00
2026-08-28 13:27:12 INFO:DUKASCRIPT:current timestamp :2026-07-30T18:50:00
2026-08-28 13:27:12 INFO:DUKASCRIPT:current timestamp :2026-08-28T13:20:00
2026-08-28 13:27:12 INFO:DUKASCRIPT:current timestamp :2026-08-28T06:00:00
2026-08-28 13:27:12 INFO:DUKASCRIPT:current timestamp :2026-08-28T06:00:00
2026-08-28 13:27:12 INFO:DUKASCRIPT:current timestamp :2025-05-16T10:30:00
2026-08-28 13:27:12 INFO:DUKASCRIPT:current timestamp :2025-06-18T04:00:00
2026-08-28 13:27:12 INFO:DUKASCRIPT:current timestamp :2025-07-21T05:15:00
2026-08-28 13:27:12 INFO:DUKASCRIPT:current timestamp :2025-08-20T21:15:00
2026-08-28 13:27:12 INFO:DUKASCRIPT:current timestamp :2025-09-22T17:30:00
2026-08-28 13:27:12 INFO:DUKASCRIPT:current timestamp :2025-10-23T12:15:00
2026-08-28 13:27:12 INFO:DUKASCRIPT:current timestamp :2025-11-25T01:15:00
2026-08-28 13:27:12 INFO:DUKASCRIPT:current timestamp :2025-12-29T11:30:00
2026-08-28 13:27:12 INFO:DUKASCRIPT:current timestamp :2026-01-30T04:45:00
2026-08-28 13:27:12 INFO:DUKASCRIPT:current timestamp :2026-03-03T18:15:00
2026-08-28 13:27:12 INFO:DUKASCRIPT:current timestamp :2026-04-06T06:30:00
2026-08-28 13:27:12 INFO:DUKASCRIPT:current timestamp :2026-05-06T17:45:00
2026-08-28 13:27:12 INFO:DUKASCRIPT:current timestamp :2026-06-08T10:15:00
2026-08-28 13:27:12 INFO:DUKASCRIPT:current timestamp :2026-07-09T05:45:00
2026-08-28 13:27:12 INFO:DUKASCRIPT:current timestamp :2026-08-10T16:45:00
2026-08-28 13:27:12 INFO:DUKASCRIPT:current timestamp :2026-08-28T13:00:00
2026-08-28 13:27:12 INFO:DUKASCRIPT:current timestamp :2025-05-16T10:50:00
2026-08-28 13:27:12 INFO:DUKASCRIPT:current timestamp :2025-06-18T04:40:00
2026-08-28 13:27:12 INFO:DUKASCRIPT:current timestamp :2025-07-21T06:25:00
2026-08-28 13:27:12 INFO:DUKASCRIPT:current timestamp :2025-08-21T00:10:00
2026-08-28 13:27:12 INFO:DUKASCRIPT:current timestamp :2025-09-22T18:50:00
2026-08-28 13:27:12 INFO:DUKASCRIPT:current timestamp :2025-10-23T13:50:00
2026-08-28 13:27:12 INFO:DUKASCRIPT:current timestamp :2025-11-25T03:00:00
2026-08-28 13:27:12 INFO:DUKASCRIPT:current timestamp :2025-12-29T13:35:00
2026-08-28 13:27:12 INFO:DUKASCRIPT:current timestamp :2026-01-30T07:00:00
2026-08-28 13:27:12 INFO:DUKASCRIPT:current timestamp :2026-03-03T20:45:00
2026-08-28 13:27:12 INFO:DUKASCRIPT:current timestamp :2026-04-06T09:10:00
2026-08-28 13:27:12 INFO:DUKASCRIPT:current timestamp :2026-05-15T10:55:00
2026-08-28 13:27:12 INFO:DUKASCRIPT:current timestamp :2026-06-17T04:10:00
2026-08-28 13:27:12 INFO:DUKASCRIPT:current timestamp :2026-07-17T21:30:00
2026-08-28 13:27:12 INFO:DUKASCRIPT:current timestamp :2026-08-19T11:55:00
2026-08-28 13:27:12 INFO:DUKASCRIPT:current timestamp :2026-08-28T13:20:00
2026-08-28 13:27:12 INFO:DUKASCRIPT:current timestamp :2025-05-16T10:45:00
2026-08-28 13:27:12 INFO:DUKASCRIPT:current timestamp :2025-06-18T03:15:00
2026-08-28 13:27:12 INFO:DUKASCRIPT:current timestamp :2025-07-21T01:30:00
2026-08-28 13:27:12 INFO:DUKASCRIPT:current timestamp :2025-08-20T12:15:00
2026-08-28 13:27:12 INFO:DUKASCRIPT:current timestamp :2025-09-22T04:15:00
2026-08-28 13:27:12 INFO:DUKASCRIPT:current timestamp :2025-10-22T14:45:00
2026-08-28 13:27:12 INFO:DUKASCRIPT:current timestamp :2025-11-24T02:45:00
2026-08-28 13:27:12 INFO:DUKASCRIPT:current timestamp :2025-12-26T11:15:00
2026-08-28 13:27:12 INFO:DUKASCRIPT:current timestamp :2026-01-29T02:30:00
2026-08-28 13:27:12 INFO:DUKASCRIPT:current timestamp :2026-03-02T16:15:00
2026-08-28 13:27:12 INFO:DUKASCRIPT:current timestamp :2026-04-02T05:00:00
2026-08-28 13:27:12 INFO:DUKASCRIPT:current timestamp :2026-05-05T15:45:00
2026-08-28 13:27:12 INFO:DUKASCRIPT:current timestamp :2026-06-05T08:30:00
2026-08-28 13:27:12 INFO:DUKASCRIPT:current timestamp :2026-07-08T05:00:00
2026-08-28 13:27:12 INFO:DUKASCRIPT:current timestamp :2026-08-07T15:15:00
2026-08-28 13:27:12 INFO:DUKASCRIPT:current timestamp :2026-08-28T13:00:00
2026-08-28 13:27:12 INFO:DUKASCRIPT:current timestamp :2025-05-16T11:00:00
2026-08-28 13:27:12 INFO:DUKASCRIPT:current timestamp :2025-06-18T03:50:00
2026-08-28 13:27:12 INFO:DUKASCRIPT:current timestamp :2025-07-21T02:15:00
2026-08-28 13:27:12 INFO:DUKASCRIPT:current timestamp :2025-08-20T13:20:00
2026-08-28 13:27:12 INFO:DUKASCRIPT:current timestamp :2025-09-22T05:30:00
2026-08-28 13:27:12 INFO:DUKASCRIPT:current timestamp :2025-10-22T16:20:00
2026-08-28 13:27:12 INFO:DUKASCRIPT:current timestamp :2025-11-24T04:30:00
2026-08-28 13:27:12 INFO:DUKASCRIPT:current timestamp :2025-12-26T13:20:00
2026-08-28 13:27:12 INFO:DUKASCRIPT:current timestamp :2026-01-29T04:50:00
2026-08-28 13:27:12 INFO:DUKASCRIPT:current timestamp :2026-03-02T18:50:00
2026-08-28 13:27:12 INFO:DUKASCRIPT:current timestamp :2026-04-02T07:45:00
2026-08-28 13:27:12 INFO:DUKASCRIPT:current timestamp :2026-05-15T10:45:00
2026-08-28 13:27:12 INFO:DUKASCRIPT:current timestamp :2026-06-17T05:15:00
2026-08-28 13:27:12 INFO:DUKASCRIPT:current timestamp :2026-07-20T00:25:00
2026-08-28 13:27:12 INFO:DUKASCRIPT:current timestamp :2026-08-19T11:10:00
2026-08-28 13:27:12 INFO:DUKASCRIPT:current timestamp :2026-08-28T13:20:00
2026-08-28 13:27:12 INFO:DUKASCRIPT:current timestamp :2025-05-16T12:15:00
2026-08-28 13:27:12 INFO:DUKASCRIPT:current timestamp :2025-06-18T06:30:00
2026-08-28 13:27:12 INFO:DUKASCRIPT:current timestamp :2025-07-21T06:30:00
2026-08-28 13:27:12 INFO:DUKASCRIPT:current timestamp :2025-08-20T18:45:00
2026-08-28 13:27:12 INFO:DUKASCRIPT:current timestamp :2025-09-22T10:45:00
2026-08-28 13:27:12 INFO:DUKASCRIPT:current timestamp :2025-10-22T21:00:00
2026-08-28 13:27:12 INFO:DUKASCRIPT:current timestamp :2025-11-24T09:00:00
2026-08-28 13:27:12 INFO:DUKASCRIPT:current timestamp :2025-12-26T17:00:00
2026-08-28 13:27:12 INFO:DUKASCRIPT:current timestamp :2026-01-29T08:15:00
2026-08-28 13:27:12 INFO:DUKASCRIPT:current timestamp :2026-03-02T21:45:00
2026-08-28 13:27:12 INFO:DUKASCRIPT:current timestamp :2026-04-02T10:15:00
2026-08-28 13:27:12 INFO:DUKASCRIPT:current timestamp :2026-05-05T20:30:00
2026-08-28 13:27:12 INFO:DUKASCRIPT:current timestamp :2026-06-05T13:00:00
2026-08-28 13:27:12 INFO:DUKASCRIPT:current timestamp :2026-07-08T08:30:00
2026-08-28 13:27:12 INFO:DUKASCRIPT:current timestamp :2026-08-07T18:45:00
2026-08-28 13:27:12 INFO:DUKASCRIPT:current timestamp :2026-08-28T13:00:00
2026-08-28 13:27:12 INFO:DUKASCRIPT:current timestamp :2025-05-16T12:25:00
2026-08-28 13:27:12 INFO:DUKASCRIPT:current timestamp :2025-06-18T07:00:00
2026-08-28 13:27:12 INFO:DUKASCRIPT:current timestamp :2025-07-21T07:15:00
2026-08-28 13:27:12 INFO:DUKASCRIPT:current timestamp :2025-08-20T19:45:00
2026-08-28 13:27:12 INFO:DUKASCRIPT:current timestamp :2025-09-22T11:55:00
2026-08-28 13:27:12 INFO:DUKASCRIPT:current timestamp :2025-10-23T00:15:00
2026-08-28 13:27:12 INFO:DUKASCRIPT:current timestamp :2025-11-24T10:40:00
2026-08-28 13:27:12 INFO:DUKASCRIPT:current timestamp :2025-12-26T18:55:00
2026-08-28 13:27:12 INFO:DUKASCRIPT:current timestamp :2026-01-29T10:20:00
2026-08-28 13:27:12 INFO:DUKASCRIPT:current timestamp :2026-03-03T01:45:00
2026-08-28 13:27:12 INFO:DUKASCRIPT:current timestamp :2026-04-02T12:50:00
2026-08-28 13:27:12 INFO:DUKASCRIPT:current timestamp :2026-05-15T10:30:00
2026-08-28 13:27:12 INFO:DUKASCRIPT:current timestamp :2026-06-17T04:25:00
2026-08-28 13:27:12 INFO:DUKASCRIPT:current timestamp :2026-07-17T21:20:00
2026-08-28 13:27:12 INFO:DUKASCRIPT:current timestamp :2026-08-19T09:30:00
2026-08-28 13:27:12 INFO:DUKASCRIPT:current timestamp :2026-08-28T13:20:00
2026-08-28 13:27:12 {
2026-08-28 13:27:12   "date": "2026-08-28 11:25:06.436235",
2026-08-28 13:27:12   "equity": 99952.73840853585,
2026-08-28 13:27:12   "current_dd": -0.00047261591464153874,
2026-08-28 13:27:12   "kill_switch_active": false,
2026-08-28 13:27:12   "n_trades": 0
2026-08-28 13:27:12 }
2026-08-28 13:27:12 [main 2dc5eb2] EK Portfolio Bot: Snapshot 2026-08-28 13:27
2026-08-28 13:27:12  3 files changed, 229 insertions(+), 1 deletion(-)
2026-08-28 13:27:14 To https://github.com/AndrowDeluxe/Forex-Backtesting.git
2026-08-28 13:27:14    3ab5c79..2dc5eb2  main -> main
2026-08-28 13:27:14 Commit + Push erfolgreich.
2026-08-28 13:27:14 === EK-Portfolio-Task beendet ===
2026-08-28 14:25:05 === EK-Portfolio-Task gestartet ===
2026-08-28 14:27:25 INFO:DUKASCRIPT:current timestamp :2026-08-28T14:00:00
2026-08-28 14:27:25 INFO:DUKASCRIPT:current timestamp :2026-08-28T14:00:00
2026-08-28 14:27:25 INFO:DUKASCRIPT:current timestamp :2026-08-27T02:00:00
2026-08-28 14:27:25 INFO:DUKASCRIPT:current timestamp :2025-08-21T21:15:00
2026-08-28 14:27:25 INFO:DUKASCRIPT:current timestamp :2025-09-19T19:10:00
2026-08-28 14:27:25 INFO:DUKASCRIPT:current timestamp :2025-10-20T16:55:00
2026-08-28 14:27:25 INFO:DUKASCRIPT:current timestamp :2025-11-18T14:35:00
2026-08-28 14:27:25 INFO:DUKASCRIPT:current timestamp :2025-12-17T12:30:00
2026-08-28 14:27:25 INFO:DUKASCRIPT:current timestamp :2026-01-19T07:00:00
2026-08-28 14:27:25 INFO:DUKASCRIPT:current timestamp :2026-02-17T04:30:00
2026-08-28 14:27:25 INFO:DUKASCRIPT:current timestamp :2026-03-18T00:25:00
2026-08-28 14:27:25 INFO:DUKASCRIPT:current timestamp :2026-04-15T23:00:00
2026-08-28 14:27:25 INFO:DUKASCRIPT:current timestamp :2026-05-14T21:05:00
2026-08-28 14:27:25 INFO:DUKASCRIPT:current timestamp :2026-06-12T19:40:00
2026-08-28 14:27:25 INFO:DUKASCRIPT:current timestamp :2026-07-13T18:15:00
2026-08-28 14:27:25 INFO:DUKASCRIPT:current timestamp :2026-08-11T16:15:00
2026-08-28 14:27:25 INFO:DUKASCRIPT:current timestamp :2026-08-28T14:20:00
2026-08-28 14:27:25 INFO:DUKASCRIPT:current timestamp :2025-08-21T23:00:00
2026-08-28 14:27:25 INFO:DUKASCRIPT:current timestamp :2025-09-19T22:00:00
2026-08-28 14:27:25 INFO:DUKASCRIPT:current timestamp :2025-10-20T20:45:00
2026-08-28 14:27:25 INFO:DUKASCRIPT:current timestamp :2025-11-18T20:00:00
2026-08-28 14:27:25 INFO:DUKASCRIPT:current timestamp :2025-12-17T19:00:00
2026-08-28 14:27:25 INFO:DUKASCRIPT:current timestamp :2026-01-19T13:00:00
2026-08-28 14:27:25 INFO:DUKASCRIPT:current timestamp :2026-02-17T11:15:00
2026-08-28 14:27:25 INFO:DUKASCRIPT:current timestamp :2026-03-18T07:30:00
2026-08-28 14:27:25 INFO:DUKASCRIPT:current timestamp :2026-04-16T06:30:00
2026-08-28 14:27:25 INFO:DUKASCRIPT:current timestamp :2026-05-15T05:00:00
2026-08-28 14:27:25 INFO:DUKASCRIPT:current timestamp :2026-06-15T03:45:00
2026-08-28 14:27:25 INFO:DUKASCRIPT:current timestamp :2026-07-14T02:00:00
2026-08-28 14:27:25 INFO:DUKASCRIPT:current timestamp :2026-08-11T23:45:00
2026-08-28 14:27:25 INFO:DUKASCRIPT:current timestamp :2026-08-28T14:00:00
2026-08-28 14:27:25 INFO:DUKASCRIPT:current timestamp :2025-08-21T22:00:00
2026-08-28 14:27:25 INFO:DUKASCRIPT:current timestamp :2025-09-19T20:00:00
2026-08-28 14:27:25 INFO:DUKASCRIPT:current timestamp :2025-10-20T17:30:00
2026-08-28 14:27:25 INFO:DUKASCRIPT:current timestamp :2025-11-18T15:15:00
2026-08-28 14:27:25 INFO:DUKASCRIPT:current timestamp :2025-12-17T12:00:00
2026-08-28 14:27:25 INFO:DUKASCRIPT:current timestamp :2026-01-19T03:00:00
2026-08-28 14:27:25 INFO:DUKASCRIPT:current timestamp :2026-02-17T00:15:00
2026-08-28 14:27:25 INFO:DUKASCRIPT:current timestamp :2026-03-17T20:15:00
2026-08-28 14:27:25 INFO:DUKASCRIPT:current timestamp :2026-04-15T19:45:00
2026-08-28 14:27:25 INFO:DUKASCRIPT:current timestamp :2026-05-14T17:30:00
2026-08-28 14:27:25 INFO:DUKASCRIPT:current timestamp :2026-06-12T16:15:00
2026-08-28 14:27:25 INFO:DUKASCRIPT:current timestamp :2026-07-13T14:30:00
2026-08-28 14:27:25 INFO:DUKASCRIPT:current timestamp :2026-08-11T11:45:00
2026-08-28 14:27:25 INFO:DUKASCRIPT:current timestamp :2026-08-28T14:00:00
2026-08-28 14:27:25 INFO:DUKASCRIPT:current timestamp :2025-08-21T21:45:00
2026-08-28 14:27:25 INFO:DUKASCRIPT:current timestamp :2025-09-19T20:30:00
2026-08-28 14:27:25 INFO:DUKASCRIPT:current timestamp :2025-10-20T18:45:00
2026-08-28 14:27:25 INFO:DUKASCRIPT:current timestamp :2025-11-18T17:30:00
2026-08-28 14:27:25 INFO:DUKASCRIPT:current timestamp :2025-12-17T16:30:00
2026-08-28 14:27:25 INFO:DUKASCRIPT:current timestamp :2026-01-19T09:15:00
2026-08-28 14:27:25 INFO:DUKASCRIPT:current timestamp :2026-02-17T07:30:00
2026-08-28 14:27:25 INFO:DUKASCRIPT:current timestamp :2026-03-18T03:45:00
2026-08-28 14:27:25 INFO:DUKASCRIPT:current timestamp :2026-04-16T03:30:00
2026-08-28 14:27:25 INFO:DUKASCRIPT:current timestamp :2026-05-15T02:30:00
2026-08-28 14:27:25 INFO:DUKASCRIPT:current timestamp :2026-06-15T01:30:00
2026-08-28 14:27:25 INFO:DUKASCRIPT:current timestamp :2026-07-14T00:45:00
2026-08-28 14:27:25 INFO:DUKASCRIPT:current timestamp :2026-08-11T23:45:00
2026-08-28 14:27:25 INFO:DUKASCRIPT:current timestamp :2026-08-28T14:00:00
2026-08-28 14:27:25 INFO:DUKASCRIPT:current timestamp :2025-08-21T22:45:00
2026-08-28 14:27:25 INFO:DUKASCRIPT:current timestamp :2025-09-19T21:45:00
2026-08-28 14:27:25 INFO:DUKASCRIPT:current timestamp :2025-10-20T20:45:00
2026-08-28 14:27:25 INFO:DUKASCRIPT:current timestamp :2025-11-18T18:00:00
2026-08-28 14:27:25 INFO:DUKASCRIPT:current timestamp :2025-12-17T15:45:00
2026-08-28 14:27:25 INFO:DUKASCRIPT:current timestamp :2026-01-19T09:30:00
2026-08-28 14:27:25 INFO:DUKASCRIPT:current timestamp :2026-02-17T07:30:00
2026-08-28 14:27:25 INFO:DUKASCRIPT:current timestamp :2026-03-18T03:30:00
2026-08-28 14:27:25 INFO:DUKASCRIPT:current timestamp :2026-04-16T02:00:00
2026-08-28 14:27:25 INFO:DUKASCRIPT:current timestamp :2026-05-15T00:00:00
2026-08-28 14:27:25 INFO:DUKASCRIPT:current timestamp :2026-06-12T22:30:00
2026-08-28 14:27:25 INFO:DUKASCRIPT:current timestamp :2026-07-13T21:15:00
2026-08-28 14:27:25 INFO:DUKASCRIPT:current timestamp :2026-08-11T19:45:00
2026-08-28 14:27:25 INFO:DUKASCRIPT:current timestamp :2026-08-28T14:00:00
2026-08-28 14:27:25 INFO:DUKASCRIPT:current timestamp :2025-08-21T21:00:00
2026-08-28 14:27:25 INFO:DUKASCRIPT:current timestamp :2025-09-19T17:45:00
2026-08-28 14:27:25 INFO:DUKASCRIPT:current timestamp :2025-10-20T14:30:00
2026-08-28 14:27:25 INFO:DUKASCRIPT:current timestamp :2025-11-18T11:00:00
2026-08-28 14:27:25 INFO:DUKASCRIPT:current timestamp :2025-12-17T07:45:00
2026-08-28 14:27:25 INFO:DUKASCRIPT:current timestamp :2026-01-19T00:45:00
2026-08-28 14:27:25 INFO:DUKASCRIPT:current timestamp :2026-02-16T22:30:00
2026-08-28 14:27:25 INFO:DUKASCRIPT:current timestamp :2026-03-17T19:00:00
2026-08-28 14:27:25 INFO:DUKASCRIPT:current timestamp :2026-04-15T18:15:00
2026-08-28 14:27:25 INFO:DUKASCRIPT:current timestamp :2026-05-14T16:30:00
2026-08-28 14:27:25 INFO:DUKASCRIPT:current timestamp :2026-06-12T15:00:00
2026-08-28 14:27:25 INFO:DUKASCRIPT:current timestamp :2026-07-13T14:00:00
2026-08-28 14:27:25 INFO:DUKASCRIPT:current timestamp :2026-08-11T13:30:00
2026-08-28 14:27:25 INFO:DUKASCRIPT:current timestamp :2026-08-28T14:00:00
2026-08-28 14:27:25 INFO:DUKASCRIPT:current timestamp :2025-10-02T09:35:00
2026-08-28 14:27:25 INFO:DUKASCRIPT:current timestamp :2026-01-02T10:45:00
2026-08-28 14:27:25 INFO:DUKASCRIPT:current timestamp :2026-03-23T13:10:00
2026-08-28 14:27:25 INFO:DUKASCRIPT:current timestamp :2026-06-01T11:25:00
2026-08-28 14:27:25 INFO:DUKASCRIPT:current timestamp :2026-08-12T16:45:00
2026-08-28 14:27:25 INFO:DUKASCRIPT:current timestamp :2026-08-28T14:20:00
2026-08-28 14:27:25 INFO:DUKASCRIPT:current timestamp :2025-10-02T11:30:00
2026-08-28 14:27:25 INFO:DUKASCRIPT:current timestamp :2025-12-15T05:30:00
2026-08-28 14:27:25 INFO:DUKASCRIPT:current timestamp :2026-03-02T12:05:00
2026-08-28 14:27:25 INFO:DUKASCRIPT:current timestamp :2026-04-29T15:05:00
2026-08-28 14:27:25 INFO:DUKASCRIPT:current timestamp :2026-07-09T01:15:00
2026-08-28 14:27:25 INFO:DUKASCRIPT:current timestamp :2026-08-28T14:20:00
2026-08-28 14:27:25 ERROR:tvDatafeed.main:error while signin
2026-08-28 14:27:25 WARNING:tvDatafeed.main:you are using nologin method, data you access may be limited
2026-08-28 14:27:25 INFO:DUKASCRIPT:current timestamp :2026-08-27T02:00:00
2026-08-28 14:27:25 INFO:DUKASCRIPT:current timestamp :2026-08-28T13:00:00
2026-08-28 14:27:25 INFO:DUKASCRIPT:current timestamp :2026-08-28T13:00:00
2026-08-28 14:27:25 INFO:DUKASCRIPT:current timestamp :2026-08-28T13:00:00
2026-08-28 14:27:25 INFO:DUKASCRIPT:current timestamp :2026-08-28T10:00:00
2026-08-28 14:27:25 INFO:DUKASCRIPT:current timestamp :2026-08-28T10:00:00
2026-08-28 14:27:25 INFO:DUKASCRIPT:current timestamp :2026-08-28T10:00:00
2026-08-28 14:27:25 INFO:DUKASCRIPT:current timestamp :2026-08-28T13:00:00
2026-08-28 14:27:25 INFO:DUKASCRIPT:current timestamp :2026-06-30T20:45:00
2026-08-28 14:27:25 INFO:DUKASCRIPT:current timestamp :2026-07-30T18:30:00
2026-08-28 14:27:25 INFO:DUKASCRIPT:current timestamp :2026-08-28T14:00:00
2026-08-28 14:27:25 INFO:DUKASCRIPT:current timestamp :2026-06-30T20:55:00
2026-08-28 14:27:25 INFO:DUKASCRIPT:current timestamp :2026-07-30T18:50:00
2026-08-28 14:27:25 INFO:DUKASCRIPT:current timestamp :2026-08-28T14:20:00
2026-08-28 14:27:25 INFO:DUKASCRIPT:current timestamp :2026-08-28T10:00:00
2026-08-28 14:27:25 INFO:DUKASCRIPT:current timestamp :2026-08-28T10:00:00
2026-08-28 14:27:25 INFO:DUKASCRIPT:current timestamp :2025-05-16T10:30:00
2026-08-28 14:27:25 INFO:DUKASCRIPT:current timestamp :2025-06-18T04:00:00
2026-08-28 14:27:25 INFO:DUKASCRIPT:current timestamp :2025-07-21T05:15:00
2026-08-28 14:27:25 INFO:DUKASCRIPT:current timestamp :2025-08-20T21:15:00
2026-08-28 14:27:25 INFO:DUKASCRIPT:current timestamp :2025-09-22T17:30:00
2026-08-28 14:27:25 INFO:DUKASCRIPT:current timestamp :2025-10-23T12:15:00
2026-08-28 14:27:25 INFO:DUKASCRIPT:current timestamp :2025-11-25T01:15:00
2026-08-28 14:27:25 INFO:DUKASCRIPT:current timestamp :2025-12-29T11:30:00
2026-08-28 14:27:25 INFO:DUKASCRIPT:current timestamp :2026-01-30T04:45:00
2026-08-28 14:27:25 INFO:DUKASCRIPT:current timestamp :2026-03-03T18:15:00
2026-08-28 14:27:25 INFO:DUKASCRIPT:current timestamp :2026-04-06T06:30:00
2026-08-28 14:27:25 INFO:DUKASCRIPT:current timestamp :2026-05-06T17:45:00
2026-08-28 14:27:25 INFO:DUKASCRIPT:current timestamp :2026-06-08T10:15:00
2026-08-28 14:27:25 INFO:DUKASCRIPT:current timestamp :2026-07-09T05:45:00
2026-08-28 14:27:25 INFO:DUKASCRIPT:current timestamp :2026-08-10T16:45:00
2026-08-28 14:27:25 INFO:DUKASCRIPT:current timestamp :2026-08-28T14:00:00
2026-08-28 14:27:25 INFO:DUKASCRIPT:current timestamp :2025-05-16T10:50:00
2026-08-28 14:27:25 INFO:DUKASCRIPT:current timestamp :2025-06-18T04:40:00
2026-08-28 14:27:25 INFO:DUKASCRIPT:current timestamp :2025-07-21T06:25:00
2026-08-28 14:27:25 INFO:DUKASCRIPT:current timestamp :2025-08-21T00:10:00
2026-08-28 14:27:25 INFO:DUKASCRIPT:current timestamp :2025-09-22T18:50:00
2026-08-28 14:27:25 INFO:DUKASCRIPT:current timestamp :2025-10-23T13:50:00
2026-08-28 14:27:25 INFO:DUKASCRIPT:current timestamp :2025-11-25T03:00:00
2026-08-28 14:27:25 INFO:DUKASCRIPT:current timestamp :2025-12-29T13:35:00
2026-08-28 14:27:25 INFO:DUKASCRIPT:current timestamp :2026-01-30T07:00:00
2026-08-28 14:27:25 INFO:DUKASCRIPT:current timestamp :2026-03-03T20:45:00
2026-08-28 14:27:25 INFO:DUKASCRIPT:current timestamp :2026-04-06T09:10:00
2026-08-28 14:27:25 INFO:DUKASCRIPT:current timestamp :2026-05-15T10:55:00
2026-08-28 14:27:25 INFO:DUKASCRIPT:current timestamp :2026-06-17T04:10:00
2026-08-28 14:27:25 INFO:DUKASCRIPT:current timestamp :2026-07-17T21:30:00
2026-08-28 14:27:25 INFO:DUKASCRIPT:current timestamp :2026-08-19T11:55:00
2026-08-28 14:27:25 INFO:DUKASCRIPT:current timestamp :2026-08-28T14:20:00
2026-08-28 14:27:25 INFO:DUKASCRIPT:current timestamp :2025-05-16T10:45:00
2026-08-28 14:27:25 INFO:DUKASCRIPT:current timestamp :2025-06-18T03:15:00
2026-08-28 14:27:25 INFO:DUKASCRIPT:current timestamp :2025-07-21T01:30:00
2026-08-28 14:27:25 INFO:DUKASCRIPT:current timestamp :2025-08-20T12:15:00
2026-08-28 14:27:25 INFO:DUKASCRIPT:current timestamp :2025-09-22T04:15:00
2026-08-28 14:27:25 INFO:DUKASCRIPT:current timestamp :2025-10-22T14:45:00
2026-08-28 14:27:25 INFO:DUKASCRIPT:current timestamp :2025-11-24T02:45:00
2026-08-28 14:27:25 INFO:DUKASCRIPT:current timestamp :2025-12-26T11:15:00
2026-08-28 14:27:25 INFO:DUKASCRIPT:current timestamp :2026-01-29T02:30:00
2026-08-28 14:27:25 INFO:DUKASCRIPT:current timestamp :2026-03-02T16:15:00
2026-08-28 14:27:25 INFO:DUKASCRIPT:current timestamp :2026-04-02T05:00:00
2026-08-28 14:27:25 INFO:DUKASCRIPT:current timestamp :2026-05-05T15:45:00
2026-08-28 14:27:25 INFO:DUKASCRIPT:current timestamp :2026-06-05T08:30:00
2026-08-28 14:27:25 INFO:DUKASCRIPT:current timestamp :2026-07-08T05:00:00
2026-08-28 14:27:25 INFO:DUKASCRIPT:current timestamp :2026-08-07T15:15:00
2026-08-28 14:27:25 INFO:DUKASCRIPT:current timestamp :2026-08-28T14:00:00
2026-08-28 14:27:25 INFO:DUKASCRIPT:current timestamp :2025-05-16T11:00:00
2026-08-28 14:27:25 INFO:DUKASCRIPT:current timestamp :2025-06-18T03:50:00
2026-08-28 14:27:25 INFO:DUKASCRIPT:current timestamp :2025-07-21T02:15:00
2026-08-28 14:27:25 INFO:DUKASCRIPT:current timestamp :2025-08-20T13:20:00
2026-08-28 14:27:25 INFO:DUKASCRIPT:current timestamp :2025-09-22T05:30:00
2026-08-28 14:27:25 INFO:DUKASCRIPT:current timestamp :2025-10-22T16:20:00
2026-08-28 14:27:25 INFO:DUKASCRIPT:current timestamp :2025-11-24T04:30:00
2026-08-28 14:27:25 INFO:DUKASCRIPT:current timestamp :2025-12-26T13:20:00
2026-08-28 14:27:25 INFO:DUKASCRIPT:current timestamp :2026-01-29T04:50:00
2026-08-28 14:27:25 INFO:DUKASCRIPT:current timestamp :2026-03-02T18:50:00
2026-08-28 14:27:25 INFO:DUKASCRIPT:current timestamp :2026-04-02T07:45:00
2026-08-28 14:27:25 INFO:DUKASCRIPT:current timestamp :2026-05-15T10:45:00
2026-08-28 14:27:25 INFO:DUKASCRIPT:current timestamp :2026-06-17T05:15:00
2026-08-28 14:27:25 INFO:DUKASCRIPT:current timestamp :2026-07-20T00:25:00
2026-08-28 14:27:25 INFO:DUKASCRIPT:current timestamp :2026-08-19T11:10:00
2026-08-28 14:27:25 INFO:DUKASCRIPT:current timestamp :2026-08-28T14:20:00
2026-08-28 14:27:25 INFO:DUKASCRIPT:current timestamp :2025-05-16T12:15:00
2026-08-28 14:27:25 INFO:DUKASCRIPT:current timestamp :2025-06-18T06:30:00
2026-08-28 14:27:25 INFO:DUKASCRIPT:current timestamp :2025-07-21T06:30:00
2026-08-28 14:27:25 INFO:DUKASCRIPT:current timestamp :2025-08-20T18:45:00
2026-08-28 14:27:25 INFO:DUKASCRIPT:current timestamp :2025-09-22T10:45:00
2026-08-28 14:27:25 INFO:DUKASCRIPT:current timestamp :2025-10-22T21:00:00
2026-08-28 14:27:25 INFO:DUKASCRIPT:current timestamp :2025-11-24T09:00:00
2026-08-28 14:27:25 INFO:DUKASCRIPT:current timestamp :2025-12-26T17:00:00
2026-08-28 14:27:25 INFO:DUKASCRIPT:current timestamp :2026-01-29T08:15:00
2026-08-28 14:27:25 INFO:DUKASCRIPT:current timestamp :2026-03-02T21:45:00
2026-08-28 14:27:25 INFO:DUKASCRIPT:current timestamp :2026-04-02T10:15:00
2026-08-28 14:27:25 INFO:DUKASCRIPT:current timestamp :2026-05-05T20:30:00
2026-08-28 14:27:25 INFO:DUKASCRIPT:current timestamp :2026-06-05T13:00:00
2026-08-28 14:27:25 INFO:DUKASCRIPT:current timestamp :2026-07-08T08:30:00
2026-08-28 14:27:25 INFO:DUKASCRIPT:current timestamp :2026-08-07T18:45:00
2026-08-28 14:27:25 INFO:DUKASCRIPT:current timestamp :2026-08-28T14:00:00
2026-08-28 14:27:25 INFO:DUKASCRIPT:current timestamp :2025-05-16T12:25:00
2026-08-28 14:27:25 INFO:DUKASCRIPT:current timestamp :2025-06-18T07:00:00
2026-08-28 14:27:25 INFO:DUKASCRIPT:current timestamp :2025-07-21T07:15:00
2026-08-28 14:27:25 INFO:DUKASCRIPT:current timestamp :2025-08-20T19:45:00
2026-08-28 14:27:25 INFO:DUKASCRIPT:current timestamp :2025-09-22T11:55:00
2026-08-28 14:27:25 INFO:DUKASCRIPT:current timestamp :2025-10-23T00:15:00
2026-08-28 14:27:25 INFO:DUKASCRIPT:current timestamp :2025-11-24T10:40:00
2026-08-28 14:27:25 INFO:DUKASCRIPT:current timestamp :2025-12-26T18:55:00
2026-08-28 14:27:25 INFO:DUKASCRIPT:current timestamp :2026-01-29T10:20:00
2026-08-28 14:27:25 INFO:DUKASCRIPT:current timestamp :2026-03-03T01:45:00
2026-08-28 14:27:25 INFO:DUKASCRIPT:current timestamp :2026-04-02T12:50:00
2026-08-28 14:27:25 INFO:DUKASCRIPT:current timestamp :2026-05-15T10:30:00
2026-08-28 14:27:25 INFO:DUKASCRIPT:current timestamp :2026-06-17T04:25:00
2026-08-28 14:27:25 INFO:DUKASCRIPT:current timestamp :2026-07-17T21:20:00
2026-08-28 14:27:25 INFO:DUKASCRIPT:current timestamp :2026-08-19T09:30:00
2026-08-28 14:27:25 INFO:DUKASCRIPT:current timestamp :2026-08-28T14:20:00
2026-08-28 14:27:25 {
2026-08-28 14:27:25   "date": "2026-08-28 12:25:06.826417",
2026-08-28 14:27:25   "equity": 99952.73840853585,
2026-08-28 14:27:25   "current_dd": -0.00047261591464153874,
2026-08-28 14:27:25   "kill_switch_active": false,
2026-08-28 14:27:25   "n_trades": 0
2026-08-28 14:27:25 }
2026-08-28 14:27:25 [main 059e791] EK Portfolio Bot: Snapshot 2026-08-28 14:27
2026-08-28 14:27:25  3 files changed, 229 insertions(+), 1 deletion(-)
2026-08-28 14:27:27 To https://github.com/AndrowDeluxe/Forex-Backtesting.git
2026-08-28 14:27:27    4998d66..059e791  main -> main
2026-08-28 14:27:27 Commit + Push erfolgreich.
2026-08-28 14:27:27 === EK-Portfolio-Task beendet ===
2026-08-28 22:43:52 === EK-Portfolio-Task gestartet ===
2026-08-28 22:48:54 INFO:DUKASCRIPT:current timestamp :2026-08-28T22:15:00
2026-08-28 22:48:54 INFO:DUKASCRIPT:current timestamp :2026-08-28T22:15:00
2026-08-28 22:48:54 INFO:DUKASCRIPT:current timestamp :2026-08-27T02:00:00
2026-08-28 22:48:54 INFO:DUKASCRIPT:current timestamp :2025-08-21T21:15:00
2026-08-28 22:48:54 INFO:DUKASCRIPT:current timestamp :2025-09-19T19:10:00
2026-08-28 22:48:54 INFO:DUKASCRIPT:current timestamp :2025-10-20T16:55:00
2026-08-28 22:48:54 INFO:DUKASCRIPT:current timestamp :2025-11-18T14:35:00
2026-08-28 22:48:54 INFO:DUKASCRIPT:current timestamp :2025-12-17T12:30:00
2026-08-28 22:48:54 INFO:DUKASCRIPT:current timestamp :2026-01-19T07:00:00
2026-08-28 22:48:54 INFO:DUKASCRIPT:current timestamp :2026-02-17T04:30:00
2026-08-28 22:48:54 INFO:DUKASCRIPT:current timestamp :2026-03-18T00:25:00
2026-08-28 22:48:54 INFO:DUKASCRIPT:current timestamp :2026-04-15T23:00:00
2026-08-28 22:48:54 INFO:DUKASCRIPT:current timestamp :2026-05-14T21:05:00
2026-08-28 22:48:54 INFO:DUKASCRIPT:current timestamp :2026-06-12T19:40:00
2026-08-28 22:48:54 INFO:DUKASCRIPT:current timestamp :2026-07-13T18:15:00
2026-08-28 22:48:54 INFO:DUKASCRIPT:current timestamp :2026-08-11T16:15:00
2026-08-28 22:48:54 INFO:DUKASCRIPT:current timestamp :2026-08-28T22:35:00
2026-08-28 22:48:54 INFO:DUKASCRIPT:current timestamp :2025-08-21T23:00:00
2026-08-28 22:48:54 INFO:DUKASCRIPT:current timestamp :2025-09-19T22:00:00
2026-08-28 22:48:54 INFO:DUKASCRIPT:current timestamp :2025-10-20T20:45:00
2026-08-28 22:48:54 INFO:DUKASCRIPT:current timestamp :2025-11-18T20:00:00
2026-08-28 22:48:54 INFO:DUKASCRIPT:current timestamp :2025-12-17T19:00:00
2026-08-28 22:48:54 INFO:DUKASCRIPT:current timestamp :2026-01-19T13:00:00
2026-08-28 22:48:54 INFO:DUKASCRIPT:current timestamp :2026-02-17T11:15:00
2026-08-28 22:48:54 INFO:DUKASCRIPT:current timestamp :2026-03-18T07:30:00
2026-08-28 22:48:54 INFO:DUKASCRIPT:current timestamp :2026-04-16T06:30:00
2026-08-28 22:48:54 INFO:DUKASCRIPT:current timestamp :2026-05-15T05:00:00
2026-08-28 22:48:54 INFO:DUKASCRIPT:current timestamp :2026-06-15T03:45:00
2026-08-28 22:48:54 INFO:DUKASCRIPT:current timestamp :2026-07-14T02:00:00
2026-08-28 22:48:54 INFO:DUKASCRIPT:current timestamp :2026-08-11T23:45:00
2026-08-28 22:48:54 INFO:DUKASCRIPT:current timestamp :2026-08-28T22:15:00
2026-08-28 22:48:54 INFO:DUKASCRIPT:current timestamp :2025-08-21T22:00:00
2026-08-28 22:48:54 INFO:DUKASCRIPT:current timestamp :2025-09-19T20:00:00
2026-08-28 22:48:54 INFO:DUKASCRIPT:current timestamp :2025-10-20T17:30:00
2026-08-28 22:48:54 INFO:DUKASCRIPT:current timestamp :2025-11-18T15:15:00
2026-08-28 22:48:54 INFO:DUKASCRIPT:current timestamp :2025-12-17T12:00:00
2026-08-28 22:48:54 INFO:DUKASCRIPT:current timestamp :2026-01-19T03:00:00
2026-08-28 22:48:54 INFO:DUKASCRIPT:current timestamp :2026-02-17T00:15:00
2026-08-28 22:48:54 INFO:DUKASCRIPT:current timestamp :2026-03-17T20:15:00
2026-08-28 22:48:54 INFO:DUKASCRIPT:current timestamp :2026-04-15T19:45:00
2026-08-28 22:48:54 INFO:DUKASCRIPT:current timestamp :2026-05-14T17:30:00
2026-08-28 22:48:54 INFO:DUKASCRIPT:current timestamp :2026-06-12T16:15:00
2026-08-28 22:48:54 INFO:DUKASCRIPT:current timestamp :2026-07-13T14:30:00
2026-08-28 22:48:54 INFO:DUKASCRIPT:current timestamp :2026-08-11T11:45:00
2026-08-28 22:48:54 INFO:DUKASCRIPT:current timestamp :2026-08-28T22:15:00
2026-08-28 22:48:54 INFO:DUKASCRIPT:current timestamp :2025-08-21T21:45:00
2026-08-28 22:48:54 INFO:DUKASCRIPT:current timestamp :2025-09-19T20:30:00
2026-08-28 22:48:54 INFO:DUKASCRIPT:current timestamp :2025-10-20T18:45:00
2026-08-28 22:48:54 INFO:DUKASCRIPT:current timestamp :2025-11-18T17:30:00
2026-08-28 22:48:54 INFO:DUKASCRIPT:current timestamp :2025-12-17T16:30:00
2026-08-28 22:48:54 INFO:DUKASCRIPT:current timestamp :2026-01-19T09:15:00
2026-08-28 22:48:54 INFO:DUKASCRIPT:current timestamp :2026-02-17T07:30:00
2026-08-28 22:48:54 INFO:DUKASCRIPT:current timestamp :2026-03-18T03:45:00
2026-08-28 22:48:54 INFO:DUKASCRIPT:current timestamp :2026-04-16T03:30:00
2026-08-28 22:48:54 INFO:DUKASCRIPT:current timestamp :2026-05-15T02:30:00
2026-08-28 22:48:54 INFO:DUKASCRIPT:current timestamp :2026-06-15T01:30:00
2026-08-28 22:48:54 INFO:DUKASCRIPT:current timestamp :2026-07-14T00:45:00
2026-08-28 22:48:54 INFO:DUKASCRIPT:current timestamp :2026-08-11T23:45:00
2026-08-28 22:48:54 INFO:DUKASCRIPT:current timestamp :2026-08-28T22:15:00
2026-08-28 22:48:54 INFO:DUKASCRIPT:current timestamp :2025-08-21T22:45:00
2026-08-28 22:48:54 INFO:DUKASCRIPT:current timestamp :2025-09-19T21:45:00
2026-08-28 22:48:54 INFO:DUKASCRIPT:current timestamp :2025-10-20T20:45:00
2026-08-28 22:48:54 INFO:DUKASCRIPT:current timestamp :2025-11-18T18:00:00
2026-08-28 22:48:54 INFO:DUKASCRIPT:current timestamp :2025-12-17T15:45:00
2026-08-28 22:48:54 INFO:DUKASCRIPT:current timestamp :2026-01-19T09:30:00
2026-08-28 22:48:54 INFO:DUKASCRIPT:current timestamp :2026-02-17T07:30:00
2026-08-28 22:48:54 INFO:DUKASCRIPT:current timestamp :2026-03-18T03:30:00
2026-08-28 22:48:54 INFO:DUKASCRIPT:current timestamp :2026-04-16T02:00:00
2026-08-28 22:48:54 INFO:DUKASCRIPT:current timestamp :2026-05-15T00:00:00
2026-08-28 22:48:54 INFO:DUKASCRIPT:current timestamp :2026-06-12T22:30:00
2026-08-28 22:48:54 INFO:DUKASCRIPT:current timestamp :2026-07-13T21:15:00
2026-08-28 22:48:54 INFO:DUKASCRIPT:current timestamp :2026-08-11T19:45:00
2026-08-28 22:48:54 INFO:DUKASCRIPT:current timestamp :2026-08-28T22:15:00
2026-08-28 22:48:54 INFO:DUKASCRIPT:current timestamp :2025-08-21T21:00:00
2026-08-28 22:48:54 INFO:DUKASCRIPT:current timestamp :2025-09-19T17:45:00
2026-08-28 22:48:54 INFO:DUKASCRIPT:current timestamp :2025-10-20T14:30:00
2026-08-28 22:48:54 INFO:DUKASCRIPT:current timestamp :2025-11-18T11:00:00
2026-08-28 22:48:54 INFO:DUKASCRIPT:current timestamp :2025-12-17T07:45:00
2026-08-28 22:48:54 INFO:DUKASCRIPT:current timestamp :2026-01-19T00:45:00
2026-08-28 22:48:54 INFO:DUKASCRIPT:current timestamp :2026-02-16T22:30:00
2026-08-28 22:48:54 INFO:DUKASCRIPT:current timestamp :2026-03-17T19:00:00
2026-08-28 22:48:54 INFO:DUKASCRIPT:current timestamp :2026-04-15T18:15:00
2026-08-28 22:48:54 INFO:DUKASCRIPT:current timestamp :2026-05-14T16:30:00
2026-08-28 22:48:54 INFO:DUKASCRIPT:current timestamp :2026-06-12T15:00:00
2026-08-28 22:48:54 INFO:DUKASCRIPT:current timestamp :2026-07-13T14:00:00
2026-08-28 22:48:54 INFO:DUKASCRIPT:current timestamp :2026-08-11T13:30:00
2026-08-28 22:48:54 INFO:DUKASCRIPT:current timestamp :2026-08-28T22:15:00
2026-08-28 22:48:54 INFO:DUKASCRIPT:current timestamp :2025-10-02T09:35:00
2026-08-28 22:48:54 INFO:DUKASCRIPT:current timestamp :2026-01-02T10:45:00
2026-08-28 22:48:54 INFO:DUKASCRIPT:current timestamp :2026-03-23T13:10:00
2026-08-28 22:48:54 INFO:DUKASCRIPT:current timestamp :2026-06-01T11:25:00
2026-08-28 22:48:54 INFO:DUKASCRIPT:current timestamp :2026-08-12T16:45:00
2026-08-28 22:48:54 INFO:DUKASCRIPT:current timestamp :2026-08-28T21:55:00
2026-08-28 22:48:54 INFO:DUKASCRIPT:current timestamp :2025-10-02T11:30:00
2026-08-28 22:48:54 INFO:DUKASCRIPT:current timestamp :2025-12-15T05:30:00
2026-08-28 22:48:54 INFO:DUKASCRIPT:current timestamp :2026-03-02T12:05:00
2026-08-28 22:48:54 INFO:DUKASCRIPT:current timestamp :2026-04-29T15:05:00
2026-08-28 22:48:54 INFO:DUKASCRIPT:current timestamp :2026-07-09T01:15:00
2026-08-28 22:48:54 INFO:DUKASCRIPT:current timestamp :2026-08-28T22:30:00
2026-08-28 22:48:54 ERROR:tvDatafeed.main:error while signin
2026-08-28 22:48:54 WARNING:tvDatafeed.main:you are using nologin method, data you access may be limited
2026-08-28 22:48:54 INFO:DUKASCRIPT:current timestamp :2026-08-27T02:00:00
2026-08-28 22:48:54 INFO:DUKASCRIPT:current timestamp :2026-08-28T21:00:00
2026-08-28 22:48:54 INFO:DUKASCRIPT:current timestamp :2026-08-28T21:00:00
2026-08-28 22:48:54 INFO:DUKASCRIPT:current timestamp :2026-08-28T21:00:00
2026-08-28 22:48:54 INFO:DUKASCRIPT:current timestamp :2026-08-28T18:00:00
2026-08-28 22:48:54 INFO:DUKASCRIPT:current timestamp :2026-08-28T18:00:00
2026-08-28 22:48:54 INFO:DUKASCRIPT:current timestamp :2026-08-28T18:00:00
2026-08-28 22:48:54 INFO:DUKASCRIPT:current timestamp :2026-08-28T21:00:00
2026-08-28 22:48:54 INFO:DUKASCRIPT:current timestamp :2026-06-30T20:45:00
2026-08-28 22:48:54 INFO:DUKASCRIPT:current timestamp :2026-07-30T18:30:00
2026-08-28 22:48:54 INFO:DUKASCRIPT:current timestamp :2026-08-28T22:15:00
2026-08-28 22:48:54 INFO:DUKASCRIPT:current timestamp :2026-06-30T20:55:00
2026-08-28 22:48:54 INFO:DUKASCRIPT:current timestamp :2026-07-30T18:50:00
2026-08-28 22:48:54 INFO:DUKASCRIPT:current timestamp :2026-08-28T22:35:00
2026-08-28 22:48:54 INFO:DUKASCRIPT:current timestamp :2026-08-28T18:00:00
2026-08-28 22:48:54 INFO:DUKASCRIPT:current timestamp :2026-08-28T18:00:00
2026-08-28 22:48:54 INFO:DUKASCRIPT:current timestamp :2025-05-16T10:30:00
2026-08-28 22:48:54 INFO:DUKASCRIPT:current timestamp :2025-06-18T04:00:00
2026-08-28 22:48:54 INFO:DUKASCRIPT:current timestamp :2025-07-21T05:15:00
2026-08-28 22:48:54 INFO:DUKASCRIPT:current timestamp :2025-08-20T21:15:00
2026-08-28 22:48:54 INFO:DUKASCRIPT:current timestamp :2025-09-22T17:30:00
2026-08-28 22:48:54 INFO:DUKASCRIPT:current timestamp :2025-10-23T12:15:00
2026-08-28 22:48:54 INFO:DUKASCRIPT:current timestamp :2025-11-25T01:15:00
2026-08-28 22:48:54 INFO:DUKASCRIPT:current timestamp :2025-12-29T11:30:00
2026-08-28 22:48:54 INFO:DUKASCRIPT:current timestamp :2026-01-30T04:45:00
2026-08-28 22:48:54 INFO:DUKASCRIPT:current timestamp :2026-03-03T18:15:00
2026-08-28 22:48:54 INFO:DUKASCRIPT:current timestamp :2026-04-06T06:30:00
2026-08-28 22:48:54 INFO:DUKASCRIPT:current timestamp :2026-05-06T17:45:00
2026-08-28 22:48:54 INFO:DUKASCRIPT:current timestamp :2026-06-08T10:15:00
2026-08-28 22:48:54 INFO:DUKASCRIPT:current timestamp :2026-07-09T05:45:00
2026-08-28 22:48:54 INFO:DUKASCRIPT:current timestamp :2026-08-10T16:45:00
2026-08-28 22:48:54 INFO:DUKASCRIPT:current timestamp :2026-08-28T22:00:00
2026-08-28 22:48:54 INFO:DUKASCRIPT:current timestamp :2025-05-16T10:50:00
2026-08-28 22:48:54 INFO:DUKASCRIPT:current timestamp :2025-06-18T04:40:00
2026-08-28 22:48:54 INFO:DUKASCRIPT:current timestamp :2025-07-21T06:25:00
2026-08-28 22:48:54 INFO:DUKASCRIPT:current timestamp :2025-08-21T00:10:00
2026-08-28 22:48:54 INFO:DUKASCRIPT:current timestamp :2025-09-22T18:50:00
2026-08-28 22:48:54 INFO:DUKASCRIPT:current timestamp :2025-10-23T13:50:00
2026-08-28 22:48:54 INFO:DUKASCRIPT:current timestamp :2025-11-25T03:00:00
2026-08-28 22:48:54 INFO:DUKASCRIPT:current timestamp :2025-12-29T13:35:00
2026-08-28 22:48:54 INFO:DUKASCRIPT:current timestamp :2026-01-30T07:00:00
2026-08-28 22:48:54 INFO:DUKASCRIPT:current timestamp :2026-03-03T20:45:00
2026-08-28 22:48:54 INFO:DUKASCRIPT:current timestamp :2026-04-06T09:10:00
2026-08-28 22:48:54 INFO:DUKASCRIPT:current timestamp :2026-05-15T10:55:00
2026-08-28 22:48:54 INFO:DUKASCRIPT:current timestamp :2026-06-17T04:10:00
2026-08-28 22:48:54 INFO:DUKASCRIPT:current timestamp :2026-07-17T21:30:00
2026-08-28 22:48:54 INFO:DUKASCRIPT:current timestamp :2026-08-19T11:55:00
2026-08-28 22:48:54 INFO:DUKASCRIPT:current timestamp :2026-08-28T22:10:00
2026-08-28 22:48:54 INFO:DUKASCRIPT:current timestamp :2025-05-16T10:45:00
2026-08-28 22:48:54 INFO:DUKASCRIPT:current timestamp :2025-06-18T03:15:00
2026-08-28 22:48:54 INFO:DUKASCRIPT:current timestamp :2025-07-21T01:30:00
2026-08-28 22:48:54 INFO:DUKASCRIPT:current timestamp :2025-08-20T12:15:00
2026-08-28 22:48:54 INFO:DUKASCRIPT:current timestamp :2025-09-22T04:15:00
2026-08-28 22:48:54 INFO:DUKASCRIPT:current timestamp :2025-10-22T14:45:00
2026-08-28 22:48:54 INFO:DUKASCRIPT:current timestamp :2025-11-24T02:45:00
2026-08-28 22:48:54 INFO:DUKASCRIPT:current timestamp :2025-12-26T11:15:00
2026-08-28 22:48:54 INFO:DUKASCRIPT:current timestamp :2026-01-29T02:30:00
2026-08-28 22:48:54 INFO:DUKASCRIPT:current timestamp :2026-03-02T16:15:00
2026-08-28 22:48:54 INFO:DUKASCRIPT:current timestamp :2026-04-02T05:00:00
2026-08-28 22:48:54 INFO:DUKASCRIPT:current timestamp :2026-05-05T15:45:00
2026-08-28 22:48:54 INFO:DUKASCRIPT:current timestamp :2026-06-05T08:30:00
2026-08-28 22:48:54 INFO:DUKASCRIPT:current timestamp :2026-07-08T05:00:00
2026-08-28 22:48:54 INFO:DUKASCRIPT:current timestamp :2026-08-07T15:15:00
2026-08-28 22:48:54 INFO:DUKASCRIPT:current timestamp :2026-08-28T22:00:00
2026-08-28 22:48:54 INFO:DUKASCRIPT:current timestamp :2025-05-16T11:00:00
2026-08-28 22:48:54 INFO:DUKASCRIPT:current timestamp :2025-06-18T03:50:00
2026-08-28 22:48:54 INFO:DUKASCRIPT:current timestamp :2025-07-21T02:15:00
2026-08-28 22:48:54 INFO:DUKASCRIPT:current timestamp :2025-08-20T13:20:00
2026-08-28 22:48:54 INFO:DUKASCRIPT:current timestamp :2025-09-22T05:30:00
2026-08-28 22:48:54 INFO:DUKASCRIPT:current timestamp :2025-10-22T16:20:00
2026-08-28 22:48:54 INFO:DUKASCRIPT:current timestamp :2025-11-24T04:30:00
2026-08-28 22:48:54 INFO:DUKASCRIPT:current timestamp :2025-12-26T13:20:00
2026-08-28 22:48:54 INFO:DUKASCRIPT:current timestamp :2026-01-29T04:50:00
2026-08-28 22:48:54 INFO:DUKASCRIPT:current timestamp :2026-03-02T18:50:00
2026-08-28 22:48:54 INFO:DUKASCRIPT:current timestamp :2026-04-02T07:45:00
2026-08-28 22:48:54 INFO:DUKASCRIPT:current timestamp :2026-05-15T10:45:00
2026-08-28 22:48:54 INFO:DUKASCRIPT:current timestamp :2026-06-17T05:15:00
2026-08-28 22:48:54 INFO:DUKASCRIPT:current timestamp :2026-07-20T00:25:00
2026-08-28 22:48:54 INFO:DUKASCRIPT:current timestamp :2026-08-19T11:10:00
2026-08-28 22:48:54 INFO:DUKASCRIPT:current timestamp :2026-08-28T22:10:00
2026-08-28 22:48:54 INFO:DUKASCRIPT:current timestamp :2025-05-16T12:15:00
2026-08-28 22:48:54 INFO:DUKASCRIPT:current timestamp :2025-06-18T06:30:00
2026-08-28 22:48:54 INFO:DUKASCRIPT:current timestamp :2025-07-21T06:30:00
2026-08-28 22:48:54 INFO:DUKASCRIPT:current timestamp :2025-08-20T18:45:00
2026-08-28 22:48:54 INFO:DUKASCRIPT:current timestamp :2025-09-22T10:45:00
2026-08-28 22:48:54 INFO:DUKASCRIPT:current timestamp :2025-10-22T21:00:00
2026-08-28 22:48:54 INFO:DUKASCRIPT:current timestamp :2025-11-24T09:00:00
2026-08-28 22:48:54 INFO:DUKASCRIPT:current timestamp :2025-12-26T17:00:00
2026-08-28 22:48:54 INFO:DUKASCRIPT:current timestamp :2026-01-29T08:15:00
2026-08-28 22:48:54 INFO:DUKASCRIPT:current timestamp :2026-03-02T21:45:00
2026-08-28 22:48:54 INFO:DUKASCRIPT:current timestamp :2026-04-02T10:15:00
2026-08-28 22:48:54 INFO:DUKASCRIPT:current timestamp :2026-05-05T20:30:00
2026-08-28 22:48:54 INFO:DUKASCRIPT:current timestamp :2026-06-05T13:00:00
2026-08-28 22:48:54 INFO:DUKASCRIPT:current timestamp :2026-07-08T08:30:00
2026-08-28 22:48:54 INFO:DUKASCRIPT:current timestamp :2026-08-07T18:45:00
2026-08-28 22:48:54 INFO:DUKASCRIPT:current timestamp :2026-08-28T22:00:00
2026-08-28 22:48:54 INFO:DUKASCRIPT:current timestamp :2025-05-16T12:25:00
2026-08-28 22:48:54 INFO:DUKASCRIPT:current timestamp :2025-06-18T07:00:00
2026-08-28 22:48:54 INFO:DUKASCRIPT:current timestamp :2025-07-21T07:15:00
2026-08-28 22:48:54 INFO:DUKASCRIPT:current timestamp :2025-08-20T19:45:00
2026-08-28 22:48:54 INFO:DUKASCRIPT:current timestamp :2025-09-22T11:55:00
2026-08-28 22:48:54 INFO:DUKASCRIPT:current timestamp :2025-10-23T00:15:00
2026-08-28 22:48:54 INFO:DUKASCRIPT:current timestamp :2025-11-24T10:40:00
2026-08-28 22:48:54 INFO:DUKASCRIPT:current timestamp :2025-12-26T18:55:00
2026-08-28 22:48:54 INFO:DUKASCRIPT:current timestamp :2026-01-29T10:20:00
2026-08-28 22:48:54 INFO:DUKASCRIPT:current timestamp :2026-03-03T01:45:00
2026-08-28 22:48:54 INFO:DUKASCRIPT:current timestamp :2026-04-02T12:50:00
2026-08-28 22:48:54 INFO:DUKASCRIPT:current timestamp :2026-05-15T10:30:00
2026-08-28 22:48:54 INFO:DUKASCRIPT:current timestamp :2026-06-17T04:25:00
2026-08-28 22:48:54 INFO:DUKASCRIPT:current timestamp :2026-07-17T21:20:00
2026-08-28 22:48:54 INFO:DUKASCRIPT:current timestamp :2026-08-19T09:30:00
2026-08-28 22:48:54 INFO:DUKASCRIPT:current timestamp :2026-08-28T22:10:00
2026-08-28 22:48:54 {
2026-08-28 22:48:54   "date": "2026-08-28 20:43:55.622813",
2026-08-28 22:48:54   "equity": 99754.15595621412,
2026-08-28 22:48:54   "current_dd": -0.002458440437858811,
2026-08-28 22:48:54   "kill_switch_active": false,
2026-08-28 22:48:54   "n_trades": 10
2026-08-28 22:48:54 }
2026-08-28 22:48:54 ---
2026-08-28 22:48:54 [EK Portfolio] ­ƒƒó ENTRY CTNL Reversal @ 2026-08-28 11:00:00-04:00
2026-08-28 22:48:54 ---
2026-08-28 22:48:54 [EK Portfolio] ­ƒƒó ENTRY CTNL Reversal @ 2026-08-28 11:15:00-04:00
2026-08-28 22:48:54 ---
2026-08-28 22:48:54 [EK Portfolio] ­ƒƒó ENTRY CTNL Reversal @ 2026-08-28 11:30:00-04:00
2026-08-28 22:48:54 ---
2026-08-28 22:48:54 [EK Portfolio] ­ƒƒó ENTRY CTNL Reversal @ 2026-08-28 11:45:00-04:00
2026-08-28 22:48:54 ---
2026-08-28 22:48:54 [EK Portfolio] ­ƒƒó ENTRY CTNL Reversal @ 2026-08-28 12:00:00-04:00
2026-08-28 22:48:54 ---
2026-08-28 22:48:54 [EK Portfolio] ­ƒƒó ENTRY CTNL Reversal @ 2026-08-28 12:15:00-04:00
2026-08-28 22:48:54 ---
2026-08-28 22:48:54 [EK Portfolio] ­ƒƒó ENTRY CTNL Reversal @ 2026-08-28 12:30:00-04:00
2026-08-28 22:48:54 ---
2026-08-28 22:48:54 [EK Portfolio] ­ƒƒó ENTRY CTNL Reversal @ 2026-08-28 12:45:00-04:00
2026-08-28 22:48:54 ---
2026-08-28 22:48:54 [EK Portfolio] ­ƒƒó ENTRY CTNL Reversal @ 2026-08-28 13:00:00-04:00
2026-08-28 22:48:54 ---
2026-08-28 22:48:54 [EK Portfolio] ­ƒƒó ENTRY NY-Open ORB (NASDAQ) @ 2026-08-28 09:45:00-04:00
2026-08-28 22:48:54 [main 72ae925] EK Portfolio Bot: Snapshot 2026-08-28 22:48
2026-08-28 22:48:54  3 files changed, 332 insertions(+), 3 deletions(-)
2026-08-28 22:48:56 To https://github.com/AndrowDeluxe/Forex-Backtesting.git
2026-08-28 22:48:56    9e4f583..72ae925  main -> main
2026-08-28 22:48:56 Commit + Push erfolgreich.
2026-08-28 22:48:56 === EK-Portfolio-Task beendet ===
2026-08-28 23:25:05 === EK-Portfolio-Task gestartet ===
2026-08-28 23:29:52 INFO:DUKASCRIPT:current timestamp :2026-08-28T22:45:00
2026-08-28 23:29:52 INFO:DUKASCRIPT:current timestamp :2026-08-28T22:45:00
2026-08-28 23:29:52 INFO:DUKASCRIPT:current timestamp :2026-08-27T02:00:00
2026-08-28 23:29:52 INFO:DUKASCRIPT:current timestamp :2025-08-21T21:15:00
2026-08-28 23:29:52 INFO:DUKASCRIPT:current timestamp :2025-09-19T19:10:00
2026-08-28 23:29:52 INFO:DUKASCRIPT:current timestamp :2025-10-20T16:55:00
2026-08-28 23:29:52 INFO:DUKASCRIPT:current timestamp :2025-11-18T14:35:00
2026-08-28 23:29:52 INFO:DUKASCRIPT:current timestamp :2025-12-17T12:30:00
2026-08-28 23:29:52 INFO:DUKASCRIPT:current timestamp :2026-01-19T07:00:00
2026-08-28 23:29:52 INFO:DUKASCRIPT:current timestamp :2026-02-17T04:30:00
2026-08-28 23:29:52 INFO:DUKASCRIPT:current timestamp :2026-03-18T00:25:00
2026-08-28 23:29:52 INFO:DUKASCRIPT:current timestamp :2026-04-15T23:00:00
2026-08-28 23:29:52 INFO:DUKASCRIPT:current timestamp :2026-05-14T21:05:00
2026-08-28 23:29:52 INFO:DUKASCRIPT:current timestamp :2026-06-12T19:40:00
2026-08-28 23:29:52 INFO:DUKASCRIPT:current timestamp :2026-07-13T18:15:00
2026-08-28 23:29:52 INFO:DUKASCRIPT:current timestamp :2026-08-11T16:15:00
2026-08-28 23:29:52 INFO:DUKASCRIPT:current timestamp :2026-08-28T22:55:00
2026-08-28 23:29:52 INFO:DUKASCRIPT:current timestamp :2025-08-21T23:00:00
2026-08-28 23:29:52 INFO:DUKASCRIPT:current timestamp :2025-09-19T22:00:00
2026-08-28 23:29:52 INFO:DUKASCRIPT:current timestamp :2025-10-20T20:45:00
2026-08-28 23:29:52 INFO:DUKASCRIPT:current timestamp :2025-11-18T20:00:00
2026-08-28 23:29:52 INFO:DUKASCRIPT:current timestamp :2025-12-17T19:00:00
2026-08-28 23:29:52 INFO:DUKASCRIPT:current timestamp :2026-01-19T13:00:00
2026-08-28 23:29:52 INFO:DUKASCRIPT:current timestamp :2026-02-17T11:15:00
2026-08-28 23:29:52 INFO:DUKASCRIPT:current timestamp :2026-03-18T07:30:00
2026-08-28 23:29:52 INFO:DUKASCRIPT:current timestamp :2026-04-16T06:30:00
2026-08-28 23:29:52 INFO:DUKASCRIPT:current timestamp :2026-05-15T05:00:00
2026-08-28 23:29:52 INFO:DUKASCRIPT:current timestamp :2026-06-15T03:45:00
2026-08-28 23:29:52 INFO:DUKASCRIPT:current timestamp :2026-07-14T02:00:00
2026-08-28 23:29:52 INFO:DUKASCRIPT:current timestamp :2026-08-11T23:45:00
2026-08-28 23:29:52 INFO:DUKASCRIPT:current timestamp :2026-08-28T22:45:00
2026-08-28 23:29:52 INFO:DUKASCRIPT:current timestamp :2025-08-21T22:00:00
2026-08-28 23:29:52 INFO:DUKASCRIPT:current timestamp :2025-09-19T20:00:00
2026-08-28 23:29:52 INFO:DUKASCRIPT:current timestamp :2025-10-20T17:30:00
2026-08-28 23:29:52 INFO:DUKASCRIPT:current timestamp :2025-11-18T15:15:00
2026-08-28 23:29:52 INFO:DUKASCRIPT:current timestamp :2025-12-17T12:00:00
2026-08-28 23:29:52 INFO:DUKASCRIPT:current timestamp :2026-01-19T03:00:00
2026-08-28 23:29:52 INFO:DUKASCRIPT:current timestamp :2026-02-17T00:15:00
2026-08-28 23:29:52 INFO:DUKASCRIPT:current timestamp :2026-03-17T20:15:00
2026-08-28 23:29:52 INFO:DUKASCRIPT:current timestamp :2026-04-15T19:45:00
2026-08-28 23:29:52 INFO:DUKASCRIPT:current timestamp :2026-05-14T17:30:00
2026-08-28 23:29:52 INFO:DUKASCRIPT:current timestamp :2026-06-12T16:15:00
2026-08-28 23:29:52 INFO:DUKASCRIPT:current timestamp :2026-07-13T14:30:00
2026-08-28 23:29:52 INFO:DUKASCRIPT:current timestamp :2026-08-11T11:45:00
2026-08-28 23:29:52 INFO:DUKASCRIPT:current timestamp :2026-08-28T22:45:00
2026-08-28 23:29:52 INFO:DUKASCRIPT:current timestamp :2025-08-21T21:45:00
2026-08-28 23:29:52 INFO:DUKASCRIPT:current timestamp :2025-09-19T20:30:00
2026-08-28 23:29:52 INFO:DUKASCRIPT:current timestamp :2025-10-20T18:45:00
2026-08-28 23:29:52 INFO:DUKASCRIPT:current timestamp :2025-11-18T17:30:00
2026-08-28 23:29:52 INFO:DUKASCRIPT:current timestamp :2025-12-17T16:30:00
2026-08-28 23:29:52 INFO:DUKASCRIPT:current timestamp :2026-01-19T09:15:00
2026-08-28 23:29:52 INFO:DUKASCRIPT:current timestamp :2026-02-17T07:30:00
2026-08-28 23:29:52 INFO:DUKASCRIPT:current timestamp :2026-03-18T03:45:00
2026-08-28 23:29:52 INFO:DUKASCRIPT:current timestamp :2026-04-16T03:30:00
2026-08-28 23:29:52 INFO:DUKASCRIPT:current timestamp :2026-05-15T02:30:00
2026-08-28 23:29:52 INFO:DUKASCRIPT:current timestamp :2026-06-15T01:30:00
2026-08-28 23:29:52 INFO:DUKASCRIPT:current timestamp :2026-07-14T00:45:00
2026-08-28 23:29:52 INFO:DUKASCRIPT:current timestamp :2026-08-11T23:45:00
2026-08-28 23:29:52 INFO:DUKASCRIPT:current timestamp :2026-08-28T22:45:00
2026-08-28 23:29:52 INFO:DUKASCRIPT:current timestamp :2025-08-21T22:45:00
2026-08-28 23:29:52 INFO:DUKASCRIPT:current timestamp :2025-09-19T21:45:00
2026-08-28 23:29:52 INFO:DUKASCRIPT:current timestamp :2025-10-20T20:45:00
2026-08-28 23:29:52 INFO:DUKASCRIPT:current timestamp :2025-11-18T18:00:00
2026-08-28 23:29:52 INFO:DUKASCRIPT:current timestamp :2025-12-17T15:45:00
2026-08-28 23:29:52 INFO:DUKASCRIPT:current timestamp :2026-01-19T09:30:00
2026-08-28 23:29:52 INFO:DUKASCRIPT:current timestamp :2026-02-17T07:30:00
2026-08-28 23:29:52 INFO:DUKASCRIPT:current timestamp :2026-03-18T03:30:00
2026-08-28 23:29:52 INFO:DUKASCRIPT:current timestamp :2026-04-16T02:00:00
2026-08-28 23:29:52 INFO:DUKASCRIPT:current timestamp :2026-05-15T00:00:00
2026-08-28 23:29:52 INFO:DUKASCRIPT:current timestamp :2026-06-12T22:30:00
2026-08-28 23:29:52 INFO:DUKASCRIPT:current timestamp :2026-07-13T21:15:00
2026-08-28 23:29:52 INFO:DUKASCRIPT:current timestamp :2026-08-11T19:45:00
2026-08-28 23:29:52 INFO:DUKASCRIPT:current timestamp :2026-08-28T22:45:00
2026-08-28 23:29:52 INFO:DUKASCRIPT:current timestamp :2025-08-21T21:00:00
2026-08-28 23:29:52 INFO:DUKASCRIPT:current timestamp :2025-09-19T17:45:00
2026-08-28 23:29:52 INFO:DUKASCRIPT:current timestamp :2025-10-20T14:30:00
2026-08-28 23:29:52 INFO:DUKASCRIPT:current timestamp :2025-11-18T11:00:00
2026-08-28 23:29:52 INFO:DUKASCRIPT:current timestamp :2025-12-17T07:45:00
2026-08-28 23:29:52 INFO:DUKASCRIPT:current timestamp :2026-01-19T00:45:00
2026-08-28 23:29:52 INFO:DUKASCRIPT:current timestamp :2026-02-16T22:30:00
2026-08-28 23:29:52 INFO:DUKASCRIPT:current timestamp :2026-03-17T19:00:00
2026-08-28 23:29:52 INFO:DUKASCRIPT:current timestamp :2026-04-15T18:15:00
2026-08-28 23:29:52 INFO:DUKASCRIPT:current timestamp :2026-05-14T16:30:00
2026-08-28 23:29:52 INFO:DUKASCRIPT:current timestamp :2026-06-12T15:00:00
2026-08-28 23:29:52 INFO:DUKASCRIPT:current timestamp :2026-07-13T14:00:00
2026-08-28 23:29:52 INFO:DUKASCRIPT:current timestamp :2026-08-11T13:30:00
2026-08-28 23:29:52 INFO:DUKASCRIPT:current timestamp :2026-08-28T22:45:00
2026-08-28 23:29:52 INFO:DUKASCRIPT:current timestamp :2025-10-02T09:35:00
2026-08-28 23:29:52 INFO:DUKASCRIPT:current timestamp :2026-01-02T10:45:00
2026-08-28 23:29:52 INFO:DUKASCRIPT:current timestamp :2026-03-23T13:10:00
2026-08-28 23:29:52 INFO:DUKASCRIPT:current timestamp :2026-06-01T11:25:00
2026-08-28 23:29:52 INFO:DUKASCRIPT:current timestamp :2026-08-12T16:45:00
2026-08-28 23:29:52 INFO:DUKASCRIPT:current timestamp :2026-08-28T21:55:00
2026-08-28 23:29:52 INFO:DUKASCRIPT:current timestamp :2025-10-02T11:30:00
2026-08-28 23:29:52 INFO:DUKASCRIPT:current timestamp :2025-12-15T05:30:00
2026-08-28 23:29:52 INFO:DUKASCRIPT:current timestamp :2026-03-02T12:05:00
2026-08-28 23:29:52 INFO:DUKASCRIPT:current timestamp :2026-04-29T15:05:00
2026-08-28 23:29:52 INFO:DUKASCRIPT:current timestamp :2026-07-09T01:15:00
2026-08-28 23:29:52 INFO:DUKASCRIPT:current timestamp :2026-08-28T22:50:00
2026-08-28 23:29:52 ERROR:tvDatafeed.main:error while signin
2026-08-28 23:29:52 WARNING:tvDatafeed.main:you are using nologin method, data you access may be limited
2026-08-28 23:29:52 INFO:DUKASCRIPT:current timestamp :2026-08-27T02:00:00
2026-08-28 23:29:52 INFO:DUKASCRIPT:current timestamp :2026-08-28T22:00:00
2026-08-28 23:29:52 INFO:DUKASCRIPT:current timestamp :2026-08-28T22:00:00
2026-08-28 23:29:52 INFO:DUKASCRIPT:current timestamp :2026-08-28T22:00:00
2026-08-28 23:29:52 INFO:DUKASCRIPT:current timestamp :2026-08-28T18:00:00
2026-08-28 23:29:52 INFO:DUKASCRIPT:current timestamp :2026-08-28T18:00:00
2026-08-28 23:29:52 INFO:DUKASCRIPT:current timestamp :2026-08-28T18:00:00
2026-08-28 23:29:52 INFO:DUKASCRIPT:current timestamp :2026-08-28T22:00:00
2026-08-28 23:29:52 INFO:DUKASCRIPT:current timestamp :2026-06-30T20:45:00
2026-08-28 23:29:52 INFO:DUKASCRIPT:current timestamp :2026-07-30T18:30:00
2026-08-28 23:29:52 INFO:DUKASCRIPT:current timestamp :2026-08-28T22:45:00
2026-08-28 23:29:52 INFO:DUKASCRIPT:current timestamp :2026-06-30T20:55:00
2026-08-28 23:29:52 INFO:DUKASCRIPT:current timestamp :2026-07-30T18:50:00
2026-08-28 23:29:52 INFO:DUKASCRIPT:current timestamp :2026-08-28T22:55:00
2026-08-28 23:29:52 INFO:DUKASCRIPT:current timestamp :2026-08-28T18:00:00
2026-08-28 23:29:52 INFO:DUKASCRIPT:current timestamp :2026-08-28T18:00:00
2026-08-28 23:29:52 INFO:DUKASCRIPT:current timestamp :2025-05-16T10:30:00
2026-08-28 23:29:52 INFO:DUKASCRIPT:current timestamp :2025-06-18T04:00:00
2026-08-28 23:29:52 INFO:DUKASCRIPT:current timestamp :2025-07-21T05:15:00
2026-08-28 23:29:52 INFO:DUKASCRIPT:current timestamp :2025-08-20T21:15:00
2026-08-28 23:29:52 INFO:DUKASCRIPT:current timestamp :2025-09-22T17:30:00
2026-08-28 23:29:52 INFO:DUKASCRIPT:current timestamp :2025-10-23T12:15:00
2026-08-28 23:29:52 INFO:DUKASCRIPT:current timestamp :2025-11-25T01:15:00
2026-08-28 23:29:52 INFO:DUKASCRIPT:current timestamp :2025-12-29T11:30:00
2026-08-28 23:29:52 INFO:DUKASCRIPT:current timestamp :2026-01-30T04:45:00
2026-08-28 23:29:52 INFO:DUKASCRIPT:current timestamp :2026-03-03T18:15:00
2026-08-28 23:29:52 INFO:DUKASCRIPT:current timestamp :2026-04-06T06:30:00
2026-08-28 23:29:52 INFO:DUKASCRIPT:current timestamp :2026-05-06T17:45:00
2026-08-28 23:29:52 INFO:DUKASCRIPT:current timestamp :2026-06-08T10:15:00
2026-08-28 23:29:52 INFO:DUKASCRIPT:current timestamp :2026-07-09T05:45:00
2026-08-28 23:29:52 INFO:DUKASCRIPT:current timestamp :2026-08-10T16:45:00
2026-08-28 23:29:52 INFO:DUKASCRIPT:current timestamp :2026-08-28T22:00:00
2026-08-28 23:29:52 INFO:DUKASCRIPT:current timestamp :2025-05-16T10:50:00
2026-08-28 23:29:52 INFO:DUKASCRIPT:current timestamp :2025-06-18T04:40:00
2026-08-28 23:29:52 INFO:DUKASCRIPT:current timestamp :2025-07-21T06:25:00
2026-08-28 23:29:52 INFO:DUKASCRIPT:current timestamp :2025-08-21T00:10:00
2026-08-28 23:29:52 INFO:DUKASCRIPT:current timestamp :2025-09-22T18:50:00
2026-08-28 23:29:52 INFO:DUKASCRIPT:current timestamp :2025-10-23T13:50:00
2026-08-28 23:29:52 INFO:DUKASCRIPT:current timestamp :2025-11-25T03:00:00
2026-08-28 23:29:52 INFO:DUKASCRIPT:current timestamp :2025-12-29T13:35:00
2026-08-28 23:29:52 INFO:DUKASCRIPT:current timestamp :2026-01-30T07:00:00
2026-08-28 23:29:52 INFO:DUKASCRIPT:current timestamp :2026-03-03T20:45:00
2026-08-28 23:29:52 INFO:DUKASCRIPT:current timestamp :2026-04-06T09:10:00
2026-08-28 23:29:52 INFO:DUKASCRIPT:current timestamp :2026-05-15T10:55:00
2026-08-28 23:29:52 INFO:DUKASCRIPT:current timestamp :2026-06-17T04:10:00
2026-08-28 23:29:52 INFO:DUKASCRIPT:current timestamp :2026-07-17T21:30:00
2026-08-28 23:29:52 INFO:DUKASCRIPT:current timestamp :2026-08-19T11:55:00
2026-08-28 23:29:52 INFO:DUKASCRIPT:current timestamp :2026-08-28T22:10:00
2026-08-28 23:29:52 INFO:DUKASCRIPT:current timestamp :2025-05-16T10:45:00
2026-08-28 23:29:52 INFO:DUKASCRIPT:current timestamp :2025-06-18T03:15:00
2026-08-28 23:29:52 INFO:DUKASCRIPT:current timestamp :2025-07-21T01:30:00
2026-08-28 23:29:52 INFO:DUKASCRIPT:current timestamp :2025-08-20T12:15:00
2026-08-28 23:29:52 INFO:DUKASCRIPT:current timestamp :2025-09-22T04:15:00
2026-08-28 23:29:52 INFO:DUKASCRIPT:current timestamp :2025-10-22T14:45:00
2026-08-28 23:29:52 INFO:DUKASCRIPT:current timestamp :2025-11-24T02:45:00
2026-08-28 23:29:52 INFO:DUKASCRIPT:current timestamp :2025-12-26T11:15:00
2026-08-28 23:29:52 INFO:DUKASCRIPT:current timestamp :2026-01-29T02:30:00
2026-08-28 23:29:52 INFO:DUKASCRIPT:current timestamp :2026-03-02T16:15:00
2026-08-28 23:29:52 INFO:DUKASCRIPT:current timestamp :2026-04-02T05:00:00
2026-08-28 23:29:52 INFO:DUKASCRIPT:current timestamp :2026-05-05T15:45:00
2026-08-28 23:29:52 INFO:DUKASCRIPT:current timestamp :2026-06-05T08:30:00
2026-08-28 23:29:52 INFO:DUKASCRIPT:current timestamp :2026-07-08T05:00:00
2026-08-28 23:29:52 INFO:DUKASCRIPT:current timestamp :2026-08-07T15:15:00
2026-08-28 23:29:52 INFO:DUKASCRIPT:current timestamp :2026-08-28T22:00:00
2026-08-28 23:29:52 INFO:DUKASCRIPT:current timestamp :2025-05-16T11:00:00
2026-08-28 23:29:52 INFO:DUKASCRIPT:current timestamp :2025-06-18T03:50:00
2026-08-28 23:29:52 INFO:DUKASCRIPT:current timestamp :2025-07-21T02:15:00
2026-08-28 23:29:52 INFO:DUKASCRIPT:current timestamp :2025-08-20T13:20:00
2026-08-28 23:29:52 INFO:DUKASCRIPT:current timestamp :2025-09-22T05:30:00
2026-08-28 23:29:52 INFO:DUKASCRIPT:current timestamp :2025-10-22T16:20:00
2026-08-28 23:29:52 INFO:DUKASCRIPT:current timestamp :2025-11-24T04:30:00
2026-08-28 23:29:52 INFO:DUKASCRIPT:current timestamp :2025-12-26T13:20:00
2026-08-28 23:29:52 INFO:DUKASCRIPT:current timestamp :2026-01-29T04:50:00
2026-08-28 23:29:52 INFO:DUKASCRIPT:current timestamp :2026-03-02T18:50:00
2026-08-28 23:29:52 INFO:DUKASCRIPT:current timestamp :2026-04-02T07:45:00
2026-08-28 23:29:52 INFO:DUKASCRIPT:current timestamp :2026-05-15T10:45:00
2026-08-28 23:29:52 INFO:DUKASCRIPT:current timestamp :2026-06-17T05:15:00
2026-08-28 23:29:52 INFO:DUKASCRIPT:current timestamp :2026-07-20T00:25:00
2026-08-28 23:29:52 INFO:DUKASCRIPT:current timestamp :2026-08-19T11:10:00
2026-08-28 23:29:52 INFO:DUKASCRIPT:current timestamp :2026-08-28T22:10:00
2026-08-28 23:29:52 INFO:DUKASCRIPT:current timestamp :2025-05-16T12:15:00
2026-08-28 23:29:52 INFO:DUKASCRIPT:current timestamp :2025-06-18T06:30:00
2026-08-28 23:29:52 INFO:DUKASCRIPT:current timestamp :2025-07-21T06:30:00
2026-08-28 23:29:52 INFO:DUKASCRIPT:current timestamp :2025-08-20T18:45:00
2026-08-28 23:29:52 INFO:DUKASCRIPT:current timestamp :2025-09-22T10:45:00
2026-08-28 23:29:52 INFO:DUKASCRIPT:current timestamp :2025-10-22T21:00:00
2026-08-28 23:29:52 INFO:DUKASCRIPT:current timestamp :2025-11-24T09:00:00
2026-08-28 23:29:52 INFO:DUKASCRIPT:current timestamp :2025-12-26T17:00:00
2026-08-28 23:29:52 INFO:DUKASCRIPT:current timestamp :2026-01-29T08:15:00
2026-08-28 23:29:52 INFO:DUKASCRIPT:current timestamp :2026-03-02T21:45:00
2026-08-28 23:29:52 INFO:DUKASCRIPT:current timestamp :2026-04-02T10:15:00
2026-08-28 23:29:52 INFO:DUKASCRIPT:current timestamp :2026-05-05T20:30:00
2026-08-28 23:29:52 INFO:DUKASCRIPT:current timestamp :2026-06-05T13:00:00
2026-08-28 23:29:52 INFO:DUKASCRIPT:current timestamp :2026-07-08T08:30:00
2026-08-28 23:29:52 INFO:DUKASCRIPT:current timestamp :2026-08-07T18:45:00
2026-08-28 23:29:52 INFO:DUKASCRIPT:current timestamp :2026-08-28T22:00:00
2026-08-28 23:29:52 INFO:DUKASCRIPT:current timestamp :2025-05-16T12:25:00
2026-08-28 23:29:52 INFO:DUKASCRIPT:current timestamp :2025-06-18T07:00:00
2026-08-28 23:29:52 INFO:DUKASCRIPT:current timestamp :2025-07-21T07:15:00
2026-08-28 23:29:52 INFO:DUKASCRIPT:current timestamp :2025-08-20T19:45:00
2026-08-28 23:29:52 INFO:DUKASCRIPT:current timestamp :2025-09-22T11:55:00
2026-08-28 23:29:52 INFO:DUKASCRIPT:current timestamp :2025-10-23T00:15:00
2026-08-28 23:29:52 INFO:DUKASCRIPT:current timestamp :2025-11-24T10:40:00
2026-08-28 23:29:52 INFO:DUKASCRIPT:current timestamp :2025-12-26T18:55:00
2026-08-28 23:29:52 INFO:DUKASCRIPT:current timestamp :2026-01-29T10:20:00
2026-08-28 23:29:52 INFO:DUKASCRIPT:current timestamp :2026-03-03T01:45:00
2026-08-28 23:29:52 INFO:DUKASCRIPT:current timestamp :2026-04-02T12:50:00
2026-08-28 23:29:52 INFO:DUKASCRIPT:current timestamp :2026-05-15T10:30:00
2026-08-28 23:29:52 INFO:DUKASCRIPT:current timestamp :2026-06-17T04:25:00
2026-08-28 23:29:52 INFO:DUKASCRIPT:current timestamp :2026-07-17T21:20:00
2026-08-28 23:29:52 INFO:DUKASCRIPT:current timestamp :2026-08-19T09:30:00
2026-08-28 23:29:52 INFO:DUKASCRIPT:current timestamp :2026-08-28T22:10:00
2026-08-28 23:29:52 {
2026-08-28 23:29:52   "date": "2026-08-28 21:25:07.633764",
2026-08-28 23:29:52   "equity": 99743.90944023391,
2026-08-28 23:29:52   "current_dd": -0.0025609055976608674,
2026-08-28 23:29:52   "kill_switch_active": false,
2026-08-28 23:29:52   "n_trades": 10
2026-08-28 23:29:52 }
2026-08-28 23:29:53 [main 259c10b] EK Portfolio Bot: Snapshot 2026-08-28 23:29
2026-08-28 23:29:53  3 files changed, 238 insertions(+), 10 deletions(-)
2026-08-28 23:29:55 To https://github.com/AndrowDeluxe/Forex-Backtesting.git
2026-08-28 23:29:55    e78b5b2..259c10b  main -> main
2026-08-28 23:29:55 Commit + Push erfolgreich.
2026-08-28 23:29:55 === EK-Portfolio-Task beendet ===
2026-08-29 07:24:14 === EK-Portfolio-Task gestartet ===
2026-08-29 08:25:06 === EK-Portfolio-Task gestartet ===
2026-08-29 08:27:37 INFO:DUKASCRIPT:current timestamp :2026-08-28T22:45:00
2026-08-29 08:27:37 INFO:DUKASCRIPT:current timestamp :2026-08-28T22:45:00
2026-08-29 08:27:37 INFO:DUKASCRIPT:current timestamp :2026-08-28T02:00:00
2026-08-29 08:27:37 INFO:DUKASCRIPT:current timestamp :2025-08-22T21:30:00
2026-08-29 08:27:37 INFO:DUKASCRIPT:current timestamp :2025-09-22T19:15:00
2026-08-29 08:27:37 INFO:DUKASCRIPT:current timestamp :2025-10-21T17:05:00
2026-08-29 08:27:37 INFO:DUKASCRIPT:current timestamp :2025-11-19T14:40:00
2026-08-29 08:27:37 INFO:DUKASCRIPT:current timestamp :2025-12-18T12:40:00
2026-08-29 08:27:37 INFO:DUKASCRIPT:current timestamp :2026-01-20T07:20:00
2026-08-29 08:27:37 INFO:DUKASCRIPT:current timestamp :2026-02-18T04:35:00
2026-08-29 08:27:37 INFO:DUKASCRIPT:current timestamp :2026-03-19T00:30:00
2026-08-29 08:27:37 INFO:DUKASCRIPT:current timestamp :2026-04-16T23:10:00
2026-08-29 08:27:37 INFO:DUKASCRIPT:current timestamp :2026-05-15T21:15:00
2026-08-29 08:27:37 INFO:DUKASCRIPT:current timestamp :2026-06-15T19:45:00
2026-08-29 08:27:37 INFO:DUKASCRIPT:current timestamp :2026-07-14T18:20:00
2026-08-29 08:27:37 INFO:DUKASCRIPT:current timestamp :2026-08-12T16:30:00
2026-08-29 08:27:37 INFO:DUKASCRIPT:current timestamp :2026-08-28T22:55:00
2026-08-29 08:27:37 INFO:DUKASCRIPT:current timestamp :2025-08-24T23:00:00
2026-08-29 08:27:37 INFO:DUKASCRIPT:current timestamp :2025-09-22T22:00:00
2026-08-29 08:27:37 INFO:DUKASCRIPT:current timestamp :2025-10-21T20:45:00
2026-08-29 08:27:37 INFO:DUKASCRIPT:current timestamp :2025-11-19T20:00:00
2026-08-29 08:27:37 INFO:DUKASCRIPT:current timestamp :2025-12-18T19:00:00
2026-08-29 08:27:37 INFO:DUKASCRIPT:current timestamp :2026-01-20T13:15:00
2026-08-29 08:27:37 INFO:DUKASCRIPT:current timestamp :2026-02-18T11:00:00
2026-08-29 08:27:37 INFO:DUKASCRIPT:current timestamp :2026-03-19T07:00:00
2026-08-29 08:27:37 INFO:DUKASCRIPT:current timestamp :2026-04-17T06:00:00
2026-08-29 08:27:37 INFO:DUKASCRIPT:current timestamp :2026-05-18T04:30:00
2026-08-29 08:27:37 INFO:DUKASCRIPT:current timestamp :2026-06-16T03:15:00
2026-08-29 08:27:37 INFO:DUKASCRIPT:current timestamp :2026-07-15T01:30:00
2026-08-29 08:27:37 INFO:DUKASCRIPT:current timestamp :2026-08-12T23:15:00
2026-08-29 08:27:37 INFO:DUKASCRIPT:current timestamp :2026-08-28T22:45:00
2026-08-29 08:27:37 INFO:DUKASCRIPT:current timestamp :2025-08-22T22:00:00
2026-08-29 08:27:37 INFO:DUKASCRIPT:current timestamp :2025-09-22T20:00:00
2026-08-29 08:27:37 INFO:DUKASCRIPT:current timestamp :2025-10-21T17:15:00
2026-08-29 08:27:37 INFO:DUKASCRIPT:current timestamp :2025-11-19T15:00:00
2026-08-29 08:27:37 INFO:DUKASCRIPT:current timestamp :2025-12-18T12:00:00
2026-08-29 08:27:37 INFO:DUKASCRIPT:current timestamp :2026-01-20T03:15:00
2026-08-29 08:27:37 INFO:DUKASCRIPT:current timestamp :2026-02-18T00:00:00
2026-08-29 08:27:37 INFO:DUKASCRIPT:current timestamp :2026-03-18T20:00:00
2026-08-29 08:27:37 INFO:DUKASCRIPT:current timestamp :2026-04-16T19:30:00
2026-08-29 08:27:37 INFO:DUKASCRIPT:current timestamp :2026-05-15T17:30:00
2026-08-29 08:27:37 INFO:DUKASCRIPT:current timestamp :2026-06-15T16:30:00
2026-08-29 08:27:37 INFO:DUKASCRIPT:current timestamp :2026-07-14T14:45:00
2026-08-29 08:27:37 INFO:DUKASCRIPT:current timestamp :2026-08-12T12:00:00
2026-08-29 08:27:37 INFO:DUKASCRIPT:current timestamp :2026-08-28T22:45:00
2026-08-29 08:27:37 INFO:DUKASCRIPT:current timestamp :2025-08-22T21:45:00
2026-08-29 08:27:37 INFO:DUKASCRIPT:current timestamp :2025-09-22T20:30:00
2026-08-29 08:27:37 INFO:DUKASCRIPT:current timestamp :2025-10-21T18:45:00
2026-08-29 08:27:37 INFO:DUKASCRIPT:current timestamp :2025-11-19T17:30:00
2026-08-29 08:27:37 INFO:DUKASCRIPT:current timestamp :2025-12-18T16:30:00
2026-08-29 08:27:37 INFO:DUKASCRIPT:current timestamp :2026-01-20T09:30:00
2026-08-29 08:27:37 INFO:DUKASCRIPT:current timestamp :2026-02-18T07:30:00
2026-08-29 08:27:37 INFO:DUKASCRIPT:current timestamp :2026-03-19T03:45:00
2026-08-29 08:27:37 INFO:DUKASCRIPT:current timestamp :2026-04-17T03:45:00
2026-08-29 08:27:37 INFO:DUKASCRIPT:current timestamp :2026-05-18T02:45:00
2026-08-29 08:27:37 INFO:DUKASCRIPT:current timestamp :2026-06-16T02:00:00
2026-08-29 08:27:37 INFO:DUKASCRIPT:current timestamp :2026-07-15T01:00:00
2026-08-29 08:27:37 INFO:DUKASCRIPT:current timestamp :2026-08-13T00:15:00
2026-08-29 08:27:37 INFO:DUKASCRIPT:current timestamp :2026-08-28T22:45:00
2026-08-29 08:27:37 INFO:DUKASCRIPT:current timestamp :2025-08-22T22:45:00
2026-08-29 08:27:37 INFO:DUKASCRIPT:current timestamp :2025-09-22T21:45:00
2026-08-29 08:27:37 INFO:DUKASCRIPT:current timestamp :2025-10-21T20:45:00
2026-08-29 08:27:37 INFO:DUKASCRIPT:current timestamp :2025-11-19T18:00:00
2026-08-29 08:27:37 INFO:DUKASCRIPT:current timestamp :2025-12-18T15:45:00
2026-08-29 08:27:37 INFO:DUKASCRIPT:current timestamp :2026-01-20T10:00:00
2026-08-29 08:27:37 INFO:DUKASCRIPT:current timestamp :2026-02-18T07:30:00
2026-08-29 08:27:37 INFO:DUKASCRIPT:current timestamp :2026-03-19T03:30:00
2026-08-29 08:27:37 INFO:DUKASCRIPT:current timestamp :2026-04-17T02:00:00
2026-08-29 08:27:37 INFO:DUKASCRIPT:current timestamp :2026-05-18T00:00:00
2026-08-29 08:27:37 INFO:DUKASCRIPT:current timestamp :2026-06-15T22:30:00
2026-08-29 08:27:37 INFO:DUKASCRIPT:current timestamp :2026-07-14T21:15:00
2026-08-29 08:27:37 INFO:DUKASCRIPT:current timestamp :2026-08-12T19:45:00
2026-08-29 08:27:37 INFO:DUKASCRIPT:current timestamp :2026-08-28T22:45:00
2026-08-29 08:27:37 INFO:DUKASCRIPT:current timestamp :2025-08-22T20:45:00
2026-08-29 08:27:37 INFO:DUKASCRIPT:current timestamp :2025-09-22T17:45:00
2026-08-29 08:27:37 INFO:DUKASCRIPT:current timestamp :2025-10-21T14:30:00
2026-08-29 08:27:37 INFO:DUKASCRIPT:current timestamp :2025-11-19T11:00:00
2026-08-29 08:27:37 INFO:DUKASCRIPT:current timestamp :2025-12-18T07:45:00
2026-08-29 08:27:37 INFO:DUKASCRIPT:current timestamp :2026-01-20T00:45:00
2026-08-29 08:27:37 INFO:DUKASCRIPT:current timestamp :2026-02-17T22:30:00
2026-08-29 08:27:37 INFO:DUKASCRIPT:current timestamp :2026-03-18T18:45:00
2026-08-29 08:27:37 INFO:DUKASCRIPT:current timestamp :2026-04-16T18:00:00
2026-08-29 08:27:37 INFO:DUKASCRIPT:current timestamp :2026-05-15T16:30:00
2026-08-29 08:27:37 INFO:DUKASCRIPT:current timestamp :2026-06-15T15:00:00
2026-08-29 08:27:37 INFO:DUKASCRIPT:current timestamp :2026-07-14T14:15:00
2026-08-29 08:27:37 INFO:DUKASCRIPT:current timestamp :2026-08-12T13:45:00
2026-08-29 08:27:37 INFO:DUKASCRIPT:current timestamp :2026-08-28T22:45:00
2026-08-29 08:27:37 INFO:DUKASCRIPT:current timestamp :2025-10-03T13:20:00
2026-08-29 08:27:37 INFO:DUKASCRIPT:current timestamp :2026-01-05T17:30:00
2026-08-29 08:27:37 INFO:DUKASCRIPT:current timestamp :2026-03-24T11:25:00
2026-08-29 08:27:37 INFO:DUKASCRIPT:current timestamp :2026-06-02T14:40:00
2026-08-29 08:27:37 INFO:DUKASCRIPT:current timestamp :2026-08-13T17:55:00
2026-08-29 08:27:37 INFO:DUKASCRIPT:current timestamp :2026-08-28T21:55:00
2026-08-29 08:27:37 INFO:DUKASCRIPT:current timestamp :2025-10-03T14:40:00
2026-08-29 08:27:37 INFO:DUKASCRIPT:current timestamp :2025-12-16T15:30:00
2026-08-29 08:27:37 INFO:DUKASCRIPT:current timestamp :2026-03-03T10:15:00
2026-08-29 08:27:37 INFO:DUKASCRIPT:current timestamp :2026-04-30T13:55:00
2026-08-29 08:27:37 INFO:DUKASCRIPT:current timestamp :2026-07-10T13:10:00
2026-08-29 08:27:37 INFO:DUKASCRIPT:current timestamp :2026-08-28T22:50:00
2026-08-29 08:27:37 ERROR:tvDatafeed.main:error while signin
2026-08-29 08:27:37 WARNING:tvDatafeed.main:you are using nologin method, data you access may be limited
2026-08-29 08:27:37 INFO:DUKASCRIPT:current timestamp :2026-08-28T02:00:00
2026-08-29 08:27:37 INFO:DUKASCRIPT:current timestamp :2026-08-28T22:00:00
2026-08-29 08:27:37 INFO:DUKASCRIPT:current timestamp :2026-08-28T22:00:00
2026-08-29 08:27:37 INFO:DUKASCRIPT:current timestamp :2026-08-28T22:00:00
2026-08-29 08:27:37 INFO:DUKASCRIPT:current timestamp :2026-08-28T18:00:00
2026-08-29 08:27:37 INFO:DUKASCRIPT:current timestamp :2026-08-28T18:00:00
2026-08-29 08:27:37 INFO:DUKASCRIPT:current timestamp :2026-08-28T18:00:00
2026-08-29 08:27:37 INFO:DUKASCRIPT:current timestamp :2026-08-28T22:00:00
2026-08-29 08:27:37 INFO:DUKASCRIPT:current timestamp :2026-06-30T20:45:00
2026-08-29 08:27:37 INFO:DUKASCRIPT:current timestamp :2026-07-30T18:30:00
2026-08-29 08:27:37 INFO:DUKASCRIPT:current timestamp :2026-08-28T22:45:00
2026-08-29 08:27:37 INFO:DUKASCRIPT:current timestamp :2026-06-30T20:55:00
2026-08-29 08:27:37 INFO:DUKASCRIPT:current timestamp :2026-07-30T18:50:00
2026-08-29 08:27:37 INFO:DUKASCRIPT:current timestamp :2026-08-28T22:55:00
2026-08-29 08:27:37 INFO:DUKASCRIPT:current timestamp :2026-08-28T18:00:00
2026-08-29 08:27:37 INFO:DUKASCRIPT:current timestamp :2026-08-28T18:00:00
2026-08-29 08:27:37 INFO:DUKASCRIPT:current timestamp :2025-05-19T10:30:00
2026-08-29 08:27:37 INFO:DUKASCRIPT:current timestamp :2025-06-19T04:00:00
2026-08-29 08:27:37 INFO:DUKASCRIPT:current timestamp :2025-07-22T06:30:00
2026-08-29 08:27:37 INFO:DUKASCRIPT:current timestamp :2025-08-21T21:15:00
2026-08-29 08:27:37 INFO:DUKASCRIPT:current timestamp :2025-09-23T17:45:00
2026-08-29 08:27:37 INFO:DUKASCRIPT:current timestamp :2025-10-24T12:15:00
2026-08-29 08:27:37 INFO:DUKASCRIPT:current timestamp :2025-11-26T01:00:00
2026-08-29 08:27:37 INFO:DUKASCRIPT:current timestamp :2025-12-30T11:30:00
2026-08-29 08:27:37 INFO:DUKASCRIPT:current timestamp :2026-02-02T04:30:00
2026-08-29 08:27:37 INFO:DUKASCRIPT:current timestamp :2026-03-04T18:00:00
2026-08-29 08:27:37 INFO:DUKASCRIPT:current timestamp :2026-04-07T06:15:00
2026-08-29 08:27:37 INFO:DUKASCRIPT:current timestamp :2026-05-07T17:30:00
2026-08-29 08:27:37 INFO:DUKASCRIPT:current timestamp :2026-06-09T10:30:00
2026-08-29 08:27:37 INFO:DUKASCRIPT:current timestamp :2026-07-10T05:15:00
2026-08-29 08:27:37 INFO:DUKASCRIPT:current timestamp :2026-08-11T16:15:00
2026-08-29 08:27:37 INFO:DUKASCRIPT:current timestamp :2026-08-28T22:00:00
2026-08-29 08:27:37 INFO:DUKASCRIPT:current timestamp :2025-05-19T10:50:00
2026-08-29 08:27:37 INFO:DUKASCRIPT:current timestamp :2025-06-19T04:40:00
2026-08-29 08:27:37 INFO:DUKASCRIPT:current timestamp :2025-07-22T07:20:00
2026-08-29 08:27:37 INFO:DUKASCRIPT:current timestamp :2025-08-22T00:10:00
2026-08-29 08:27:37 INFO:DUKASCRIPT:current timestamp :2025-09-23T19:10:00
2026-08-29 08:27:37 INFO:DUKASCRIPT:current timestamp :2025-10-24T13:55:00
2026-08-29 08:27:37 INFO:DUKASCRIPT:current timestamp :2025-11-26T02:55:00
2026-08-29 08:27:37 INFO:DUKASCRIPT:current timestamp :2025-12-30T13:45:00
2026-08-29 08:27:37 INFO:DUKASCRIPT:current timestamp :2026-02-02T06:55:00
2026-08-29 08:27:37 INFO:DUKASCRIPT:current timestamp :2026-03-04T20:40:00
2026-08-29 08:27:37 INFO:DUKASCRIPT:current timestamp :2026-04-07T09:05:00
2026-08-29 08:27:37 INFO:DUKASCRIPT:current timestamp :2026-05-18T10:55:00
2026-08-29 08:27:37 INFO:DUKASCRIPT:current timestamp :2026-06-18T04:35:00
2026-08-29 08:27:37 INFO:DUKASCRIPT:current timestamp :2026-07-21T00:00:00
2026-08-29 08:27:37 INFO:DUKASCRIPT:current timestamp :2026-08-20T11:55:00
2026-08-29 08:27:37 INFO:DUKASCRIPT:current timestamp :2026-08-28T22:10:00
2026-08-29 08:27:37 INFO:DUKASCRIPT:current timestamp :2025-05-19T10:45:00
2026-08-29 08:27:37 INFO:DUKASCRIPT:current timestamp :2025-06-19T03:15:00
2026-08-29 08:27:37 INFO:DUKASCRIPT:current timestamp :2025-07-22T01:30:00
2026-08-29 08:27:37 INFO:DUKASCRIPT:current timestamp :2025-08-21T12:15:00
2026-08-29 08:27:37 INFO:DUKASCRIPT:current timestamp :2025-09-23T04:15:00
2026-08-29 08:27:37 INFO:DUKASCRIPT:current timestamp :2025-10-23T14:45:00
2026-08-29 08:27:37 INFO:DUKASCRIPT:current timestamp :2025-11-25T02:45:00
2026-08-29 08:27:37 INFO:DUKASCRIPT:current timestamp :2025-12-29T11:15:00
2026-08-29 08:27:37 INFO:DUKASCRIPT:current timestamp :2026-01-30T02:30:00
2026-08-29 08:27:37 INFO:DUKASCRIPT:current timestamp :2026-03-03T16:15:00
2026-08-29 08:27:37 INFO:DUKASCRIPT:current timestamp :2026-04-06T05:00:00
2026-08-29 08:27:37 INFO:DUKASCRIPT:current timestamp :2026-05-06T15:30:00
2026-08-29 08:27:37 INFO:DUKASCRIPT:current timestamp :2026-06-08T08:30:00
2026-08-29 08:27:37 INFO:DUKASCRIPT:current timestamp :2026-07-09T04:45:00
2026-08-29 08:27:37 INFO:DUKASCRIPT:current timestamp :2026-08-10T15:00:00
2026-08-29 08:27:37 INFO:DUKASCRIPT:current timestamp :2026-08-28T22:00:00
2026-08-29 08:27:37 INFO:DUKASCRIPT:current timestamp :2025-05-19T11:00:00
2026-08-29 08:27:37 INFO:DUKASCRIPT:current timestamp :2025-06-19T03:50:00
2026-08-29 08:27:37 INFO:DUKASCRIPT:current timestamp :2025-07-22T02:20:00
2026-08-29 08:27:37 INFO:DUKASCRIPT:current timestamp :2025-08-21T13:20:00
2026-08-29 08:27:37 INFO:DUKASCRIPT:current timestamp :2025-09-23T05:30:00
2026-08-29 08:27:37 INFO:DUKASCRIPT:current timestamp :2025-10-23T16:20:00
2026-08-29 08:27:37 INFO:DUKASCRIPT:current timestamp :2025-11-25T04:30:00
2026-08-29 08:27:37 INFO:DUKASCRIPT:current timestamp :2025-12-29T13:20:00
2026-08-29 08:27:37 INFO:DUKASCRIPT:current timestamp :2026-01-30T04:50:00
2026-08-29 08:27:37 INFO:DUKASCRIPT:current timestamp :2026-03-03T18:50:00
2026-08-29 08:27:37 INFO:DUKASCRIPT:current timestamp :2026-04-06T07:55:00
2026-08-29 08:27:37 INFO:DUKASCRIPT:current timestamp :2026-05-18T10:45:00
2026-08-29 08:27:37 INFO:DUKASCRIPT:current timestamp :2026-06-18T05:40:00
2026-08-29 08:27:37 INFO:DUKASCRIPT:current timestamp :2026-07-21T00:25:00
2026-08-29 08:27:37 INFO:DUKASCRIPT:current timestamp :2026-08-20T11:10:00
2026-08-29 08:27:37 INFO:DUKASCRIPT:current timestamp :2026-08-28T22:10:00
2026-08-29 08:27:37 INFO:DUKASCRIPT:current timestamp :2025-05-19T12:15:00
2026-08-29 08:27:37 INFO:DUKASCRIPT:current timestamp :2025-06-19T06:30:00
2026-08-29 08:27:37 INFO:DUKASCRIPT:current timestamp :2025-07-22T06:30:00
2026-08-29 08:27:37 INFO:DUKASCRIPT:current timestamp :2025-08-21T18:45:00
2026-08-29 08:27:37 INFO:DUKASCRIPT:current timestamp :2025-09-23T10:45:00
2026-08-29 08:27:37 INFO:DUKASCRIPT:current timestamp :2025-10-23T21:00:00
2026-08-29 08:27:37 INFO:DUKASCRIPT:current timestamp :2025-11-25T09:00:00
2026-08-29 08:27:37 INFO:DUKASCRIPT:current timestamp :2025-12-29T17:00:00
2026-08-29 08:27:37 INFO:DUKASCRIPT:current timestamp :2026-01-30T08:15:00
2026-08-29 08:27:37 INFO:DUKASCRIPT:current timestamp :2026-03-03T21:45:00
2026-08-29 08:27:37 INFO:DUKASCRIPT:current timestamp :2026-04-06T10:30:00
2026-08-29 08:27:37 INFO:DUKASCRIPT:current timestamp :2026-05-06T20:45:00
2026-08-29 08:27:37 INFO:DUKASCRIPT:current timestamp :2026-06-08T13:30:00
2026-08-29 08:27:37 INFO:DUKASCRIPT:current timestamp :2026-07-09T08:45:00
2026-08-29 08:27:37 INFO:DUKASCRIPT:current timestamp :2026-08-10T19:00:00
2026-08-29 08:27:37 INFO:DUKASCRIPT:current timestamp :2026-08-28T22:00:00
2026-08-29 08:27:37 INFO:DUKASCRIPT:current timestamp :2025-05-19T12:25:00
2026-08-29 08:27:37 INFO:DUKASCRIPT:current timestamp :2025-06-19T07:00:00
2026-08-29 08:27:37 INFO:DUKASCRIPT:current timestamp :2025-07-22T07:15:00
2026-08-29 08:27:37 INFO:DUKASCRIPT:current timestamp :2025-08-21T19:40:00
2026-08-29 08:27:37 INFO:DUKASCRIPT:current timestamp :2025-09-23T11:50:00
2026-08-29 08:27:37 INFO:DUKASCRIPT:current timestamp :2025-10-24T00:10:00
2026-08-29 08:27:37 INFO:DUKASCRIPT:current timestamp :2025-11-25T10:35:00
2026-08-29 08:27:37 INFO:DUKASCRIPT:current timestamp :2025-12-29T18:50:00
2026-08-29 08:27:37 INFO:DUKASCRIPT:current timestamp :2026-01-30T10:15:00
2026-08-29 08:27:37 INFO:DUKASCRIPT:current timestamp :2026-03-04T01:40:00
2026-08-29 08:27:37 INFO:DUKASCRIPT:current timestamp :2026-04-06T12:50:00
2026-08-29 08:27:37 INFO:DUKASCRIPT:current timestamp :2026-05-18T10:30:00
2026-08-29 08:27:37 INFO:DUKASCRIPT:current timestamp :2026-06-18T04:25:00
2026-08-29 08:27:37 INFO:DUKASCRIPT:current timestamp :2026-07-20T21:20:00
2026-08-29 08:27:37 INFO:DUKASCRIPT:current timestamp :2026-08-20T09:30:00
2026-08-29 08:27:37 INFO:DUKASCRIPT:current timestamp :2026-08-28T22:10:00
2026-08-29 08:27:37 {
2026-08-29 08:27:37   "date": "2026-08-29 06:25:08.618767",
2026-08-29 08:27:37   "equity": 99743.90944023391,
2026-08-29 08:27:37   "current_dd": -0.0025609055976608674,
2026-08-29 08:27:37   "kill_switch_active": false,
2026-08-29 08:27:37   "n_trades": 10
2026-08-29 08:27:37 }
2026-08-29 08:27:38 [main acfe049] EK Portfolio Bot: Snapshot 2026-08-29 08:27
2026-08-29 08:27:38  3 files changed, 233 insertions(+), 2 deletions(-)
2026-08-29 08:27:41 To https://github.com/AndrowDeluxe/Forex-Backtesting.git
2026-08-29 08:27:41    4e68399..acfe049  main -> main
2026-08-29 08:27:41 Commit + Push erfolgreich.
2026-08-29 08:27:41 === EK-Portfolio-Task beendet ===
2026-08-29 23:24:47 === EK-Portfolio-Task gestartet ===
2026-08-29 23:24:50 {
2026-08-29 23:24:50   "date": "2026-08-29 21:24:48.795110",
2026-08-29 23:24:50   "equity": 99743.90944023391,
2026-08-29 23:24:50   "current_dd": -0.0025609055976608674,
2026-08-29 23:24:50   "kill_switch_active": false,
2026-08-29 23:24:50   "n_trades": 10
2026-08-29 23:24:50 }
2026-08-29 23:24:51 [main a93dfbb] EK Portfolio Bot: Snapshot 2026-08-29 23:24
2026-08-29 23:24:51  3 files changed, 16 insertions(+), 1 deletion(-)
2026-08-29 23:24:53 To https://github.com/AndrowDeluxe/Forex-Backtesting.git
2026-08-29 23:24:53  ! [remote rejected] main -> main (cannot lock ref 'refs/heads/main': is at a93dfbbd7dda0ff54e043348fc0504a2fe73219b but expected 5fcf1dad4e51a70888f42e77fd2886ab27e5e542)
2026-08-29 23:24:53 error: failed to push some refs to 'https://github.com/AndrowDeluxe/Forex-Backtesting.git'
2026-08-29 23:24:53 WARNUNG: git push fehlgeschlagen (Exit 1) - Commit liegt lokal vor, aber nicht auf GitHub bis zum naechsten erfolgreichen Push.
2026-08-29 23:24:53 === EK-Portfolio-Task beendet ===
2026-08-29 23:25:04 === EK-Portfolio-Task gestartet ===
2026-08-29 23:25:05 {
2026-08-29 23:25:05   "date": "2026-08-29 21:25:05.362012",
2026-08-29 23:25:06   "equity": 99743.90944023391,
2026-08-29 23:25:06   "current_dd": -0.0025609055976608674,
2026-08-29 23:25:06   "kill_switch_active": false,
2026-08-29 23:25:06   "n_trades": 10
2026-08-29 23:25:06 }
2026-08-29 23:25:06 [main 83b1d2e] EK Portfolio Bot: Snapshot 2026-08-29 23:25
2026-08-29 23:25:06  1 file changed, 15 insertions(+)
2026-08-29 23:25:08 To https://github.com/AndrowDeluxe/Forex-Backtesting.git
2026-08-29 23:25:08    a93dfbb..83b1d2e  main -> main
2026-08-29 23:25:08 Commit + Push erfolgreich.
2026-08-29 23:25:08 === EK-Portfolio-Task beendet ===
2026-08-30 00:25:05 === EK-Portfolio-Task gestartet ===
2026-08-30 00:25:09 {
2026-08-30 00:25:09   "date": "2026-08-29 22:25:07.656894",
2026-08-30 00:25:09   "equity": 99743.90944023391,
2026-08-30 00:25:09   "current_dd": -0.0025609055976608674,
2026-08-30 00:25:09   "kill_switch_active": false,
2026-08-30 00:25:09   "n_trades": 10
2026-08-30 00:25:09 }
2026-08-30 00:25:10 [main 627b5e2] EK Portfolio Bot: Snapshot 2026-08-30 00:25
2026-08-30 00:25:10  3 files changed, 16 insertions(+), 1 deletion(-)
2026-08-30 00:25:13 To https://github.com/AndrowDeluxe/Forex-Backtesting.git
2026-08-30 00:25:13    8cfe054..627b5e2  main -> main
2026-08-30 00:25:13 Commit + Push erfolgreich.
2026-08-30 00:25:13 === EK-Portfolio-Task beendet ===
2026-08-31 01:15:43 === EK-Portfolio-Task gestartet ===
2026-08-31 01:20:40 INFO:DUKASCRIPT:current timestamp :2016-02-02T20:30:00
2026-08-31 01:20:40 INFO:DUKASCRIPT:current timestamp :2016-03-03T18:00:00
2026-08-31 01:20:40 INFO:DUKASCRIPT:current timestamp :2016-04-05T13:00:00
2026-08-31 01:20:40 INFO:DUKASCRIPT:current timestamp :2016-05-05T07:45:00
2026-08-31 01:20:40 INFO:DUKASCRIPT:current timestamp :2016-06-06T05:30:00
2026-08-31 01:20:40 INFO:DUKASCRIPT:current timestamp :2016-07-06T03:15:00
2026-08-31 01:20:40 INFO:DUKASCRIPT:current timestamp :2016-08-04T20:15:00
2026-08-31 01:20:40 INFO:DUKASCRIPT:current timestamp :2016-09-05T14:00:00
2026-08-31 01:20:40 INFO:DUKASCRIPT:current timestamp :2016-10-05T12:15:00
2026-08-31 01:20:40 INFO:DUKASCRIPT:current timestamp :2016-11-04T05:00:00
2026-08-31 01:20:40 INFO:DUKASCRIPT:current timestamp :2016-12-06T07:30:00
2026-08-31 01:20:40 INFO:DUKASCRIPT:current timestamp :2017-01-09T01:00:00
2026-08-31 01:20:40 INFO:DUKASCRIPT:current timestamp :2017-02-07T22:15:00
2026-08-31 01:20:40 INFO:DUKASCRIPT:current timestamp :2017-03-09T20:15:00
2026-08-31 01:20:40 INFO:DUKASCRIPT:current timestamp :2017-04-10T16:00:00
2026-08-31 01:20:40 INFO:DUKASCRIPT:current timestamp :2017-05-11T09:45:00
2026-08-31 01:20:40 INFO:DUKASCRIPT:current timestamp :2017-06-12T07:30:00
2026-08-31 01:20:40 INFO:DUKASCRIPT:current timestamp :2017-07-12T05:15:00
2026-08-31 01:20:40 INFO:DUKASCRIPT:current timestamp :2017-08-10T22:00:00
2026-08-31 01:20:40 INFO:DUKASCRIPT:current timestamp :2017-09-11T19:45:00
2026-08-31 01:20:40 INFO:DUKASCRIPT:current timestamp :2017-10-11T13:30:00
2026-08-31 01:20:40 INFO:DUKASCRIPT:current timestamp :2017-11-10T08:15:00
2026-08-31 01:20:40 INFO:DUKASCRIPT:current timestamp :2017-12-12T09:15:00
2026-08-31 01:20:40 INFO:DUKASCRIPT:current timestamp :2018-01-15T03:00:00
2026-08-31 01:20:40 INFO:DUKASCRIPT:current timestamp :2025-08-25T20:30:00
2026-08-31 01:20:40 INFO:DUKASCRIPT:current timestamp :2025-09-23T18:15:00
2026-08-31 01:20:40 INFO:DUKASCRIPT:current timestamp :2025-10-22T16:05:00
2026-08-31 01:20:40 INFO:DUKASCRIPT:current timestamp :2025-11-20T13:40:00
2026-08-31 01:20:40 INFO:DUKASCRIPT:current timestamp :2026-08-28T02:00:00
2026-08-31 01:20:40 INFO:DUKASCRIPT:current timestamp :2026-08-31T00:00:00
2026-08-31 01:20:40 INFO:DUKASCRIPT:current timestamp :2026-08-28T02:00:00
2026-08-31 01:20:40 INFO:DUKASCRIPT:current timestamp :2026-08-31T00:00:00
2026-08-31 01:20:40 INFO:DUKASCRIPT:current timestamp :2026-08-28T22:00:00
2026-08-31 01:20:40 INFO:DUKASCRIPT:current timestamp :2026-08-31T00:00:00
2026-08-31 01:20:40 INFO:DUKASCRIPT:current timestamp :2026-08-28T22:00:00
2026-08-31 01:20:40 INFO:DUKASCRIPT:current timestamp :2026-08-31T00:00:00
2026-08-31 01:20:40 INFO:DUKASCRIPT:current timestamp :2026-08-28T22:00:00
2026-08-31 01:20:40 INFO:DUKASCRIPT:current timestamp :2026-08-28T22:00:00
2026-08-31 01:20:40 INFO:DUKASCRIPT:current timestamp :2025-05-20T10:45:00
2026-08-31 01:20:40 INFO:DUKASCRIPT:current timestamp :2025-05-20T10:45:00
2026-08-31 01:20:40 INFO:DUKASCRIPT:current timestamp :2025-06-20T07:30:00
2026-08-31 01:20:40 INFO:DUKASCRIPT:current timestamp :2025-07-23T06:45:00
2026-08-31 01:20:40 INFO:DUKASCRIPT:current timestamp :2025-08-22T21:30:00
2026-08-31 01:20:40 INFO:DUKASCRIPT:current timestamp :2025-05-20T10:45:00
2026-08-31 01:20:40 INFO:DUKASCRIPT:current timestamp :2025-06-20T07:30:00
2026-08-31 01:20:40 INFO:DUKASCRIPT:current timestamp :2025-05-20T10:45:00
2026-08-31 01:20:40 INFO:DUKASCRIPT:current timestamp :2025-06-20T07:30:00
2026-08-31 01:20:40 INFO:DUKASCRIPT:current timestamp :2025-07-23T06:45:00
2026-08-31 01:20:40 INFO:DUKASCRIPT:current timestamp :2025-08-22T21:30:00
2026-08-31 01:20:40 INFO:DUKASCRIPT:current timestamp :2025-09-24T18:30:00
2026-08-31 01:20:40 INFO:DUKASCRIPT:current timestamp :2025-10-27T11:45:00
2026-08-31 01:20:40 INFO:DUKASCRIPT:current timestamp :2025-11-27T01:15:00
2026-08-31 01:20:40 INFO:DUKASCRIPT:current timestamp :2025-12-31T12:00:00
2026-08-31 01:20:40 INFO:DUKASCRIPT:current timestamp :2026-02-03T04:45:00
2026-08-31 01:20:40 INFO:DUKASCRIPT:current timestamp :2026-03-05T18:15:00
2026-08-31 01:20:40 INFO:DUKASCRIPT:current timestamp :2026-04-08T06:30:00
2026-08-31 01:20:40 INFO:DUKASCRIPT:current timestamp :2026-05-08T17:45:00
2026-08-31 01:20:40 INFO:DUKASCRIPT:current timestamp :2026-06-10T10:45:00
2026-08-31 01:20:40 INFO:DUKASCRIPT:current timestamp :2026-07-13T05:30:00
2026-08-31 01:20:40 INFO:DUKASCRIPT:current timestamp :2026-08-12T16:30:00
2026-08-31 01:20:40 INFO:DUKASCRIPT:current timestamp :2025-05-20T10:55:00
2026-08-31 01:20:40 INFO:DUKASCRIPT:current timestamp :2025-06-20T07:55:00
2026-08-31 01:20:40 INFO:DUKASCRIPT:current timestamp :2025-07-23T07:25:00
2026-08-31 01:20:40 INFO:DUKASCRIPT:current timestamp :2025-08-25T00:10:00
2026-08-31 01:20:40 INFO:DUKASCRIPT:current timestamp :2025-09-24T19:40:00
2026-08-31 01:20:40 INFO:DUKASCRIPT:current timestamp :2025-10-27T13:10:00
2026-08-31 01:20:40 INFO:DUKASCRIPT:current timestamp :2025-11-27T02:55:00
2026-08-31 01:20:40 INFO:DUKASCRIPT:current timestamp :2025-12-31T13:50:00
2026-08-31 01:20:40 INFO:DUKASCRIPT:current timestamp :2026-02-03T06:55:00
2026-08-31 01:20:40 INFO:DUKASCRIPT:current timestamp :2026-03-05T20:40:00
2026-08-31 01:20:40 INFO:DUKASCRIPT:current timestamp :2026-04-08T09:05:00
2026-08-31 01:20:40 INFO:DUKASCRIPT:current timestamp :2026-05-19T10:50:00
2026-08-31 01:20:40 INFO:DUKASCRIPT:current timestamp :2026-06-19T04:30:00
2026-08-31 01:20:40 INFO:DUKASCRIPT:current timestamp :2026-07-21T22:10:00
2026-08-31 01:20:40 INFO:DUKASCRIPT:current timestamp :2026-08-21T11:55:00
2026-08-31 01:20:40 INFO:DUKASCRIPT:current timestamp :2025-05-20T10:45:00
2026-08-31 01:20:40 INFO:DUKASCRIPT:current timestamp :2025-06-20T06:30:00
2026-08-31 01:20:40 INFO:DUKASCRIPT:current timestamp :2025-07-23T01:30:00
2026-08-31 01:20:40 INFO:DUKASCRIPT:current timestamp :2025-08-22T12:15:00
2026-08-31 01:20:40 INFO:DUKASCRIPT:current timestamp :2025-09-24T04:15:00
2026-08-31 01:20:40 INFO:DUKASCRIPT:current timestamp :2025-10-24T14:45:00
2026-08-31 01:20:40 INFO:DUKASCRIPT:current timestamp :2025-11-26T02:45:00
2026-08-31 01:20:40 INFO:DUKASCRIPT:current timestamp :2025-12-30T11:15:00
2026-08-31 01:20:40 INFO:DUKASCRIPT:current timestamp :2026-02-02T02:30:00
2026-08-31 01:20:40 INFO:DUKASCRIPT:current timestamp :2026-03-04T16:15:00
2026-08-31 01:20:40 INFO:DUKASCRIPT:current timestamp :2026-04-07T05:00:00
2026-08-31 01:20:40 INFO:DUKASCRIPT:current timestamp :2026-05-07T15:30:00
2026-08-31 01:20:40 INFO:DUKASCRIPT:current timestamp :2026-06-09T08:45:00
2026-08-31 01:20:40 INFO:DUKASCRIPT:current timestamp :2026-07-10T04:45:00
2026-08-31 01:20:40 INFO:DUKASCRIPT:current timestamp :2026-08-11T15:00:00
2026-08-31 01:20:40 INFO:DUKASCRIPT:current timestamp :2025-05-20T10:55:00
2026-08-31 01:20:40 INFO:DUKASCRIPT:current timestamp :2025-06-20T07:00:00
2026-08-31 01:20:40 INFO:DUKASCRIPT:current timestamp :2025-07-23T02:15:00
2026-08-31 01:20:40 INFO:DUKASCRIPT:current timestamp :2025-08-22T13:10:00
2026-08-31 01:20:40 INFO:DUKASCRIPT:current timestamp :2025-09-24T05:20:00
2026-08-31 01:20:40 INFO:DUKASCRIPT:current timestamp :2025-10-24T16:10:00
2026-08-31 01:20:40 INFO:DUKASCRIPT:current timestamp :2025-11-26T04:20:00
2026-08-31 01:20:40 INFO:DUKASCRIPT:current timestamp :2025-12-30T13:10:00
2026-08-31 01:20:40 INFO:DUKASCRIPT:current timestamp :2026-02-02T04:40:00
2026-08-31 01:20:40 INFO:DUKASCRIPT:current timestamp :2026-03-04T18:40:00
2026-08-31 01:20:40 INFO:DUKASCRIPT:current timestamp :2026-04-07T07:45:00
2026-08-31 01:20:40 INFO:DUKASCRIPT:current timestamp :2026-05-19T10:45:00
2026-08-31 01:20:40 INFO:DUKASCRIPT:current timestamp :2026-06-19T05:40:00
2026-08-31 01:20:40 INFO:DUKASCRIPT:current timestamp :2026-07-22T00:25:00
2026-08-31 01:20:40 INFO:DUKASCRIPT:current timestamp :2026-08-21T11:10:00
2026-08-31 01:20:40 INFO:DUKASCRIPT:current timestamp :2025-05-20T12:00:00
2026-08-31 01:20:40 INFO:DUKASCRIPT:current timestamp :2025-06-20T09:30:00
2026-08-31 01:20:40 INFO:DUKASCRIPT:current timestamp :2025-07-23T06:15:00
2026-08-31 01:20:40 INFO:DUKASCRIPT:current timestamp :2025-08-22T18:30:00
2026-08-31 01:20:40 INFO:DUKASCRIPT:current timestamp :2025-09-24T10:15:00
2026-08-31 01:20:40 INFO:DUKASCRIPT:current timestamp :2025-10-24T20:30:00
2026-08-31 01:20:40 INFO:DUKASCRIPT:current timestamp :2025-11-26T08:30:00
2026-08-31 01:20:40 INFO:DUKASCRIPT:current timestamp :2025-12-30T16:30:00
2026-08-31 01:20:40 INFO:DUKASCRIPT:current timestamp :2026-02-02T07:45:00
2026-08-31 01:20:40 INFO:DUKASCRIPT:current timestamp :2026-03-04T21:15:00
2026-08-31 01:20:40 INFO:DUKASCRIPT:current timestamp :2026-04-07T10:00:00
2026-08-31 01:20:40 INFO:DUKASCRIPT:current timestamp :2026-05-07T20:15:00
2026-08-31 01:20:40 INFO:DUKASCRIPT:current timestamp :2026-06-09T13:30:00
2026-08-31 01:20:40 INFO:DUKASCRIPT:current timestamp :2026-07-10T08:15:00
2026-08-31 01:20:40 INFO:DUKASCRIPT:current timestamp :2026-08-11T18:30:00
2026-08-31 01:20:40 INFO:DUKASCRIPT:current timestamp :2025-05-20T12:20:00
2026-08-31 01:20:40 INFO:DUKASCRIPT:current timestamp :2025-06-20T10:10:00
2026-08-31 01:20:40 INFO:DUKASCRIPT:current timestamp :2025-07-23T07:10:00
2026-08-31 01:20:40 INFO:DUKASCRIPT:current timestamp :2025-08-22T19:35:00
2026-08-31 01:20:40 INFO:DUKASCRIPT:current timestamp :2025-09-24T11:40:00
2026-08-31 01:20:40 INFO:DUKASCRIPT:current timestamp :2025-10-26T23:00:00
2026-08-31 01:20:40 INFO:DUKASCRIPT:current timestamp :2025-11-26T10:25:00
2026-08-31 01:20:40 INFO:DUKASCRIPT:current timestamp :2025-12-30T18:40:00
2026-08-31 01:20:40 INFO:DUKASCRIPT:current timestamp :2026-02-02T10:05:00
2026-08-31 01:20:40 INFO:DUKASCRIPT:current timestamp :2026-03-05T01:30:00
2026-08-31 01:20:40 INFO:DUKASCRIPT:current timestamp :2026-04-07T12:40:00
2026-08-31 01:20:40 INFO:DUKASCRIPT:current timestamp :2026-05-19T10:30:00
2026-08-31 01:20:40 INFO:DUKASCRIPT:current timestamp :2026-06-19T04:25:00
2026-08-31 01:20:40 INFO:DUKASCRIPT:current timestamp :2026-07-21T21:20:00
2026-08-31 01:20:40 INFO:DUKASCRIPT:current timestamp :2026-08-21T09:30:00
2026-08-31 01:20:40 {
2026-08-31 01:20:40   "date": "2026-08-30 23:15:45.489416",
2026-08-31 01:20:40   "equity": 99743.90944023391,
2026-08-31 01:20:40   "current_dd": -0.0025609055976608674,
2026-08-31 01:20:40   "kill_switch_active": false,
2026-08-31 01:20:40   "n_trades": 10
2026-08-31 01:20:40 }
2026-08-31 01:20:40 ---
2026-08-31 01:20:40 [EK Portfolio] ÔÜá´©Å Gold-ASB-Scan fehlgeschlagen: '>' not supported between instances of 'str' and 'float'
2026-08-31 01:20:40 ---
2026-08-31 01:20:40 [EK Portfolio] ÔÜá´©Å CLS-Practical-Scan fehlgeschlagen: 0
2026-08-31 01:20:40 ---
2026-08-31 01:20:40 [EK Portfolio] ÔÜá´©Å Trend-Pullback-Scan fehlgeschlagen: '>' not supported between instances of 'str' and 'float'
2026-08-31 01:20:40 ---
2026-08-31 01:20:40 [EK Portfolio] ÔÜá´©Å CTNL-Edge-Scan fehlgeschlagen: '>' not supported between instances of 'str' and 'float'
2026-08-31 01:20:40 [main bf91f55] EK Portfolio Bot: Snapshot 2026-08-31 01:20
2026-08-31 01:20:40  3 files changed, 161 insertions(+), 2 deletions(-)
2026-08-31 01:20:42 To https://github.com/AndrowDeluxe/Forex-Backtesting.git
2026-08-31 01:20:42  ! [remote rejected] main -> main (cannot lock ref 'refs/heads/main': is at bf91f5515cd54f6c9356f5edd3018d5fc582fc63 but expected d487c696509f94f4a1a388a53563c3ff83a16595)
2026-08-31 01:20:42 error: failed to push some refs to 'https://github.com/AndrowDeluxe/Forex-Backtesting.git'
2026-08-31 01:20:42 WARNUNG: git push fehlgeschlagen (Exit 1) - Commit liegt lokal vor, aber nicht auf GitHub bis zum naechsten erfolgreichen Push.
2026-08-31 01:20:42 === EK-Portfolio-Task beendet ===
2026-08-31 01:25:05 === EK-Portfolio-Task gestartet ===
2026-08-31 01:28:36 INFO:DUKASCRIPT:current timestamp :2016-02-02T20:30:00
2026-08-31 01:28:36 INFO:DUKASCRIPT:current timestamp :2016-03-03T18:00:00
2026-08-31 01:28:37 INFO:DUKASCRIPT:current timestamp :2016-04-05T13:00:00
2026-08-31 01:28:37 INFO:DUKASCRIPT:current timestamp :2016-05-05T07:45:00
2026-08-31 01:28:37 INFO:DUKASCRIPT:current timestamp :2016-06-06T05:30:00
2026-08-31 01:28:37 INFO:DUKASCRIPT:current timestamp :2016-07-06T03:15:00
2026-08-31 01:28:37 INFO:DUKASCRIPT:current timestamp :2016-08-04T20:15:00
2026-08-31 01:28:37 INFO:DUKASCRIPT:current timestamp :2016-09-05T14:00:00
2026-08-31 01:28:37 INFO:DUKASCRIPT:current timestamp :2016-10-05T12:15:00
2026-08-31 01:28:37 INFO:DUKASCRIPT:current timestamp :2016-11-04T05:00:00
2026-08-31 01:28:37 INFO:DUKASCRIPT:current timestamp :2016-12-06T07:30:00
2026-08-31 01:28:37 INFO:DUKASCRIPT:current timestamp :2017-01-09T01:00:00
2026-08-31 01:28:37 INFO:DUKASCRIPT:current timestamp :2017-02-07T22:15:00
2026-08-31 01:28:37 INFO:DUKASCRIPT:current timestamp :2017-03-09T20:15:00
2026-08-31 01:28:37 INFO:DUKASCRIPT:current timestamp :2017-04-10T16:00:00
2026-08-31 01:28:37 INFO:DUKASCRIPT:current timestamp :2017-05-11T09:45:00
2026-08-31 01:28:37 INFO:DUKASCRIPT:current timestamp :2017-06-12T07:30:00
2026-08-31 01:28:37 INFO:DUKASCRIPT:current timestamp :2017-07-12T05:15:00
2026-08-31 01:28:37 INFO:DUKASCRIPT:current timestamp :2017-08-10T22:00:00
2026-08-31 01:28:37 INFO:DUKASCRIPT:current timestamp :2017-09-11T19:45:00
2026-08-31 01:28:37 INFO:DUKASCRIPT:current timestamp :2017-10-11T13:30:00
2026-08-31 01:28:37 INFO:DUKASCRIPT:current timestamp :2017-11-10T08:15:00
2026-08-31 01:28:37 INFO:DUKASCRIPT:current timestamp :2017-12-12T09:15:00
2026-08-31 01:28:37 INFO:DUKASCRIPT:current timestamp :2018-01-15T03:00:00
2026-08-31 01:28:37 INFO:DUKASCRIPT:current timestamp :2018-02-14T00:45:00
2026-08-31 01:28:37 INFO:DUKASCRIPT:current timestamp :2018-03-15T20:15:00
2026-08-31 01:28:37 INFO:DUKASCRIPT:current timestamp :2018-04-17T15:00:00
2026-08-31 01:28:37 INFO:DUKASCRIPT:current timestamp :2018-05-17T09:00:00
2026-08-31 01:28:37 INFO:DUKASCRIPT:current timestamp :2018-06-18T06:45:00
2026-08-31 01:28:37 INFO:DUKASCRIPT:current timestamp :2018-07-18T04:30:00
2026-08-31 01:28:37 INFO:DUKASCRIPT:current timestamp :2018-08-16T21:15:00
2026-08-31 01:28:37 INFO:DUKASCRIPT:current timestamp :2018-09-17T19:15:00
2026-08-31 01:28:37 INFO:DUKASCRIPT:current timestamp :2018-10-17T13:15:00
2026-08-31 01:28:37 INFO:DUKASCRIPT:current timestamp :2018-11-16T08:00:00
2026-08-31 01:28:37 INFO:DUKASCRIPT:current timestamp :2018-12-18T10:30:00
2026-08-31 01:28:37 INFO:DUKASCRIPT:current timestamp :2019-01-21T08:45:00
2026-08-31 01:28:37 INFO:DUKASCRIPT:current timestamp :2019-02-20T12:15:00
2026-08-31 01:28:37 INFO:DUKASCRIPT:current timestamp :2019-03-22T08:00:00
2026-08-31 01:28:37 INFO:DUKASCRIPT:current timestamp :2019-04-24T04:45:00
2026-08-31 01:28:37 INFO:DUKASCRIPT:current timestamp :2019-05-24T00:30:00
2026-08-31 01:28:37 INFO:DUKASCRIPT:current timestamp :2019-06-24T22:30:00
2026-08-31 01:28:37 INFO:DUKASCRIPT:current timestamp :2019-07-24T20:15:00
2026-08-31 01:28:37 INFO:DUKASCRIPT:current timestamp :2019-08-23T14:15:00
2026-08-31 01:28:37 INFO:DUKASCRIPT:current timestamp :2019-09-24T12:00:00
2026-08-31 01:28:37 INFO:DUKASCRIPT:current timestamp :2019-10-24T06:15:00
2026-08-31 01:28:37 INFO:DUKASCRIPT:current timestamp :2019-11-25T00:45:00
2026-08-31 01:28:37 INFO:DUKASCRIPT:current timestamp :2019-12-26T06:00:00
2026-08-31 01:28:37 INFO:DUKASCRIPT:current timestamp :2020-01-28T04:00:00
2026-08-31 01:28:37 INFO:DUKASCRIPT:current timestamp :2020-02-27T01:45:00
2026-08-31 01:28:37 INFO:DUKASCRIPT:current timestamp :2020-03-27T18:00:00
2026-08-31 01:28:37 INFO:DUKASCRIPT:current timestamp :2020-04-29T12:45:00
2026-08-31 01:28:37 INFO:DUKASCRIPT:current timestamp :2020-05-29T10:30:00
2026-08-31 01:28:37 INFO:DUKASCRIPT:current timestamp :2020-06-30T04:15:00
2026-08-31 01:28:37 INFO:DUKASCRIPT:current timestamp :2020-07-30T02:00:00
2026-08-31 01:28:37 INFO:DUKASCRIPT:current timestamp :2020-08-28T18:45:00
2026-08-31 01:28:37 INFO:DUKASCRIPT:current timestamp :2020-09-29T16:30:00
2026-08-31 01:28:37 INFO:DUKASCRIPT:current timestamp :2020-10-29T09:15:00
2026-08-31 01:28:37 INFO:DUKASCRIPT:current timestamp :2020-11-30T11:15:00
2026-08-31 01:28:37 INFO:DUKASCRIPT:current timestamp :2020-12-31T08:15:00
2026-08-31 01:28:37 INFO:DUKASCRIPT:current timestamp :2021-02-02T06:00:00
2026-08-31 01:28:37 INFO:DUKASCRIPT:current timestamp :2021-03-04T03:45:00
2026-08-31 01:28:37 INFO:DUKASCRIPT:current timestamp :2021-04-05T20:30:00
2026-08-31 01:28:37 INFO:DUKASCRIPT:current timestamp :2021-05-05T14:15:00
2026-08-31 01:28:37 INFO:DUKASCRIPT:current timestamp :2021-06-04T12:00:00
2026-08-31 01:28:37 INFO:DUKASCRIPT:current timestamp :2021-07-06T09:45:00
2026-08-31 01:28:37 INFO:DUKASCRIPT:current timestamp :2021-08-05T03:30:00
2026-08-31 01:28:37 INFO:DUKASCRIPT:current timestamp :2021-09-03T20:15:00
2026-08-31 01:28:37 INFO:DUKASCRIPT:current timestamp :2021-10-05T18:00:00
2026-08-31 01:28:37 INFO:DUKASCRIPT:current timestamp :2021-11-04T10:45:00
2026-08-31 01:28:37 INFO:DUKASCRIPT:current timestamp :2021-12-06T13:00:00
2026-08-31 01:28:37 INFO:DUKASCRIPT:current timestamp :2022-01-06T06:45:00
2026-08-31 01:28:37 INFO:DUKASCRIPT:current timestamp :2022-02-07T04:30:00
2026-08-31 01:28:37 INFO:DUKASCRIPT:current timestamp :2022-03-09T00:45:00
2026-08-31 01:28:37 INFO:DUKASCRIPT:current timestamp :2022-04-07T17:30:00
2026-08-31 01:28:37 INFO:DUKASCRIPT:current timestamp :2022-05-10T11:15:00
2026-08-31 01:28:37 INFO:DUKASCRIPT:current timestamp :2022-06-09T07:30:00
2026-08-31 01:28:37 INFO:DUKASCRIPT:current timestamp :2022-07-11T06:15:00
2026-08-31 01:28:37 INFO:DUKASCRIPT:current timestamp :2022-08-10T00:00:00
2026-08-31 01:28:37 INFO:DUKASCRIPT:current timestamp :2022-09-08T19:15:00
2026-08-31 01:28:37 INFO:DUKASCRIPT:current timestamp :2022-10-10T13:00:00
2026-08-31 01:28:37 INFO:DUKASCRIPT:current timestamp :2022-11-09T07:00:00
2026-08-31 01:28:37 INFO:DUKASCRIPT:current timestamp :2022-12-09T06:45:00
2026-08-31 01:28:37 INFO:DUKASCRIPT:current timestamp :2023-01-12T00:30:00
2026-08-31 01:28:37 INFO:DUKASCRIPT:current timestamp :2023-02-10T21:15:00
2026-08-31 01:28:37 INFO:DUKASCRIPT:current timestamp :2023-03-14T16:30:00
2026-08-31 01:28:37 INFO:DUKASCRIPT:current timestamp :2023-04-14T11:15:00
2026-08-31 01:28:37 INFO:DUKASCRIPT:current timestamp :2023-05-16T05:00:00
2026-08-31 01:28:37 INFO:DUKASCRIPT:current timestamp :2023-06-15T01:15:00
2026-08-31 01:28:37 INFO:DUKASCRIPT:current timestamp :2023-07-17T00:30:00
2026-08-31 01:28:37 INFO:DUKASCRIPT:current timestamp :2023-08-15T17:30:00
2026-08-31 01:28:37 INFO:DUKASCRIPT:current timestamp :2023-09-14T15:15:00
2026-08-31 01:28:37 INFO:DUKASCRIPT:current timestamp :2023-10-16T09:15:00
2026-08-31 01:28:37 INFO:DUKASCRIPT:current timestamp :2023-11-15T03:00:00
2026-08-31 01:28:37 INFO:DUKASCRIPT:current timestamp :2023-12-15T04:45:00
2026-08-31 01:28:37 INFO:DUKASCRIPT:current timestamp :2024-01-18T01:00:00
2026-08-31 01:28:37 INFO:DUKASCRIPT:current timestamp :2024-02-16T17:45:00
2026-08-31 01:28:37 INFO:DUKASCRIPT:current timestamp :2024-03-19T13:15:00
2026-08-31 01:28:37 INFO:DUKASCRIPT:current timestamp :2024-04-19T08:00:00
2026-08-31 01:28:37 INFO:DUKASCRIPT:current timestamp :2024-05-21T01:45:00
2026-08-31 01:28:37 INFO:DUKASCRIPT:current timestamp :2024-06-20T00:30:00
2026-08-31 01:28:37 INFO:DUKASCRIPT:current timestamp :2024-07-19T19:45:00
2026-08-31 01:28:37 INFO:DUKASCRIPT:current timestamp :2024-08-20T13:30:00
2026-08-31 01:28:37 INFO:DUKASCRIPT:current timestamp :2024-09-19T09:45:00
2026-08-31 01:28:37 INFO:DUKASCRIPT:current timestamp :2024-10-21T04:30:00
2026-08-31 01:28:37 INFO:DUKASCRIPT:current timestamp :2024-11-19T21:15:00
2026-08-31 01:28:37 INFO:DUKASCRIPT:current timestamp :2024-12-19T21:45:00
2026-08-31 01:28:37 INFO:DUKASCRIPT:current timestamp :2025-01-22T21:30:00
2026-08-31 01:28:37 INFO:DUKASCRIPT:current timestamp :2025-02-21T17:45:00
2026-08-31 01:28:37 INFO:DUKASCRIPT:current timestamp :2025-03-25T10:30:00
2026-08-31 01:28:37 INFO:DUKASCRIPT:current timestamp :2025-04-25T05:30:00
2026-08-31 01:28:37 INFO:DUKASCRIPT:current timestamp :2025-05-27T01:45:00
2026-08-31 01:28:37 INFO:DUKASCRIPT:current timestamp :2025-06-25T21:00:00
2026-08-31 01:28:37 INFO:DUKASCRIPT:current timestamp :2025-07-25T18:45:00
2026-08-31 01:28:37 INFO:DUKASCRIPT:current timestamp :2025-08-26T12:30:00
2026-08-31 01:28:37 INFO:DUKASCRIPT:current timestamp :2025-09-25T08:45:00
2026-08-31 01:28:37 INFO:DUKASCRIPT:current timestamp :2025-10-27T01:30:00
2026-08-31 01:28:37 INFO:DUKASCRIPT:current timestamp :2025-11-25T19:15:00
2026-08-31 01:28:37 INFO:DUKASCRIPT:current timestamp :2025-12-26T21:45:00
2026-08-31 01:28:37 INFO:DUKASCRIPT:current timestamp :2026-01-28T18:00:00
2026-08-31 01:28:37 INFO:DUKASCRIPT:current timestamp :2026-02-27T14:30:00
2026-08-31 01:28:37 INFO:DUKASCRIPT:current timestamp :2026-03-31T08:15:00
2026-08-31 01:28:37 INFO:DUKASCRIPT:current timestamp :2026-05-01T02:00:00
2026-08-31 01:28:37 INFO:DUKASCRIPT:current timestamp :2026-06-01T21:15:00
2026-08-31 01:28:37 INFO:DUKASCRIPT:current timestamp :2026-07-01T19:00:00
2026-08-31 01:28:37 INFO:DUKASCRIPT:current timestamp :2026-07-31T16:45:00
2026-08-31 01:28:37 INFO:DUKASCRIPT:current timestamp :2016-02-02T22:00:00
2026-08-31 01:28:37 INFO:DUKASCRIPT:current timestamp :2016-03-03T20:15:00
2026-08-31 01:28:37 INFO:DUKASCRIPT:current timestamp :2016-04-05T17:15:00
2026-08-31 01:28:37 INFO:DUKASCRIPT:current timestamp :2016-05-05T18:00:00
2026-08-31 01:28:37 INFO:DUKASCRIPT:current timestamp :2016-06-07T08:30:00
2026-08-31 01:28:37 INFO:DUKASCRIPT:current timestamp :2016-07-07T20:45:00
2026-08-31 01:28:37 INFO:DUKASCRIPT:current timestamp :2016-08-08T21:30:00
2026-08-31 01:28:37 INFO:DUKASCRIPT:current timestamp :2016-09-08T02:30:00
2026-08-31 01:28:37 INFO:DUKASCRIPT:current timestamp :2016-10-10T00:30:00
2026-08-31 01:28:37 INFO:DUKASCRIPT:current timestamp :2016-11-09T10:15:00
2026-08-31 01:28:37 INFO:DUKASCRIPT:current timestamp :2016-12-12T00:30:00
2026-08-31 01:28:37 INFO:DUKASCRIPT:current timestamp :2017-01-13T05:15:00
2026-08-31 01:28:37 INFO:DUKASCRIPT:current timestamp :2017-02-14T15:45:00
2026-08-31 01:28:37 INFO:DUKASCRIPT:current timestamp :2017-03-17T21:15:00
2026-08-31 01:28:37 INFO:DUKASCRIPT:current timestamp :2017-04-21T03:30:00
2026-08-31 01:28:37 INFO:DUKASCRIPT:current timestamp :2017-05-24T06:30:00
2026-08-31 01:28:37 INFO:DUKASCRIPT:current timestamp :2017-06-26T14:45:00
2026-08-31 01:28:37 INFO:DUKASCRIPT:current timestamp :2017-07-27T10:00:00
2026-08-31 01:28:37 INFO:DUKASCRIPT:current timestamp :2017-08-29T10:30:00
2026-08-31 01:28:37 INFO:DUKASCRIPT:current timestamp :2017-09-29T13:45:00
2026-08-31 01:28:37 INFO:DUKASCRIPT:current timestamp :2017-11-02T13:45:00
2026-08-31 01:28:37 INFO:DUKASCRIPT:current timestamp :2017-12-06T22:00:00
2026-08-31 01:28:37 INFO:DUKASCRIPT:current timestamp :2018-01-15T00:30:00
2026-08-31 01:28:37 INFO:DUKASCRIPT:current timestamp :2018-02-14T17:30:00
2026-08-31 01:28:37 INFO:DUKASCRIPT:current timestamp :2018-03-19T15:30:00
2026-08-31 01:28:37 INFO:DUKASCRIPT:current timestamp :2018-04-20T21:15:00
2026-08-31 01:28:37 INFO:DUKASCRIPT:current timestamp :2018-05-24T07:00:00
2026-08-31 01:28:37 INFO:DUKASCRIPT:current timestamp :2018-06-26T12:30:00
2026-08-31 01:28:37 INFO:DUKASCRIPT:current timestamp :2018-07-26T18:45:00
2026-08-31 01:28:37 INFO:DUKASCRIPT:current timestamp :2018-08-27T19:45:00
2026-08-31 01:28:37 INFO:DUKASCRIPT:current timestamp :2018-09-27T03:15:00
2026-08-31 01:28:37 INFO:DUKASCRIPT:current timestamp :2018-10-29T03:15:00
2026-08-31 01:28:37 INFO:DUKASCRIPT:current timestamp :2018-11-28T14:15:00
2026-08-31 01:28:37 INFO:DUKASCRIPT:current timestamp :2019-01-02T15:30:00
2026-08-31 01:28:37 INFO:DUKASCRIPT:current timestamp :2019-02-04T12:30:00
2026-08-31 01:28:37 INFO:DUKASCRIPT:current timestamp :2019-03-07T11:00:00
2026-08-31 01:28:37 INFO:DUKASCRIPT:current timestamp :2019-04-09T05:00:00
2026-08-31 01:28:37 INFO:DUKASCRIPT:current timestamp :2019-05-14T10:30:00
2026-08-31 01:28:37 INFO:DUKASCRIPT:current timestamp :2019-06-18T17:15:00
2026-08-31 01:28:37 INFO:DUKASCRIPT:current timestamp :2019-07-19T15:30:00
2026-08-31 01:28:37 INFO:DUKASCRIPT:current timestamp :2019-08-21T05:30:00
2026-08-31 01:28:37 INFO:DUKASCRIPT:current timestamp :2019-09-20T16:00:00
2026-08-31 01:28:37 INFO:DUKASCRIPT:current timestamp :2019-10-22T20:45:00
2026-08-31 01:28:37 INFO:DUKASCRIPT:current timestamp :2019-11-22T05:15:00
2026-08-31 01:28:37 INFO:DUKASCRIPT:current timestamp :2019-12-26T16:30:00
2026-08-31 01:28:37 INFO:DUKASCRIPT:current timestamp :2020-01-29T07:15:00
2026-08-31 01:28:37 INFO:DUKASCRIPT:current timestamp :2020-02-28T17:30:00
2026-08-31 01:28:37 INFO:DUKASCRIPT:current timestamp :2020-03-31T13:00:00
2026-08-31 01:28:37 INFO:DUKASCRIPT:current timestamp :2020-05-01T11:30:00
2026-08-31 01:28:37 INFO:DUKASCRIPT:current timestamp :2020-06-02T12:45:00
2026-08-31 01:28:37 INFO:DUKASCRIPT:current timestamp :2020-07-02T11:45:00
2026-08-31 01:28:37 INFO:DUKASCRIPT:current timestamp :2020-08-03T12:15:00
2026-08-31 01:28:37 INFO:DUKASCRIPT:current timestamp :2020-09-02T06:15:00
2026-08-31 01:28:37 INFO:DUKASCRIPT:current timestamp :2020-10-02T05:15:00
2026-08-31 01:28:37 INFO:DUKASCRIPT:current timestamp :2020-11-03T00:00:00
2026-08-31 01:28:37 INFO:DUKASCRIPT:current timestamp :2020-12-03T02:15:00
2026-08-31 01:28:37 INFO:DUKASCRIPT:current timestamp :2021-01-06T01:15:00
2026-08-31 01:28:37 INFO:DUKASCRIPT:current timestamp :2021-02-04T22:15:00
2026-08-31 01:28:37 INFO:DUKASCRIPT:current timestamp :2021-03-08T20:15:00
2026-08-31 01:28:37 INFO:DUKASCRIPT:current timestamp :2021-04-08T15:15:00
2026-08-31 01:28:37 INFO:DUKASCRIPT:current timestamp :2021-05-10T11:15:00
2026-08-31 01:28:37 INFO:DUKASCRIPT:current timestamp :2021-06-09T11:30:00
2026-08-31 01:28:37 INFO:DUKASCRIPT:current timestamp :2021-07-09T12:30:00
2026-08-31 01:28:37 INFO:DUKASCRIPT:current timestamp :2021-08-10T12:15:00
2026-08-31 01:28:37 INFO:DUKASCRIPT:current timestamp :2021-09-09T19:00:00
2026-08-31 01:28:37 INFO:DUKASCRIPT:current timestamp :2021-10-11T19:00:00
2026-08-31 01:28:37 INFO:DUKASCRIPT:current timestamp :2021-11-10T18:15:00
2026-08-31 01:28:37 INFO:DUKASCRIPT:current timestamp :2021-12-10T22:45:00
2026-08-31 01:28:37 INFO:DUKASCRIPT:current timestamp :2022-01-13T01:15:00
2026-08-31 01:28:37 INFO:DUKASCRIPT:current timestamp :2022-02-14T04:30:00
2026-08-31 01:28:37 INFO:DUKASCRIPT:current timestamp :2022-03-16T01:30:00
2026-08-31 01:28:37 INFO:DUKASCRIPT:current timestamp :2022-04-18T00:45:00
2026-08-31 01:28:37 INFO:DUKASCRIPT:current timestamp :2022-05-17T19:30:00
2026-08-31 01:28:37 INFO:DUKASCRIPT:current timestamp :2022-06-16T22:00:00
2026-08-31 01:28:37 INFO:DUKASCRIPT:current timestamp :2022-07-19T03:15:00
2026-08-31 01:28:37 INFO:DUKASCRIPT:current timestamp :2022-08-18T04:30:00
2026-08-31 01:28:37 INFO:DUKASCRIPT:current timestamp :2022-09-19T08:30:00
2026-08-31 01:28:37 INFO:DUKASCRIPT:current timestamp :2022-10-19T05:30:00
2026-08-31 01:28:37 INFO:DUKASCRIPT:current timestamp :2022-11-18T02:15:00
2026-08-31 01:28:37 INFO:DUKASCRIPT:current timestamp :2022-12-20T04:45:00
2026-08-31 01:28:37 INFO:DUKASCRIPT:current timestamp :2023-01-23T05:00:00
2026-08-31 01:28:37 INFO:DUKASCRIPT:current timestamp :2023-02-22T03:45:00
2026-08-31 01:28:37 INFO:DUKASCRIPT:current timestamp :2023-03-23T21:45:00
2026-08-31 01:28:37 INFO:DUKASCRIPT:current timestamp :2023-04-25T20:00:00
2026-08-31 01:28:37 INFO:DUKASCRIPT:current timestamp :2023-05-25T18:30:00
2026-08-31 01:28:37 INFO:DUKASCRIPT:current timestamp :2023-06-27T02:45:00
2026-08-31 01:28:37 INFO:DUKASCRIPT:current timestamp :2023-07-27T11:30:00
2026-08-31 01:28:37 INFO:DUKASCRIPT:current timestamp :2023-08-28T18:00:00
2026-08-31 01:28:37 INFO:DUKASCRIPT:current timestamp :2023-09-28T09:00:00
2026-08-31 01:28:37 INFO:DUKASCRIPT:current timestamp :2023-10-30T08:00:00
2026-08-31 01:28:37 INFO:DUKASCRIPT:current timestamp :2023-11-29T13:15:00
2026-08-31 01:28:37 INFO:DUKASCRIPT:current timestamp :2024-01-02T09:45:00
2026-08-31 01:28:37 INFO:DUKASCRIPT:current timestamp :2024-02-01T09:00:00
2026-08-31 01:28:37 INFO:DUKASCRIPT:current timestamp :2024-03-04T13:30:00
2026-08-31 01:28:37 INFO:DUKASCRIPT:current timestamp :2024-04-04T10:30:00
2026-08-31 01:28:37 INFO:DUKASCRIPT:current timestamp :2024-05-06T04:45:00
2026-08-31 01:28:37 INFO:DUKASCRIPT:current timestamp :2024-06-05T02:15:00
2026-08-31 01:28:37 INFO:DUKASCRIPT:current timestamp :2024-07-05T02:45:00
2026-08-31 01:28:37 INFO:DUKASCRIPT:current timestamp :2024-08-05T20:45:00
2026-08-31 01:28:37 INFO:DUKASCRIPT:current timestamp :2024-09-04T18:30:00
2026-08-31 01:28:37 INFO:DUKASCRIPT:current timestamp :2024-10-04T13:45:00
2026-08-31 01:28:37 INFO:DUKASCRIPT:current timestamp :2024-11-05T09:00:00
2026-08-31 01:28:37 INFO:DUKASCRIPT:current timestamp :2024-12-05T08:00:00
2026-08-31 01:28:37 INFO:DUKASCRIPT:current timestamp :2025-01-08T08:00:00
2026-08-31 01:28:37 INFO:DUKASCRIPT:current timestamp :2025-02-07T05:15:00
2026-08-31 01:28:37 INFO:DUKASCRIPT:current timestamp :2025-03-11T01:15:00
2026-08-31 01:28:37 INFO:DUKASCRIPT:current timestamp :2025-04-09T19:30:00
2026-08-31 01:28:37 INFO:DUKASCRIPT:current timestamp :2025-05-12T14:00:00
2026-08-31 01:28:37 INFO:DUKASCRIPT:current timestamp :2025-06-11T10:45:00
2026-08-31 01:28:37 INFO:DUKASCRIPT:current timestamp :2025-07-11T11:15:00
2026-08-31 01:28:37 INFO:DUKASCRIPT:current timestamp :2025-08-12T05:30:00
2026-08-31 01:28:37 INFO:DUKASCRIPT:current timestamp :2025-09-11T02:30:00
2026-08-31 01:28:37 INFO:DUKASCRIPT:current timestamp :2025-10-10T19:45:00
2026-08-31 01:28:37 INFO:DUKASCRIPT:current timestamp :2025-11-11T17:15:00
2026-08-31 01:28:37 INFO:DUKASCRIPT:current timestamp :2025-12-11T18:00:00
2026-08-31 01:28:37 INFO:DUKASCRIPT:current timestamp :2026-01-14T17:00:00
2026-08-31 01:28:37 INFO:DUKASCRIPT:current timestamp :2026-02-13T15:30:00
2026-08-31 01:28:37 INFO:DUKASCRIPT:current timestamp :2026-03-17T14:15:00
2026-08-31 01:28:37 INFO:DUKASCRIPT:current timestamp :2026-04-17T12:30:00
2026-08-31 01:28:37 INFO:DUKASCRIPT:current timestamp :2026-05-19T06:15:00
2026-08-31 01:28:37 INFO:DUKASCRIPT:current timestamp :2026-06-18T02:30:00
2026-08-31 01:28:37 INFO:DUKASCRIPT:current timestamp :2026-07-20T05:30:00
2026-08-31 01:28:37 INFO:DUKASCRIPT:current timestamp :2026-08-19T00:15:00
2026-08-31 01:28:37 INFO:DUKASCRIPT:current timestamp :2026-08-28T02:00:00
2026-08-31 01:28:37 INFO:DUKASCRIPT:current timestamp :2025-08-25T20:30:00
2026-08-31 01:28:37 INFO:DUKASCRIPT:current timestamp :2025-09-23T18:15:00
2026-08-31 01:28:37 INFO:DUKASCRIPT:current timestamp :2025-10-22T16:05:00
2026-08-31 01:28:37 INFO:DUKASCRIPT:current timestamp :2025-11-20T13:40:00
2026-08-31 01:28:37 INFO:DUKASCRIPT:current timestamp :2025-12-19T11:50:00
2026-08-31 01:28:37 INFO:DUKASCRIPT:current timestamp :2026-01-21T06:20:00
2026-08-31 01:28:37 INFO:DUKASCRIPT:current timestamp :2026-02-19T03:40:00
2026-08-31 01:28:37 INFO:DUKASCRIPT:current timestamp :2026-03-19T23:30:00
2026-08-31 01:28:37 INFO:DUKASCRIPT:current timestamp :2026-04-17T22:10:00
2026-08-31 01:28:37 INFO:DUKASCRIPT:current timestamp :2026-05-18T20:20:00
2026-08-31 01:28:37 INFO:DUKASCRIPT:current timestamp :2026-06-16T18:50:00
2026-08-31 01:28:37 INFO:DUKASCRIPT:current timestamp :2026-07-15T17:25:00
2026-08-31 01:28:37 INFO:DUKASCRIPT:current timestamp :2026-08-13T15:35:00
2026-08-31 01:28:37 INFO:DUKASCRIPT:current timestamp :2025-08-25T22:00:00
2026-08-31 01:28:37 INFO:DUKASCRIPT:current timestamp :2025-09-23T21:15:00
2026-08-31 01:28:37 INFO:DUKASCRIPT:current timestamp :2025-10-22T19:45:00
2026-08-31 01:28:37 INFO:DUKASCRIPT:current timestamp :2025-11-20T18:45:00
2026-08-31 01:28:37 INFO:DUKASCRIPT:current timestamp :2025-12-19T18:00:00
2026-08-31 01:28:37 INFO:DUKASCRIPT:current timestamp :2026-01-21T12:15:00
2026-08-31 01:28:37 INFO:DUKASCRIPT:current timestamp :2026-02-19T10:00:00
2026-08-31 01:28:37 INFO:DUKASCRIPT:current timestamp :2026-03-20T06:00:00
2026-08-31 01:28:37 INFO:DUKASCRIPT:current timestamp :2026-04-20T05:15:00
2026-08-31 01:28:37 INFO:DUKASCRIPT:current timestamp :2026-05-19T03:30:00
2026-08-31 01:28:37 INFO:DUKASCRIPT:current timestamp :2026-06-17T02:15:00
2026-08-31 01:28:37 INFO:DUKASCRIPT:current timestamp :2026-07-16T00:30:00
2026-08-31 01:28:37 INFO:DUKASCRIPT:current timestamp :2026-08-13T22:15:00
2026-08-31 01:28:37 INFO:DUKASCRIPT:current timestamp :2025-08-25T21:00:00
2026-08-31 01:28:37 INFO:DUKASCRIPT:current timestamp :2025-09-23T19:00:00
2026-08-31 01:28:37 INFO:DUKASCRIPT:current timestamp :2025-10-22T16:30:00
2026-08-31 01:28:37 INFO:DUKASCRIPT:current timestamp :2025-11-20T14:00:00
2026-08-31 01:28:37 INFO:DUKASCRIPT:current timestamp :2025-12-19T11:00:00
2026-08-31 01:28:37 INFO:DUKASCRIPT:current timestamp :2026-01-21T02:15:00
2026-08-31 01:28:37 INFO:DUKASCRIPT:current timestamp :2026-02-18T23:00:00
2026-08-31 01:28:37 INFO:DUKASCRIPT:current timestamp :2026-03-19T19:00:00
2026-08-31 01:28:37 INFO:DUKASCRIPT:current timestamp :2026-04-17T18:30:00
2026-08-31 01:28:37 INFO:DUKASCRIPT:current timestamp :2026-05-18T16:30:00
2026-08-31 01:28:37 INFO:DUKASCRIPT:current timestamp :2026-06-16T15:30:00
2026-08-31 01:28:37 INFO:DUKASCRIPT:current timestamp :2026-07-15T13:30:00
2026-08-31 01:28:37 INFO:DUKASCRIPT:current timestamp :2026-08-13T11:00:00
2026-08-31 01:28:37 INFO:DUKASCRIPT:current timestamp :2025-08-25T21:00:00
2026-08-31 01:28:37 INFO:DUKASCRIPT:current timestamp :2025-09-23T19:45:00
2026-08-31 01:28:37 INFO:DUKASCRIPT:current timestamp :2025-10-22T18:00:00
2026-08-31 01:28:37 INFO:DUKASCRIPT:current timestamp :2025-11-20T16:30:00
2026-08-31 01:28:37 INFO:DUKASCRIPT:current timestamp :2025-12-19T15:45:00
2026-08-31 01:28:37 INFO:DUKASCRIPT:current timestamp :2026-01-21T08:45:00
2026-08-31 01:28:37 INFO:DUKASCRIPT:current timestamp :2026-02-19T06:45:00
2026-08-31 01:28:37 INFO:DUKASCRIPT:current timestamp :2026-03-20T02:45:00
2026-08-31 01:28:37 INFO:DUKASCRIPT:current timestamp :2026-04-20T02:45:00
2026-08-31 01:28:37 INFO:DUKASCRIPT:current timestamp :2026-05-19T01:45:00
2026-08-31 01:28:37 INFO:DUKASCRIPT:current timestamp :2026-06-17T00:45:00
2026-08-31 01:28:37 INFO:DUKASCRIPT:current timestamp :2026-07-16T00:00:00
2026-08-31 01:28:37 INFO:DUKASCRIPT:current timestamp :2026-08-13T23:30:00
2026-08-31 01:28:37 INFO:DUKASCRIPT:current timestamp :2025-08-25T21:45:00
2026-08-31 01:28:37 INFO:DUKASCRIPT:current timestamp :2025-09-23T21:00:00
2026-08-31 01:28:37 INFO:DUKASCRIPT:current timestamp :2025-10-22T20:00:00
2026-08-31 01:28:37 INFO:DUKASCRIPT:current timestamp :2025-11-20T17:00:00
2026-08-31 01:28:37 INFO:DUKASCRIPT:current timestamp :2025-12-19T15:00:00
2026-08-31 01:28:37 INFO:DUKASCRIPT:current timestamp :2026-01-21T09:15:00
2026-08-31 01:28:37 INFO:DUKASCRIPT:current timestamp :2026-02-19T06:45:00
2026-08-31 01:28:37 INFO:DUKASCRIPT:current timestamp :2026-03-20T02:30:00
2026-08-31 01:28:37 INFO:DUKASCRIPT:current timestamp :2026-04-20T01:00:00
2026-08-31 01:28:37 INFO:DUKASCRIPT:current timestamp :2026-05-18T23:00:00
2026-08-31 01:28:37 INFO:DUKASCRIPT:current timestamp :2026-06-16T21:45:00
2026-08-31 01:28:37 INFO:DUKASCRIPT:current timestamp :2026-07-15T20:15:00
2026-08-31 01:28:37 INFO:DUKASCRIPT:current timestamp :2026-08-13T18:45:00
2026-08-31 01:28:37 INFO:DUKASCRIPT:current timestamp :2025-08-25T20:00:00
2026-08-31 01:28:37 INFO:DUKASCRIPT:current timestamp :2025-09-23T16:45:00
2026-08-31 01:28:37 INFO:DUKASCRIPT:current timestamp :2025-10-22T13:30:00
2026-08-31 01:28:37 INFO:DUKASCRIPT:current timestamp :2025-11-20T10:00:00
2026-08-31 01:28:37 INFO:DUKASCRIPT:current timestamp :2025-12-19T06:45:00
2026-08-31 01:28:37 INFO:DUKASCRIPT:current timestamp :2026-01-20T23:45:00
2026-08-31 01:28:37 INFO:DUKASCRIPT:current timestamp :2026-02-18T21:30:00
2026-08-31 01:28:37 INFO:DUKASCRIPT:current timestamp :2026-03-19T17:45:00
2026-08-31 01:28:37 INFO:DUKASCRIPT:current timestamp :2026-04-17T17:00:00
2026-08-31 01:28:37 INFO:DUKASCRIPT:current timestamp :2026-05-18T15:30:00
2026-08-31 01:28:37 INFO:DUKASCRIPT:current timestamp :2026-06-16T14:00:00
2026-08-31 01:28:37 INFO:DUKASCRIPT:current timestamp :2026-07-15T13:15:00
2026-08-31 01:28:37 INFO:DUKASCRIPT:current timestamp :2026-08-13T12:45:00
2026-08-31 01:28:37 INFO:DUKASCRIPT:current timestamp :2025-10-06T16:45:00
2026-08-31 01:28:37 INFO:DUKASCRIPT:current timestamp :2026-01-07T11:00:00
2026-08-31 01:28:37 INFO:DUKASCRIPT:current timestamp :2026-03-25T08:55:00
2026-08-31 01:28:37 INFO:DUKASCRIPT:current timestamp :2026-06-03T18:30:00
2026-08-31 01:28:37 INFO:DUKASCRIPT:current timestamp :2026-08-14T18:00:00
2026-08-31 01:28:37 INFO:DUKASCRIPT:current timestamp :2026-08-28T21:55:00
2026-08-31 01:28:37 INFO:DUKASCRIPT:current timestamp :2025-10-06T11:20:00
2026-08-31 01:28:37 INFO:DUKASCRIPT:current timestamp :2025-12-17T16:25:00
2026-08-31 01:28:37 INFO:DUKASCRIPT:current timestamp :2026-03-03T21:30:00
2026-08-31 01:28:37 INFO:DUKASCRIPT:current timestamp :2026-05-01T13:20:00
2026-08-31 01:28:37 INFO:DUKASCRIPT:current timestamp :2026-07-13T15:20:00
2026-08-31 01:28:37 ERROR:tvDatafeed.main:error while signin
2026-08-31 01:28:37 WARNING:tvDatafeed.main:you are using nologin method, data you access may be limited
2026-08-31 01:28:37 INFO:DUKASCRIPT:current timestamp :2026-08-28T02:00:00
2026-08-31 01:28:37 INFO:DUKASCRIPT:current timestamp :2026-08-31T00:00:00
2026-08-31 01:28:37 INFO:DUKASCRIPT:current timestamp :2026-08-31T00:00:00
2026-08-31 01:28:37 INFO:DUKASCRIPT:current timestamp :2026-08-31T00:00:00
2026-08-31 01:28:37 INFO:DUKASCRIPT:current timestamp :2026-08-28T22:00:00
2026-08-31 01:28:37 INFO:DUKASCRIPT:current timestamp :2026-08-28T22:00:00
2026-08-31 01:28:37 INFO:DUKASCRIPT:current timestamp :2026-08-28T22:00:00
2026-08-31 01:28:37 INFO:DUKASCRIPT:current timestamp :2026-08-31T00:00:00
2026-08-31 01:28:37 INFO:DUKASCRIPT:current timestamp :2026-06-30T20:45:00
2026-08-31 01:28:37 INFO:DUKASCRIPT:current timestamp :2026-07-30T18:30:00
2026-08-31 01:28:37 INFO:DUKASCRIPT:current timestamp :2026-06-30T20:55:00
2026-08-31 01:28:37 INFO:DUKASCRIPT:current timestamp :2026-07-30T18:50:00
2026-08-31 01:28:37 INFO:DUKASCRIPT:current timestamp :2026-08-28T22:00:00
2026-08-31 01:28:37 INFO:DUKASCRIPT:current timestamp :2026-08-28T22:00:00
2026-08-31 01:28:37 INFO:DUKASCRIPT:current timestamp :2025-05-20T10:45:00
2026-08-31 01:28:37 INFO:DUKASCRIPT:current timestamp :2025-06-20T07:30:00
2026-08-31 01:28:37 INFO:DUKASCRIPT:current timestamp :2025-07-23T06:45:00
2026-08-31 01:28:37 INFO:DUKASCRIPT:current timestamp :2025-08-22T21:30:00
2026-08-31 01:28:37 INFO:DUKASCRIPT:current timestamp :2025-09-24T18:30:00
2026-08-31 01:28:37 INFO:DUKASCRIPT:current timestamp :2025-10-27T11:45:00
2026-08-31 01:28:37 INFO:DUKASCRIPT:current timestamp :2025-11-27T01:15:00
2026-08-31 01:28:37 INFO:DUKASCRIPT:current timestamp :2025-12-31T12:00:00
2026-08-31 01:28:37 INFO:DUKASCRIPT:current timestamp :2026-02-03T04:45:00
2026-08-31 01:28:37 INFO:DUKASCRIPT:current timestamp :2026-03-05T18:15:00
2026-08-31 01:28:37 INFO:DUKASCRIPT:current timestamp :2026-04-08T06:30:00
2026-08-31 01:28:37 INFO:DUKASCRIPT:current timestamp :2026-05-08T17:45:00
2026-08-31 01:28:37 INFO:DUKASCRIPT:current timestamp :2026-06-10T10:45:00
2026-08-31 01:28:37 INFO:DUKASCRIPT:current timestamp :2026-07-13T05:30:00
2026-08-31 01:28:37 INFO:DUKASCRIPT:current timestamp :2026-08-12T16:30:00
2026-08-31 01:28:37 INFO:DUKASCRIPT:current timestamp :2025-05-20T10:55:00
2026-08-31 01:28:37 INFO:DUKASCRIPT:current timestamp :2025-06-20T07:55:00
2026-08-31 01:28:37 INFO:DUKASCRIPT:current timestamp :2025-07-23T07:25:00
2026-08-31 01:28:37 INFO:DUKASCRIPT:current timestamp :2025-08-25T00:10:00
2026-08-31 01:28:37 INFO:DUKASCRIPT:current timestamp :2025-09-24T19:40:00
2026-08-31 01:28:37 INFO:DUKASCRIPT:current timestamp :2025-10-27T13:10:00
2026-08-31 01:28:37 INFO:DUKASCRIPT:current timestamp :2025-11-27T02:55:00
2026-08-31 01:28:37 INFO:DUKASCRIPT:current timestamp :2025-12-31T13:50:00
2026-08-31 01:28:37 INFO:DUKASCRIPT:current timestamp :2026-02-03T06:55:00
2026-08-31 01:28:37 INFO:DUKASCRIPT:current timestamp :2026-03-05T20:40:00
2026-08-31 01:28:37 INFO:DUKASCRIPT:current timestamp :2026-04-08T09:05:00
2026-08-31 01:28:37 INFO:DUKASCRIPT:current timestamp :2026-05-19T10:50:00
2026-08-31 01:28:37 INFO:DUKASCRIPT:current timestamp :2026-06-19T04:30:00
2026-08-31 01:28:37 INFO:DUKASCRIPT:current timestamp :2026-07-21T22:10:00
2026-08-31 01:28:37 INFO:DUKASCRIPT:current timestamp :2026-08-21T11:55:00
2026-08-31 01:28:37 INFO:DUKASCRIPT:current timestamp :2025-05-20T10:45:00
2026-08-31 01:28:37 INFO:DUKASCRIPT:current timestamp :2025-06-20T06:30:00
2026-08-31 01:28:37 INFO:DUKASCRIPT:current timestamp :2025-07-23T01:30:00
2026-08-31 01:28:37 INFO:DUKASCRIPT:current timestamp :2025-08-22T12:15:00
2026-08-31 01:28:37 INFO:DUKASCRIPT:current timestamp :2025-09-24T04:15:00
2026-08-31 01:28:37 INFO:DUKASCRIPT:current timestamp :2025-10-24T14:45:00
2026-08-31 01:28:37 INFO:DUKASCRIPT:current timestamp :2025-11-26T02:45:00
2026-08-31 01:28:37 INFO:DUKASCRIPT:current timestamp :2025-12-30T11:15:00
2026-08-31 01:28:37 INFO:DUKASCRIPT:current timestamp :2026-02-02T02:30:00
2026-08-31 01:28:37 INFO:DUKASCRIPT:current timestamp :2026-03-04T16:15:00
2026-08-31 01:28:37 INFO:DUKASCRIPT:current timestamp :2026-04-07T05:00:00
2026-08-31 01:28:37 INFO:DUKASCRIPT:current timestamp :2026-05-07T15:30:00
2026-08-31 01:28:37 INFO:DUKASCRIPT:current timestamp :2026-06-09T08:45:00
2026-08-31 01:28:37 INFO:DUKASCRIPT:current timestamp :2026-07-10T04:45:00
2026-08-31 01:28:37 INFO:DUKASCRIPT:current timestamp :2026-08-11T15:00:00
2026-08-31 01:28:37 INFO:DUKASCRIPT:current timestamp :2025-05-20T10:55:00
2026-08-31 01:28:37 INFO:DUKASCRIPT:current timestamp :2025-06-20T07:00:00
2026-08-31 01:28:37 INFO:DUKASCRIPT:current timestamp :2025-07-23T02:15:00
2026-08-31 01:28:37 INFO:DUKASCRIPT:current timestamp :2025-08-22T13:10:00
2026-08-31 01:28:37 INFO:DUKASCRIPT:current timestamp :2025-09-24T05:20:00
2026-08-31 01:28:37 INFO:DUKASCRIPT:current timestamp :2025-10-24T16:10:00
2026-08-31 01:28:37 INFO:DUKASCRIPT:current timestamp :2025-11-26T04:20:00
2026-08-31 01:28:37 INFO:DUKASCRIPT:current timestamp :2025-12-30T13:10:00
2026-08-31 01:28:37 INFO:DUKASCRIPT:current timestamp :2026-02-02T04:40:00
2026-08-31 01:28:37 INFO:DUKASCRIPT:current timestamp :2026-03-04T18:40:00
2026-08-31 01:28:37 INFO:DUKASCRIPT:current timestamp :2026-04-07T07:45:00
2026-08-31 01:28:37 INFO:DUKASCRIPT:current timestamp :2026-05-19T10:45:00
2026-08-31 01:28:37 INFO:DUKASCRIPT:current timestamp :2026-06-19T05:40:00
2026-08-31 01:28:37 INFO:DUKASCRIPT:current timestamp :2026-07-22T00:25:00
2026-08-31 01:28:37 INFO:DUKASCRIPT:current timestamp :2026-08-21T11:10:00
2026-08-31 01:28:37 INFO:DUKASCRIPT:current timestamp :2025-05-20T12:00:00
2026-08-31 01:28:37 INFO:DUKASCRIPT:current timestamp :2025-06-20T09:30:00
2026-08-31 01:28:37 INFO:DUKASCRIPT:current timestamp :2025-07-23T06:15:00
2026-08-31 01:28:37 INFO:DUKASCRIPT:current timestamp :2025-08-22T18:30:00
2026-08-31 01:28:37 INFO:DUKASCRIPT:current timestamp :2025-09-24T10:15:00
2026-08-31 01:28:37 INFO:DUKASCRIPT:current timestamp :2025-10-24T20:30:00
2026-08-31 01:28:37 INFO:DUKASCRIPT:current timestamp :2025-11-26T08:30:00
2026-08-31 01:28:37 INFO:DUKASCRIPT:current timestamp :2025-12-30T16:30:00
2026-08-31 01:28:37 INFO:DUKASCRIPT:current timestamp :2026-02-02T07:45:00
2026-08-31 01:28:37 INFO:DUKASCRIPT:current timestamp :2026-03-04T21:15:00
2026-08-31 01:28:37 INFO:DUKASCRIPT:current timestamp :2026-04-07T10:00:00
2026-08-31 01:28:37 INFO:DUKASCRIPT:current timestamp :2026-05-07T20:15:00
2026-08-31 01:28:37 INFO:DUKASCRIPT:current timestamp :2026-06-09T13:30:00
2026-08-31 01:28:37 INFO:DUKASCRIPT:current timestamp :2026-07-10T08:15:00
2026-08-31 01:28:37 INFO:DUKASCRIPT:current timestamp :2026-08-11T18:30:00
2026-08-31 01:28:37 INFO:DUKASCRIPT:current timestamp :2025-05-20T12:20:00
2026-08-31 01:28:37 INFO:DUKASCRIPT:current timestamp :2025-06-20T10:10:00
2026-08-31 01:28:37 INFO:DUKASCRIPT:current timestamp :2025-07-23T07:10:00
2026-08-31 01:28:37 INFO:DUKASCRIPT:current timestamp :2025-08-22T19:35:00
2026-08-31 01:28:37 INFO:DUKASCRIPT:current timestamp :2025-09-24T11:40:00
2026-08-31 01:28:37 INFO:DUKASCRIPT:current timestamp :2025-10-26T23:00:00
2026-08-31 01:28:37 INFO:DUKASCRIPT:current timestamp :2025-11-26T10:25:00
2026-08-31 01:28:37 INFO:DUKASCRIPT:current timestamp :2025-12-30T18:40:00
2026-08-31 01:28:37 INFO:DUKASCRIPT:current timestamp :2026-02-02T10:05:00
2026-08-31 01:28:37 INFO:DUKASCRIPT:current timestamp :2026-03-05T01:30:00
2026-08-31 01:28:37 INFO:DUKASCRIPT:current timestamp :2026-04-07T12:40:00
2026-08-31 01:28:37 INFO:DUKASCRIPT:current timestamp :2026-05-19T10:30:00
2026-08-31 01:28:37 INFO:DUKASCRIPT:current timestamp :2026-06-19T04:25:00
2026-08-31 01:28:37 INFO:DUKASCRIPT:current timestamp :2026-07-21T21:20:00
2026-08-31 01:28:37 INFO:DUKASCRIPT:current timestamp :2026-08-21T09:30:00
2026-08-31 01:28:37 {
2026-08-31 01:28:37   "date": "2026-08-30 23:25:07.383016",
2026-08-31 01:28:37   "equity": 99755.17011430487,
2026-08-31 01:28:37   "current_dd": -0.002448298856951303,
2026-08-31 01:28:37   "kill_switch_active": false,
2026-08-31 01:28:37   "n_trades": 10
2026-08-31 01:28:37 }
2026-08-31 01:28:37 [main e448ffe] EK Portfolio Bot: Snapshot 2026-08-31 01:28
2026-08-31 01:28:37  2 files changed, 468 insertions(+), 9 deletions(-)
2026-08-31 01:28:39 To https://github.com/AndrowDeluxe/Forex-Backtesting.git
2026-08-31 01:28:39    bf91f55..e448ffe  main -> main
2026-08-31 01:28:39 Commit + Push erfolgreich.
2026-08-31 01:28:39 === EK-Portfolio-Task beendet ===
2026-08-31 03:12:50 === EK-Portfolio-Task gestartet ===
2026-08-31 03:20:08 INFO:DUKASCRIPT:current timestamp :2026-08-31T02:45:00
2026-08-31 03:20:08 INFO:DUKASCRIPT:current timestamp :2026-08-31T02:45:00
2026-08-31 03:20:08 INFO:DUKASCRIPT:current timestamp :2026-08-30T02:00:00
2026-08-31 03:20:08 INFO:DUKASCRIPT:current timestamp :2025-08-25T20:30:00
2026-08-31 03:20:08 INFO:DUKASCRIPT:current timestamp :2025-09-23T18:15:00
2026-08-31 03:20:08 INFO:DUKASCRIPT:current timestamp :2025-10-22T16:05:00
2026-08-31 03:20:08 INFO:DUKASCRIPT:current timestamp :2025-11-20T13:40:00
2026-08-31 03:20:08 INFO:DUKASCRIPT:current timestamp :2025-12-19T11:50:00
2026-08-31 03:20:08 INFO:DUKASCRIPT:current timestamp :2026-01-21T06:20:00
2026-08-31 03:20:08 INFO:DUKASCRIPT:current timestamp :2026-02-19T03:40:00
2026-08-31 03:20:08 INFO:DUKASCRIPT:current timestamp :2026-03-19T23:30:00
2026-08-31 03:20:08 INFO:DUKASCRIPT:current timestamp :2026-04-17T22:10:00
2026-08-31 03:20:08 INFO:DUKASCRIPT:current timestamp :2026-05-18T20:20:00
2026-08-31 03:20:08 INFO:DUKASCRIPT:current timestamp :2026-06-16T18:50:00
2026-08-31 03:20:08 INFO:DUKASCRIPT:current timestamp :2026-07-15T17:25:00
2026-08-31 03:20:08 INFO:DUKASCRIPT:current timestamp :2026-08-13T15:35:00
2026-08-31 03:20:08 INFO:DUKASCRIPT:current timestamp :2026-08-31T03:05:00
2026-08-31 03:20:08 INFO:DUKASCRIPT:current timestamp :2025-08-25T22:00:00
2026-08-31 03:20:08 INFO:DUKASCRIPT:current timestamp :2025-09-23T21:15:00
2026-08-31 03:20:08 INFO:DUKASCRIPT:current timestamp :2025-10-22T19:45:00
2026-08-31 03:20:08 INFO:DUKASCRIPT:current timestamp :2025-11-20T18:45:00
2026-08-31 03:20:08 INFO:DUKASCRIPT:current timestamp :2026-08-30T02:00:00
2026-08-31 03:20:08 INFO:DUKASCRIPT:current timestamp :2026-08-31T02:00:00
2026-08-31 03:20:08 INFO:DUKASCRIPT:current timestamp :2026-08-31T02:00:00
2026-08-31 03:20:08 INFO:DUKASCRIPT:current timestamp :2026-08-31T02:00:00
2026-08-31 03:20:08 INFO:DUKASCRIPT:current timestamp :2026-08-30T22:00:00
2026-08-31 03:20:08 INFO:DUKASCRIPT:current timestamp :2026-08-30T22:00:00
2026-08-31 03:20:08 INFO:DUKASCRIPT:current timestamp :2026-08-30T22:00:00
2026-08-31 03:20:08 INFO:DUKASCRIPT:current timestamp :2026-08-31T02:00:00
2026-08-31 03:20:08 INFO:DUKASCRIPT:current timestamp :2026-07-01T20:45:00
2026-08-31 03:20:08 INFO:DUKASCRIPT:current timestamp :2026-07-31T18:30:00
2026-08-31 03:20:08 INFO:DUKASCRIPT:current timestamp :2026-08-31T02:45:00
2026-08-31 03:20:08 INFO:DUKASCRIPT:current timestamp :2026-07-01T20:55:00
2026-08-31 03:20:08 INFO:DUKASCRIPT:current timestamp :2026-07-31T18:50:00
2026-08-31 03:20:08 INFO:DUKASCRIPT:current timestamp :2026-08-31T03:05:00
2026-08-31 03:20:08 INFO:DUKASCRIPT:current timestamp :2026-08-30T22:00:00
2026-08-31 03:20:08 INFO:DUKASCRIPT:current timestamp :2026-08-30T22:00:00
2026-08-31 03:20:08 INFO:DUKASCRIPT:current timestamp :2025-05-21T10:45:00
2026-08-31 03:20:08 INFO:DUKASCRIPT:current timestamp :2025-06-23T07:30:00
2026-08-31 03:20:08 INFO:DUKASCRIPT:current timestamp :2025-07-24T07:00:00
2026-08-31 03:20:08 INFO:DUKASCRIPT:current timestamp :2025-08-25T21:45:00
2026-08-31 03:20:08 INFO:DUKASCRIPT:current timestamp :2025-09-25T19:15:00
2026-08-31 03:20:08 INFO:DUKASCRIPT:current timestamp :2025-10-28T12:00:00
2026-08-31 03:20:08 INFO:DUKASCRIPT:current timestamp :2025-11-28T15:30:00
2026-08-31 03:20:08 INFO:DUKASCRIPT:current timestamp :2026-01-02T12:30:00
2026-08-31 03:20:08 INFO:DUKASCRIPT:current timestamp :2026-02-04T05:00:00
2026-08-31 03:20:08 INFO:DUKASCRIPT:current timestamp :2026-03-06T18:30:00
2026-08-31 03:20:08 INFO:DUKASCRIPT:current timestamp :2026-04-09T06:45:00
2026-08-31 03:20:08 INFO:DUKASCRIPT:current timestamp :2026-05-11T18:00:00
2026-08-31 03:20:08 INFO:DUKASCRIPT:current timestamp :2026-06-11T11:00:00
2026-08-31 03:20:08 INFO:DUKASCRIPT:current timestamp :2026-07-14T05:45:00
2026-08-31 03:20:08 INFO:DUKASCRIPT:current timestamp :2026-08-13T17:00:00
2026-08-31 03:20:08 INFO:DUKASCRIPT:current timestamp :2026-08-31T03:00:00
2026-08-31 03:20:08 INFO:DUKASCRIPT:current timestamp :2025-05-21T10:55:00
2026-08-31 03:20:08 INFO:DUKASCRIPT:current timestamp :2025-06-23T07:55:00
2026-08-31 03:20:08 INFO:DUKASCRIPT:current timestamp :2025-07-24T07:35:00
2026-08-31 03:20:08 INFO:DUKASCRIPT:current timestamp :2025-08-26T00:15:00
2026-08-31 03:20:08 INFO:DUKASCRIPT:current timestamp :2025-09-25T20:15:00
2026-08-31 03:20:08 INFO:DUKASCRIPT:current timestamp :2025-10-28T13:15:00
2026-08-31 03:20:08 INFO:DUKASCRIPT:current timestamp :2025-11-28T17:00:00
2026-08-31 03:20:08 INFO:DUKASCRIPT:current timestamp :2026-01-02T14:10:00
2026-08-31 03:20:08 INFO:DUKASCRIPT:current timestamp :2026-02-04T06:50:00
2026-08-31 03:20:08 INFO:DUKASCRIPT:current timestamp :2026-03-06T20:35:00
2026-08-31 03:20:08 INFO:DUKASCRIPT:current timestamp :2026-04-09T09:00:00
2026-08-31 03:20:08 INFO:DUKASCRIPT:current timestamp :2026-05-20T10:50:00
2026-08-31 03:20:08 INFO:DUKASCRIPT:current timestamp :2026-06-22T07:45:00
2026-08-31 03:20:08 INFO:DUKASCRIPT:current timestamp :2026-07-22T22:10:00
2026-08-31 03:20:08 INFO:DUKASCRIPT:current timestamp :2026-08-24T11:55:00
2026-08-31 03:20:08 INFO:DUKASCRIPT:current timestamp :2026-08-31T03:10:00
2026-08-31 03:20:08 INFO:DUKASCRIPT:current timestamp :2025-05-21T10:45:00
2026-08-31 03:20:08 INFO:DUKASCRIPT:current timestamp :2025-06-23T06:45:00
2026-08-31 03:20:08 INFO:DUKASCRIPT:current timestamp :2025-07-24T01:45:00
2026-08-31 03:20:08 INFO:DUKASCRIPT:current timestamp :2025-08-25T12:30:00
2026-08-31 03:20:08 INFO:DUKASCRIPT:current timestamp :2025-09-25T04:30:00
2026-08-31 03:20:08 INFO:DUKASCRIPT:current timestamp :2025-10-27T14:00:00
2026-08-31 03:20:08 INFO:DUKASCRIPT:current timestamp :2025-11-27T03:00:00
2026-08-31 03:20:08 INFO:DUKASCRIPT:current timestamp :2025-12-31T11:30:00
2026-08-31 03:20:08 INFO:DUKASCRIPT:current timestamp :2026-02-03T02:45:00
2026-08-31 03:20:08 INFO:DUKASCRIPT:current timestamp :2026-03-05T16:30:00
2026-08-31 03:20:08 INFO:DUKASCRIPT:current timestamp :2026-04-08T05:15:00
2026-08-31 03:20:08 INFO:DUKASCRIPT:current timestamp :2026-05-08T15:45:00
2026-08-31 03:20:08 INFO:DUKASCRIPT:current timestamp :2026-06-10T09:15:00
2026-08-31 03:20:08 INFO:DUKASCRIPT:current timestamp :2026-07-13T04:45:00
2026-08-31 03:20:08 INFO:DUKASCRIPT:current timestamp :2026-08-12T15:00:00
2026-08-31 03:20:08 INFO:DUKASCRIPT:current timestamp :2026-08-31T03:00:00
2026-08-31 03:20:08 INFO:DUKASCRIPT:current timestamp :2025-05-21T10:55:00
2026-08-31 03:20:08 INFO:DUKASCRIPT:current timestamp :2025-06-23T07:05:00
2026-08-31 03:20:08 INFO:DUKASCRIPT:current timestamp :2025-07-24T02:15:00
2026-08-31 03:20:08 INFO:DUKASCRIPT:current timestamp :2025-08-25T13:15:00
2026-08-31 03:20:08 INFO:DUKASCRIPT:current timestamp :2025-09-25T05:25:00
2026-08-31 03:20:08 INFO:DUKASCRIPT:current timestamp :2025-10-27T15:10:00
2026-08-31 03:20:08 INFO:DUKASCRIPT:current timestamp :2025-11-27T04:20:00
2026-08-31 03:20:08 INFO:DUKASCRIPT:current timestamp :2025-12-31T13:10:00
2026-08-31 03:20:08 INFO:DUKASCRIPT:current timestamp :2026-02-03T04:40:00
2026-08-31 03:20:08 INFO:DUKASCRIPT:current timestamp :2026-03-05T18:40:00
2026-08-31 03:20:08 INFO:DUKASCRIPT:current timestamp :2026-04-08T07:45:00
2026-08-31 03:20:08 INFO:DUKASCRIPT:current timestamp :2026-05-20T10:45:00
2026-08-31 03:20:08 INFO:DUKASCRIPT:current timestamp :2026-06-22T08:55:00
2026-08-31 03:20:08 INFO:DUKASCRIPT:current timestamp :2026-07-23T00:25:00
2026-08-31 03:20:08 INFO:DUKASCRIPT:current timestamp :2026-08-24T11:10:00
2026-08-31 03:20:08 INFO:DUKASCRIPT:current timestamp :2026-08-31T03:10:00
2026-08-31 03:20:08 INFO:DUKASCRIPT:current timestamp :2025-05-21T12:00:00
2026-08-31 03:20:08 INFO:DUKASCRIPT:current timestamp :2025-06-23T09:30:00
2026-08-31 03:20:08 INFO:DUKASCRIPT:current timestamp :2025-07-24T06:15:00
2026-08-31 03:20:08 INFO:DUKASCRIPT:current timestamp :2025-08-25T18:30:00
2026-08-31 03:20:08 INFO:DUKASCRIPT:current timestamp :2025-09-25T10:15:00
2026-08-31 03:20:08 INFO:DUKASCRIPT:current timestamp :2025-10-27T19:30:00
2026-08-31 03:20:08 INFO:DUKASCRIPT:current timestamp :2025-11-27T08:30:00
2026-08-31 03:20:08 INFO:DUKASCRIPT:current timestamp :2025-12-31T16:30:00
2026-08-31 03:20:08 INFO:DUKASCRIPT:current timestamp :2026-02-03T07:45:00
2026-08-31 03:20:08 INFO:DUKASCRIPT:current timestamp :2026-03-05T21:15:00
2026-08-31 03:20:08 INFO:DUKASCRIPT:current timestamp :2026-04-08T10:00:00
2026-08-31 03:20:08 INFO:DUKASCRIPT:current timestamp :2026-05-08T20:15:00
2026-08-31 03:20:08 INFO:DUKASCRIPT:current timestamp :2026-06-10T13:45:00
2026-08-31 03:20:08 INFO:DUKASCRIPT:current timestamp :2026-07-13T08:15:00
2026-08-31 03:20:08 INFO:DUKASCRIPT:current timestamp :2026-08-12T18:30:00
2026-08-31 03:20:08 INFO:DUKASCRIPT:current timestamp :2026-08-31T03:00:00
2026-08-31 03:20:08 INFO:DUKASCRIPT:current timestamp :2025-05-21T12:20:00
2026-08-31 03:20:08 INFO:DUKASCRIPT:current timestamp :2025-06-23T10:10:00
2026-08-31 03:20:08 INFO:DUKASCRIPT:current timestamp :2025-07-24T07:05:00
2026-08-31 03:20:08 INFO:DUKASCRIPT:current timestamp :2025-08-25T19:35:00
2026-08-31 03:20:08 INFO:DUKASCRIPT:current timestamp :2025-09-25T11:30:00
2026-08-31 03:20:08 INFO:DUKASCRIPT:current timestamp :2025-10-27T21:05:00
2026-08-31 03:20:08 INFO:DUKASCRIPT:current timestamp :2025-11-27T10:15:00
2026-08-31 03:20:08 INFO:DUKASCRIPT:current timestamp :2025-12-31T18:30:00
2026-08-31 03:20:08 INFO:DUKASCRIPT:current timestamp :2026-02-03T09:55:00
2026-08-31 03:20:08 INFO:DUKASCRIPT:current timestamp :2026-03-06T01:20:00
2026-08-31 03:20:08 INFO:DUKASCRIPT:current timestamp :2026-04-08T12:30:00
2026-08-31 03:20:08 INFO:DUKASCRIPT:current timestamp :2025-05-21T10:45:00
2026-08-31 03:20:08 INFO:DUKASCRIPT:current timestamp :2025-06-23T07:30:00
2026-08-31 03:20:08 INFO:DUKASCRIPT:current timestamp :2025-07-24T07:00:00
2026-08-31 03:20:08 INFO:DUKASCRIPT:current timestamp :2025-08-25T21:45:00
2026-08-31 03:20:08 INFO:DUKASCRIPT:current timestamp :2025-09-25T19:15:00
2026-08-31 03:20:08 INFO:DUKASCRIPT:current timestamp :2025-10-28T12:00:00
2026-08-31 03:20:08 INFO:DUKASCRIPT:current timestamp :2025-11-28T15:30:00
2026-08-31 03:20:08 INFO:DUKASCRIPT:current timestamp :2026-01-02T12:30:00
2026-08-31 03:20:08 INFO:DUKASCRIPT:current timestamp :2026-02-04T05:00:00
2026-08-31 03:20:08 INFO:DUKASCRIPT:current timestamp :2026-03-06T18:30:00
2026-08-31 03:20:08 INFO:DUKASCRIPT:current timestamp :2026-04-09T06:45:00
2026-08-31 03:20:08 INFO:DUKASCRIPT:current timestamp :2026-05-11T18:00:00
2026-08-31 03:20:08 INFO:DUKASCRIPT:current timestamp :2026-06-11T11:00:00
2026-08-31 03:20:08 INFO:DUKASCRIPT:current timestamp :2026-07-14T05:45:00
2026-08-31 03:20:08 INFO:DUKASCRIPT:current timestamp :2026-08-13T17:00:00
2026-08-31 03:20:08 INFO:DUKASCRIPT:current timestamp :2026-08-31T03:00:00
2026-08-31 03:20:08 INFO:DUKASCRIPT:current timestamp :2025-05-21T10:55:00
2026-08-31 03:20:08 INFO:DUKASCRIPT:current timestamp :2025-06-23T07:55:00
2026-08-31 03:20:08 INFO:DUKASCRIPT:current timestamp :2025-07-24T07:35:00
2026-08-31 03:20:08 INFO:DUKASCRIPT:current timestamp :2025-08-26T00:15:00
2026-08-31 03:20:08 INFO:DUKASCRIPT:current timestamp :2025-09-25T20:15:00
2026-08-31 03:20:08 INFO:DUKASCRIPT:current timestamp :2025-05-21T10:55:00
2026-08-31 03:20:08 INFO:DUKASCRIPT:current timestamp :2025-06-23T07:55:00
2026-08-31 03:20:08 INFO:DUKASCRIPT:current timestamp :2025-05-21T10:55:00
2026-08-31 03:20:08 INFO:DUKASCRIPT:current timestamp :2025-06-23T07:55:00
2026-08-31 03:20:08 INFO:DUKASCRIPT:current timestamp :2025-07-24T07:35:00
2026-08-31 03:20:08 INFO:DUKASCRIPT:current timestamp :2025-08-26T00:15:00
2026-08-31 03:20:09 INFO:DUKASCRIPT:current timestamp :2025-09-25T20:15:00
2026-08-31 03:20:09 INFO:DUKASCRIPT:current timestamp :2025-05-21T10:55:00
2026-08-31 03:20:09 INFO:DUKASCRIPT:current timestamp :2025-06-23T07:55:00
2026-08-31 03:20:09 INFO:DUKASCRIPT:current timestamp :2025-07-24T07:35:00
2026-08-31 03:20:09 INFO:DUKASCRIPT:current timestamp :2025-08-26T00:15:00
2026-08-31 03:20:09 INFO:DUKASCRIPT:current timestamp :2025-09-25T20:15:00
2026-08-31 03:20:09 INFO:DUKASCRIPT:current timestamp :2025-10-28T13:15:00
2026-08-31 03:20:09 INFO:DUKASCRIPT:current timestamp :2025-11-28T17:00:00
2026-08-31 03:20:09 INFO:DUKASCRIPT:current timestamp :2025-05-21T10:45:00
2026-08-31 03:20:09 INFO:DUKASCRIPT:current timestamp :2025-06-23T07:30:00
2026-08-31 03:20:09 INFO:DUKASCRIPT:current timestamp :2025-07-24T07:00:00
2026-08-31 03:20:09 INFO:DUKASCRIPT:current timestamp :2025-08-25T21:45:00
2026-08-31 03:20:09 INFO:DUKASCRIPT:current timestamp :2025-09-25T19:15:00
2026-08-31 03:20:09 INFO:DUKASCRIPT:current timestamp :2025-10-28T12:00:00
2026-08-31 03:20:09 INFO:DUKASCRIPT:current timestamp :2025-11-28T15:30:00
2026-08-31 03:20:09 INFO:DUKASCRIPT:current timestamp :2026-01-02T12:30:00
2026-08-31 03:20:09 INFO:DUKASCRIPT:current timestamp :2026-02-04T05:00:00
2026-08-31 03:20:09 INFO:DUKASCRIPT:current timestamp :2026-03-06T18:30:00
2026-08-31 03:20:09 INFO:DUKASCRIPT:current timestamp :2026-04-09T06:45:00
2026-08-31 03:20:09 INFO:DUKASCRIPT:current timestamp :2026-05-11T18:00:00
2026-08-31 03:20:09 INFO:DUKASCRIPT:current timestamp :2026-06-11T11:00:00
2026-08-31 03:20:09 INFO:DUKASCRIPT:current timestamp :2026-07-14T05:45:00
2026-08-31 03:20:09 INFO:DUKASCRIPT:current timestamp :2026-08-13T17:00:00
2026-08-31 03:20:09 INFO:DUKASCRIPT:current timestamp :2025-05-21T10:45:00
2026-08-31 03:20:09 INFO:DUKASCRIPT:current timestamp :2025-05-21T10:45:00
2026-08-31 03:20:09 INFO:DUKASCRIPT:current timestamp :2025-06-23T07:30:00
2026-08-31 03:20:09 INFO:DUKASCRIPT:current timestamp :2025-07-24T07:00:00
2026-08-31 03:20:09 INFO:DUKASCRIPT:current timestamp :2025-05-21T10:45:00
2026-08-31 03:20:09 INFO:DUKASCRIPT:current timestamp :2025-06-23T07:30:00
2026-08-31 03:20:09 INFO:DUKASCRIPT:current timestamp :2025-07-24T07:00:00
2026-08-31 03:20:09 INFO:DUKASCRIPT:current timestamp :2025-08-25T21:45:00
2026-08-31 03:20:09 INFO:DUKASCRIPT:current timestamp :2025-09-25T19:15:00
2026-08-31 03:20:09 INFO:DUKASCRIPT:current timestamp :2025-10-28T12:00:00
2026-08-31 03:20:09 INFO:DUKASCRIPT:current timestamp :2025-11-28T15:30:00
2026-08-31 03:20:09 {
2026-08-31 03:20:09   "date": "2026-08-31 01:13:00.362513",
2026-08-31 03:20:09   "equity": 99748.29975451891,
2026-08-31 03:20:09   "current_dd": -0.0025170024548109016,
2026-08-31 03:20:09   "kill_switch_active": false,
2026-08-31 03:20:09   "n_trades": 10
2026-08-31 03:20:09 }
2026-08-31 03:20:09 ---
2026-08-31 03:20:09 [EK Portfolio] ÔÜá´©Å CLS-Practical-Scan fehlgeschlagen: '>' not supported between instances of 'str' and 'float'
2026-08-31 03:20:09 ---
2026-08-31 03:20:09 [EK Portfolio] ­ƒö¦ EXIT CTNL Reversal (stop) R=-1.08
2026-08-31 03:20:09 ---
2026-08-31 03:20:09 [EK Portfolio] ÔÜá´©Å NY-Open-ORB-Scan fehlgeschlagen: 0
2026-08-31 03:20:09 [main 457fdac] EK Portfolio Bot: Snapshot 2026-08-31 03:20
2026-08-31 03:20:09  5 files changed, 444 insertions(+), 27 deletions(-)
2026-08-31 03:20:12 To https://github.com/AndrowDeluxe/Forex-Backtesting.git
2026-08-31 03:20:12    c63ed8c..457fdac  main -> main
2026-08-31 03:20:12 Commit + Push erfolgreich.
2026-08-31 03:20:12 === EK-Portfolio-Task beendet ===
2026-08-31 03:25:05 === EK-Portfolio-Task gestartet ===
2026-08-31 03:27:53 INFO:DUKASCRIPT:current timestamp :2026-08-31T03:00:00
2026-08-31 03:27:53 INFO:DUKASCRIPT:current timestamp :2026-08-31T03:00:00
2026-08-31 03:27:53 INFO:DUKASCRIPT:current timestamp :2026-08-30T02:00:00
2026-08-31 03:27:53 INFO:DUKASCRIPT:current timestamp :2025-08-25T20:30:00
2026-08-31 03:27:53 INFO:DUKASCRIPT:current timestamp :2025-09-23T18:15:00
2026-08-31 03:27:53 INFO:DUKASCRIPT:current timestamp :2025-10-22T16:05:00
2026-08-31 03:27:53 INFO:DUKASCRIPT:current timestamp :2025-11-20T13:40:00
2026-08-31 03:27:53 INFO:DUKASCRIPT:current timestamp :2025-12-19T11:50:00
2026-08-31 03:27:53 INFO:DUKASCRIPT:current timestamp :2026-01-21T06:20:00
2026-08-31 03:27:53 INFO:DUKASCRIPT:current timestamp :2026-02-19T03:40:00
2026-08-31 03:27:53 INFO:DUKASCRIPT:current timestamp :2026-03-19T23:30:00
2026-08-31 03:27:53 INFO:DUKASCRIPT:current timestamp :2026-04-17T22:10:00
2026-08-31 03:27:53 INFO:DUKASCRIPT:current timestamp :2026-05-18T20:20:00
2026-08-31 03:27:53 INFO:DUKASCRIPT:current timestamp :2026-06-16T18:50:00
2026-08-31 03:27:53 INFO:DUKASCRIPT:current timestamp :2026-07-15T17:25:00
2026-08-31 03:27:53 INFO:DUKASCRIPT:current timestamp :2026-08-13T15:35:00
2026-08-31 03:27:53 INFO:DUKASCRIPT:current timestamp :2026-08-31T03:20:00
2026-08-31 03:27:53 INFO:DUKASCRIPT:current timestamp :2025-08-25T22:00:00
2026-08-31 03:27:53 INFO:DUKASCRIPT:current timestamp :2025-09-23T21:15:00
2026-08-31 03:27:53 INFO:DUKASCRIPT:current timestamp :2025-10-22T19:45:00
2026-08-31 03:27:53 INFO:DUKASCRIPT:current timestamp :2025-11-20T18:45:00
2026-08-31 03:27:53 INFO:DUKASCRIPT:current timestamp :2025-12-19T18:00:00
2026-08-31 03:27:53 INFO:DUKASCRIPT:current timestamp :2026-01-21T12:15:00
2026-08-31 03:27:53 INFO:DUKASCRIPT:current timestamp :2026-02-19T10:00:00
2026-08-31 03:27:53 INFO:DUKASCRIPT:current timestamp :2026-03-20T06:00:00
2026-08-31 03:27:53 INFO:DUKASCRIPT:current timestamp :2026-04-20T05:15:00
2026-08-31 03:27:53 INFO:DUKASCRIPT:current timestamp :2026-05-19T03:30:00
2026-08-31 03:27:53 INFO:DUKASCRIPT:current timestamp :2026-06-17T02:15:00
2026-08-31 03:27:53 INFO:DUKASCRIPT:current timestamp :2026-07-16T00:30:00
2026-08-31 03:27:53 INFO:DUKASCRIPT:current timestamp :2026-08-13T22:15:00
2026-08-31 03:27:53 INFO:DUKASCRIPT:current timestamp :2026-08-31T03:00:00
2026-08-31 03:27:53 INFO:DUKASCRIPT:current timestamp :2025-08-25T21:00:00
2026-08-31 03:27:54 INFO:DUKASCRIPT:current timestamp :2025-09-23T19:00:00
2026-08-31 03:27:54 INFO:DUKASCRIPT:current timestamp :2025-10-22T16:30:00
2026-08-31 03:27:54 INFO:DUKASCRIPT:current timestamp :2025-11-20T14:00:00
2026-08-31 03:27:54 INFO:DUKASCRIPT:current timestamp :2025-12-19T11:00:00
2026-08-31 03:27:54 INFO:DUKASCRIPT:current timestamp :2026-01-21T02:15:00
2026-08-31 03:27:54 INFO:DUKASCRIPT:current timestamp :2026-02-18T23:00:00
2026-08-31 03:27:54 INFO:DUKASCRIPT:current timestamp :2026-03-19T19:00:00
2026-08-31 03:27:54 INFO:DUKASCRIPT:current timestamp :2026-04-17T18:30:00
2026-08-31 03:27:54 INFO:DUKASCRIPT:current timestamp :2026-05-18T16:30:00
2026-08-31 03:27:54 INFO:DUKASCRIPT:current timestamp :2026-06-16T15:30:00
2026-08-31 03:27:54 INFO:DUKASCRIPT:current timestamp :2026-07-15T13:30:00
2026-08-31 03:27:54 INFO:DUKASCRIPT:current timestamp :2026-08-13T11:00:00
2026-08-31 03:27:54 INFO:DUKASCRIPT:current timestamp :2026-08-31T03:00:00
2026-08-31 03:27:54 INFO:DUKASCRIPT:current timestamp :2025-08-25T21:00:00
2026-08-31 03:27:54 INFO:DUKASCRIPT:current timestamp :2025-09-23T19:45:00
2026-08-31 03:27:54 INFO:DUKASCRIPT:current timestamp :2025-10-22T18:00:00
2026-08-31 03:27:54 INFO:DUKASCRIPT:current timestamp :2025-11-20T16:30:00
2026-08-31 03:27:54 INFO:DUKASCRIPT:current timestamp :2025-12-19T15:45:00
2026-08-31 03:27:54 INFO:DUKASCRIPT:current timestamp :2026-01-21T08:45:00
2026-08-31 03:27:54 INFO:DUKASCRIPT:current timestamp :2026-02-19T06:45:00
2026-08-31 03:27:54 INFO:DUKASCRIPT:current timestamp :2026-03-20T02:45:00
2026-08-31 03:27:54 INFO:DUKASCRIPT:current timestamp :2026-04-20T02:45:00
2026-08-31 03:27:54 INFO:DUKASCRIPT:current timestamp :2026-05-19T01:45:00
2026-08-31 03:27:54 INFO:DUKASCRIPT:current timestamp :2026-06-17T00:45:00
2026-08-31 03:27:54 INFO:DUKASCRIPT:current timestamp :2026-07-16T00:00:00
2026-08-31 03:27:54 INFO:DUKASCRIPT:current timestamp :2026-08-13T23:30:00
2026-08-31 03:27:54 INFO:DUKASCRIPT:current timestamp :2026-08-31T03:00:00
2026-08-31 03:27:54 INFO:DUKASCRIPT:current timestamp :2025-08-25T21:45:00
2026-08-31 03:27:54 INFO:DUKASCRIPT:current timestamp :2025-09-23T21:00:00
2026-08-31 03:27:54 INFO:DUKASCRIPT:current timestamp :2025-10-22T20:00:00
2026-08-31 03:27:54 INFO:DUKASCRIPT:current timestamp :2025-11-20T17:00:00
2026-08-31 03:27:54 INFO:DUKASCRIPT:current timestamp :2025-12-19T15:00:00
2026-08-31 03:27:54 INFO:DUKASCRIPT:current timestamp :2026-01-21T09:15:00
2026-08-31 03:27:54 INFO:DUKASCRIPT:current timestamp :2026-02-19T06:45:00
2026-08-31 03:27:54 INFO:DUKASCRIPT:current timestamp :2026-03-20T02:30:00
2026-08-31 03:27:54 INFO:DUKASCRIPT:current timestamp :2026-04-20T01:00:00
2026-08-31 03:27:54 INFO:DUKASCRIPT:current timestamp :2026-05-18T23:00:00
2026-08-31 03:27:54 INFO:DUKASCRIPT:current timestamp :2026-06-16T21:45:00
2026-08-31 03:27:54 INFO:DUKASCRIPT:current timestamp :2026-07-15T20:15:00
2026-08-31 03:27:54 INFO:DUKASCRIPT:current timestamp :2026-08-13T18:45:00
2026-08-31 03:27:54 INFO:DUKASCRIPT:current timestamp :2026-08-31T03:00:00
2026-08-31 03:27:54 INFO:DUKASCRIPT:current timestamp :2025-08-25T20:00:00
2026-08-31 03:27:54 INFO:DUKASCRIPT:current timestamp :2025-09-23T16:45:00
2026-08-31 03:27:54 INFO:DUKASCRIPT:current timestamp :2025-10-22T13:30:00
2026-08-31 03:27:54 INFO:DUKASCRIPT:current timestamp :2025-11-20T10:00:00
2026-08-31 03:27:54 INFO:DUKASCRIPT:current timestamp :2025-12-19T06:45:00
2026-08-31 03:27:54 INFO:DUKASCRIPT:current timestamp :2026-01-20T23:45:00
2026-08-31 03:27:54 INFO:DUKASCRIPT:current timestamp :2026-02-18T21:30:00
2026-08-31 03:27:54 INFO:DUKASCRIPT:current timestamp :2026-03-19T17:45:00
2026-08-31 03:27:54 INFO:DUKASCRIPT:current timestamp :2026-04-17T17:00:00
2026-08-31 03:27:54 INFO:DUKASCRIPT:current timestamp :2026-05-18T15:30:00
2026-08-31 03:27:54 INFO:DUKASCRIPT:current timestamp :2026-06-16T14:00:00
2026-08-31 03:27:54 INFO:DUKASCRIPT:current timestamp :2026-07-15T13:15:00
2026-08-31 03:27:54 INFO:DUKASCRIPT:current timestamp :2026-08-13T12:45:00
2026-08-31 03:27:54 INFO:DUKASCRIPT:current timestamp :2026-08-31T03:00:00
2026-08-31 03:27:54 INFO:DUKASCRIPT:current timestamp :2025-10-06T16:45:00
2026-08-31 03:27:54 INFO:DUKASCRIPT:current timestamp :2026-01-07T11:00:00
2026-08-31 03:27:54 INFO:DUKASCRIPT:current timestamp :2026-03-25T08:55:00
2026-08-31 03:27:54 INFO:DUKASCRIPT:current timestamp :2026-06-03T18:30:00
2026-08-31 03:27:54 INFO:DUKASCRIPT:current timestamp :2026-08-14T18:00:00
2026-08-31 03:27:54 INFO:DUKASCRIPT:current timestamp :2026-08-28T21:55:00
2026-08-31 03:27:54 INFO:DUKASCRIPT:current timestamp :2025-10-06T11:20:00
2026-08-31 03:27:54 INFO:DUKASCRIPT:current timestamp :2025-12-17T16:25:00
2026-08-31 03:27:54 INFO:DUKASCRIPT:current timestamp :2026-03-03T21:30:00
2026-08-31 03:27:54 INFO:DUKASCRIPT:current timestamp :2026-05-01T13:20:00
2026-08-31 03:27:54 INFO:DUKASCRIPT:current timestamp :2026-07-13T15:20:00
2026-08-31 03:27:54 INFO:DUKASCRIPT:current timestamp :2026-08-31T03:20:00
2026-08-31 03:27:54 ERROR:tvDatafeed.main:error while signin
2026-08-31 03:27:54 WARNING:tvDatafeed.main:you are using nologin method, data you access may be limited
2026-08-31 03:27:54 INFO:DUKASCRIPT:current timestamp :2026-08-30T02:00:00
2026-08-31 03:27:54 INFO:DUKASCRIPT:current timestamp :2026-08-31T02:00:00
2026-08-31 03:27:54 INFO:DUKASCRIPT:current timestamp :2026-08-31T02:00:00
2026-08-31 03:27:54 INFO:DUKASCRIPT:current timestamp :2026-08-31T02:00:00
2026-08-31 03:27:54 INFO:DUKASCRIPT:current timestamp :2026-08-30T22:00:00
2026-08-31 03:27:54 INFO:DUKASCRIPT:current timestamp :2026-08-30T22:00:00
2026-08-31 03:27:54 INFO:DUKASCRIPT:current timestamp :2026-08-30T22:00:00
2026-08-31 03:27:54 INFO:DUKASCRIPT:current timestamp :2026-08-31T02:00:00
2026-08-31 03:27:54 INFO:DUKASCRIPT:current timestamp :2026-07-01T20:45:00
2026-08-31 03:27:54 INFO:DUKASCRIPT:current timestamp :2026-07-31T18:30:00
2026-08-31 03:27:54 INFO:DUKASCRIPT:current timestamp :2026-08-31T03:00:00
2026-08-31 03:27:54 INFO:DUKASCRIPT:current timestamp :2026-07-01T20:55:00
2026-08-31 03:27:54 INFO:DUKASCRIPT:current timestamp :2026-07-31T18:50:00
2026-08-31 03:27:54 INFO:DUKASCRIPT:current timestamp :2026-08-31T03:20:00
2026-08-31 03:27:54 INFO:DUKASCRIPT:current timestamp :2026-08-30T22:00:00
2026-08-31 03:27:54 INFO:DUKASCRIPT:current timestamp :2026-08-30T22:00:00
2026-08-31 03:27:54 INFO:DUKASCRIPT:current timestamp :2025-05-21T10:45:00
2026-08-31 03:27:54 INFO:DUKASCRIPT:current timestamp :2025-06-23T07:30:00
2026-08-31 03:27:54 INFO:DUKASCRIPT:current timestamp :2025-07-24T07:00:00
2026-08-31 03:27:54 INFO:DUKASCRIPT:current timestamp :2025-08-25T21:45:00
2026-08-31 03:27:54 INFO:DUKASCRIPT:current timestamp :2025-09-25T19:15:00
2026-08-31 03:27:54 INFO:DUKASCRIPT:current timestamp :2025-10-28T12:00:00
2026-08-31 03:27:54 INFO:DUKASCRIPT:current timestamp :2025-11-28T15:30:00
2026-08-31 03:27:54 INFO:DUKASCRIPT:current timestamp :2026-01-02T12:30:00
2026-08-31 03:27:54 INFO:DUKASCRIPT:current timestamp :2026-02-04T05:00:00
2026-08-31 03:27:54 INFO:DUKASCRIPT:current timestamp :2026-03-06T18:30:00
2026-08-31 03:27:54 INFO:DUKASCRIPT:current timestamp :2026-04-09T06:45:00
2026-08-31 03:27:54 INFO:DUKASCRIPT:current timestamp :2026-05-11T18:00:00
2026-08-31 03:27:54 INFO:DUKASCRIPT:current timestamp :2026-06-11T11:00:00
2026-08-31 03:27:54 INFO:DUKASCRIPT:current timestamp :2026-07-14T05:45:00
2026-08-31 03:27:54 INFO:DUKASCRIPT:current timestamp :2026-08-13T17:00:00
2026-08-31 03:27:54 INFO:DUKASCRIPT:current timestamp :2026-08-31T03:00:00
2026-08-31 03:27:54 INFO:DUKASCRIPT:current timestamp :2025-05-21T10:55:00
2026-08-31 03:27:54 INFO:DUKASCRIPT:current timestamp :2025-06-23T07:55:00
2026-08-31 03:27:54 INFO:DUKASCRIPT:current timestamp :2025-07-24T07:35:00
2026-08-31 03:27:54 INFO:DUKASCRIPT:current timestamp :2025-08-26T00:15:00
2026-08-31 03:27:54 INFO:DUKASCRIPT:current timestamp :2025-09-25T20:15:00
2026-08-31 03:27:54 INFO:DUKASCRIPT:current timestamp :2025-10-28T13:15:00
2026-08-31 03:27:54 INFO:DUKASCRIPT:current timestamp :2025-11-28T17:00:00
2026-08-31 03:27:54 INFO:DUKASCRIPT:current timestamp :2026-01-02T14:10:00
2026-08-31 03:27:54 INFO:DUKASCRIPT:current timestamp :2026-02-04T06:50:00
2026-08-31 03:27:54 INFO:DUKASCRIPT:current timestamp :2026-03-06T20:35:00
2026-08-31 03:27:54 INFO:DUKASCRIPT:current timestamp :2026-04-09T09:00:00
2026-08-31 03:27:54 INFO:DUKASCRIPT:current timestamp :2026-05-20T10:50:00
2026-08-31 03:27:54 INFO:DUKASCRIPT:current timestamp :2026-06-22T07:45:00
2026-08-31 03:27:54 INFO:DUKASCRIPT:current timestamp :2026-07-22T22:10:00
2026-08-31 03:27:54 INFO:DUKASCRIPT:current timestamp :2026-08-24T11:55:00
2026-08-31 03:27:54 INFO:DUKASCRIPT:current timestamp :2026-08-31T03:20:00
2026-08-31 03:27:54 INFO:DUKASCRIPT:current timestamp :2025-05-21T10:45:00
2026-08-31 03:27:54 INFO:DUKASCRIPT:current timestamp :2025-06-23T06:45:00
2026-08-31 03:27:54 INFO:DUKASCRIPT:current timestamp :2025-07-24T01:45:00
2026-08-31 03:27:54 INFO:DUKASCRIPT:current timestamp :2025-08-25T12:30:00
2026-08-31 03:27:54 INFO:DUKASCRIPT:current timestamp :2025-09-25T04:30:00
2026-08-31 03:27:54 INFO:DUKASCRIPT:current timestamp :2025-10-27T14:00:00
2026-08-31 03:27:54 INFO:DUKASCRIPT:current timestamp :2025-11-27T03:00:00
2026-08-31 03:27:54 INFO:DUKASCRIPT:current timestamp :2025-12-31T11:30:00
2026-08-31 03:27:54 INFO:DUKASCRIPT:current timestamp :2026-02-03T02:45:00
2026-08-31 03:27:54 INFO:DUKASCRIPT:current timestamp :2026-03-05T16:30:00
2026-08-31 03:27:54 INFO:DUKASCRIPT:current timestamp :2026-04-08T05:15:00
2026-08-31 03:27:54 INFO:DUKASCRIPT:current timestamp :2026-05-08T15:45:00
2026-08-31 03:27:54 INFO:DUKASCRIPT:current timestamp :2026-06-10T09:15:00
2026-08-31 03:27:54 INFO:DUKASCRIPT:current timestamp :2026-07-13T04:45:00
2026-08-31 03:27:54 INFO:DUKASCRIPT:current timestamp :2026-08-12T15:00:00
2026-08-31 03:27:54 INFO:DUKASCRIPT:current timestamp :2026-08-31T03:00:00
2026-08-31 03:27:54 INFO:DUKASCRIPT:current timestamp :2025-05-21T10:55:00
2026-08-31 03:27:54 INFO:DUKASCRIPT:current timestamp :2025-06-23T07:05:00
2026-08-31 03:27:54 INFO:DUKASCRIPT:current timestamp :2025-07-24T02:15:00
2026-08-31 03:27:54 INFO:DUKASCRIPT:current timestamp :2025-08-25T13:15:00
2026-08-31 03:27:54 INFO:DUKASCRIPT:current timestamp :2025-09-25T05:25:00
2026-08-31 03:27:54 INFO:DUKASCRIPT:current timestamp :2025-10-27T15:10:00
2026-08-31 03:27:54 INFO:DUKASCRIPT:current timestamp :2025-11-27T04:20:00
2026-08-31 03:27:54 INFO:DUKASCRIPT:current timestamp :2025-12-31T13:10:00
2026-08-31 03:27:54 INFO:DUKASCRIPT:current timestamp :2026-02-03T04:40:00
2026-08-31 03:27:54 INFO:DUKASCRIPT:current timestamp :2026-03-05T18:40:00
2026-08-31 03:27:54 INFO:DUKASCRIPT:current timestamp :2026-04-08T07:45:00
2026-08-31 03:27:54 INFO:DUKASCRIPT:current timestamp :2026-05-20T10:45:00
2026-08-31 03:27:54 INFO:DUKASCRIPT:current timestamp :2026-06-22T08:55:00
2026-08-31 03:27:54 INFO:DUKASCRIPT:current timestamp :2026-07-23T00:25:00
2026-08-31 03:27:54 INFO:DUKASCRIPT:current timestamp :2026-08-24T11:10:00
2026-08-31 03:27:54 INFO:DUKASCRIPT:current timestamp :2026-08-31T03:20:00
2026-08-31 03:27:54 INFO:DUKASCRIPT:current timestamp :2025-05-21T12:00:00
2026-08-31 03:27:54 INFO:DUKASCRIPT:current timestamp :2025-06-23T09:30:00
2026-08-31 03:27:54 INFO:DUKASCRIPT:current timestamp :2025-07-24T06:15:00
2026-08-31 03:27:54 INFO:DUKASCRIPT:current timestamp :2025-08-25T18:30:00
2026-08-31 03:27:54 INFO:DUKASCRIPT:current timestamp :2025-09-25T10:15:00
2026-08-31 03:27:54 INFO:DUKASCRIPT:current timestamp :2025-10-27T19:30:00
2026-08-31 03:27:54 INFO:DUKASCRIPT:current timestamp :2025-11-27T08:30:00
2026-08-31 03:27:54 INFO:DUKASCRIPT:current timestamp :2025-12-31T16:30:00
2026-08-31 03:27:54 INFO:DUKASCRIPT:current timestamp :2026-02-03T07:45:00
2026-08-31 03:27:54 INFO:DUKASCRIPT:current timestamp :2026-03-05T21:15:00
2026-08-31 03:27:54 INFO:DUKASCRIPT:current timestamp :2026-04-08T10:00:00
2026-08-31 03:27:54 INFO:DUKASCRIPT:current timestamp :2026-05-08T20:15:00
2026-08-31 03:27:54 INFO:DUKASCRIPT:current timestamp :2026-06-10T13:45:00
2026-08-31 03:27:54 INFO:DUKASCRIPT:current timestamp :2026-07-13T08:15:00
2026-08-31 03:27:54 INFO:DUKASCRIPT:current timestamp :2026-08-12T18:30:00
2026-08-31 03:27:54 INFO:DUKASCRIPT:current timestamp :2026-08-31T03:00:00
2026-08-31 03:27:54 INFO:DUKASCRIPT:current timestamp :2025-05-21T12:20:00
2026-08-31 03:27:54 INFO:DUKASCRIPT:current timestamp :2025-06-23T10:10:00
2026-08-31 03:27:54 INFO:DUKASCRIPT:current timestamp :2025-07-24T07:05:00
2026-08-31 03:27:54 INFO:DUKASCRIPT:current timestamp :2025-08-25T19:35:00
2026-08-31 03:27:54 INFO:DUKASCRIPT:current timestamp :2025-09-25T11:30:00
2026-08-31 03:27:54 INFO:DUKASCRIPT:current timestamp :2025-10-27T21:05:00
2026-08-31 03:27:54 INFO:DUKASCRIPT:current timestamp :2025-11-27T10:15:00
2026-08-31 03:27:54 INFO:DUKASCRIPT:current timestamp :2025-12-31T18:30:00
2026-08-31 03:27:54 INFO:DUKASCRIPT:current timestamp :2026-02-03T09:55:00
2026-08-31 03:27:54 INFO:DUKASCRIPT:current timestamp :2026-03-06T01:20:00
2026-08-31 03:27:54 INFO:DUKASCRIPT:current timestamp :2026-04-08T12:30:00
2026-08-31 03:27:54 INFO:DUKASCRIPT:current timestamp :2026-05-20T10:30:00
2026-08-31 03:27:54 INFO:DUKASCRIPT:current timestamp :2026-06-22T07:40:00
2026-08-31 03:27:54 INFO:DUKASCRIPT:current timestamp :2026-07-22T21:20:00
2026-08-31 03:27:54 INFO:DUKASCRIPT:current timestamp :2026-08-24T09:30:00
2026-08-31 03:27:54 INFO:DUKASCRIPT:current timestamp :2026-08-31T03:20:00
2026-08-31 03:27:54 {
2026-08-31 03:27:54   "date": "2026-08-31 01:25:07.958832",
2026-08-31 03:27:54   "equity": 99736.50903993986,
2026-08-31 03:27:54   "current_dd": -0.0026349096006014205,
2026-08-31 03:27:54   "kill_switch_active": false,
2026-08-31 03:27:54   "n_trades": 10
2026-08-31 03:27:54 }
2026-08-31 03:27:57 [main 847b960] EK Portfolio Bot: Snapshot 2026-08-31 03:27
2026-08-31 03:27:57  2 files changed, 234 insertions(+), 7 deletions(-)
2026-08-31 03:28:00 To https://github.com/AndrowDeluxe/Forex-Backtesting.git
2026-08-31 03:28:00    457fdac..847b960  main -> main
2026-08-31 03:28:00 Commit + Push erfolgreich.
2026-08-31 03:28:00 === EK-Portfolio-Task beendet ===
2026-08-31 15:24:19 === EK-Portfolio-Task gestartet ===
2026-08-31 15:36:51 INFO:DUKASCRIPT:current timestamp :2026-08-31T15:00:00
2026-08-31 15:36:51 INFO:DUKASCRIPT:current timestamp :2026-08-31T15:00:00
2026-08-31 15:36:51 INFO:DUKASCRIPT:current timestamp :2026-08-30T02:00:00
2026-08-31 15:36:51 INFO:DUKASCRIPT:current timestamp :2025-08-25T20:30:00
2026-08-31 15:36:51 INFO:DUKASCRIPT:current timestamp :2025-09-23T18:15:00
2026-08-31 15:36:51 INFO:DUKASCRIPT:current timestamp :2025-10-22T16:05:00
2026-08-31 15:36:51 INFO:DUKASCRIPT:current timestamp :2025-11-20T13:40:00
2026-08-31 15:36:51 INFO:DUKASCRIPT:current timestamp :2025-12-19T11:50:00
2026-08-31 15:36:51 INFO:DUKASCRIPT:current timestamp :2026-01-21T06:20:00
2026-08-31 15:36:51 INFO:DUKASCRIPT:current timestamp :2026-02-19T03:40:00
2026-08-31 15:36:51 INFO:DUKASCRIPT:current timestamp :2026-03-19T23:30:00
2026-08-31 15:36:51 INFO:DUKASCRIPT:current timestamp :2026-04-17T22:10:00
2026-08-31 15:36:51 INFO:DUKASCRIPT:current timestamp :2026-05-18T20:20:00
2026-08-31 15:36:51 INFO:DUKASCRIPT:current timestamp :2026-06-16T18:50:00
2026-08-31 15:36:51 INFO:DUKASCRIPT:current timestamp :2026-07-15T17:25:00
2026-08-31 15:36:51 INFO:DUKASCRIPT:current timestamp :2026-08-13T15:35:00
2026-08-31 15:36:51 INFO:DUKASCRIPT:current timestamp :2026-08-31T15:20:00
2026-08-31 15:36:51 INFO:DUKASCRIPT:current timestamp :2025-08-25T22:00:00
2026-08-31 15:36:51 INFO:DUKASCRIPT:current timestamp :2025-09-23T21:15:00
2026-08-31 15:36:51 INFO:DUKASCRIPT:current timestamp :2025-10-22T19:45:00
2026-08-31 15:36:51 INFO:DUKASCRIPT:current timestamp :2025-11-20T18:45:00
2026-08-31 15:36:51 INFO:DUKASCRIPT:current timestamp :2025-12-19T18:00:00
2026-08-31 15:36:51 INFO:DUKASCRIPT:current timestamp :2026-01-21T12:15:00
2026-08-31 15:36:51 INFO:DUKASCRIPT:current timestamp :2026-02-19T10:00:00
2026-08-31 15:36:51 INFO:DUKASCRIPT:current timestamp :2026-03-20T06:00:00
2026-08-31 15:36:51 INFO:DUKASCRIPT:current timestamp :2026-04-20T05:15:00
2026-08-31 15:36:51 INFO:DUKASCRIPT:current timestamp :2026-05-19T03:30:00
2026-08-31 15:36:51 INFO:DUKASCRIPT:current timestamp :2026-06-17T02:15:00
2026-08-31 15:36:51 INFO:DUKASCRIPT:current timestamp :2026-07-16T00:30:00
2026-08-31 15:36:51 INFO:DUKASCRIPT:current timestamp :2026-08-13T22:15:00
2026-08-31 15:36:51 INFO:DUKASCRIPT:current timestamp :2026-08-31T15:15:00
2026-08-31 15:36:51 INFO:DUKASCRIPT:current timestamp :2025-08-25T21:00:00
2026-08-31 15:36:51 INFO:DUKASCRIPT:current timestamp :2025-09-23T19:00:00
2026-08-31 15:36:51 INFO:DUKASCRIPT:current timestamp :2025-10-22T16:30:00
2026-08-31 15:36:51 INFO:DUKASCRIPT:current timestamp :2025-11-20T14:00:00
2026-08-31 15:36:51 INFO:DUKASCRIPT:current timestamp :2025-12-19T11:00:00
2026-08-31 15:36:51 INFO:DUKASCRIPT:current timestamp :2026-01-21T02:15:00
2026-08-31 15:36:51 INFO:DUKASCRIPT:current timestamp :2026-02-18T23:00:00
2026-08-31 15:36:51 INFO:DUKASCRIPT:current timestamp :2026-03-19T19:00:00
2026-08-31 15:36:51 INFO:DUKASCRIPT:current timestamp :2026-04-17T18:30:00
2026-08-31 15:36:51 INFO:DUKASCRIPT:current timestamp :2026-05-18T16:30:00
2026-08-31 15:36:51 INFO:DUKASCRIPT:current timestamp :2026-06-16T15:30:00
2026-08-31 15:36:51 INFO:DUKASCRIPT:current timestamp :2026-07-15T13:30:00
2026-08-31 15:36:51 INFO:DUKASCRIPT:current timestamp :2026-08-13T11:00:00
2026-08-31 15:36:51 INFO:DUKASCRIPT:current timestamp :2026-08-31T15:15:00
2026-08-31 15:36:51 INFO:DUKASCRIPT:current timestamp :2025-08-25T21:00:00
2026-08-31 15:36:51 INFO:DUKASCRIPT:current timestamp :2025-09-23T19:45:00
2026-08-31 15:36:51 INFO:DUKASCRIPT:current timestamp :2025-10-22T18:00:00
2026-08-31 15:36:51 INFO:DUKASCRIPT:current timestamp :2025-11-20T16:30:00
2026-08-31 15:36:51 INFO:DUKASCRIPT:current timestamp :2025-12-19T15:45:00
2026-08-31 15:36:51 INFO:DUKASCRIPT:current timestamp :2026-01-21T08:45:00
2026-08-31 15:36:51 INFO:DUKASCRIPT:current timestamp :2026-02-19T06:45:00
2026-08-31 15:36:51 INFO:DUKASCRIPT:current timestamp :2026-03-20T02:45:00
2026-08-31 15:36:51 INFO:DUKASCRIPT:current timestamp :2026-04-20T02:45:00
2026-08-31 15:36:51 INFO:DUKASCRIPT:current timestamp :2026-05-19T01:45:00
2026-08-31 15:36:51 INFO:DUKASCRIPT:current timestamp :2026-06-17T00:45:00
2026-08-31 15:36:51 INFO:DUKASCRIPT:current timestamp :2026-07-16T00:00:00
2026-08-31 15:36:51 INFO:DUKASCRIPT:current timestamp :2026-08-13T23:30:00
2026-08-31 15:36:51 INFO:DUKASCRIPT:current timestamp :2026-08-31T15:15:00
2026-08-31 15:36:51 INFO:DUKASCRIPT:current timestamp :2025-08-25T21:45:00
2026-08-31 15:36:51 INFO:DUKASCRIPT:current timestamp :2025-09-23T21:00:00
2026-08-31 15:36:51 INFO:DUKASCRIPT:current timestamp :2025-10-22T20:00:00
2026-08-31 15:36:51 INFO:DUKASCRIPT:current timestamp :2025-11-20T17:00:00
2026-08-31 15:36:51 INFO:DUKASCRIPT:current timestamp :2025-12-19T15:00:00
2026-08-31 15:36:51 INFO:DUKASCRIPT:current timestamp :2026-01-21T09:15:00
2026-08-31 15:36:51 INFO:DUKASCRIPT:current timestamp :2026-02-19T06:45:00
2026-08-31 15:36:51 INFO:DUKASCRIPT:current timestamp :2026-03-20T02:30:00
2026-08-31 15:36:51 INFO:DUKASCRIPT:current timestamp :2026-04-20T01:00:00
2026-08-31 15:36:51 INFO:DUKASCRIPT:current timestamp :2026-05-18T23:00:00
2026-08-31 15:36:51 INFO:DUKASCRIPT:current timestamp :2026-06-16T21:45:00
2026-08-31 15:36:51 INFO:DUKASCRIPT:current timestamp :2026-07-15T20:15:00
2026-08-31 15:36:51 INFO:DUKASCRIPT:current timestamp :2026-08-13T18:45:00
2026-08-31 15:36:51 INFO:DUKASCRIPT:current timestamp :2026-08-31T15:15:00
2026-08-31 15:36:51 INFO:DUKASCRIPT:current timestamp :2025-08-25T20:00:00
2026-08-31 15:36:51 INFO:DUKASCRIPT:current timestamp :2025-09-23T16:45:00
2026-08-31 15:36:51 INFO:DUKASCRIPT:current timestamp :2025-10-22T13:30:00
2026-08-31 15:36:51 INFO:DUKASCRIPT:current timestamp :2025-11-20T10:00:00
2026-08-31 15:36:51 INFO:DUKASCRIPT:current timestamp :2025-12-19T06:45:00
2026-08-31 15:36:51 INFO:DUKASCRIPT:current timestamp :2026-01-20T23:45:00
2026-08-31 15:36:51 INFO:DUKASCRIPT:current timestamp :2026-02-18T21:30:00
2026-08-31 15:36:51 INFO:DUKASCRIPT:current timestamp :2026-03-19T17:45:00
2026-08-31 15:36:51 INFO:DUKASCRIPT:current timestamp :2026-04-17T17:00:00
2026-08-31 15:36:51 INFO:DUKASCRIPT:current timestamp :2026-05-18T15:30:00
2026-08-31 15:36:51 INFO:DUKASCRIPT:current timestamp :2026-06-16T14:00:00
2026-08-31 15:36:51 INFO:DUKASCRIPT:current timestamp :2026-07-15T13:15:00
2026-08-31 15:36:51 INFO:DUKASCRIPT:current timestamp :2026-08-13T12:45:00
2026-08-31 15:36:51 INFO:DUKASCRIPT:current timestamp :2026-08-31T15:15:00
2026-08-31 15:36:51 INFO:DUKASCRIPT:current timestamp :2025-10-06T16:45:00
2026-08-31 15:36:51 INFO:DUKASCRIPT:current timestamp :2026-01-07T11:00:00
2026-08-31 15:36:51 INFO:DUKASCRIPT:current timestamp :2026-03-25T08:55:00
2026-08-31 15:36:51 INFO:DUKASCRIPT:current timestamp :2026-06-03T18:30:00
2026-08-31 15:36:51 INFO:DUKASCRIPT:current timestamp :2026-08-14T18:00:00
2026-08-31 15:36:51 INFO:DUKASCRIPT:current timestamp :2026-08-31T15:25:00
2026-08-31 15:36:51 INFO:DUKASCRIPT:current timestamp :2025-10-06T11:20:00
2026-08-31 15:36:51 INFO:DUKASCRIPT:current timestamp :2025-12-17T16:25:00
2026-08-31 15:36:51 INFO:DUKASCRIPT:current timestamp :2026-03-03T21:30:00
2026-08-31 15:36:51 INFO:DUKASCRIPT:current timestamp :2026-05-01T13:20:00
2026-08-31 15:36:51 INFO:DUKASCRIPT:current timestamp :2026-07-13T15:20:00
2026-08-31 15:36:51 INFO:DUKASCRIPT:current timestamp :2026-08-31T15:25:00
2026-08-31 15:36:51 INFO:DUKASCRIPT:current timestamp :2026-08-31T15:30:00
2026-08-31 15:36:51 ERROR:tvDatafeed.main:error while signin
2026-08-31 15:36:51 WARNING:tvDatafeed.main:you are using nologin method, data you access may be limited
2026-08-31 15:36:51 INFO:DUKASCRIPT:current timestamp :2026-08-30T02:00:00
2026-08-31 15:36:51 INFO:DUKASCRIPT:current timestamp :2026-08-31T14:00:00
2026-08-31 15:36:51 INFO:DUKASCRIPT:current timestamp :2026-08-31T14:00:00
2026-08-31 15:36:51 INFO:DUKASCRIPT:current timestamp :2026-08-31T14:00:00
2026-08-31 15:36:51 INFO:DUKASCRIPT:current timestamp :2026-08-31T10:00:00
2026-08-31 15:36:51 INFO:DUKASCRIPT:current timestamp :2026-08-31T10:00:00
2026-08-31 15:36:51 INFO:DUKASCRIPT:current timestamp :2026-08-31T10:00:00
2026-08-31 15:36:51 INFO:DUKASCRIPT:current timestamp :2026-08-31T14:00:00
2026-08-31 15:36:51 INFO:DUKASCRIPT:current timestamp :2026-07-01T20:45:00
2026-08-31 15:36:51 INFO:DUKASCRIPT:current timestamp :2026-07-31T18:30:00
2026-08-31 15:36:51 INFO:DUKASCRIPT:current timestamp :2026-08-31T15:15:00
2026-08-31 15:36:51 INFO:DUKASCRIPT:current timestamp :2026-07-01T20:55:00
2026-08-31 15:36:51 INFO:DUKASCRIPT:current timestamp :2026-07-31T18:50:00
2026-08-31 15:36:51 INFO:DUKASCRIPT:current timestamp :2026-08-31T15:30:00
2026-08-31 15:36:51 INFO:DUKASCRIPT:current timestamp :2026-08-31T10:00:00
2026-08-31 15:36:51 INFO:DUKASCRIPT:current timestamp :2026-08-31T10:00:00
2026-08-31 15:36:51 INFO:DUKASCRIPT:current timestamp :2025-05-21T10:45:00
2026-08-31 15:36:51 INFO:DUKASCRIPT:current timestamp :2025-06-23T07:30:00
2026-08-31 15:36:51 INFO:DUKASCRIPT:current timestamp :2025-07-24T07:00:00
2026-08-31 15:36:51 INFO:DUKASCRIPT:current timestamp :2025-08-25T21:45:00
2026-08-31 15:36:51 INFO:DUKASCRIPT:current timestamp :2025-09-25T19:15:00
2026-08-31 15:36:51 INFO:DUKASCRIPT:current timestamp :2025-10-28T12:00:00
2026-08-31 15:36:51 INFO:DUKASCRIPT:current timestamp :2025-11-28T15:30:00
2026-08-31 15:36:51 INFO:DUKASCRIPT:current timestamp :2026-01-02T12:30:00
2026-08-31 15:36:51 INFO:DUKASCRIPT:current timestamp :2026-02-04T05:00:00
2026-08-31 15:36:51 INFO:DUKASCRIPT:current timestamp :2026-03-06T18:30:00
2026-08-31 15:36:51 INFO:DUKASCRIPT:current timestamp :2026-04-09T06:45:00
2026-08-31 15:36:51 INFO:DUKASCRIPT:current timestamp :2026-05-11T18:00:00
2026-08-31 15:36:51 INFO:DUKASCRIPT:current timestamp :2026-06-11T11:00:00
2026-08-31 15:36:51 INFO:DUKASCRIPT:current timestamp :2026-07-14T05:45:00
2026-08-31 15:36:51 INFO:DUKASCRIPT:current timestamp :2026-08-13T17:00:00
2026-08-31 15:36:51 INFO:DUKASCRIPT:current timestamp :2026-08-31T15:15:00
2026-08-31 15:36:51 INFO:DUKASCRIPT:current timestamp :2025-05-21T10:55:00
2026-08-31 15:36:51 INFO:DUKASCRIPT:current timestamp :2025-06-23T07:55:00
2026-08-31 15:36:51 INFO:DUKASCRIPT:current timestamp :2025-07-24T07:35:00
2026-08-31 15:36:51 INFO:DUKASCRIPT:current timestamp :2025-08-26T00:15:00
2026-08-31 15:36:51 INFO:DUKASCRIPT:current timestamp :2025-09-25T20:15:00
2026-08-31 15:36:51 INFO:DUKASCRIPT:current timestamp :2025-10-28T13:15:00
2026-08-31 15:36:51 INFO:DUKASCRIPT:current timestamp :2025-11-28T17:00:00
2026-08-31 15:36:51 INFO:DUKASCRIPT:current timestamp :2026-01-02T14:10:00
2026-08-31 15:36:51 INFO:DUKASCRIPT:current timestamp :2026-02-04T06:50:00
2026-08-31 15:36:51 INFO:DUKASCRIPT:current timestamp :2026-03-06T20:35:00
2026-08-31 15:36:51 INFO:DUKASCRIPT:current timestamp :2026-04-09T09:00:00
2026-08-31 15:36:51 INFO:DUKASCRIPT:current timestamp :2026-05-20T10:50:00
2026-08-31 15:36:51 INFO:DUKASCRIPT:current timestamp :2026-06-22T07:45:00
2026-08-31 15:36:51 INFO:DUKASCRIPT:current timestamp :2026-07-22T22:10:00
2026-08-31 15:36:51 INFO:DUKASCRIPT:current timestamp :2026-08-24T11:55:00
2026-08-31 15:36:51 INFO:DUKASCRIPT:current timestamp :2026-08-31T15:30:00
2026-08-31 15:36:51 INFO:DUKASCRIPT:current timestamp :2025-05-21T10:45:00
2026-08-31 15:36:51 INFO:DUKASCRIPT:current timestamp :2025-06-23T06:45:00
2026-08-31 15:36:51 INFO:DUKASCRIPT:current timestamp :2025-07-24T01:45:00
2026-08-31 15:36:51 INFO:DUKASCRIPT:current timestamp :2025-08-25T12:30:00
2026-08-31 15:36:51 INFO:DUKASCRIPT:current timestamp :2025-09-25T04:30:00
2026-08-31 15:36:51 INFO:DUKASCRIPT:current timestamp :2025-10-27T14:00:00
2026-08-31 15:36:51 INFO:DUKASCRIPT:current timestamp :2025-11-27T03:00:00
2026-08-31 15:36:51 INFO:DUKASCRIPT:current timestamp :2025-12-31T11:30:00
2026-08-31 15:36:51 INFO:DUKASCRIPT:current timestamp :2026-02-03T02:45:00
2026-08-31 15:36:51 INFO:DUKASCRIPT:current timestamp :2026-03-05T16:30:00
2026-08-31 15:36:51 INFO:DUKASCRIPT:current timestamp :2026-04-08T05:15:00
2026-08-31 15:36:51 INFO:DUKASCRIPT:current timestamp :2026-05-08T15:45:00
2026-08-31 15:36:51 INFO:DUKASCRIPT:current timestamp :2026-06-10T09:15:00
2026-08-31 15:36:51 INFO:DUKASCRIPT:current timestamp :2026-07-13T04:45:00
2026-08-31 15:36:51 INFO:DUKASCRIPT:current timestamp :2025-05-21T10:45:00
2026-08-31 15:36:51 INFO:DUKASCRIPT:current timestamp :2025-06-23T06:45:00
2026-08-31 15:36:51 INFO:DUKASCRIPT:current timestamp :2025-07-24T01:45:00
2026-08-31 15:36:51 INFO:DUKASCRIPT:current timestamp :2025-08-25T12:30:00
2026-08-31 15:36:51 INFO:DUKASCRIPT:current timestamp :2025-09-25T04:30:00
2026-08-31 15:36:51 INFO:DUKASCRIPT:current timestamp :2025-10-27T14:00:00
2026-08-31 15:36:51 INFO:DUKASCRIPT:current timestamp :2025-11-27T03:00:00
2026-08-31 15:36:51 INFO:DUKASCRIPT:current timestamp :2025-12-31T11:30:00
2026-08-31 15:36:51 INFO:DUKASCRIPT:current timestamp :2026-02-03T02:45:00
2026-08-31 15:36:51 INFO:DUKASCRIPT:current timestamp :2026-03-05T16:30:00
2026-08-31 15:36:51 INFO:DUKASCRIPT:current timestamp :2026-04-08T05:15:00
2026-08-31 15:36:51 INFO:DUKASCRIPT:current timestamp :2026-05-08T15:45:00
2026-08-31 15:36:51 INFO:DUKASCRIPT:current timestamp :2026-06-10T09:15:00
2026-08-31 15:36:51 INFO:DUKASCRIPT:current timestamp :2026-07-13T04:45:00
2026-08-31 15:36:51 INFO:DUKASCRIPT:current timestamp :2026-08-12T15:00:00
2026-08-31 15:36:51 INFO:DUKASCRIPT:current timestamp :2026-08-31T15:15:00
2026-08-31 15:36:51 INFO:DUKASCRIPT:current timestamp :2025-05-21T10:55:00
2026-08-31 15:36:51 INFO:DUKASCRIPT:current timestamp :2025-06-23T07:05:00
2026-08-31 15:36:51 INFO:DUKASCRIPT:current timestamp :2025-07-24T02:15:00
2026-08-31 15:36:51 INFO:DUKASCRIPT:current timestamp :2025-08-25T13:15:00
2026-08-31 15:36:51 INFO:DUKASCRIPT:current timestamp :2025-09-25T05:25:00
2026-08-31 15:36:51 INFO:DUKASCRIPT:current timestamp :2025-10-27T15:10:00
2026-08-31 15:36:51 INFO:DUKASCRIPT:current timestamp :2025-11-27T04:20:00
2026-08-31 15:36:51 INFO:DUKASCRIPT:current timestamp :2025-12-31T13:10:00
2026-08-31 15:36:51 INFO:DUKASCRIPT:current timestamp :2026-02-03T04:40:00
2026-08-31 15:36:51 INFO:DUKASCRIPT:current timestamp :2026-03-05T18:40:00
2026-08-31 15:36:51 INFO:DUKASCRIPT:current timestamp :2026-04-08T07:45:00
2026-08-31 15:36:51 INFO:DUKASCRIPT:current timestamp :2026-05-20T10:45:00
2026-08-31 15:36:51 INFO:DUKASCRIPT:current timestamp :2026-06-22T08:55:00
2026-08-31 15:36:51 INFO:DUKASCRIPT:current timestamp :2026-07-23T00:25:00
2026-08-31 15:36:51 INFO:DUKASCRIPT:current timestamp :2026-08-24T11:10:00
2026-08-31 15:36:51 INFO:DUKASCRIPT:current timestamp :2026-08-31T15:30:00
2026-08-31 15:36:51 INFO:DUKASCRIPT:current timestamp :2025-05-21T12:00:00
2026-08-31 15:36:51 INFO:DUKASCRIPT:current timestamp :2025-06-23T09:30:00
2026-08-31 15:36:51 INFO:DUKASCRIPT:current timestamp :2025-07-24T06:15:00
2026-08-31 15:36:51 INFO:DUKASCRIPT:current timestamp :2025-08-25T18:30:00
2026-08-31 15:36:51 INFO:DUKASCRIPT:current timestamp :2025-09-25T10:15:00
2026-08-31 15:36:51 INFO:DUKASCRIPT:current timestamp :2025-10-27T19:30:00
2026-08-31 15:36:51 INFO:DUKASCRIPT:current timestamp :2025-11-27T08:30:00
2026-08-31 15:36:51 INFO:DUKASCRIPT:current timestamp :2025-12-31T16:30:00
2026-08-31 15:36:51 INFO:DUKASCRIPT:current timestamp :2026-02-03T07:45:00
2026-08-31 15:36:51 INFO:DUKASCRIPT:current timestamp :2026-03-05T21:15:00
2026-08-31 15:36:51 INFO:DUKASCRIPT:current timestamp :2026-04-08T10:00:00
2026-08-31 15:36:51 INFO:DUKASCRIPT:current timestamp :2026-05-08T20:15:00
2026-08-31 15:36:51 INFO:DUKASCRIPT:current timestamp :2026-06-10T13:45:00
2026-08-31 15:36:51 INFO:DUKASCRIPT:current timestamp :2026-07-13T08:15:00
2026-08-31 15:36:51 INFO:DUKASCRIPT:current timestamp :2026-08-12T18:30:00
2026-08-31 15:36:51 INFO:DUKASCRIPT:current timestamp :2026-08-31T15:15:00
2026-08-31 15:36:51 INFO:DUKASCRIPT:current timestamp :2025-05-21T12:20:00
2026-08-31 15:36:51 INFO:DUKASCRIPT:current timestamp :2025-06-23T10:10:00
2026-08-31 15:36:51 INFO:DUKASCRIPT:current timestamp :2025-07-24T07:05:00
2026-08-31 15:36:51 INFO:DUKASCRIPT:current timestamp :2025-08-25T19:35:00
2026-08-31 15:36:51 INFO:DUKASCRIPT:current timestamp :2025-09-25T11:30:00
2026-08-31 15:36:51 INFO:DUKASCRIPT:current timestamp :2025-10-27T21:05:00
2026-08-31 15:36:51 INFO:DUKASCRIPT:current timestamp :2025-11-27T10:15:00
2026-08-31 15:36:51 INFO:DUKASCRIPT:current timestamp :2025-12-31T18:30:00
2026-08-31 15:36:51 INFO:DUKASCRIPT:current timestamp :2026-02-03T09:55:00
2026-08-31 15:36:51 INFO:DUKASCRIPT:current timestamp :2026-03-06T01:20:00
2026-08-31 15:36:51 INFO:DUKASCRIPT:current timestamp :2026-04-08T12:30:00
2026-08-31 15:36:51 INFO:DUKASCRIPT:current timestamp :2026-05-20T10:30:00
2026-08-31 15:36:51 INFO:DUKASCRIPT:current timestamp :2026-06-22T07:40:00
2026-08-31 15:36:51 INFO:DUKASCRIPT:current timestamp :2026-07-22T21:20:00
2026-08-31 15:36:51 INFO:DUKASCRIPT:current timestamp :2026-08-24T09:30:00
2026-08-31 15:36:51 INFO:DUKASCRIPT:current timestamp :2026-08-31T15:30:00
2026-08-31 15:36:51 {
2026-08-31 15:36:51   "date": "2026-08-31 13:24:26.851607",
2026-08-31 15:36:51   "equity": 99698.20740124342,
2026-08-31 15:36:51   "current_dd": -0.003017925987565784,
2026-08-31 15:36:51   "kill_switch_active": false,
2026-08-31 15:36:51   "n_trades": 10
2026-08-31 15:36:51 }
2026-08-31 15:36:51 ---
2026-08-31 15:36:51 [EK Portfolio] ­ƒö¦ EXIT CTNL Reversal (stop) R=-1.21
2026-08-31 15:36:51 ---
2026-08-31 15:36:51 [EK Portfolio] ­ƒö¦ EXIT CTNL Reversal (stop) R=-1.31
2026-08-31 15:36:51 ---
2026-08-31 15:36:51 [EK Portfolio] ­ƒö¦ EXIT CTNL Reversal (stop) R=-1.33
2026-08-31 15:36:51 [main c0d6a16] EK Portfolio Bot: Snapshot 2026-08-31 15:36
2026-08-31 15:36:51  3 files changed, 263 insertions(+), 14 deletions(-)
2026-08-31 15:36:54 To https://github.com/AndrowDeluxe/Forex-Backtesting.git
2026-08-31 15:36:54    ece8b0d..c0d6a16  main -> main
2026-08-31 15:36:54 Commit + Push erfolgreich.
2026-08-31 15:36:54 === EK-Portfolio-Task beendet ===
2026-08-31 16:25:04 === EK-Portfolio-Task gestartet ===
2026-08-31 16:40:25 INFO:DUKASCRIPT:current timestamp :2026-08-31T16:00:00
2026-08-31 16:40:25 INFO:DUKASCRIPT:current timestamp :2026-08-31T16:00:00
2026-08-31 16:40:25 INFO:DUKASCRIPT:current timestamp :2026-08-30T02:00:00
2026-08-31 16:40:25 INFO:DUKASCRIPT:current timestamp :2025-08-25T20:30:00
2026-08-31 16:40:25 INFO:DUKASCRIPT:current timestamp :2025-09-23T18:15:00
2026-08-31 16:40:25 INFO:DUKASCRIPT:current timestamp :2025-10-22T16:05:00
2026-08-31 16:40:25 INFO:DUKASCRIPT:current timestamp :2025-11-20T13:40:00
2026-08-31 16:40:25 INFO:DUKASCRIPT:current timestamp :2025-12-19T11:50:00
2026-08-31 16:40:25 INFO:DUKASCRIPT:current timestamp :2026-01-21T06:20:00
2026-08-31 16:40:26 INFO:DUKASCRIPT:current timestamp :2026-02-19T03:40:00
2026-08-31 16:40:26 INFO:DUKASCRIPT:current timestamp :2026-03-19T23:30:00
2026-08-31 16:40:26 INFO:DUKASCRIPT:current timestamp :2026-04-17T22:10:00
2026-08-31 16:40:26 INFO:DUKASCRIPT:current timestamp :2026-05-18T20:20:00
2026-08-31 16:40:26 INFO:DUKASCRIPT:current timestamp :2026-06-16T18:50:00
2026-08-31 16:40:26 INFO:DUKASCRIPT:current timestamp :2026-07-15T17:25:00
2026-08-31 16:40:26 INFO:DUKASCRIPT:current timestamp :2026-08-13T15:35:00
2026-08-31 16:40:26 INFO:DUKASCRIPT:current timestamp :2026-08-31T16:20:00
2026-08-31 16:40:26 INFO:DUKASCRIPT:current timestamp :2025-08-25T22:00:00
2026-08-31 16:40:26 INFO:DUKASCRIPT:current timestamp :2025-09-23T21:15:00
2026-08-31 16:40:26 INFO:DUKASCRIPT:current timestamp :2025-10-22T19:45:00
2026-08-31 16:40:26 INFO:DUKASCRIPT:current timestamp :2025-11-20T18:45:00
2026-08-31 16:40:26 INFO:DUKASCRIPT:current timestamp :2025-12-19T18:00:00
2026-08-31 16:40:26 INFO:DUKASCRIPT:current timestamp :2026-01-21T12:15:00
2026-08-31 16:40:26 INFO:DUKASCRIPT:current timestamp :2026-02-19T10:00:00
2026-08-31 16:40:26 INFO:DUKASCRIPT:current timestamp :2026-03-20T06:00:00
2026-08-31 16:40:26 INFO:DUKASCRIPT:current timestamp :2026-04-20T05:15:00
2026-08-31 16:40:26 INFO:DUKASCRIPT:current timestamp :2026-05-19T03:30:00
2026-08-31 16:40:26 INFO:DUKASCRIPT:current timestamp :2026-06-17T02:15:00
2026-08-31 16:40:26 INFO:DUKASCRIPT:current timestamp :2026-07-16T00:30:00
2026-08-31 16:40:26 INFO:DUKASCRIPT:current timestamp :2026-08-13T22:15:00
2026-08-31 16:40:26 INFO:DUKASCRIPT:current timestamp :2026-08-31T16:00:00
2026-08-31 16:40:26 INFO:DUKASCRIPT:current timestamp :2025-08-25T21:00:00
2026-08-31 16:40:26 INFO:DUKASCRIPT:current timestamp :2025-09-23T19:00:00
2026-08-31 16:40:26 INFO:DUKASCRIPT:current timestamp :2025-10-22T16:30:00
2026-08-31 16:40:26 INFO:DUKASCRIPT:current timestamp :2025-11-20T14:00:00
2026-08-31 16:40:26 INFO:DUKASCRIPT:current timestamp :2025-12-19T11:00:00
2026-08-31 16:40:26 INFO:DUKASCRIPT:current timestamp :2026-01-21T02:15:00
2026-08-31 16:40:26 INFO:DUKASCRIPT:current timestamp :2026-02-18T23:00:00
2026-08-31 16:40:26 INFO:DUKASCRIPT:current timestamp :2026-03-19T19:00:00
2026-08-31 16:40:26 INFO:DUKASCRIPT:current timestamp :2026-04-17T18:30:00
2026-08-31 16:40:26 INFO:DUKASCRIPT:current timestamp :2026-05-18T16:30:00
2026-08-31 16:40:26 INFO:DUKASCRIPT:current timestamp :2026-06-16T15:30:00
2026-08-31 16:40:26 INFO:DUKASCRIPT:current timestamp :2026-07-15T13:30:00
2026-08-31 16:40:26 INFO:DUKASCRIPT:current timestamp :2026-08-13T11:00:00
2026-08-31 16:40:26 INFO:DUKASCRIPT:current timestamp :2026-08-31T16:00:00
2026-08-31 16:40:26 INFO:DUKASCRIPT:current timestamp :2025-08-25T21:00:00
2026-08-31 16:40:26 INFO:DUKASCRIPT:current timestamp :2025-09-23T19:45:00
2026-08-31 16:40:26 INFO:DUKASCRIPT:current timestamp :2025-10-22T18:00:00
2026-08-31 16:40:26 INFO:DUKASCRIPT:current timestamp :2025-11-20T16:30:00
2026-08-31 16:40:26 INFO:DUKASCRIPT:current timestamp :2025-12-19T15:45:00
2026-08-31 16:40:26 INFO:DUKASCRIPT:current timestamp :2026-01-21T08:45:00
2026-08-31 16:40:26 INFO:DUKASCRIPT:current timestamp :2026-02-19T06:45:00
2026-08-31 16:40:26 INFO:DUKASCRIPT:current timestamp :2026-03-20T02:45:00
2026-08-31 16:40:26 INFO:DUKASCRIPT:current timestamp :2026-04-20T02:45:00
2026-08-31 16:40:26 INFO:DUKASCRIPT:current timestamp :2026-05-19T01:45:00
2026-08-31 16:40:26 INFO:DUKASCRIPT:current timestamp :2026-06-17T00:45:00
2026-08-31 16:40:26 INFO:DUKASCRIPT:current timestamp :2026-07-16T00:00:00
2026-08-31 16:40:26 INFO:DUKASCRIPT:current timestamp :2026-08-13T23:30:00
2026-08-31 16:40:26 INFO:DUKASCRIPT:current timestamp :2026-08-31T16:00:00
2026-08-31 16:40:26 INFO:DUKASCRIPT:current timestamp :2025-08-25T21:45:00
2026-08-31 16:40:26 INFO:DUKASCRIPT:current timestamp :2025-09-23T21:00:00
2026-08-31 16:40:26 INFO:DUKASCRIPT:current timestamp :2025-10-22T20:00:00
2026-08-31 16:40:26 INFO:DUKASCRIPT:current timestamp :2025-11-20T17:00:00
2026-08-31 16:40:26 INFO:DUKASCRIPT:current timestamp :2025-12-19T15:00:00
2026-08-31 16:40:26 INFO:DUKASCRIPT:current timestamp :2026-01-21T09:15:00
2026-08-31 16:40:26 INFO:DUKASCRIPT:current timestamp :2026-02-19T06:45:00
2026-08-31 16:40:26 INFO:DUKASCRIPT:current timestamp :2026-03-20T02:30:00
2026-08-31 16:40:26 INFO:DUKASCRIPT:current timestamp :2026-04-20T01:00:00
2026-08-31 16:40:26 INFO:DUKASCRIPT:current timestamp :2026-05-18T23:00:00
2026-08-31 16:40:26 INFO:DUKASCRIPT:current timestamp :2026-06-16T21:45:00
2026-08-31 16:40:26 INFO:DUKASCRIPT:current timestamp :2026-07-15T20:15:00
2026-08-31 16:40:26 INFO:DUKASCRIPT:current timestamp :2026-08-13T18:45:00
2026-08-31 16:40:26 INFO:DUKASCRIPT:current timestamp :2026-08-31T16:00:00
2026-08-31 16:40:26 INFO:DUKASCRIPT:current timestamp :2025-08-25T20:00:00
2026-08-31 16:40:26 INFO:DUKASCRIPT:current timestamp :2025-09-23T16:45:00
2026-08-31 16:40:26 INFO:DUKASCRIPT:current timestamp :2025-10-22T13:30:00
2026-08-31 16:40:26 INFO:DUKASCRIPT:current timestamp :2025-11-20T10:00:00
2026-08-31 16:40:26 INFO:DUKASCRIPT:current timestamp :2025-12-19T06:45:00
2026-08-31 16:40:26 INFO:DUKASCRIPT:current timestamp :2026-01-20T23:45:00
2026-08-31 16:40:26 INFO:DUKASCRIPT:current timestamp :2026-02-18T21:30:00
2026-08-31 16:40:26 INFO:DUKASCRIPT:current timestamp :2026-03-19T17:45:00
2026-08-31 16:40:26 INFO:DUKASCRIPT:current timestamp :2026-04-17T17:00:00
2026-08-31 16:40:26 INFO:DUKASCRIPT:current timestamp :2026-05-18T15:30:00
2026-08-31 16:40:26 INFO:DUKASCRIPT:current timestamp :2026-06-16T14:00:00
2026-08-31 16:40:26 INFO:DUKASCRIPT:current timestamp :2026-07-15T13:15:00
2026-08-31 16:40:26 INFO:DUKASCRIPT:current timestamp :2026-08-13T12:45:00
2026-08-31 16:40:26 INFO:DUKASCRIPT:current timestamp :2026-08-31T16:00:00
2026-08-31 16:40:26 INFO:DUKASCRIPT:current timestamp :2025-10-06T16:45:00
2026-08-31 16:40:26 INFO:DUKASCRIPT:current timestamp :2026-01-07T11:00:00
2026-08-31 16:40:26 INFO:DUKASCRIPT:current timestamp :2026-03-25T08:55:00
2026-08-31 16:40:26 INFO:DUKASCRIPT:current timestamp :2026-06-03T18:30:00
2026-08-31 16:40:26 INFO:DUKASCRIPT:current timestamp :2026-08-14T18:00:00
2026-08-31 16:40:26 INFO:DUKASCRIPT:current timestamp :2026-08-31T16:20:00
2026-08-31 16:40:26 INFO:DUKASCRIPT:current timestamp :2025-10-06T11:20:00
2026-08-31 16:40:26 INFO:DUKASCRIPT:current timestamp :2025-12-17T16:25:00
2026-08-31 16:40:26 INFO:DUKASCRIPT:current timestamp :2026-03-03T21:30:00
2026-08-31 16:40:26 INFO:DUKASCRIPT:current timestamp :2026-05-01T13:20:00
2026-08-31 16:40:26 INFO:DUKASCRIPT:current timestamp :2026-07-13T15:20:00
2026-08-31 16:40:26 INFO:DUKASCRIPT:current timestamp :2026-08-31T16:20:00
2026-08-31 16:40:26 ERROR:tvDatafeed.main:error while signin
2026-08-31 16:40:26 WARNING:tvDatafeed.main:you are using nologin method, data you access may be limited
2026-08-31 16:40:26 INFO:DUKASCRIPT:current timestamp :2026-08-30T02:00:00
2026-08-31 16:40:26 INFO:DUKASCRIPT:current timestamp :2026-08-31T15:00:00
2026-08-31 16:40:26 INFO:DUKASCRIPT:current timestamp :2026-08-31T15:00:00
2026-08-31 16:40:26 INFO:DUKASCRIPT:current timestamp :2026-08-31T15:00:00
2026-08-31 16:40:26 INFO:DUKASCRIPT:current timestamp :2026-08-31T10:00:00
2026-08-31 16:40:26 INFO:DUKASCRIPT:current timestamp :2026-08-31T10:00:00
2026-08-31 16:40:26 INFO:DUKASCRIPT:current timestamp :2026-08-31T10:00:00
2026-08-31 16:40:26 INFO:DUKASCRIPT:current timestamp :2026-08-31T15:00:00
2026-08-31 16:40:26 INFO:DUKASCRIPT:current timestamp :2026-07-01T20:45:00
2026-08-31 16:40:26 INFO:DUKASCRIPT:current timestamp :2026-07-31T18:30:00
2026-08-31 16:40:26 INFO:DUKASCRIPT:current timestamp :2026-08-31T16:15:00
2026-08-31 16:40:26 INFO:DUKASCRIPT:current timestamp :2026-07-01T20:55:00
2026-08-31 16:40:26 INFO:DUKASCRIPT:current timestamp :2026-07-31T18:50:00
2026-08-31 16:40:26 INFO:DUKASCRIPT:current timestamp :2026-08-31T16:25:00
2026-08-31 16:40:26 INFO:DUKASCRIPT:current timestamp :2026-08-31T10:00:00
2026-08-31 16:40:26 INFO:DUKASCRIPT:current timestamp :2026-08-31T10:00:00
2026-08-31 16:40:26 INFO:DUKASCRIPT:current timestamp :2025-05-21T10:45:00
2026-08-31 16:40:26 INFO:DUKASCRIPT:current timestamp :2025-06-23T07:30:00
2026-08-31 16:40:26 INFO:DUKASCRIPT:current timestamp :2025-07-24T07:00:00
2026-08-31 16:40:26 INFO:DUKASCRIPT:current timestamp :2025-08-25T21:45:00
2026-08-31 16:40:26 INFO:DUKASCRIPT:current timestamp :2025-09-25T19:15:00
2026-08-31 16:40:26 INFO:DUKASCRIPT:current timestamp :2025-10-28T12:00:00
2026-08-31 16:40:26 INFO:DUKASCRIPT:current timestamp :2025-11-28T15:30:00
2026-08-31 16:40:26 INFO:DUKASCRIPT:current timestamp :2026-01-02T12:30:00
2026-08-31 16:40:26 INFO:DUKASCRIPT:current timestamp :2026-02-04T05:00:00
2026-08-31 16:40:26 INFO:DUKASCRIPT:current timestamp :2026-03-06T18:30:00
2026-08-31 16:40:26 INFO:DUKASCRIPT:current timestamp :2026-04-09T06:45:00
2026-08-31 16:40:26 INFO:DUKASCRIPT:current timestamp :2026-05-11T18:00:00
2026-08-31 16:40:26 INFO:DUKASCRIPT:current timestamp :2026-06-11T11:00:00
2026-08-31 16:40:26 INFO:DUKASCRIPT:current timestamp :2026-07-14T05:45:00
2026-08-31 16:40:26 INFO:DUKASCRIPT:current timestamp :2026-08-13T17:00:00
2026-08-31 16:40:26 INFO:DUKASCRIPT:current timestamp :2026-08-31T16:15:00
2026-08-31 16:40:26 INFO:DUKASCRIPT:current timestamp :2025-05-21T10:55:00
2026-08-31 16:40:26 INFO:DUKASCRIPT:current timestamp :2025-06-23T07:55:00
2026-08-31 16:40:26 INFO:DUKASCRIPT:current timestamp :2025-07-24T07:35:00
2026-08-31 16:40:26 INFO:DUKASCRIPT:current timestamp :2025-08-26T00:15:00
2026-08-31 16:40:26 INFO:DUKASCRIPT:current timestamp :2025-09-25T20:15:00
2026-08-31 16:40:26 INFO:DUKASCRIPT:current timestamp :2025-10-28T13:15:00
2026-08-31 16:40:26 INFO:DUKASCRIPT:current timestamp :2025-11-28T17:00:00
2026-08-31 16:40:26 INFO:DUKASCRIPT:current timestamp :2026-01-02T14:10:00
2026-08-31 16:40:26 INFO:DUKASCRIPT:current timestamp :2026-02-04T06:50:00
2026-08-31 16:40:26 INFO:DUKASCRIPT:current timestamp :2026-03-06T20:35:00
2026-08-31 16:40:26 INFO:DUKASCRIPT:current timestamp :2026-04-09T09:00:00
2026-08-31 16:40:26 INFO:DUKASCRIPT:current timestamp :2026-05-20T10:50:00
2026-08-31 16:40:26 INFO:DUKASCRIPT:current timestamp :2026-06-22T07:45:00
2026-08-31 16:40:26 INFO:DUKASCRIPT:current timestamp :2026-07-22T22:10:00
2026-08-31 16:40:26 INFO:DUKASCRIPT:current timestamp :2026-08-24T11:55:00
2026-08-31 16:40:26 INFO:DUKASCRIPT:current timestamp :2026-08-31T16:25:00
2026-08-31 16:40:26 INFO:DUKASCRIPT:current timestamp :2025-05-21T10:45:00
2026-08-31 16:40:26 INFO:DUKASCRIPT:current timestamp :2025-06-23T06:45:00
2026-08-31 16:40:26 INFO:DUKASCRIPT:current timestamp :2025-07-24T01:45:00
2026-08-31 16:40:26 INFO:DUKASCRIPT:current timestamp :2025-08-25T12:30:00
2026-08-31 16:40:26 INFO:DUKASCRIPT:current timestamp :2025-09-25T04:30:00
2026-08-31 16:40:26 INFO:DUKASCRIPT:current timestamp :2025-10-27T14:00:00
2026-08-31 16:40:26 INFO:DUKASCRIPT:current timestamp :2025-11-27T03:00:00
2026-08-31 16:40:26 INFO:DUKASCRIPT:current timestamp :2025-12-31T11:30:00
2026-08-31 16:40:26 INFO:DUKASCRIPT:current timestamp :2026-02-03T02:45:00
2026-08-31 16:40:26 INFO:DUKASCRIPT:current timestamp :2026-03-05T16:30:00
2026-08-31 16:40:26 INFO:DUKASCRIPT:current timestamp :2026-04-08T05:15:00
2026-08-31 16:40:26 INFO:DUKASCRIPT:current timestamp :2026-05-08T15:45:00
2026-08-31 16:40:26 INFO:DUKASCRIPT:current timestamp :2026-06-10T09:15:00
2026-08-31 16:40:26 INFO:DUKASCRIPT:current timestamp :2026-07-13T04:45:00
2026-08-31 16:40:26 INFO:DUKASCRIPT:current timestamp :2026-08-12T15:00:00
2026-08-31 16:40:26 INFO:DUKASCRIPT:current timestamp :2026-08-31T16:15:00
2026-08-31 16:40:26 INFO:DUKASCRIPT:current timestamp :2025-05-21T10:55:00
2026-08-31 16:40:26 INFO:DUKASCRIPT:current timestamp :2025-06-23T07:05:00
2026-08-31 16:40:26 INFO:DUKASCRIPT:current timestamp :2025-07-24T02:15:00
2026-08-31 16:40:26 INFO:DUKASCRIPT:current timestamp :2025-08-25T13:15:00
2026-08-31 16:40:26 INFO:DUKASCRIPT:current timestamp :2025-09-25T05:25:00
2026-08-31 16:40:26 INFO:DUKASCRIPT:current timestamp :2025-10-27T15:10:00
2026-08-31 16:40:26 INFO:DUKASCRIPT:current timestamp :2025-11-27T04:20:00
2026-08-31 16:40:26 INFO:DUKASCRIPT:current timestamp :2025-12-31T13:10:00
2026-08-31 16:40:26 INFO:DUKASCRIPT:current timestamp :2026-02-03T04:40:00
2026-08-31 16:40:26 INFO:DUKASCRIPT:current timestamp :2026-03-05T18:40:00
2026-08-31 16:40:26 INFO:DUKASCRIPT:current timestamp :2026-04-08T07:45:00
2026-08-31 16:40:26 INFO:DUKASCRIPT:current timestamp :2026-05-20T10:45:00
2026-08-31 16:40:26 INFO:DUKASCRIPT:current timestamp :2026-06-22T08:55:00
2026-08-31 16:40:26 INFO:DUKASCRIPT:current timestamp :2026-07-23T00:25:00
2026-08-31 16:40:26 INFO:DUKASCRIPT:current timestamp :2026-08-24T11:10:00
2026-08-31 16:40:26 INFO:DUKASCRIPT:current timestamp :2026-08-31T16:30:00
2026-08-31 16:40:26 INFO:DUKASCRIPT:current timestamp :2025-05-21T12:00:00
2026-08-31 16:40:26 INFO:DUKASCRIPT:current timestamp :2025-06-23T09:30:00
2026-08-31 16:40:26 INFO:DUKASCRIPT:current timestamp :2025-07-24T06:15:00
2026-08-31 16:40:26 INFO:DUKASCRIPT:current timestamp :2025-08-25T18:30:00
2026-08-31 16:40:26 INFO:DUKASCRIPT:current timestamp :2025-09-25T10:15:00
2026-08-31 16:40:26 INFO:DUKASCRIPT:current timestamp :2025-10-27T19:30:00
2026-08-31 16:40:26 INFO:DUKASCRIPT:current timestamp :2025-11-27T08:30:00
2026-08-31 16:40:26 INFO:DUKASCRIPT:current timestamp :2025-12-31T16:30:00
2026-08-31 16:40:26 INFO:DUKASCRIPT:current timestamp :2026-02-03T07:45:00
2026-08-31 16:40:26 INFO:DUKASCRIPT:current timestamp :2026-03-05T21:15:00
2026-08-31 16:40:26 INFO:DUKASCRIPT:current timestamp :2026-04-08T10:00:00
2026-08-31 16:40:26 INFO:DUKASCRIPT:current timestamp :2026-05-08T20:15:00
2026-08-31 16:40:26 INFO:DUKASCRIPT:current timestamp :2026-06-10T13:45:00
2026-08-31 16:40:26 INFO:DUKASCRIPT:current timestamp :2026-07-13T08:15:00
2026-08-31 16:40:26 INFO:DUKASCRIPT:current timestamp :2026-08-12T18:30:00
2026-08-31 16:40:26 INFO:DUKASCRIPT:current timestamp :2026-08-31T16:15:00
2026-08-31 16:40:26 INFO:DUKASCRIPT:current timestamp :2025-05-21T12:20:00
2026-08-31 16:40:26 INFO:DUKASCRIPT:current timestamp :2025-06-23T10:10:00
2026-08-31 16:40:26 INFO:DUKASCRIPT:current timestamp :2025-07-24T07:05:00
2026-08-31 16:40:26 INFO:DUKASCRIPT:current timestamp :2025-08-25T19:35:00
2026-08-31 16:40:26 INFO:DUKASCRIPT:current timestamp :2025-09-25T11:30:00
2026-08-31 16:40:26 INFO:DUKASCRIPT:current timestamp :2025-10-27T21:05:00
2026-08-31 16:40:26 INFO:DUKASCRIPT:current timestamp :2025-11-27T10:15:00
2026-08-31 16:40:26 INFO:DUKASCRIPT:current timestamp :2025-12-31T18:30:00
2026-08-31 16:40:26 INFO:DUKASCRIPT:current timestamp :2026-02-03T09:55:00
2026-08-31 16:40:26 INFO:DUKASCRIPT:current timestamp :2026-03-06T01:20:00
2026-08-31 16:40:26 INFO:DUKASCRIPT:current timestamp :2026-04-08T12:30:00
2026-08-31 16:40:26 INFO:DUKASCRIPT:current timestamp :2026-05-20T10:30:00
2026-08-31 16:40:26 INFO:DUKASCRIPT:current timestamp :2026-06-22T07:40:00
2026-08-31 16:40:26 INFO:DUKASCRIPT:current timestamp :2026-07-22T21:20:00
2026-08-31 16:40:26 INFO:DUKASCRIPT:current timestamp :2026-08-24T09:30:00
2026-08-31 16:40:26 INFO:DUKASCRIPT:current timestamp :2026-08-31T16:35:00
2026-08-31 16:40:26 {
2026-08-31 16:40:26   "date": "2026-08-31 14:25:05.407969",
2026-08-31 16:40:26   "equity": 99655.40444826947,
2026-08-31 16:40:26   "current_dd": -0.0034459555173053102,
2026-08-31 16:40:26   "kill_switch_active": false,
2026-08-31 16:40:26   "n_trades": 11
2026-08-31 16:40:26 }
2026-08-31 16:40:26 ---
2026-08-31 16:40:26 [EK Portfolio] ­ƒƒó ENTRY NY-Open ORB (NASDAQ) @ 2026-08-31 09:45:00-04:00
