instrument,stop_atr_mult,target_r_mult,partial_exit_r,be,all_trades,all_avg_r,all_pf,all_win,all_maxdd_r,all_sum_r,is_trades,is_avg_r,is_pf,is_win,is_maxdd_r,is_sum_r,oos_trades,oos_avg_r,oos_pf,oos_win,oos_maxdd_r,oos_sum_r,years_positive,years_total
US30,0.4,,,False,392,0.658244579297094,1.6913345723227575,0.13520408163265307,-46.384283394009145,258.03187508446086,195,1.3815418108123134,2.551878198208784,0.18461538461538463,-20.499439734502488,269.4006531084011,197,-0.05770953311644819,0.9430538398419679,0.08629441624365482,-45.95325181976801,-11.368778023940294,6,8
US30,0.4,,1.0,True,392,0.11180412534230981,1.1894686653479312,0.4642857142857143,-46.68874959623536,43.827217134185446,195,0.41688956652945336,1.7298293041851338,0.47692307692307695,-14.480555288688716,81.2934654732434,197,-0.19018400172110636,0.6875976823328076,0.4517766497461929,-40.68922415393011,-37.466248339057955,3,8
US30,0.4,,1.0,False,392,0.24382761578067438,1.3913312368910304,0.13520408163265307,-41.29816056991946,95.58042538602436,195,0.6229398878418048,2.0417984389571604,0.18461538461538463,-13.232031390478312,121.47327812915192,197,-0.13143580072653577,0.7971490283092968,0.08629441624365482,-37.33094438294023,-25.89285274312755,4,8
US30,0.4,,1.5,True,392,0.23548691201102395,1.3897985865319946,0.45153061224489793,-41.689019596235624,92.31086950832139,195,0.5693750274224642,1.9683886315294334,0.46153846153846156,-9.873589117435309,111.02813034738051,197,-0.0950114763404016,0.8467862768870572,0.4416243654822335,-34.93953465393038,-18.717260839059115,4,8
US30,0.4,,1.5,False,392,0.343949759913325,1.5692218655281829,0.4489795918367347,-34.939449334263685,134.8283058860234,195,0.7229344878418054,2.2290532272332957,0.4564102564102564,-11.671188026547668,140.97222512915204,197,-0.03118740732552597,0.9497077724225214,0.4416243654822335,-30.72224664728449,-6.143919243128616,7,8
US30,0.4,,2.0,True,392,0.26116276503126146,1.3994327565215996,0.40561224489795916,-39.689127596236006,102.37580389225448,195,0.6325279140067336,2.01836497255997,0.4307692307692308,-10.873535117435267,123.34294323131304,197,-0.10643217938608407,0.8448996799033875,0.38071065989847713,-33.68960215393075,-20.967139339058562,4,8
US30,0.4,,2.0,False,392,0.3879524856786321,1.593350015786031,0.40561224489795916,-31.439638334263947,152.0773743860238,195,0.7921615186110349,2.275373821928754,0.4307692307692308,-11.551783394609387,154.4714961291518,197,-0.01215290224938078,0.9822899517809909,0.38071065989847713,-29.67088350292058,-2.3941217431280135,6,8
US30,0.4,,2.5,True,392,0.29227568594611747,1.4216538815477544,0.36989795918367346,-36.939276096236526,114.57206889087806,195,0.6363738601605817,1.9472246095259873,0.38461538461538464,-13.369975232420046,124.09290273131343,197,-0.04832910578901204,0.9323390256401921,0.3553299492385787,-29.478147937444984,-9.520833840435373,5,8
US30,0.4,,2.5,False,392,0.4268534461378159,1.615803575427162,0.36989795918367346,-27.689840834264317,167.32655088602382,195,0.8190831416879607,2.2191822411733244,0.38461538461538464,-13.36997523242005,159.72121262915235,197,0.03860577795366233,1.0540482698700597,0.3553299492385787,-27.17101850292043,7.6053382568714785,7,8
US30,0.4,,3.0,True,392,0.32626376812979474,1.4486661044462754,0.3392857142857143,-35.189370596235946,127.89539710687953,195,0.6790589792170016,1.9539360554851994,0.3487179487179487,-14.800399575746876,132.4165009473153,197,-0.022949765687491366,0.969085686323361,0.3299492385786802,-28.72818843744494,-4.521103840435799,5,8
US30,0.4,,3.0,False,392,0.458101758637816,1.6299649288861604,0.3392857142857143,-26.67104550292086,179.57588938602387,195,0.8434408006623197,2.1848581861723315,0.3487179487179487,-13.785774043125066,164.47095612915234,197,0.07667478810594686,1.1032842113890944,0.3299492385786802,-26.67104550292085,15.10493325687153,7,8
US30,0.4,2.0,,False,392,0.11766039206017027,1.179954499748003,0.40561224489795916,-19.853866510174527,46.12287368758675,195,0.2027812264097563,1.3264761815179749,0.4307692307692308,-11.463016645954825,39.542339149902475,197,0.0334037286176867,1.0486782196033937,0.38071065989847713,-19.629187060593587,6.58053453768428,7,8
US30,0.4,2.0,1.0,True,392,-0.09661375079697039,0.8362736762913309,0.4642857142857143,-48.071548799752655,-37.87259031241239,195,-0.045923291538961984,0.9196042151191527,0.47692307692307695,-25.146506713814475,-8.955041850097587,197,-0.14678958610312084,0.7588787358924646,0.4517766497461929,-34.8426721650582,-28.917548462314805,3,8
US30,0.4,2.0,1.0,False,392,-0.08768566151125773,0.8536990122119286,0.3647959183673469,-44.87718097149277,-34.37277931241303,195,-0.02797554282101294,0.9516673497256859,0.38974358974358975,-22.169627154516107,-5.455230850097523,197,-0.1467895861031244,0.7631208091627696,0.3401015228426396,-33.77716818950123,-28.91754846231551,3,8
US30,0.4,2.0,1.5,True,392,0.009885599968333561,1.016363511932658,0.45153061224489793,-26.85348851017398,3.8751551875867563,195,0.061763200768732006,1.10504637293643,0.46153846153846156,-17.86994019635972,12.043824149902742,197,-0.04146532468180703,0.9331337958393017,0.4416243654822335,-23.142157851383413,-8.168668962315985,4,8
US30,0.4,2.0,1.5,False,392,0.008610158641801235,1.014252289605943,0.45153061224489793,-26.353515510174386,3.375182187586084,195,0.06432716487129572,1.1094071432002965,0.46153846153846156,-17.36996719635976,12.543797149902666,197,-0.04654119270211464,0.9249485463581235,0.4416243654822335,-23.642130851383737,-9.168614962316584,4,8
US30,0.4,2.0,2.0,True,392,0.038583029815273395,1.0590104257481918,0.40561224489795916,-23.853650510174376,15.124547687587171,195,0.12586230333283413,1.202637319621141,0.4307692307692308,-17.11998069636002,24.543149149902654,197,-0.04781015970718517,0.9303277343635404,0.38071065989847713,-21.392252351383682,-9.418601462315479,4,8
US30,0.4,2.0,2.0,False,392,0.04496023644792446,1.0687639801030122,0.40561224489795916,-22.853704510174573,17.62441268758639,195,0.12586230333283327,1.2026373196211397,0.4307692307692308,-17.119980696360045,24.543149149902487,197,-0.03512048965642686,0.9488199976822632,0.38071065989847713,-21.392252351383796,-6.918736462316091,4,8
US30,0.4,2.0,2.5,True,392,0.15911223517241824,1.2433526030543616,0.40561224489795916,-16.87933556059314,62.371996187587946,195,0.2566244725636055,1.413163384845765,0.4307692307692308,-11.213030145954956,50.04177214990307,197,0.06258996973444095,1.0912104252364712,0.38071065989847713,-16.87933556059315,12.330224037684868,7,8
US30,0.4,2.0,2.5,False,392,0.16166311782547793,1.2472540247962884,0.40561224489795916,-17.37930856059328,63.371942187587344,195,0.24636861615334846,1.3966515365928522,0.4307692307692308,-11.213030145954956,48.04188014990295,197,0.07781757379535222,1.1134011412189402,0.38071065989847713,-17.37930856059329,15.330062037684387,7,8
US30,0.4,2.0,3.0,True,392,0.1954623129785385,1.298947862876853,0.40561224489795916,-15.798388422676759,76.6212266875871,195,0.2822641135892455,1.4544430054780415,0.4307692307692308,-11.463016645954827,55.04150214990288,197,0.10954174892225495,1.1596317995157575,0.38071065989847713,-15.798388422676759,21.579724537684225,8,8
US30,0.4,2.0,3.0,False,392,0.19801319563159914,1.3028492846187811,0.40561224489795916,-15.798388422676759,77.62117268758686,195,0.27713618538411655,1.4461870813515847,0.4307692307692308,-11.463016645954827,54.04155614990273,197,0.11969348496286354,1.1744256101707384,0.38071065989847713,-15.798388422676759,23.579616537684117,8,8
US30,0.4,3.0,,False,392,0.257958937978538,1.3547357785798828,0.3392857142857143,-22.611258635093563,101.1199036875869,195,0.3053397905123258,1.4289386404695856,0.3487179487179487,-22.611258635093563,59.54125914990353,197,0.21105910932834193,1.2843056264249622,0.3299492385786802,-17.491202338417633,41.57864453768336,8,8
US30,0.4,3.0,1.0,True,392,0.002870672672417537,1.004864780420476,0.4642857142857143,-25.629069677390873,1.1253036875876745,195,0.04125148794821925,1.072217074167826,0.47692307692307695,-22.64664171381448,8.044040149902754,197,-0.035120489656421734,0.9423099615794066,0.4517766497461929,-23.263172498680234,-6.918736462315081,3,8
US30,0.4,3.0,1.0,False,392,0.018175968590783968,1.0301197831736766,0.32653061224489793,-23.629177677391176,7.124979687587315,195,0.06432716487129833,1.110062378239414,0.3384615384615385,-23.611204635093436,12.543797149903174,197,-0.02750668762596882,0.9557954003102141,0.3147208121827411,-20.629133060593205,-5.418817462315857,3,8
US30,0.4,3.0,1.5,True,392,0.12339987802955826,1.2042622990100211,0.45153061224489793,-20.79832503947462,48.37275218758684,195,0.17201365717899111,1.2925594942827383,0.46153846153846156,-15.370075196359661,33.54266314990327,197,0.0752796397851958,1.1213945339062845,0.4416243654822335,-19.061372713466923,14.830089037683575,5,8
US30,0.4,3.0,1.5,False,392,0.11829811272343452,1.1957782218829454,0.4489795918367347,-18.798433039474695,46.37286018758633,195,0.16432176487129882,1.2793616832732075,0.4564102564102564,-18.36991319635974,32.04274414990327,197,0.07274170577504094,1.1173019091656937,0.4416243654822335,-18.048266922677104,14.330116037683066,6,8
US30,0.4,3.0,2.0,True,392,0.15974995583568202,1.2443279584898415,0.40561224489795916,-16.298361422676876,62.62198268758735,195,0.2489325802559136,1.400779498656082,0.4307692307692308,-14.620115696359996,48.541853149903154,197,0.07147273876997051,1.1041550095595751,0.38071065989847713,-16.298361422676887,14.08012953768419,7,8
US30,0.4,3.0,2.0,False,392,0.16230083848874166,1.2482293802317683,0.40561224489795916,-17.298307422676956,63.62192868758673,195,0.23354879564052847,1.376011726276714,0.4307692307692308,-16.620007696360076,45.54201514990305,197,0.09177621085118616,1.133742630869535,0.38071065989847713,-17.298307422676967,18.079913537683673,7,8
US30,0.4,3.0,2.5,True,392,0.1884473856826206,1.2718651446608955,0.36989795918367346,-19.36985919636018,73.87137518758728,195,0.252778526409762,1.376253733795134,0.38461538461538464,-19.36985919636018,49.29181264990359,197,0.12476935298316591,1.1746776782905668,0.3553299492385787,-14.364178479300934,24.579562537683685,8,8
US30,0.4,3.0,2.5,False,392,0.18079473772343516,1.2608249902065014,0.36989795918367346,-21.369751196360188,70.87153718758658,195,0.22970284948668507,1.3419062370932835,0.38461538461538464,-21.369751196360188,44.79205564990359,197,0.13238315501361922,1.1853370367776066,0.3553299492385787,-15.29841542267679,26.079481537682984,8,8
US30,0.4,3.0,3.0,True,392,0.19291143032547642,1.2652848045108647,0.3392857142857143,-25.61109663509359,75.62128068758676,195,0.24380465205078847,1.3424946215341171,0.3487179487179487,-25.61109663509359,47.54190714990375,197,0.14253489105422845,1.192000580394492,0.3299492385786802,-17.491202338417636,28.079373537683004,7,8
US30,0.4,3.0,3.0,False,392,0.1916359889989455,1.2635308638428442,0.3392857142857143,-24.611150635093615,75.12130768758664,195,0.23354879564053138,1.328087285044871,0.3487179487179487,-24.611150635093615,45.54201514990362,197,0.1501486930846853,1.2022566966200994,0.3299492385786802,-17.491202338417636,29.579292537683003,8,8
US30,0.4,4.0,,False,392,0.40591013185608615,1.527811376703791,0.3010204081632653,-17.11998069635999,159.11677168758578,195,0.4232821392302747,1.5556138275312983,0.30256410256410254,-17.11998069635999,82.54001714990356,197,0.3887144900389961,1.500800281199339,0.29949238578680204,-15.564067645792488,76.57675453768223,8,8
US30,0.4,4.0,1.0,True,392,0.07684626961119072,1.130227396311375,0.4642857142857143,-21.79827103947482,30.12373768758676,195,0.10791455461488396,1.1889210252050406,0.47692307692307695,-19.619845696359942,21.04333814990237,197,0.04609339866844868,1.0757144893517254,0.4517766497461929,-19.04854446841727,9.08039953768439,5,8
US30,0.4,4.0,1.0,False,392,0.10490597879486416,1.1730493666406114,0.29591836734693877,-20.619791696359925,41.12314368758675,195,0.13099023153796469,1.2228113755406524,0.29743589743589743,-20.619791696359925,25.543095149903113,197,0.07908654080042456,1.126668888671411,0.29441624365482233,-17.49120233841692,15.580048537683638,7,8
US30,0.4,4.0,1.5,True,392,0.19610003364180106,1.3246019716325987,0.45153061224489793,-17.798487039475127,76.87121318758602,195,0.2309848315379633,1.3928572103516879,0.46153846153846156,-14.870102196359728,45.04204214990284,197,0.16156939613037152,1.260543775086228,0.4416243654822335,-15.561561713467166,31.82917103768319,8,8
US30,0.4,4.0,1.5,False,392,0.20502812292751477,1.3393126096321495,0.4489795918367347,-15.99128333841729,80.37102418758579,195,0.23098483153796526,1.3926948532932595,0.4564102564102564,-15.870048196359711,45.042042149903224,197,0.17933493420143434,1.2891921482703295,0.4416243654822335,-15.991283338417306,35.328982037682565,8,8
US30,0.4,4.0,2.0,True,392,0.23755187675404707,1.3633213216186866,0.40561224489795916,-14.120142696360062,93.12033568758645,195,0.31559564692257835,1.5081065123000028,0.4307692307692308,-14.120142696360062,61.541151149902774,197,0.1603004291252978,1.233600852790663,0.38071065989847713,-13.864205479300558,31.579184537683666,8,8
US30,0.4,4.0,2.0,False,392,0.24903084869282185,1.3808777194573676,0.40561224489795916,-14.491364338417121,97.62009268758617,195,0.3002118623071948,1.4833387399206373,0.4307692307692308,-14.120142696360048,58.54131314990299,197,0.19836943927757952,1.2890776427468416,0.38071065989847713,-14.49136433841711,39.07877953768317,8,8
US30,0.4,4.0,2.5,True,392,0.2739019545601694,1.3951468694015952,0.36989795918367346,-16.869994196360203,107.36956618758641,195,0.32969744948668334,1.4907453894679663,0.38461538461538464,-16.869994196360203,64.29100264990325,197,0.21867291135879768,1.3061430996307835,0.3553299492385787,-13.314189145792522,43.078563537683145,8,8
US30,0.4,4.0,2.5,False,392,0.28793180915200567,1.4153871525679784,0.36989795918367346,-16.8699941963601,112.86926918758621,195,0.3271334853841208,1.4869290009455407,0.38461538461538464,-16.8699941963601,63.79102964990355,197,0.24912811948062258,1.3487805335789593,0.3553299492385787,-13.814162145792464,49.07823953768265,8,8
US30,0.4,4.0,3.0,True,392,0.3000485017540462,1.4126158206245385,0.3392857142857143,-21.119764696360065,117.6190126875861,195,0.3463632161533508,1.4865679864265648,0.3487179487179487,-21.119764696360065,67.54082714990341,197,0.25420398750092743,1.3424236183700673,0.3299492385786802,-15.564067645792486,50.0781855376827,8,8
US30,0.4,4.0,3.0,False,392,0.3191801216520057,1.4389249306448384,0.3392857142857143,-19.619845696360024,125.11860768758623,195,0.35149114435847956,1.493771654671188,0.3487179487179487,-19.619845696360024,68.54077314990352,197,0.28719712963290717,1.3868667886810333,0.3299492385786802,-15.564067645792486,56.57783453768271,8,8
US30,0.4,5.0,,False,392,0.5079454379785319,1.6305732914084718,0.26785714285714285,-18.915945187500512,199.1146116875845,195,0.5719920571789869,1.7241164852788073,0.27692307692307694,-13.785774043125071,111.53845114990244,197,0.4445490382623455,1.541483543528949,0.25888324873096447,-18.915945187500526,87.57616053768206,8,8
US30,0.4,5.0,1.0,True,392,0.12021127471323051,1.203715826316385,0.4642857142857143,-25.79805503947518,47.12281968758636,195,0.2027812264097562,1.3549997247580063,0.47692307692307695,-16.1200346963599,39.54233914990246,197,0.038479596637989305,1.063207814873066,0.4517766497461929,-22.522867429952807,7.5804805376838935,6,8
US30,0.4,5.0,1.0,False,392,0.16867804512139334,1.2769246900521176,0.26785714285714285,-24.29813603947509,66.12179368758619,195,0.21816501102514138,1.369816343347698,0.27692307692307694,-16.12003469636005,42.54217714990257,197,0.11969348496286106,1.1905642295563574,0.25888324873096447,-20.52297542995267,23.579616537683627,7,8
US30,0.4,5.0,1.5,True,392,0.2458422453764939,1.4069396423743628,0.45153061224489793,-21.798271039475487,96.37016018758561,195,0.3335433956405276,1.56728802090639,0.46153846153846156,-11.37029119635969,65.04096214990288,197,0.15903146212021682,1.2564511503456375,0.4416243654822335,-19.02305642995315,31.329198037682715,7,8
US30,0.4,5.0,1.5,False,392,0.268800189254044,1.4448526006242106,0.4489795918367347,-19.79837903947545,105.36967418758525,195,0.3181596110251419,1.540899767934862,0.4564102564102564,-11.370291196359837,62.04112414990267,197,0.21994187836387086,1.354674144119716,0.4416243654822335,-16.991229338417742,43.32855003768256,8,8
US30,0.4,5.0,2.0,True,392,0.2796414405295562,1.4276947803605207,0.40561224489795916,-15.798595039475657,109.61944468758603,195,0.40020646230719337,1.6443292603865214,0.4307692307692308,-10.620331696360022,78.0402601499027,197,0.16030042912529593,1.2336008527906601,0.38071065989847713,-14.916481783812522,31.5791845376833,8,8
US30,0.4,5.0,2.0,False,392,0.3128029150193511,1.478413263005602,0.40561224489795916,-15.916427783812495,122.61874268758562,195,0.38738664179437154,1.6236894500703796,0.4307692307692308,-10.7859360431251,75.54039514990245,197,0.23897638344001604,1.3482528853667688,0.38071065989847713,-15.916427783812509,47.07834753768316,8,8
US30,0.4,5.0,2.5,True,392,0.31981784231527016,1.4613877961279411,0.36989795918367346,-15.048635539476294,125.3685941875859,195,0.41687222897386217,1.620502599230511,0.38461538461538464,-13.532600036544608,81.29008464990312,197,0.2237487793791004,1.3132493386221442,0.3553299492385787,-14.41618818750045,44.07850953768278,8,8
US30,0.4,5.0,2.5,False,392,0.3517038754785348,1.5073884396879038,0.36989795918367346,-15.416134187500418,137.86791918758564,195,0.4143082648712975,1.6166862107080822,0.38461538461538464,-13.53260003654461,80.79011164990301,197,0.2897350636430591,1.4056304455098656,0.3553299492385787,-15.416134187500436,57.077807537682645,8,8
US30,0.4,5.0,3.0,True,392,0.34851527216220834,1.4792655660092955,0.3392857142857143,-17.119980696360106,136.61798668758567,195,0.4361019597430939,1.6126321807074582,0.3487179487179487,-17.119980696360106,85.0398821499033,197,0.2618177895313826,1.3526797345956725,0.3299492385786802,-16.465543982602085,51.57810453768238,8,8
US30,0.4,5.0,3.0,False,392,0.3829521879785349,1.5266219640458343,0.3392857142857143,-16.96551698260211,150.1172576875857,195,0.4386659238456563,1.616234014829767,0.3487179487179487,-15.120088696360147,85.53985514990298,197,0.3278040737953437,1.441566075217607,0.3299492385786802,-16.965516982602132,64.57740253768272,8,8
US30,0.4,6.0,,False,392,0.6329386879785334,1.7646126472934287,0.24744897959183673,-20.021102786004747,248.1119656875851,195,0.7412136879482193,1.9187997825305523,0.26153846153846155,-13.78577404312507,144.53666914990276,197,0.5257629265872201,1.6195310874580096,0.233502538071066,-20.021102786004747,103.57529653768236,8,8
US30,0.4,6.0,1.0,True,392,0.17888157573363886,1.3031413492643424,0.4642857142857143,-25.62906967739149,70.12157768758644,195,0.28739204179437117,1.5031239703052444,0.47692307692307695,-12.620223696359933,56.04144814990238,197,0.0714727387699698,1.1174034042805736,0.4517766497461929,-22.879343106333863,14.080129537684051,7,8
US30,0.4,6.0,1.0,False,392,0.23117467012139417,1.3783763183772104,0.24744897959183673,-22.4034556379791,90.62047068758652,195,0.3027758264097576,1.5120108530224312,0.26153846153846155,-11.620277696359954,59.04128614990273,197,0.16030042912529838,1.2542900345971495,0.233502538071066,-19.12826802845666,31.57918453768378,8,8
US30,0.4,6.0,1.5,True,392,0.295584457111188,1.489277313116129,0.45153061224489793,-20.798325039475216,115.86910718758571,195,0.41046231871745015,1.6981111288224149,0.46153846153846156,-8.923271608131532,80.04015214990278,197,0.18187286821158852,1.2932847730109196,0.4416243654822335,-18.523083429952855,35.82895503768294,7,8
US30,0.4,6.0,1.5,False,392,0.3312968142540448,1.5482817917964347,0.4489795918367347,-17.79848703947522,129.86835118758555,195,0.40277042640975813,1.6847457144987765,0.4564102564102564,-10.035976543125134,78.54023314990283,197,0.2605488225263082,1.4201561399691045,0.4416243654822335,-16.416080187500704,51.32811803768271,8,8
US30,0.4,6.0,2.0,True,392,0.33193453491731195,1.5076739260700756,0.40561224489795916,-15.822297976333843,130.1183376875863,195,0.4796893494866803,1.7722960843465838,0.4307692307692308,-9.78599004312516,93.53942314990266,197,0.18567976922682045,1.2705853794281172,0.38071065989847713,-15.822297976333836,36.57891453768363,8,8
US30,0.4,6.0,2.0,False,392,0.3752995400193519,1.5739980956828745,0.40561224489795916,-15.9161071875005,147.11741968758594,195,0.4719974571789878,1.7599121981568995,0.4307692307692308,-10.785936043125103,92.03950414990261,197,0.27958332760245336,1.4074281279866976,0.38071065989847713,-15.916107187500517,55.07791553768331,8,8
US30,0.4,6.0,2.5,True,392,0.37593726068261846,1.5423489287934786,0.36989795918367346,-14.416188187500438,147.36740618758643,195,0.4989190802559135,1.7426270319482011,0.38461538461538464,-12.572000744926294,97.28922064990314,197,0.2542039875009303,1.3558867725703272,0.3553299492385787,-14.41618818750045,50.078185537683275,8,8
US30,0.4,6.0,2.5,False,392,0.4142005004785356,1.5975497010654336,0.36989795918367346,-15.416134187500418,162.36659618758597,195,0.4989190802559137,1.7426270319482016,0.38461538461538464,-12.572000744926292,97.28922064990317,197,0.33034200780549644,1.4624803574407725,0.3553299492385787,-15.416134187500438,65.0773755376828,8,8
US30,0.4,6.0,3.0,True,392,0.3995329252234339,1.5494231927300952,0.3392857142857143,-17.491202338417523,156.6169066875861,195,0.5207127751277091,1.7314927067437293,0.3487179487179487,-13.785774043125066,101.53899114990327,197,0.279583327602451,1.3766106724554268,0.3299492385786802,-17.491202338417544,55.077915537682856,8,8
US30,0.4,6.0,3.0,False,392,0.44544881297853567,1.612565056778813,0.3392857142857143,-16.91605318750051,174.615934687586,195,0.5232767392302726,1.7350945408660396,0.3487179487179487,-13.785774043125066,102.03896414990315,197,0.368411017957781,1.4962653617541817,0.3299492385786802,-16.916053187500523,72.57697053768285,8,8
US30,0.5,,,False,392,0.538729827723358,1.5875869250042463,0.15306122448979592,-44.08293586753169,211.18209246755634,195,1.2066899366733506,2.4211413792259573,0.21025641025641026,-21.52516839109424,235.30453765130338,197,-0.12244896032358918,0.8755493230960896,0.09644670050761421,-44.08293586753166,-24.122445183747068,5,8
US30,0.5,,1.0,True,392,0.12089910439173569,1.2233478003682026,0.5,-40.15491085712899,47.392448921560394,195,0.41420508253880556,1.816870049291044,0.5282051282051282,-11.200919992190654,80.76999109506708,197,-0.16942914808886644,0.7054416223532232,0.4720812182741117,-32.84231285180705,-33.37754217350669,3,8
US30,0.5,,1.0,False,392,0.22895674429013937,1.40172695618252,0.15306122448979592,-35.9279273602598,89.75104376173464,195,0.5951158687406286,2.1203918832110693,0.21025641025641026,-11.475500094141935,116.04759440442257,197,-0.1334850286430858,0.780561018402818,0.09644670050761421,-30.558926148789364,-26.296550642687905,4,8
US30,0.5,,1.5,True,392,0.233822326671193,1.4129983387011429,0.4770408163265306,-31.46030792113139,91.65835205510766,195,0.5668547550185412,2.0704763808756423,0.5076923076923077,-9.523210217621681,110.53667722861553,197,-0.09582906179445622,0.8409236456601034,0.4467005076142132,-24.897669415809478,-18.878325173507875,4,8
US30,0.5,,1.5,False,392,0.3252525644431968,1.5744899154458487,0.4744897959183674,-24.068031251069982,127.49900526173313,195,0.7015203789970373,2.3247813227861798,0.5025641025641026,-10.389050610412095,136.79647390442227,197,-0.04719527229791429,0.9216557929437514,0.4467005076142132,-23.448773539599216,-9.297468642689115,5,8
US30,0.5,,2.0,True,392,0.24613393946461054,1.3894235936410035,0.41581632653061223,-28.460469921130553,96.48450427012733,195,0.5957135955138978,2.009396222096666,0.4512820512820513,-11.696780750536027,116.16415112521007,197,-0.09989668454356716,0.8516753475991117,0.38071065989847713,-22.647790915808642,-19.67964685508273,5,8
US30,0.5,,2.0,False,392,0.35267455296360956,1.5579880291989157,0.41581632653061223,-21.69458699086755,138.24842476173495,195,0.7438257866893452,2.26036226911123,0.4512820512820513,-12.196753750535997,145.04602840442232,197,-0.034505602247143906,0.9487667535456711,0.38071065989847713,-21.694586990867556,-6.797603642687349,5,8
US30,0.5,,2.5,True,392,0.2677350993568004,1.3924887677180593,0.36989795918367346,-29.21042942112986,104.95215894786575,195,0.6122158425792199,1.931431416708951,0.38974358974358975,-13.446686250535919,119.38208930294789,197,-0.07324837743696508,0.8963598807630387,0.350253807106599,-22.021142476274374,-14.42993035508212,4,8
US30,0.5,,2.5,False,392,0.37627021750442874,1.5515968371427813,0.36989795918367346,-20.444654490867293,147.49792526173607,195,0.7489537148944746,2.139465807965144,0.38974358974358975,-13.44668625053592,146.04597440442254,197,0.007370308920373427,1.0104283497061497,0.350253807106599,-20.444654490867265,1.451950857313565,6,8
US30,0.5,,3.0,True,392,0.34042464588626153,1.485371136246497,0.3520408163265306,-22.322778338839953,133.4464611874145,195,0.7057459839728013,2.047604630262408,0.37435897435897436,-13.196699750535927,137.62046687469626,197,-0.02118784612833377,0.9709270654408713,0.3299492385786802,-17.144364700051675,-4.174005687281753,6,8
US30,0.5,,3.0,False,392,0.43302735653503815,1.6174023608662307,0.3520408163265306,-17.69480299086723,169.74672376173496,195,0.8156167815611426,2.2106961092053554,0.37435897435897436,-13.196699750535927,159.0452724044228,197,0.054322088108183605,1.0745381339433318,0.3299492385786802,-17.694802990867174,10.70145135731217,7,8
US30,0.5,2.0,,False,392,0.1666192782038613,1.2636185738104886,0.41581632653061223,-15.272365599361894,65.31475705591363,195,0.28096163670533986,1.476070408297152,0.4512820512820513,-15.272365599361894,54.78751915754127,197,0.05343775582930129,1.0793433395180188,0.38071065989847713,-12.426175631735184,10.527237898372354,6,8
US30,0.5,2.0,1.0,True,392,-0.011942507510426003,0.9779375306644809,0.5,-27.448265762544523,-4.681462944086993,195,0.06815261619252007,1.1344064409042636,0.5282051282051282,-15.072199662854054,13.289760157541414,197,-0.0912244827493828,0.8414031119000218,0.4720812182741117,-23.15337294326772,-17.97122310162841,4,8
US30,0.5,2.0,1.0,False,392,0.0008119057548800139,1.001475633217608,0.3877551020408163,-27.79002886436836,0.31826705591296545,195,0.09379225721816158,1.1821117435619215,0.4256410256410256,-14.170391771847822,18.289490157541508,197,-0.09122448274938344,0.8440696980216945,0.350253807106599,-22.600633919512834,-17.97122310162854,4,8
US30,0.5,2.0,1.5,True,392,0.09073051927528461,1.1602565258144835,0.4770408163265306,-19.45567148067096,35.566363555911565,195,0.18994091106431335,1.35869375224646,0.5076923076923077,-11.022595099361832,37.0384776575411,197,-0.007472660414363122,0.9875953749971316,0.4467005076142132,-16.60003141675255,-1.472114101629535,4,8
US30,0.5,2.0,1.5,False,392,0.08945507794875343,1.1580037249101927,0.4770408163265306,-19.455671480671107,35.06639055591135,195,0.18481298285918504,1.3490099205809107,0.5076923076923077,-12.522514099362041,36.038531657541085,197,-0.00493472640421188,0.9918083484138603,0.4467005076142132,-16.600031416752575,-0.9721411016297403,4,8
US30,0.5,2.0,2.0,True,392,0.10284721187733038,1.1627208784466974,0.41581632653061223,-16.272311599361835,40.31610705591351,195,0.21429857003867384,1.363114370104566,0.4512820512820513,-16.272311599361835,41.7882211575414,197,-0.0074726604143547605,0.9889047392960709,0.38071065989847713,-14.426067631735206,-1.4721141016278878,5,8
US30,0.5,2.0,2.0,False,392,0.10539809453039087,1.166756786261248,0.41581632653061223,-16.772284599361807,41.31605305591322,195,0.20404271362841636,1.3457365180749352,0.4512820512820513,-16.772284599361807,39.78832915754119,197,0.007754943646558479,1.0115143893515566,0.38071065989847713,-15.426013631735213,1.5277238983720203,6,8
US30,0.5,2.0,2.5,True,392,0.20424479733651663,1.323148214075129,0.41581632653061223,-15.02237909936197,80.06396055591452,195,0.3219850623463679,1.5455818164156723,0.4512820512820513,-15.02237909936197,62.78708715754174,197,0.08769986496635929,1.1302150521428664,0.38071065989847713,-11.837411785961535,17.27687339837278,6,8
US30,0.5,2.0,2.5,False,392,0.20807112131610883,1.329202075796957,0.41581632653061223,-15.02237909936197,81.56387955591467,195,0.31942109824380377,1.5412373534082648,0.4512820512820513,-15.02237909936197,62.28711415754174,197,0.09785160100696919,1.1452881521798586,0.38071065989847713,-11.837411785961535,19.27676539837293,6,8
US30,0.5,2.0,3.0,True,392,0.22273869657120762,1.3524085457306234,0.41581632653061223,-14.772392599361906,87.31356905591339,195,0.3399328110643138,1.5759930574675176,0.4512820512820513,-14.772392599361906,66.28689815754119,197,0.10673437004249847,1.1584771147122201,0.38071065989847713,-12.03919122738096,21.0266708983722,7,8
US30,0.5,2.0,3.0,False,392,0.2240141378977386,1.3544264996379,0.41581632653061223,-14.772392599361906,87.81354205591353,195,0.3348048828591855,1.567304131452703,0.4512820512820513,-14.772392599361906,65.28695215754118,197,0.11434817207295615,1.1697819397399647,0.38071065989847713,-12.03919122738096,22.52658989837236,7,8
US30,0.5,3.0,,False,392,0.32732488534671844,1.4666937410153673,0.3520408163265306,-17.572064662854206,128.31135505591362,195,0.4245436264489343,1.6301897267805607,0.37435897435897436,-17.572064662854206,82.78600715754219,197,0.23109313653995633,1.3170947908058224,0.3299492385786802,-13.5519863581716,45.5253478983714,8,8
US30,0.5,3.0,1.0,True,392,0.08244015065284116,1.1522991125779916,0.5,-20.455617480670824,32.316539055913736,195,0.15789135978226632,1.3113837282184637,0.5282051282051282,-16.170283771847643,30.788815157541933,197,0.007754943646557351,1.013482235170503,0.4720812182741117,-17.062590641434223,1.5277238983717982,5,8
US30,0.5,3.0,1.0,False,392,0.10794897718345241,1.1948391572077033,0.34438775510204084,-16.955806480671097,42.315999055913345,195,0.1937868572181639,1.3725395828046765,0.36923076923076925,-16.572118662854155,37.78843715754196,197,0.022982547707468923,1.0391151494435522,0.3197969543147208,-15.850071916752237,4.527561898371378,6,8
US30,0.5,3.0,1.5,True,392,0.19786759070385823,1.3494918017748,0.4770408163265306,-14.600139416752391,77.56409555591243,195,0.29249947516688135,1.5523703855574544,0.5076923076923077,-12.170499771847926,57.03739765754186,197,0.10419643603233787,1.1729662053332703,0.4467005076142132,-14.600139416752382,20.52669789837056,7,8
US30,0.5,3.0,1.5,False,392,0.20424479733650977,1.3607552689184044,0.4744897959183674,-14.1001664167525,80.06396055591183,195,0.3001913674745726,1.5668943181102315,0.5025641025641026,-12.522514099361931,58.53731665754166,197,0.1092723040526405,1.1813921521667279,0.4467005076142132,-14.100166416752483,21.526643898370178,8,8
US30,0.5,3.0,2.0,True,392,0.2176369312650869,1.344336730101523,0.41581632653061223,-15.717421934225454,85.31367705591407,195,0.32967695465406077,1.5586152054378946,0.4512820512820513,-15.717421934225454,64.28700615754185,197,0.10673437004249854,1.1584771147122204,0.38071065989847713,-11.552094358171734,21.026670898372213,7,8
US30,0.5,3.0,2.0,False,392,0.22656502055080027,1.3584624074524523,0.41581632653061223,-15.272365599361784,88.81348805591371,195,0.3322409187566244,1.5629596684453009,0.4512820512820513,-15.272365599361784,64.78697915754177,197,0.12196197410341086,1.1810867647677046,0.38071065989847713,-12.552040358171737,24.02650889837194,8,8
US30,0.5,3.0,2.5,True,392,0.22592729988753685,1.3312002338869862,0.36989795918367346,-20.57190266285452,88.56350155591444,195,0.32711299055149656,1.497673034610921,0.38974358974358975,-20.57190266285452,63.78703315754183,197,0.12576887511864268,1.1779520812568416,0.350253807106599,-16.051851358171398,24.77646839837261,8,8
US30,0.5,3.0,2.5,False,392,0.23995715447937405,1.351767430168843,0.36989795918367346,-20.57190266285452,94.06320455591462,195,0.33736884696175357,1.5132763989824223,0.38974358974358975,-20.57190266285452,65.78692515754194,197,0.14353441318970905,1.203088781186865,0.350253807106599,-16.551824358171363,28.276279398372683,8,8
US30,0.5,3.0,3.0,True,392,0.281408997591616,1.4012277212051956,0.3520408163265306,-17.572064662854206,110.31232705591347,195,0.37839227260278047,1.5616829650276343,0.37435897435897436,-17.572064662854206,73.7864931575422,197,0.18541032435721452,1.2544110521652176,0.3299492385786802,-15.051905358171638,36.52583389837126,8,8
US30,0.5,3.0,3.0,False,392,0.2814089975916162,1.401227721205196,0.3520408163265306,-17.572064662854206,110.31232705591356,195,0.3732643443976526,1.5540711026106426,0.37435897435897436,-17.572064662854206,72.78654715754226,197,0.19048619237751924,1.2613759120141739,0.3299492385786802,-15.551878358171603,37.52577989837129,8,8
US30,0.5,4.0,,False,392,0.39874959963242934,1.5233623568756247,0.29591836734693877,-18.563211576377782,156.3098430559123,195,0.5168463341412382,1.7042622849500968,0.31794871794871793,-12.488763145753381,100.78503515754144,197,0.28185181674299925,1.3569409145023923,0.27411167512690354,-18.563211576377793,55.52480789837085,8,8
US30,0.5,4.0,1.0,True,392,0.12835603840794288,1.2371236659413192,0.5,-21.773511106172023,50.31556705591361,195,0.24250217516688144,1.4782480276861334,0.5282051282051282,-12.670472771847686,47.28792415754188,197,0.01536874567701387,1.0267190908066934,0.4720812182741117,-18.1427494753488,3.0276428983717323,5,8
US30,0.5,4.0,1.0,False,392,0.15896663024467506,1.2849737424809085,0.29591836734693877,-18.349936916752135,62.31491905591262,195,0.2501940674745722,1.4777994494378808,0.31794871794871793,-11.772554599361786,48.78784315754157,197,0.06866535989020833,1.1160529414895004,0.27411167512690354,-18.349936916752146,13.527075898371042,7,8
US30,0.5,4.0,1.5,True,392,0.2488852437650819,1.4396038379463763,0.4770408163265306,-15.023875606172382,97.5630155559121,195,0.3796742546540598,1.7169955238717913,0.5076923076923077,-9.315246612839132,74.03647965754166,197,0.11942404009325093,1.1982440458336518,0.4467005076142132,-14.60013941675236,23.526535898370433,8,8
US30,0.5,4.0,1.5,False,392,0.25526245039773243,1.4508671708600909,0.4744897959183674,-16.6000314167524,100.06288055591112,195,0.35659857773098097,1.6734161253954318,0.5025641025641026,-11.022595099361988,69.53672265754129,197,0.15495511623537989,1.2572256736678724,0.4467005076142132,-16.600031416752387,30.526157898369835,8,8
US30,0.5,4.0,2.0,True,392,0.2661037016732496,1.4210189785780032,0.41581632653061223,-13.33733078596147,104.31265105591383,195,0.4142877700386751,1.701982484682331,0.4512820512820513,-13.27247359936187,80.78611515754164,197,0.11942404009325977,1.177318489758459,0.38071065989847713,-13.33733078596146,23.526535898372174,8,8
US30,0.5,4.0,2.0,False,392,0.2826844389181453,1.4472523793725849,0.41581632653061223,-14.850125916752233,110.81230005591296,195,0.398903985423289,1.6759157066378851,0.4512820512820513,-13.77244659936184,77.78627715754135,197,0.1676447862861503,1.2489157149341614,0.38071065989847713,-14.850125916752237,33.02602289837161,8,8
US30,0.5,4.0,2.5,True,392,0.287148483561006,1.42094799948054,0.36989795918367346,-15.600085416751938,112.56220555591435,195,0.41941569824380276,1.6381033139544225,0.38974358974358975,-14.674254490368394,81.78606115754154,197,0.15622408324047113,1.2210435668511683,0.350253807106599,-15.60008541675194,30.776144398372814,8,8
US30,0.5,4.0,2.5,False,392,0.3062801034589645,1.4489941762285243,0.36989795918367346,-16.600031416751975,120.06180055591408,195,0.40403191362841817,1.614698267397172,0.38974358974358975,-14.674254490368394,78.78622315754154,197,0.2095206974536676,1.2964536666412347,0.350253807106599,-16.600031416751964,41.27557739837252,8,8
US30,0.5,4.0,3.0,True,392,0.3502828292242685,1.4994267509204517,0.3520408163265306,-16.35004491675221,137.31086905591326,195,0.48864272901303546,1.7253380069929571,0.37435897435897436,-13.772446599361727,95.28533215754192,197,0.21332759846889,1.292717781334476,0.3299492385786802,-16.350044916752218,42.02553689837133,8,8
US30,0.5,4.0,3.0,False,392,0.36303724248957386,1.5176117564232758,0.3520408163265306,-15.419798025386442,142.31059905591295,195,0.4706949802950863,1.6986964885334845,0.37435897435897436,-13.772446599361727,91.78552115754182,197,0.25647247664147776,1.3519190900506002,0.3299492385786802,-15.419798025386449,50.52507789837112,8,8
US30,0.5,5.0,,False,392,0.5415990282038593,1.6861739384580419,0.27040816326530615,-19.648829023175665,212.30681905591285,195,0.7117076059361116,1.9415541450721587,0.29743589743589743,-12.126144200407722,138.78298315754176,197,0.3732174411084828,1.4538258069546084,0.2436548223350254,-19.648829023175654,73.52383589837112,8,8
US30,0.5,5.0,1.0,True,392,0.17937369146916796,1.3313731696783513,0.5,-22.273484106171743,70.31448705591384,195,0.32198506234636887,1.6349993393072784,0.5282051282051282,-9.170661771847698,62.78708715754193,197,0.03821015176838535,1.0664296577152672,0.4720812182741117,-19.14269547534849,7.527399898371915,6,8
US30,0.5,5.0,1.0,False,392,0.23039134453039006,1.4116164343282842,0.27040816326530615,-16.935689363549656,90.3134070559129,195,0.3476247033720088,1.6619793307448436,0.29743589743589743,-10.272635599361765,67.78681715754172,197,0.11434817207295014,1.1925162551291553,0.2436548223350254,-16.93568936354966,22.526589898371178,8,8
US30,0.5,5.0,1.5,True,392,0.29607657284671535,1.5229574714050873,0.4770408163265306,-15.600085416752265,116.06201655591241,195,0.4565931777309832,1.8622529988550323,0.5076923076923077,-8.815273612839146,89.03566965754172,197,0.13718957816431826,1.227734859750767,0.4467005076142132,-15.600085416752261,27.026346898370697,8,8
US30,0.5,5.0,1.5,False,392,0.3266871646834475,1.5770238335784579,0.4744897959183674,-15.100112416752154,128.06136855591143,195,0.4540292136284175,1.857408337978966,0.5025641025641026,-9.681114005629556,88.53569665754142,197,0.20063792841812172,1.3330591951690214,0.4467005076142132,-15.100112416752138,39.52567189836998,8,8
US30,0.5,5.0,2.0,True,392,0.3183967960610052,1.5037550887763123,0.41581632653061223,-13.850179916752126,124.81154405591403,195,0.49633462132072664,1.841005300919362,0.4512820512820513,-11.77255459936185,96.7852511575417,197,0.14226544618463113,1.2112329648416895,0.38071065989847713,-13.85017991675211,28.026292898372333,8,8
US30,0.5,5.0,2.0,False,392,0.35410915320386027,1.5602577981800316,0.41581632653061223,-14.063454576377893,138.81078805591324,195,0.4963346213207256,1.8410053009193605,0.4512820512820513,-12.272527599361819,96.7852511575415,197,0.21332759846889207,1.3167446651006218,0.38071065989847713,-14.063454576377907,42.02553689837174,8,8
US30,0.5,5.0,2.5,True,392,0.33816613662223133,1.4957378041418357,0.36989795918367346,-16.600031416751847,132.56112555591469,195,0.5091544418335474,1.7746327522050522,0.38974358974358975,-13.022487099361788,99.28511615754175,197,0.16891375329123323,1.238998352515471,0.350253807106599,-16.60003141675184,33.27600939837295,8,8
US30,0.5,5.0,2.5,False,392,0.3777048177446794,1.5536999027543383,0.36989795918367346,-15.419798025386172,148.06028855591433,195,0.5014625495258548,1.762930228926427,0.38974358974358975,-13.02248709936179,97.78519715754169,197,0.2552035096364094,1.3610908950327232,0.350253807106599,-15.41979802538617,50.27509139837265,8,8
US30,0.5,5.0,3.0,True,392,0.411504012897739,1.586714777334015,0.3520408163265306,-15.350098916752046,161.3095730559137,195,0.5809454367053439,1.8623515304988116,0.37435897435897436,-12.488763145753381,113.28436015754207,197,0.24378280659071902,1.3345069404282137,0.3299492385786802,-15.350098916752051,48.02521289837165,8,8
US30,0.5,5.0,3.0,False,392,0.4344619567752888,1.6194477872390987,0.3520408163265306,-14.56342757637782,170.3090870559132,195,0.568125616192523,1.843321874456331,0.37435897435897436,-12.488763145753381,110.78449515754198,197,0.30215528882421966,1.414602828691205,0.3299492385786802,-14.563427576377824,59.52459189837127,8,8
US30,0.5,6.0,,False,392,0.5416034906575632,1.6517960573402632,0.23214285714285715,-25.743590561427396,212.30856833776477,195,0.7886354996892021,1.999359152796945,0.26666666666666666,-22.86983264307868,153.78392243939442,197,0.2970794208039104,1.3405645182984225,0.19796954314720813,-20.93085755610564,58.52464589837035,7,8
US30,0.5,6.0,1.0,True,392,0.16534606810418356,1.3054586780969144,0.5,-29.455131480670936,64.81565869683996,195,0.33224540409470815,1.655234160711054,0.5282051282051282,-9.689152386566128,64.78785379846809,197,0.00014114161610088072,1.000245379534313,0.4720812182741117,-25.14237147534899,0.0278048983718735,5,8
US30,0.5,6.0,1.0,False,392,0.23039357575724195,1.4091540130866642,0.23214285714285715,-23.541126927468873,90.31428169683885,195,0.3860886502485541,1.731759473131022,0.26666666666666666,-12.870372643078767,75.28728679846805,197,0.07627916192066392,1.1275106893070856,0.19796954314720813,-18.228420922146952,15.026994898370793,6,8
US30,0.5,6.0,1.5,True,392,0.28842615611438416,1.509444606975903,0.4770408163265306,-21.455563480671245,113.0630531968386,195,0.4745454117870147,1.8961548800173498,0.5076923076923077,-8.795027042933915,92.53635529846787,197,0.10419643603233868,1.1729662053332717,0.4467005076142132,-17.892762975349445,20.52669789837072,8,8
US30,0.5,6.0,1.5,False,392,0.3266893959102994,1.5770277745691392,0.4744897959183674,-17.955752480671464,128.06224319683736,195,0.49249316050496295,1.9300453132519286,0.5025641025641026,-9.876133360312707,96.03616629846778,197,0.16256891826583544,1.2698645939180617,0.4467005076142132,-14.813414076377857,32.02607689836958,8,8
US30,0.5,6.0,2.0,True,392,0.3158481446347965,1.4997227111225382,0.41581632653061223,-18.955698480670577,123.81247269684023,195,0.5194147835818863,1.8801130680867293,0.4512820512820513,-10.4888711457535,101.28588279846782,197,0.11434817207295637,1.169781939739965,0.38071065989847713,-16.142857475348745,22.526589898372407,7,8
US30,0.5,6.0,2.0,False,392,0.3541113844307123,1.5602613283408082,0.41581632653061223,-15.744130561427156,138.81166269683922,195,0.534798568197271,1.9061798461311725,0.4512820512820513,-10.98884414575347,104.28572079846785,197,0.17525858831660587,1.2602205399619026,0.38071065989847713,-14.063454576377907,34.52594189837136,7,8
US30,0.5,6.0,2.5,True,392,0.3394438091756144,1.4976108201461968,0.36989795918367346,-21.95553648067012,133.06197319684085,195,0.5399264964023991,1.821449669358584,0.38974358974358975,-12.238776645753385,105.28566679846782,197,0.14099647917955854,1.1994978240540068,0.350253807106599,-18.599923416752056,27.77630639837303,7,8
US30,0.5,6.0,2.5,False,392,0.37770704897153135,1.553703173642166,0.36989795918367346,-16.994063061427056,148.06116319684028,195,0.5399264964024001,1.8214496693585853,0.38974358974358975,-12.238776645753386,105.28566679846801,197,0.2171344994841232,1.3072265380398138,0.350253807106599,-15.063400576377905,42.77549639837227,8,8
US30,0.5,6.0,3.0,True,392,0.41023080279806107,1.5848994580255307,0.3520408163265306,-17.34999091675226,160.81047469683995,195,0.6142814553767599,1.911835294215185,0.37435897435897436,-12.12614420040772,119.78488379846819,197,0.2082517304485877,1.285752921485523,0.3299492385786802,-17.34999091675227,41.025590898371775,8,8
US30,0.5,6.0,3.0,False,392,0.4344641880021408,1.6194509684808962,0.3520408163265306,-17.244049561427516,170.3099616968392,195,0.6065895630690683,1.9004175005896982,0.37435897435897436,-12.12614420040772,118.28496479846831,197,0.26408627867193346,1.3623663798240324,0.3299492385786802,-14.563427576377824,52.02499689837089,8,8
US30,0.6,,,False,392,0.4340137421936137,1.486355881358714,0.16581632653061223,-41.90670787263838,170.13338693989658,195,0.9747653739629639,2.1836659028840786,0.22564102564102564,-17.056585242977548,190.07924792277797,197,-0.10124802529381413,0.8945931238177741,0.1065989847715736,-41.906707872638464,-19.945860982881385,6,8
US30,0.6,,1.0,True,392,0.15255445444873125,1.300334251362568,0.5255102040816326,-29.439028023830033,59.80134614390265,195,0.40704546216203435,1.8775836222052011,0.5641025641025641,-9.578420143138306,79.3738651215967,197,-0.09935288821164483,0.8198903910902064,0.4873096446700508,-29.43902802383002,-19.57251897769403,4,8
US30,0.6,,1.0,False,392,0.20841539263861752,1.3912401736892475,0.16581632653061223,-30.105933611130695,81.69883391433807,195,0.5207599130980922,2.07357532382623,0.22564102564102564,-10.533736516048133,101.54818305412797,197,-0.10075811746086245,0.8262355721006921,0.1065989847715736,-30.105933611130734,-19.849349139789904,5,8
US30,0.6,,1.5,True,392,0.1976594528348895,1.3464359194465856,0.46683673469387754,-25.012374826312822,77.48250551127668,195,0.4823342896870289,1.9201383107512067,0.5076923076923077,-12.247859712098384,94.05518648897063,197,-0.08412528415073076,0.8635292062653277,0.4263959390862944,-25.012374826312875,-16.57268097769396,5,8
US30,0.6,,1.5,False,392,0.2664479729957614,1.4670009310739736,0.46683673469387754,-21.862160507997956,104.44760541433847,195,0.5912689259186065,2.1279504740321133,0.5076923076923077,-12.747832712098413,115.29744055412827,197,-0.055075305278120865,0.9106550343055303,0.4263959390862944,-21.862160507997956,-10.84983513978981,6,8
US30,0.6,,2.0,True,392,0.23140144570555943,1.3703332361254128,0.41581632653061223,-25.170936995002506,90.7093667165793,195,0.520992281589452,1.8923624112752386,0.4512820512820513,-11.74788671209846,101.59349490994315,197,-0.055249381692202316,0.9169733931172147,0.38071065989847713,-25.170936995002492,-10.884128193363857,5,8
US30,0.6,,2.0,False,392,0.3066243747814747,1.4907194794808787,0.41581632653061223,-19.86226850799798,120.19675491433809,195,0.6335743336109145,2.0851944261789708,0.4512820512820513,-12.247859712098482,123.54699505412833,197,-0.017006295125838764,0.9744436057617469,0.38071065989847713,-19.862268507997964,-3.3502401397902366,6,8
US30,0.6,,2.5,True,392,0.2755130802728054,1.4136467450155592,0.37755102040816324,-19.610087943939675,108.00112746693972,195,0.5581976338172656,1.8731875117605459,0.4,-13.49779221209856,108.84853859436679,197,-0.0043015793270409055,0.9937890628413751,0.3553299492385787,-19.610087943939675,-0.8474111274270584,6,8
US30,0.6,,2.5,False,392,0.34361217325086246,1.5158885990901212,0.37755102040816324,-16.612444007997823,134.6959719143381,195,0.6566500105339882,2.0271963800251673,0.4,-13.497792212098563,128.0467520541277,197,0.03375238507721019,1.048734180339402,0.3553299492385787,-16.612444007997734,6.649219860210408,6,8
US30,0.6,,3.0,True,392,0.3247994119759752,1.4666691765990874,0.3494897959183674,-22.859912443939706,127.3213694945823,195,0.5966544172017975,1.8882164348095882,0.36923076923076925,-13.247805712098573,116.3476113543505,197,0.055704356041785766,1.0773672263971326,0.3299492385786802,-22.859912443939677,10.973758140231796,7,8
US30,0.6,,3.0,False,392,0.38187541304677824,1.5486755147917517,0.3494897959183674,-19.362295507997885,149.69516191433706,195,0.6951094720724469,2.0347826803698115,0.36923076923076925,-13.247805712098573,135.54634705412715,197,0.07182139522949198,1.0997520219192523,0.3299492385786802,-19.362295507997956,14.148814860209919,6,8
US30,0.6,2.0,,False,392,0.17923500736933584,1.2868464373835744,0.41581632653061223,-19.857521221834432,70.26012288877965,195,0.2923832932588653,1.5007979384897636,0.4512820512820513,-19.857521221834432,57.01474218547873,197,0.06723543504213661,1.1010387784054498,0.38071065989847713,-17.894239514347838,13.245380703300913,7,8
US30,0.6,2.0,1.0,True,392,0.051690874716275655,1.1017639256506027,0.5255102040816326,-23.37515276227218,20.262822888780057,195,0.1539292317204029,1.3318690055379634,0.5641025641025641,-13.857845221834461,30.016200185478567,197,-0.04950952942486555,0.9102477830032998,0.4873096446700508,-21.37215266311226,-9.753377296698513,4,8
US30,0.6,2.0,1.0,False,392,0.05424175736933522,1.1050499795297741,0.3979591836734694,-22.37520676227225,21.262768888779405,195,0.1564931958229652,1.3316245152507031,0.4358974358974359,-16.357710221834523,30.516173185478213,197,-0.04697159541471475,0.9161722707859118,0.3604060913705584,-19.872233663112382,-9.253404296698806,3,8
US30,0.6,2.0,1.5,True,392,0.10334624844076654,1.1811340266627133,0.46683673469387754,-17.37547676227218,40.51172938878048,195,0.22700220864348147,1.4330470241573274,0.5076923076923077,-17.017834669761612,44.26543068547889,197,-0.019054321303037552,0.9690894553456504,0.4263959390862944,-17.144280014347636,-3.753701296698398,5,8
US30,0.6,2.0,1.5,False,392,0.10079536578770332,1.1766631179121336,0.46683673469387754,-17.357656221834464,39.5117833887797,195,0.21161842402809428,1.4036997231430293,0.5076923076923077,-17.357656221834464,41.26559268547838,197,-0.008902585262429876,0.9855579343437635,0.4263959390862944,-17.14428001434768,-1.7538092966986856,5,8
US30,0.6,2.0,2.0,True,392,0.12311558900198905,1.197033317374376,0.41581632653061223,-23.857305221834466,48.261310888779704,195,0.23084815479732754,1.3953997464701662,0.4512820512820513,-23.857305221834466,45.01539018547887,197,0.016476754839090526,1.0247606218355614,0.38071065989847713,-17.894239514347838,3.2459207033008335,6,8
US30,0.6,2.0,2.0,False,392,0.11418749971627395,1.18274486646382,0.41581632653061223,-24.357278221834434,44.76149988877939,195,0.2077724778742485,1.3558754244628126,0.4512820512820513,-24.357278221834434,40.51563318547846,197,0.021552622859395614,1.0323884374925507,0.38071065989847713,-17.894239514347838,4.245866703300936,6,8
US30,0.6,2.0,2.5,True,392,0.21494736451219335,1.3440002410257923,0.41581632653061223,-18.357602221834313,84.2593668887798,195,0.3372526650537376,1.577650786837389,0.4512820512820513,-18.357602221834313,65.76426968547882,197,0.09388374214873592,1.1410848106046414,0.38071065989847713,-17.15776534577194,18.495097203300976,7,8
US30,0.6,2.0,2.5,False,392,0.21112104053260136,1.337876619206983,0.41581632653061223,-18.357602221834313,82.75944788877973,195,0.33212473684860916,1.568867604169089,0.4512820512820513,-18.357602221834313,64.76432368547879,197,0.09134580813858352,1.137270902776147,0.38071065989847713,-17.15776534577194,17.995124203300954,7,8
US30,0.6,2.0,3.0,True,392,0.23025266043056047,1.368494728301028,0.41581632653061223,-18.35760222183436,90.2590428887797,195,0.3564823958229669,1.6105877218435118,0.4512820512820513,-18.35760222183436,69.51406718547855,197,0.10530444519442204,1.1582473958328674,0.38071065989847713,-17.40775184577188,20.744975703301144,7,8
US30,0.6,2.0,3.0,False,392,0.2289772191040298,1.3664535210280917,0.41581632653061223,-18.35760222183436,89.75906988877968,195,0.3539184317204026,1.6061961305093613,0.4512820512820513,-18.35760222183436,69.01409418547851,197,0.10530444519442217,1.1582473958328678,0.38071065989847713,-17.40775184577188,20.74497570330117,7,8
US30,0.6,3.0,,False,392,0.3297370838999427,1.473763583812007,0.3494897959183674,-20.407589845771696,129.25693688877755,195,0.4154535701819298,1.6184697176407616,0.36923076923076925,-16.857683221834623,81.01344618547631,197,0.24489081575279814,1.3401264197491618,0.3299492385786802,-20.407589845771707,48.243490703301234,8,8
US30,0.6,3.0,1.0,True,392,0.12949279563464164,1.2549327187745027,0.5255102040816326,-20.875287762272333,50.76117588877952,195,0.23084815479732196,1.497704995383969,0.5641025641025641,-14.017996669761487,45.015390185477784,197,0.0291664248898566,1.0528736856549004,0.4873096446700508,-18.598412177985512,5.745785703301751,5,8
US30,0.6,3.0,1.0,False,392,0.1460735328795371,1.2807597845249206,0.34438775510204084,-19.875341762272296,57.26082488877854,195,0.23084815479731885,1.4837870211157504,0.3641025641025641,-14.857791221834624,45.01539018547717,197,0.06215956702183431,1.1104171382847106,0.3248730964467005,-19.407643845771467,12.24543470330136,7,8
US30,0.6,3.0,1.5,True,392,0.1926271412979071,1.3376158329328762,0.46683673469387754,-17.01783466976164,75.50983938877958,195,0.31930491633578384,1.6091308302430745,0.5076923076923077,-17.01783466976164,62.26445868547785,197,0.06723543504214079,1.1090715268296334,0.4263959390862944,-15.657846345771585,13.245380703301734,6,8
US30,0.6,3.0,1.5,False,392,0.19900434793055846,1.348793104809314,0.46683673469387754,-17.657738345771747,78.00970438877891,195,0.30135716761783315,1.5748923123930625,0.5076923076923077,-16.017888669761593,58.76464768547746,197,0.09769064316396679,1.1584769638239774,0.4263959390862944,-17.657738345771744,19.245056703301458,7,8
US30,0.6,3.0,2.0,True,392,0.2302526604305585,1.3684947283010251,0.41581632653061223,-18.357602221834558,90.25904288877894,195,0.3487905035152711,1.5974129478410557,0.4512820512820513,-18.357602221834558,68.01414818547786,197,0.11291824722487853,1.16968911931835,0.38071065989847713,-17.90772484577166,22.24489470330107,7,8
US30,0.6,3.0,2.0,False,392,0.23407898441014938,1.3746183501198324,0.41581632653061223,-18.907670845771804,91.75896188877856,195,0.3334067188998848,1.5710633998361527,0.4512820512820513,-18.357602221834526,65.01431018547754,197,0.13575965331624887,1.2040142897747994,0.38071065989847713,-18.907670845771797,26.744651703301027,7,8
US30,0.6,3.0,2.5,True,392,0.27106678287953784,1.406971212796634,0.37755102040816324,-19.857521221834546,106.25817888877883,195,0.369302216335779,1.5776987644405869,0.4,-19.857521221834546,72.0139321854769,197,0.17382866346853773,1.2509866314411322,0.3553299492385787,-16.657792345771476,34.24424670330193,7,8
US30,0.6,3.0,2.5,False,392,0.26596501757341473,1.3993115814984702,0.37755102040816324,-19.857521221834546,104.25828688877858,195,0.3564823958229583,1.557644743254121,0.4,-19.857521221834546,69.51406718547688,197,0.1763665974786889,1.2546510875516346,0.3553299492385787,-17.65773834577161,34.74421970330172,7,8
US30,0.6,3.0,3.0,True,392,0.2761685481856571,1.3967967435664537,0.3494897959183674,-20.407589845771696,108.25807088877758,195,0.37699410864346916,1.561216599541689,0.36923076923076925,-16.857683221834623,73.51385118547648,197,0.17636659747868577,1.2449538141288237,0.3299492385786802,-20.40758984577171,34.7442197033011,8,8
US30,0.6,3.0,3.0,False,392,0.2736176655325961,1.3931316559357134,0.3494897959183674,-20.40758984577169,107.25812488877767,195,0.3641742881306485,1.542132226841997,0.36923076923076925,-16.857683221834627,71.01398618547645,197,0.18398039950914327,1.25552854808664,0.3299492385786802,-20.40758984577171,36.244138703301225,8,8
US30,0.6,4.0,,False,392,0.38055963463877535,1.501836948304909,0.29081632653061223,-18.32013999404326,149.17937677839993,195,0.5176199285902494,1.7129782598183654,0.31794871794871793,-12.258616805363298,100.93588607509864,197,0.24489081575279847,1.309854476771161,0.2639593908629442,-18.320139994043277,48.2434907033013,7,8
US30,0.6,4.0,1.0,True,392,0.17658657355507848,1.3476463310166336,0.5255102040816326,-20.722207314221514,69.22193683359076,195,0.32295475964250797,1.6962853885413418,0.5641025641025641,-10.518185669761369,62.97617813028905,197,0.03170435890000867,1.0574745212243062,0.4873096446700508,-19.598358177985283,6.245758703301707,5,8
US30,0.6,4.0,1.0,False,392,0.18168833886119834,1.3469638794205088,0.29081632653061223,-17.907724845771554,71.22182883358975,195,0.292187190411735,1.6089056843820395,0.31794871794871793,-11.420556232839736,56.97650213028833,197,0.07231130306244381,1.1275324447947868,0.2639593908629442,-17.907724845771554,14.24532670330143,6,8
US30,0.6,4.0,1.5,True,392,0.23079282993263003,1.4045084871613944,0.46683673469387754,-16.15781934577167,90.47078933359097,195,0.39602773656558515,1.7554932343096092,0.5076923076923077,-14.967759858785424,77.22540863028911,197,0.0672354350421414,1.1090715268296345,0.4263959390862944,-16.157819345771678,13.245380703301855,6,8
US30,0.6,4.0,1.5,False,392,0.23972091921834224,1.4201566677884077,0.46683673469387754,-16.157819345771827,93.97060033359016,195,0.3626962032322493,1.6919074154453033,0.5076923076923077,-14.420394232839765,70.72575963028862,197,0.11799411524518545,1.1914139218202093,0.4263959390862944,-16.15781934577183,23.244840703301534,6,8
US30,0.6,4.0,2.0,True,392,0.27096923171834275,1.4336572408469606,0.41581632653061223,-18.407697845771764,106.21993883359035,195,0.4408971083604571,1.7551743483425595,0.4512820512820513,-13.260296784912594,85.97493613028914,197,0.10276651118427015,1.1544334880043736,0.38071065989847713,-18.407697845771754,20.245002703301218,7,8
US30,0.6,4.0,2.0,False,392,0.27989732100405557,1.4479456917575129,0.41581632653061223,-17.407751845771912,109.71974983358979,195,0.40500161092455733,1.693692069664456,0.4512820512820513,-13.760269784912616,78.97531413028868,197,0.15606312539746756,1.2345255524027552,0.38071065989847713,-17.40775184577188,30.744435703301107,7,8
US30,0.6,4.0,2.5,True,392,0.3143342368203832,1.4719316185603812,0.37755102040816324,-17.15776534577158,123.2190208335902,195,0.458844857078401,1.7177701494298583,0.4,-14.260242784912634,89.4747471302882,197,0.17129072945838586,1.2473221753306287,0.3553299492385787,-17.157765345771566,33.744273703302014,7,8
US30,0.6,4.0,2.5,False,392,0.31688511947344333,1.4757614342094612,0.37755102040816324,-16.1578193457717,124.21896683358979,195,0.428077287847631,1.669640498582339,0.4,-14.26024278491263,83.47507113028804,197,0.20682180560051647,1.2986245608776812,0.3553299492385787,-16.157819345771696,40.743895703301746,8,8
US30,0.6,4.0,3.0,True,392,0.35387291794282916,1.5084417555820935,0.3494897959183674,-20.907562845771793,138.71818383358902,195,0.49217639041173156,1.7326840230885385,0.36923076923076925,-13.420448232839846,95.97439613028766,197,0.21697354164112365,1.3013523952371735,0.3299492385786802,-20.907562845771803,42.74378770330136,8,8
US30,0.6,4.0,3.0,False,392,0.355148359269359,1.510274299397463,0.3494897959183674,-19.043460072240578,139.21815683358872,195,0.46653674938608963,1.6945152776891546,0.36923076923076925,-13.420448232839846,90.97466613028747,197,0.2448908157527983,1.3401264197491622,0.3299492385786802,-19.043460072240585,48.24349070330127,8,8
US30,0.6,5.0,,False,392,0.4219218629568341,1.52606335235033,0.25,-20.31784409284016,165.39337027907897,195,0.6417920388501436,1.8459628946519178,0.28717948717948716,-14.949348797201736,125.149447575778,197,0.20428387159036016,1.2417619852242756,0.2131979695431472,-19.54088750855338,40.24392270330095,7,8
US30,0.6,5.0,1.0,True,392,0.17430974383655737,1.343163931918796,0.5255102040816326,-25.37504476227238,68.32941958393049,195,0.3388894609263014,1.730640354193367,0.5641025641025641,-9.578420143138308,66.08344488062878,197,0.011400886818790382,1.0206678366690551,0.4873096446700508,-23.59814217798551,2.2459747033017052,5,8
US30,0.6,5.0,1.0,False,392,0.2023694530202277,1.3843375799851196,0.25,-20.94754029458987,79.32882558392926,195,0.354273245541682,1.7353964287445391,0.28717948717948716,-9.920637232839773,69.08328288062799,197,0.052007830981224676,1.0911007750056374,0.2131979695431472,-18.170691710303032,10.245542703301261,6,8
US30,0.6,5.0,1.5,True,392,0.23489320684676177,1.41169518036504,0.46683673469387754,-17.87544976227248,92.07813708393061,195,0.419654330157071,1.800565157208106,0.5076923076923077,-12.967867858785443,81.83259438062885,197,0.05200783098122726,1.08436880833246,0.4263959390862944,-17.657738345771676,10.24554270330177,6,8
US30,0.6,5.0,1.5,False,392,0.2604020333773716,1.4564042678707974,0.46683673469387754,-15.375584762272396,102.07759708392967,195,0.4247822583621964,1.8103475908795317,0.5076923076923077,-12.920475232839802,82.8325403806283,197,0.09769064316396633,1.158476963823977,0.4263959390862944,-14.72407857435536,19.24505670330137,7,8
US30,0.6,5.0,2.0,True,392,0.28144681526512777,1.4504254914074717,0.41581632653061223,-21.375260762272532,110.32715158393009,195,0.4722155942596355,1.8088170616457542,0.4512820512820513,-11.420556232839756,92.08204088062892,197,0.09261477514366082,1.1391778566903958,0.38071065989847713,-20.372206663112618,18.24511070330118,7,8
US30,0.6,5.0,2.0,False,392,0.3005784351630849,1.4810436005015133,0.41581632653061223,-16.375530762272504,117.82674658392928,195,0.46708766605450436,1.8000338789774493,0.4512820512820513,-11.92052923283978,91.08209488062835,197,0.1357596533162484,1.2040142897747987,0.38071065989847713,-16.043622072240524,26.74465170330093,7,8
US30,0.6,5.0,2.5,True,392,0.32481182036716816,1.4876623356844643,0.37755102040816324,-18.657684345771585,127.32623358392992,195,0.4952912711827075,1.7747832066631894,0.4,-12.670488732839772,96.58179788062796,197,0.15606312539747189,1.225335438667605,0.3553299492385787,-18.657684345771568,30.74443570330196,7,8
US30,0.6,5.0,2.5,False,392,0.33756623363247273,1.506811413929869,0.37755102040816324,-15.043676072240402,132.3259635839293,195,0.4901633429775781,1.7667615981886011,0.4,-12.670488732839772,95.58185188062772,197,0.1865183335192974,1.269308911993649,0.3553299492385787,-15.043676072240402,36.744111703301584,7,8
US30,0.6,5.0,3.0,True,392,0.3681768254692061,1.5289934945981036,0.3494897959183674,-22.407481845771798,144.32531558392878,195,0.5311867686186025,1.7907572695986058,0.36923076923076925,-12.258616805363385,103.58141988062748,197,0.20682180560051425,1.287252749960086,0.3299492385786802,-22.407481845771805,40.743895703301305,8,8
US30,0.6,5.0,3.0,False,392,0.3758294734283884,1.5399887574903237,0.3494897959183674,-18.32013999404326,147.32515358392826,195,0.5286228045160367,1.786940395058665,0.36923076923076925,-12.258616805363385,103.08144688062717,197,0.22458734367157915,1.3119271291949872,0.3299492385786802,-18.320139994043277,44.24370670330109,8,8
US30,0.6,6.0,,False,392,0.4771320448291002,1.577072953338192,0.22704081632653061,-26.928315975400096,187.03576157300728,195,0.7575244653222247,1.9776056901312817,0.2717948717948718,-14.949348797201722,147.71727073783381,197,0.19958624789428142,1.2272613171507234,0.18274111675126903,-26.928315975400125,39.31849083517344,7,8
US30,0.6,6.0,1.0,True,392,0.18517940906420577,1.3645630630061454,0.5255102040816326,-26.98359874362938,72.59032835316866,195,0.38125198794803566,1.82197329698564,0.5641025641025641,-9.57842014313831,74.34413764986695,197,-0.00890258526242782,0.9838611521138041,0.4873096446700508,-26.206642159342586,-1.7538092966982806,5,8
US30,0.6,6.0,1.0,False,392,0.2299745439563608,1.435260409945698,0.22704081632653061,-22.946557677693193,90.15002123089343,195,0.4121394587777226,1.8540238859907991,0.2717948717948718,-9.457763066947813,80.36719446165591,197,0.049659019133185336,1.0865635108334275,0.18274111675126903,-21.169655093406476,9.782826769237511,6,8
US30,0.6,6.0,1.5,True,392,0.24296674380325306,1.425845594921962,0.46683673469387754,-21.23080114446948,95.2429635708752,195,0.4666517788080688,1.8902211363411787,0.5076923076923077,-10.967975858785477,90.99709686757342,197,0.02155262285940001,1.0349633713381141,0.4263959390862944,-21.23080114446947,4.245866703301802,7,8
US30,0.6,6.0,1.5,False,392,0.2880071243135046,1.504787458872821,0.46683673469387754,-16.428882975400313,112.89879273089382,195,0.482648471598237,1.9207376685394228,0.5076923076923077,-11.420556232839774,94.11645196165621,197,0.09534183131592697,1.1546666442456084,0.4263959390862944,-16.428882975400313,18.782340769237614,7,8
US30,0.6,6.0,2.0,True,392,0.29589755885427166,1.4735523591825144,0.41581632653061223,-23.87512576227249,115.9918430708745,195,0.526904935218325,1.9024896819388257,0.4512820512820513,-10.45770906694781,102.74646236757339,197,0.06723543504213765,1.1010387784054514,0.38071065989847713,-23.872017663112654,13.245380703301116,8,8
US30,0.6,6.0,2.0,False,392,0.32818352609921797,1.5252225926799916,0.41581632653061223,-15.483851687624096,128.64794223089345,195,0.5249538792905449,1.899147887763037,0.4512820512820513,-10.758697805363317,102.36600646165627,197,0.133410841468209,1.2004845873242762,0.38071065989847713,-15.483851687624089,26.281935769237172,8,8
US30,0.6,6.0,2.5,True,392,0.3409379393645252,1.5118735877469265,0.37755102040816324,-18.338165696336347,133.64767223089387,195,0.5505935203161842,1.8612924112712306,0.4,-12.008630305363399,107.36573646165593,197,0.133410841468213,1.192628402184627,0.3553299492385787,-18.311168612049833,26.28193576923796,7,8
US30,0.6,6.0,2.5,False,392,0.3651713245686058,1.5482568364131988,0.37755102040816324,-14.820328994043251,143.14715923089346,195,0.5480295562136186,1.857281607033935,0.4,-12.008630305363399,106.86576346165563,197,0.184169521671258,1.2659175243947038,0.3553299492385787,-14.82032899404326,36.281395769237825,8,8
US30,0.6,6.0,3.0,True,392,0.38812926844615486,1.5576610038110874,0.3494897959183674,-21.907508845771844,152.1466732308927,195,0.589052981854643,1.8769004709805608,0.36923076923076925,-11.953298544523335,114.86533146165539,197,0.18924538969156005,1.2628410406162396,0.3299492385786802,-21.907508845771844,37.28134176923733,8,8
US30,0.6,6.0,3.0,False,392,0.4034345643645214,1.57965152959553,0.3494897959183674,-18.684452466787192,158.14634923089238,195,0.5864890177520773,1.8730835964406198,0.36923076923076925,-11.953298544523337,114.36535846165506,197,0.22223853182353984,1.3086648877667726,0.3299492385786802,-18.684452466787207,43.78099076923735,8,8
US30,0.7,,,False,392,0.32864140868885816,1.3773018167218882,0.17857142857142858,-44.62288072339132,128.8274322060324,195,0.7629466164935506,1.9465676706701691,0.2358974358974359,-16.913401883090728,148.77459021624236,197,-0.10125460918888304,0.8917511302251868,0.1218274111675127,-44.62288072339135,-19.94715801020996,5,8
US30,0.7,,1.0,True,392,0.13936492434865322,1.2876689655964322,0.5433673469387755,-28.47096418320178,54.63105034467206,195,0.3807014433301108,1.8682868010851386,0.5846153846153846,-8.473172869815663,74.2367814493716,197,-0.09952147768883024,0.8122262125640409,0.5025380710659898,-28.47096418320178,-19.605731104699558,5,8
US30,0.7,,1.0,False,392,0.17818918332443906,1.3519756232777527,0.17857142857142858,-29.597834557337734,69.85015986318011,195,0.43952450141370336,1.9610985765189493,0.2358974358974359,-9.284453808147415,85.70727777567215,197,-0.0804929843273708,0.8548884032661586,0.1218274111675127,-29.597834557337713,-15.857117912492047,5,8
US30,0.7,,1.5,True,392,0.1435310196680481,1.2514600703417305,0.461734693877551,-28.151744464959435,56.26415970987485,195,0.3759015004940112,1.7014300713167583,0.49230769230769234,-12.284291808147268,73.30079259633219,197,-0.08648036998201696,0.857132700100756,0.43147208121827413,-28.151744464959425,-17.03663288645734,5,8
US30,0.7,,1.5,False,392,0.21198837847750202,1.3713943695715887,0.461734693877551,-23.652579401198594,83.0994443631808,195,0.4702920706444739,1.877562340715144,0.49230769230769234,-12.784264808147334,91.70695377567242,197,-0.04369294118016058,0.9278183877755835,0.43147208121827413,-23.652579401198658,-8.607509412491634,5,8
US30,0.7,,2.0,True,392,0.1679024731235064,1.266312090787227,0.40561224489795916,-22.806537163851957,65.81776946441451,195,0.38594521307571406,1.6302531998089833,0.4205128205128205,-15.590167065904698,75.25931654976424,197,-0.04792663495101387,0.9260843153501067,0.39086294416243655,-22.806537163851957,-9.441547085349733,5,8
US30,0.7,,2.0,False,392,0.24323669097750011,1.3858005812858751,0.40561224489795916,-17.36961099896928,95.34878286318005,195,0.48567585525985696,1.7931145444403778,0.4205128205128205,-14.260864053797771,94.7067917756721,197,0.0032588380076545155,1.0050259994832746,0.39086294416243655,-17.369610998969268,0.6419910875079395,5,8
US30,0.7,,2.5,True,392,0.21489254156602497,1.3202803747731882,0.3673469387755102,-20.485534310784985,84.23787629388178,195,0.42072018989538273,1.636728017539599,0.37435897435897436,-13.534224308147547,82.04043702959963,197,0.011154514031889069,1.0163785094704763,0.3604060913705584,-20.485534310785006,2.1974392642821465,5,8
US30,0.7,,2.5,False,392,0.27537342333780007,1.4104223561528693,0.3673469387755102,-17.20827301126917,107.94638194841762,195,0.5054095556969714,1.7648989332423615,0.37435897435897436,-13.534224308147547,98.55486336090942,197,0.047672683185320856,1.069999238945021,0.3604060913705584,-17.208273011269164,9.391518587508209,6,8
US30,0.7,,3.0,True,392,0.19767408365785905,1.2757633703501428,0.3239795918367347,-26.473942792858793,77.48824079388075,195,0.4232841539979449,1.6060961889489433,0.3384615384615385,-13.284237808147484,82.54041002959926,197,-0.025645529115322446,0.9651121539999932,0.3096446700507614,-26.473942792858793,-5.052169235718522,6,8
US30,0.7,,3.0,False,392,0.27983746798065545,1.390384626515645,0.3239795918367347,-20.04071574643308,109.69628744841694,195,0.5259212685174834,1.7530612084694013,0.3384615384615385,-13.284237808147484,102.55464736090927,197,0.03625198013963283,1.0493167247444766,0.3096446700507614,-20.04071574643307,7.1416400875076675,6,8
US30,0.7,2.0,,False,392,0.15783197326614204,1.2503391523164853,0.40561224489795916,-25.335946380516624,61.87013352032768,195,0.20840509402616328,1.3403280385828074,0.4205128205128205,-25.335946380516624,40.63899333510184,197,0.10777228520419206,1.1662136775363756,0.39086294416243655,-17.505439852306782,21.231140185225836,7,8
US30,0.7,2.0,1.0,True,392,0.09023358296002057,1.1862549102185183,0.5433673469387755,-17.58429711871993,35.371564520328064,195,0.17763752479539552,1.4051477105211088,0.5846153846153846,-13.336594380516479,34.63931733510213,197,0.0037169907879489182,1.007013093598751,0.5025380710659898,-17.584297118719924,0.7322471852259369,5,8
US30,0.7,2.0,1.0,False,392,0.08130549367430553,1.1648599753375117,0.3979591836734694,-18.005412852306883,31.87175352032777,195,0.15456184787231741,1.3446054612051819,0.4153846153846154,-16.836405380516545,30.139560335101898,197,0.00879285880825315,1.0163622620020925,0.38071065989847713,-18.00541285230687,1.7321931852258707,4,8
US30,0.7,2.0,1.5,True,392,0.10872748219471545,1.1904857945271656,0.461734693877551,-17.602282106196064,42.621173020328456,195,0.1981492376159088,1.3697453553381134,0.49230769230769234,-17.602282106196064,38.63910133510222,197,0.020213561853940312,1.0333932082392723,0.43147208121827413,-15.755534352306551,3.9820716852262414,5,8
US30,0.7,2.0,1.5,False,392,0.10745204086818497,1.1882512770937366,0.461734693877551,-19.836243380516503,42.12120002032851,195,0.16994563248770372,1.3171175878765102,0.49230769230769234,-19.836243380516503,33.13939833510223,197,0.045592901955463366,1.0753203854042541,0.43147208121827413,-16.755480352306527,8.981801685226284,5,8
US30,0.7,2.0,2.0,True,392,0.12300803598358351,1.1951044951096221,0.40561224489795916,-25.987631795279352,48.21915010556474,195,0.18455140471968762,1.3013746755060998,0.4205128205128205,-25.987631795279352,35.987523920339086,197,0.062089473021450035,1.0957585674984778,0.39086294416243655,-17.505439852306782,12.231626185225657,6,8
US30,0.7,2.0,2.0,False,392,0.11790627067746193,1.1870125250504344,0.40561224489795916,-25.987631795279352,46.219258105565075,195,0.17429554830943192,1.284626737974155,0.4205128205128205,-25.987631795279352,33.987631920339226,197,0.062089473021451,1.095758567498479,0.39086294416243655,-17.505439852306782,12.231626185225847,5,8
US30,0.7,2.0,2.5,True,392,0.19290660974573337,1.3059714464734091,0.40561224489795916,-24.336000380516616,75.61939102032748,195,0.25071050171846915,1.409413280902081,0.4205128205128205,-24.336000380516616,48.888547835101484,197,0.135689559315868,1.209269578115092,0.39086294416243655,-16.83433761871999,26.730843185226,7,8
US30,0.7,2.0,2.5,False,392,0.1941820510722642,1.307994438988207,0.40561224489795916,-24.336000380516616,76.11936402032757,195,0.24814653761590505,1.4052262965190947,0.4205128205128205,-24.336000380516616,48.38857483510149,197,0.140765427336173,1.2170979236748587,0.39086294416243655,-16.83433761871999,27.73078918522608,7,8
US30,0.7,2.0,3.0,True,392,0.19481977173552964,1.3090059352456056,0.40561224489795916,-23.336054380516586,76.36935052032761,195,0.2468645555646259,1.403132804327606,0.4205128205128205,-23.336054380516586,48.13858833510205,197,0.14330336134632263,1.2210120964547377,0.39086294416243655,-16.584351118719912,28.230762185225558,7,8
US30,0.7,2.0,3.0,False,392,0.19737065438859097,1.3130519202752002,0.40561224489795916,-23.336054380516586,77.36929652032767,195,0.2468645555646259,1.403132804327606,0.4205128205128205,-23.336054380516586,48.13858833510205,197,0.14837922936662745,1.2288404420145045,0.39086294416243655,-16.584351118719912,29.23070818522561,7,8
US30,0.7,3.0,,False,392,0.2310335272724527,1.3223011482618305,0.3239795918367347,-20.08416211871974,90.56514269080145,195,0.2888959205414161,1.4136670716095345,0.3384615384615385,-14.957200588357384,56.33470450557614,197,0.17375856946814872,1.23637890977123,0.3096446700507614,-20.084162118719753,34.230438185225296,7,8
US30,0.7,3.0,1.0,True,392,0.15489406914684917,1.319723322469747,0.5433673469387755,-17.084324118719884,60.71847510556487,195,0.2717261842068677,1.61974091086245,0.5846153846153846,-10.194076063934506,52.98660592033921,197,0.0392480669300795,1.0740519368094972,0.5025380710659898,-17.08432411871987,7.731869185225661,5,8
US30,0.7,3.0,1.0,False,392,0.12938524261623632,1.260097443853154,0.3239795918367347,-19.08421611871988,50.71901510556464,195,0.20249915343763616,1.4477718991055661,0.3384615384615385,-11.957362588357409,39.48733492033905,197,0.05701360500114507,1.1051519782827932,0.3096446700507614,-19.084216118719862,11.23168018522558,5,8
US30,0.7,3.0,1.5,True,392,0.16701076174889135,1.2925955517791894,0.461734693877551,-15.334418618719575,65.46821860556541,195,0.27941807651456074,1.5213925485246165,0.49230769230769234,-15.162780857012514,54.48652492033935,197,0.055744637996071426,1.092091256270245,0.43147208121827413,-15.334418618719573,10.981693685226071,6,8
US30,0.7,3.0,1.5,False,392,0.16318443776929925,1.285891999478901,0.461734693877551,-17.334310618719577,63.968299605565306,195,0.23326672266840667,1.4352743835874469,0.49230769230769234,-15.662753857012577,45.4870109203393,197,0.09381364814835529,1.1549820220177167,0.43147208121827413,-17.334310618719567,18.48128868522599,6,8
US30,0.7,3.0,2.0,True,392,0.19315730894276656,1.3063690834234707,0.40561224489795916,-19.987955795279376,75.71766510556449,195,0.2742901483094303,1.4479191289106241,0.4205128205128205,-19.987955795279376,53.486578920338914,197,0.11284815322449532,1.1740420230961397,0.39086294416243655,-19.084216118719798,22.23108618522558,6,8
US30,0.7,3.0,2.0,False,392,0.19443275026929735,1.3083920759382681,0.40561224489795916,-19.987955795279376,76.21763810556456,195,0.24865050728378968,1.4060492850807604,0.4205128205128205,-19.987955795279376,48.486848920338986,197,0.1407654273361704,1.2170979236748547,0.39086294416243655,-18.5842431187198,27.730789185225568,7,8
US30,0.7,3.0,2.5,True,392,0.21593112542192425,1.3218283020496615,0.3673469387755102,-20.08416211871984,84.6450011653943,195,0.28289387938547866,1.4281383763398494,0.37435897435897436,-17.639803210042242,55.164306480168335,197,0.1496481963717054,1.2197329614276866,0.3604060913705584,-20.08416211871983,29.480694685225963,7,8
US30,0.7,3.0,2.5,False,392,0.22485921470763767,1.3351349145621216,0.3673469387755102,-19.084216118719844,88.14481216539397,195,0.2649461306675289,1.4009758233296867,0.37435897435897436,-17.639803210042242,51.66449548016814,197,0.1851792725138367,1.2719043124544023,0.3604060913705584,-19.08421611871985,36.48031668522583,7,8
US30,0.7,3.0,3.0,True,392,0.1948863435341666,1.2718743597224251,0.3239795918367347,-21.584081118719773,76.39544666539331,195,0.26238216656496377,1.3757023023450188,0.3384615384615385,-14.957200588357384,51.16452248016793,197,0.12807575728540802,1.17423260313385,0.3096446700507614,-21.58408111871977,25.230924185225376,5,8
US30,0.7,3.0,3.0,False,392,0.1987126675137583,1.277212236985537,0.3239795918367347,-20.084162118719753,77.89536566539326,195,0.2546902742572715,1.3646883615455232,0.3384615384615385,-14.957200588357384,49.66460348016794,197,0.14330336134632138,1.194948038679643,0.3096446700507614,-20.084162118719753,28.230762185225313,6,8
US30,0.7,4.0,,False,392,0.3202139448538403,1.4199339154384325,0.28061224489795916,-19.20487863520549,125.52386638270539,195,0.45636932540902486,1.6245258871352979,0.3076923076923077,-12.09010722444446,88.99201845475984,197,0.18544085242611946,1.233552625603542,0.25380710659898476,-19.204878635205496,36.531847927945535,7,8
US30,0.7,4.0,1.0,True,392,0.1978242476534624,1.408337298343419,0.5433673469387755,-17.58429711871983,77.54710508015727,195,0.33238720971759506,1.7580938609603611,0.5846153846153846,-8.694157063934622,64.81550589493104,197,0.06462740703160529,1.1219368248171806,0.5025380710659898,-17.584297118719824,12.73159918522624,6,8
US30,0.7,4.0,1.0,False,392,0.17397545140693013,1.3480948599024047,0.28061224489795916,-17.646765141831352,68.19837695151661,195,0.2862358558714405,1.6307017187649449,0.3076923076923077,-10.163050857012813,55.8159918949309,197,0.06285474648013047,1.1152700056789209,0.25380710659898476,-17.646765141831338,12.382385056585703,6,8
US30,0.7,4.0,1.5,True,392,0.21631814688815768,1.3789799345012113,0.461734693877551,-15.834391618719508,84.79671358015781,195,0.34777099433298025,1.6489387061139669,0.49230769230769234,-13.66286185701259,67.81534389493115,197,0.08619984611790193,1.142403868868228,0.43147208121827413,-15.834391618719527,16.98136968522668,6,8
US30,0.7,4.0,1.5,False,392,0.207774646559993,1.3640120955040838,0.461734693877551,-15.834391618719543,81.44766145151726,195,0.317003425102211,1.5915265961558542,0.49230769230769234,-14.162834857012651,61.81566789493115,197,0.0996547896273407,1.1646317045017955,0.43147208121827413,-15.834391618719565,19.631993556586117,7,8
US30,0.7,4.0,2.0,True,392,0.24029840038652198,1.3811401239616503,0.40561224489795916,-18.084270118719715,94.19697295151661,195,0.3477709943329782,1.5679142389987673,0.4205128205128205,-15.988171795279523,67.81534389493075,197,0.13391689876439533,1.2065356616102527,0.39086294416243655,-18.084270118719736,26.38162905658588,7,8
US30,0.7,4.0,2.0,False,392,0.23902295905999116,1.379117131446853,0.40561224489795916,-17.084324118719792,93.69699995151653,195,0.3323872097175941,1.54279233270085,0.4205128205128205,-14.957200588357507,64.81550589493085,197,0.1466065688151558,1.2261065255096673,0.39086294416243655,-17.084324118719792,28.88149405658569,6,8
US30,0.7,4.0,2.5,True,392,0.2737105740733534,1.407944010549401,0.3673469387755102,-19.084216118719738,107.29454503675454,195,0.3649407306675299,1.5523100472434428,0.37435897435897436,-13.957254588357625,71.16344248016833,197,0.18340661196236657,1.269301461487772,0.3604060913705584,-19.084216118719766,36.131102556586214,8,8
US30,0.7,4.0,2.5,False,392,0.2711596914202911,1.4041421212601248,0.3673469387755102,-17.58429711871983,106.29459903675411,195,0.3521209101547084,1.5329082236647549,0.37435897435897436,-13.957254588357626,68.66357748016814,197,0.1910204139928221,1.2804810367077806,0.3604060913705584,-17.58429711871985,37.63102155658596,8,8
US30,0.7,4.0,3.0,True,392,0.2564921161651878,1.35781691313858,0.3239795918367347,-20.5841351187197,100.54490953675361,195,0.35724883835983595,1.5115409055388,0.3384615384615385,-13.162888857012828,69.66352348016801,197,0.15675830485576445,1.2132519697463555,0.3096446700507614,-20.584135118719704,30.881386056585598,7,8
US30,0.7,4.0,3.0,False,392,0.2692465294304936,1.3756098373489536,0.3239795918367347,-18.76851943253584,105.5446395367535,195,0.3598128024624004,1.5152122191386324,0.3384615384615385,-13.162888857012828,70.16349648016808,197,0.1795997109471341,1.2443251230650445,0.3096446700507614,-18.768519432535843,35.381143056585415,7,8
US30,0.7,5.0,,False,392,0.35552875352205915,1.4440732767568847,0.24489795918367346,-22.535094561821182,139.3672713806472,195,0.5530007869369333,1.7298248239591014,0.28205128205128205,-14.820876954809833,107.835153452702,197,0.16006151232459487,1.1898568903104427,0.20812182741116753,-22.535094561821204,31.532117927945187,7,8
US30,0.7,5.0,1.0,True,392,0.1791567153216423,1.3698048645819783,0.5433673469387755,-21.949099547808643,70.22943240608377,195,0.35383185754286023,1.8070038532570047,0.5846153846153846,-7.650151967281001,68.99721222085775,197,0.006254924798101694,1.0118015823995195,0.5025380710659898,-21.94909954780867,1.2322201852260337,6,8
US30,0.7,5.0,1.0,False,392,0.19163285574103953,1.3816208987967586,0.24489795918367346,-17.47717006844664,75.1200794504875,195,0.33455158663539475,1.7350045843680006,0.28205128205128205,-8.66313185701275,65.23755939390198,197,0.050165076429368155,1.0914313798023112,0.20812182741116753,-17.477170068446632,9.882520056585527,6,8
US30,0.7,5.0,1.5,True,392,0.20402782118899077,1.3574478212898444,0.461734693877551,-19.861242594682125,79.97890590608438,195,0.3769075344659378,1.7033073250115376,0.49230769230769234,-12.162942857012528,73.49696922085786,197,0.03290323190470313,1.0543567968217655,0.43147208121827413,-19.861242594682142,6.481936685226517,6,8
US30,0.7,5.0,1.5,False,392,0.2254320508941025,1.3949470958000227,0.461734693877551,-15.26702276248173,88.36936395048818,195,0.36531915586616526,1.6816834761654926,0.49230769230769234,-12.662915857012589,71.23723539390222,197,0.08696511957657838,1.1436681159193032,0.43147208121827413,-15.267022762481727,17.13212855658594,7,8
US30,0.7,5.0,2.0,True,392,0.23141570203285974,1.367051171450177,0.40561224489795916,-19.73997265095197,90.71495519688102,195,0.37862981097587334,1.618307059721972,0.4205128205128205,-13.16288885701275,73.8328131402953,197,0.08569615257150116,1.1321663787924714,0.39086294416243655,-19.73997265095197,16.882142056585728,7,8
US30,0.7,5.0,2.0,False,392,0.2566803633941006,1.407123748494317,0.40561224489795916,-15.768681432536027,100.61870245048743,195,0.38070294048154835,1.6216925052730582,0.4205128205128205,-13.16288885701275,74.23707339390192,197,0.13391689876439344,1.2065356616102505,0.39086294416243655,-15.768681432536031,26.38162905658551,7,8
US30,0.7,5.0,2.5,True,392,0.2699296410258136,1.4023088282176481,0.3673469387755102,-20.584135118719814,105.81241928211894,195,0.40092747551555313,1.6067732492839322,0.37435897435897436,-12.412929357012892,78.18085772553286,197,0.14026173378977708,1.2059505352410436,0.3604060913705584,-20.584135118719818,27.631561556586085,8,8
US30,0.7,5.0,2.5,False,392,0.28881709575440057,1.430459088970764,0.3673469387755102,-17.33435483171114,113.21630153572502,195,0.4004366409186627,1.606030408442622,0.37435897435897436,-12.412929357012889,78.08514497913923,197,0.1783307439420598,1.2618484113410948,0.3604060913705584,-17.33435483171114,35.13115655658578,7,8
US30,0.7,5.0,3.0,True,392,0.25908838975030096,1.361438820173298,0.3239795918367347,-22.15937021494082,101.56264878211798,195,0.4034914396181154,1.5777552065585942,0.3384615384615385,-12.090107224444381,78.6808307255325,197,0.11615136069332728,1.158010808290905,0.3096446700507614,-22.15937021494083,22.881818056585473,6,8
US30,0.7,5.0,3.0,False,392,0.29328114039725595,1.4091390952193,0.3239795918367347,-18.45820551126927,114.96620703572432,195,0.42094835373917466,1.6027515807900623,0.3384615384615385,-12.090107224444381,82.08492897913906,197,0.16691004089637176,1.2270622601102157,0.3096446700507614,-18.458205511269277,32.88127805658524,7,8
US30,0.7,6.0,,False,392,0.37382318586057006,1.4517106034293317,0.2193877551020408,-22.45798951126929,146.53868885734346,195,0.5723963901020573,1.7295781144829054,0.2564102564102564,-14.820876954809833,111.61729606990119,197,0.17726595323574762,1.203718878129035,0.18274111675126903,-22.457989511269314,34.92139278744228,7,8
US30,0.7,6.0,1.0,True,392,0.16828222233149573,1.3473583690632414,0.5433673469387755,-22.111121094682574,65.96663115394632,195,0.3447911588139493,1.7863842325110602,0.5846153846153846,-7.650151967281004,67.23427596872011,197,-0.006434745252658872,0.9878591383956821,0.5025380710659898,-22.111121094682574,-1.2676448147737978,6,8
US30,0.7,6.0,1.0,False,392,0.200780071910295,1.3986814964784289,0.2193877551020408,-16.458313511269225,78.70578818883564,195,0.34424938821795675,1.754319727963853,0.2564102564102564,-8.611736404234392,67.12863070250157,197,0.05876729688494453,1.1067777645104033,0.18274111675126903,-16.458313511269235,11.577157486334073,6,8
US30,0.7,6.0,1.5,True,392,0.1818375122472123,1.3185713703295614,0.461734693877551,-20.361215594682136,71.28030480090723,195,0.3399912159778497,1.6344216837575882,0.49230769230769234,-11.272099906262866,66.2982871156807,197,0.02528942987424642,1.0417786436722711,0.43147208121827413,-20.361215594682143,4.982017685226545,6,8
US30,0.7,6.0,1.5,False,392,0.2345792670633579,1.4109726185523292,0.461734693877551,-15.565075263869744,91.9550726888363,195,0.37501695744872726,1.6997795190031315,0.49230769230769234,-12.436174986825124,73.12830670250182,197,0.09556734003215475,1.1578791560649666,0.43147208121827413,-15.565075263869751,18.826765986334486,7,8
US30,0.7,6.0,2.0,True,392,0.2109975651057456,1.3346657239109982,0.40561224489795916,-19.239999650951958,82.71104552145228,195,0.3442774565903495,1.5622092496211346,0.4205128205128205,-16.793896997536404,67.13410403511814,197,0.07907076896616307,1.121948265925643,0.39086294416243655,-19.23999965095195,15.576941486334125,7,8
US30,0.7,6.0,2.0,False,392,0.265827579563356,1.4216322558295562,0.40561224489795916,-15.685999486825308,104.20441118883556,195,0.39040074206411035,1.63752913252337,0.4205128205128205,-15.685999486825308,76.12814470250152,197,0.14251911921996985,1.2198025854227221,0.39086294416243655,-15.565075263869684,28.07626648633406,7,8
US30,0.7,6.0,2.5,True,392,0.2535680306644561,1.3779231391646922,0.3673469387755102,-20.084162118719803,99.39866802046679,195,0.3696018514570886,1.559364299145607,0.37435897435897436,-14.695730912299297,72.07236103413229,197,0.1387122182047437,1.2036753347606313,0.3604060913705584,-20.084162118719796,27.326306986334508,8,8
US30,0.7,6.0,2.5,False,392,0.297964311923656,1.4440922928105555,0.3673469387755102,-17.208273011269156,116.80201027407315,195,0.4101344425012247,1.6207072937560951,0.37435897435897436,-13.936093986825451,79.97621628773882,197,0.18693296439763618,1.274479311154031,0.3604060913705584,-17.208273011269164,36.825793986334325,7,8
US30,0.7,6.0,3.0,True,392,0.244002220715474,1.3403930020178108,0.3239795918367347,-21.659397214940796,95.6488705204658,195,0.3721658155596509,1.5329003704421096,0.3384615384615385,-12.182196135982245,72.57233403413193,197,0.11713977911844609,1.1593554399280237,0.3096446700507614,-21.65939721494081,23.07653648633388,6,8
US30,0.7,6.0,3.0,False,392,0.30242835656651135,1.4218998330635244,0.3239795918367347,-18.458205511269284,118.55191577407246,195,0.4306461553217367,1.6166377622708894,0.3384615384615385,-12.422505210508428,83.97600028773866,197,0.17551226135194817,1.238764609520232,0.3096446700507614,-18.458205511269277,34.57591548633379,7,8
US30,0.8,,,False,392,0.281267318821995,1.3305017502242098,0.1913265306122449,-39.543733401027126,110.25678897822205,195,0.6274188348728974,1.793956861358417,0.24615384615384617,-13.667447507921267,122.34667280021499,197,-0.06136996863955803,0.9326494647273731,0.13705583756345177,-39.54373340102697,-12.089883821992931,5,8
US30,0.8,,1.0,True,392,0.11547620604076242,1.2335801904383696,0.5306122448979592,-22.89854743173884,45.26667276797887,195,0.30733640429032694,1.680078047020066,0.5692307692307692,-10.274872742096743,59.930598836613754,197,-0.07443617293723293,0.8612315205718105,0.49238578680203043,-22.89854743173887,-14.663926068634886,5,8
US30,0.8,,1.0,False,392,0.14525595883872824,1.283597953295649,0.19387755102040816,-27.124574920968215,56.940335864781474,195,0.35954540156254716,1.769602095097486,0.24615384615384617,-11.311606676261219,70.11135330469669,197,-0.06685795654779293,0.8799114994781173,0.14213197969543148,-27.124574920968207,-13.171017439915207,5,8
US30,0.8,,1.5,True,392,0.14660704979172587,1.2574310268431574,0.45918367346938777,-23.79545721923514,57.469963518356536,195,0.35176988502419104,1.6606871990112049,0.49230769230769234,-13.576418797069813,68.59512757971726,197,-0.05647291401705946,0.9068401923649083,0.4263959390862944,-23.795457219235168,-11.125164061360714,5,8
US30,0.8,,1.5,False,392,0.1886209639407691,1.3312043213501645,0.45918367346938777,-22.45251907047448,73.93941786478149,195,0.40569675540870315,1.7619715740034914,0.49230769230769234,-12.81152567626107,79.11086730469711,197,-0.02625101238535856,0.9566953590652739,0.4263959390862944,-22.45251907047445,-5.171449439915636,5,8
US30,0.8,,2.0,True,392,0.1785361796484828,1.285193615629804,0.40561224489795916,-16.400310356527893,69.98618242220526,195,0.34895388301580543,1.563721551383083,0.41025641025641024,-16.400310356527893,68.04600718808206,197,0.009848605249356417,1.015559953613945,0.4010152284263959,-14.1848056567023,1.9401752341232141,7,8
US30,0.8,,2.0,False,392,0.2212895850589715,1.353487886816242,0.40561224489795916,-15.798837339827772,86.74551734311683,195,0.4021420296565713,1.6496449527230976,0.41025641025641024,-15.798837339827772,78.4176957830314,197,0.04227320588875846,1.0667880482654966,0.4010152284263959,-14.353995889588886,8.327821560085416,6,8
US30,0.8,,2.5,True,392,0.1777238924637604,1.2615602895158478,0.35459183673469385,-17.996759995834523,69.66776584579408,195,0.346389918913243,1.5192795120664975,0.3641025641025641,-15.650350856527915,67.54603418808239,197,0.010770211460465508,1.0155691344186302,0.34517766497461927,-17.996759995834548,2.121731657711705,6,8
US30,0.8,,2.5,False,392,0.23276855699774615,1.342570772643477,0.35459183673469385,-14.532152365399867,91.24527434311649,195,0.42265374247708526,1.633608015658071,0.3641025641025641,-14.048931839827844,82.41747978303162,197,0.044811139898907976,1.0647778052547157,0.34517766497461927,-14.532152365399876,8.827794560084872,5,8
US30,0.8,,3.0,True,392,0.18877613664133158,1.2652413254117403,0.3239795918367347,-21.606631290276816,74.00024556340198,195,0.36807736268691416,1.5303312527656077,0.3384615384615385,-13.311498676261085,71.77508572394827,197,0.011295227611440228,1.0154899285359686,0.3096446700507614,-21.60663129027678,2.225159839453725,6,8
US30,0.8,,3.0,False,392,0.25758680836475034,1.3619242753603815,0.3239795918367347,-18.133967961381273,100.97402887898212,195,0.45716100676357735,1.6586842713246104,0.3384615384615385,-13.311498676261085,89.14639631889759,197,0.06003874395982003,1.0823352910909898,0.3096446700507614,-18.133967961381256,11.827632560084545,6,8
US30,0.8,2.0,,False,392,0.161311851295948,1.2576794810195193,0.40561224489795916,-23.325316430009252,63.23424570801161,195,0.17686522444024538,1.2857189547383727,0.41025641025641024,-23.325316430009252,34.48871876584785,197,0.145916380417075,1.2305353959590215,0.4010152284263959,-14.208876636267536,28.745526942163774,7,8
US30,0.8,2.0,1.0,True,392,0.07890101844305225,1.159597509699997,0.5306122448979592,-16.63246890834418,30.929199229676485,195,0.1522163450641719,1.3368263350214273,0.5692307692307692,-16.63246890834418,29.682187287513518,197,0.00633000985869525,1.0118007926549004,0.49238578680203043,-14.837590584840402,1.2470119421629642,5,8
US30,0.8,2.0,1.0,False,392,0.07762557711652099,1.154864492527902,0.4005102040816326,-17.6324149083443,30.429226229676228,195,0.12657670403852858,1.2750057531334849,0.40512820512820513,-17.6324149083443,24.682457287513074,197,0.029171415950066754,1.053840530761718,0.39593908629441626,-15.208822636267849,5.7467689421631505,5,8
US30,0.8,2.0,1.5,True,392,0.11716425823896963,1.2057316844628099,0.45918367346938777,-18.62266803952953,45.92838922967609,195,0.19067580660263372,1.3581235061518497,0.49230769230769234,-18.62266803952953,37.18178228751358,197,0.04439902001097722,1.0732422655250227,0.4263959390862944,-16.208768636267756,8.746606942162513,5,8
US30,0.8,2.0,1.5,False,392,0.12099058221856182,1.2124504235173121,0.45918367346938777,-19.88229340834406,47.42830822967623,195,0.17272805788468465,1.3244144016098183,0.49230769230769234,-19.88229340834406,33.681971287513505,197,0.06977836011250116,1.1151089636211986,0.4263959390862944,-16.20876863626776,13.74633694216273,7,8
US30,0.8,2.0,2.0,True,392,0.12304861150002948,1.196557798430626,0.40561224489795916,-23.325316430009252,48.23505570801156,195,0.1563535116197323,1.2525830730775285,0.41025641025641024,-23.325316430009252,30.488934765847798,197,0.09008183219372469,1.1423215871592733,0.4010152284263959,-15.208822636267493,17.746120942163763,7,8
US30,0.8,2.0,2.0,False,392,0.11922228752043788,1.1904456301717372,0.40561224489795916,-23.325316430009252,46.73513670801165,195,0.14609765520947637,1.236015132247107,0.41025641025641024,-23.325316430009252,28.48904276584789,197,0.09261976620387698,1.14633130574108,0.4010152284263959,-15.708795636267515,18.246093942163764,7,8
US30,0.8,2.0,2.5,True,392,0.19511104644900792,1.3116703006397061,0.40561224489795916,-21.82539743000932,76.4835302080111,195,0.21788865008126992,1.3519907180600592,0.41025641025641024,-21.82539743000932,42.48828676584763,197,0.17256468752367243,1.2726374410679895,0.4010152284263959,-13.33767158484028,33.99524344216347,7,8
US30,0.8,2.0,2.5,False,392,0.19638648777553852,1.313707690059336,0.40561224489795916,-21.82539743000932,76.9835032080111,195,0.21788865008126992,1.3519907180600592,0.41025641025641024,-21.82539743000932,42.48828676584763,197,0.17510262153382472,1.2766471596497964,0.4010152284263959,-13.33767158484028,34.49521644216347,7,8
US30,0.8,2.0,3.0,True,392,0.18426979517349848,1.2943524905728545,0.40561224489795916,-21.825397430009293,72.2337597080114,195,0.20763279367101406,1.335422777229638,0.41025641025641024,-21.825397430009293,40.488394765847744,197,0.16114398447798817,1.254593707449861,0.4010152284263959,-13.83764458484023,31.74536494216367,7,8
US30,0.8,2.0,3.0,False,392,0.18426979517349848,1.2943524905728545,0.40561224489795916,-21.825397430009293,72.2337597080114,195,0.20763279367101406,1.335422777229638,0.41025641025641024,-21.825397430009293,40.488394765847744,197,0.16114398447798817,1.254593707449861,0.4010152284263959,-13.83764458484023,31.74536494216367,7,8
US30,0.8,3.0,,False,392,0.23390629790750558,1.3286517966887794,0.3239795918367347,-15.837536584840777,91.69126877974219,195,0.2869031786542573,1.4133743000315093,0.3384615384615385,-14.725845340429816,55.94611983758018,197,0.18144745655919808,1.2488314739482123,0.3096446700507614,-15.837536584840759,35.745148942162025,6,8
US30,0.8,3.0,1.0,True,392,0.13688074429985272,1.2768763489650778,0.5306122448979592,-15.337563584840517,53.65725176554226,195,0.24313081960707597,1.5380030828127065,0.5692307692307692,-12.872978539529425,47.41050982337981,197,0.03170934996021548,1.0591145152148789,0.49238578680203043,-15.337563584840526,6.2467419421624495,5,8
US30,0.8,3.0,1.0,False,392,0.12157544838148358,1.240699062246976,0.3239795918367347,-15.837536584840606,47.657575765541566,195,0.18928757345322714,1.408568102952467,0.3384615384615385,-13.725899340429951,36.91107682337929,197,0.054550756051585124,1.0998244422123298,0.3096446700507614,-15.837536584840624,10.746498942162269,5,8
US30,0.8,3.0,1.5,True,392,0.17514398409576976,1.307539751568756,0.45918367346938777,-16.83748258484045,68.65644176554174,195,0.28928217345322976,1.543324022434565,0.49230769230769234,-14.966138971615171,56.4100238233798,197,0.06216455808204033,1.10254895419234,0.4263959390862944,-16.83748258484046,12.246417942161944,6,8
US30,0.8,3.0,1.5,False,392,0.16494045348352437,1.2896231140900842,0.45918367346938777,-16.337509584840618,64.65665776554155,195,0.23543892729938312,1.4421967088084728,0.49230769230769234,-15.622830039529521,45.91059082337971,197,0.09515770021401951,1.1569756617173657,0.4263959390862944,-16.33750958484062,18.746066942161843,5,8
US30,0.8,3.0,2.0,True,392,0.2078126052139724,1.3319597650801727,0.40561224489795916,-18.482234011964955,81.46254124387718,195,0.2677796989831486,1.432587785053644,0.41025641025641024,-18.482234011964955,52.21704130171398,197,0.14845431442722445,1.2345451145408233,0.4010152284263959,-15.337563584840339,29.245499942163217,7,8
US30,0.8,3.0,2.0,False,392,0.1976090746017268,1.3156606497231336,0.40561224489795916,-18.825559430009257,77.46275724387691,195,0.23188420154725134,1.3745999921471668,0.41025641025641024,-18.825559430009257,45.21741930171401,197,0.16368191848813654,1.2586034260316614,0.4010152284263959,-14.837590584840491,32.2453379421629,7,8
US30,0.8,3.0,2.5,True,392,0.19378275062213499,1.2851944758425675,0.35459183673469385,-18.337401584840592,75.96283824387692,195,0.2575238425728938,1.386058739054225,0.3641025641025641,-17.325640430009333,50.21714930171429,197,0.13068877635615544,1.1889202578393325,0.34517766497461927,-18.3374015848406,25.745688942162623,6,8
US30,0.8,3.0,2.5,False,392,0.20398628123437912,1.300211243616583,0.35459183673469385,-17.32564043000933,79.96262224387661,195,0.24214005795750895,1.3629966239849527,0.3641025641025641,-17.32564043000933,47.21731130171425,197,0.16621985249828602,1.2402830470033164,0.34517766497461927,-16.837482584840647,32.74531094216235,6,8
US30,0.8,3.0,3.0,True,392,0.19946938209117943,1.280265950062575,0.3239795918367347,-17.065613874783537,78.19199777974234,195,0.2638275017311803,1.380126526895732,0.3384615384615385,-15.825721430009272,51.44636283758016,197,0.13576464437645783,1.1861834671638243,0.3096446700507614,-17.06561387478353,26.74563494216219,5,8
US30,0.8,3.0,3.0,False,392,0.20329570607077121,1.2856421552432644,0.3239795918367347,-16.92271674512142,79.69191677974231,195,0.2663914658337447,1.3838207239108185,0.3384615384615385,-14.725845340429816,51.94633583758021,197,0.14084051239676199,1.1931443568065336,0.3096446700507614,-16.92271674512138,27.74558094216211,5,8
US30,0.8,4.0,,False,392,0.2567152532538278,1.3330619612032664,0.26785714285714285,-16.11049863252461,100.63237927550051,195,0.3724209562740257,1.5017767672712217,0.2923076923076923,-11.961389642349813,72.62208647343502,197,0.1421842274216523,1.1779411409868068,0.2436548223350254,-16.11049863252459,28.010292802065504,7,8
US30,0.8,4.0,1.0,True,392,0.14352081484137946,1.2903075915975777,0.5306122448979592,-15.837536584840393,56.26015941782075,195,0.2513511357726049,1.556193106791966,0.5692307692307692,-11.373059539529509,49.01347147565795,197,0.03678521798052191,1.0685772597268792,0.49238578680203043,-15.837536584840395,7.246687942162816,5,8
US30,0.8,4.0,1.0,False,392,0.1329799260546447,1.2617548413916124,0.26785714285714285,-15.065721874783009,52.12813101342073,195,0.23204646226311135,1.4987068286996088,0.2923076923076923,-11.966300971615315,45.249060141306714,197,0.03491914148281222,1.0634507605208445,0.2436548223350254,-15.065721874783017,6.879070872114008,6,8
US30,0.8,4.0,1.5,True,392,0.1868858199434192,1.3281575381184367,0.45918367346938777,-17.33745558484032,73.25924141782033,195,0.3103223101315795,1.582841188515669,0.49230769230769234,-13.466219971615178,60.512850475658006,197,0.06470249209219463,1.1067356240019608,0.4263959390862944,-17.33745558484033,12.746390942162343,6,8
US30,0.8,4.0,1.5,False,392,0.17634493115668554,1.3096485248884226,0.45918367346938777,-14.33761758484048,69.12721301342073,195,0.27819781610926747,1.5225056030126802,0.49230769230769234,-13.966192971615166,54.24857414130715,197,0.07552608564524661,1.124590624241866,0.4263959390862944,-14.337617584840483,14.878638872113582,5,8
US30,0.8,4.0,2.0,True,392,0.2186166424135392,1.3492181293983179,0.40561224489795916,-15.837536584840208,85.69772382610736,195,0.296511727969191,1.4790032707172949,0.41025641025641024,-14.725845340429839,57.81978695399225,197,0.1415123699092138,1.2235774361786629,0.4010152284263959,-15.83753658484021,27.877936872115114,8,8
US30,0.8,4.0,2.0,False,392,0.20901355227488796,1.3338781573923462,0.40561224489795916,-14.72584534042984,81.93331249175608,195,0.2746430903571356,1.4436753293436093,0.41025641025641024,-14.72584534042984,53.55540261964144,197,0.14405030391936366,1.227587154760466,0.4010152284263959,-12.83769858484036,28.377909872114643,7,8
US30,0.8,4.0,2.5,True,392,0.2147903184339467,1.3161117905755975,0.35459183673469385,-18.83737458484046,84.1978048261071,195,0.2939477638666285,1.440662510827665,0.3641025641025641,-13.725899340429827,57.319813953992565,197,0.13643650188890621,1.1972290186978607,0.34517766497461927,-18.837374584840468,26.877990872114527,8,8
US30,0.8,4.0,2.5,False,392,0.2204925242136626,1.324503856346527,0.35459183673469385,-14.837590584840527,86.43306949175575,195,0.2951548031776495,1.4424720057068423,0.3641025641025641,-13.725899340429827,57.55518661964165,197,0.14658823792951312,1.2119041013161396,0.34517766497461927,-14.837590584840516,28.877882872114085,7,8
US30,0.8,4.0,3.0,True,392,0.23960856980094988,1.3366638165435396,0.3239795918367347,-16.058904192298755,93.92655936197235,195,0.31563520764029973,1.4547718280278907,0.3384615384615385,-12.966246971615176,61.54886548985844,197,0.1643537760005783,1.225389724974379,0.3096446700507614,-16.058904192298748,32.37769387211392,7,8
US30,0.8,4.0,3.0,False,392,0.24531077558066677,1.344675743504712,0.3239795918367347,-14.287143482241447,96.16182402762138,195,0.32966206746414156,1.474981933013546,0.3384615384615385,-12.966246971615176,64.28410315550761,197,0.1618158419904252,1.2219092801530227,0.3096446700507614,-14.28714348224144,31.877720872113766,7,8
US30,0.8,5.0,,False,392,0.32261464687340713,1.404736860918995,0.2423469387755102,-18.03196336539976,126.46494157437559,195,0.4836636075175111,1.6379867551299956,0.27692307692307694,-11.79036308433035,94.31440346591467,197,0.1632007010581774,1.1952886693175953,0.20812182741116753,-18.03196336539976,32.15053810846095,7,8
US30,0.8,5.0,1.0,True,392,0.14586584941907768,1.295051024396625,0.5306122448979592,-18.702959555065185,57.179412972278456,195,0.29452471810315756,1.6517281789290295,0.5692307692307692,-8.924763708185402,57.43232003011572,197,-0.0012837921717626824,0.9976066758869032,0.49238578680203043,-18.702959555065195,-0.25290705783724843,6,8
US30,0.8,5.0,1.0,False,392,0.16592962286443436,1.3258163952990858,0.24489795918367346,-14.065775874782865,65.04441216285826,195,0.287667787884854,1.617555022079773,0.27692307692307694,-10.466381971615297,56.09521863754653,197,0.04542737830107477,1.0822530071920269,0.2131979695431472,-14.065775874782847,8.94919352531173,6,8
US30,0.8,5.0,1.5,True,392,0.19001723074452292,1.3336560615464785,0.45918367346938777,-18.44745774119893,74.48675445185299,195,0.34994878210097796,1.657266839734668,0.49230769230769234,-11.96630097161516,68.2400125096907,197,0.03170934996021472,1.0523089164769337,0.4263959390862944,-18.447457741198985,6.246741942162299,7,8
US30,0.8,5.0,1.5,False,392,0.20929462796647513,1.367505730909313,0.45918367346938777,-13.032233365399847,82.04349416285825,195,0.33381914173101,1.626972470117555,0.49230769230769234,-12.466273971615148,65.09473263754695,197,0.08603432246350916,1.1419254003484716,0.4263959390862944,-13.03223336539985,16.948761525311305,6,8
US30,0.8,5.0,2.0,True,392,0.2244337415507096,1.3585103610270728,0.40561224489795916,-14.975017265122574,87.97802668787817,195,0.33931323307811245,1.5481474529026509,0.41025641025641024,-13.138732119412653,66.16608045023193,197,0.11072053927739206,1.1749289784337538,0.4010152284263959,-14.97501726512257,21.811946237646236,8,8
US30,0.8,5.0,2.0,False,392,0.24196324908467753,1.3865119887288935,0.40561224489795916,-12.966246971615174,94.8495936411936,195,0.3302644159788781,1.5335294375669934,0.41025641025641024,-12.966246971615174,64.40156111588124,197,0.15455854073762615,1.2441892698129706,0.4010152284263959,-12.253662592154836,30.448032525312353,8,8
US30,0.8,5.0,2.5,True,392,0.2231583002241784,1.3284271394539857,0.35459183673469385,-17.83742858484058,87.47805368787793,195,0.3367492689755501,1.5048270360494256,0.3641025641025641,-12.388772619412673,65.66610745023226,197,0.11072053927738927,1.1600546995052579,0.34517766497461927,-17.837428584840588,21.811946237645685,8,8
US30,0.8,5.0,2.5,False,392,0.2534422210234522,1.3729966735899106,0.35459183673469385,-14.532152365399867,99.34935064119327,195,0.35077612879939213,1.5258549601529972,0.3641025641025641,-12.216287471615129,68.40134511588147,197,0.15709647474777572,1.2270945320822273,0.34517766497461927,-14.532152365399876,30.948005525311814,7,8
US30,0.8,5.0,3.0,True,392,0.24542566893812093,1.344837175277574,0.3239795918367347,-17.286981482241643,96.2068622237434,195,0.3456168922364008,1.497969878122045,0.3384615384615385,-11.961389642349745,67.39529398609815,197,0.14625161541951912,1.200564977444437,0.3096446700507614,-17.286981482241618,28.811568237645268,6,8
US30,0.8,5.0,3.0,False,392,0.2782604723904564,1.3909719619210708,0.3239795918367347,-14.981658882097562,109.07810517705892,195,0.3852833930858842,1.555121953258565,0.3384615384615385,-11.961389642349745,75.13026165174742,197,0.17232407880868775,1.2363199536651754,0.3096446700507614,-14.98165888209752,33.947843525311484,7,8
US30,0.8,6.0,,False,392,0.32480849521133404,1.3967562276639571,0.22193877551020408,-20.07467302578584,127.32493012284294,195,0.5397349112992569,1.7019563420186168,0.26666666666666666,-13.684833786558904,105.2483077033551,197,0.11206407319536982,1.1291188570496793,0.17766497461928935,-20.07467302578581,22.076622419487855,8,8
US30,0.8,6.0,1.0,True,392,0.12041828783835457,1.2435768161244967,0.5306122448979592,-19.56215861602623,47.20396883263499,195,0.27728861418102557,1.6135879009471046,0.5692307692307692,-10.789710651671475,54.07127976529999,197,-0.03485944635870559,0.9350128818553695,0.49238578680203043,-19.56215861602623,-6.867310932665001,5,8
US30,0.8,6.0,1.0,False,392,0.16702654703339778,1.3272276663639697,0.22448979591836735,-13.032233365399875,65.47440643709193,195,0.31570343977572696,1.676962089517398,0.26666666666666666,-11.862211709889655,61.56217075626675,197,0.019859064369670987,1.0358429554800757,0.18274111675126903,-13.032233365399875,3.9122356808251846,5,8
US30,0.8,6.0,1.5,True,392,0.163294227837269,1.2867324648400442,0.45918367346938777,-19.584013826083954,64.01133731220945,195,0.3250207858711535,1.6104475731993535,0.49230769230769234,-15.231194672096638,63.37905324487493,197,0.003209563793576272,1.0052946151408408,0.4263959390862944,-19.584013826083996,0.6322840673345256,6,8
US30,0.8,6.0,1.5,False,392,0.2103915521354386,1.3694318478019627,0.45918367346938777,-14.612063209889502,82.47348843709193,195,0.361854793621883,1.6796284736835232,0.49230769230769234,-14.612063209889502,70.56168475626718,197,0.06046600853210537,1.0997469640332553,0.4263959390862944,-13.032233365399849,11.911803680824757,7,8
US30,0.8,6.0,2.0,True,392,0.19969857015837786,1.3189984090154907,0.40561224489795916,-18.055086231554718,78.28183950208413,195,0.31581732379110583,1.5101907168435549,0.41025641025641024,-18.055086231554718,61.58437813926564,197,0.08475868712090599,1.13391147341055,0.4010152284263959,-13.97507126512245,16.69746136281848,8,8
US30,0.8,6.0,2.0,False,392,0.24306017325364104,1.388264214918758,0.40561224489795916,-17.453613214854602,95.27958791542729,195,0.3583000678697511,1.5788199528676736,0.41025641025641024,-17.453613214854602,69.86851323460147,197,0.1289902268062224,1.2037935215129327,0.4010152284263959,-13.016015810440434,25.411074680825816,8,8
US30,0.8,6.0,2.5,True,392,0.19661262520623354,1.2893592665482476,0.35459183673469385,-17.305126731554736,77.07214908084354,195,0.3132533596885433,1.4696038853630708,0.3641025641025641,-17.305126731554736,61.08440513926594,197,0.08115606061714521,1.1173170667328955,0.34517766497461927,-17.0208849753999,15.987743941577607,8,8
US30,0.8,6.0,2.5,False,392,0.2545391451924157,1.3746110418058757,0.35459183673469385,-15.805207731554649,99.77934491542696,195,0.37881178069026505,1.567883722652881,0.3641025641025641,-15.805207731554649,73.86829723460168,197,0.1315281608163719,1.1901336499382704,0.34517766497461927,-14.532152365399876,25.911047680825263,8,8
US30,0.8,6.0,3.0,True,392,0.22908352453242103,1.3218755228179015,0.3239795918367347,-15.49925027534843,89.80074161670905,195,0.3349408034622146,1.4825876131196005,0.3384615384615385,-14.555275231554692,65.31345667513185,197,0.124300938789732,1.1704624931025387,0.3096446700507614,-15.499250275348423,24.487284941577204,7,8
US30,0.8,6.0,3.0,False,392,0.2793573965594198,1.3925132034446477,0.3239795918367347,-14.14548811651403,109.50809945129257,195,0.41331904497675703,1.595516130941353,0.3384615384615385,-13.953802214854614,80.59721377046762,197,0.14675576487728398,1.2012563525402618,0.3096446700507614,-14.145488116513992,28.910885680824943,7,8
US30,1.0,,,False,392,0.20225738664713144,1.2517816514958227,0.22704081632653061,-50.67556329349905,79.28489556567553,195,0.5586769249039057,1.7706478771693668,0.30256410256410254,-13.921422393009907,108.94200035626162,197,-0.15054367914003092,0.8290964832399054,0.15228426395939088,-50.67556329349905,-29.65710479058609,5,8
US30,1.0,,1.0,True,392,0.09865235206137413,1.2088311828161191,0.5459183673469388,-16.46521434610758,38.67172200805866,195,0.2411728281071044,1.5321174061087595,0.5641025641025641,-13.216730941941833,47.02870148088535,197,-0.04242121559810511,0.9136688433747518,0.5279187817258884,-16.46521434610751,-8.356979472826707,5,8
US30,1.0,,1.0,False,392,0.1266396695079426,1.260452531013473,0.23214285714285715,-24.857146145953713,49.64275044711349,195,0.32455198504107063,1.700340696602292,0.30256410256410254,-13.349539489732532,63.287637083008775,197,-0.06926338393855476,0.8638710156707423,0.16243654822335024,-24.857146145953713,-13.644886635895286,5,8
US30,1.0,,1.5,True,392,0.1507973778420772,1.2756442575312568,0.4744897959183674,-14.099498989732488,59.112572114094256,195,0.3033818733019994,1.562782722766614,0.48205128205128206,-14.099498989732488,59.15946529388988,197,-0.00023803644566306833,0.999571097071537,0.467005076142132,-13.476654519149715,-0.04689317979562446,6,8
US30,1.0,,1.5,False,392,0.1725498491456508,1.3154058494617396,0.4744897959183674,-18.071028910404976,67.63954086509511,195,0.36043600769738976,1.668619900020007,0.48205128205128206,-14.099498989732487,70.28502150099101,197,-0.01342883571520759,0.9758034239334421,0.467005076142132,-18.07102891040496,-2.645480635895895,5,8
US30,1.0,,2.0,True,392,0.1893337096380436,1.3140830267254793,0.42091836734693877,-13.971448764482005,74.21881417811309,195,0.35430142839483286,1.5983225243550119,0.4307692307692308,-13.849512489732462,69.08877853699241,197,0.02604079005645013,1.0424558054317399,0.41116751269035534,-13.971448764482034,5.130035641120676,7,8
US30,1.0,,2.0,False,392,0.20882479004054547,1.3464165057381214,0.42091836734693877,-15.100443928605245,81.85931769589382,195,0.4000264068296882,1.6755400638020534,0.4307692307692308,-13.849512489732462,78.0051493317892,197,0.019564306416774757,1.031896819752279,0.41116751269035534,-15.100443928605255,3.854168364104627,6,8
US30,1.0,,2.5,True,392,0.17105250062122923,1.2596789654462526,0.3673469387755102,-19.69595436715788,67.05258024352186,195,0.37526087803456043,1.5961261027816696,0.39487179487179486,-13.599525989732488,73.17587121673928,197,-0.031082695295519953,0.9547966610567691,0.3401015228426396,-19.69595436715788,-6.123290973217431,5,8
US30,1.0,,2.5,False,392,0.21511632011079487,1.3265733225419052,0.3673469387755102,-17.92951170456469,84.3255974834316,195,0.4389336051873647,1.6972743356853568,0.39487179487179486,-13.599525989732488,85.59205301153611,197,-0.006428708264489889,0.9906507760706077,0.3401015228426396,-17.929511704564742,-1.2664555281045082,5,8
US30,1.0,,3.0,True,392,0.2071541284901745,1.2954099615064802,0.32653061224489793,-18.196035367157847,81.20441836814841,195,0.4339418576549717,1.6508906796112601,0.358974358974359,-13.34953948973246,84.61866224271948,197,-0.017331187180563812,0.9764344412162045,0.29441624365482233,-18.19603536715784,-3.4142438745710706,6,8
US30,1.0,,3.0,False,392,0.21588710327584124,1.307863528153081,0.32653061224489793,-18.33378187572191,84.62774448412976,195,0.4553213042178421,1.6829587602942808,0.358974358974359,-13.34953948973246,88.78765432247921,197,-0.021116293595682557,0.9712877569874152,0.29441624365482233,-18.33378187572198,-4.1599098383494635,6,8
US30,1.0,2.0,,False,392,0.21539219343395952,1.3573110788148024,0.42091836734693877,-18.395618273147818,84.43373982611213,195,0.2413758887554707,1.4076207982928755,0.4307692307692308,-18.395618273147818,47.06829830731679,197,0.18967229197358043,1.3092337024478218,0.41116751269035534,-11.814094745982523,37.36544151879534,7,8
US30,1.0,2.0,1.0,True,392,0.12818044450646315,1.2713374114337135,0.5459183673469388,-17.4161148710092,50.246734246533556,195,0.16861647552686299,1.3720309716843777,0.5641025641025641,-17.4161148710092,32.88021272773828,197,0.08815493156748869,1.179403562513208,0.5279187817258884,-8.84227842530679,17.36652151879527,6,8
US30,1.0,2.0,1.0,False,392,0.1332070729013566,1.2787803085686216,0.42091836734693877,-16.68557202743947,52.217172577331795,195,0.16590146696685318,1.3615736041572948,0.4307692307692308,-16.68557202743947,32.35078605853637,197,0.10084460161825091,1.2030629951293632,0.41116751269035534,-9.613962110241825,19.86638651879543,7,8
US30,1.0,2.0,1.5,True,392,0.17409062414417137,1.3182222497637044,0.4744897959183674,-19.395564273147926,68.24352466451518,195,0.2045004981831826,1.379354725191823,0.48205128205128206,-19.395564273147926,39.87759714572061,197,0.14398947979083535,1.2594456045506244,0.467005076142132,-10.613908110241987,28.365927518794564,7,8
US30,1.0,2.0,1.5,False,392,0.17529092855947287,1.3204162999793105,0.4744897959183674,-19.395564273147926,68.71404399531336,195,0.2017854896231723,1.3743183006582573,0.48205128205128206,-19.395564273147926,39.3481704765186,197,0.14906534781114097,1.26859149249369,0.467005076142132,-11.11388111024199,29.36587351879477,7,8
US30,1.0,2.0,2.0,True,392,0.1771289536380409,1.293836728735253,0.42091836734693877,-18.395618273147818,69.43454982611203,195,0.21573624772983008,1.364322144907482,0.4307692307692308,-18.395618273147818,42.068568307316866,197,0.1389136117705338,1.2264788917834397,0.41116751269035534,-11.814094745982523,27.365981518795156,6,8
US30,1.0,2.0,2.0,False,392,0.17712895363804126,1.2938367287352535,0.42091836734693877,-18.395618273147818,69.43454982611217,195,0.20291642721700956,1.3426728182147851,0.4307692307692308,-18.395618273147818,39.568703307316866,197,0.151603281821296,1.247167594449536,0.41116751269035534,-12.897643602770078,29.865846518795312,6,8
US30,1.0,2.0,2.5,True,392,0.23579925465845,1.3911640655238964,0.42091836734693877,-18.145631773147805,92.4333078261124,195,0.26445156567854744,1.44658958633973,0.4307692307692308,-18.145631773147805,51.568055307316754,197,0.2074378300446479,1.3381978861803576,0.41116751269035534,-11.814094745982523,40.865252518795636,7,8
US30,1.0,2.0,2.5,False,392,0.23579925465845,1.3911640655238964,0.42091836734693877,-18.145631773147805,92.4333078261124,195,0.26445156567854744,1.44658958633973,0.4307692307692308,-18.145631773147805,51.568055307316754,197,0.2074378300446479,1.3381978861803576,0.41116751269035534,-11.814094745982523,40.865252518795636,7,8
US30,1.0,2.0,3.0,True,392,0.2255957240462044,1.3742375721693487,0.42091836734693877,-17.89564527314782,88.43352382611212,195,0.25675967337085537,1.433599990324112,0.4307692307692308,-17.89564527314782,50.06813630731679,197,0.1947481599938849,1.3175091835142596,0.41116751269035534,-11.814094745982523,38.36538751879532,7,8
US30,1.0,2.0,3.0,False,392,0.2255957240462044,1.3742375721693487,0.42091836734693877,-17.89564527314782,88.43352382611212,195,0.25675967337085537,1.433599990324112,0.4307692307692308,-17.89564527314782,50.06813630731679,197,0.1947481599938849,1.3175091835142596,0.41116751269035534,-11.814094745982523,38.36538751879532,7,8
US30,1.0,3.0,,False,392,0.22951681990455103,1.3273000418927643,0.32653061224489793,-16.896924178222008,89.970593402584,195,0.35196568353177854,1.5279305946466037,0.358974358974359,-14.395834273147813,68.63330828869681,197,0.10831109194866584,1.1472727388874902,0.29441624365482233,-16.89692417822203,21.33728511388717,7,8
US30,1.0,3.0,1.0,True,392,0.14753479062826713,1.3123074532907426,0.5459183673469388,-14.654078495098512,57.833637926280716,195,0.212651602089668,1.4691889206464586,0.5641025641025641,-14.654078495098512,41.46706240748526,197,0.08307906354718506,1.1690736945240054,0.5279187817258884,-8.84227842530678,16.366575518795457,6,8
US30,1.0,3.0,1.0,False,392,0.14026938613665235,1.2910956715819482,0.32653061224489793,-15.185653027439479,54.98559936556772,195,0.22119636435500703,1.479223777751187,0.358974358974359,-15.185653027439479,43.13329104922637,197,0.060164001605793646,1.1198591861978666,0.29441624365482233,-10.039072207271984,11.852308316341349,6,8
US30,1.0,3.0,1.5,True,392,0.19626723988269815,1.3587591401743844,0.4744897959183674,-17.395672273147923,76.93675803401767,195,0.2613554452588082,1.4848224038296998,0.48205128205128206,-17.395672273147923,50.964311825467604,197,0.1318398284697973,1.237553910541833,0.467005076142132,-9.613962110241992,25.97244620855007,6,8
US30,1.0,3.0,1.5,False,392,0.18617956577436057,1.3403197649040666,0.4744897959183674,-17.395672273147923,72.98238978354934,195,0.2570803870113262,1.476892039057679,0.48205128205128206,-17.395672273147923,50.130675467208604,197,0.11599854982914085,1.2090105050114406,0.467005076142132,-9.109185102376447,22.851714316340747,6,8
US30,1.0,3.0,2.0,True,392,0.22991616121330216,1.3814046845911858,0.42091836734693877,-16.395726273147815,90.12713519561444,195,0.3084866922413528,1.5209534075772464,0.4307692307692308,-16.395726273147815,60.15490498706379,197,0.1521433005510185,1.248048018202767,0.41116751269035534,-10.814148745982482,29.97223020855064,7,8
US30,1.0,3.0,2.0,False,392,0.2224545066692553,1.3690266508640987,0.42091836734693877,-16.395726273147815,87.20216661434807,195,0.2966707861436247,1.5009994299826201,0.4307692307692308,-16.395726273147815,57.85080329800681,197,0.14899169196112313,1.2429097685260273,0.41116751269035534,-10.814148745982479,29.351363316341256,6,8
US30,1.0,3.0,2.5,True,392,0.21804310992587486,1.3310165534125347,0.3673469387755102,-15.897481602769915,85.47289909094295,195,0.3294461418810804,1.5233464401208865,0.39487179487179486,-15.39578027314784,64.24199766681068,197,0.1077710732189455,1.1567306922605871,0.3401015228426396,-15.897481602769936,21.230901424132263,6,8
US30,1.0,3.0,2.5,False,392,0.22364427143338236,1.339519813056705,0.3673469387755102,-15.39578027314784,87.66855440188588,195,0.3355779845013011,1.533087267523966,0.39487179487179486,-15.39578027314784,65.43770697775372,197,0.11284694123924958,1.1641124904081237,0.3401015228426396,-14.897535602769967,22.23084742413217,6,8
US30,1.0,3.0,3.0,True,392,0.20603204930189553,1.293809832306871,0.32653061224489793,-16.896924178222008,80.76456332634305,195,0.3509066267305423,1.526342063397674,0.358974358974359,-14.395834273147813,68.42679221245575,197,0.06262827976592537,1.0851569135441022,0.29441624365482233,-16.89692417822204,12.337771113887298,7,8
US30,1.0,3.0,3.0,False,392,0.20858293195495628,1.2974474916276892,0.32653061224489793,-16.896924178222008,81.76450932634286,195,0.3509066267305423,1.526342063397674,0.358974358974359,-14.395834273147813,68.42679221245575,197,0.06770414778622896,1.0920586719155883,0.29441624365482233,-16.896924178222044,13.337717113887106,7,8
US30,1.0,4.0,,False,392,0.2812194174403686,1.3771506285984392,0.28316326530612246,-19.330074379545636,110.23801163662449,195,0.4788118187662668,1.6908510888707848,0.3333333333333333,-11.82938292754904,93.36830465942202,197,0.08563303034112921,1.1073532297268338,0.233502538071066,-19.33007437954567,16.869706977202455,6,8
US30,1.0,4.0,1.0,True,392,0.14641851680893364,1.3099444809219432,0.5459183673469388,-13.154159495098522,57.39605858910199,195,0.2514310311297774,1.5547508363612657,0.5641025641025641,-13.154159495098522,49.02905107030659,197,0.04247211938474815,1.0864347506103698,0.5279187817258884,-11.47158376448208,8.367007518795386,5,8
US30,1.0,4.0,1.0,False,392,0.16612068490456114,1.3434221484626954,0.2857142857142857,-13.685734027439489,65.11930848258797,195,0.28461943197225126,1.6156349338944702,0.3333333333333333,-13.685734027439489,55.50078923458899,197,0.0488249708020253,1.096700873371016,0.23857868020304568,-13.330398379545592,9.618519247998984,7,8
US30,1.0,4.0,1.5,True,392,0.19992625120238294,1.3654474889570083,0.4744897959183674,-15.395780273147965,78.37109047133411,195,0.3042881290445008,1.5644638550924734,0.48205128205128206,-15.395780273147965,59.336185163677655,197,0.09662388481043886,1.1741005123783337,0.467005076142132,-13.613746110242008,19.034905307656455,7,8
US30,1.0,4.0,1.5,False,392,0.21203086454226938,1.387573650595377,0.4744897959183674,-15.395780273147963,83.1160989005696,195,0.32050345462857033,1.594543783676953,0.48205128205128206,-15.395780273147963,62.49817365257121,197,0.10465951902537252,1.1885794172251989,0.467005076142132,-13.613746110242008,20.617925247998386,6,8
US30,1.0,4.0,2.0,True,392,0.2412278204921706,1.4001694369978566,0.42091836734693877,-14.395834273147855,94.56130563293087,195,0.36167523243730154,1.6107749524154276,0.4307692307692308,-14.395834273147855,70.5266703252738,197,0.12200322491196483,1.1989089105084274,0.41116751269035534,-14.113719110241885,24.034635307657073,8,8
US30,1.0,4.0,2.0,False,392,0.24830580543716407,1.4119110066258473,0.42091836734693877,-14.395834273147857,97.33587573136832,195,0.3600938537608687,1.6081044170864252,0.4307692307692308,-14.395834273147857,70.2183014833694,197,0.13765266115735483,1.2244230911039629,0.41116751269035534,-13.972641725305571,27.117574247998903,7,8
US30,1.0,4.0,2.5,True,392,0.23190565185780457,1.3520616158013627,0.3673469387755102,-16.343830756503593,90.9070155282594,195,0.37237882566677305,1.5915477767514683,0.39487179487179486,-13.435747527439446,72.61387100502074,197,0.09285860164080537,1.1350435927082803,0.3401015228426396,-16.34383075650358,18.293144523238656,6,8
US30,1.0,4.0,2.5,False,392,0.2545973355074135,1.386510413176224,0.3673469387755102,-14.397562602769938,99.80215551890609,195,0.39900105211854525,1.6338389001565692,0.39487179487179486,-13.435747527439446,77.80520516311633,197,0.11165964647609015,1.1623858162219132,0.3401015228426396,-14.397562602769966,21.99695035578976,7,8
US30,1.0,4.0,3.0,True,392,0.23317583122423644,1.3325179364188264,0.32653061224489793,-16.39695117822201,91.40492583990068,195,0.40259025962516354,1.6038648797522708,0.358974358974359,-12.685788027439397,78.5051006269069,197,0.06548134625885177,1.0890362846138768,0.29441624365482233,-16.39695117822204,12.899825212993798,7,8
US30,1.0,4.0,3.0,False,392,0.24261370540715368,1.34597671742116,0.32653061224489793,-16.39695117822201,95.10457251960425,195,0.41538875114902274,1.6230619650276608,0.358974358974359,-12.685788027439397,81.00080647405943,197,0.07159272104337475,1.0973460420606138,0.29441624365482233,-16.39695117822204,14.103766045544825,7,8
US30,1.0,5.0,,False,392,0.26127828201323033,1.337145414357549,0.25510204081632654,-22.590520783000628,102.42108654918628,195,0.5034963415427809,1.7100504816924587,0.31794871794871793,-13.921422393009905,98.18178660084227,197,0.021519289077888422,1.0256128336789745,0.19289340101522842,-22.590520783000642,4.239299948344019,6,8
US30,1.0,5.0,1.0,True,392,0.11282658737342738,1.2388357621685564,0.5459183673469388,-14.297654195779451,44.22802225038353,195,0.22084967443666687,1.48727693257805,0.5641025641025641,-14.297654195779451,43.06568651515004,197,0.005900181397124295,1.0120074231049447,0.5279187817258884,-11.471583764482084,1.1623357352334862,4,8
US30,1.0,5.0,1.0,False,392,0.156150117190992,1.321964507785462,0.2576530612244898,-14.197363472755661,61.210845938868864,195,0.2969616933605082,1.6414430181452377,0.31794871794871793,-13.757643930716949,57.907530205299096,197,0.016768100170404896,1.0330861669058131,0.19796954314720813,-14.197363472755686,3.3033157335697645,6,8
US30,1.0,5.0,1.5,True,392,0.17526241105259077,1.3203641725012094,0.4744897959183674,-15.007576430716924,68.70286513261559,195,0.28652659286421084,1.5315156582102196,0.48205128205128206,-15.007576430716924,55.87268560852112,197,0.06512781484311914,1.1173497211017052,0.467005076142132,-13.221489264482138,12.830179524094468,6,8
US30,1.0,5.0,1.5,False,392,0.20206029682870022,1.3693483354479874,0.4744897959183674,-15.007576430716927,79.20763635685049,195,0.3328457160168273,1.617439058841485,0.48205128205128206,-15.007576430716927,64.90491462328131,197,0.07260264839375212,1.130818154436393,0.467005076142132,-14.197363472756054,14.302721733569166,6,8
US30,1.0,5.0,2.0,True,392,0.21029880251844307,1.348861724296266,0.42091836734693877,-14.257616930716845,82.43713058722969,195,0.3336678125227483,1.563477739249039,0.4307692307692308,-14.257616930716845,65.06522344193591,197,0.08818226977306486,1.1437686521760166,0.41116751269035534,-13.971448764482036,17.371907145293775,7,8
US30,1.0,5.0,2.0,False,392,0.23833523772359488,1.3953709721457965,0.42091836734693877,-14.257616930716846,93.4274131876492,195,0.37243611514912583,1.6289472712163888,0.4307692307692308,-14.257616930716846,72.62504245407953,197,0.10559579052573444,1.1721589217244544,0.41116751269035534,-13.422127682294304,20.802370733569685,7,8
US30,1.0,5.0,2.5,True,392,0.20990472316979142,1.3186614703500485,0.3673469387755102,-15.343884756503556,82.28265148255824,195,0.3546272621624758,1.5633482734472004,0.39487179487179486,-13.599525989732486,69.15231612168279,197,0.06665144853236268,1.096930719502306,0.3401015228426396,-15.343884756503547,13.13033536087545,6,8
US30,1.0,5.0,2.5,False,392,0.24462676779384435,1.3713738515979472,0.3673469387755102,-14.463808452521405,95.89369297518698,195,0.41134331350680226,1.6534453782403749,0.39487179487179486,-13.599525989732486,80.21194613382644,197,0.07960277584446977,1.1157657411337243,0.3401015228426396,-14.463808452521414,15.681746841360544,6,8
US30,1.0,5.0,3.0,True,392,0.2273667409238101,1.3242339444243438,0.32653061224489793,-17.354926557023305,89.12776244213356,195,0.39253058842855876,1.5887758854404335,0.358974358974359,-13.349539489732457,76.54346474356896,197,0.06387968374905885,1.0868584723478683,0.29441624365482233,-17.35492655702333,12.584297698564594,6,8
US30,1.0,5.0,3.0,False,392,0.24539755095889063,1.3499465910281812,0.32653061224489793,-17.354926557023305,96.19583997588512,195,0.4277310125372797,1.64157472834198,0.358974358974359,-13.349539489732457,83.40754744476953,197,0.06491519051327713,1.0882664714231174,0.29441624365482233,-17.35492655702333,12.788292531115594,6,8
US30,1.0,6.0,,False,392,0.2574924577696234,1.3233418773668328,0.23469387755102042,-32.1089141110143,100.93704344569235,195,0.5561034248096127,1.7670979500179937,0.30256410256410254,-13.921422393009903,108.44016783787448,197,-0.038086925848640305,0.9560717291349715,0.16751269035532995,-32.10891411101437,-7.503124392182141,6,8
US30,1.0,6.0,1.0,True,392,0.12928478578371402,1.2736751245276443,0.5459183673469388,-12.849566489732563,50.6796360272159,195,0.256745171872564,1.5664758171973852,0.5641025641025641,-12.849566489732563,50.06530851514999,197,0.0031184137668320167,1.0063462648000765,0.5279187817258884,-12.262509521881025,0.6143275120659073,6,8
US30,1.0,6.0,1.0,False,392,0.15425720506918852,1.3174278119717058,0.2372448979591837,-17.642102702290252,60.4688243871219,195,0.3232652349939241,1.6975640584490617,0.30256410256410254,-13.34953948973253,63.0367208238152,197,-0.01303500729285946,0.9743542147367856,0.17258883248730963,-17.64210270229026,-2.5678964366933137,5,8
US30,1.0,6.0,1.5,True,392,0.18220971691871007,1.3330632326222318,0.4744897959183674,-14.099498989732488,71.42620903213435,195,0.3205220268053198,1.5945782356370688,0.48205128205128206,-14.099498989732488,62.50179522703736,197,0.04530159291927407,1.08162609642816,0.467005076142132,-13.221489264482136,8.924413805096991,6,8
US30,1.0,6.0,1.5,False,392,0.2001673847068967,1.365888259657194,0.4744897959183674,-15.35706988054352,78.46561480510351,195,0.3591492576502432,1.6662329390352537,0.48205128205128206,-14.099498989732487,70.03410524179742,197,0.04279954093048774,1.0771178060183972,0.467005076142132,-15.357069880543499,8.431509563306085,7,8
US30,1.0,6.0,2.0,True,392,0.21979699103762357,1.3646181355777887,0.42091836734693877,-13.971448764482005,86.16042048674844,195,0.37022721056642127,1.6252170086205793,0.4307692307692308,-13.849512489732458,72.19430606045215,197,0.07089398185937203,1.1155825569645987,0.41116751269035534,-13.971448764482037,13.96611442629629,7,8
US30,1.0,6.0,2.0,False,392,0.2364423256017914,1.3922308468628872,0.42091836734693877,-13.849512489732458,92.68539163590223,195,0.39873965678254175,1.6733670792337707,0.4307692307692308,-13.849512489732458,77.75423307259564,197,0.07579268306247006,1.1235691927270357,0.41116751269035534,-13.334504612494822,14.931158563306601,7,8
US30,1.0,6.0,2.5,True,392,0.21557658770938,1.3272720659884782,0.3673469387755102,-14.463808452521405,84.50602238207696,195,0.39118666020614884,1.621425234706699,0.39487179487179486,-13.599525989732486,76.28139874019902,197,0.041749358588212895,1.0607157902164772,0.3401015228426396,-14.46380845252142,8.22462364187794,6,8
US30,1.0,6.0,2.5,False,392,0.24273385567204084,1.3685001756231128,0.3673469387755102,-14.463808452521405,95.15167142344,195,0.4376468551402182,1.6952302502616985,0.39487179487179486,-13.599525989732486,85.34113675234255,197,0.04979966838120544,1.0724232975195231,0.3401015228426396,-14.463808452521421,9.810534671097471,6,8
US30,1.0,6.0,3.0,True,392,0.23941581209605176,1.341416395371005,0.32653061224489793,-17.354926557023305,93.85099834165229,195,0.4367818787799238,1.655150566615754,0.358974358974359,-13.34953948973246,85.17246636208515,197,0.04405346182521394,1.059900365361931,0.29441624365482233,-17.354926557023337,8.678531979567147,6,8
US30,1.0,6.0,3.0,False,392,0.24350463883708712,1.347247223648382,0.32653061224489793,-17.354926557023305,95.45381842413815,195,0.4540345541706956,1.6810287007761622,0.358974358974359,-13.34953948973246,88.53673806328564,197,0.035112083050012774,1.0477425953869182,0.29441624365482233,-17.35492655702334,6.917080360852516,6,8
