instrument,stop_atr_mult,target_r_mult,partial_exit_r,be,all_trades,all_avg_r,all_pf,all_win,all_maxdd_r,all_sum_r,is_trades,is_avg_r,is_pf,is_win,is_maxdd_r,is_sum_r,oos_trades,oos_avg_r,oos_pf,oos_win,oos_maxdd_r,oos_sum_r,years_positive,years_total
NASDAQ,0.4,,,False,1588,0.6047376658888677,1.629840060905855,0.1190176322418136,-60.5070447514713,960.3234134315219,824,0.6718579804176676,1.7060143589354233,0.12257281553398058,-60.5070447514713,553.6109758641581,764,0.5323461224703715,1.549185128191333,0.11518324607329843,-41.77009332651906,406.71243756736385,8,8
NASDAQ,0.4,,1.0,True,1588,0.14423241981235407,1.2308261825345514,0.4282115869017632,-35.87323937920296,229.04108266201828,824,0.2042046545376611,1.337718833504719,0.4441747572815534,-35.87323937920296,168.26463533903274,764,0.07955032372118526,1.1230223600403608,0.4109947643979058,-33.93384536393815,60.77644732298554,6,8
NASDAQ,0.4,,1.0,False,1588,0.1851959054644215,1.2842793483682753,0.11964735516372796,-64.15751638757824,294.09109787750134,824,0.23684732108308015,1.375356147819598,0.12378640776699029,-64.15751638757824,195.16219257245805,764,0.12948809594900954,1.1922533369990336,0.11518324607329843,-47.219545442012844,98.92890530504329,7,8
NASDAQ,0.4,,1.5,True,1588,0.22801593575829954,1.3492339741378547,0.40239294710327456,-28.24752853507249,362.08930598417965,824,0.29527368995117187,1.465210737410177,0.4162621359223301,-26.944944592734203,243.30552051976562,764,0.15547615898483513,1.231182572528824,0.387434554973822,-28.247528535072664,118.78378546441404,8,8
NASDAQ,0.4,,1.5,False,1588,0.2599757626747474,1.398181212967533,0.4017632241813602,-44.643518983892406,412.8415111274989,824,0.31300083898356423,1.49313267173151,0.41504854368932037,-44.643518983892406,257.9126913224569,764,0.20278641335738481,1.3015297330468933,0.387434554973822,-38.897066910709334,154.928819805042,7,8
NASDAQ,0.4,,2.0,True,1588,0.2802365660588419,1.409569517165863,0.3734256926952141,-24.836541856740133,445.0156669014409,824,0.3434751716425982,1.5135888445972787,0.38470873786407767,-24.836541856740133,283.02354143350095,764,0.2120315778376178,1.3025206380613297,0.3612565445026178,-23.716352999813886,161.99212546794,8,8
NASDAQ,0.4,,2.0,False,1588,0.31712348575409344,1.4634802473100084,0.3734256926952141,-33.893447733892174,503.59209537750036,824,0.3697372270296821,1.552857763566004,0.38470873786407767,-33.893447733892174,304.663475072458,764,0.26037777526837985,1.371499620549467,0.3612565445026178,-28.710835581842275,198.92862030504222,7,8
NASDAQ,0.4,,2.5,True,1588,0.33133248267658344,1.4630025896833148,0.34445843828715367,-25.03863203111797,526.1559824904145,824,0.42647355979669166,1.612492485489486,0.3592233009708738,-22.836684356739823,351.41421327247394,764,0.2287195932171998,1.3105663877307285,0.3285340314136126,-25.03863203111794,174.74176921794066,8,8
NASDAQ,0.4,,2.5,False,1588,0.35978661248583227,1.5027642685940026,0.34445843828715367,-30.78462182471067,571.3411406275017,824,0.42131420518502266,1.6050827273531805,0.3592233009708738,-30.78462182471067,347.16290507245867,764,0.2934270098887996,1.3984292086303882,0.3285340314136126,-28.53854653111793,224.1782355550429,8,8
NASDAQ,0.4,,3.0,True,1588,0.34765963588921095,1.4619841264375841,0.31045340050377834,-23.815470482694515,552.083501792067,824,0.4262499916037276,1.5731078594246153,0.3155339805825243,-23.815470482694515,351.22999308147155,764,0.26289726271020347,1.3450050712922192,0.30497382198952877,-23.288674781118154,200.85350871059543,8,8
NASDAQ,0.4,,3.0,False,1588,0.37748196056469624,1.5016132325841847,0.31045340050377834,-28.803404994102166,599.4413533767377,824,0.4237403866170614,1.5697336087026428,0.3155339805825243,-28.803404994102166,349.1620785724586,764,0.32759067382759033,1.4299034634800991,0.30497382198952877,-26.78858928111815,250.279274804279,8,8
NASDAQ,0.4,2.0,,False,1588,0.029509305619319054,1.043128247767162,0.3734256926952141,-40.580243472110105,46.86077732347866,824,0.06761647364169666,1.101105027205624,0.38470873786407767,-26.384451593495207,55.71597428075805,764,-0.011590571933611767,0.9834629008914073,0.3612565445026178,-40.580243472110084,-8.85519695727939,5,8
NASDAQ,0.4,2.0,1.0,True,1588,-0.19215510118168813,0.6924794819499351,0.4282115869017632,-313.568953594449,-305.14230067652073,824,-0.15568823266898382,0.7425188546929841,0.4441747572815534,-139.63308160377744,-128.28710371924268,764,-0.23148585989172524,0.6420135649018321,0.4109947643979058,-180.89734616042637,-176.85519695727808,0,8
NASDAQ,0.4,2.0,1.0,False,1588,-0.1845977082345844,0.7090065098985694,0.31863979848866497,-301.56798459444883,-293.14116067652003,824,-0.14537114225636205,0.7633131698953889,0.3313106796116505,-136.13208410377732,-119.78582121924232,764,-0.22690489457758867,0.6541789951588177,0.30497382198952877,-174.897517160426,-173.35533945727775,0,8
NASDAQ,0.4,2.0,1.5,True,1588,-0.12335755788823849,0.8110629854094226,0.40239294710327456,-207.8185973444516,-195.89180192652273,824,-0.0849956377053927,0.8660873466236945,0.4162621359223301,-98.87338337618414,-70.03640546924359,764,-0.1647321943158104,0.7550543265996058,0.387434554973822,-132.3975171604276,-125.85539645727914,1,8
NASDAQ,0.4,2.0,1.5,False,1588,-0.11170701979000155,0.8289085252434899,0.4017632241813602,-190.3176568444513,-177.39074742652247,824,-0.07103790894325657,0.8880798085233013,0.41504854368932037,-86.37261387618386,-58.53523696924341,764,-0.1555700398655485,0.7686778329271872,0.387434554973822,-122.89765966042745,-118.85551045727905,1,8
NASDAQ,0.4,2.0,2.0,True,1588,-0.07313657158471111,0.8931099151963379,0.3734256926952141,-132.56764259444958,-116.14087567652123,824,-0.03675384189228489,0.9450430052871144,0.38470873786407767,-72.62279912618246,-30.285165719242745,764,-0.1123765837137153,0.8396642794675554,0.3612565445026178,-92.99997134055725,-85.85570995727849,1,8
NASDAQ,0.4,2.0,2.0,False,1588,-0.06117154891468593,0.9105969570437312,0.3734256926952141,-113.8843101039994,-97.14041967652126,824,-0.021583281819468954,0.9677271206554257,0.38470873786407767,-60.939466635731776,-17.784624219242417,764,-0.10386884222156917,0.8518028835892301,0.3612565445026178,-89.00031334055731,-79.35579545727884,2,8
NASDAQ,0.4,2.0,2.5,True,1588,0.03737983710546547,1.0546311355806777,0.3734256926952141,-37.83037172210872,59.35918132347916,824,0.07641392782858891,1.11425961508933,0.38470873786407767,-27.354331549226696,62.965076530757266,764,-0.004719758124709573,0.9932659830486393,0.3612565445026178,-37.830371722108794,-3.605895207278113,5,8
NASDAQ,0.4,2.0,2.5,False,1588,0.05060423383090645,1.073958769578703,0.3734256926952141,-36.33040022210879,80.35952332347945,824,0.0855163192120848,1.1278701670583855,0.38470873786407767,-25.353989549226835,70.46544703075787,764,0.012950361639687925,1.01847720847205,0.3612565445026178,-36.33040022210889,9.894076292721575,5,8
NASDAQ,0.4,2.0,3.0,True,1588,0.09940833458657504,1.1452866204131877,0.3734256926952141,-25.849005367532953,157.86043532348117,824,0.14043214597179454,1.2099842712037976,0.38470873786407767,-18.41757380809396,115.7160882807587,764,0.05516275790932261,1.078704657533281,0.3612565445026178,-25.849005367532882,42.14434704272247,6,8
NASDAQ,0.4,2.0,3.0,False,1588,0.10948415259665051,1.1600125641951677,0.3734256926952141,-27.75643104913118,173.86083432348101,824,0.14771425276791106,1.2208730023972802,0.38470873786407767,-17.417516808093882,121.71654428075871,764,0.06825168853759463,1.0973795723058242,0.3612565445026178,-27.75643104913105,52.1442900427223,6,8
NASDAQ,0.4,3.0,,False,1588,0.15022625524052483,1.1996266984453723,0.31045340050377834,-24.314730418719474,238.55929332195342,824,0.17562279281645526,1.236130920445351,0.3155339805825243,-24.314730418719474,144.71318128075913,764,0.12283522518480926,1.1611989991268787,0.30497382198952877,-23.916055023406386,93.84611204119427,7,8
NASDAQ,0.4,3.0,1.0,True,1588,-0.09045554922954639,0.855237060122221,0.4282115869017632,-158.5698655944484,-143.64341217651966,824,-0.05981486130976016,0.9010766662811146,0.4441747572815534,-84.62399612618243,-49.28744571924237,764,-0.12350257389695979,0.8090067091981324,0.4109947643979058,-100.89808716042569,-94.35596645727728,1,8
NASDAQ,0.4,3.0,1.0,False,1588,-0.09495695603103488,0.8510405978131497,0.2840050377833753,-163.21807109521214,-150.79164617728338,824,-0.06709620718354622,0.8913959989360152,0.28762135922330095,-84.06678614270233,-55.28727471924209,764,-0.125005721803719,0.8102165441997895,0.2801047120418848,-102.72126812262533,-95.5043714580413,1,8
NASDAQ,0.4,3.0,1.5,True,1588,-0.020083752472620765,0.9692393048394249,0.40239294710327456,-59.750498590557825,-31.892998926521773,824,0.013304918119850326,1.0209622156675766,0.4162621359223301,-49.873839376183966,10.96325253075667,764,-0.056094569970259744,0.9165911540695595,0.387434554973822,-59.7504985905578,-42.85625145727845,2,8
NASDAQ,0.4,3.0,1.5,False,1588,-0.021436616452950707,0.9671674857173724,0.4017632241813602,-62.39898909132205,-34.04134692728572,824,0.009057310716937944,1.0142697886914627,0.41504854368932037,-47.81945133394673,7.463224030756866,764,-0.05432535465712379,0.9192218580316251,0.387434554973822,-62.39898909132205,-41.50457095804258,2,8
NASDAQ,0.4,3.0,2.0,True,1588,0.03297078956138519,1.048187253188074,0.3734256926952141,-34.58104147210871,52.357613823479674,824,0.06336686017082223,1.0947506987048075,0.38470873786407767,-30.500455677523572,52.21429278075752,764,0.00018759298785622143,1.0002676523514133,0.3612565445026178,-34.58104147210869,0.14332104272215318,5,8
NASDAQ,0.4,3.0,2.0,False,1588,0.03445158899415345,1.0503514615111629,0.3734256926952141,-41.5811554721088,54.70912332271568,824,0.06579369876305576,1.0983794827669822,0.38470873786407767,-29.7148627014694,54.214007780757946,764,0.0006480569920912423,1.0009246293252494,0.3612565445026178,-41.58115547210884,0.4951155419577091,5,8
NASDAQ,0.4,3.0,2.5,True,1588,0.06209496320748168,1.0867712351626488,0.34445843828715367,-34.61064989466992,98.60680157348091,824,0.10766221575334724,1.154622242353099,0.3592233009708738,-24.48101841715829,88.71366578075812,764,0.012949130618747105,1.0175829480279754,0.3285340314136126,-34.610649894669905,9.893135792722788,5,8
NASDAQ,0.4,3.0,2.5,False,1588,0.06829881018433057,1.095440464309988,0.34445843828715367,-38.110621394669934,108.45851057271693,824,0.10523489293781384,1.151136171645503,0.3592233009708738,-25.109729942969885,86.7135517807586,764,0.02846198794758943,1.0386470466311308,0.3285340314136126,-38.11062139466991,21.744958791958325,6,8
NASDAQ,0.4,3.0,3.0,True,1588,0.05765666267125473,1.076616495525452,0.31045340050377834,-35.198109317412715,91.55878032195251,824,0.08642282983101793,1.1161984844234758,0.3155339805825243,-29.786463920440447,71.21241178075877,764,0.026631372436117462,1.034948855880863,0.30497382198952877,-35.19810931741272,20.34636854119374,5,8
NASDAQ,0.4,3.0,3.0,False,1588,0.06584316833876132,1.0874950539744537,0.31045340050377834,-35.69808081741297,104.55895132195297,824,0.08581627582616348,1.1153829515807896,0.3155339805825243,-29.23183066715804,70.71261128075871,764,0.04430149220051607,1.058137689671721,0.30497382198952877,-35.69808081741295,33.846340041194274,5,8
NASDAQ,0.4,4.0,,False,1588,0.19871509969896223,1.2455224917285508,0.25818639798488663,-37.374206530550964,315.559578321952,824,0.20596252946693966,1.255742708828542,0.25849514563106796,-21.796527583905764,169.71312428075828,764,0.1908985000539185,1.2346124246173924,0.25785340314136124,-37.374206530550964,145.84645404119374,8,8
NASDAQ,0.4,4.0,1.0,True,1588,-0.03661386251670029,0.9414040329936215,0.4282115869017632,-80.79010551890076,-58.14281367652006,824,-0.0027761647078182556,0.9954087084407353,0.4441747572815534,-55.518429483585095,-2.2875597192422426,764,-0.07310897114826942,0.8869390123124349,0.4109947643979058,-72.7207527650095,-55.85525395727784,3,8
NASDAQ,0.4,4.0,1.0,False,1588,-0.03985603883959909,0.9377432253282189,0.24937027707808565,-81.93879551966421,-63.29138967728335,824,-0.01127117198937122,0.9818249944022592,0.2524271844660194,-53.21074716007215,-9.287445719241886,764,-0.0706857905209967,0.8931921052281044,0.24607329842931938,-79.94196404707797,-54.00394395804148,4,8
NASDAQ,0.4,4.0,1.5,True,1588,0.03533218770370128,1.0541155173462438,0.40239294710327456,-44.34877736753383,56.10751407347763,824,0.07155699943052982,1.1127397584168142,0.4162621359223301,-28.964819951470783,58.96296753075657,764,-0.0037375045252342576,0.9944425826015802,0.387434554973822,-44.348777367533835,-2.8554534572789727,5,8
NASDAQ,0.4,4.0,1.5,False,1588,0.0349238183707269,1.0534896338691062,0.4017632241813602,-48.14423783385223,55.45902357271432,824,0.06488234591111294,1.1022221048712115,0.41504854368932037,-24.96538995146997,53.46305303075706,764,0.0026125268873785604,1.0038846514511834,0.387434554973822,-48.14423783385232,1.9959705419572202,5,8
NASDAQ,0.4,4.0,2.0,True,1588,0.08807199390647298,1.1287184057648456,0.3734256926952141,-30.624818536109473,139.8583263234791,824,0.11737174912713293,1.1755027029589515,0.38470873786407767,-22.584033310274876,96.71432128075753,764,0.05647121078890256,1.08057152096957,0.3612565445026178,-30.62481853610944,43.14400504272156,5,8
NASDAQ,0.4,4.0,2.0,False,1588,0.09049714440977058,1.132262795901576,0.3734256926952141,-34.34914786753272,143.7094653227157,824,0.11858458043781334,1.177316215791815,0.38470873786407767,-20.796185583905643,97.71369428075819,764,0.060203888798373656,1.0858972000246372,0.3612565445026178,-34.349147867532785,45.995771041957475,6,8
NASDAQ,0.4,4.0,2.5,True,1588,0.12254857907649895,1.171248858596862,0.34445843828715367,-35.197425317412836,194.60714357348033,824,0.16834161987956084,1.2417687446333414,0.3592233009708738,-18.28626442044012,138.71349478075814,764,0.07315922616848455,1.0993390915081998,0.3285340314136126,-35.19742531741271,55.8936487927222,6,8
NASDAQ,0.4,4.0,2.5,False,1588,0.13001183600297042,1.181677981804203,0.34445843828715367,-35.197482317412636,206.45879557271704,824,0.1640939433018919,1.2356683195897533,0.3592233009708738,-17.29612858390589,135.21340928075892,764,0.09325312341879341,1.126623544915454,0.3285340314136126,-35.19748231741257,71.24538629195817,6,8
NASDAQ,0.4,4.0,3.0,True,1588,0.13637159718007064,1.1812160708072819,0.31045340050377834,-31.697738817413068,216.55809632195218,824,0.16833985592325096,1.2263387598461568,0.3155339805825243,-26.638120100515035,138.7120412807588,764,0.10189274220051492,1.1337157809276954,0.30497382198952877,-31.69773881741305,77.8460550411934,6,8
NASDAQ,0.4,4.0,3.0,False,1588,0.1445583900012299,1.1920950108376223,0.31045340050377834,-30.69773881741301,229.55872332195307,824,0.1665201247339306,1.2238920683102443,0.3155339805825243,-24.63783510051496,137.21258278075882,764,0.12087191170313383,1.1586225055539465,0.30497382198952877,-30.697738817412986,92.34614054119425,8,8
NASDAQ,0.4,5.0,,False,1588,0.28246900209190945,1.3359557933522994,0.22921914357682618,-25.785722920440634,448.5607753219522,824,0.2969822928164544,1.355541012991507,0.23058252427184467,-25.785722920440634,244.7134092807584,764,0.2668159241376882,1.3151174199355156,0.22774869109947643,-24.967081586932835,203.84736604119377,8,8
NASDAQ,0.4,5.0,1.0,True,1588,-0.0060723546451639295,0.9902819460176658,0.4282115869017632,-50.66399760110872,-9.64289917652032,824,0.022709756408686475,1.037557970756751,0.4441747572815534,-50.66399760110872,18.712839280757656,764,-0.03711484091266754,0.9426029322319033,0.4109947643979058,-47.35788672868378,-28.355738457278004,4,8
NASDAQ,0.4,5.0,1.0,False,1588,0.005169239812793733,1.008046582283638,0.22292191435768263,-55.379854015081385,8.208752822716448,824,0.03848652461257058,1.0618702029405955,0.22694174757281554,-39.35631527759572,31.712896280758155,764,-0.03076458567806508,0.9536939507437507,0.21858638743455497,-55.37985401508138,-23.50414345804172,4,8
NASDAQ,0.4,5.0,1.5,True,1588,0.0683924795802756,1.1047513515471137,0.40239294710327456,-40.34883436753394,108.60725757347765,824,0.10007679736742317,1.1576733799365826,0.4162621359223301,-28.583947810274932,82.46328103075669,764,0.034219864584713294,1.0508826329254353,0.387434554973822,-40.34883436753388,26.143976542720957,5,8
NASDAQ,0.4,5.0,1.5,False,1588,0.07994909702311971,1.1224507550273148,0.4017632241813602,-43.34934736753385,126.95916607271411,824,0.11464004251305471,1.1806153320082478,0.41504854368932037,-28.86850944567999,94.46339503075708,764,0.04253373173031017,1.0632447931880222,0.387434554973822,-43.34934736753388,32.49577104195697,5,8
NASDAQ,0.4,5.0,2.0,True,1588,0.12365132104753089,1.1807180717727055,0.3734256926952141,-26.12507503610908,196.35829782347906,824,0.1471052084717933,1.2199623154476071,0.38470873786407767,-24.58391931027479,121.21469178075766,764,0.09835550529152018,1.140330843740749,0.3612565445026178,-26.125075036109024,75.14360604272142,6,8
NASDAQ,0.4,5.0,2.0,False,1588,0.1370968201024656,1.2003688498043898,0.3734256926952141,-30.349318867533015,217.7097503227154,824,0.17137643055917257,1.256254396907841,0.38470873786407767,-24.118495195679806,141.2141787807582,764,0.1001250936413053,1.1428556421794647,0.3612565445026178,-30.349318867532872,76.49557154195725,7,8
NASDAQ,0.4,5.0,2.5,True,1588,0.16127641314450897,1.22536696775858,0.34445843828715367,-30.697681817412388,256.10694407348024,824,0.20414283286499782,1.2931857045392319,0.3592233009708738,-19.834247060274116,168.2136942807582,764,0.11504352067110213,1.1562115870533245,0.3285340314136126,-30.69768181741232,87.89324979272203,7,8
NASDAQ,0.4,5.0,2.5,False,1588,0.17975994683420451,1.2511957784314571,0.34445843828715367,-30.19782431741237,285.4587955727168,824,0.22295340871451316,1.3202010636181174,0.3592233009708738,-19.11875169567918,183.71360878075885,764,0.13317432826172504,1.1808304635599534,0.3285340314136126,-30.19782431741235,101.74518679195792,8,8
NASDAQ,0.4,5.0,3.0,True,1588,0.17824811764606552,1.2368632778126223,0.31045340050377834,-27.197995317412648,283.05801082195205,824,0.20596149184558116,1.2769223508284735,0.3155339805825243,-26.08463181027451,169.71226928075887,764,0.1483583004465879,1.1946934155749998,0.30497382198952877,-27.197995317412676,113.34574154119315,7,8
NASDAQ,0.4,5.0,3.0,False,1588,0.19556601846470575,1.2598760019126434,0.31045340050377834,-25.698080817412773,310.55883732195275,824,0.22537959014655187,1.303030655744787,0.3155339805825243,-25.118951195679422,185.71278228075874,764,0.16341106680784556,1.2144474467812336,0.30497382198952877,-25.69808081741278,124.846055041194,8,8
NASDAQ,0.4,6.0,,False,1588,0.31011251705960735,1.355763047759685,0.2008816120906801,-34.9665115869326,492.45867709065647,824,0.3526854284580852,1.409270549965585,0.20631067961165048,-30.583577310274123,290.6127930494622,764,0.26419618329999256,1.2994047683092627,0.1950261780104712,-34.96651158693267,201.84588404119432,8,8
NASDAQ,0.4,6.0,1.0,True,1588,0.017306410808644146,1.0276967740368719,0.4282115869017632,-47.550292258596194,27.482580364126903,824,0.05866276616675332,1.0970179695700433,0.4441747572815534,-36.715090701469485,48.33811932140473,764,-0.027297825860311296,0.957784672591949,0.4109947643979058,-47.55029225859621,-20.85553895727783,5,8
NASDAQ,0.4,6.0,1.0,False,1588,0.03347501933694497,1.0519407745362512,0.1996221662468514,-56.879882515080844,53.15833070706861,824,0.0772610451032889,1.1238397695835696,0.20631067961165048,-36.20020210953752,63.663101165110064,764,-0.013749699552410285,0.9793767269812976,0.19240837696335078,-56.87988251508082,-10.504770458041458,5,8
NASDAQ,0.4,6.0,1.5,True,1588,0.09429002903912152,1.144416579715778,0.40239294710327456,-38.34877736753343,149.73256611412498,824,0.13906368394587845,1.2190981491311876,0.4162621359223301,-25.583890810274784,114.58847557140383,764,0.04600011851141513,1.0683990767686573,0.387434554973822,-38.34877736753341,35.14409054272116,6,8
NASDAQ,0.4,6.0,1.5,False,1588,0.10825487654727095,1.1658041411620788,0.4017632241813602,-44.34957536753356,171.90874395706626,824,0.15341456300377307,1.2417045704485963,0.41504854368932037,-29.58360581027469,126.413599915109,764,0.059548617855965,1.0885447824050025,0.387434554973822,-44.3495753675334,45.49514404195726,6,8
NASDAQ,0.4,6.0,2.0,True,1588,0.15206776219403434,1.2222490833877346,0.3734256926952141,-23.624761536108934,241.48360636412653,824,0.18730575645801556,1.2800730736537491,0.38470873786407767,-21.583862310274647,154.33994332140483,764,0.11406238618157287,1.1627409756525675,0.3612565445026178,-23.624761536108917,87.14366304272167,7,8
NASDAQ,0.4,6.0,2.0,False,1588,0.16540259962661685,1.2417381279673108,0.3734256926952141,-31.349546867532524,262.6593282070676,824,0.2101509510498909,1.3142328559720178,0.38470873786407767,-24.083605810274612,173.1643836651101,764,0.11713997976696007,1.1671319988418483,0.3612565445026178,-31.349546867532407,89.4949445419575,7,8
NASDAQ,0.4,6.0,2.5,True,1588,0.18780386499630197,1.2624363151580875,0.34445843828715367,-28.197368317412327,298.2325376141275,824,0.24070295002597722,1.34569258688943,0.3592233009708738,-17.98632817972822,198.33923082140524,764,0.13075040156115486,1.1775391401148068,0.3285340314136126,-28.197368317412238,99.89330679272231,8,8
NASDAQ,0.4,6.0,2.5,False,1588,0.20806572635835574,1.2907501532902586,0.34445843828715367,-30.697681817412246,330.40837345706893,824,0.26172792920523147,1.375888226124381,0.3592233009708738,-18.33387656027398,215.66381366511072,764,0.15018921438737984,1.2039340886030263,0.3285340314136126,-30.69768181741226,114.7445597919582,8,8
NASDAQ,0.4,6.0,3.0,True,1588,0.2117024498505034,1.2813187418456835,0.31045340050377834,-24.96696758693284,336.1834903625994,824,0.2504096472347158,1.3366844333908627,0.3155339805825243,-22.584603310274318,206.33754932140585,764,0.16995542021098634,1.2230357260548026,0.30497382198952877,-24.96696758693271,129.84594104119356,8,8
NASDAQ,0.4,6.0,3.0,False,1588,0.22576107443721977,1.3000004084187848,0.31045340050377834,-26.96708158693292,358.508586206305,824,0.2641541106372702,1.3551643399122475,0.3155339805825243,-23.584090310274235,217.66298716511062,764,0.1843528783261706,1.2419297838028718,0.30497382198952877,-26.96708158693275,140.84559904119433,8,8
NASDAQ,0.5,,,False,1588,0.4768260848366871,1.5127983152858469,0.13350125944584382,-47.354780428732994,757.1998227206591,824,0.6089922983957008,1.6641971143392043,0.14199029126213591,-47.354780428732994,501.8096538780575,764,0.33428032571021155,1.3541721840635579,0.1243455497382199,-44.44839725456669,255.39016884260164,8,8
NASDAQ,0.5,,1.0,True,1588,0.13448271922295313,1.2338062412140458,0.46536523929471035,-40.73240050884817,213.55855812604955,824,0.20864085424438555,1.3801784231787768,0.4878640776699029,-30.52589957072545,171.9200638973737,764,0.0545006468961726,1.0902847383038035,0.4410994764397906,-40.73240050884826,41.63849422867587,7,8
NASDAQ,0.5,,1.0,False,1588,0.16684084590486042,1.2787246435723771,0.13476070528967254,-51.33228854857333,264.94326329691836,824,0.2571544384528268,1.4494413252697307,0.14441747572815533,-29.77062510151287,211.89525728512928,764,0.06943456284265581,1.110726158857278,0.1243455497382199,-51.33228854857345,53.04800601178904,7,8
NASDAQ,0.5,,1.5,True,1588,0.1839270451993297,1.2932974911814148,0.4168765743073048,-28.016499845514318,292.07614777653555,824,0.2602265438334162,1.429436294589265,0.4344660194174757,-26.29193494895381,214.42667211873493,764,0.10163543934267091,1.1563891212638997,0.39790575916230364,-28.016499845514446,77.64947565780058,8,8
NASDAQ,0.5,,1.5,False,1588,0.22257193469579428,1.3549221920187084,0.4168765743073048,-38.78317598968965,353.4442322969213,824,0.3123740610256436,1.5154922219561346,0.4344660194174757,-31.40329220764534,257.3962262851303,764,0.12571728535574747,1.1934444905401598,0.39790575916230364,-38.78317598968963,96.04800601179106,8,8
NASDAQ,0.5,,2.0,True,1588,0.22332126393084475,1.3312522120915364,0.37279596977329976,-31.818668600189937,354.63416712218145,824,0.3247827230076945,1.4997939060180727,0.3932038834951456,-24.275818801236017,267.6209637583403,764,0.11389162743958273,1.1626038371239544,0.3507853403141361,-31.818668600190204,87.0132033638412,8,8
NASDAQ,0.5,,2.0,False,1588,0.26067017147161264,1.386651810071211,0.37279596977329976,-38.09172892507297,413.94423229692086,824,0.3590973619965164,1.5525992008779754,0.3932038834951456,-27.653078457645613,295.8962262851295,764,0.15451309687407236,1.2205993803272106,0.3507853403141361,-38.091728925073205,118.04800601179127,8,8
NASDAQ,0.5,,2.5,True,1588,0.25111226730105696,1.3494670806630353,0.33123425692695213,-30.06868285019067,398.7662804740784,824,0.3509500977884515,1.5002102912729622,0.3446601941747573,-22.96800273897959,289.18288057768405,764,0.14343376949789843,1.1946602292609416,0.31675392670157065,-30.068682850190598,109.58339989639441,8,8
NASDAQ,0.5,,2.5,False,1588,0.28078876053484386,1.3907671635550198,0.33123425692695213,-33.83535899436589,445.89255172933207,824,0.3724462193994287,1.5308487818162744,0.3446601941747573,-25.335846464561772,306.8956847851292,764,0.18193307191649588,1.2469093130117546,0.31675392670157065,-33.835358994366004,138.99686694420285,8,8
NASDAQ,0.5,,3.0,True,1588,0.2631509760027324,1.348816665204738,0.2978589420654912,-34.466071886361476,417.8837498923391,824,0.36032396048191534,1.4865666519618794,0.308252427184466,-22.830782343897358,296.9069434370982,764,0.15834660530790695,1.205814340883206,0.28664921465968585,-34.46607188636162,120.9768064552409,8,8
NASDAQ,0.5,,3.0,False,1588,0.296689398916456,1.3932731251985244,0.2978589420654912,-35.96986356538122,471.1427654793322,824,0.3857957685499138,1.520962733628182,0.308252427184466,-25.209477026478762,317.895713285129,764,0.20058514685105136,1.2607147763593307,0.28664921465968585,-35.969863565381246,153.24705219420323,8,8
NASDAQ,0.5,2.0,,False,1588,0.044514258106538085,1.0660279554568997,0.37279596977329976,-46.28042353725249,70.68864187318248,824,0.10920242559733198,1.1680468293710484,0.3932038834951456,-20.83523993581155,89.98279869220156,764,-0.025254131962066863,0.9639445071373208,0.3507853403141361,-46.280423537252496,-19.294156819019083,6,8
NASDAQ,0.5,2.0,1.0,True,1588,-0.10819579384560442,0.8118951489055481,0.46536523929471035,-184.0356759015179,-171.81492062681983,824,-0.06191739964538616,0.887176174341481,0.4878640776699029,-78.46916180513232,-51.019937307798195,764,-0.1581086169097142,0.7380802630019365,0.4410994764397906,-125.02004536351998,-120.79498331902164,1,8
NASDAQ,0.5,2.0,1.0,False,1588,-0.10882436815290941,0.8137969651620027,0.3331234256926952,-184.53399440151853,-172.81309662682014,824,-0.056454816514318766,0.8988481533890609,0.35072815533980584,-66.25115594658463,-46.518768807798665,764,-0.16530671180500192,0.7302550968906807,0.31413612565445026,-128.01941836351983,-126.29432781902148,1,8
NASDAQ,0.5,2.0,1.5,True,1588,-0.06600347866928018,0.8947481884354412,0.4168765743073048,-118.5343649015152,-104.81352412681693,824,-0.018833146004608448,0.9689207860330536,0.4344660194174757,-60.539639576124806,-15.518512307797362,764,-0.11687828772122981,0.8201563073887526,0.39790575916230364,-95.54045660035095,-89.29501181901958,1,8
NASDAQ,0.5,2.0,1.5,False,1588,-0.05498244812771862,0.9123227686423414,0.4168765743073048,-103.50620879169543,-87.31212762681716,824,-0.0030554785288807278,0.9949577266088598,0.4344660194174757,-44.071473349571335,-2.5177143077977195,764,-0.11098745198824538,0.8292206911288112,0.39790575916230364,-95.04008610035098,-84.79441331901947,1,8
NASDAQ,0.5,2.0,2.0,True,1588,-0.04553723244761851,0.9324546677047679,0.37279596977329976,-94.50675029169628,-72.31312512681819,824,0.013327324869176201,1.0205088364659702,0.3932038834951456,-49.821630099571934,10.98171569220119,764,-0.10902466075787877,0.844344763711689,0.3507853403141361,-92.50190940231826,-83.29484081901938,3,8
NASDAQ,0.5,2.0,2.0,False,1588,-0.031053030936283192,0.9539390696222456,0.37279596977329976,-89.00176690231817,-49.31221312681771,824,0.02910471564587559,1.0447879720370865,0.3932038834951456,-35.321601599571736,23.982285692201486,764,-0.09593520787829737,0.8630326630061494,0.3507853403141361,-89.00176690231818,-73.2944988190192,3,8
NASDAQ,0.5,2.0,2.5,True,1588,0.06434979431560478,1.0954499868909944,0.37279596977329976,-43.853038669962814,102.1874733731804,824,0.13317026692014658,1.2049298905222632,0.3932038834951456,-19.83512593581142,109.73229994220078,764,-0.009875427446361754,0.9859007862815071,0.3507853403141361,-43.85303866996285,-7.54482656902038,6,8
NASDAQ,0.5,2.0,2.5,False,1588,0.07725963468084421,1.11459914046223,0.37279596977329976,-44.35312416996281,122.6882998731806,824,0.1453069501725739,1.2236065007577501,0.3932038834951456,-18.335097435811548,119.73292694220088,764,0.003868289176675027,1.0055227822920176,0.3507853403141361,-44.35312416996295,2.9553729309797205,6,8
NASDAQ,0.5,2.0,3.0,True,1588,0.10276371811913161,1.1524293224502562,0.37279596977329976,-34.780281037252564,163.188784373181,824,0.16806216770898208,1.2586235082804778,0.3932038834951456,-17.758983717338808,138.48322619220124,764,0.03233711803793165,1.0461679193871143,0.3507853403141361,-34.78028103725264,24.705558180979782,6,8
NASDAQ,0.5,2.0,3.0,False,1588,0.11158023386220484,1.165506851617999,0.37279596977329976,-33.78028103725259,177.1894113731813,824,0.17534413615558406,1.2698294105517671,0.3932038834951456,-17.758983717338808,144.48356819220126,764,0.04280869526306289,1.0611182601261595,0.3507853403141361,-33.780281037252635,32.70584318098005,6,8
NASDAQ,0.5,3.0,,False,1588,0.11655271299622501,1.1544950707972523,0.2978589420654912,-37.31044000003476,185.0857082380053,824,0.1625992387041268,1.2195673223673622,0.308252427184466,-19.303665795318068,133.98177269220048,764,0.06688996799189116,1.0869416470733926,0.28664921465968585,-37.310440000034845,51.103935545804845,6,8
NASDAQ,0.5,3.0,1.0,True,1588,-0.03766657533175195,0.9345144086273091,0.46536523929471035,-78.39708994230112,-59.814521626822106,824,0.009077434699273537,1.016540599505195,0.4878640776699029,-40.85007120939207,7.479806192201394,764,-0.08808158091495218,0.8540857231026697,0.4410994764397906,-78.04028560035464,-67.29432781902347,2,8
NASDAQ,0.5,3.0,1.0,False,1588,-0.03974456167783897,0.9323919960847908,0.28463476070528965,-83.89960710332359,-63.11436394440828,824,0.00725818773325365,1.0129210322729927,0.2949029126213592,-35.00820850094474,5.9807466922010075,764,-0.09043862648770849,0.8531967738008187,0.27356020942408377,-83.8996071033236,-69.09511063660929,2,8
NASDAQ,0.5,3.0,1.5,True,1588,0.004210860436512008,1.0067148080392723,0.4168765743073048,-56.563334713910876,6.686846373181069,824,0.050341334577915585,1.083075292271712,0.4344660194174757,-30.489616434701894,41.48125969220244,764,-0.04554242581023738,0.9299226726548019,0.39790575916230364,-56.56333471391089,-34.79441331902136,4,8
NASDAQ,0.5,3.0,1.5,False,1588,0.014727009480853093,1.023484283829265,0.4168765743073048,-55.36423153149687,23.38649105559471,824,0.06247781030607037,1.103103391977819,0.4344660194174757,-22.503055270941672,51.48171569220199,764,-0.03677385423639693,0.9434151041535142,0.39790575916230364,-55.364231531496806,-28.095224636607256,5,8
NASDAQ,0.5,3.0,2.0,True,1588,0.033493012199735384,1.0496801521963746,0.37279596977329976,-47.78028103725333,53.18690337317979,824,0.09099653603422429,1.140030583392768,0.3932038834951456,-23.290958094772293,74.98114569220081,764,-0.02852649518196472,0.9592725323137021,0.3507853403141361,-47.78028103725333,-21.794242319021045,5,8
NASDAQ,0.5,3.0,2.0,False,1588,0.04904669335994598,1.0727509122296948,0.37279596977329976,-47.28059453725288,77.88614905559422,824,0.10434646564587531,1.1605742053067802,0.3932038834951456,-19.00830395674742,85.98148769220126,764,-0.010595992979852177,0.9848720300570256,0.3507853403141361,-47.28059453725289,-8.095338636607064,6,8
NASDAQ,0.5,3.0,2.5,True,1588,0.04649464703274858,1.0647055149460813,0.33123425692695213,-43.28033803725445,73.83349948800475,824,0.09827687887403,1.140074348224313,0.3446601941747573,-19.81000080456913,80.98014819220072,764,-0.00935425223062294,0.9873049359983223,0.31675392670157065,-43.280338037254445,-7.1466487041959255,5,8
NASDAQ,0.5,3.0,2.5,False,1588,0.06160817662972643,1.085738661289498,0.33123425692695213,-40.280680037254,97.83378448800558,824,0.1104133546021856,1.1573725057038626,0.3446601941747573,-19.50844645674745,90.98060419220093,764,0.008970131277231267,1.0121737566895093,0.31675392670157065,-40.280680037254,6.8531802958046875,6,8
NASDAQ,0.5,3.0,3.0,True,1588,0.05326453635894542,1.070604176464126,0.2978589420654912,-45.78085103725331,84.58408373800533,824,0.1025248667381075,1.1384453620150041,0.308252427184466,-21.121097811665283,84.48049019220058,764,0.0001355936463413131,1.0001762407024477,0.28664921465968585,-45.78085103725331,0.10359354580476321,6,8
NASDAQ,0.5,3.0,3.0,False,1588,0.0636554132481145,1.0843776804810568,0.2978589420654912,-44.28076553725323,101.08479623800582,824,0.11162711977208842,1.1507366700316306,0.308252427184466,-22.12109781166524,91.98074669220085,764,0.011916295217022232,1.015488456106098,0.28664921465968585,-44.280765537253224,9.104049545804985,6,8
NASDAQ,0.5,4.0,,False,1588,0.1870804598476117,1.2330098398397462,0.25251889168765745,-32.38528035019067,297.0837702380074,824,0.23419931273325406,1.2961687323442026,0.2609223300970874,-20.725371060647092,192.98023369220135,764,0.1362611734892749,1.1669945055972302,0.24345549738219896,-32.385280350190776,104.10353654580604,8,8
NASDAQ,0.5,4.0,1.0,True,1588,0.00452457328285805,1.007866240945119,0.46536523929471035,-49.721742351870255,7.185022373178583,824,0.042451532393448364,1.0773537699762281,0.4878640776699029,-35.29118609477134,34.98006269220145,764,-0.03638094282594617,0.9397320199053114,0.4410994764397906,-49.72174235187029,-27.795040319022874,4,8
NASDAQ,0.5,4.0,1.0,False,1588,0.006224601420398426,1.0105405342625056,0.24622166246851385,-62.07643958346516,9.8846670555927,824,0.06368963858276862,1.1129201413540109,0.25849514563106796,-29.803568881994405,52.48026219220134,764,-0.05575339677566574,0.9099499076777124,0.23298429319371727,-62.076439583465195,-42.59559513660862,4,8
NASDAQ,0.5,4.0,1.5,True,1588,0.04986553896296066,1.0795176014402623,0.4168765743073048,-35.72171385186857,79.18647587318152,824,0.08553592438374075,1.141154817954064,0.4344660194174757,-29.540516344771216,70.48160169220237,764,0.01139381437300935,1.0175319615791814,0.39790575916230364,-35.721713851868444,8.704874180979143,5,8
NASDAQ,0.5,4.0,1.5,False,1588,0.061955690211332314,1.0987970446853181,0.4168765743073048,-41.72194185186822,98.38563605559571,824,0.11890926115558535,1.19622883872942,0.4344660194174757,-19.67580579187726,97.98123119220233,764,0.0005293257374259149,1.0008144874216494,0.39790575916230364,-41.72194185186811,0.404404863393399,6,8
NASDAQ,0.5,4.0,2.0,True,1588,0.08103696717454682,1.1202020540510216,0.37279596977329976,-36.982195233607655,128.68670387318036,824,0.1310457022963604,1.2016604910847668,0.3932038834951456,-24.95541330889882,107.98165869220097,764,0.02710084447772172,1.0386920566546014,0.3507853403141361,-36.98219523360768,20.705045180979393,5,8
NASDAQ,0.5,4.0,2.0,False,1588,0.10005392698715063,1.1484098919178696,0.37279596977329976,-38.46562506595524,158.8856360555952,824,0.16563256212645822,1.2548846946732521,0.3932038834951456,-17.50816145674731,136.48123119220156,764,0.029325137255750807,1.0418676943087959,0.3507853403141361,-38.4656250659553,22.404404863393616,6,8
NASDAQ,0.5,4.0,2.5,True,1588,0.09844680603778685,1.1370061219087269,0.33123425692695213,-36.98222373360768,156.33352798800553,824,0.1419670985342246,1.2023461573496637,0.3446601941747573,-24.705513058899314,116.98088919220108,764,0.051508689523304264,1.0699046908314291,0.31675392670157065,-36.98222373360781,39.35263879580446,5,8
NASDAQ,0.5,4.0,2.5,False,1588,0.11544950440050786,1.1606683803243647,0.33123425692695213,-35.98233773360752,183.33381298800649,824,0.1729134583643219,1.246454102501974,0.3446601941747573,-18.00830395674733,142.48068969220125,764,0.05347267447094926,1.0725701005289636,0.31675392670157065,-35.982337733607636,40.85312329580523,6,8
NASDAQ,0.5,4.0,3.0,True,1588,0.11151388868892063,1.1478159168069275,0.2978589420654912,-34.98225223360731,177.08405523800596,824,0.1541032629759718,1.2080947062813576,0.308252427184466,-23.52465946481736,126.98108869220076,764,0.06557979914372412,1.085238727472389,0.28664921465968585,-34.98225223360741,50.10296654580523,7,8
NASDAQ,0.5,4.0,3.0,False,1588,0.12662731060327873,1.167849334550907,0.2978589420654912,-35.98236623360725,201.08416923800664,824,0.18322919986917596,1.2474251731768295,0.308252427184466,-18.803694295318095,150.980860692201,764,0.06558024678770367,1.0852393093070951,0.28664921465968585,-35.98236623360735,50.10330854580561,7,8
NASDAQ,0.5,5.0,,False,1588,0.210114740045168,1.2491408773540795,0.21473551637279598,-46.623352539244934,333.6622071917268,824,0.2870870796673795,1.34713805173335,0.22694174757281554,-21.681533698357697,236.5597536459207,764,0.1270974522850865,1.1476183619958396,0.20157068062827224,-46.62335253924508,97.1024535458061,8,8
NASDAQ,0.5,5.0,1.0,True,1588,0.02176197803891448,1.0378344988565102,0.46536523929471035,-49.186058189662184,34.558021125796195,824,0.06353540709322741,1.115772104999301,0.4878640776699029,-23.790872594771336,52.35317544481939,764,-0.02329208680500418,0.9614147706219803,0.4410994764397906,-49.18605818966218,-17.795154319023194,6,8
NASDAQ,0.5,5.0,1.0,False,1588,0.029706620612375296,1.0501094450152784,0.21347607052896725,-59.68407865383766,47.17411353245197,824,0.09620182908866612,1.1699407153104322,0.22694174757281554,-17.948952886324474,79.27030716906089,764,-0.04201072465524725,0.9324238019689937,0.19895287958115182,-59.684078653837695,-32.0961936366089,4,8
NASDAQ,0.5,5.0,1.5,True,1588,0.07056636594823629,1.112527975817679,0.4168765743073048,-34.40731438057195,112.05938912579921,824,0.11026057578254887,1.181956430753842,0.4344660194174757,-22.8436668715684,90.85471444482027,764,0.027754809791857224,1.0427070551597732,0.39790575916230364,-34.407314380572,21.20467468097892,6,8
NASDAQ,0.5,5.0,1.5,False,1588,0.08543770940330918,1.1362424204288184,0.4168765743073048,-43.61895243253845,135.67508253245498,824,0.15142145166148285,1.2498817613489148,0.4344660194174757,-18.47541381064721,124.77127616906186,764,0.0142719978578444,1.0219606981393887,0.39790575916230364,-43.618952432538606,10.903806363393121,6,8
NASDAQ,0.5,5.0,2.0,True,1588,0.10079347898350005,1.1495068686698162,0.37279596977329976,-36.78173223569877,160.06004462579807,824,0.15455710733594524,1.2378411624329428,0.3932038834951456,-21.45538480889862,127.35505644481887,764,0.04280757615311415,1.0611166623654118,0.3507853403141361,-36.781732235698954,32.704988180979214,5,8
NASDAQ,0.5,5.0,2.0,False,1588,0.12353594617912748,1.1832407479895377,0.37279596977329976,-45.18476035228247,196.17508253245444,824,0.19814475263235576,1.3049162805152161,0.3932038834951456,-15.725257060647408,163.27127616906114,764,0.04306780937616927,1.0614881990759426,0.3507853403141361,-45.18476035228246,32.90380636339332,6,8
NASDAQ,0.5,5.0,2.5,True,1588,0.128908535730871,1.1793990000512589,0.33123425692695213,-35.031746485699244,204.70675474062315,824,0.18004140284565398,1.2566135844558264,0.3446601941747573,-20.31609653876506,148.3541159448189,764,0.07375999842382759,1.1001029133775877,0.31675392670157065,-35.03174648569934,56.352638795804275,7,8
NASDAQ,0.5,5.0,2.5,False,1588,0.14365453524235874,1.1999206633539918,0.33123425692695213,-40.184874352282975,228.1234019648657,824,0.21149361003526795,1.3014425154595097,0.3446601941747573,-15.752498072307134,174.2707346690608,764,0.07048778441859282,1.095662048923703,0.31675392670157065,-40.184874352282954,53.85266729580491,7,8
NASDAQ,0.5,5.0,3.0,True,1588,0.14701332996890662,1.1948717815124703,0.2978589420654912,-37.609606502125786,233.4571679906237,824,0.19945898233594506,1.2693412037021485,0.308252427184466,-21.02463096481724,164.35420144481873,764,0.09044890909136775,1.1175628777898106,0.28664921465968585,-37.60960650212582,69.10296654580496,7,8
NASDAQ,0.5,5.0,3.0,False,1588,0.15955517362397093,1.2114964740966747,0.2978589420654912,-39.281988735698604,253.37361571486582,824,0.2248431591857531,1.3036189517766876,0.308252427184466,-15.917178008891113,185.27076316906056,764,0.08913985935314829,1.1158614127755715,0.28664921465968585,-39.28198873569866,68.10285254580529,7,8
NASDAQ,0.5,6.0,,False,1588,0.23554424628031528,1.2704681168114849,0.1889168765743073,-48.44011681553573,374.04426309314067,824,0.30682942928844437,1.3581856268390762,0.19902912621359223,-32.04499847947636,252.82744973367818,764,0.1586607504705007,1.1790246984455173,0.17801047120418848,-48.44011681553583,121.21681335946253,8,8
NASDAQ,0.5,6.0,1.0,True,1588,0.042543157509947235,1.0739638208109654,0.46536523929471035,-43.721970351870546,67.55853412579621,824,0.08538062068546004,1.1555777264226617,0.4878640776699029,-19.59419412156864,70.35363144481907,764,-0.0036585043442707754,0.9939393910693377,0.4410994764397906,-43.72197035187058,-2.7950973190228723,5,8
NASDAQ,0.5,6.0,1.0,False,1588,0.0461999266266745,1.077721425094262,0.1889168765743073,-54.56725723896597,73.36548348315911,824,0.10607300389919862,1.1868179331042519,0.19902912621359223,-27.131979692832907,87.40415521293966,764,-0.018375224777199616,0.9705130019812056,0.17801047120418848,-54.567257238966,-14.038671729780507,5,8
NASDAQ,0.5,6.0,1.5,True,1588,0.09103284548224139,1.1451646502889836,0.4168765743073048,-31.9730368003152,144.56015862579932,824,0.13210599689905364,1.2180066220979626,0.4344660194174757,-22.34358137156886,108.8553414448202,764,0.04673405390180514,1.0719109168029595,0.39790575916230364,-31.973036800315228,35.70481718097913,7,8
NASDAQ,0.5,6.0,1.5,False,1588,0.10193101541760838,1.1625433120135158,0.4168765743073048,-42.47340730031479,161.8664524831621,824,0.1612926264720153,1.2661715704953314,0.4344660194174757,-23.843096871569024,132.90512421294062,764,0.037907497735892026,1.0583292628887222,0.39790575916230364,-42.47340730031493,28.961328270221507,7,8
NASDAQ,0.5,6.0,2.0,True,1588,0.12409376550742957,1.184068160852939,0.37279596977329976,-36.28158973569873,197.06089962579816,824,0.18004337432623643,1.277060862332421,0.3932038834951456,-19.093880621569042,148.35574044481882,764,0.06375020835206725,1.0910165982218198,0.3507853403141361,-36.281589735698844,48.70515918097938,7,8
NASDAQ,0.5,6.0,2.0,False,1588,0.14002925219342668,1.2077052526487586,0.37279596977329976,-42.781960235698335,222.3664524831616,824,0.20801592744288816,1.320106599045264,0.3932038834951456,-18.88697759396436,171.40512421293985,764,0.06670330925421693,1.0952327601021872,0.3507853403141361,-42.78196023569848,50.96132827022173,7,8
NASDAQ,0.5,6.0,2.5,True,1588,0.15031958170064438,1.2091962529271132,0.33123425692695213,-34.53160398569918,238.70749574062327,824,0.2018870314864307,1.2877502284810143,0.3446601941747573,-18.81612503876518,166.3549139448189,764,0.09470233219346127,1.1285246686387553,0.31675392670157065,-34.53160398569928,72.35258179580441,7,8
NASDAQ,0.5,6.0,2.5,False,1588,0.16014784125665799,1.2228740123291297,0.33123425692695213,-39.03197448569895,254.31477191557286,824,0.22136478484580044,1.315511932331874,0.3446601941747573,-18.886949093964404,182.40458271293957,764,0.09412328429664046,1.1277388174633818,0.31675392670157065,-39.031974485698996,71.91018920263332,8,8
NASDAQ,0.5,6.0,3.0,True,1588,0.17031343702180332,1.2257569629568303,0.2978589420654912,-35.10969200212551,270.4577379906237,824,0.22251799568545944,1.3004791466466354,0.308252427184466,-21.524773464817336,183.35482844481857,764,0.11400904390812185,1.1481856600654443,0.28664921465968585,-35.10969200212558,87.10290954580509,7,8
NASDAQ,0.5,6.0,3.0,False,1588,0.17604847963827017,1.2333589808960008,0.2978589420654912,-39.28187473569838,279.56498566557303,824,0.23471433399628555,1.316948580125764,0.308252427184466,-19.886920593964305,193.4046112129393,764,0.11277535923119593,1.1465821523795958,0.28664921465968585,-39.28187473569851,86.16037445263369,7,8
NASDAQ,0.6,,,False,1588,0.3824767573530178,1.4229624744214058,0.14798488664987405,-54.23602588830806,607.3730906765923,824,0.4679100846220632,1.5246903518455905,0.15655339805825244,-50.94995381161941,385.55790972858006,764,0.2903340064764557,1.3163509049057824,0.1387434554973822,-54.23602588830781,221.81518094801214,8,8
NASDAQ,0.6,,1.0,True,1588,0.11724822493890764,1.2134162748681672,0.4836272040302267,-35.06080425245072,186.19018120298534,824,0.17566296525506853,1.3359682557537704,0.5072815533980582,-26.003828014188077,144.74628337017646,764,0.054245939571739406,1.0938506663980259,0.4581151832460733,-35.060804252450644,41.44389783280891,7,8
NASDAQ,0.6,,1.0,False,1588,0.14372281867430706,1.2524374360884922,0.14924433249370278,-50.38260395239283,228.2318360547996,824,0.21155301328238532,1.390026097776619,0.15898058252427186,-31.31328740175671,174.3196829446855,764,0.07056564543208664,1.1179261320520821,0.1387434554973822,-50.38260395239284,53.91215311011419,7,8
NASDAQ,0.6,,1.5,True,1588,0.1616395967014276,1.2650034980397125,0.4263224181360202,-33.38150498475423,256.68367956186705,824,0.22583458622636002,1.3875338298902382,0.45024271844660196,-22.459918738247943,186.08769905052065,764,0.09240311585254762,1.144539355361102,0.4005235602094241,-33.38150498475413,70.59598051134638,8,8
NASDAQ,0.6,,1.5,False,1588,0.19299848476372808,1.3164140146616876,0.4256926952141058,-42.634828845282726,306.4815938048002,824,0.26707497899840377,1.4583026506638135,0.45024271844660196,-25.973078030265626,220.0697826946847,764,0.11310446480381602,1.1769192979874339,0.3992146596858639,-42.63482884528272,86.41181111011544,8,8
NASDAQ,0.6,,2.0,True,1588,0.17659047929325777,1.2623365476104371,0.36649874055415615,-29.432023065036123,280.42568111769333,824,0.24405684322007334,1.3729298239460406,0.38228155339805825,-29.432023065036123,201.10283881334044,764,0.10382570982245139,1.1497497231360476,0.3494764397905759,-27.109411358310865,79.32284230435286,7,8
NASDAQ,0.6,,2.0,False,1588,0.2095866429619118,1.3113544770926302,0.36649874055415615,-34.383002952392445,332.8235890235159,824,0.2776929252969489,1.4243272689086985,0.38228155339805825,-30.737949868327014,228.8189704446859,764,0.13613169971051045,1.1963452441264246,0.3494764397905759,-34.38300295239239,104.00461857882999,8,8
NASDAQ,0.6,,2.5,True,1588,0.19120396020269048,1.2665570568076387,0.3249370277078086,-30.890331630336306,303.6318888018725,824,0.24620823315942714,1.3488316225091042,0.3337378640776699,-25.431766565035705,202.87558412336796,764,0.13187997994568654,1.1807282136780415,0.31544502617801046,-30.890331630336153,100.75630467850452,8,8
NASDAQ,0.6,,2.5,False,1588,0.22770599716107937,1.3174444732021393,0.3249370277078086,-34.48284841969678,361.59712349179404,824,0.2871267917633068,1.4068056675089828,0.3337378640776699,-24.723320280265405,236.5924764129648,764,0.16361864800893874,1.2242228577169185,0.31544502617801046,-34.48284841969675,125.0046470788292,8,8
NASDAQ,0.6,,3.0,True,1588,0.20962663439299278,1.2800201499401114,0.29534005037783373,-32.889932630336205,332.88709541607255,824,0.2610919539200743,1.353338768191494,0.30218446601941745,-30.130899745399553,215.1397700301412,764,0.15411953584545987,1.2030405806434834,0.2879581151832461,-32.88993263033608,117.74732538593133,8,8
NASDAQ,0.6,,3.0,False,1588,0.24943097134243988,1.3331909525584236,0.29534005037783373,-34.232549169696824,396.09638249179454,824,0.30715012974874384,1.415669831512699,0.30218446601941745,-28.141501134183862,253.09170691296492,764,0.18717889473668795,1.246593731697007,0.2879581151832461,-34.23254916969656,143.0046755788296,8,8
NASDAQ,0.6,2.0,,False,1588,0.036696528570805804,1.0545150602290736,0.36649874055415615,-36.82737990794781,58.27408737043962,824,0.08747576597183468,1.1336669014193748,0.38228155339805825,-21.83393801266451,72.08003116079178,764,-0.01807060705543477,0.9739364324300867,0.3494764397905759,-36.82737990794783,-13.805943790352165,4,8
NASDAQ,0.6,2.0,1.0,True,1588,-0.055989770508181595,0.89808691552639,0.4836272040302267,-102.01483274295451,-88.91175556699237,824,-0.0059709743194281415,0.9885800753486316,0.5072815533980582,-50.83180754463862,-4.9200828392087885,764,-0.10993674440809367,0.8097989120331461,0.4581151832460733,-88.34096805147547,-83.99167272778357,1,8
NASDAQ,0.6,2.0,1.0,False,1588,-0.06506193299639583,0.88333360759071,0.3425692695214106,-118.00500133614302,-103.31834959827657,824,-0.0150723280815638,0.9716187331191056,0.3580097087378641,-49.90758963308175,-12.419598339208571,764,-0.11897742311396337,0.7970962404468633,0.32591623036649214,-92.74807508275984,-90.898751259068,1,8
NASDAQ,0.6,2.0,1.5,True,1588,-0.02088288810893708,0.9657631019194979,0.4263224181360202,-73.71107516754535,-33.16202631699208,824,0.03559492282862885,1.0610811523554664,0.45024271844660196,-33.52152983510293,29.33021641079017,764,-0.0817961292248459,0.872052368796104,0.4005235602094241,-73.71107516754539,-62.49224272778227,2,8
NASDAQ,0.6,2.0,1.5,False,1588,-0.02239830374576583,0.9632786213037394,0.4263224181360202,-75.11812519882987,-35.56850634827614,824,0.03316829176066814,1.0569170353917572,0.45024271844660196,-29.021672335102746,27.33067241079055,764,-0.08232876800924957,0.8712192013663295,0.4005235602094241,-75.11812519882987,-62.89917875906667,2,8
NASDAQ,0.6,2.0,2.0,True,1588,-0.03572200228561736,0.946932661427468,0.36649874055415615,-80.15150610398581,-56.726539629560364,824,0.011018832719407061,1.016837271563141,0.38228155339805825,-46.65737113627473,9.079518160791418,764,-0.08613358349522487,0.8757679547466344,0.3494764397905759,-72.40281333328683,-65.8060577903518,2,8
NASDAQ,0.6,2.0,2.0,False,1588,-0.02704850986226746,0.959817693888863,0.36649874055415615,-69.65153460398611,-42.95303366128073,824,0.01741889154013515,1.0266168490491376,0.38228155339805825,-39.15728563627433,14.353166629071364,764,-0.07500811556328808,0.891814420939021,0.3494764397905759,-67.52508973011528,-57.306200290352095,2,8
NASDAQ,0.6,2.0,2.5,True,1588,0.06267217734284627,1.093103561987892,0.36649874055415615,-33.38673568397972,99.52341762043989,824,0.11508459151795128,1.1758544275482194,0.38228155339805825,-20.58400926266444,94.82970341079185,764,0.0061436049864502995,1.0088610340093165,0.3494764397905759,-33.38673568397974,4.693714209648029,6,8
NASDAQ,0.6,2.0,2.5,False,1588,0.06865467073075557,1.1019909418045584,0.36649874055415615,-31.886821183979677,109.02361712043985,824,0.1187254373917377,1.1814178036568805,0.38228155339805825,-19.583952262664457,97.82976041079186,764,0.01465164490791621,1.0211323358366646,0.3494764397905759,-31.88682118397968,11.193856709647983,6,8
NASDAQ,0.6,2.0,3.0,True,1588,0.09179776881010028,1.1363715068012856,0.36649874055415615,-28.614705264595358,145.77485687043924,824,0.1390538163359119,1.212480480206881,0.38228155339805825,-19.333966512664517,114.58034466079141,764,0.040830513363413395,1.0588905973494407,0.3494764397905759,-28.614705264595298,31.194512209647836,7,8
NASDAQ,0.6,2.0,3.0,False,1588,0.09463157580002464,1.1405813098739446,0.36649874055415615,-27.614762264595413,150.27494237043913,824,0.1402674777436789,1.2143350093778598,0.38228155339805825,-18.33390951266454,115.58040166079141,764,0.04541170249953894,1.0654981303578048,0.3494764397905759,-27.61476226459535,34.694540709647754,7,8
NASDAQ,0.6,3.0,,False,1588,0.11638518533186198,1.1554678256501412,0.29534005037783373,-35.8302591934773,184.81967430699683,824,0.1463901748754246,1.1981115208232502,0.30218446601941745,-20.302423335287436,120.62550409734988,764,0.08402378299692012,1.1106948421169882,0.2879581151832461,-35.83025919347724,64.19417020964697,7,8
NASDAQ,0.6,3.0,1.0,True,1588,0.0003705925270820985,1.000674555855025,0.4836272040302267,-44.66057346087761,0.5885009330063724,824,0.04196574594756189,1.0802625553253968,0.5072815533980582,-26.02192883510282,34.579774660790996,764,-0.044491195978775676,0.9230259734752827,0.4581151832460733,-44.6605734608776,-33.991273727784616,3,8
NASDAQ,0.6,3.0,1.0,False,1588,-0.004436748192693998,0.9920891058758058,0.2877833753148615,-58.35914180325129,-7.045556129998069,824,0.04108376714693019,1.0769154249109747,0.2973300970873786,-22.429671295523054,33.85302412907048,764,-0.05353217311396405,0.9092113679032968,0.2774869109947644,-58.359141803251305,-40.89858025906853,2,8
NASDAQ,0.6,3.0,1.5,True,1588,0.0408300300270822,1.0669396670311522,0.4263224181360202,-36.330515693476656,64.83808768300653,824,0.08899270438202672,1.1527121427135552,0.45024271844660196,-18.37605582368061,73.32998841079002,764,-0.011115053308617168,0.9826135447359212,0.4005235602094241,-36.330515693476684,-8.491900727783516,5,8
NASDAQ,0.6,3.0,1.5,False,1588,0.04483891789672703,1.0735121240923216,0.4263224181360202,-38.676996474862335,71.20420162000252,824,0.09660573286294873,1.1657761562181919,0.45024271844660196,-16.875799323680585,79.60312387906976,764,-0.010993353742234627,0.9828039103606122,0.4005235602094241,-38.676996474862335,-8.398922259067255,6,8
NASDAQ,0.6,3.0,2.0,True,1588,0.04488224456576707,1.0666754693430416,0.36649874055415615,-36.6366929339799,71.2730043704381,824,0.08747472835047466,1.1336653158873078,0.38228155339805825,-22.876198323680853,72.07917616079112,764,-0.0010551986784725338,0.9984780676171152,0.3494764397905759,-36.63669293397989,-0.8061717903530159,6,8
NASDAQ,0.6,3.0,2.0,False,1588,0.05764866677501144,1.0856408130077397,0.36649874055415615,-34.136379433979855,91.54608283871816,824,0.10236931022945492,1.1564249063359529,0.38228155339805825,-20.80409810019607,84.35231162907085,764,0.009415930902679687,1.013580769620123,0.3494764397905759,-34.13637943397984,7.193771209647281,6,8
NASDAQ,0.6,3.0,2.5,True,1588,0.053727754601382766,1.0749017547557371,0.3249370277078086,-34.30255553613393,85.31967430699584,824,0.08753181625891969,1.124016427456332,0.3337378640776699,-23.962179281181946,72.12621659734982,764,0.01726892370372517,1.0236653185297873,0.31544502617801046,-34.30255553613397,13.19345770964603,5,8
NASDAQ,0.6,3.0,2.5,False,1588,0.06443322374495979,1.0898262277825084,0.3249370277078086,-36.80252703613401,102.31995930699614,824,0.09966739271523034,1.1412102993712363,0.3337378640776699,-19.96206528118192,82.1259315973498,764,0.0264319734419455,1.0362223541898896,0.31544502617801046,-36.80252703613407,20.19402770964636,5,8
NASDAQ,0.6,3.0,3.0,True,1588,0.05970979931171057,1.0797606039164558,0.29534005037783373,-37.33034469347719,94.81916130699638,824,0.08267647888027883,1.1118870373727046,0.30218446601941745,-27.186203465317597,68.12541859734976,764,0.034939453808437965,1.0460300308440125,0.2879581151832461,-37.33034469347724,26.693742709646607,6,8
NASDAQ,0.6,3.0,3.0,False,1588,0.07104513495402809,1.0949023934861564,0.29534005037783373,-37.83037319347723,112.8196743069966,824,0.10270085448707511,1.1389862570325917,0.30218446601941745,-20.30242333528745,84.62550409734989,764,0.03690336414875223,1.0486173309785585,0.2879581151832461,-37.83037319347728,28.1941702096467,7,8
NASDAQ,0.6,4.0,,False,1588,0.15811037582759666,1.1971040443140326,0.24496221662468515,-44.20852429664993,251.0792768142235,824,0.22194891335506883,1.2822313121437297,0.25728155339805825,-25.39280757217729,182.88590460457672,764,0.08925834058854294,1.1089627276232552,0.23167539267015708,-44.20852429664986,68.19337220964681,7,8
NASDAQ,0.6,4.0,1.0,True,1588,0.022096230751263497,1.0402197581926653,0.4836272040302267,-33.89334410690979,35.08881443300643,824,0.06805863611746468,1.130167114235853,0.5072815533980582,-22.267452614952095,56.08031616079089,764,-0.0274757876018121,0.9524642582173269,0.4581151832460733,-33.89334410690984,-20.991501727784446,4,8
NASDAQ,0.6,4.0,1.0,False,1588,0.02681643679068973,1.0475762276695435,0.24307304785894207,-53.805418328035785,42.584501623615296,824,0.08857242764888812,1.1651213020908469,0.25728155339805825,-19.375485823680677,72.98368038268381,764,-0.03978950099354518,0.9329053479796465,0.22774869109947643,-53.80541832803583,-30.39917875906852,5,8
NASDAQ,0.6,4.0,1.5,True,1588,0.06287065534194376,1.1030746421648123,0.4263224181360202,-34.334897971387505,99.83860068300669,824,0.11205185608105579,1.1922818185602286,0.45024271844660196,-22.017495364951788,92.33072941078997,764,0.009827056639027132,1.015371737398646,0.4005235602094241,-34.33489797138749,7.507871272216729,5,8
NASDAQ,0.6,4.0,1.5,False,1588,0.07609210288011076,1.124750242396053,0.4256926952141058,-40.72141972014025,120.83425937361588,824,0.14409439336490668,1.2472670508955677,0.45024271844660196,-17.962036781181872,118.73378013268311,764,0.0027493183781842363,1.0043005152648572,0.3992146596858639,-40.72141972014023,2.1004792409327564,6,8
NASDAQ,0.6,4.0,2.0,True,1588,0.07510916018289565,1.1115795022198145,0.36649874055415615,-30.337224966986327,119.27334637043829,824,0.12024227203979505,1.183735595163121,0.38228155339805825,-27.84635841121228,99.07963216079112,764,0.02643156310163239,1.0381227276297083,0.3494764397905759,-30.33722496698634,20.193714209647148,6,8
NASDAQ,0.6,4.0,2.0,False,1588,0.09268026107829443,1.1376825059891096,0.36649874055415615,-34.70860979664957,147.17625459233156,824,0.15471233966345177,1.236407407519174,0.38228155339805825,-20.462150781182075,127.48296788268426,764,0.02577655328487867,1.0371779949726623,0.3494764397905759,-34.708609796649434,19.693286709647303,6,8
NASDAQ,0.6,4.0,2.5,True,1588,0.09151130938727728,1.1275757325791134,0.3249370277078086,-31.369883354304676,145.3199593069963,824,0.12758077499678383,1.1807584099524377,0.3337378640776699,-25.962065281181925,105.12655859734987,764,0.052609163232521516,1.0720955530780778,0.31544502617801046,-31.36988335430476,40.19340070964644,6,8
NASDAQ,0.6,4.0,2.5,False,1588,0.10922539770819252,1.1522709075213493,0.3249370277078086,-34.95859554664983,173.4499315606097,824,0.16111239848417866,1.2282665313356012,0.3337378640776699,-21.961894281181934,132.7566163509632,764,0.053263501583306956,1.0729922578040507,0.31544502617801046,-34.958595546649875,40.693315209646514,6,8
NASDAQ,0.6,4.0,3.0,True,1588,0.10977286133941865,1.1466350551332738,0.29534005037783373,-34.33040169347737,174.3193038069968,824,0.13910896735115272,1.188257778266479,0.30218446601941745,-28.776901202207455,114.62578909734984,764,0.078132872656606,1.1029340228966695,0.2879581151832461,-34.330401693477306,59.69351470964698,6,8
NASDAQ,0.6,4.0,3.0,False,1588,0.12465332214144216,1.1665124379717013,0.29534005037783373,-34.708324796649634,197.94947556061015,824,0.1690001600133049,1.2287098758376382,0.30218446601941745,-22.393035572177332,139.25613185096324,764,0.07682374831105612,1.1012093527190905,0.2879581151832461,-34.70832479664954,58.69334370964688,7,8
NASDAQ,0.6,5.0,,False,1588,0.1726767390581766,1.2053869732699634,0.2084382871536524,-48.501492308756184,274.21066162438444,824,0.21410037725291073,1.2580067723536767,0.21601941747572814,-38.80625848482422,176.41871085639843,764,0.127999935560191,1.150144878629672,0.20026178010471204,-48.5014923087562,97.79195076798594,7,8
NASDAQ,0.6,5.0,1.0,True,1588,0.03858804570597497,1.0702383082840083,0.4836272040302267,-33.89317310690947,61.277816581088246,824,0.07617666845736937,1.145693444224819,0.5072815533980582,-18.843242617429244,62.76957480887236,764,-0.0019525631253718586,0.9966218789471234,0.4581151832460733,-33.89317310690951,-1.4917582277841,5,8
NASDAQ,0.6,5.0,1.0,False,1588,0.03882280952688649,1.0686460359081418,0.2084382871536524,-48.64418695416202,61.65062152869575,824,0.08464815959780908,1.1571739302955226,0.21601941747572814,-30.375060193829146,69.75008350859468,764,-0.010601390026045725,0.982172262635569,0.20026178010471204,-48.64418695416202,-8.099461979898933,4,8
NASDAQ,0.6,5.0,1.5,True,1588,0.07967738559892225,1.1306287959711725,0.4263224181360202,-33.071617797896195,126.52768833108854,824,0.12138368817824197,1.208295311856116,0.45024271844660196,-19.325800351322798,100.02015905887139,764,0.03469571894269261,1.0542719453072265,0.4005235602094241,-33.071617797896266,26.507529272217155,6,8
NASDAQ,0.6,5.0,1.5,False,1588,0.08809847561630751,1.1444342549603765,0.4256926952141058,-42.59382682773857,139.90037927869633,824,0.14017012531382764,1.2405329777282883,0.45024271844660196,-25.092829367428898,115.50018325859396,764,0.03193742934568369,1.04995689241059,0.3992146596858639,-42.593826827738575,24.400196020102342,5,8
NASDAQ,0.6,5.0,2.0,True,1588,0.08719305826103285,1.129530912262881,0.36649874055415615,-32.32829605237498,138.46257651852017,824,0.12532684260785507,1.191505047483202,0.38228155339805825,-24.343613117429218,103.26931830887258,764,0.046064474096397356,1.0664396347892964,0.3494764397905759,-32.32829605237495,35.19325820964758,6,8
NASDAQ,0.6,5.0,2.0,False,1588,0.10468663381449117,1.1555187471361044,0.36649874055415615,-35.08761118108694,166.242374497412,824,0.1507880716123727,1.2304109495870919,0.38228155339805825,-26.843242617429055,124.2493710085951,764,0.054964664252378115,1.079276542083217,0.3494764397905759,-35.08761118108688,41.99300348881688,6,8
NASDAQ,0.6,5.0,2.5,True,1588,0.10831786017322287,1.1510057112670062,0.3249370277078086,-32.080415943477036,172.00876195507792,824,0.13812613015222241,1.195699231799059,0.3337378640776699,-25.962179281181964,113.81593124543127,764,0.0761686265833071,1.1043814218532653,0.31544502617801046,-32.080415943477064,58.19283070964662,8,8
NASDAQ,0.6,5.0,2.5,False,1588,0.12280598801365877,1.1712035811840598,0.3249370277078086,-36.32183154789695,195.01590896569013,824,0.16022193807873064,1.227004913297786,0.3337378640776699,-23.96217928118199,132.02287697687404,764,0.08245161255080641,1.1129916205425432,0.31544502617801046,-36.32183154789696,62.9930319888161,7,8
NASDAQ,0.6,5.0,3.0,True,1588,0.13180622118025678,1.1760673109350304,0.29534005037783373,-35.330173693477036,209.30827923424778,824,0.15754270660853295,1.213204371313769,0.30218446601941745,-25.845674411212322,129.81519024543115,764,0.10404854579688037,1.1370759199203166,0.2879581151832461,-35.33017369347709,79.49308898881661,7,8
NASDAQ,0.6,5.0,3.0,False,1588,0.1445309621950193,1.1930650741115496,0.29534005037783373,-37.07164629789696,229.51516796569064,824,0.18024527606416768,1.2439280217587436,0.30218446601941745,-23.806315484824303,148.52210747687417,764,0.10601185927855557,1.1396624337397214,0.2879581151832461,-37.07164629789697,80.99306048881645,8,8
NASDAQ,0.6,6.0,,False,1588,0.2484451863345844,1.289351951318474,0.19143576826196473,-35.55111456755348,394.53095589932,824,0.2927207931197763,1.3453561592234962,0.19902912621359223,-35.55111456755348,241.20193353069567,764,0.2006924376552675,1.2305410172912223,0.18324607329842932,-31.491937473896602,153.32902236862438,8,8
NASDAQ,0.6,6.0,1.0,True,1588,0.06818487945912378,1.1241107316045376,0.4836272040302267,-29.781393886418854,108.27758858108857,824,0.11804432076319481,1.2257683882932453,0.5072815533980582,-19.075786101322635,97.26852030887252,764,0.014409775225413639,1.0249302900498636,0.4581151832460733,-29.781393886418954,11.00906827221602,6,8
NASDAQ,0.6,6.0,1.0,False,1588,0.07670703316509041,1.1353828268747557,0.19206549118387908,-37.07284080428444,121.81076866616357,824,0.12395836753124186,1.229704358964027,0.20024271844660194,-28.050573067553675,102.14169484574329,764,0.0257448610214925,1.0432206954457903,0.18324607329842932,-37.07284080428448,19.66907382042027,7,8
NASDAQ,0.6,6.0,1.5,True,1588,0.10958884750068572,1.1796677826873456,0.4263224181360202,-29.57176029789632,174.02708983108892,824,0.16325120213455294,1.2801402772468882,0.45024271844660196,-20.825999851322614,134.51899055887162,764,0.05171217182227394,1.080889523156788,0.4005235602094241,-29.571760297896304,39.50809927221729,6,8
NASDAQ,0.6,6.0,1.5,False,1588,0.12598269925451142,1.2065440653476451,0.4256926952141058,-32.20108943233325,200.06052641616412,824,0.1794803332472604,1.3079895869606553,0.45024271844660196,-21.550516067553474,147.89179459574257,764,0.06828368039322193,1.10681011417296,0.3992146596858639,-32.20108943233321,52.16873182042155,8,8
NASDAQ,0.6,6.0,2.0,True,1588,0.11882349969338225,1.1765199732698268,0.36649874055415615,-26.51803620444747,188.69171751309102,824,0.16807996274689704,1.2568337363092708,0.38228155339805825,-24.57604260132281,138.49788930344317,764,0.06569872802309924,1.094758478884217,0.3494764397905759,-26.518036204447455,50.193828209647826,6,8
NASDAQ,0.6,6.0,2.0,False,1588,0.1425708574526951,1.211798204997724,0.36649874055415615,-25.571902797896882,226.4025216348798,824,0.1900982795458055,1.2904787138442817,0.38228155339805825,-24.193128663588958,156.64098234574374,764,0.09131091529991638,1.1316994057526275,0.3494764397905759,-25.571902797896843,69.76153928913611,8,8
NASDAQ,0.6,6.0,2.5,True,1588,0.14278203680708362,1.1990521506769536,0.3249370277078086,-28.080586943477073,226.73787444964879,824,0.18269974240291473,1.2588518131850455,0.3337378640776699,-26.962350281181777,150.54458774000173,764,0.09972943286603017,1.136669130981251,0.31544502617801046,-28.080586943477027,76.19328670964705,8,8
NASDAQ,0.6,6.0,2.5,False,1588,0.1606902116518627,1.224017901252206,0.3249370277078086,-28.821860047897047,255.17605610315798,824,0.19953214601216343,1.2827002222589217,0.3337378640776699,-24.46237878118179,164.41448831402266,764,0.11879786359834463,1.1628004924306077,0.31544502617801046,-28.821860047896994,90.7615677891353,8,8
NASDAQ,0.6,6.0,3.0,True,1588,0.16375143433804698,1.2187398625610002,0.29534005037783373,-31.330344693477116,260.0372777288186,824,0.20150934980582721,1.2727049392768954,0.30218446601941745,-26.46220778118206,166.04370424000163,764,0.12302823755080758,1.1620801973664667,0.2879581151832461,-31.330344693477073,93.99357348881699,8,8
NASDAQ,0.6,6.0,3.0,False,1588,0.1824151858332232,1.2436709812008504,0.29534005037783373,-29.578161202038473,289.6753151031584,824,0.21955548399760047,1.297126981895227,0.30218446601941745,-23.462264781181972,180.9137188140228,764,0.14235811032609383,1.1875458112520043,0.2879581151832461,-29.57816120203841,108.76159628913568,8,8
NASDAQ,0.7,,,False,1588,0.32796577283400474,1.3724899640590051,0.163727959697733,-54.764991886397596,520.8096472603995,824,0.4149389589135345,1.4778785235287082,0.17233009708737865,-54.764991886397596,341.90970214475243,764,0.23416223182676324,1.262043724101627,0.1544502617801047,-51.64725718094256,178.8999451156471,7,8
NASDAQ,0.7,,1.0,True,1588,0.12964645567673452,1.2484901523622172,0.5056675062972292,-25.996016207896133,205.87857161465442,824,0.18660559037424337,1.3716474392738247,0.5230582524271845,-25.909412663017868,153.76300646837655,764,0.06821409050559932,1.1256449190478954,0.4869109947643979,-25.99601620789614,52.11556514627787,6,8
NASDAQ,0.7,,1.0,False,1588,0.1427293619361245,1.2646534422774627,0.16498740554156172,-43.541564923899585,226.6542267545657,824,0.20486773870711916,1.394687855090292,0.17475728155339806,-34.95655300288663,168.8110166946662,764,0.07571100793180567,1.134923452697732,0.1544502617801047,-43.541564923899614,57.84321005989953,7,8
NASDAQ,0.7,,1.5,True,1588,0.16614503272222242,1.2780020647132326,0.4332493702770781,-33.221032517066725,263.8383119628892,824,0.2374264811771968,1.4124384079950998,0.4526699029126214,-33.221032517066725,195.63942049001017,764,0.08926556475507726,1.143666316551464,0.412303664921466,-26.170433380222367,68.19889147287903,6,8
NASDAQ,0.7,,1.5,False,1588,0.17862319159607506,1.298881135690639,0.4332493702770781,-39.791693173899006,283.6536282545672,824,0.24764639799110055,1.4301916350137112,0.4526699029126214,-34.95669550288686,204.06063194466685,764,0.10417931454175434,1.1676688925022334,0.412303664921466,-39.79169317389898,79.59299630990031,7,8
NASDAQ,0.7,,2.0,True,1588,0.16562221622322437,1.2485029156440326,0.3677581863979849,-34.170547380222445,263.0080793624803,824,0.22488614274103516,1.3442653543983003,0.3786407766990291,-30.838815363466637,185.30618161861298,764,0.10170405463856988,1.1493966627772443,0.35602094240837695,-34.170547380222395,77.70189774386739,7,8
NASDAQ,0.7,,2.0,False,1588,0.18791276527154155,1.2819481052818003,0.3677581863979849,-42.54179292389915,298.405471251208,824,0.2488443512898056,1.3809416077959529,0.3786407766990291,-32.06494261267017,205.0477454627998,764,0.12219597616283792,1.179497967002512,0.35602094240837695,-42.54179292389914,93.35772578840817,7,8
NASDAQ,0.7,,2.5,True,1588,0.1772712946833188,1.2489124563612404,0.3243073047858942,-34.32925133132636,281.50681595711023,824,0.22558869830385161,1.3186843207092778,0.32645631067961167,-30.335028287095387,185.88508740237373,764,0.12515933056902684,1.174601174650647,0.3219895287958115,-34.329251331326404,95.6217285547365,7,8
NASDAQ,0.7,,2.5,False,1588,0.20349750126020716,1.2857375357501648,0.3243073047858942,-40.291522173898954,323.154032001209,824,0.2518765679160192,1.3558206308756844,0.32645631067961167,-33.56502811267036,207.5462919627998,764,0.15131903146388637,1.2110947743206535,0.3219895287958115,-40.29152217389895,115.60774003840919,8,8
NASDAQ,0.7,,3.0,True,1588,0.21005240827680005,1.282078783624653,0.29345088161209065,-27.960978154318994,333.5632243435585,824,0.2746432863644423,1.372545885805433,0.29854368932038833,-27.960978154318994,226.30606796430044,764,0.14038894814039013,1.186514817230384,0.2879581151832461,-27.516056113835205,107.25715637925805,8,8
NASDAQ,0.7,,3.0,False,1588,0.22254644915063476,1.2988569956963938,0.29345088161209065,-34.541507923899076,353.403761251208,824,0.2773620739839794,1.3762338446681641,0.29854368932038833,-33.06499961267024,228.54634896279902,764,0.16342593231467142,1.2171207798059323,0.2879581151832461,-34.54150792389905,124.85741228840897,8,8
NASDAQ,0.7,2.0,,False,1588,0.04785975770907838,1.0718097463246914,0.3677581863979849,-37.83041355517848,76.00129524201647,824,0.08274974366607678,1.1266768573747796,0.3786407766990291,-20.857805315679897,68.18578878084726,764,0.010229720498912567,1.0150267962188197,0.35602094240837695,-37.83041355517854,7.815506461169202,5,8
NASDAQ,0.7,2.0,1.0,True,1588,-0.014485617286692516,0.972235775919658,0.5056675062972292,-55.37367437760239,-23.003160251267715,824,0.024527971777403616,1.0488504009090551,0.5230582524271845,-36.020721773054646,20.21104874458058,764,-0.05656310077990613,0.8958152756136812,0.4869109947643979,-49.94893690772627,-43.21420899584828,2,8
NASDAQ,0.7,2.0,1.0,False,1588,-0.027550884291326162,0.9479871025200802,0.34760705289672544,-61.90135093553771,-43.75080425462595,824,0.00600531069504075,1.0117767547425955,0.3567961165048544,-39.52080727305452,4.948376012713577,764,-0.06374238254887375,0.8843171176584489,0.337696335078534,-58.43396517921776,-48.69918026733955,1,8
NASDAQ,0.7,2.0,1.5,True,1588,-0.0009467180423591989,0.9984159046697645,0.4332493702770781,-49.6989511577255,-1.5033882512664078,824,0.04303485557594786,1.074756729889773,0.4526699029126214,-40.282925534617924,35.46072099458104,764,-0.04838234194482651,0.9221322032474872,0.412303664921466,-49.69895115772551,-36.96410924584745,4,8
NASDAQ,0.7,2.0,1.5,False,1588,0.0007861626230323802,1.0013154460823923,0.4332493702770781,-47.6842929292171,1.2484262453754198,824,0.03968192446931333,1.0689322845251235,0.4526699029126214,-32.783182034617454,32.697905762714186,764,-0.0411642402059408,0.9337492035114154,0.412303664921466,-47.684292929217094,-31.44947951733877,4,8
NASDAQ,0.7,2.0,2.0,True,1588,-0.015743011182609602,0.9763788683118316,0.3677581863979849,-52.419192950709345,-24.99990175798405,824,0.01721451793792111,1.0263527225219864,0.3786407766990291,-44.65083118623107,14.184762780846995,764,-0.05128882793040711,0.9246600368314789,0.35602094240837695,-52.41919295070932,-39.18466453883103,3,8
NASDAQ,0.7,2.0,2.0,False,1588,-0.005982359734246643,0.9910239467247074,0.3677581863979849,-45.91933545070937,-9.499987257983669,824,0.022675579224329244,1.0347127494059953,0.3786407766990291,-39.651002186230784,18.684677280847296,764,-0.03689092217124472,0.9458096269736243,0.35602094240837695,-45.919335450709376,-28.184664538830965,3,8
NASDAQ,0.7,2.0,2.5,True,1588,0.0815496648249478,1.1223587628575125,0.3677581863979849,-34.08039930517846,129.5008677420171,824,0.11794357254957177,1.1805530803627011,0.3786407766990291,-18.22742923550861,97.18550378084714,764,0.04229759680781407,1.0621324275520911,0.35602094240837695,-34.08039930517844,32.31536396116995,7,8
NASDAQ,0.7,2.0,2.5,False,1588,0.08532807414484703,1.128027964453185,0.3677581863979849,-33.08034230517855,135.50098174201707,824,0.11915723395733878,1.1824110053089507,0.3786407766990291,-18.022312646151992,98.18556078084715,764,0.04884217403294489,1.0717459872100334,0.35602094240837695,-33.08034230517852,37.3154209611699,7,8
NASDAQ,0.7,2.0,3.0,True,1588,0.09288561066877622,1.1393674447723674,0.3677581863979849,-31.830242555178557,147.50234974201663,824,0.128866663568989,1.1972746166703199,0.3786407766990291,-17.22737912045625,106.18613078084692,764,0.054078820629803306,1.0794382815683523,0.35602094240837695,-31.830242555178533,41.316218961169724,7,8
NASDAQ,0.7,2.0,3.0,False,1588,0.09383021299875098,1.1407847451712856,0.3677581863979849,-31.830242555178557,149.00237824201656,824,0.12825983286510542,1.196345654197195,0.3786407766990291,-17.22737912045625,105.68610228084687,764,0.056696696284253535,1.0832837711875278,0.35602094240837695,-31.830242555178533,43.3162759611697,7,8
NASDAQ,0.7,3.0,,False,1588,0.11712712546726478,1.1572896847615306,0.29345088161209065,-25.420887709104875,185.99787524201648,824,0.1397851890544243,1.1896146735211175,0.29854368932038833,-21.060932548719734,115.18299578084563,764,0.09268963280257962,1.1231435248310033,0.2879581151832461,-25.42088770910486,70.81487946117083,7,8
NASDAQ,0.7,3.0,1.0,True,1588,0.03148412011884892,1.060344833682384,0.5056675062972292,-28.701254736059774,49.99678274873209,824,0.05911545418031515,1.1177355250909766,0.5230582524271845,-28.032854284618303,48.71113424457968,764,0.0016827860001994903,1.0030995577189823,0.4869109947643979,-28.70125473605981,1.2856485041524106,5,8
NASDAQ,0.7,3.0,1.0,False,1588,0.027234184348472436,1.0511200969538737,0.2884130982367758,-31.87908463724346,43.24788474537423,824,0.06243620814649613,1.1217464058565065,0.2961165048543689,-25.309914577756953,51.44743551271281,764,-0.010732396292327969,0.980635260230701,0.2801047120418848,-31.879084637243455,-8.199550767338568,5,8
NASDAQ,0.7,3.0,1.5,True,1588,0.05478352723471892,1.091666500249745,0.4332493702770781,-32.418204301356994,86.99624124873365,824,0.08854439137691782,1.1538122775324964,0.4526699029126214,-32.418204301356994,72.96057849458028,764,0.018371286327425917,1.0295672249900085,0.412303664921466,-30.051408734305653,14.0356627541534,6,8
NASDAQ,0.7,3.0,1.5,False,1588,0.06312801400842297,1.1056289071544425,0.4332493702770781,-31.05106673430545,100.24728624537568,824,0.10521486743047752,1.1827709032509108,0.4526699029126214,-20.56252874159389,86.69705076271347,764,0.017735910317620708,1.0285446343504452,0.412303664921466,-31.0510667343055,13.550235482662222,6,8
NASDAQ,0.7,3.0,2.0,True,1588,0.05541549952268007,1.0831465338242796,0.3677581863979849,-31.292227071012384,87.99981324201596,824,0.07486032194277462,1.1145993921629815,0.3786407766990291,-30.239653537931265,61.68490528084628,764,0.03444359680781372,1.0505954107279107,0.35602094240837695,-31.292227071012395,26.31490796116968,6,8
NASDAQ,0.7,3.0,2.0,False,1588,0.06863917836399024,1.102987608424905,0.3677581863979849,-30.547543993849075,108.9990152420165,824,0.10155845179714376,1.1554700346314697,0.3786407766990291,-19.810171077756493,83.68416428084646,764,0.03313462167692413,1.0486726111216584,0.35602094240837695,-30.547543993849068,25.314850961170038,6,8
NASDAQ,0.7,3.0,2.5,True,1588,0.06722150314358774,1.0943879238748504,0.3243073047858942,-30.797273243849062,106.74774699201734,824,0.07364417024374555,1.1040355414290972,0.32645631067961167,-26.310000077756285,60.682796280846325,764,0.06029443810362701,1.0841126240443415,0.3219895287958115,-30.797273243849077,46.064950711171036,6,8
NASDAQ,0.7,3.0,2.5,False,1588,0.08044579218640906,1.1129565831445873,0.3243073047858942,-29.79738724384916,127.74791799201758,824,0.09973657619034763,1.1408957242630953,0.32645631067961167,-21.434003294451923,82.18293878084646,764,0.059640025145511956,1.0831996975315996,0.3219895287958115,-29.797387243849176,45.564979211171135,7,8
NASDAQ,0.7,3.0,3.0,True,1588,0.07740285335025911,1.1039440723447778,0.29345088161209065,-27.878856637242833,122.91573112021146,824,0.09781667130951521,1.1326855607574766,0.29854368932038833,-24.310028577756587,80.60093715904054,764,0.05538585597011899,1.0735833050980965,0.2879581151832461,-27.87885663724277,42.314793961170906,6,8
NASDAQ,0.7,3.0,3.0,False,1588,0.0805517192192768,1.1081726753939711,0.29345088161209065,-28.878799637242864,127.91613012021156,824,0.10327794012019491,1.1400936181457664,0.29854368932038833,-25.31014257775662,85.10102265904061,764,0.05604071657221323,1.0744533251896269,0.2879581151832461,-28.8787996372428,42.81510746117091,6,8
NASDAQ,0.7,4.0,,False,1588,0.10874783919929736,1.1349838885608956,0.23551637279596976,-46.87982563724344,172.6915686484842,824,0.14482905529989443,1.1820308564793665,0.24271844660194175,-28.871096473351045,119.33914156711302,764,0.06983301974001462,1.0855348066030304,0.22774869109947643,-46.87982563724355,53.35242708137117,6,8
NASDAQ,0.7,4.0,1.0,True,1588,0.03797076590445844,1.0727776270909826,0.5056675062972292,-31.701482736060314,60.29757625628001,824,0.062208735193724926,1.1238961656445767,0.5230582524271845,-26.541891093658425,51.25999779962934,764,0.011829291173626542,1.0217886117206576,0.4869109947643979,-31.701482736060356,9.037578456650678,5,8
NASDAQ,0.7,4.0,1.0,False,1588,0.03154599807846857,1.0589082508440053,0.23488664987405541,-42.87948363724386,50.09504494860809,824,0.0667786333808817,1.1295821252788436,0.24150485436893204,-28.60474221635102,55.02559390584652,764,-0.006453598111568636,0.9884192052337298,0.22774869109947643,-42.879483637243844,-4.930548957238438,4,8
NASDAQ,0.7,4.0,1.5,True,1588,0.06158530368783481,1.1030475681438747,0.4332493702770781,-30.76151962289589,97.79746225628168,824,0.09163801826411401,1.1591862802214963,0.4526699029126214,-30.621810148328738,75.50972704962994,764,0.02917242828095778,1.0469508631630382,0.412303664921466,-30.76151962289585,22.287735206651746,6,8
NASDAQ,0.7,4.0,1.5,False,1588,0.06743982773841911,1.1128436465899687,0.4332493702770781,-39.761747622895655,107.09444644860955,824,0.10955729266486307,1.1903142191507539,0.4526699029126214,-26.827130942881666,90.27520915584716,764,0.02201470849838006,1.0354310431866347,0.412303664921466,-39.761747622895626,16.819237292762367,6,8
NASDAQ,0.7,4.0,2.0,True,1588,0.06505093938889421,1.0976037422524036,0.3677581863979849,-34.7615481228959,103.30089174956402,824,0.08523515635424259,1.1304816337362238,0.3786407766990291,-26.57717369288089,70.23376883589589,764,0.04328157449433003,1.0635778269821845,0.35602094240837695,-34.76154812289584,33.06712291366814,6,8
NASDAQ,0.7,4.0,2.0,False,1588,0.07672940141388561,1.1151263423577966,0.3677581863979849,-40.26186162289578,121.84628944525035,824,0.11075524596356814,1.1695488816624238,0.3786407766990291,-23.57717369288094,91.26232267398015,764,0.04003137011946359,1.0588034874666692,0.35602094240837695,-40.26186162289572,30.583966771270184,6,8
NASDAQ,0.7,4.0,2.5,True,1588,0.08409873866471378,1.1180858054616878,0.3243073047858942,-33.17055995910458,133.54879699956547,824,0.09372774251929131,1.1324071736791634,0.32645631067961167,-25.104827716350716,77.23165983589604,764,0.07371353031893904,1.1028326767394672,0.3219895287958115,-33.170559959104594,56.31713716366943,7,8
NASDAQ,0.7,4.0,2.5,False,1588,0.09231413740255123,1.12962131708231,0.3243073047858942,-37.186171916855656,146.59485019525135,824,0.11378746258978174,1.1607451104301967,0.32645631067961167,-23.104884716350742,93.76086917398015,764,0.06915442542051208,1.0964725830332944,0.3219895287958115,-37.18617191685563,52.83398102127123,6,8
NASDAQ,0.7,4.0,3.0,True,1588,0.10876339302755646,1.1460580521775037,0.29345088161209065,-29.379341137243287,172.71626812775966,824,0.1336769426141873,1.1813290091929665,0.29854368932038833,-19.561018048719752,110.14980071409033,764,0.08189328195506454,1.1087999498434216,0.2879581151832461,-29.379341137243173,62.56646741366931,7,8
NASDAQ,0.7,4.0,3.0,False,1588,0.1113630852929788,1.14954917155121,0.29345088161209065,-35.87942663724327,176.84457944525033,824,0.13927296865774194,1.188919860973774,0.29854368932038833,-22.604856216350935,114.76092617397936,764,0.0812613262712971,1.1079603602573689,0.2879581151832461,-35.87942663724319,62.08365327127099,6,8
NASDAQ,0.7,5.0,,False,1588,0.17909365309822478,1.2154646925477246,0.21095717884130982,-40.13230688269646,284.400721119981,824,0.20684874106817094,1.2512675134030902,0.21601941747572814,-40.13230688269646,170.44336264017286,764,0.14915884617775937,1.177612420240293,0.2054973821989529,-27.614948132555437,113.95735847980816,8,8
NASDAQ,0.7,5.0,1.0,True,1588,0.06695346524024903,1.1283280494779735,0.5056675062972292,-24.243294080716538,106.32210280151546,824,0.1077171641985799,1.2145316662804864,0.5230582524271845,-20.62295893259533,88.75894329962985,764,0.022988428667389548,1.0423428537644344,0.4869109947643979,-21.566206653664743,17.563159501885615,6,8
NASDAQ,0.7,5.0,1.0,False,1588,0.06829330206823456,1.1272444510843909,0.21158690176322417,-29.781539638121114,108.44976368435648,824,0.10082262978443741,1.195162138095135,0.21723300970873785,-29.781539638121114,83.07784694237642,764,0.03320931510730373,1.0594735589366182,0.2054973821989529,-29.263651874173767,25.37191674198005,5,8
NASDAQ,0.7,5.0,1.5,True,1588,0.09340163054251703,1.1562842157418844,0.4332493702770781,-26.065807653665274,148.32178930151704,824,0.14260764690489117,1.2477266670750355,0.4526699029126214,-25.60154836174249,117.50870104963033,764,0.04033126734540145,1.0649101883493834,0.412303664921466,-26.065807653665182,30.813088251886704,5,8
NASDAQ,0.7,5.0,1.5,False,1588,0.10418713172818508,1.1743310483763318,0.4332493702770781,-28.00558152546541,165.44916518435792,824,0.14360128906841876,1.2494527432482165,0.4526699029126214,-28.00558152546541,118.32746219237707,764,0.06167762171725242,1.0992655650595458,0.412303664921466,-26.145915859825568,47.12170299198085,6,8
NASDAQ,0.7,5.0,2.0,True,1588,0.09682232584495996,1.145274171669581,0.3677581863979849,-26.01157100800063,153.75385344179642,824,0.13065704609574427,1.200015411045506,0.3786407766990291,-22.806869156294514,107.66140598289329,764,0.06033042861112974,1.0886214884003795,0.35602094240837695,-26.01157100800067,46.09244745890312,7,8
NASDAQ,0.7,5.0,2.0,False,1588,0.1134767054036516,1.170262738861552,0.3677581863979849,-27.61715181238533,180.20100818099874,824,0.14479924236712385,1.2216648917649262,0.3786407766990291,-23.755567275464603,119.31457571051006,764,0.07969428333833596,1.117065735633477,0.35602094240837695,-27.617151812385227,60.88643247048867,7,8
NASDAQ,0.7,5.0,2.5,True,1588,0.11657266432926192,1.1636835127458534,0.3243073047858942,-25.170559959104764,185.11739095486791,824,0.14096991684817167,1.1991451811592635,0.32645631067961167,-23.544988551132818,116.15921148289347,764,0.09025939721462625,1.1259146777574174,0.3219895287958115,-25.170559959104786,68.95817947197446,8,8
NASDAQ,0.7,5.0,2.5,False,1588,0.12906144139231726,1.1812194154494824,0.3243073047858942,-26.670702459104916,204.94956893099982,824,0.14783145899333744,1.2088383347347362,0.32645631067961167,-25.132192882696344,121.81312221051006,764,0.10881733863938446,1.1518035855769875,0.3219895287958115,-26.670702459104945,83.13644672048973,8,8
NASDAQ,0.7,5.0,3.0,True,1588,0.14470059734449753,1.194318021981016,0.29345088161209065,-22.378883979396477,229.78454858306208,824,0.17849165577801923,1.2421189059122395,0.29854368932038833,-22.378883979396477,147.07712436108784,764,0.10825579086645849,1.1438240638956614,0.2879581151832461,-22.1149766325555,82.70742422197429,8,8
NASDAQ,0.7,5.0,3.0,False,1588,0.1481103892827448,1.1988970219089126,0.29345088161209065,-24.618071894870646,235.19929818099877,824,0.17331696506129762,1.2350995836402503,0.29854368932038833,-24.618071894870646,142.81317921050925,764,0.12092423949016949,1.1606548287880738,0.2879581151832461,-23.614948132555448,92.38611897048949,8,8
NASDAQ,0.7,6.0,,False,1588,0.23764513893166636,1.2801063600028306,0.19458438287153654,-35.0374423448219,377.38048062348616,824,0.23735942189772463,1.2809166761297017,0.1953883495145631,-35.0374423448219,195.5841636437251,764,0.23795329447612704,1.2792397915532079,0.193717277486911,-31.186946093377003,181.79631697976106,8,8
NASDAQ,0.7,6.0,1.0,True,1588,0.0871761619735189,1.1670883917194539,0.5056675062972292,-23.894370744531358,138.43574521394802,824,0.12183712337458656,1.24265326038648,0.5230582524271845,-19.83121060109952,100.39378966065932,764,0.04979313554095382,1.0917149878831924,0.4869109947643979,-23.894370744531358,38.041955553288716,6,8
NASDAQ,0.7,6.0,1.0,False,1588,0.09756904498495533,1.1815069806031615,0.1952141057934509,-26.990133306625467,154.93964343610907,824,0.11607797019921426,1.2242171933108594,0.1966019417475728,-26.990133306625467,95.64824744415255,764,0.07760653925648756,1.1388421899689753,0.193717277486911,-22.929121886328048,59.29139599195649,6,8
NASDAQ,0.7,6.0,1.5,True,1588,0.11708771361079953,1.1959169383701964,0.4332493702770781,-27.393971744531882,185.93528921394966,824,0.15854782149351937,1.2754166711466166,0.4526699029126214,-24.447303338233407,130.64340491065997,764,0.07237157631320645,1.1164766931175458,0.412303664921466,-27.393971744531733,55.291884303289734,6,8
NASDAQ,0.7,6.0,1.5,False,1588,0.13346287464490586,1.2233166656019112,0.4332493702770781,-25.21417519396976,211.93904493611052,824,0.15885662948319565,1.2759531078364363,0.4526699029126214,-25.21417519396976,130.89786269415322,764,0.10607484586643626,1.1707196098093176,0.412303664921466,-24.981215024167867,81.0411822419573,6,8
NASDAQ,0.7,6.0,2.0,True,1588,0.12468906557990427,1.187085990346694,0.3677581863979849,-21.014030376176038,198.00623614088798,824,0.15084482808728517,1.2309197337268576,0.3786407766990291,-20.902467382785485,124.29613834392298,764,0.09647918559812171,1.1417216688857514,0.35602094240837695,-21.014030376175924,73.71009779696499,7,8
NASDAQ,0.7,6.0,2.0,False,1588,0.14275244832037237,1.2141886543477023,0.3677581863979849,-23.487486331784595,226.69088793275134,824,0.16005458278190074,1.245018421290343,0.3786407766990291,-20.964160943968967,131.8849762122862,764,0.1240915074875198,1.1822823796309323,0.35602094240837695,-23.48748633178458,94.80591172046513,7,8
NASDAQ,0.7,6.0,2.5,True,1588,0.14003159487025146,1.1966229688207737,0.3243073047858942,-22.545045551132866,222.37017265395932,824,0.15691022978631425,1.221663719715406,0.32645631067961167,-22.545045551132866,129.29402934392294,764,0.12182741270947167,1.169953045186604,0.3219895287958115,-22.457288216798972,93.07614331003636,8,8
NASDAQ,0.7,6.0,2.5,False,1588,0.15833718430903804,1.2223264491303667,0.3243073047858942,-24.893190595020684,251.43944868275238,824,0.1630867994081143,1.2303892272831018,0.32645631067961167,-21.96421794396889,134.38352271228618,764,0.15321456278856826,1.2137390997127104,0.3219895287958115,-24.893190595020723,117.05592597046616,8,8
NASDAQ,0.7,6.0,3.0,True,1588,0.16721471019027287,1.2245521602992766,0.29345088161209065,-21.115033632555395,265.5369597821533,824,0.19564521507538501,1.2653872261677477,0.29854368932038833,-20.37894097939654,161.21165722211725,764,0.1365514431414085,1.1814164704375156,0.2879581151832461,-21.115033632555406,104.32530256003608,8,8
NASDAQ,0.7,6.0,3.0,False,1588,0.17738613219946556,1.2382113340817797,0.29345088161209065,-23.210915030860463,281.6891779327513,824,0.18857230547607448,1.2557930234228816,0.29854368932038833,-21.06144554871964,155.38357971228538,764,0.16532146363935332,1.2196391025319062,0.2879581151832461,-23.2109150308605,126.30559822046594,8,8
NASDAQ,0.8,,,False,1588,0.30673149825920193,1.3572206932944946,0.17821158690176322,-45.9793473661089,487.08961923561264,824,0.3795925249769568,1.447771356960794,0.18567961165048544,-45.9793473661089,312.7842405810124,764,0.22814840138036682,1.2621062002108272,0.17015706806282724,-43.804337473199766,174.30537865460025,8,8
NASDAQ,0.8,,1.0,True,1588,0.12880227483888226,1.2530010242306577,0.5144836272040302,-26.221082617784038,204.53801244414504,824,0.18718976273538596,1.3839759036211943,0.5339805825242718,-26.221082617784038,154.24436449395802,764,0.06582938213375263,1.1236493518068567,0.49345549738219896,-25.16748069252632,50.293647950187,6,8
NASDAQ,0.8,,1.0,False,1588,0.1441420345698491,1.2749286871822352,0.181360201511335,-28.88962608051594,228.89755089692036,824,0.20117934498407417,1.4004391463035641,0.19053398058252427,-27.851495868467303,165.7717802668771,764,0.08262535422780531,1.1508036873854568,0.17146596858638743,-28.88962608051603,63.12577063004326,8,8
NASDAQ,0.8,,1.5,True,1588,0.13024056431339556,1.2151414918517498,0.42191435768261965,-30.264747970982583,206.82201612967214,824,0.18573185904077422,1.3131187691075115,0.4320388349514563,-30.264747970982583,153.04305184959796,764,0.07039131450271496,1.1138034044898109,0.4109947643979058,-20.01949368080361,53.778964280074234,7,8
NASDAQ,0.8,,1.5,False,1588,0.15663626367313976,1.258743960626845,0.42191435768261965,-28.264142144642936,248.73838671294592,824,0.20680628069260518,1.3486473908601495,0.4320388349514563,-28.264142144642936,170.40837529070666,764,0.10252619296104612,1.1657566688557335,0.4109947643979058,-26.262181856305563,78.33001142223924,8,8
NASDAQ,0.8,,2.0,True,1588,0.15723733574071883,1.2374636630715055,0.3677581863979849,-25.028693401433834,249.69288915626151,824,0.2100382092254432,1.3205272144550122,0.3725728155339806,-25.028693401433834,173.0714844017652,764,0.10028979679907894,1.1497855858565234,0.362565445026178,-22.16898011196929,76.62140475449631,8,8
NASDAQ,0.8,,2.0,False,1588,0.17998444702713615,1.2718169058615958,0.3677581863979849,-26.762010856305864,285.8153018790922,824,0.2243540581788981,1.3423738070560969,0.3725728155339806,-26.351809368467915,184.86774393941204,764,0.13213031143937198,1.1973402752824498,0.362565445026178,-26.76201085630589,100.9475579396802,8,8
NASDAQ,0.8,,2.5,True,1588,0.18714968825916597,1.2657552073502387,0.327455919395466,-23.85394862463791,297.1937049555556,824,0.2373566582424324,1.3387289607881965,0.3288834951456311,-23.85394862463791,195.5818863917643,764,0.13299976251805137,1.1878571672605587,0.32591623036649214,-20.08692734756837,101.61181856379125,8,8
NASDAQ,0.8,,2.5,False,1588,0.19992677917462373,1.2838988573726107,0.327455919395466,-25.514270394642743,317.4837253293025,824,0.24002720966750102,1.3425400740539595,0.3288834951456311,-25.514270394642743,197.78242076602083,764,0.15667710021371944,1.22130051710997,0.32591623036649214,-24.01188260630628,119.70130456328165,8,8
NASDAQ,0.8,,3.0,True,1588,0.2150766963174941,1.2914724180524297,0.29534005037783373,-27.354319124637662,341.54179375218064,824,0.28423007347365326,1.3914785860014982,0.30461165048543687,-27.354319124637662,234.20558054229028,764,0.1404924256673958,1.1871527868102465,0.28534031413612565,-23.168923111969345,107.33621320989039,8,8
NASDAQ,0.8,,3.0,False,1588,0.21661404176908203,1.293555832033714,0.29534005037783373,-26.761523185895946,343.98309832930227,824,0.272793923259734,1.3757272340761686,0.30461165048543687,-26.761523185895946,224.7821927660208,764,0.15602212770063015,1.2078402153320749,0.28534031413612565,-25.761953856305972,119.20090556328142,8,8
NASDAQ,0.8,2.0,,False,1588,0.053237395795070454,1.0804004148145279,0.3677581863979849,-27.901864072692454,84.54098452257188,824,0.0691155913808395,1.105473323460557,0.3725728155339806,-22.937805208475066,56.95124729781175,764,0.036112221498377145,1.053934601787573,0.362565445026178,-27.901864072692394,27.58973722476014,7,8
NASDAQ,0.8,2.0,1.0,True,1588,0.004482955846874465,1.0088056862525043,0.5144836272040302,-39.572835802409315,7.11893388483665,824,0.04207905555746364,1.0863153152453309,0.5339805825242718,-25.57870558545511,34.67314177935004,764,-0.036065717139415414,0.9322566549739552,0.49345549738219896,-33.623098966019256,-27.55420789451338,3,8
NASDAQ,0.8,2.0,1.0,False,1588,0.003647175057059672,1.0070676718669385,0.3595717884130982,-33.49713086917022,5.791713990610759,824,0.03309485431054008,1.066910423574903,0.36529126213592233,-26.00182515913479,27.270159951885024,764,-0.028113149163971556,0.947855622968576,0.35340314136125656,-32.41489780021956,-21.478445961274268,4,8
NASDAQ,0.8,2.0,1.5,True,1588,-0.00870952280583868,0.985612932962605,0.42191435768261965,-44.49290439575668,-13.830722215671823,824,0.014195666962390031,1.0239319726237592,0.4320388349514563,-44.49290439575668,11.697229577009386,764,-0.03341354946686023,0.9459794761288236,0.4109947643979058,-29.02289427531081,-25.52795179268122,3,8
NASDAQ,0.8,2.0,1.5,False,1588,0.008584513732138758,1.0141805673285478,0.42191435768261965,-29.493132395756497,13.632207806636348,824,0.027799252397711905,1.046865775951608,0.4320388349514563,-29.493132395756497,22.90658397571461,764,-0.012139235823400867,0.9803741928337706,0.4109947643979058,-24.00054159815045,-9.274376169078263,5,8
NASDAQ,0.8,2.0,2.0,True,1588,0.005954267222405423,1.0089922797208322,0.3677581863979849,-29.919451466256852,9.455376349179812,824,0.02289553898594613,1.0349395634331204,0.3725728155339806,-29.919451466256852,18.86592412441961,764,-0.012317470909999744,0.9816035164552058,0.362565445026178,-28.901921072692293,-9.410547775239804,4,8
NASDAQ,0.8,2.0,2.0,False,1588,0.013041224793943776,1.0196951760593003,0.3677581863979849,-30.437890708475095,20.709464972782715,824,0.030783923087888226,1.046977572098643,0.3725728155339806,-30.437890708475095,25.365952624419897,764,-0.006094879125179553,0.9908971294226602,0.362565445026178,-29.4019495726923,-4.656487651637178,5,8
NASDAQ,0.8,2.0,2.5,True,1588,0.08015805968046101,1.1210566586285482,0.3677581863979849,-22.99429366572525,127.2909987725721,824,0.09672479738812187,1.1476061426626587,0.3725728155339806,-18.620764657672428,79.70123304781242,764,0.062290269273245664,1.0930322403080126,0.362565445026178,-22.99429366572518,47.58976572475969,8,8
NASDAQ,0.8,2.0,2.5,False,1588,0.0836216254865064,1.1262874202648876,0.3677581863979849,-22.994293665725237,132.79114127257216,824,0.09975888173278215,1.152236284040277,0.3725728155339806,-19.120793157672384,82.20131854781249,764,0.06621704545125612,1.0988969891570814,0.362565445026178,-22.99429366572518,50.58982272475967,8,8
NASDAQ,0.8,2.0,3.0,True,1588,0.08881729724343322,1.1341340505941593,0.3677581863979849,-23.901750072692693,141.04186802257195,824,0.10431011201190829,1.1591816544521232,0.3725728155339806,-16.62067915767204,85.95153229781243,764,0.07210776927324546,1.1076949481415168,0.362565445026178,-23.901750072692632,55.09033572475953,8,8
NASDAQ,0.8,2.0,3.0,False,1588,0.08850248962378585,1.133658620441568,0.3677581863979849,-23.901750072692693,140.54195352257193,824,0.10309651977889855,1.1573296612392439,0.3725728155339806,-16.62067915767204,84.9515322978124,764,0.07276233144602035,1.108672554853843,0.362565445026178,-23.90175007269263,55.590421224759545,8,8
NASDAQ,0.8,3.0,,False,1588,0.1264965852789621,1.1714284542115474,0.29534005037783373,-22.101081126560416,200.87657742299183,824,0.16599532154251134,1.2286303238997334,0.30461165048543687,-21.98904036820831,136.78014495102934,764,0.08389585402089338,1.1117593550488438,0.28534031413612565,-22.10108112656023,64.09643247196254,7,8
NASDAQ,0.8,3.0,1.0,True,1588,0.04509992278642063,1.0885879280623039,0.5144836272040302,-21.426610945094794,71.61867738483596,824,0.07909358407688169,1.162241940866665,0.5339805825242718,-20.946245631876202,65.17311327935052,764,0.008436602232310802,1.0158467292820397,0.49345549738219896,-18.75064134815063,6.4455641054854524,5,8
NASDAQ,0.8,3.0,1.0,False,1588,0.045208241807688926,1.0870732003696335,0.29156171284634763,-23.108628166482887,71.79068799061001,824,0.08709905151927864,1.1751588525434147,0.30218446601941745,-20.773520845859107,71.7696184518856,764,2.7577930267568307e-05,1.0000508010116633,0.2801047120418848,-23.108628166483047,0.021069538724422188,6,8
NASDAQ,0.8,3.0,1.5,True,1588,0.03883439627476555,1.0641496755927047,0.42191435768261965,-29.748469346254048,61.6690212843277,824,0.06152576404976929,1.1037241085463625,0.4320388349514563,-29.748469346254048,50.69722957700989,764,0.014360983910101868,1.0232177630484505,0.4109947643979058,-18.963813573734768,10.971791707317827,5,8
NASDAQ,0.8,3.0,1.5,False,1588,0.0577024709109796,1.0953174284890863,0.42191435768261965,-21.41967295064704,91.63152380663561,824,0.09272598722780967,1.156323460794503,0.4320388349514563,-21.41967295064704,76.40621347571516,764,0.019928416663508395,1.0322187712847906,0.4109947643979058,-20.463557073734794,15.225310330920413,5,8
NASDAQ,0.8,3.0,2.0,True,1588,0.06640759593777026,1.100290372594196,0.3677581863979849,-21.36939107727632,105.45526234917918,824,0.08600219675293734,1.1312429993756186,0.3725728155339806,-17.018329950544093,70.86581012442036,764,0.045274152126647677,1.0676181986292503,0.362565445026178,-21.369391077276312,34.58945222475882,7,8
NASDAQ,0.8,3.0,2.0,False,1588,0.07853190615414476,1.1186008018738114,0.3677581863979849,-22.369448077276346,124.70866697278188,824,0.10784671859759777,1.1645786660802198,0.3725728155339806,-18.46897292109002,88.86569612442057,764,0.046914883309373455,1.0700686760385327,0.362565445026178,-22.36944807727633,35.84297084836132,7,8
NASDAQ,0.8,3.0,2.5,True,1588,0.0843056340824886,1.119715194157091,0.327455919395466,-20.46795460273414,133.8773469229919,824,0.09985485612988979,1.142501718287529,0.3288834951456311,-20.249319121362298,82.28040145102918,764,0.06753526894235962,1.095391029829619,0.32591623036649214,-20.467954602734167,51.59694547196275,6,8
NASDAQ,0.8,3.0,2.5,False,1588,0.08965833276007064,1.1273161020729743,0.327455919395466,-21.967983102734166,142.37743242299217,824,0.11138436280464727,1.1589553448394847,0.3288834951456311,-20.73885511820848,91.78071495102935,764,0.06622606998948016,1.0935418355001552,0.32591623036649214,-21.967983102734177,50.59671747196285,6,8
NASDAQ,0.8,3.0,3.0,True,1588,0.08695670197137632,1.117843916256026,0.29534005037783373,-26.601337626560337,138.0872427305456,824,0.12200960972263089,1.1680474867035409,0.30461165048543687,-21.989040368208293,100.53591841144785,764,0.0491509480616463,1.0654749667848997,0.28534031413612565,-26.601337626560216,37.55132431909777,6,8
NASDAQ,0.8,3.0,3.0,False,1588,0.08516879406163824,1.1154209394731898,0.29534005037783373,-26.10130912656038,135.24804496988153,824,0.11674376595968924,1.160794682504367,0.30461165048543687,-23.669117200646966,96.19686315078394,764,0.051114112328661795,1.068090137402055,0.28534031413612565,-26.101309126560245,39.051181819097614,6,8
NASDAQ,0.8,4.0,,False,1588,0.14009099669883102,1.1769434007023842,0.24370277078085642,-36.825513995205476,222.46450275774367,824,0.15718963967436084,1.1998224829665716,0.24635922330097088,-36.825513995205476,129.52426309167333,764,0.12164952835873083,1.152594446200743,0.24083769633507854,-33.44536494289105,92.94023966607035,6,8
NASDAQ,0.8,4.0,1.0,True,1588,0.0602133419094987,1.1182745972034276,0.5144836272040302,-23.040490707071513,95.61878695228394,824,0.09782881438755003,1.2006728725745033,0.5339805825242718,-17.044395295796484,80.61094305534122,764,0.019643774734218192,1.0368975058582635,0.49345549738219896,-23.040490707071655,15.007843896942699,6,8
NASDAQ,0.8,4.0,1.0,False,1588,0.06082178378966366,1.1167107228817725,0.24433249370277077,-27.169088700647173,96.5849926579859,824,0.08997790233277621,1.1801783965265895,0.24757281553398058,-27.169088700647173,74.1417915222076,764,0.02937591771698731,1.0539412058322484,0.24083769633507854,-24.45980679660183,22.443201135778306,6,8
NASDAQ,0.8,4.0,1.5,True,1588,0.052688405448221474,1.0870348052557872,0.42191435768261965,-30.56033448203311,83.6691878517757,824,0.07965430200606859,1.1342863692156482,0.4320388349514563,-30.56033448203311,65.63514485300051,764,0.023604768323004163,1.0381624212635994,0.4109947643979058,-22.290162957071754,18.03404299877518,5,8
NASDAQ,0.8,4.0,1.5,False,1588,0.07331601289295435,1.1211090912694242,0.42191435768261965,-32.56027748203302,116.4258284740115,824,0.09560483804130725,1.1611768135139662,0.4320388349514563,-32.56027748203302,78.77838654603717,764,0.04927675645022814,1.0796669686575453,0.4109947643979058,-23.507787234348108,37.6474419279743,6,8
NASDAQ,0.8,4.0,2.0,True,1588,0.08687321121953849,1.1311980444198912,0.3677581863979849,-19.95729644444775,137.95465941662712,824,0.10898448106845988,1.1663149398603176,0.3725728155339806,-16.51847245054406,89.80321240041094,764,0.06302545420970707,1.0941302593481885,0.362565445026178,-19.957296444447742,48.151447016216196,7,8
NASDAQ,0.8,4.0,2.0,False,1588,0.09666419624695075,1.1459846290356563,0.3677581863979849,-23.31043423203301,153.50274364015777,824,0.1131526155276002,1.1726756898047634,0.3725728155339806,-23.31043423203301,93.23775519474256,764,0.07888087492855399,1.1178107688035228,0.362565445026178,-21.718025852734062,60.26498844541524,6,8
NASDAQ,0.8,4.0,2.5,True,1588,0.11136898813043536,1.158145540119758,0.327455919395466,-19.81012073203282,176.85395315113135,824,0.12951186313958699,1.1848248923618054,0.3288834951456311,-19.81012073203282,106.71777522701969,764,0.09180128000538178,1.1296658586917683,0.32591623036649214,-19.80587421990563,70.13617792411168,7,8
NASDAQ,0.8,4.0,2.5,False,1588,0.1166065283944383,1.1655829214577262,0.327455919395466,-28.310092232032744,185.17116709036802,824,0.12882576701620307,1.1838457724643672,0.3288834951456311,-28.310092232032744,106.15243202135133,764,0.10342766370290146,1.1460876888179983,0.32591623036649214,-22.00741673434736,79.01873506901671,6,8
NASDAQ,0.8,4.0,3.0,True,1588,0.13322630003695518,1.1805485786457623,0.29534005037783373,-25.539485335103734,211.56336445868484,824,0.17108374658669703,1.2356387639881714,0.30461165048543687,-17.489011868208305,140.97300718743836,764,0.0923957555906368,1.1230822449401205,0.28534031413612565,-25.539485335103336,70.59035727124652,7,8
NASDAQ,0.8,4.0,3.0,False,1588,0.13171957341962703,1.1785066593768876,0.29534005037783373,-26.50733123434813,209.17068259036773,824,0.15855867296280504,1.2183876052634055,0.30461165048543687,-23.1692027006469,130.65234652135135,764,0.10277269118981211,1.1369055696262056,0.28534031413612565,-26.507331234347816,78.51833606901646,6,8
NASDAQ,0.8,5.0,,False,1588,0.1852310563672933,1.2257676388919903,0.21599496221662468,-26.763923310826783,294.1469175112618,824,0.18420812273213444,1.2252180185729817,0.21601941747572814,-25.100444283943528,151.78749313127878,764,0.1863343251046899,1.2263566216959239,0.21596858638743455,-26.763923310826954,142.35942437998307,7,8
NASDAQ,0.8,5.0,1.0,True,1588,0.08410898154967585,1.1652118218073715,0.5144836272040302,-22.065797627110214,133.56506270088525,824,0.12539341549194052,1.2572151880427804,0.5339805825242718,-14.01850095054403,103.32417436535899,764,0.03958231457529614,1.0743486780767004,0.49345549738219896,-22.065797627110317,30.240888335526247,6,8
NASDAQ,0.8,5.0,1.0,False,1588,0.08339181362389482,1.1596267947437806,0.2172544080604534,-22.619057480569722,132.42620003474497,824,0.103487143861663,1.2066326186614444,0.21844660194174756,-22.310920388917054,85.2734065420103,764,0.061718316089966814,1.1130985998432599,0.21596858638743455,-22.61905748056978,47.152793492734645,6,8
NASDAQ,0.8,5.0,1.5,True,1588,0.07910854046228567,1.130677638744845,0.42191435768261965,-25.286594319933812,125.62436225410966,824,0.110859610634731,1.1868942948450456,0.4320388349514563,-22.060590982032945,91.34831916301835,764,0.044863930747501723,1.0725326426126605,0.4109947643979058,-20.806371723377843,34.27604309109132,5,8
NASDAQ,0.8,5.0,1.5,False,1588,0.09588604272718547,1.1583920216319696,0.42191435768261965,-24.41984395064695,152.26703585077053,824,0.10911407957019405,1.1839515657882784,0.4320388349514563,-24.41984395064695,89.91000156583989,764,0.08161915482320767,1.131955735676789,0.4109947643979058,-20.337350943865133,62.357034284930656,6,8
NASDAQ,0.8,5.0,2.0,True,1588,0.109640452455594,1.1655816879513576,0.3677581863979849,-19.369391077276276,174.1090384994833,824,0.13436351261037754,1.2050444182523445,0.3725728155339806,-17.018671950544018,110.71553439095109,764,0.08297579071797408,1.1239266388135123,0.362565445026178,-19.369391077276298,63.3935041085322,7,8
NASDAQ,0.8,5.0,2.0,False,1588,0.11923422608118191,1.1800704390935648,0.3677581863979849,-21.369391077276305,189.34395101691686,824,0.12666185705648697,1.1932913652698232,0.3725728155339806,-19.583870037103136,104.36937021454527,764,0.11122327330153352,1.1661150354679288,0.362565445026178,-21.369391077276305,84.9745808023716,6,8
NASDAQ,0.8,5.0,2.5,True,1588,0.13224677344709543,1.187792290896918,0.327455919395466,-18.312438133941146,210.00787623398753,824,0.15246315681742706,1.2175784199594977,0.3288834951456311,-18.312438133941146,125.62964121755991,764,0.11044271599008854,1.1559961865920212,0.32591623036649214,-18.305959719905623,84.37823501642764,7,8
NASDAQ,0.8,5.0,2.5,False,1588,0.13917655822866945,1.197632683411863,0.327455919395466,-20.66965870064673,221.01237446712707,824,0.14233500854508987,1.2031246558881585,0.3288834951456311,-20.66965870064673,117.28404704115405,764,0.13577006207588097,1.191770111295526,0.32591623036649214,-20.150005287795334,103.72832742597306,6,8
NASDAQ,0.8,5.0,3.0,True,1588,0.15438511610571182,1.2092230533251722,0.29534005037783373,-23.555836601409595,245.16356437587038,824,0.19626341908981312,1.2703194804480165,0.30461165048543687,-16.998698828085562,161.721057330006,764,0.10921794115950835,1.145491416783354,0.28534031413612565,-23.555836601409453,83.44250704586437,7,8
NASDAQ,0.8,5.0,3.0,False,1588,0.153974544374765,1.208666645600616,0.29534005037783373,-23.166610418315855,244.51157646712682,824,0.1751017221373229,1.241172841955095,0.30461165048543687,-17.812523633941147,144.28381904115406,764,0.13118816417012144,1.174758392876522,0.28534031413612565,-23.16661041831574,100.22775742597278,8,8
NASDAQ,0.8,6.0,,False,1588,0.22255645355933726,1.2655847593908935,0.19836272040302266,-39.60369033736174,353.41964825222755,824,0.26237413855453107,1.3162377097984863,0.20388349514563106,-30.949782616764224,216.1962901689336,764,0.17961172523991356,1.2120683327620776,0.19240837696335078,-39.603690337361996,137.22335808329396,7,8
NASDAQ,0.8,6.0,1.0,True,1588,0.10065029707366377,1.1977032492679993,0.5144836272040302,-27.566282127110128,159.83267175297806,824,0.1464179212585438,1.300342031530116,0.5339805825242718,-17.623943541673327,120.6483671170401,764,0.05128835685332189,1.0963364970867684,0.49345549738219896,-27.5662821271102,39.18430463593793,6,8
NASDAQ,0.8,6.0,1.0,False,1588,0.10205451221991677,1.1950577456912916,0.2008816120906801,-31.690792063952557,162.06256540522782,824,0.14257015177286134,1.284315785273656,0.20752427184466019,-21.784147115008004,117.47780506083774,764,0.05835701615757869,1.106751686564007,0.193717277486911,-31.690792063952557,44.58476034439012,7,8
NASDAQ,0.8,6.0,1.5,True,1588,0.09722396587292341,1.1606021071231878,0.42191435768261965,-28.3070272233779,154.39165780620237,824,0.1379521467411401,1.2325686428080265,0.4320388349514563,-18.987354957202975,113.67256891469943,764,0.05329723676898297,1.0861669800750182,0.4109947643979058,-28.307027223377773,40.71908889150299,6,8
NASDAQ,0.8,6.0,1.5,False,1588,0.11454874132320746,1.1892205184147864,0.42191435768261965,-28.940578313952955,181.90340122125343,824,0.14819708748139235,1.249840225888789,0.4320388349514563,-20.284232615008435,122.1144000846673,764,0.07825785489081952,1.1265214377308064,0.4109947643979058,-28.940578313952706,59.789001136586116,7,8
NASDAQ,0.8,6.0,2.0,True,1588,0.12705433364520105,1.1918805564490718,0.3677581863979849,-22.11731568667838,201.76228182857926,824,0.166852295064243,1.2546236780421434,0.3725728155339806,-16.595040367201044,137.48629113293623,764,0.08413087787387831,1.1256517934342667,0.362565445026178,-22.11731568667811,64.27599069564303,7,8
NASDAQ,0.8,6.0,2.0,False,1588,0.13789692467720385,1.2082553021258322,0.3677581863979849,-25.190478563952496,218.9803163873997,824,0.16574486496768528,1.252933692751551,0.3725728155339806,-20.667840037436946,136.57376873337267,764,0.10786197336914537,1.1610948410345818,0.362565445026178,-25.190478563952254,82.40654765402707,7,8
NASDAQ,0.8,6.0,2.5,True,1588,0.151910466958584,1.215715014119308,0.327455919395466,-23.78759951118124,241.2338215302314,824,0.18980616985381674,1.2708702049558835,0.3288834951456311,-19.42651669532117,156.400283959545,764,0.11103866174173618,1.156837937574323,0.32591623036649214,-23.787599511181057,84.83353757068645,7,8
NASDAQ,0.8,6.0,2.5,False,1588,0.1578392568246914,1.224133979680295,0.327455919395466,-24.69036456395233,250.64873983760995,824,0.1814180164562882,1.2588995675854553,0.3288834951456311,-19.89464366921443,149.48844555998147,764,0.13240876214349281,1.1870224014375788,0.32591623036649214,-24.69036456395223,101.16029427762851,7,8
NASDAQ,0.8,6.0,3.0,True,1588,0.17675743223928825,1.2395420659961722,0.29534005037783373,-28.543864847562475,280.69080239598975,824,0.23215158652410986,1.3197493274366245,0.30461165048543687,-20.631382247112867,191.2929072958665,764,0.11701295170173194,1.1558753071551107,0.28534031413612565,-28.543864847562332,89.39789510012321,7,8
NASDAQ,0.8,6.0,3.0,False,1588,0.17452651941914968,1.2365187279717214,0.29534005037783373,-29.50791838880565,277.1481128376097,824,0.21418473004852115,1.2950030383406281,0.30461165048543687,-20.68610662303348,176.48821755998142,764,0.13175378963040346,1.175511873932029,0.28534031413612565,-29.507918388805592,100.65989527762825,7,8
NASDAQ,1.0,,,False,1588,0.25471233020809153,1.3096494517609034,0.20340050377833754,-51.9920532066175,404.48318037044936,824,0.31866880036619144,1.3925576616704536,0.21237864077669902,-51.9920532066175,262.58309150174176,764,0.18573310061349163,1.222637849153841,0.193717277486911,-28.876105498152175,141.9000888687076,8,8
NASDAQ,1.0,,1.0,True,1588,0.11148973692271288,1.2209796544632887,0.5132241813602015,-33.9781715454331,177.04570223326806,824,0.15544837862564226,1.3176022895039388,0.5279126213592233,-33.9781715454331,128.08946398752923,764,0.06407884587138586,1.1230414595220102,0.4973821989528796,-20.141049834983832,48.956238245738795,6,8
NASDAQ,1.0,,1.0,False,1588,0.12158592367505047,1.2356800482027375,0.20780856423173805,-32.28028306095497,193.07844679598014,824,0.16818210731171743,1.3360907626512393,0.21844660194174756,-32.28028306095497,138.58205642485515,764,0.07133035388890704,1.1339292024267373,0.19633507853403143,-26.503784128961847,54.49639037112498,7,8
NASDAQ,1.0,,1.5,True,1588,0.11395376845753484,1.1890555119271813,0.4181360201511335,-28.114426360985703,180.95858431056533,824,0.15707858819825757,1.2626578441814147,0.4223300970873786,-28.114426360985703,129.43275667536423,764,0.06744218276858784,1.110953583351601,0.41361256544502617,-21.78706191074548,51.525827635201104,7,8
NASDAQ,1.0,,1.5,False,1588,0.13022736821258812,1.2160543007714144,0.4181360201511335,-29.643008784792688,206.80106072158992,824,0.16715296222300827,1.2795036370623543,0.4223300970873786,-29.643008784792688,137.73404087175882,764,0.0904018584421873,1.1487260602199352,0.41361256544502617,-25.003812628961338,69.0670198498311,7,8
NASDAQ,1.0,,2.0,True,1588,0.15563876360877235,1.2376094647438218,0.3677581863979849,-27.717091136817327,247.15435661073047,824,0.19122696311572615,1.292161027022373,0.36771844660194175,-27.717091136817327,157.57101760735836,764,0.11725567932378557,1.178865771808321,0.36780104712041883,-20.703044009306453,89.58333900337217,8,8
NASDAQ,1.0,,2.0,False,1588,0.15765972901043032,1.2406948176226256,0.3677581863979849,-29.323414167655084,250.36364966856337,824,0.1895970299402148,1.2896707769928986,0.36771844660194175,-29.323414167655084,156.22795267073698,764,0.12321426308616028,1.1879551966420527,0.36780104712041883,-20.52047176083507,94.13569699782646,8,8
NASDAQ,1.0,,2.5,True,1588,0.16307777904731488,1.2309718953535755,0.31801007556675065,-30.46741888681717,258.96751312713604,824,0.2257360802082798,1.3255527856896083,0.3300970873786408,-30.46741888681717,186.00653009162255,764,0.09549866889465117,1.1326920583620088,0.30497382198952877,-24.21054451251355,72.9609830355135,6,8
NASDAQ,1.0,,2.5,False,1588,0.161420795488938,1.2286250603936943,0.31801007556675065,-30.57365641765491,256.33622323643357,824,0.2141968095247629,1.3089110432070632,0.3300970873786408,-30.57365641765491,176.49817104840463,764,0.10450006830893842,1.1451991878355934,0.30497382198952877,-22.829741514810422,79.83805218802895,7,8
NASDAQ,1.0,,3.0,True,1588,0.14363576203215372,1.191914455190952,0.2770780856423174,-44.39880246671375,228.09359010706012,824,0.18251454629944466,1.2446126371409616,0.279126213592233,-44.39880246671375,150.3919861507424,764,0.10170367009989226,1.13543941733613,0.27486910994764396,-26.44949396766786,77.70160395631768,6,8
NASDAQ,1.0,,3.0,False,1588,0.15130718035712892,1.2021643821419428,0.2770780856423174,-41.735419982335095,240.27580240712075,824,0.18638053222517806,1.2497939721721536,0.279126213592233,-41.735419982335095,153.5775585535467,764,0.11347937677169377,1.1511211999973014,0.27486910994764396,-24.520699760835033,86.69824385357404,7,8
NASDAQ,1.0,2.0,,False,1588,0.060607127812769175,1.0925272526287326,0.3677581863979849,-25.854436701667797,96.24411896667745,824,0.06052525951423807,1.0924719071639184,0.36771844660194175,-25.854436701667797,49.87281383973217,764,0.06069542555882891,1.0925868512333305,0.36780104712041883,-20.600703686384477,46.37130512694529,6,8
NASDAQ,1.0,2.0,1.0,True,1588,0.012456796749358068,1.0246901528102157,0.5132241813602015,-33.08967205528519,19.781393237980613,824,0.03376782875843098,1.0689922906888751,0.5279126213592233,-33.08967205528519,27.824690896947125,764,-0.010527876516971861,0.979784821734841,0.4973821989528796,-27.885025893457872,-8.043297658966502,4,8
NASDAQ,1.0,2.0,1.0,False,1588,0.012253456293510169,1.0240180939943215,0.3602015113350126,-26.35446520166787,19.45848859409415,824,0.031828575963410606,1.0642874611027773,0.3640776699029126,-26.35446520166787,26.22674659385034,764,-0.00885897643947146,0.9831718692142346,0.35602094240837695,-23.085625057163014,-6.768257999756196,5,8
NASDAQ,1.0,2.0,1.5,True,1588,0.0009300146972287031,1.0015429450650408,0.4181360201511335,-32.3623338754601,1.4768633391991806,824,0.009561670559167387,1.0159884794270875,0.4223300970873786,-32.3623338754601,7.8788165407539275,764,-0.008379519897322964,0.9862142991046982,0.41361256544502617,-23.885601937019153,-6.401953201554744,5,8
NASDAQ,1.0,2.0,1.5,False,1588,0.012393695226513771,1.0205618157910343,0.4181360201511335,-26.28828343051782,19.681188019703868,824,0.02169738536499272,1.0362811286357458,0.4223300970873786,-26.28828343051782,17.878645540754,764,0.002359348794437027,1.0038815203241167,0.41361256544502617,-22.58514055716309,1.8025424789498885,5,8
NASDAQ,1.0,2.0,2.0,True,1588,0.019045199601182155,1.0290757879222903,0.3677581863979849,-27.8545507016678,30.24377696667726,824,0.020476231601616525,1.0312840655773834,0.36771844660194175,-27.8545507016678,16.872414839732016,764,0.017501782888671786,1.026697810480971,0.36780104712041883,-26.08511205716271,13.371362126945243,4,8
NASDAQ,1.0,2.0,2.0,False,1588,0.02027477701944553,1.0309529503042087,0.3677581863979849,-28.854607701667803,32.1963459068795,824,0.02775785417443216,1.0424090988603503,0.36771844660194175,-28.854607701667803,22.8724718397321,764,0.01220402364809871,1.0186164296823221,0.36780104712041883,-28.085055057162755,9.323874067147415,4,8
NASDAQ,1.0,2.0,2.5,True,1588,0.08595366386440645,1.1312231194211368,0.3677581863979849,-23.604393951667667,136.49441821667745,824,0.0863141463467624,1.1318727716654078,0.36771844660194175,-23.604393951667667,71.12285658973222,764,0.0855648712394571,1.1305235432704583,0.36780104712041883,-20.600675186384542,65.37156162694522,8,8
NASDAQ,1.0,2.0,2.5,False,1588,0.08532394094249211,1.1302617385739522,0.3677581863979849,-23.604393951667667,135.49441821667747,824,0.08510048493899545,1.1300185113792367,0.36771844660194175,-23.604393951667667,70.12279958973225,764,0.08556494584678694,1.1305236570789978,0.36780104712041883,-21.100646686384536,65.37161862694522,8,8
NASDAQ,1.0,2.0,3.0,True,1588,0.08044399210747918,1.1228116534937382,0.3677581863979849,-23.354408201667816,127.74505946667693,824,0.08054998099482026,1.1230661450176216,0.36771844660194175,-23.354408201667816,66.37318433973189,764,0.08032967948553016,1.1225376050282263,0.36780104712041883,-20.100732186384484,61.37187512694504,8,8
NASDAQ,1.0,2.0,3.0,False,1588,0.08012911269941875,1.1223309356707916,0.3677581863979849,-23.354408201667816,127.24503096667698,824,0.07994315029093678,1.122139014874536,0.36771844660194175,-23.354408201667816,65.87315583973191,764,0.08032967948553016,1.1225376050282263,0.36780104712041883,-20.100732186384484,61.37187512694504,8,8
NASDAQ,1.0,3.0,,False,1588,0.047902030506166336,1.0640028079154367,0.2770780856423174,-43.712750520884384,76.06842444379214,824,0.05409226408416463,1.0724964208871557,0.279126213592233,-43.712750520884384,44.572025605351655,764,0.0412256529298959,1.0549004613760988,0.27486910994764396,-31.14224428543138,31.496398838440467,5,8
NASDAQ,1.0,3.0,1.0,True,1588,0.0302204830668855,1.0598988937471745,0.5132241813602015,-31.701150918033033,47.990127110214175,824,0.048974001525525133,1.1000605805489592,0.5279126213592233,-27.2983733575776,40.35457725703271,764,0.009994175200499306,1.0191903878209085,0.4973821989528796,-27.84968589282345,7.63554985318147,5,8
NASDAQ,1.0,3.0,1.0,False,1588,0.01818077382408787,1.0354316974208522,0.2783375314861461,-33.89382487586339,28.87106883265154,824,0.03589383917070404,1.0720939491280856,0.2803398058252427,-33.89382487586339,29.576523476660128,764,-0.0009233699528908107,0.9982563610565095,0.2761780104712042,-24.60093168638464,-0.7054546440085794,5,8
NASDAQ,1.0,3.0,1.5,True,1588,0.027194834830877257,1.045117713001677,0.4181360201511335,-26.797980153348746,43.18539771143308,824,0.03751038883597025,1.0627227299345683,0.4223300970873786,-20.88006605061823,30.908560400839487,764,0.01606915878349949,1.0264364330346905,0.41361256544502617,-23.100960186384555,12.276837310593612,6,8
NASDAQ,1.0,3.0,1.5,False,1588,0.025562700729383686,1.0424099135820672,0.4181360201511335,-31.14383912586301,40.59356875826129,824,0.032437371266460895,1.0542399196827978,0.4223300970873786,-31.14383912586301,26.728393923563775,764,0.018148134600389432,1.0298566932800735,0.41361256544502617,-25.101017186384567,13.865174834697527,5,8
NASDAQ,1.0,3.0,2.0,True,1588,0.061231167096278655,1.0934799564198432,0.3677581863979849,-22.71343452088439,97.2350933488905,824,0.06359530242696328,1.09716239053389,0.36771844660194175,-22.71343452088439,52.402529199817735,764,0.05868136668726804,1.0895145378357478,0.36780104712041883,-22.100903186384407,44.83256414907278,7,8
NASDAQ,1.0,3.0,2.0,False,1588,0.05299506152722594,1.0809061181904707,0.3677581863979849,-29.713206520884363,84.15615770523479,824,0.054881438983667395,1.0838491461490734,0.36771844660194175,-29.713206520884363,45.22230572254193,764,0.0509605392443624,1.0777369269981458,0.36780104712041883,-24.600931686384452,38.93385198269287,4,8
NASDAQ,1.0,3.0,2.5,True,1588,0.06016834268623391,1.085218208340272,0.31801007556675065,-26.571049047579322,95.54732818573945,824,0.08882695109848682,1.1281047378325406,0.3300970873786408,-26.21349152088459,73.19340770515313,764,0.029259058220662732,1.0406544374489295,0.30497382198952877,-26.571049047579315,22.35392048058633,5,8
NASDAQ,1.0,3.0,2.5,False,1588,0.05297757510900817,1.0750337109423953,0.31801007556675065,-32.21337752088457,84.12838927310497,824,0.07462657293714757,1.107625190814605,0.3300970873786408,-32.21337752088457,61.4922961002096,764,0.029628394205360446,1.0411676168744013,0.30497382198952877,-29.071020547579316,22.636093172895382,5,8
NASDAQ,1.0,3.0,3.0,True,1588,0.032788249649743216,1.0438089997864652,0.2770780856423174,-45.96928202020179,52.06774044379223,824,0.03770825012785397,1.0505379691250034,0.279126213592233,-45.96928202020179,31.07159810535167,764,0.02748186169952951,1.0365977681261704,0.27486910994764396,-32.64232978543133,20.996142338440546,4,8
NASDAQ,1.0,3.0,3.0,False,1588,0.03656665896964246,1.0488574038597804,0.2770780856423174,-46.37972405061835,58.06785444379223,824,0.03952860388998997,1.0529776734845397,0.279126213592233,-46.37972405061835,32.57156960535174,764,0.033372100573874956,1.0444418362933112,0.27486910994764396,-31.14224428543137,25.496284838440467,4,8
NASDAQ,1.0,4.0,,False,1588,0.1219121076436905,1.1558947134721254,0.24433249370277077,-28.83388720853455,193.5964269381805,824,0.13278799616392012,1.170644245616141,0.24757281553398058,-26.696626429589777,109.41730883907019,764,0.11018209175276221,1.1401491331998361,0.24083769633507854,-28.833887208534534,84.17911809911033,5,8
NASDAQ,1.0,4.0,1.0,True,1588,0.061192573730055294,1.121287520912897,0.5132241813602015,-32.201635418033064,97.1738070833278,824,0.09288317931155718,1.1897730337657522,0.5279126213592233,-22.94831847414391,76.53573975272312,764,0.027013177134299324,1.0518695475196593,0.4973821989528796,-31.3502273928234,20.638067330604684,6,8
NASDAQ,1.0,4.0,1.0,False,1588,0.055185812392849955,1.1073038859844972,0.24622166246851385,-26.073533455434102,87.63507007984573,824,0.0752417052105818,1.150786242319292,0.25,-25.81120635748583,61.999165093519395,764,0.03355484945854235,1.0632162226257493,0.24214659685863874,-26.073533455434074,25.635904986326352,5,8
NASDAQ,1.0,4.0,1.5,True,1588,0.06119912203823166,1.1015326785857331,0.4181360201511335,-26.205880666232915,97.18420579671188,824,0.08247823714195947,1.1379153976877345,0.4223300970873786,-16.59564605692281,67.9620674049746,764,0.038248872240493816,1.0629257426142649,0.41361256544502617,-24.196871378139285,29.222138391737275,7,8
NASDAQ,1.0,4.0,1.5,False,1588,0.06225285989008532,1.103280887106748,0.4181360201511335,-24.101017186384574,98.85754150545549,824,0.07117840660245514,1.1190204664105607,0.4223300970873786,-23.061220607485442,58.65100704042304,764,0.05262635401182258,1.0865790862134026,0.41361256544502617,-24.10101718638459,40.20653446503245,5,8
NASDAQ,1.0,4.0,2.0,True,1588,0.09450824785080437,1.1442831699829847,0.3677581863979849,-20.665302738439294,150.07909758707734,824,0.10716182810298627,1.163724347477172,0.36771844660194175,-19.9152634726958,88.30134635686069,764,0.08086093092960295,1.1233479939161366,0.36780104712041883,-20.665302738439227,61.77775123021665,7,8
NASDAQ,1.0,4.0,2.0,False,1588,0.08968522068792756,1.1369199856705166,0.3677581863979849,-23.600931686384527,142.42013045242896,824,0.09362247431966161,1.143038606083258,0.36771844660194175,-20.713320520884395,77.14491883940117,764,0.08543875865579556,1.1303311668777627,0.36780104712041883,-23.60093168638447,65.2752116130278,5,8
NASDAQ,1.0,4.0,2.5,True,1588,0.09720689999985527,1.1376770156276037,0.31801007556675065,-24.952787630649937,154.36455719977016,824,0.13636160443460793,1.1966584169612189,0.3300970873786408,-20.904817039296972,112.36196205411694,764,0.054977218777033036,1.0763889215104192,0.30497382198952877,-24.952787630650015,42.00259514565324,6,8
NASDAQ,1.0,4.0,2.5,False,1588,0.09187189012613299,1.1301208829069944,0.31801007556675065,-26.71205487467327,145.89256152029918,824,0.11822225390420978,1.1704981501118845,0.3300970873786408,-21.904817039296983,97.41513721706886,764,0.06345212605134859,1.088164508580608,0.30497382198952877,-26.712054874673306,48.47742430323032,5,8
NASDAQ,1.0,4.0,3.0,True,1588,0.07832833561575747,1.1046559689803925,0.2770780856423174,-34.21283602088439,124.38539695782286,824,0.09555874873096537,1.1280713126866153,0.279126213592233,-34.21283602088439,78.74040895431547,764,0.05974474869569031,1.079562457719472,0.27486910994764396,-29.209427670752547,45.6449880035074,5,8
NASDAQ,1.0,4.0,3.0,False,1588,0.08018387795402165,1.1071351941531042,0.2770780856423174,-34.712864520884416,127.33199819098638,824,0.09040597660462493,1.1211653799597923,0.279126213592233,-34.712864520884416,74.49452472221094,764,0.06915899668687883,1.092099470998659,0.27486910994764396,-28.5332928625253,52.83747346877543,5,8
NASDAQ,1.0,5.0,,False,1588,0.16800689860293636,1.208829453296371,0.2216624685138539,-37.923795095542914,266.7949549814629,824,0.19183998483157874,1.239863147274513,0.22572815533980584,-34.61132287334095,158.07614750122087,764,0.14230210403173044,1.1757648295009175,0.21727748691099477,-37.923795095542886,108.71880748024205,7,8
NASDAQ,1.0,5.0,1.0,True,1588,0.0860219398066232,1.170500882497435,0.5132241813602015,-27.289528168045933,136.60284041291766,824,0.11939321031126539,1.243936651390895,0.5279126213592233,-25.948375474144086,98.38000529648268,764,0.050029888895857286,1.0960652531386978,0.4973821989528796,-27.289528168045774,38.222835116434965,6,8
NASDAQ,1.0,5.0,1.0,False,1588,0.07823320787247287,1.1518856980903796,0.22481108312342568,-29.050443889406864,124.23433410148692,824,0.10476769954441109,1.2096103666327955,0.22936893203883496,-27.415073298934736,86.32858442459474,764,0.04961485559802645,1.0933424001981285,0.2198952879581152,-29.050443889407028,37.905749676892206,6,8
NASDAQ,1.0,5.0,1.5,True,1588,0.08537584578956378,1.1416431808306273,0.4181360201511335,-19.91543098843964,135.5768431138273,824,0.11197960109116294,1.1872458936145822,0.4223300970873786,-17.149724976923913,92.27119129911826,764,0.05668279033338876,1.093252597168107,0.41361256544502617,-19.91543098843955,43.30565181470901,6,8
NASDAQ,1.0,5.0,1.5,False,1588,0.08687465241001052,1.1441297826933292,0.4181360201511335,-28.299973639407085,137.9569480270967,824,0.10373855445570192,1.1734656860898194,0.4223300970873786,-25.285637687597507,85.48056887149838,764,0.06868636015130666,1.113000461629716,0.41361256544502617,-28.299973639407064,52.476379155598295,6,8
NASDAQ,1.0,5.0,2.0,True,1588,0.12037798166675068,1.1837777885635046,0.3677581863979849,-21.386740967473514,191.16023488680008,824,0.1407058385930914,1.214973671294062,0.36771844660194175,-21.386740967473514,115.94161100070733,764,0.0984536961859853,1.1501845919723905,0.36780104712041883,-20.927532596420534,75.21862388609277,7,8
NASDAQ,1.0,5.0,2.0,False,1588,0.11430701320785276,1.1745094062367123,0.3677581863979849,-26.05015888940676,181.51953697407018,824,0.12618262217290838,1.192784761551135,0.36771844660194175,-23.41513029893455,103.97448067047651,764,0.10149876479527967,1.154829642430942,0.36780104712041883,-26.050158889406717,77.54505630359367,7,8
NASDAQ,1.0,5.0,2.5,True,1588,0.12490614304144539,1.1769082751072852,0.31801007556675065,-29.69278873908692,198.35095514981526,824,0.17046823912167308,1.2458464329958157,0.3300970873786408,-22.105793896366094,140.4658290362586,764,0.07576587187638306,1.1052740274731998,0.30497382198952877,-29.6927887390868,57.88512611355666,6,8
NASDAQ,1.0,5.0,2.5,False,1588,0.11806807968636042,1.167223323160438,0.31801007556675065,-32.80017313940672,187.49211054194035,824,0.15078240175745652,1.2174558487939457,0.3300970873786408,-23.39980241656562,124.24469904814418,764,0.08278457001805781,1.1150262629150134,0.30497382198952877,-32.80017313940669,63.247411493796164,6,8
NASDAQ,1.0,5.0,3.0,True,1588,0.1072848866259012,1.1433453638267592,0.2770780856423174,-31.014055226939007,170.36839996193112,824,0.1272467052128379,1.1705406651727543,0.279126213592233,-29.616637906830302,104.85128509537843,764,0.0857553859509852,1.1142009869971121,0.27486910994764396,-31.014055226938844,65.51711486655269,6,8
NASDAQ,1.0,5.0,3.0,False,1588,0.10795446455455132,1.144239999546769,0.2770780856423174,-31.595541493014935,171.4316897126275,824,0.12296612445787168,1.1648036750632142,0.279126213592233,-28.149531666565693,101.32408655328626,764,0.09176387848081316,1.1222025343012467,0.27486910994764396,-31.59554149301499,70.10760315934125,6,8
NASDAQ,1.0,6.0,,False,1588,0.23011479376559743,1.2832339293340203,0.2141057934508816,-39.50475988314503,365.42229249976873,824,0.28459953281788236,1.3535903369445559,0.220873786407767,-39.50475988314503,234.51001504193505,764,0.1713511485050179,1.2088070964046556,0.20680628272251309,-37.37745641746358,130.91227745783368,7,8
NASDAQ,1.0,6.0,1.0,True,1588,0.10614130014745399,1.2103787171650442,0.5132241813602015,-29.451363556661505,168.55238463415694,824,0.15291893732161266,1.3124342951097334,0.5279126213592233,-29.451363556661505,126.00520435300884,764,0.05569002654600537,1.1069336073997518,0.4973821989528796,-28.725306962819364,42.5471802811481,5,8
NASDAQ,1.0,6.0,1.0,False,1588,0.10928715545380344,1.2120186220557871,0.2172544080604534,-29.176954375241603,173.54800286063985,824,0.1511474735375629,1.3022573046711992,0.22451456310679613,-29.176954375241603,124.54551819495182,764,0.06413937783467019,1.1205474826025479,0.2094240837696335,-28.77727455036746,49.00248466568803,7,8
NASDAQ,1.0,6.0,1.5,True,1588,0.10968232800279408,1.1819689594351641,0.4181360201511335,-21.431821425826143,174.175536868437,824,0.1505009148399248,1.2516590344528185,0.4223300970873786,-21.23614329466765,124.01275382809804,764,0.06565809298473683,1.1080184595698208,0.41361256544502617,-21.431821425826193,50.16278304033894,6,8
NASDAQ,1.0,6.0,1.5,False,1588,0.11792859999134106,1.195649974055286,0.4181360201511335,-28.047860763904733,187.2706167862496,824,0.15011832844885376,1.251019295339776,0.4223300970873786,-28.047860763904733,123.6975026418555,764,0.08321088238795042,1.1368957111971163,0.41361256544502617,-28.026804300367445,63.573114144394125,7,8
NASDAQ,1.0,6.0,2.0,True,1588,0.14630308064357922,1.2233569316283988,0.3677581863979849,-23.963627424334632,232.32929206200382,824,0.178537696600665,1.2727740688403446,0.36771844660194175,-23.963627424334632,147.11506199894797,764,0.11153695034431398,1.1701422295579602,0.36780104712041883,-22.357078079068387,85.21423006305588,7,8
NASDAQ,1.0,6.0,2.0,False,1588,0.1453609607891833,1.221918622886174,0.3677581863979849,-26.298074513904517,230.83320573322308,824,0.17256239616606023,1.263644865074844,0.36771844660194175,-26.298074513904517,142.19141444083363,764,0.11602328703192345,1.1769858390005814,0.36780104712041883,-25.776989550367148,88.64179129238951,7,8
NASDAQ,1.0,6.0,2.5,True,1588,0.1524054236933369,1.2158563219235496,0.31801007556675065,-27.419180972577863,242.01981282501902,824,0.21194087382827578,1.3056575706135354,0.3300970873786408,-24.70815889958184,174.63928003449925,764,0.08819441464727712,1.1225430527046352,0.30497382198952877,-27.41918097257779,67.38053279051972,6,8
NASDAQ,1.0,6.0,2.5,False,1588,0.14912202726769097,1.2112059501803305,0.31801007556675065,-32.527003800367055,236.80577930109325,824,0.19716217575060838,1.284343980319901,0.3300970873786408,-25.97663187342684,162.4616328185013,764,0.09730909225470152,1.1352075782633049,0.30497382198952877,-32.52700380036711,74.34414648259197,7,8
NASDAQ,1.0,6.0,3.0,True,1588,0.13386336337587024,1.1788573687279749,0.2770780856423174,-31.682338353227394,212.57502104088195,824,0.16871933991944063,1.226123799506178,0.279126213592233,-31.682338353227394,139.02473609361908,764,0.09627000647547491,1.128203373301841,0.27486910994764396,-28.61287790615289,73.55028494726284,6,8
NASDAQ,1.0,6.0,3.0,False,1588,0.1390084121358819,1.1857317655755195,0.2770780856423174,-31.098313038219175,220.74535847178043,824,0.16934589845102352,1.226963536052339,0.279126213592233,-30.726361123426926,139.54102032364338,764,0.10628840071745692,1.141544931944169,0.27486910994764396,-31.098313038219146,81.20433814813708,7,8
