instrument,stop_atr_mult,target_r_mult,partial_exit_r,be,all_trades,all_avg_r,all_pf,all_win,all_maxdd_r,all_sum_r,is_trades,is_avg_r,is_pf,is_win,is_maxdd_r,is_sum_r,oos_trades,oos_avg_r,oos_pf,oos_win,oos_maxdd_r,oos_sum_r,years_positive,years_total
SP500,0.4,,,False,361,0.8029722696049596,1.8420162780478933,0.14958448753462603,-39.07600696586974,289.8729893273904,186,1.1053344611656055,2.2116552827543154,0.1774193548387097,-26.97806027565707,205.59220977680263,175,0.4816044545747872,1.4827582285761503,0.12,-39.07600696586958,84.28077955058775,7,8
SP500,0.4,,1.0,True,361,0.3153770890908337,1.5242111865148338,0.46537396121883656,-22.244001668776775,113.85112916179096,186,0.527851367033816,1.9286777243820223,0.489247311827957,-16.756692230698505,98.18035426828976,175,0.08954728510572128,1.1405891617346142,0.44,-22.244001668776765,15.670774893501225,7,8
SP500,0.4,,1.0,False,361,0.3058881752714237,1.479551072845139,0.14958448753462603,-29.843560913786874,110.42563127298396,186,0.48704228015666395,1.8111340729168761,0.1774193548387097,-21.365262587733056,90.5898641091395,175,0.11334724093625417,1.1672693448394205,0.12,-29.843560913786877,19.83576716384448,5,8
SP500,0.4,,1.5,True,361,0.37354464587753844,1.585501614224565,0.43213296398891965,-18.494271668776804,134.84961716179137,186,0.574890990689734,1.9353364069620542,0.44623655913978494,-14.256872230698448,106.92972426829053,175,0.15954224510571913,1.2407043540868525,0.41714285714285715,-18.494271668776907,27.919892893500847,7,8
SP500,0.4,,1.5,False,361,0.38067503399718666,1.5966779322368176,0.43213296398891965,-25.49376766877711,137.42368727298438,186,0.555585731769571,1.9039271279747572,0.44623655913978494,-18.75654823069857,103.33894610914021,175,0.194769949507681,1.29385304726475,0.41714285714285715,-25.49376766877718,34.08474116384418,6,8
SP500,0.4,,2.0,True,361,0.4500508660885581,1.679162123020182,0.4099722991689751,-16.971552608525087,162.46836265796946,186,0.6682753105616602,2.045995776817697,0.42473118279569894,-13.756908230698514,124.2992077644688,175,0.21810945653428954,1.3170578821664134,0.3942857142857143,-16.9715526085251,38.16915489350067,7,8
SP500,0.4,,2.0,False,361,0.45546189272294496,1.6873277874231158,0.4099722991689751,-23.243929668777184,164.42174327298312,186,0.6348810973609635,1.993726591609102,0.42473118279569894,-17.75662023069846,118.08788410913922,175,0.26476490950767967,1.3848792382245458,0.3942857142857143,-23.243929668777234,46.33385916384394,7,8
SP500,0.4,,2.5,True,361,0.5420923485722742,1.785000760859277,0.3850415512465374,-16.76437786157453,195.695337834591,186,0.7431507676369273,2.1211535723331343,0.4032258064516129,-13.756908230698798,138.22604278046848,175,0.3283959717378429,1.4560908291137862,0.3657142857142857,-15.971624608525389,57.469295054122504,7,8
SP500,0.4,,2.5,False,361,0.5143219204237762,1.7447865662052229,0.3850415512465374,-21.962150941480047,185.67021327298323,186,0.703424548973868,2.0612206570903737,0.4032258064516129,-17.256656230698866,130.83696610913944,175,0.3133328409362504,1.4351704877953728,0.3657142857142857,-21.96215094148011,54.83324716384382,7,8
SP500,0.4,,3.0,True,361,0.5413998776581481,1.7377091657189088,0.3462603878116344,-19.892277187919234,195.44535583459148,186,0.7767504988197242,2.1219176140767004,0.3763440860215054,-11.757052230698406,144.4755927804687,175,0.2912557888807015,1.3743374617497022,0.3142857142857143,-19.892277187919312,50.969763054122765,7,8
SP500,0.4,,3.0,False,361,0.5330186351052184,1.7262889203391834,0.3462603878116344,-24.843920913786718,192.41972727298386,186,0.7504641726297832,2.0839503486463307,0.3763440860215054,-15.256800230698474,139.58633610913967,175,0.30190509236482393,1.3880245141202956,0.3142857142857143,-24.84392091378681,52.83339116384419,7,8
SP500,0.4,2.0,,False,361,0.10795151584093039,1.1629073204968488,0.4099722991689751,-16.548526688203093,38.97049721857587,186,0.16442773355632137,1.2573650592404286,0.42473118279569894,-9.644002542774398,30.583558441475773,175,0.047925364440572,1.0696673807409742,0.3942857142857143,-12.971840608525152,8.3869387771001,5,8
SP500,0.4,2.0,1.0,True,361,-0.09978975839729372,0.8341321882249743,0.46537396121883656,-50.34287625866526,-36.02410278142303,186,-0.026418739561956183,0.9535200693420446,0.489247311827957,-18.00582265103869,-4.91388555852385,175,-0.17777266984513818,0.720897058985706,0.44,-35.36994063999475,-31.11021722289918,3,8
SP500,0.4,2.0,1.0,False,361,-0.07901563097347089,0.8704424799010635,0.3850415512465374,-46.34316425866543,-28.524642781422994,186,-0.015666825583460796,0.9728111820455884,0.4032258064516129,-19.505714651038772,-2.914029558523708,175,-0.14634636127371017,0.773341795942569,0.3657142857142857,-29.870336639994846,-25.610613222899282,3,8
SP500,0.4,2.0,1.5,True,361,-0.03331255064105979,0.9477852182074311,0.43213296398891965,-33.094118258665745,-12.025830781422584,186,0.03137279807245659,1.0510429293564534,0.44623655913978494,-13.756128651038628,5.835340441476926,175,-0.1020638355594258,0.8460143920020737,0.41714285714285715,-23.120822639995293,-17.861171222899515,3,8
SP500,0.4,2.0,1.5,False,361,-0.008383597732472568,0.9868593752860767,0.43213296398891965,-29.59437025866591,-3.026478781422597,186,0.05287662602944618,1.0860292372008147,0.44623655913978494,-15.256020651038703,9.83505244147699,175,-0.07349446413085482,0.8891175343191744,0.41714285714285715,-20.659111135836824,-12.861531222899593,3,8
SP500,0.4,2.0,2.0,True,361,0.0387044244281899,1.0584080179500224,0.4099722991689751,-24.915508198654116,13.972297218576555,186,0.11066816366385013,1.1732196745728434,0.42473118279569894,-12.506218651038505,20.584278441476123,175,-0.03778274984514039,0.945076573759468,0.3942857142857143,-18.011195616694355,-6.611981222899568,3,8
SP500,0.4,2.0,2.0,False,361,0.062248435508520966,1.0939377808159423,0.4099722991689751,-21.91572419865424,22.47168521857607,186,0.13217199162083867,1.2068778284398776,0.42473118279569894,-12.506218651038612,24.583990441475994,175,-0.012070315559428134,0.9824538158539177,0.3942857142857143,-18.659255135836904,-2.1123052228999235,5,8
SP500,0.4,2.0,2.5,True,361,0.14119011971904832,1.2130669857193292,0.4099722991689751,-14.26146561669453,50.96963321857644,186,0.21146735721223855,1.3309922708245732,0.42473118279569894,-8.144110542774676,39.33292844147637,175,0.0664954558691433,1.0966620555869675,0.3942857142857143,-14.26146561669454,11.636704777100077,5,8
SP500,0.4,2.0,2.5,False,361,0.15503953800159587,1.2339668462286937,0.4099722991689751,-14.659543135837048,55.969273218576106,186,0.22221927119073367,1.3478213477580918,0.42473118279569894,-8.506506651039018,41.33278444147646,175,0.08363707872628369,1.1215802169832658,0.3942857142857143,-14.659543135837051,14.636488777099645,5,8
SP500,0.4,2.0,3.0,True,361,0.1868932000514588,1.2820365254002373,0.4099722991689751,-11.971912608525287,67.46844521857662,186,0.25313102387890707,1.3962049439419568,0.42473118279569894,-8.020423692492805,47.08237044147671,175,0.11649185586914232,1.1693400263261795,0.3942857142857143,-11.971912608525287,20.386074777099907,5,8
SP500,0.4,2.0,3.0,False,361,0.1896630837079678,1.2862164975021093,0.4099722991689751,-12.47187660852532,68.46837321857637,186,0.25044304538428325,1.3919976747085772,0.42473118279569894,-8.020423692492805,46.582406441476685,175,0.1250626672977125,1.1817991070243288,0.3942857142857143,-12.471876608525307,21.88596677709969,5,8
SP500,0.4,3.0,,False,361,0.2630650006054774,1.358451248577947,0.3462603878116344,-16.241564250718156,94.96646521857733,186,0.39559388409396073,1.571385209614185,0.3763440860215054,-9.693060441331369,73.5804624414767,175,0.12220573015486069,1.1570653170989067,0.3142857142857143,-16.241564250718127,21.38600277710062,6,8
SP500,0.4,3.0,1.0,True,361,0.012390529691352271,1.0205952001452467,0.46537396121883656,-26.844568258664836,4.47298121857817,186,0.09991624968536011,1.1757881123013967,0.489247311827957,-12.50621865103863,18.58442244147698,175,-0.0806368069879932,0.8734002813595794,0.44,-21.01097961669398,-14.111441222898812,3,8
SP500,0.4,3.0,1.0,False,361,0.02485500614564417,1.0403852791933037,0.3407202216066482,-26.91536419865428,8.972657218577545,186,0.12142007764234723,1.2093597466983548,0.3709677419354839,-12.50621865103879,22.584134441476586,175,-0.07777986984513739,0.8809186795927314,0.30857142857142855,-21.6590391358365,-13.611477222899044,3,8
SP500,0.4,3.0,1.5,True,361,0.08302256293235048,1.130131284574449,0.43213296398891965,-18.553544090389757,29.971145218578524,186,0.16308374430902006,1.2653340649031692,0.44623655913978494,-8.995973341330286,30.33357644147773,175,-0.002071035559424073,0.9968753901119307,0.41714285714285715,-17.2612496166941,-0.3624312228992128,4,8
SP500,0.4,3.0,1.5,False,361,0.09964186487140704,1.156180722626877,0.43213296398891965,-18.15929113583664,35.97071321857794,186,0.18996352925525417,1.309066949708616,0.44623655913978494,-8.496009341330577,35.333216441477276,175,0.0036428387262894954,1.0054960185753499,0.41714285714285715,-18.159291135836636,0.6374967771006617,4,8
SP500,0.4,3.0,2.0,True,361,0.16334918897112827,1.246506762534318,0.4099722991689751,-15.51137561669421,58.969057218577305,186,0.25581900237353034,1.4004122131753356,0.42473118279569894,-9.133634998662188,47.58233444147665,175,0.06506698729771809,1.0945855421372805,0.3942857142857143,-15.511375616694185,11.386722777100665,6,8
SP500,0.4,3.0,2.0,False,361,0.1688889562841458,1.2548667067380617,0.4099722991689751,-16.241564250718227,60.96891321857663,186,0.26925889484664667,1.4214485593422297,0.42473118279569894,-8.133706998662248,50.08215444147628,175,0.06221005015485913,1.0904325152378944,0.3942857142857143,-16.241564250718156,10.886758777100347,6,8
SP500,0.4,3.0,2.5,True,361,0.22220921667195892,1.321779867612677,0.3850415512465374,-14.491690250718179,80.21752721857717,186,0.32973841097568046,1.4974594839972621,0.4032258064516129,-9.49593734133073,61.33134444147657,175,0.1079210444405749,1.149885512837597,0.3657142857142857,-14.491690250718147,18.886182777100608,6,8
SP500,0.4,3.0,2.5,False,361,0.22220921667195775,1.3217798676126757,0.3850415512465374,-14.991654250718256,80.21752721857675,186,0.32705043248105653,1.49340426825526,0.4032258064516129,-9.49593734133073,60.83138044147652,175,0.11077798158342989,1.1538533533178414,0.3657142857142857,-14.991654250718227,19.38614677710023,6,8
SP500,0.4,3.0,3.0,True,361,0.2090522693035386,1.2848537311213357,0.3462603878116344,-19.241348250718076,75.46786921857743,186,0.34721027119073455,1.5015012151638685,0.3763440860215054,-10.133562998662292,64.58111044147662,175,0.06221005015486185,1.0799556718161274,0.3142857142857143,-19.241348250718033,10.886758777100823,6,8
SP500,0.4,3.0,3.0,False,361,0.2132070947883025,1.2905150786179973,0.3462603878116344,-18.24142025071812,76.9677612185772,186,0.3310824002229927,1.4782065503470965,0.3763440860215054,-10.633526998662248,61.581326441476634,175,0.0879224844405747,1.1130026626516032,0.3142857142857143,-18.241420250718082,15.386434777100572,5,8
SP500,0.4,4.0,,False,361,0.34616151030076736,1.436726918498443,0.29362880886426596,-21.877097094507434,124.96430521857701,186,0.5568725937713768,1.7526157952265908,0.3333333333333333,-11.633454998662145,103.57830244147607,175,0.12220573015486258,1.1439999986414222,0.25142857142857145,-21.877097094507434,21.386002777100952,6,8
SP500,0.4,4.0,1.0,True,361,0.047014075397722836,1.0781455124663157,0.46537396121883656,-29.415184198653925,16.972081218577944,186,0.16173975506170093,1.2845575801325595,0.489247311827957,-12.0062546510385,30.08359444147637,175,-0.07492293270227676,0.8823710591462809,0.44,-22.1811053989638,-13.111513222898433,3,8
SP500,0.4,4.0,1.0,False,361,0.06363337733677936,1.1023678828462526,0.2880886426592798,-29.91514819865402,22.97164921857735,186,0.19937145398643127,1.3411106208111687,0.3279569892473118,-11.49588710692634,37.083090441476216,175,-0.0806368069879935,0.8780237738822909,0.24571428571428572,-25.4414565799837,-14.111441222898863,3,8
SP500,0.4,4.0,1.5,True,361,0.12180093412348553,1.1909133066967856,0.43213296398891965,-22.927984081493587,43.97013721857827,186,0.2302832066746084,1.3746662769167912,0.44623655913978494,-9.6335989986623,42.83267644147716,175,0.006499775869149198,1.0098063328070639,0.41714285714285715,-19.140747174828196,1.1374607771011096,4,8
SP500,0.4,4.0,1.5,False,361,0.13842023606254228,1.2169627447492137,0.43213296398891965,-21.92805608149363,49.96970521857776,186,0.2679149055993383,1.43589231564442,0.44623655913978494,-9.133634998662359,49.83217244147692,175,0.0007859015834333657,1.0011857043436412,0.41714285714285715,-21.640567174828263,0.137532777100839,6,8
SP500,0.4,4.0,2.0,True,361,0.19658779284924408,1.2966664277567952,0.4099722991689751,-19.67821808149359,70.96819321857711,186,0.32033048624449534,1.5013866747764368,0.42473118279569894,-10.633526998662234,59.58147044147613,175,0.06506698729771988,1.094585542137283,0.3942857142857143,-16.181537398963794,11.38672277710098,6,8
SP500,0.4,4.0,2.0,False,361,0.2062823856470263,1.311296330113349,0.4099722991689751,-17.94199657998375,74.4679412185765,186,0.3472102711907308,1.543459367110229,0.42473118279569894,-9.633598998662201,64.58111044147593,175,0.0564961758691461,1.0821264614391288,0.3942857142857143,-17.941996579983737,9.886830777100567,6,8
SP500,0.4,4.0,2.5,True,361,0.25960264603483924,1.375929074068568,0.3850415512465374,-17.678362081493624,93.71655521857696,186,0.39962585183589283,1.6028950932893038,0.4032258064516129,-10.133562998662413,74.33040844147607,175,0.11077798158343366,1.153853353317847,0.3657142857142857,-14.942212579983508,19.38614677710089,6,8
SP500,0.4,4.0,2.5,False,361,0.26514241334785765,1.3839511787286987,0.3850415512465374,-17.442032579983817,95.71641121857661,186,0.41575372280363526,1.6272263877413153,0.4032258064516129,-10.633526998662362,77.33019244147616,175,0.10506410729771687,1.1459176723573479,0.3657142857142857,-17.44203257998378,18.386218777100453,6,8
SP500,0.4,4.0,3.0,True,361,0.269989709746752,1.3678868277390517,0.3462603878116344,-18.241420250718065,97.46628521857747,186,0.4439774969971844,1.6412692040644983,0.3763440860215054,-9.633598998662237,82.5798144414763,175,0.08506554729772094,1.1093307747809986,0.3142857142857143,-18.241420250718015,14.886470777101163,6,8
SP500,0.4,4.0,3.0,False,361,0.2838391280292998,1.3867579860612589,0.3462603878116344,-18.441960579983572,102.46592521857723,186,0.4627933464595505,1.6684463130173997,0.3763440860215054,-10.133562998662185,86.0795624414764,175,0.09363635872629045,1.1203464383928217,0.3142857142857143,-18.441960579983558,16.38636277710083,6,8
SP500,0.4,5.0,,False,361,0.4403375546220977,1.530459717203848,0.26038781163434904,-21.028569509639524,158.96185721857728,186,0.664391733556322,1.8496115711943206,0.2956989247311828,-13.555347957756569,123.57686244147588,175,0.20219997015486504,1.2294492421094527,0.22285714285714286,-21.028569509639503,35.38499477710138,6,8
SP500,0.4,5.0,1.0,True,361,0.1162611668104654,1.1932461371084562,0.46537396121883656,-21.678074081493524,41.97028121857801,186,0.21549932495417265,1.3791397260727032,0.489247311827957,-10.633526998662106,40.082874441476115,175,0.010785181583439395,1.0169327259467575,0.44,-17.890837174828285,1.8874067771018943,4,8
SP500,0.4,5.0,1.0,False,361,0.12457081777999286,1.1992705344264838,0.26038781163434904,-21.392929589001284,44.970065218577425,186,0.2665709163520222,1.452997332572334,0.2956989247311828,-9.633598998662144,49.58219044147613,175,-0.02635500127370686,0.9603155045054119,0.22285714285714286,-21.392929589001298,-4.6121252228987,5,8
SP500,0.4,5.0,1.5,True,361,0.18827814187971853,1.2951110589065078,0.43213296398891965,-17.42838008149336,67.96840921857839,186,0.2894187335563273,1.4708786234887807,0.44623655913978494,-9.992453475753573,53.83188444147687,175,0.08078014158343728,1.1218745028315311,0.41714285714285715,-15.141035174828067,14.136524777101524,6,8
SP500,0.4,5.0,1.5,False,361,0.1993576765057558,1.312477350941459,0.43213296398891965,-17.26124961669437,71.96812121857785,186,0.3351143679649292,1.5452245276580467,0.44623655913978494,-10.221189827265901,62.331272441476834,175,0.055067707297720016,1.0830816747461351,0.41714285714285715,-17.261249616694375,9.636848777101003,5,8
SP500,0.4,5.0,2.0,True,361,0.2589101751207125,1.390715800048942,0.4099722991689751,-14.178614081493407,93.46657321857722,186,0.3714020776423435,1.5813247902106433,0.42473118279569894,-10.633526998662212,69.0807864414759,175,0.13934735301200768,1.2025642415212605,0.3942857142857143,-12.877745094507453,24.385786777101345,6,8
SP500,0.4,5.0,2.0,False,361,0.27414453523151405,1.413705646609242,0.4099722991689751,-15.377565094507489,98.96617721857658,186,0.41440973355632166,1.6486410979447135,0.42473118279569894,-9.221261827265822,77.08021044147583,175,0.12506266729771856,1.1817991070243377,0.3942857142857143,-15.37756509450745,21.885966777100748,6,8
SP500,0.4,5.0,2.5,True,361,0.32607985379107224,1.472194329990153,0.3850415512465374,-13.377709094507267,117.71482721857707,186,0.4560734002229885,1.688054623871339,0.4032258064516129,-9.633598998662379,84.82965244147586,175,0.1879152844405784,1.2609850462845367,0.3657142857142857,-13.377709094507239,32.88517477710122,6,8
SP500,0.4,5.0,2.5,False,361,0.3330045629323454,1.4822219608153167,0.3850415512465374,-15.377565094507233,120.2146472185767,186,0.4829531851692262,1.7286067812913581,0.4032258064516129,-10.133562998662327,89.82929244147607,175,0.17363059872628936,1.2411458438832936,0.3657142857142857,-15.377565094507215,30.385354777100638,6,8
SP500,0.4,5.0,3.0,True,361,0.33923680115949434,1.4622426193500926,0.3462603878116344,-15.74160025071798,122.46448521857747,186,0.5031130238789039,1.726682975059327,0.3763440860215054,-9.133634998662203,93.57902244147611,175,0.16505978729772197,1.212143635158041,0.3142857142857143,-15.741600250717994,28.885462777101345,6,8
SP500,0.4,5.0,3.0,False,361,0.35170127761378756,1.4792266618400796,0.3462603878116344,-17.62344222302488,126.96416121857732,186,0.5299928088251413,1.7655074164206153,0.3763440860215054,-9.633598998662151,98.5786624414763,175,0.1622028501548629,1.20847174728743,0.3142857142857143,-17.62344222302497,28.38549877710101,6,8
SP500,0.4,6.0,,False,361,0.5649823191650342,1.6637027555690218,0.2409972299168975,-22.623082223025108,203.95861721857733,186,0.7719108733412697,1.9516268206713823,0.26881720430107525,-13.555347957756569,143.57542244147618,175,0.3450468272977208,1.3860065366811973,0.21142857142857144,-22.623082223025236,60.38319477710114,7,8
SP500,0.4,6.0,1.0,True,361,0.18273837456669817,1.303742736764911,0.46537396121883656,-19.178254081493506,65.96855321857804,186,0.28538676581438793,1.5020965157948944,0.489247311827957,-10.633526998662106,53.081938441476154,175,0.07363779872629649,1.115611281600438,0.44,-16.890909174828277,12.886614777101885,6,8
SP500,0.4,6.0,1.0,False,361,0.186893200051461,1.298124023950174,0.2409972299168975,-21.892893589001403,67.46844521857743,186,0.3203304862444961,1.5422579815408735,0.26881720430107525,-9.555635957756225,59.58147044147628,175,0.04506842729772097,1.0677380911756582,0.21142857142857144,-21.892893589001382,7.88697477710117,6,8
SP500,0.4,6.0,1.5,True,361,0.24090593135340288,1.3776009460725378,0.43213296398891965,-14.928560081493401,86.96704121857844,186,0.3324263894703061,1.5408512391775024,0.44623655913978494,-9.6335989986623,61.831308441476935,175,0.14363275872629433,1.2167014159291538,0.41714285714285715,-14.57311475432741,25.13573277710151,6,8
SP500,0.4,6.0,1.5,False,361,0.26168005877722395,1.4101627436380733,0.43213296398891965,-17.99143825071826,94.46650121857785,186,0.38887393785740315,1.6326902972689494,0.44623655913978494,-9.80561795775635,72.33055244147698,175,0.12649113586914787,1.1908395305388872,0.41714285714285715,-17.991438250718257,22.135948777100875,6,8
SP500,0.4,6.0,2.0,True,361,0.3129229064226519,1.4722252560354692,0.4099722991689751,-12.901637542735628,112.96516921857734,186,0.4170977120509463,1.652848367178094,0.42473118279569894,-10.633526998662205,77.58017444147602,175,0.2021999701548647,1.2939308333077004,0.3942857142857143,-12.323276754327424,35.384994777101326,6,8
SP500,0.4,6.0,2.0,False,361,0.3364669175029823,1.5077550189013884,0.4099722991689751,-16.241564250718213,121.4645572185766,186,0.4681693034487956,1.7327864826123025,0.42473118279569894,-9.055671957756251,87.07949044147598,175,0.1964860958691464,1.2856247795089275,0.3942857142857143,-16.241564250718305,34.38506677710062,6,8
SP500,0.4,6.0,2.5,True,361,0.3842474105777761,1.5564264289215402,0.3850415512465374,-12.377781094507341,138.71331521857718,186,0.5071449916208388,1.7651037229693733,0.4032258064516129,-9.133634998662345,94.32896844147602,175,0.2536248387262923,1.3522453773302328,0.3657142857142857,-12.377781094507315,44.38434677710116,7,8
SP500,0.4,6.0,2.5,False,361,0.3953269452038136,1.5724706382418023,0.3850415512465374,-14.991654250718284,142.7130272185767,186,0.5367127550617,1.809711096131394,0.4032258064516129,-10.055599957756383,99.82857244147621,175,0.2450540272977172,1.3403418558894848,0.3657142857142857,-14.991654250718376,42.88445477710051,7,8
SP500,0.4,6.0,3.0,True,361,0.40017424160270804,1.5452757159678088,0.3462603878116344,-16.241564250718028,144.4629012185776,186,0.5568725937713779,1.8043318577819016,0.3763440860215054,-8.829501335669711,103.57830244147628,175,0.2336262787262934,1.3002689440526476,0.3142857142857143,-16.241564250718085,40.884598777101345,7,8
SP500,0.4,6.0,3.0,False,361,0.41402365988525575,1.5641468742900164,0.3462603878116344,-18.623370223025063,149.46254121857731,186,0.5837523787176153,1.8431562991431893,0.3763440860215054,-9.555635957756456,108.57794244147645,175,0.23362627872629071,1.300268944052644,0.3142857142857143,-18.623370223025105,40.88459877710088,7,8
SP500,0.5,,,False,361,0.6013343665490462,1.6538609948505671,0.16066481994459833,-34.40159376415974,217.08170632420564,186,0.8972776257476954,2.01571979175241,0.1881720430107527,-20.641585789809454,166.89363838907136,175,0.28678895962933876,1.2992924194254571,0.13142857142857142,-34.40159376415985,50.18806793513428,7,8
SP500,0.5,,1.0,True,361,0.27326625947993693,1.4946874239566232,0.4986149584487535,-17.946881273350797,98.64911967225723,186,0.4487386583507889,1.8320902758581445,0.5053763440860215,-14.001394139080077,83.46539045324674,175,0.08676416696577416,1.1532023541357896,0.49142857142857144,-15.41967516074173,15.183729219010477,6,8
SP500,0.5,,1.0,False,361,0.24966339282814434,1.4273992390618642,0.1634349030470914,-20.891340808787334,90.1284848109601,186,0.40941959694446817,1.7230886070421552,0.1881720430107527,-14.775703036745384,76.15204503167108,175,0.07986537016736579,1.1324007801313092,0.13714285714285715,-20.891340808787348,13.976439779289013,5,8
SP500,0.5,,1.5,True,361,0.3454163172487401,1.5841055769209555,0.4626038781163435,-18.69682727335028,124.69529052679518,186,0.5296363081063663,1.9135314995085488,0.46774193548387094,-14.501358139079755,98.51235330778414,175,0.1496167841086345,1.2478414578787465,0.45714285714285713,-13.919783160741868,26.182937219011034,7,8
SP500,0.5,,1.5,False,361,0.3292975479528016,1.5568484307795938,0.4626038781163435,-17.86313616409616,118.87641481096136,186,0.4887149625358698,1.8429492195387713,0.46774193548387094,-14.775703036745128,90.90098303167179,175,0.159859610167369,1.2648087851630432,0.45714285714285713,-17.863136164096204,27.975431779289575,6,8
SP500,0.5,,2.0,True,361,0.42061685836120766,1.663712601752064,0.42382271468144045,-18.946809273350496,151.84268586839596,186,0.5742672821411202,1.9162577633839264,0.42473118279569894,-14.001394139079864,106.81371447824836,175,0.2573084079437007,1.4013216094024852,0.4228571428571429,-12.41989116074165,45.028971390147625,7,8
SP500,0.5,,2.0,False,361,0.3867726338253771,1.6103080891310626,0.42382271468144045,-15.113334164095875,139.62492081096113,186,0.5411305431810302,1.8633872703755023,0.42473118279569894,-14.275739036745179,100.65028103167161,175,0.22271222731022583,1.3473622576581648,0.4228571428571429,-15.113334164095988,38.97463977928952,7,8
SP500,0.5,,2.5,True,361,0.4019201436797657,1.5787458837629886,0.3684210526315789,-17.946881273350655,145.09317186839542,186,0.5715793036464942,1.8414810202127216,0.3763440860215054,-14.074906939676012,106.31375047824793,175,0.22159669365798557,1.311828204591128,0.36,-13.94153372994812,38.779421390147476,7,8
SP500,0.5,,2.5,False,361,0.3957747557090324,1.569896817479259,0.3684210526315789,-17.89155680878784,142.8746868109607,186,0.5626343711380182,1.8283122597538555,0.3763440860215054,-14.574870939676046,104.64999303167139,175,0.21842682159593893,1.3073675987148634,0.36,-17.89155680878787,38.22469377928931,7,8
SP500,0.5,,3.0,True,361,0.4443887923036303,1.610316788286697,0.3379501385041551,-17.878112562759384,160.42435402161055,186,0.649662259662704,1.9400677584044135,0.3655913978494624,-13.82492493967608,120.83718029726295,175,0.22621242128198624,1.2947375306384397,0.30857142857142855,-17.878112562759434,39.58717372434759,7,8
SP500,0.5,,3.0,False,361,0.4269359468447656,1.5863473165731972,0.3379501385041551,-19.891412808787436,154.12387681096038,186,0.6352097904928578,1.9191548916127366,0.3655913978494624,-14.3248889396761,118.14902103167154,175,0.2055706044530792,1.267842817759437,0.30857142857142855,-19.8914128087875,35.97485577928886,7,8
SP500,0.5,2.0,,False,361,0.17221090110170806,1.2717402856024553,0.42382271468144045,-16.552426201286746,62.16813529771661,186,0.1849834606143648,1.2951457224823852,0.42473118279569894,-10.325176939676066,34.40692367427185,175,0.15863549499111282,1.2474223546248164,0.4228571428571429,-12.213221500237868,27.761211623444744,7,8
SP500,0.5,2.0,1.0,True,361,-0.01337130388444347,0.9757942459265735,0.4986149584487535,-27.417794827221087,-4.827040702284092,186,0.018328793947696112,1.0339868449670397,0.5053763440860215,-13.968938702313633,3.409155674271477,175,-0.04706397929460329,0.9168975779393409,0.49142857142857144,-16.569554802091105,-8.236196376555576,3,8
SP500,0.5,2.0,1.0,False,361,-0.0022917692584056336,0.9959157430251088,0.3988919667590028,-27.41779482722122,-0.8273287022844338,186,0.02101677244231853,1.0383707009581453,0.4032258064516129,-14.968866702313798,3.9091196742712464,175,-0.027065419294603887,0.9529589549892448,0.3942857142857143,-15.569626802091076,-4.73644837655568,3,8
SP500,0.5,2.0,1.5,True,361,0.06764779306846906,1.114393707605982,0.4626038781163435,-23.168100827219344,24.42085329771733,186,0.1056880950229686,1.182293778671882,0.46774193548387094,-12.719028702313196,19.657985674272158,175,0.027216386419686656,1.0450841723983906,0.45714285714285713,-14.319716802089989,4.762867623445165,4,8
SP500,0.5,2.0,1.5,False,361,0.07318756038148733,1.1237615597333854,0.4626038781163435,-23.168100827219572,26.420709297716925,186,0.10031213803372017,1.173021177880519,0.46774193548387094,-12.71902870231336,18.65805767427195,175,0.044358009276828425,1.07347941444715,0.45714285714285713,-14.31971680209005,7.762651623444975,4,8
SP500,0.5,2.0,2.0,True,361,0.10573369334547585,1.1668425392567503,0.42382271468144045,-20.061677525367557,38.16986329771678,186,0.1365998477111385,1.2179484620397303,0.42473118279569894,-10.834644263756989,25.40757167427176,175,0.07292738070540014,1.1137441797106087,0.4228571428571429,-14.213077500237741,12.762291623445025,4,8
SP500,0.5,2.0,2.0,False,361,0.11404334431500457,1.179954757549963,0.42382271468144045,-19.061749525367652,41.16964729771665,186,0.1365998477111385,1.2179484620397303,0.42473118279569894,-11.334608263757069,25.40757167427176,175,0.09006900356254216,1.1404798146934496,0.4228571428571429,-13.713113500237771,15.76207562344488,4,8
SP500,0.5,2.0,2.5,True,361,0.221376336004755,1.3493209105039667,0.42382271468144045,-14.106147520896855,79.91685729771656,186,0.24546297674339654,1.3916422980357024,0.42473118279569894,-10.075194939675988,45.65611367427176,175,0.19577567784825603,1.3053495637543082,0.4228571428571429,-11.266834819847963,34.2607436234448,8,8
SP500,0.5,2.0,2.5,False,361,0.22830104514602909,1.3602477590816442,0.42382271468144045,-14.106147520896855,82.4166772977165,186,0.24546297674339654,1.3916422980357024,0.42473118279569894,-10.075194939675988,45.65611367427176,175,0.21006036356254146,1.3276292595733428,0.4228571428571429,-11.266834819847963,36.76056362344475,8,8
SP500,0.5,2.0,3.0,True,361,0.23868810885794123,1.3766380319481621,0.42382271468144045,-12.856237520896826,86.16640729771679,186,0.25755887996920385,1.4109416131463675,0.42473118279569894,-9.825212939676035,47.90595167427192,175,0.21863117499111354,1.340997077064765,0.4228571428571429,-11.016852819847946,38.26045562344487,8,8
SP500,0.5,2.0,3.0,False,361,0.24145799251445085,1.381008771379233,0.42382271468144045,-12.856237520896826,87.16633529771676,186,0.25755887996920385,1.4109416131463675,0.42473118279569894,-9.825212939676035,47.90595167427192,175,0.2243450492768277,1.3499089553923787,0.4228571428571429,-11.016852819847946,39.260383623444845,8,8
SP500,0.5,3.0,,False,361,0.2525375271404851,1.3468311873647278,0.3379501385041551,-19.569338802090584,91.16604729771512,186,0.37314195523801985,1.5399401245954554,0.3655913978494624,-12.325032939676085,69.40440367427169,175,0.12435224927681958,1.1620214958731097,0.30857142857142855,-19.569338802090588,21.761643623443426,6,8
SP500,0.5,3.0,1.0,True,361,0.06003061301306217,1.108671993997667,0.4986149584487535,-24.41801082722101,21.671051297715444,186,0.112408041259524,1.2084367734308146,0.5053763440860215,-11.469118702313565,20.907895674271465,175,0.004360889276822714,1.007700166171114,0.49142857142857144,-16.764003846461357,0.7631556234439749,4,8
SP500,0.5,3.0,1.0,False,361,0.06972520581084427,1.122827400444011,0.33518005540166207,-26.41786682722112,25.17079929771478,186,0.13659984771113542,1.2476067562073427,0.3602150537634409,-12.834500263757189,25.40757167427119,175,-0.0013529850088938083,0.9976858627521729,0.30857142857142855,-19.569338802090975,-0.23677237655641648,4,8
SP500,0.5,3.0,1.5,True,361,0.14243465179422934,1.2408597113259485,0.4626038781163435,-21.168244827219393,51.418909297716795,186,0.20514329932404435,1.3538368933120595,0.46774193548387094,-11.834572263756748,38.15665367427225,175,0.07578431784825457,1.1255373582032084,0.45714285714285713,-15.26411184646027,13.262255623444549,4,8
SP500,0.5,3.0,1.5,False,361,0.1493593609355015,1.2525695264852015,0.4626038781163435,-20.66828082721956,53.91872929771604,186,0.2158952133025371,1.372382094894778,0.46774193548387094,-12.334536263756995,40.1565096742719,175,0.07864125499110934,1.1302698985446646,0.45714285714285713,-16.81953680209004,13.762219623444135,4,8
SP500,0.5,3.0,2.0,True,361,0.19713985401029469,1.3110769404820939,0.42382271468144045,-15.052534201286363,71.16748729771638,186,0.2521829229799569,1.4023641397638509,0.42473118279569894,-10.82514093967606,46.90602367427199,175,0.1386369349911107,1.2162307804781642,0.4228571428571429,-12.407670544607843,24.261463623444374,6,8
SP500,0.5,3.0,2.0,False,361,0.20129467949505764,1.317633049628698,0.42382271468144045,-14.418730827220656,72.66737929771581,186,0.2575588799692028,1.410941613146366,0.42473118279569894,-11.334608263757183,47.90595167427172,175,0.1414938721339662,1.2206867196419688,0.4228571428571429,-14.069734802090808,24.761427623444085,6,8
SP500,0.5,3.0,2.5,True,361,0.18259796481361668,1.2629323814224642,0.3684210526315789,-16.659065503139438,65.91786529771562,186,0.24949494448533052,1.367307316909567,0.3763440860215054,-12.575014939676038,46.406059674271475,175,0.11149603213396647,1.156895876673278,0.36,-16.069590802090463,19.511805623444133,5,8
SP500,0.5,3.0,2.5,False,361,0.1936774994396545,1.2788863841258915,0.3684210526315789,-17.569482802090526,69.91757729771528,186,0.25755887996920124,1.379179070513322,0.3763440860215054,-12.58451826375731,47.90595167427143,175,0.12578071784825057,1.1769971147644411,0.36,-17.569482802090533,22.01162562344385,6,8
SP500,0.5,3.0,3.0,True,361,0.20683444680807503,1.284063274027644,0.3379501385041551,-19.569338802090584,74.66723529771508,186,0.32475834233479367,1.469928554969944,0.3655913978494624,-12.325032939676092,60.40505167427162,175,0.08149819213396257,1.106185928097725,0.30857142857142855,-19.569338802090588,14.26218362344345,6,8
SP500,0.5,3.0,3.0,False,361,0.20267962132331008,1.2783571000879086,0.3379501385041551,-19.569338802090584,73.16734329771494,186,0.30863047136705163,1.4465913650947733,0.3655913978494624,-12.325032939676092,57.4052676742716,175,0.0900690035625333,1.117353041652801,0.30857142857142855,-19.569338802090588,15.762075623443328,6,8
SP500,0.5,4.0,,False,361,0.327324385866245,1.4165673101116174,0.2853185595567867,-20.203244416306404,118.16410329771445,186,0.469909181044466,1.627041570666402,0.3118279569892473,-11.325104939676052,87.40310767427067,175,0.1757771178482502,1.213215529811503,0.2571428571428571,-20.20324441630644,30.760995623443783,7,8
SP500,0.5,4.0,1.0,True,361,0.10296380968896146,1.1863929409826461,0.4986149584487535,-16.48295584416602,37.169935297715085,186,0.16347963265737062,1.3031381631682868,0.5053763440860215,-8.83478826375692,30.407211674270933,175,0.03864413499110944,1.0682352249923015,0.49142857142857144,-13.264255846461241,6.762723623444153,4,8
SP500,0.5,4.0,1.0,False,361,0.11265840248674376,1.1967884416863457,0.2853185595567867,-15.620552859590667,40.6696832977145,186,0.19573537459285342,1.3521229205201888,0.3118279569892473,-9.834716263757127,36.40677967427074,175,0.02435944927682151,1.041277293027116,0.2571428571428571,-15.620552859590674,4.262903623443764,5,8
SP500,0.5,4.0,1.5,True,361,0.1756732556723442,1.2970668240903767,0.4626038781163435,-15.552498201285864,63.41804529771626,186,0.24546297674339543,1.42338139924726,0.46774193548387094,-11.075122939675943,45.65611367427155,175,0.10149675213396973,1.1681302212763516,0.45714285714285713,-12.40767054460732,17.761931623444703,5,8
SP500,0.5,4.0,1.5,False,361,0.192292557611401,1.3251703804725894,0.4626038781163435,-12.819824802089968,69.41761329771576,186,0.27503074018425505,1.4743807035997436,0.46774193548387094,-10.075194939675988,51.155717674271436,175,0.10435368927682473,1.172862761617808,0.45714285714285713,-12.819824802089975,18.261895623444328,7,8
SP500,0.5,4.0,2.0,True,361,0.2359182252014288,1.3722672925170867,0.42382271468144045,-12.626586542312765,85.1664792977158,186,0.2978785573885555,1.4752726635152407,0.42473118279569894,-10.325176939676034,55.40541167427132,175,0.1700632435625399,1.2652461112800424,0.4228571428571429,-11.407742544608073,29.761067623444482,7,8
SP500,0.5,4.0,2.0,False,361,0.24976764348397656,1.394120989672441,0.42382271468144045,-10.825140939676054,90.16611929771554,186,0.3274463208294154,1.5224487671190843,0.42473118279569894,-10.825140939676054,60.90501567427126,175,0.16720630641968154,1.2607901721162336,0.4228571428571429,-10.713329500237753,29.261103623444267,7,8
SP500,0.5,4.0,2.5,True,361,0.23384081245904484,1.3367196439258202,0.3684210526315789,-12.075050939676004,84.41653329771519,186,0.3059424928724242,1.4504095921358504,0.3763440860215054,-12.075050939676004,56.905303674270904,175,0.1572070264196816,1.2212198385650088,0.36,-11.849871337637863,27.51122962344428,7,8
SP500,0.5,4.0,2.5,False,361,0.25876976536763185,1.3726161500085345,0.3684210526315789,-13.569770802090481,93.4158852977151,186,0.34895014878640346,1.513725611355881,0.3763440860215054,-12.075050939676004,64.90472767427104,175,0.16292090070539464,1.2292603338014736,0.36,-13.56977080209047,28.511157623444063,7,8
SP500,0.5,4.0,3.0,True,361,0.2719267127360518,1.3734599990834888,0.3379501385041551,-17.1204448595903,98.1655432977147,186,0.3946457831950054,1.5710563777623436,0.3655913978494624,-11.825068939676079,73.404115674271,175,0.1414938721339641,1.184355722983266,0.30857142857142855,-17.1204448595903,24.76142762344372,6,8
SP500,0.5,4.0,3.0,False,361,0.28300624736209085,1.388676462922782,0.3379501385041551,-18.12037285959032,102.1652552977148,186,0.421525568141243,1.6099516942209626,0.3655913978494624,-11.825068939676086,78.4037556742712,175,0.13577999784824918,1.1769109806132134,0.30857142857142855,-18.12037285959032,23.761499623443605,6,8
SP500,0.5,5.0,,False,361,0.4630486850352185,1.5697327195424695,0.26038781163434904,-19.574306655222216,167.16057529771388,186,0.588180234807906,1.7501141998504457,0.27956989247311825,-10.325176939676254,109.40152367427052,175,0.33005172356253354,1.3914401494795776,0.24,-19.574306655222244,57.75905162344337,7,8
SP500,0.5,5.0,1.0,True,361,0.17498078475821355,1.316763561731646,0.4986149584487535,-13.626514542312755,63.16806329771509,186,0.2333670735175858,1.43272953859852,0.5053763440860215,-8.83478826375709,43.40627567427096,175,0.112924500705395,1.1993945191048696,0.49142857142857144,-11.764183557737502,19.761787623444125,7,8
SP500,0.5,5.0,1.0,False,361,0.18052055207123058,1.3142016625705584,0.26038781163434904,-14.57466665522179,65.16791929771423,186,0.2548709014745734,1.4564873298647034,0.27956989247311825,-9.834716263757336,47.405987674270655,175,0.1014967521339632,1.1715160473481052,0.24,-14.574666655221819,17.76193162344356,7,8
SP500,0.5,5.0,1.5,True,361,0.2435354052568321,1.4118230126510893,0.4626038781163435,-14.1264785423119,87.91628129771638,186,0.3072864821197403,1.530016308347912,0.46774193548387094,-11.075122939675943,57.155285674271695,175,0.17577711784825523,1.2911762701543168,0.45714285714285713,-12.907634544607355,30.760995623444664,7,8
SP500,0.5,5.0,1.5,False,361,0.26015470719588774,1.4399265690333007,0.4626038781163435,-12.261695488033325,93.91584929771548,186,0.3341662670659751,1.5763793123047136,0.46774193548387094,-9.575230939676096,62.15492567427137,175,0.18149099213396633,1.3006413508372319,0.45714285714285713,-12.261695488033382,31.760923623444107,7,8
SP500,0.5,5.0,2.0,True,361,0.3023954329576618,1.477165038862793,0.42382271468144045,-11.626658542312654,109.16475129771591,186,0.36507801975414694,1.5824910807967059,0.42473118279569894,-9.825212939676156,67.90451167427133,175,0.23577279784825464,1.3677327120476042,0.4228571428571429,-11.407742544608029,41.26023962344456,7,8
SP500,0.5,5.0,2.0,False,361,0.3176297930684633,1.5012041057336811,0.42382271468144045,-10.76425555773747,114.66435529771525,186,0.38658184771113535,1.6168009743267733,0.42473118279569894,-10.325176939676169,71.90422367427118,175,0.24434360927682316,1.3811005295390206,0.4228571428571429,-10.764255557737492,42.76013162344405,7,8
SP500,0.5,5.0,2.5,True,361,0.3044728457000421,1.4384264111601783,0.3684210526315789,-11.575086939676119,109.91469729771521,186,0.3758299337326394,1.553298123368398,0.3763440860215054,-11.575086939676119,69.90436767427093,175,0.22863045499111015,1.3217260290208368,0.36,-11.264219557737366,40.01032962344428,7,8
SP500,0.5,5.0,2.5,False,361,0.32663191495211863,1.4703344165670347,0.3684210526315789,-13.134441747721809,117.91412129771483,186,0.4080856756681235,1.6007851377834204,0.3763440860215054,-11.575086939676126,75.90393567427097,175,0.24005820356253635,1.3378070194937663,0.36,-13.134441747721823,42.01018562344386,7,8
SP500,0.5,5.0,3.0,True,361,0.3550232224313424,1.4875834778781853,0.3379501385041551,-14.134369747721692,128.1633832977146,186,0.46990918104446766,1.6799632638464725,0.3655913978494624,-11.32510493967618,87.40310767427098,175,0.232915860705392,1.3034716009040868,0.30857142857142855,-14.134369747721705,40.7602756234436,7,8
SP500,0.5,5.0,3.0,False,361,0.35779310608785186,1.4913875938380081,0.3379501385041551,-15.134297747721718,129.16331129771453,186,0.480661095022963,1.6955213904299207,0.3655913978494624,-11.32510493967618,89.40296367427112,175,0.22720198641967654,1.2960268585340338,0.30857142857142855,-15.134297747721721,39.760347623443394,7,8
SP500,0.5,6.0,,False,361,0.5977167448269198,1.7220243548398935,0.24653739612188366,-15.476924539768959,215.77574488251807,186,0.7548349014745761,1.9417118810303748,0.26344086021505375,-15.087956011378282,140.39929167427115,175,0.4307225897614109,1.5033188329322076,0.22857142857142856,-15.476924539769016,75.37645320824691,7,8
SP500,0.5,6.0,1.0,True,361,0.2417882937734617,1.437703609722234,0.4986149584487535,-11.12669454231279,87.28557405221967,186,0.31400642835629483,1.5822580487103264,0.5053763440860215,-10.588280011377996,58.405195674270836,175,0.165030733588279,1.2914002147966692,0.49142857142857144,-10.774042984906188,28.880378377948823,7,8
SP500,0.5,6.0,1.0,False,361,0.24785458196708118,1.4304711046093388,0.24653739612188366,-12.977104539768717,89.4755040901163,186,0.3381982348079084,1.6043160295396395,0.26344086021505375,-12.088172011378127,62.904871674270964,175,0.1518321852334019,1.2560724455774999,0.22857142857142856,-12.977104539768732,26.57063241584533,7,8
SP500,0.5,6.0,1.5,True,361,0.31172785610033527,1.527137746937122,0.4626038781163435,-11.626658542311958,112.53375605222104,186,0.39061381545307344,1.6737416206140054,0.46774193548387094,-11.075122939675957,72.65416967427166,175,0.22788335073113927,1.3774906819978885,0.45714285714285713,-11.407742544607373,39.87958637794937,7,8
SP500,0.5,6.0,1.5,False,361,0.3274887370917384,1.5537896971333156,0.4626038781163435,-11.338226011378175,118.22343409011756,186,0.4174936003993101,1.7201046245708098,0.46774193548387094,-11.338226011378175,77.65380967427168,175,0.23182642523340508,1.3840224179858542,0.45714285714285713,-11.024024984906044,40.56962441584589,7,8
SP500,0.5,6.0,2.0,True,361,0.37474270928592984,1.5913254631229987,0.42382271468144045,-10.067850877347652,135.28211805222068,186,0.4537813100767277,1.724019391608239,0.42473118279569894,-9.32524893967613,84.40332367427135,175,0.29073596787399625,1.4534582739477009,0.4228571428571429,-10.067850877347677,50.87879437794934,7,8
SP500,0.5,6.0,2.0,False,361,0.3849638229643139,1.607453875043327,0.42382271468144045,-10.588280011378231,138.97194009011733,186,0.4699091810444704,1.7497518117557915,0.42473118279569894,-10.588280011378231,87.4031076742715,175,0.29467904237626186,1.4596082517812639,0.4228571428571429,-10.067850877347677,51.568832415845826,7,8
SP500,0.5,6.0,2.5,True,361,0.380974947513075,1.548585797843685,0.3684210526315789,-11.523988984906026,137.53195605222007,186,0.46722120254984384,1.6878446642109601,0.3763440860215054,-11.075122939676106,86.90314367427095,175,0.28930749930256633,1.4071100366754832,0.36,-11.52398898490601,50.62881237794911,7,8
SP500,0.5,6.0,2.5,False,361,0.39396594484796926,1.567292215901538,0.3684210526315789,-12.023952984906018,142.2217060901169,186,0.49141300900145835,1.723459925022229,0.3763440860215054,-11.588208011378228,91.40281967427126,175,0.2903936366619751,1.4086384361165258,0.36,-12.023952984905991,50.81888641584564,7,8
SP500,0.5,6.0,3.0,True,361,0.4179414426944747,1.5739944017825687,0.3379501385041551,-13.273862984906046,150.87686081270536,186,0.5505485358831778,1.7966492132223248,0.3655913978494624,-10.82514093967616,102.40202767427107,175,0.27699904650533863,1.3609086295681996,0.30857142857142855,-13.273862984906016,48.47483313843426,7,8
SP500,0.5,6.0,3.0,False,361,0.4251271359837025,1.583863123329665,0.3379501385041551,-13.273862984906046,153.4708960901166,186,0.5639884283562979,1.8160968714516363,0.3655913978494624,-11.088244011378308,104.90184767427141,175,0.27753741951911537,1.3616100885408928,0.30857142857142855,-13.273862984906014,48.56904841584519,7,8
SP500,0.6,,,False,361,0.6007691113675816,1.6877777395783917,0.19113573407202217,-31.61366304973339,216.87764920369696,186,0.8868459616389821,2.059074733156546,0.22043010752688172,-21.225860829002215,164.95334886485068,175,0.29671028765055013,1.325383677641867,0.16,-31.613663049733468,51.92430033884627,7,8
SP500,0.6,,1.0,True,361,0.24886963854329472,1.4703964038132746,0.5124653739612188,-16.561363266556114,89.8419395141294,186,0.4003495408504263,1.7873496075298245,0.5268817204301075,-11.165833535098741,74.4650145981793,175,0.08786814237685765,1.1594865760280433,0.49714285714285716,-16.56136326655608,15.37692491595009,7,8
SP500,0.6,,1.0,False,361,0.2710189083224948,1.4886319539047899,0.19390581717451524,-20.075089369332915,97.83782590442063,186,0.43274141075657757,1.8150345821293796,0.22043010752688172,-14.052306453820137,80.48990240072342,175,0.09913099144969832,1.170963289130475,0.1657142857142857,-20.07508936933292,17.347923503697206,7,8
SP500,0.6,,1.5,True,361,0.3270494977063116,1.5700844302296029,0.4709141274238227,-15.561435266556487,118.06486867197847,186,0.510422052451769,1.9293423015696793,0.489247311827957,-9.415959535099077,94.93850175602903,175,0.13215066809113976,1.2203686094386226,0.4514285714285714,-15.56143526655644,23.126366915949458,7,8
SP500,0.6,,1.5,False,361,0.34719070887650727,1.605192849519719,0.4709141274238227,-18.059910909095862,125.33584590441913,186,0.517412733337218,1.942070465316555,0.489247311827957,-12.552414453820347,96.23876840072255,175,0.16626901430683766,1.2772628546248335,0.4514285714285714,-18.059910909095933,29.097077503696593,7,8
SP500,0.6,,2.0,True,361,0.3840301333822636,1.6090343918222774,0.4182825484764543,-14.346069365856636,138.63487815099717,186,0.583523361661605,1.9901662755852176,0.45161290322580644,-8.166049535098978,108.53534526905854,175,0.17199733075393508,1.2550432408692773,0.38285714285714284,-14.34606936585666,30.09953288193864,7,8
SP500,0.6,,2.0,False,361,0.3859690800676455,1.6121093724361863,0.4182825484764543,-18.57519736933284,139.33483790442003,186,0.5832682064554997,1.9897333090636955,0.45161290322580644,-11.55248645382018,108.48788640072294,175,0.17626829430684043,1.2613763646531917,0.38285714285714284,-18.575197369332884,30.846951503697078,7,8
SP500,0.6,,2.5,True,361,0.4356572838884376,1.650568825726767,0.38227146814404434,-14.505220467225143,157.27227948372598,186,0.6562656151640786,2.061540544796763,0.42473118279569894,-9.364778980180049,122.0654044205186,175,0.20118214321832786,1.277751209723912,0.33714285714285713,-14.50522046722515,35.20687506320738,7,8
SP500,0.6,,2.5,False,361,0.42751733491528954,1.6384134062243745,0.38227146814404434,-17.82525136933279,154.3337579044195,186,0.6491236795737778,2.049988127570796,0.42473118279569894,-11.05252245382026,120.73700440072268,175,0.19198144859255323,1.2650487699261816,0.33714285714285713,-17.82525136933281,33.59675350369682,7,8
SP500,0.6,,3.0,True,361,0.4616976192455237,1.6490111060365504,0.34349030470914127,-18.73959200698772,166.67284054763405,186,0.7215901477657362,2.09575430236781,0.3870967741935484,-10.295270485885894,134.21576748442692,175,0.18546898893261218,1.2416338696685065,0.29714285714285715,-18.739592006987735,32.45707306320713,7,8
SP500,0.6,,3.0,False,361,0.4455215786826021,1.6262723490245696,0.34349030470914127,-20.075089369332886,160.83328990441936,186,0.6800354322619503,2.0326523345292378,0.3870967741935484,-10.114724980180085,126.48659040072275,175,0.19626685430683782,1.2557016122574403,0.29714285714285715,-20.075089369332915,34.34669950369662,7,8
SP500,0.6,2.0,,False,361,0.17116904876770925,1.2714574416254758,0.4182825484764543,-16.38954872723184,61.79202660514304,186,0.2796904512720171,1.474599768660786,0.45161290322580644,-8.15914433422698,52.02242393659518,175,0.055826300963130626,1.0827810563162168,0.38285714285714284,-16.389548727231848,9.76960266854786,6,8
SP500,0.6,2.0,1.0,True,361,0.028520040457463126,1.053906633795612,0.5124653739612188,-16.470219584227387,10.295734605144188,186,0.09153195664836397,1.1800118216457536,0.5268817204301075,-8.125487559380096,17.024943936595697,175,-0.03845262475115147,0.9302059051783537,0.49714285714285716,-13.889728727231507,-6.729209331451507,4,8
SP500,0.6,2.0,1.0,False,361,0.04790922605302948,1.0892446035131123,0.41274238227146814,-18.47007558422771,17.295230605143644,186,0.12109972008922386,1.2354177096456629,0.44623655913978494,-7.330188566290412,22.52454793659564,175,-0.02988181332258283,0.9467031089779726,0.37714285714285717,-16.38954872723169,-5.229317331451995,4,8
SP500,0.6,2.0,1.5,True,361,0.10607678283973071,1.1849038837542607,0.4709141274238227,-12.502443718123537,38.293718605142786,186,0.1896431717021232,1.3452895908788713,0.489247311827957,-8.159144334226987,35.273629936594915,175,0.017257649534559258,1.0287780931042065,0.4514285714285714,-12.38983672723145,3.02008866854787,5,8
SP500,0.6,2.0,1.5,False,361,0.11992620112227755,1.2090449932376548,0.4709141274238227,-13.389764727231658,43.293358605142195,186,0.20577104266986432,1.3746541386145816,0.489247311827957,-7.765317710701492,38.273413936594764,175,0.028685398105985364,1.0478345012032,0.4514285714285714,-13.389764727231654,5.0199446685474385,6,8
SP500,0.6,2.0,2.0,True,361,0.13516056123308373,1.214351487170956,0.4182825484764543,-17.553188564655755,48.792962605143224,186,0.2581866233150283,1.438110457970009,0.45161290322580644,-8.303994939432298,48.022711936595265,175,0.004401432391702669,1.0065265872250821,0.38285714285714284,-17.553188564655763,0.7702506685479671,5,8
SP500,0.6,2.0,2.0,False,361,0.13793044488959336,1.2187442528982269,0.4182825484764543,-17.88944072723183,49.79289060514321,186,0.25549864482040463,1.4335492941336618,0.45161290322580644,-8.80395893943234,47.522747936595266,175,0.012972243820273966,1.0192356654069379,0.38285714285714284,-17.88944072723184,2.270142668547944,5,8
SP500,0.6,2.0,2.5,True,361,0.21617965818599097,1.3428398846936256,0.4182825484764543,-14.139710727232128,78.04085660514274,186,0.33210603191717836,1.5635424634695565,0.45161290322580644,-7.909162334226966,61.77172193659518,175,0.0929664838202718,1.1378537284375903,0.38285714285714284,-14.13971072723213,16.269134668547565,6,8
SP500,0.6,2.0,2.5,False,361,0.21756460001424585,1.345036267557261,0.4182825484764543,-14.139710727232128,78.54082060514276,186,0.33210603191717836,1.5635424634695565,0.45161290322580644,-7.909162334226966,61.77172193659518,175,0.09582342096312906,1.1420900878315423,0.38285714285714284,-14.13971072723213,16.769098668547585,6,8
SP500,0.6,2.0,3.0,True,361,0.23210648921092142,1.3680982876254322,0.4182825484764543,-12.405635080302275,83.79044260514263,186,0.3415139566483612,1.5795065368967722,0.45161290322580644,-7.6591803342270275,63.52159593659518,175,0.11582198096312818,1.1717446035892047,0.38285714285714284,-12.405635080302263,20.268846668547432,6,8
SP500,0.6,2.0,3.0,False,361,0.23210648921092142,1.3680982876254322,0.4182825484764543,-12.405635080302275,83.79044260514263,186,0.3415139566483612,1.5795065368967722,0.45161290322580644,-7.6591803342270275,63.52159593659518,175,0.11582198096312818,1.1717446035892047,0.38285714285714284,-12.405635080302263,20.268846668547432,6,8
SP500,0.6,3.0,,False,361,0.29027404599762247,1.408039963373599,0.34349030470914127,-14.38969272723206,104.7889306051417,186,0.47322490288491803,1.71860491018245,0.3870967741935484,-8.795378485885863,88.01983193659476,175,0.09582342096312545,1.1248412693973713,0.29714285714285715,-14.389692727232049,16.769098668546953,7,8
SP500,0.6,3.0,1.0,True,361,0.09638219004194891,1.1821750369099087,0.5124653739612188,-16.75213771812379,34.793970605143556,186,0.17485928998169625,1.3438879761110274,0.5268817204301075,-7.625523559380075,32.5238279365955,175,0.012972243820274605,1.0235454932166799,0.49714285714285716,-14.053440564655537,2.270142668548056,5,8
SP500,0.6,3.0,1.0,False,361,0.11023160832449555,1.2030958979590995,0.3407202216066482,-17.389476727231852,39.793610605142895,186,0.22593088137954528,1.4355227628330285,0.3870967741935484,-7.7954504858857945,42.023143936595424,175,-0.01274019046544298,0.9775804862023794,0.2914285714285714,-17.38947672723186,-2.2295333314525214,5,8
SP500,0.6,3.0,1.5,True,361,0.16839916511119676,1.2935388764295437,0.4709141274238227,-13.581534827357167,60.79209860514203,186,0.26490656955158426,1.4823241469788588,0.489247311827957,-7.554048939432333,49.272621936594675,175,0.06582558096312774,1.1097678275249407,0.4514285714285714,-12.303566564655494,11.519476668547354,6,8
SP500,0.6,3.0,1.5,False,361,0.18640340887850806,1.3249223187579569,0.4709141274238227,-14.389692727231832,67.2916306051414,186,0.31060220396018573,1.5655236988967087,0.489247311827957,-7.0540849394324,57.77200993659454,175,0.05439783239169636,1.0907114194259384,0.4514285714285714,-14.389692727231829,9.519620668546864,6,8
SP500,0.6,3.0,2.0,True,361,0.21825707092837263,1.3461344589890776,0.4182825484764543,-15.081426827357532,78.79080260514252,186,0.35226587062685477,1.5977511922421588,0.45161290322580644,-6.8041029394323544,65.52145193659499,175,0.07582486096312879,1.1124355720738779,0.38285714285714284,-15.053368564655809,13.269350668547538,6,8
SP500,0.6,3.0,2.0,False,361,0.22518178006964626,1.3571163733072533,0.4182825484764543,-17.389476727232008,81.2906226051423,186,0.37645767707846756,1.6388016667692837,0.45161290322580644,-7.304066939432396,70.02112793659497,175,0.06439711239169904,1.0954901344980685,0.38285714285714284,-17.38947672723202,11.269494668547331,6,8
SP500,0.6,3.0,2.5,True,361,0.26257520943252577,1.3921046473521659,0.38227146814404434,-19.389332727232215,94.7896506051418,186,0.42080932223975603,1.680678900225882,0.42473118279569894,-8.054012939432337,78.27053393659462,175,0.09439495239169815,1.1303212690709459,0.33714285714285713,-19.389332727232233,16.519116668547177,6,8
SP500,0.6,3.0,2.5,False,361,0.2611902676042709,1.3900365079861352,0.38227146814404434,-19.889296727232335,94.28968660514178,186,0.43156123621825115,1.6980706275366078,0.42473118279569894,-8.054012939432337,80.27038993659471,175,0.08011026667741188,1.110599892838448,0.33714285714285713,-19.88929672723234,14.019296668547078,6,8
SP500,0.6,3.0,3.0,True,361,0.2694999185737993,1.3788376481476465,0.34349030470914127,-15.889584727232034,97.28947060514155,186,0.4490330964333046,1.6818689928705488,0.3870967741935484,-8.795378485885863,83.52015593659465,175,0.07868179810598232,1.1025087129564959,0.29714285714285715,-15.889584727232009,13.769314668546905,7,8
SP500,0.6,3.0,3.0,False,361,0.2681149767455445,1.376890827132583,0.34349030470914127,-16.38954872723214,96.78950660514157,186,0.45172107492792857,1.6859507614607603,0.3870967741935484,-8.795378485885863,84.02011993659471,175,0.07296792382026773,1.095064527476204,0.29714285714285715,-16.389548727232118,12.769386668546854,7,8
SP500,0.6,4.0,,False,361,0.39829950860149943,1.522490554089065,0.296398891966759,-21.66170928186918,143.7861226051413,186,0.5914959566483527,1.8258616294715833,0.3333333333333333,-9.869185316909803,110.01824793659361,175,0.19295928382027244,1.2378397785677657,0.2571428571428571,-21.66170928186923,33.76787466854768,7,8
SP500,0.6,4.0,1.0,True,361,0.1448551540308685,1.2737953248486944,0.5124653739612188,-13.090296950613194,52.292710605143526,186,0.22055492439029722,1.4337555446887578,0.5268817204301075,-7.437810710621664,41.023215936595285,175,0.06439711239170427,1.1168850812550122,0.49714285714285716,-13.09029695061318,11.269494668548248,6,8
SP500,0.6,4.0,1.0,False,361,0.1697841069394537,1.310812712909359,0.296398891966759,-16.16210528186938,61.29206260514278,186,0.28506640826126267,1.545391326627977,0.3333333333333333,-7.642439717532085,53.02235193659486,175,0.047255489534559526,1.0827132941505213,0.2571428571428571,-16.162105281869394,8.269710668547917,7,8
SP500,0.6,4.0,1.5,True,361,0.21687212910011622,1.3780327596214332,0.4709141274238227,-12.340350950613498,78.29083860514196,186,0.31866613944405564,1.580205972764562,0.489247311827957,-6.818398410975565,59.27190193659435,175,0.10867963810598633,1.1812293578961839,0.4514285714285714,-12.340350950613484,19.018936668547607,7,8
SP500,0.6,4.0,1.5,False,361,0.24595590749346616,1.428729089536564,0.4709141274238227,-14.396908821632053,88.79008260514128,186,0.36973773084190314,1.6731937072609802,0.489247311827957,-6.892493717532088,68.77121793659398,175,0.11439351239169883,1.1907575619456796,0.4514285714285714,-14.396908821632053,20.018864668547295,7,8
SP500,0.6,4.0,2.0,True,361,0.2791945113715857,1.442775304989035,0.4182825484764543,-12.662357281869248,100.78921860514244,186,0.4194653329924439,1.711780288150835,0.45161290322580644,-7.142475717532051,78.02055193659456,175,0.13010666667741644,1.1929264005589688,0.38285714285714284,-12.662357281869266,22.768666668547876,7,8
SP500,0.6,4.0,2.0,False,361,0.2847342786846043,1.4515608364435755,0.4182825484764543,-14.662213281869171,102.78907460514216,186,0.4355932039601849,1.739147271168917,0.45161290322580644,-7.642439717532083,81.02033593659439,175,0.12439279239170152,1.1844536817710636,0.38285714285714284,-14.66221328186916,21.768738668547766,7,8
SP500,0.6,4.0,2.5,True,361,0.3359771263300327,1.5017160337517865,0.38227146814404434,-14.889656727232136,121.2877426051418,186,0.5041366555730868,1.8154647868840001,0.42473118279569894,-6.6425117175320425,93.76941793659415,175,0.1572475695345579,1.2170953244939364,0.33714285714285713,-14.88965672723213,27.518324668547635,7,8
SP500,0.6,4.0,2.5,False,361,0.32628253353224834,1.4872390581895718,0.38227146814404434,-15.889584727232247,117.78799460514165,186,0.5014486770784631,1.8111168550563184,0.42473118279569894,-7.142475717532076,93.26945393659413,175,0.14010594667741438,1.193429673014939,0.33714285714285713,-15.889584727232243,24.518540668547516,7,8
SP500,0.6,4.0,3.0,True,361,0.3512114864408355,1.4937000880363918,0.34349030470914127,-16.396764821631805,126.78734660514161,186,0.537736386755883,1.8165673563475142,0.3870967741935484,-8.2954144858859,100.01896793659424,175,0.15296216382027078,1.1992831242002906,0.29714285714285715,-16.396764821631848,26.768378668547385,7,8
SP500,0.6,4.0,3.0,False,361,0.344286777299561,1.4839659829610736,0.34349030470914127,-16.162105281869245,124.28752660514151,186,0.5323604297666354,1.808403819167091,0.3870967741935484,-8.295414485885885,99.0190399365942,175,0.14439135239169895,1.1881168459798528,0.29714285714285715,-16.162105281869273,25.268486668547318,7,8
SP500,0.6,5.0,,False,361,0.5545146084689379,1.708104927873755,0.2770083102493075,-17.931296906960398,200.17977365728657,186,0.7635265803042676,2.025023035099257,0.3064516129032258,-14.960652143985175,142.01594393659377,175,0.3323647412611017,1.4034983403340868,0.24571428571428572,-17.931296906960455,58.1638297206928,7,8
SP500,0.6,5.0,1.0,True,361,0.2139399761039889,1.4043747400457085,0.5124653739612188,-11.090440950613285,77.23233137353999,186,0.2931303437451344,1.5764863889004468,0.5268817204301075,-8.295414485885736,54.522243936595004,175,0.1297719282111142,1.2355447598537002,0.49714285714285716,-11.09044095061326,22.710087436944985,7,8
SP500,0.6,5.0,1.0,False,361,0.2478916568731729,1.4526407186156103,0.2770083102493075,-13.931584906960524,89.48888813121542,186,0.3710817200892201,1.707532546260917,0.3064516129032258,-8.610555100709703,69.02119993659494,175,0.11695821825497413,1.204366168143724,0.24571428571428572,-13.931584906960516,20.46768819462047,7,8
SP500,0.6,5.0,1.5,True,361,0.2901117766580015,1.505697785989239,0.4709141274238227,-10.34049495061359,104.73035137353853,186,0.3993054942827643,1.7270287114431209,0.489247311827957,-7.545468485885941,74.27082193659416,175,0.17405445392539629,1.2902455094035963,0.4514285714285714,-10.340494950613532,30.45952943694435,7,8
SP500,0.6,5.0,1.5,False,361,0.32406345742718534,1.5648794227823908,0.4709141274238227,-12.16638844672309,116.98690813121391,186,0.4557530426698605,1.829804628518112,0.489247311827957,-7.318362410975549,84.77006593659405,175,0.18409624111211348,1.3069907495948099,0.4514285714285714,-12.166388446723087,32.21684219461986,7,8
SP500,0.6,5.0,2.0,True,361,0.35797392624249036,1.5677117848466136,0.4182825484764543,-11.069454917726091,129.22858737353903,186,0.5001046878311528,1.84861520324125,0.45161290322580644,-6.795522485885812,93.01947193659441,175,0.2069092310682548,1.3068117431014872,0.38285714285714284,-11.069454917726086,36.209115436944586,7,8
SP500,0.6,5.0,2.0,False,361,0.36284182861832354,1.575431803942002,0.4182825484764543,-12.162393281869242,130.9859001312148,186,0.5216085157881424,1.8851045139320284,0.45161290322580644,-7.304066939432317,97.01918393659447,175,0.19409552111211617,1.287811156868856,0.38285714285714284,-12.162393281869228,33.96671619462033,7,8
SP500,0.6,5.0,2.5,True,361,0.4060123917251526,1.606299985524376,0.38227146814404434,-14.078526983044426,146.57047341278007,186,0.5794000534225485,1.9372068780590768,0.42473118279569894,-8.295414485885757,107.76840993659403,175,0.22172607700677752,1.3061140771779958,0.33714285714285713,-14.078526983044423,38.80206347618606,7,8
SP500,0.6,5.0,2.5,False,361,0.4043900834659675,1.6038773858842992,0.38227146814404434,-14.078526983044426,145.98482013121426,186,0.5874639889064204,1.9502506735421223,0.42473118279569894,-8.054012939432269,109.2683019365942,175,0.20980867539782902,1.2896609632947271,0.33714285714285713,-14.078526983044423,36.71651819462008,7,8
SP500,0.6,5.0,3.0,True,361,0.42540157732072004,1.5979895427179862,0.34349030470914127,-14.396908821631882,153.56996941277993,186,0.6183757415945921,1.9390204140538483,0.3870967741935484,-10.295270485885908,115.01788793659412,175,0.22029760843534757,1.2870095098447505,0.29714285714285715,-14.396908821631897,38.552081476185826,7,8
SP500,0.6,5.0,3.0,False,361,0.4223943272332801,1.5937622332755692,0.34349030470914127,-13.66228528186926,152.4843521312141,186,0.6183757415945927,1.9390204140538492,0.3870967741935484,-8.610555100709696,115.01788793659425,175,0.21409408111211356,1.278927391527645,0.29714285714285715,-13.662285281869323,37.466464194619874,7,8
SP500,0.6,6.0,,False,361,0.653185690163123,1.8094537928535637,0.2548476454293629,-21.931008906960415,235.8000341488874,186,0.831777822379848,2.066968290906047,0.27419354838709675,-16.114292980180068,154.71067496265172,175,0.4633677667784897,1.5542398758399234,0.2342857142857143,-21.9310089069605,81.0893591862357,7,8
SP500,0.6,6.0,1.0,True,361,0.2776473002037122,1.5247899756223986,0.5124653739612188,-12.46199635913868,100.23067537354011,186,0.3603298061107251,1.708644577985345,0.5268817204301075,-8.295414485885736,67.02134393659487,175,0.18976760821111563,1.3444409458984217,0.49714285714285716,-12.461996359138674,33.209331436945234,7,8
SP500,0.6,6.0,1.0,False,361,0.2972271977202655,1.5410554135192487,0.2548476454293629,-15.931440906960532,107.29901837701584,186,0.4052073411270104,1.7690384327661812,0.27419354838709675,-10.114724980180085,75.36856544962393,175,0.18245973101366805,1.3183156911210798,0.2342857142857143,-15.931440906960528,31.93045292739191,7,8
SP500,0.6,6.0,1.5,True,361,0.3579739262424892,1.623989222457885,0.4709141274238227,-11.340422950613416,129.2285873735386,186,0.47456889213222575,1.864063267543109,0.489247311827957,-7.545468485885976,88.26981393659399,175,0.23405013392539772,1.3902916519233353,0.4514285714285714,-11.340422950613522,40.958773436944604,7,8
SP500,0.6,6.0,1.5,False,361,0.3733989982742779,1.6508768754344676,0.4709141274238227,-14.166244446723084,134.79703837701433,186,0.48987866370765076,1.8919382746750866,0.489247311827957,-9.864742980180282,91.11743144962304,175,0.2495977538708074,1.4162181753147054,0.4514285714285714,-14.166244446723105,43.6796069273913,7,8
SP500,0.6,6.0,2.0,True,361,0.4004856091040678,1.635131173759958,0.4182825484764543,-12.227336819376006,144.57530488656846,186,0.5476702013420619,1.9293279397892478,0.45161290322580644,-8.114868980180319,101.86665744962352,175,0.2440494139253998,1.361884415222866,0.38285714285714284,-12.227336819376042,42.708647436944965,7,8
SP500,0.6,6.0,2.0,False,361,0.41217736946541617,1.6536731670621285,0.4182825484764543,-13.931584906960353,148.79603037701523,186,0.5557341368259326,1.9430114312982891,0.45161290322580644,-10.114724980180213,103.36654944962346,175,0.2595970338708102,1.3849389321813543,0.38285714285714284,-13.931584906960389,45.42948092739178,7,8
SP500,0.6,6.0,2.5,True,361,0.4526789000714946,1.6759872756453476,0.38227146814404434,-13.578562983044392,163.41708292580955,186,0.6323415239227049,2.0228422003104596,0.42473118279569894,-9.364778980180049,117.61552344962311,175,0.26172319700677965,1.3613339306289904,0.33714285714285713,-13.578562983044385,45.80155947618644,7,8
SP500,0.6,6.0,2.5,False,361,0.4537256243130601,1.677550353288896,0.38227146814404434,-14.024171839778717,163.79495037701471,186,0.6215896099442105,2.0054504729997347,0.42473118279569894,-10.864670980180023,115.61566744962316,175,0.27531018815652303,1.3800920727184394,0.33714285714285713,-14.024171839778706,48.179282927391526,7,8
SP500,0.6,6.0,3.0,True,361,0.47622291115182663,1.6694293957843265,0.34349030470914127,-15.548342436732298,171.91647092580942,186,0.6766931690839957,2.027577016818445,0.3870967741935484,-10.295270485885894,125.86492944962319,175,0.26315166557820696,1.3428409009469404,0.29714285714285715,-15.548342436732298,46.051541476186216,7,8
SP500,0.6,6.0,3.0,False,361,0.47172986808037276,1.6631134982537317,0.34349030470914127,-14.93151290696045,170.29448237701456,186,0.6525013626323831,1.9908410995065446,0.3870967741935484,-10.114724980180043,121.36525344962325,175,0.27959559387080757,1.3642644825858972,0.29714285714285715,-14.93151290696047,48.92922892739132,7,8
SP500,0.7,,,False,361,0.4412984305829871,1.5140471198064336,0.19667590027700832,-33.93433064534284,159.30873344045835,186,0.7214300904039801,1.8818170759570751,0.23118279569892472,-21.883897753047563,134.1859968151403,175,0.14355849500181744,1.159265856378923,0.16,-33.9343306453429,25.12273662531805,7,8
SP500,0.7,,1.0,True,361,0.2237341888371896,1.4424645747397322,0.5290858725761773,-19.33641250333818,80.76804217022544,186,0.39516472480501147,1.8420099458937265,0.5591397849462365,-12.783592064830486,73.50063881373214,175,0.041528019179961705,1.0762986997384505,0.49714285714285716,-16.901398893797346,7.267403356493299,7,8
SP500,0.7,,1.0,False,361,0.21357757277241202,1.4040468600338691,0.1994459833795014,-20.89704529905994,77.10150377084074,186,0.3874059220933473,1.7903271565056362,0.23118279569892472,-15.252290706410534,72.0575015093626,175,0.0288228700655893,1.0506177400792358,0.1657142857142857,-20.897045299059936,5.044002261478127,6,8
SP500,0.7,,1.5,True,361,0.2883033115774425,1.5052202966084671,0.46814404432132967,-18.3364845033378,104.07749547945673,186,0.4644476386532286,1.8724317211170358,0.5,-11.283700064830171,86.38726078950052,175,0.10108705537117842,1.1653520915373061,0.4342857142857143,-15.90147089379736,17.690234689956224,7,8
SP500,0.7,,1.5,False,361,0.26966771681673557,1.4725634372024294,0.46814404432132967,-18.91700999310261,97.35004577084155,186,0.4532613952116301,1.8514191616670894,0.5,-14.002380706410392,84.3066195093632,175,0.07453386435130473,1.1219179875760825,0.4342857142857143,-18.917009993102603,13.043426261478327,7,8
SP500,0.7,,2.0,True,361,0.3388878226042434,1.5430665912366983,0.4182825484764543,-13.0594691042499,122.33850396013186,186,0.535149516265521,1.9256766115048953,0.45698924731182794,-10.283772064830202,99.5378100253869,175,0.13028967962711407,1.1936468315023496,0.37714285714285717,-13.059469104249894,22.800693934744963,7,8
SP500,0.7,,2.0,False,361,0.31190844257850686,1.4998322258597916,0.4182825484764543,-17.897261299059906,112.59894777084098,186,0.5137409113406599,1.8886450076978203,0.45698924731182794,-13.252434706410384,95.55580950936275,175,0.09738936149416144,1.1447477753368933,0.37714285714285717,-17.897261299059885,17.04313826147825,7,8
SP500,0.7,,2.5,True,361,0.3693024386483294,1.547551410189963,0.37119113573407203,-17.329430098895386,133.3181803520469,186,0.6081064077956961,1.9744622278499477,0.41397849462365593,-9.211988183282017,113.10779184999947,175,0.11548793429741393,1.1586265016066524,0.32571428571428573,-17.329430098895376,20.210388502047437,7,8
SP500,0.7,,2.5,False,361,0.33406751183057937,1.4953098546302093,0.37119113573407203,-20.39708129906012,120.59837177083915,186,0.5527165995126991,1.8857026369499208,0.41397849462365593,-11.252578706410574,102.80528750936205,175,0.10167476720844063,1.1396536592507645,0.32571428571428573,-20.39708129906011,17.79308426147711,7,8
SP500,0.7,,3.0,True,361,0.3533737971456869,1.4874139949821894,0.32409972299168976,-24.761121472625632,127.56794076959297,186,0.6118770770716004,1.9133106977783905,0.3709677419354839,-10.18586987351452,113.80913633531767,175,0.07862173962443027,1.1003469237488699,0.2742857142857143,-24.76112147262566,13.758804434275296,7,8
SP500,0.7,,3.0,False,361,0.3326825700023294,1.4588742623690496,0.32409972299168976,-26.896613299059823,120.09840777084092,186,0.5701884597277567,1.8510847023579626,0.3709677419354839,-9.961934183281883,106.05505350936275,175,0.08024773863701827,1.102422227598814,0.2742857142857143,-26.89661329905988,14.043354261478196,7,8
SP500,0.7,2.0,,False,361,0.18251845457402668,1.2924852070564359,0.4182825484764543,-21.527448532077386,65.88916210122363,186,0.30605173227733967,1.5293939765781752,0.45698924731182794,-7.126319729393465,56.92562220358518,175,0.05122022798650549,1.0761275558187084,0.37714285714285717,-21.527448532077365,8.96353989763846,5,8
SP500,0.7,2.0,1.0,True,361,0.05648874820283542,1.1117141286320602,0.5290858725761773,-23.04989928599793,20.392438101223586,186,0.1555249365784142,1.3313897603034606,0.5591397849462365,-7.746545802573756,28.92763820358504,175,-0.048772572013494025,0.9103910106715339,0.49714285714285716,-18.16906636873956,-8.535200102361454,4,8
SP500,0.7,2.0,1.0,False,361,0.08003275928316737,1.1558678404841258,0.4155124653739612,-23.54986328599788,28.891826101223423,186,0.17971674303002724,1.3775768398218762,0.45698924731182794,-8.21538844415392,33.42731420358507,175,-0.02591707487063795,0.9531602476393101,0.37142857142857144,-19.527592532077467,-4.535488102361641,4,8
SP500,0.7,2.0,1.5,True,361,0.09595959030810132,1.1681587783803977,0.46814404432132967,-21.094117089862372,34.641412101224574,186,0.20794051722357956,1.3906014117272403,0.5,-8.3762297293934,38.6769362035858,175,-0.023060137727778433,0.9622796213577939,0.4342857142857143,-20.30766495698482,-4.035524102361226,5,8
SP500,0.7,2.0,1.5,False,361,0.11950360138843291,1.2094171052316418,0.46814404432132967,-20.77750253207732,43.14080010122428,186,0.22944434518056828,1.4309948168687132,0.5,-7.488413147558925,42.6766482035857,175,0.002652296557934761,1.0043384663013615,0.4342857142857143,-20.777502532077335,0.4641518976385832,5,8
SP500,0.7,2.0,2.0,True,361,0.13543043241336233,1.217026810568896,0.4182825484764543,-22.527376532077337,48.890386101223804,186,0.2684200333526087,1.46430042330561,0.45698924731182794,-7.126319729393465,49.92612620358523,175,-0.005918514870636744,0.9912034348754369,0.37714285714285717,-22.527376532077312,-1.03574010236143,5,8
SP500,0.7,2.0,2.0,False,361,0.1409701997263815,1.2259042689791946,0.4182825484764543,-23.027340532077357,50.89024210122372,186,0.273795990341856,1.4735995023445478,0.45698924731182794,-7.126319729393465,50.92605420358522,175,-0.00020464058492289082,0.9996958469697635,0.37714285714285717,-23.02734053207734,-0.03581210236150589,5,8
SP500,0.7,2.0,2.5,True,361,0.23099141856294225,1.3701629681465446,0.4182825484764543,-19.277610532077638,83.38790210122215,186,0.35981130216981067,1.6223847669675517,0.45698924731182794,-6.876337729393466,66.92490220358478,175,0.09407428512935655,1.1398206465261536,0.37714285714285717,-19.277610532077638,16.462999897637395,5,8
SP500,0.7,2.0,2.5,False,361,0.23099141856294225,1.3701629681465446,0.4182825484764543,-19.277610532077638,83.38790210122215,186,0.35981130216981067,1.6223847669675517,0.45698924731182794,-6.876337729393466,66.92490220358478,175,0.09407428512935655,1.1398206465261536,0.37714285714285717,-19.277610532077638,16.462999897637395,5,8
SP500,0.7,2.0,3.0,True,361,0.2199118839369068,1.3524080513259522,0.4182825484764543,-20.02755653207742,79.38819010122336,186,0.3490593881913173,1.6037866088896777,0.45698924731182794,-6.988449147558983,64.92504620358503,175,0.08264653655793339,1.1228358223375072,0.37714285714285717,-20.027556532077405,14.463143897638343,5,8
SP500,0.7,2.0,3.0,False,361,0.2199118839369068,1.3524080513259522,0.4182825484764543,-20.02755653207742,79.38819010122336,186,0.3490593881913173,1.6037866088896777,0.45698924731182794,-6.988449147558983,64.92504620358503,175,0.08264653655793339,1.1228358223375072,0.37714285714285717,-20.027556532077405,14.463143897638343,5,8
SP500,0.7,3.0,,False,361,0.22406670942167187,1.3090587102492621,0.32409972299168976,-22.164042229629928,80.88808210122355,186,0.41894682905153335,1.6253357661384096,0.3709677419354839,-9.322918777464462,77.9241102035852,175,0.01693698227221906,1.0216171007754986,0.2742857142857143,-22.164042229629892,2.963971897638335,6,8
SP500,0.7,3.0,1.0,True,361,0.09942194487873497,1.1966203233810566,0.5290858725761773,-18.70513335156437,35.891322101223324,186,0.20928450647088634,1.4459396927620485,0.5591397849462365,-6.686121873514416,38.92691820358486,175,-0.01734626344206589,0.9681300150576685,0.49714285714285716,-16.16921036873927,-3.0355961023615308,5,8
SP500,0.7,3.0,1.0,False,361,0.10496171219175444,1.2018394161490942,0.32409972299168976,-17.52773653207729,37.89117810122335,186,0.23616429141712414,1.4901743458027652,0.3709677419354839,-7.686049873514456,43.92655820358509,175,-0.034487886299209826,0.9384867837105891,0.2742857142857143,-17.527736532077288,-6.035380102361719,5,8
SP500,0.7,3.0,1.5,True,361,0.14997232161003948,1.2628102340979592,0.46814404432132967,-17.807984972771536,54.140008101224254,186,0.27782795808379335,1.521879978437028,0.5,-7.98837714755892,51.676000203585566,175,0.014080045129363969,1.023031286276282,0.4342857142857143,-16.669174368739164,2.4640078976386945,5,8
SP500,0.7,3.0,1.5,False,361,0.16105185623607793,1.2822259173220745,0.46814404432132967,-17.277754532077182,58.139720101224135,186,0.30201976453540685,1.5673225592211872,0.5,-8.488341147558952,56.175676203585674,175,0.011223107986505556,1.0183580812825501,0.4342857142857143,-17.277754532077186,1.9640438976384722,5,8
SP500,0.7,3.0,2.0,True,361,0.20467752382610407,1.3279950406976313,0.4182825484764543,-18.02770053207707,73.88858610122357,186,0.3490593881913175,1.6037866088896784,0.45698924731182794,-7.488413147558976,64.92504620358505,175,0.05122022798650586,1.076127555818709,0.37714285714285717,-18.02770053207705,8.963539897638526,5,8
SP500,0.7,3.0,2.0,False,361,0.19775281468482983,1.316898217684758,0.4182825484764543,-19.5275925320772,71.38876610122357,186,0.35174736668594186,1.608436148409148,0.45698924731182794,-7.988377147559008,65.42501020358519,175,0.03407860512936225,1.0506503195357262,0.37714285714285717,-19.527592532077183,5.963755897638393,5,8
SP500,0.7,3.0,2.5,True,361,0.22822153490643174,1.3383758410345388,0.37119113573407203,-16.277826532077306,82.38797410122186,186,0.39072305485798164,1.626115517988694,0.41397849462365593,-7.573044777464495,72.67448820358459,175,0.055505633700784346,1.0762388257005384,0.32571428571428573,-16.277826532077324,9.713485897637261,7,8
SP500,0.7,3.0,2.5,False,361,0.21437211662388306,1.317841807902574,0.37119113573407203,-17.277754532077402,77.38833410122179,186,0.37997114087948686,1.6088860760442911,0.41397849462365593,-8.073008777464526,70.67463220358455,175,0.03836401084364142,1.0526942391406406,0.32571428571428573,-17.277754532077434,6.7137018976372485,6,8
SP500,0.7,3.0,3.0,True,361,0.21160223296737843,1.291866263290769,0.32409972299168976,-22.164042229629928,76.38840610122361,186,0.39475502259992085,1.5892261675625237,0.3709677419354839,-9.322918777464462,73.42443420358528,175,0.01693698227221906,1.0216171007754986,0.2742857142857143,-22.164042229629892,2.963971897638335,6,8
SP500,0.7,3.0,3.0,False,361,0.20744740748261384,1.2861354476379374,0.32409972299168976,-22.164042229629928,74.88851410122359,186,0.3866910871160497,1.5771896347038945,0.3709677419354839,-9.322918777464462,71.92454220358525,175,0.01693698227221906,1.0216171007754986,0.2742857142857143,-22.164042229629892,2.963971897638335,6,8
SP500,0.7,4.0,,False,361,0.39826306574969267,1.5280388304657002,0.296398891966759,-21.16411422963003,143.77296673563905,186,0.5748495817397064,1.8038293070512867,0.3279569892473118,-10.625069808971137,106.92202220358539,175,0.21057682589744964,1.2646170159728805,0.26285714285714284,-21.16411422963006,36.85094453205369,7,8
SP500,0.7,4.0,1.0,True,361,0.1866732800587907,1.3691716223870853,0.5290858725761773,-12.601709017417093,67.38905410122344,186,0.28992386130959713,1.6177645914499355,0.5591397849462365,-6.462186183281958,53.925838203585066,175,0.07693266227221932,1.1413470282160731,0.49714285714285716,-12.60170901741711,13.46321589763838,7,8
SP500,0.7,4.0,1.0,False,361,0.19205989035576485,1.3682409269044455,0.296398891966759,-15.664510229629954,69.33362041843111,186,0.3141156677612106,1.6490358972644465,0.3279569892473118,-7.186085873514493,58.425514203585166,175,0.06233203551340543,1.111007730260241,0.26285714285714284,-15.664510229629963,10.90810621484595,6,8
SP500,0.7,4.0,1.5,True,361,0.23999354044660462,1.4205626602938977,0.46814404432132967,-11.994234748469097,86.63766810122426,186,0.36921922690099857,1.6935519502882939,0.5,-7.488413147558884,68.67477620358574,175,0.10264509655793452,1.1679006410819082,0.4342857142857143,-11.855352144436765,17.962891897638542,6,8
SP500,0.7,4.0,1.5,False,361,0.24815003440008834,1.4348560316461632,0.46814404432132967,-13.93445692367277,89.58216241843189,186,0.37997114087949335,1.713748652859031,0.5,-7.988377147558916,70.67463220358576,175,0.10804302979912084,1.1767302538165114,0.4342857142857143,-13.934456923672741,18.907530214846147,7,8
SP500,0.7,4.0,2.0,True,361,0.30716321911696187,1.4922280212881591,0.4182825484764543,-13.747482574137692,110.88592210122323,186,0.4512025709870163,1.7804691106295003,0.45698924731182794,-6.988449147558939,83.92367820358504,175,0.15406996512936103,1.2289909735165963,0.37714285714285717,-13.747482574137685,26.962243897638178,7,8
SP500,0.7,4.0,2.0,False,361,0.2903907601618597,1.4653502124562918,0.4182825484764543,-13.747482574137692,104.83106441843137,186,0.440450657008523,1.761870952551626,0.45698924731182794,-7.488413147558973,81.92382220358527,175,0.13089852694197754,1.1945517485589385,0.37714285714285717,-13.747482574137685,22.90724221484607,7,8
SP500,0.7,4.0,2.5,True,361,0.3311490489432831,1.4909827549355117,0.37119113573407203,-13.43449292367292,119.54480666852521,186,0.5009301731375513,1.8027172979188153,0.41397849462365593,-6.573116777464438,93.17301220358455,175,0.15069596837108942,1.2069859021581613,0.32571428571428573,-13.43449292367287,26.37179446494065,7,8
SP500,0.7,4.0,2.5,False,361,0.3125498294139322,1.4634063627540712,0.37119113573407203,-14.41460022963021,112.83048841842952,186,0.47942634518056243,1.7682584140300115,0.41397849462365593,-7.073080777464472,89.17330020358462,175,0.13518393265625667,1.1856796074944729,0.32571428571428573,-14.414600229630185,23.65718821484492,7,8
SP500,0.7,4.0,3.0,True,361,0.32283939797375893,1.4452974215265904,0.32409972299168976,-21.164114229629973,116.54502266852697,186,0.5184020333526088,1.7737863380614993,0.3709677419354839,-8.58843025690307,96.42277820358524,175,0.11498425408538128,1.146757324782484,0.2742857142857143,-21.16411422962995,20.122244464941723,7,8
SP500,0.7,4.0,3.0,False,361,0.3111648875856823,1.429194587095526,0.32409972299168976,-21.664078229630007,112.3305244184313,186,0.4968982053956198,1.7416889171051557,0.3709677419354839,-8.58843025690307,92.42306620358528,175,0.11375690408483435,1.1451908267946962,0.2742857142857143,-21.664078229629983,19.907458214846013,7,8
SP500,0.7,5.0,,False,361,0.4689308759558278,1.5937171539308737,0.2631578947368421,-23.533358328777013,169.28404622005382,186,0.6681774350216066,1.884659553813634,0.2903225806451613,-15.961502183281908,124.28100291401884,175,0.2571602474630571,1.3111357339615546,0.2342857142857143,-23.53335832877709,45.003043306034996,7,8
SP500,0.7,5.0,1.0,True,361,0.23601140984265973,1.4667444373722782,0.5290858725761773,-13.245966120794783,85.20011895320016,186,0.35174736668593876,1.7494970137773083,0.5591397849462365,-8.46204218328198,65.4250102035846,175,0.11300062142637464,1.2076140556357065,0.49714285714285716,-13.101673017417006,19.775108749615562,7,8
SP500,0.7,5.0,1.0,False,361,0.2273937954588324,1.4340295387395061,0.2631578947368421,-16.533862328777033,82.0891601606385,186,0.36077959440216073,1.7415888328650402,0.2903225806451613,-10.961862183282008,67.1050045588019,175,0.08562374629620921,1.151900562694379,0.2342857142857143,-16.533862328777012,14.984155601836612,6,8
SP500,0.7,5.0,1.5,True,361,0.28747806899682204,1.503774148456114,0.46814404432132967,-12.35172701741702,103.77958290785276,186,0.42475717289374687,1.7978760156452827,0.5,-8.962006183281815,79.00483415823692,175,0.14156999285494756,1.231571632307744,0.4342857142857143,-12.351727017417002,24.774748749615824,7,8
SP500,0.7,5.0,1.5,False,361,0.2834839395031559,1.496774869549321,0.46814404432132967,-14.803809022819848,102.33770216063928,186,0.4266350675204435,1.8014035065934462,0.5,-10.96186218328181,79.35412255880249,175,0.13133474058192465,1.2148294256568333,0.4342857142857143,-14.803809022819834,22.983579601836812,7,8
SP500,0.7,5.0,2.0,True,361,0.3389960036244246,1.5432399509561914,0.4182825484764543,-14.604265548001734,122.3775573084173,186,0.5032424546172134,1.8704852681289466,0.45698924731182794,-9.961934183281869,93.6030965588017,175,0.16442548999780351,1.2443821739943077,0.37714285714285717,-14.604265548001713,28.774460749615614,7,8
SP500,0.7,5.0,2.0,False,361,0.3257246652649272,1.521972676054851,0.4182825484764543,-15.623836764019686,117.58660416063873,186,0.48711458364947313,1.8425880310121354,0.45698924731182794,-11.4618261832819,90.603312558802,175,0.1541902377247813,1.2291697321649127,0.37714285714285717,-15.623836764019707,26.983291601836726,7,8
SP500,0.7,5.0,2.5,True,361,0.36852160076376544,1.5463936900124637,0.37119113573407203,-13.935121722160758,133.03629787571933,186,0.5610339922516194,1.899030871867969,0.41397849462365593,-9.211988183282017,104.3523225588012,175,0.16390843038238923,1.2251336562002926,0.32571428571428573,-13.935121722160755,28.683975316918115,7,8
SP500,0.7,5.0,2.5,False,361,0.3478837345169998,1.5157946698486973,0.37119113573407203,-15.53393432877715,125.58602816063691,186,0.5260902718215126,1.8430351855486629,0.41397849462365593,-10.711880183282076,97.85279055880133,175,0.15847564343906048,1.2176715434520011,0.32571428571428573,-15.533934328777207,27.733237601835583,7,8
SP500,0.7,5.0,3.0,True,361,0.3574420661377315,1.4930254219133636,0.32409972299168976,-21.164114229629774,129.03658587572107,186,0.5704419169828059,1.8514630221727428,0.3709677419354839,-10.18586987351452,106.1021965588019,175,0.1310536532395382,1.167267107182558,0.2742857142857143,-21.164114229629863,22.934389316919184,7,8
SP500,0.7,5.0,3.0,False,361,0.34649879268874983,1.4779311940078588,0.32409972299168976,-22.16404222962983,125.08606416063868,186,0.54356213203657,1.811341245977314,0.3709677419354839,-9.961934183281883,101.10255655880202,175,0.13704861486763809,1.174918629016672,0.2742857142857143,-22.164042229629924,23.983507601836664,7,8
SP500,0.7,6.0,,False,361,0.4253328867297573,1.513502540622762,0.22714681440443213,-30.351942016894213,153.54517210944238,186,0.6772673199598256,1.8579367236362967,0.25806451612903225,-15.961502183281937,125.97172151252757,175,0.1575625748395131,1.1811844844219301,0.19428571428571428,-30.351942016894256,27.573450596914796,7,8
SP500,0.7,6.0,1.0,True,361,0.22230140412478577,1.4396310494668976,0.5290858725761773,-16.3501308407899,80.25080688904767,186,0.3547059254808189,1.7558010580768841,0.5591397849462365,-8.462042183281994,65.97530213943232,175,0.08157431285494487,1.1498750512495692,0.49714285714285716,-16.350130840789898,14.275504749615353,7,8
SP500,0.7,6.0,1.0,False,361,0.20559480084579715,1.3905823126662156,0.22714681440443213,-19.136574357254545,74.21972310533278,186,0.3653245368712703,1.7480632721482086,0.25806451612903225,-10.961862183281994,67.95036385805628,175,0.03582490998443715,1.0632066994183993,0.19428571428571428,-19.13657435725454,6.269359247276501,6,8
SP500,0.7,6.0,1.5,True,361,0.2779228887637123,1.487029731039936,0.46814404432132967,-15.350202840789919,100.33016284370014,186,0.433091688677874,1.8135318083441279,0.5,-8.962006183281815,80.55505409408457,175,0.11300062142637476,1.1848395823704423,0.4342857142857143,-15.350202840789887,19.775108749615583,7,8
SP500,0.7,6.0,1.5,False,361,0.2616849448901206,1.4585744948678607,0.46814404432132967,-17.156539051297244,94.46826510533354,186,0.4311800099895529,1.809940856448859,0.5,-10.96186218328181,80.19948185805684,175,0.08153590427015261,1.1333715009993186,0.4342857142857143,-17.1565390512972,14.268783247276707,7,8
SP500,0.7,6.0,2.0,True,361,0.3316119268272161,1.5314069928260523,0.4182825484764543,-14.493026136247067,119.711905584625,186,0.5169529273905876,1.8942010028782803,0.45698924731182794,-9.961934183281869,96.1532444946493,175,0.13462092051414692,1.200084264433705,0.37714285714285717,-14.493026136247062,23.55866108997571,7,8
SP500,0.7,6.0,2.0,False,361,0.30392567065189197,1.4870398608066824,0.4182825484764543,-16.13679035725451,109.71716710533299,186,0.49165952611858266,1.8504496599894895,0.45698924731182794,-11.461826183281914,91.44867185805637,175,0.10439140141300929,1.1551547611259327,0.37714285714285717,-16.136790357254494,18.268495247276626,7,8
SP500,0.7,6.0,2.5,True,361,0.35503017594275316,1.5263904408780822,0.37119113573407203,-16.77816204588794,128.1658935153339,186,0.5763308486992241,1.923543372676942,0.41397849462365593,-9.211988183282017,107.19753785805568,175,0.11981917518444675,1.1645756043740148,0.32571428571428573,-16.778162045887925,20.96835565727818,7,8
SP500,0.7,6.0,2.5,False,361,0.32608473990396447,1.4834740865219862,0.37119113573407203,-18.63661035725478,117.71659110533118,186,0.530635214290622,1.8503182444132327,0.41397849462365593,-10.711880183282062,98.6981498580557,175,0.10867680712728847,1.14927119291949,0.32571428571428573,-18.63661035725471,19.018441247275483,7,8
SP500,0.7,6.0,3.0,True,361,0.34672052497322875,1.4782370328093415,0.32409972299168976,-23.007891351844975,125.16610951533558,186,0.5884267519250341,1.8783078620368674,0.3709677419354839,-10.18586987351452,109.44737585805635,175,0.08982133518445276,1.1146412520993778,0.2742857142857143,-23.00789135184501,15.718733657279234,7,8
SP500,0.7,6.0,3.0,False,361,0.32469979807571453,1.4478635004302438,0.32409972299168976,-25.13614235725447,117.21662710533295,186,0.5481070745056794,1.8181251977437234,0.3709677419354839,-9.961934183281869,101.94791585805638,175,0.0872497785558661,1.1113591090412698,0.2742857142857143,-25.13614235725448,15.268711247276567,7,8
SP500,0.8,,,False,361,0.31750299006521726,1.3754132431600168,0.20221606648199447,-36.722115244269816,114.61857941354343,186,0.5908777832255585,1.7377440729573332,0.24193548387096775,-17.97596629884761,109.90326767995388,175,0.0269446384776545,1.0301604262836448,0.16,-36.7221152442698,4.715311733589537,7,8
SP500,0.8,,1.0,True,361,0.16632967859731243,1.3280342671762055,0.5235457063711911,-19.77921307014207,60.045013973629786,186,0.33307485957742794,1.7149538249634442,0.5591397849462365,-12.872283430895799,61.9519238814016,175,-0.010896628044410375,0.9802174020264324,0.4857142857142857,-18.65810182627918,-1.9069099077718157,6,8
SP500,0.8,,1.0,False,361,0.15045875988215276,1.285515951343434,0.20498614958448755,-23.99007348232452,54.31561231745715,186,0.3260192981242375,1.673950494048621,0.24193548387096775,-12.248245706159523,60.63958945110818,175,-0.036137012192291554,0.936924460742927,0.1657142857142857,-23.990073482324465,-6.323977133651022,6,8
SP500,0.8,,1.5,True,361,0.23509908104107144,1.408920480174621,0.4598337950138504,-18.779285070141967,84.87076825582679,186,0.40981916891016845,1.7669906212243047,0.4946236559139785,-11.37239143089569,76.22636541729133,175,0.04939658764877402,1.0799189321397078,0.4228571428571429,-15.842034505491037,8.644402838535454,7,8
SP500,0.8,,1.5,False,361,0.2017016075275809,1.3508304576816366,0.4598337950138504,-21.99021748232441,72.8142803174567,186,0.38515482500595943,1.720830456233765,0.4946236559139785,-10.998335706159523,71.63879745110846,175,0.006717044950561401,1.0108675332676873,0.4228571428571429,-21.9902174823244,1.1754828663482453,7,8
SP500,0.8,,2.0,True,361,0.2495350915758183,1.3901148952170292,0.3988919667590028,-21.09165650549093,90.08216805887041,186,0.44146461482558463,1.746794576227632,0.44086021505376344,-10.372463430895806,82.11241835755874,175,0.04554142686463817,1.0658881686068944,0.35428571428571426,-21.09165650549093,7.96974970131168,7,8
SP500,0.8,,2.0,False,361,0.2252456186079144,1.3521415378751356,0.3988919667590028,-24.99000148232423,81.3136683174571,186,0.42816248091993697,1.7242922937810168,0.44086021505376344,-11.345853550629727,79.63822145110828,175,0.009573982093421824,1.013851391795117,0.35428571428571426,-24.990001482324246,1.6754468663488193,7,8
SP500,0.8,,2.5,True,361,0.27817704920758884,1.4051700122654052,0.3545706371191136,-25.149165239438418,100.42191476393957,186,0.5020044140978553,1.7886766157768412,0.3978494623655914,-10.352892760634404,93.3728210222011,175,0.04028053566707697,1.0544501722680504,0.30857142857142855,-25.149165239438396,7.04909374173847,7,8
SP500,0.8,,2.5,False,361,0.24740468785999442,1.360349499357685,0.3545706371191136,-28.018256866017012,89.31309231745799,186,0.463106201350044,1.7275653786478955,0.3978494623655914,-10.595907550629775,86.13775345110818,175,0.018144793521998954,1.0245276562657177,0.30857142857142855,-28.018256866016994,3.1753388663498168,7,8
SP500,0.8,,3.0,True,361,0.28892019744216435,1.4018994662007414,0.32409972299168976,-27.89896723943852,104.30019127662133,186,0.5174794061015231,1.7716934042513273,0.3655913978494624,-10.102910760634401,96.2511695348833,175,0.04599440995278873,1.059714875875508,0.28,-27.898967239438463,8.049021741738027,7,8
SP500,0.8,,3.0,False,361,0.2733821962053731,1.3802854895449805,0.32409972299168976,-29.518148866017043,98.69097283013969,186,0.49470906432145345,1.7377370335106899,0.3655913978494624,-10.460970926824537,92.01588596379034,175,0.038143353521996326,1.0495217923956328,0.28,-29.518148866017057,6.675086866349357,7,8
SP500,0.8,2.0,,False,361,0.13298824715061153,1.2079094197719034,0.3988919667590028,-21.21265125929674,48.00875722137076,186,0.2654471786143154,1.4490382843988918,0.44086021505376344,-8.499767325498564,49.37317522226266,175,-0.00779667429081089,0.9887199715596776,0.35428571428571426,-21.21265125929675,-1.3644180008919058,5,8
SP500,0.8,2.0,1.0,True,361,0.04296702831404731,1.0847392826379545,0.5235457063711911,-22.969179556361574,15.51109722137108,186,0.14180016786162655,1.3043777381509667,0.5591397849462365,-8.387462007319968,26.37483122226254,175,-0.06207848000509411,0.8872978312423087,0.4857142857142857,-17.49520684974997,-10.86373400089147,4,8
SP500,0.8,2.0,1.0,False,361,0.05404656294008543,1.1049196810985864,0.3961218836565097,-23.969107556361738,19.51080922137084,186,0.15524006033474505,1.3281244475379637,0.43548387096774194,-9.387390007320061,28.87465122226258,175,-0.053507668576524225,0.9044119602709272,0.35428571428571426,-18.870711323903798,-9.36384200089174,4,8
SP500,0.8,2.0,1.5,True,361,0.10667435241376876,1.1855444403193327,0.4598337950138504,-19.33718278514329,38.50944122137052,186,0.21706356571109106,1.4062419031121642,0.4946236559139785,-7.370983202445647,40.373823222262935,175,-0.010653611433670896,0.9827634804398987,0.4228571428571429,-19.3371827851433,-1.864382000892407,5,8
SP500,0.8,2.0,1.5,False,361,0.10528941058551357,1.1831355364864629,0.4598337950138504,-20.219377556362286,38.009477221370396,186,0.21437558721646702,1.401211259228639,0.4946236559139785,-7.370983202445647,39.873859222262865,175,-0.010653611433671278,0.982763480439898,0.4228571428571429,-19.870639323904207,-1.8643820008924736,6,8
SP500,0.8,2.0,2.0,True,361,0.10251952692900504,1.1602756319884426,0.3988919667590028,-21.212651259296738,37.00954922137082,186,0.2331914366788319,1.394473519023225,0.44086021505376344,-8.499767325498564,43.373607222262734,175,-0.03636604571938245,0.9473865375574079,0.35428571428571426,-21.21265125929675,-6.364058000891929,4,8
SP500,0.8,2.0,2.0,False,361,0.09559481778773106,1.1494497711285656,0.3988919667590028,-21.212651259296738,34.50972922137091,186,0.2251275011949608,1.3808323276793077,0.44086021505376344,-8.499767325498564,41.87371522226271,175,-0.04207992000509603,0.9391198507569551,0.35428571428571426,-21.21265125929675,-7.3639860008918046,5,8
SP500,0.8,2.0,2.5,True,361,0.16622685102872958,1.259873551899318,0.3988919667590028,-18.462849259296455,60.007893221371376,186,0.3044228667863596,1.5149707092278255,0.44086021505376344,-8.249785325498497,56.62265322226288,175,0.019344228566334172,1.0279867338618367,0.35428571428571426,-18.46284925929645,3.38523999910848,6,8
SP500,0.8,2.0,2.5,False,361,0.1648419092004749,1.257708379727343,0.3988919667590028,-18.462849259296455,59.50792922137144,186,0.3044228667863596,1.5149707092278255,0.44086021505376344,-8.249785325498497,56.62265322226288,175,0.0164872914234774,1.0238533904616103,0.35428571428571426,-18.46284925929645,2.8852759991085453,6,8
SP500,0.8,2.0,3.0,True,361,0.15514731640268942,1.2425521745235122,0.3988919667590028,-19.712759259296774,56.00818122137088,186,0.28963898506592856,1.4899618584306429,0.44086021505376344,-8.499767325498564,53.87285122226271,175,0.012201885709189527,1.0176533753612667,0.35428571428571426,-19.71275925929678,2.1353299991081673,6,8
SP500,0.8,2.0,3.0,False,361,0.15514731640268942,1.2425521745235122,0.3988919667590028,-19.712759259296774,56.00818122137088,186,0.28963898506592856,1.4899618584306429,0.44086021505376344,-8.499767325498564,53.87285122226271,175,0.012201885709189527,1.0176533753612667,0.35428571428571426,-19.71275925929678,2.1353299991081673,6,8
SP500,0.8,3.0,,False,361,0.22926140234552897,1.3189117134725274,0.32409972299168976,-25.78519659449063,82.76336624673596,186,0.3985403454173483,1.5943250151799775,0.3655913978494624,-9.16577592981764,74.12850424762678,175,0.04934206856633815,1.0640611653221357,0.28,-25.785196594490614,8.634861999109177,6,8
SP500,0.8,3.0,1.0,True,361,0.0938734895680152,1.1851366612224943,0.5235457063711911,-16.407538277118586,33.888329734053485,186,0.19759483728464786,1.4241424432000636,0.5591397849462365,-6.991216269401079,36.7526397349445,175,-0.016367485719377284,0.9702851755143974,0.4857142857142857,-15.949021812476275,-2.8643100008910247,6,8
SP500,0.8,3.0,1.0,False,361,0.10633796602230863,1.2047105946308274,0.32409972299168976,-18.785700594490784,38.388005734053415,186,0.22985057922013236,1.4818246419968206,0.3655913978494624,-7.870947202445576,42.75220773494462,175,-0.024938297147949717,0.9558250042387795,0.28,-18.78570059449077,-4.364202000891201,6,8
SP500,0.8,3.0,1.5,True,361,0.16727540646552042,1.2909511140170542,0.4598337950138504,-15.77825118480726,60.38642173405287,186,0.2889861061018543,1.5408474026085377,0.4946236559139785,-7.870947202445562,53.751415734944906,175,0.037914319994902655,1.0613417264435472,0.4228571428571429,-14.745404849750283,6.635005999107965,6,8
SP500,0.8,3.0,1.5,False,361,0.15758081366773674,1.2740887871869697,0.4598337950138504,-17.035826594490814,56.88667373405296,186,0.2889861061018543,1.5408474026085373,0.4946236559139785,-8.370911202445594,53.7514157349449,175,0.017915759994903243,1.0289859780891057,0.4228571428571429,-17.035826594490775,3.1352579991080676,6,8
SP500,0.8,3.0,2.0,True,361,0.19358930120236345,1.3026510999987007,0.3988919667590028,-18.33918742561636,69.88573773405321,186,0.3293057835212079,1.5570633858190175,0.44086021505376344,-8.165847929817586,61.250875734944664,175,0.04934206856633458,1.0713868395642205,0.35428571428571426,-18.33918742561634,8.634861999108551,6,8
SP500,0.8,3.0,2.0,False,361,0.1811248247480703,1.2831645504509217,0.3988919667590028,-19.83907942561629,65.38606173405337,186,0.3319937620158319,1.5616104496003236,0.44086021505376344,-8.665811929817618,61.75083973494473,175,0.02077269713776365,1.0300534055619517,0.35428571428571426,-19.839079425616283,3.635221999108639,6,8
SP500,0.8,3.0,2.5,True,361,0.21020860314142442,1.3061727146639859,0.3545706371191136,-22.588881425616293,75.88530573405421,186,0.36693748244593866,1.5764790183711916,0.3978494623655914,-9.185342774892021,68.2503717349446,175,0.04362819428062639,1.058975449431913,0.30857142857142855,-22.588881425616275,7.634933999109619,7,8
SP500,0.8,3.0,2.5,False,361,0.20328389400015026,1.2960867478464622,0.3545706371191136,-23.588809425616247,73.38548573405424,186,0.3669374824459388,1.5764790183711919,0.3978494623655914,-9.185342774892021,68.25037173494462,175,0.02934350856634078,1.0396657857182414,0.30857142857142855,-23.58880942561624,5.135113999109636,7,8
SP500,0.8,3.0,3.0,True,361,0.22095175137599993,1.3073526590397313,0.32409972299168976,-25.78519659449063,79.76358224673598,186,0.39047640993347743,1.5822996364850224,0.3655913978494624,-9.16577592981764,72.6286122476268,175,0.040771257137766664,1.0529336187108223,0.28,-25.7851965944906,7.134969999109167,6,8
SP500,0.8,3.0,3.0,False,361,0.21818186771949025,1.3034996408954658,0.32409972299168976,-25.78519659449063,78.76365424673598,186,0.387788431438854,1.5782911769200374,0.3655913978494624,-9.16577592981764,72.12864824762684,175,0.03791431999490937,1.0492244365070507,0.28,-25.7851965944906,6.63500599910914,6,8
SP500,0.8,4.0,,False,361,0.3784057636325846,1.503804525251454,0.29362880886426596,-20.785556594490743,136.60448067136304,186,0.5705709690732683,1.8035593691094125,0.3279569892473118,-11.618539234482533,106.1262002476279,175,0.17416160242134351,1.2191489229361527,0.2571428571428571,-20.785556594490785,30.478280423735114,7,8
SP500,0.8,4.0,1.0,True,361,0.174793984367348,1.3447275137684211,0.5235457063711911,-14.120193333586151,63.100628356612624,186,0.28092217061798297,1.6030067254405629,0.5591397849462365,-8.103054760634272,52.25152373494483,175,0.06199488355238736,1.1125504011641592,0.4857142857142857,-13.73005549973166,10.849104621667788,6,8
SP500,0.8,4.0,1.0,False,361,0.1809101466658364,1.3471057493624834,0.29362880886426596,-16.28588059449092,65.30856294636695,186,0.3158658910480923,1.6595814504724216,0.3279569892473118,-7.370983202445598,58.75105573494517,175,0.03747146977955299,1.0661849419091298,0.2571428571428571,-16.285880594490827,6.557507211421774,7,8
SP500,0.8,4.0,1.5,True,361,0.2495808430931082,1.434109388042189,0.4598337950138504,-13.491130836379945,90.09868435661207,186,0.37231343943518974,1.6967973629977957,0.4946236559139785,-7.370983202445585,69.25029973494529,175,0.11913362640952446,1.1927467595996253,0.4228571428571429,-11.536222594490859,20.84838462166678,6,8
SP500,0.8,4.0,1.5,False,361,0.23215299431126454,1.4037961930236291,0.4598337950138504,-14.5360065944909,83.8072309463665,186,0.37500141792981434,1.7018280068813219,0.4946236559139785,-7.870947202445615,69.75026373494546,175,0.0803255269224059,1.1299589838238018,0.4228571428571429,-14.536006594490852,14.056967211421032,6,8
SP500,0.8,4.0,2.0,True,361,0.2676406276479977,1.4184204904863833,0.3988919667590028,-15.785916594490757,96.61826658092716,186,0.4099451383599198,1.6934752992581905,0.44086021505376344,-8.603018760634406,76.24979573494508,175,0.11639126197704053,1.168391893304228,0.35428571428571426,-15.78591659449074,20.368470845982092,7,8
SP500,0.8,4.0,2.0,False,361,0.255697005391598,1.3997482271359942,0.3988919667590028,-16.78584459449071,92.30661894636688,186,0.41800907384379177,1.7071164906021095,0.44086021505376344,-7.665883929817607,77.74968773494527,175,0.08318246406526635,1.1203462560310085,0.35428571428571426,-16.785844594490676,14.55693121142161,7,8
SP500,0.8,4.0,2.5,True,361,0.289799696900078,1.4220986133902525,0.3545706371191136,-20.035610594490677,104.61769058092815,186,0.4556407727685216,1.715836778692097,0.3978494623655914,-10.352892760634404,84.74918373494502,175,0.11353432483418942,1.1534727243116374,0.30857142857142855,-20.035610594490656,19.86850684598315,7,8
SP500,0.8,4.0,2.5,False,361,0.2778560746436781,1.4047025068821715,0.3545706371191136,-21.03553859449063,100.3060429463678,186,0.4529527942738988,1.7116138162581314,0.3978494623655914,-8.353036760634438,84.24921973494517,175,0.09175327549384348,1.1240296727454169,0.30857142857142855,-21.03553859449061,16.056823211422607,7,8
SP500,0.8,4.0,3.0,True,361,0.3116223797606924,1.4334791031945686,0.32409972299168976,-23.285376594490742,112.49567909360997,186,0.4926195927291788,1.7346210999544616,0.3655913978494624,-10.102910760634401,91.62724424762726,175,0.11924819911990119,1.1548208014002577,0.28,-23.2853765944907,20.86843484598271,7,8
SP500,0.8,4.0,3.0,False,361,0.30383358298905677,1.422644577631526,0.32409972299168976,-23.285376594490714,109.6839234590495,186,0.4845556572453083,1.7225957212595067,0.3655913978494624,-9.048846673961428,90.12735224762734,175,0.11175183549384085,1.145088218160091,0.28,-23.285376594490707,19.55657121142215,7,8
SP500,0.8,5.0,,False,361,0.32884084189760693,1.4089716549764488,0.24376731301939059,-27.785052594490736,118.71154392503611,186,0.5538042278310279,1.727619803648661,0.27956989247311825,-15.845529550629706,103.0075863765712,175,0.08973690027694234,1.1056079535946566,0.2057142857142857,-27.78505259449073,15.70395754846491,7,8
SP500,0.8,5.0,1.0,True,361,0.17668573070324853,1.3484584030974551,0.5235457063711911,-16.729839499731604,63.78354878387272,186,0.2980336782914263,1.6397370204785637,0.5591397849462365,-8.346069550629714,55.434264162205295,175,0.047710197838099544,1.086616856079129,0.4857142857142857,-16.729839499731586,8.34928462166742,7,8
SP500,0.8,5.0,1.0,False,361,0.15612768579834763,1.2977778226732644,0.24376731301939059,-19.78562859449088,56.36209457320349,186,0.3074825204269722,1.6385030448285416,0.27956989247311825,-10.845889550629707,57.19174879941683,175,-0.0047408812926476255,0.9916788310188974,0.2057142857142857,-19.78562859449082,-0.8296542262133345,7,8
SP500,0.8,5.0,1.5,True,361,0.24087539734970556,1.4189675379006972,0.4598337950138504,-14.635048088761494,86.9560184432437,186,0.3849851495783724,1.7205129028553872,0.4946236559139785,-8.846033550629642,71.60723782157726,175,0.08770731783809398,1.1419020121854992,0.4228571428571429,-14.53600659449079,15.348780621666446,6,8
SP500,0.8,5.0,1.5,False,361,0.2073705334437757,1.3606907255204541,0.4598337950138504,-18.035754594490882,74.86076257320303,186,0.36661804730869396,1.6861382414227033,0.4946236559139785,-10.845889550629657,68.19095679941708,175,0.03811317585020536,1.061663456108732,0.4228571428571429,-18.035754594490832,6.669805773785937,7,8
SP500,0.8,5.0,2.0,True,361,0.2550115668847604,1.3986766352825837,0.3988919667590028,-18.78570059449069,92.0591756453985,186,0.4230655956957891,1.7156702522555545,0.44086021505376344,-9.845961550629738,78.69020079941677,175,0.0763941419770385,1.1105250857010485,0.35428571428571426,-18.78570059449066,13.368974845981738,7,8
SP500,0.8,5.0,2.0,False,361,0.23091454452410926,1.3610041488442925,0.3988919667590028,-20.285592594490666,83.36015057320344,186,0.40962570322267167,1.6929349333490278,0.44086021505376344,-11.345853550629727,76.19038079941693,175,0.040970112993065785,1.0592745089158961,0.35428571428571426,-20.285592594490645,7.169769773786513,7,8
SP500,0.8,5.0,2.5,True,361,0.28271040344986015,1.4117729264855994,0.3545706371191136,-22.535430594490606,102.0584556453995,186,0.4768251655882619,1.7491186279491102,0.3978494623655914,-10.352892760634404,88.68948079941671,175,0.07639414197704449,1.1032675986560885,0.30857142857142855,-22.535430594490585,13.368974845982784,7,8
SP500,0.8,5.0,2.5,False,361,0.25307361377618925,1.368606394703793,0.3545706371191136,-24.5352865944906,91.35957457320433,186,0.4445694236527786,1.6984430787415103,0.3978494623655914,-10.595907550629775,82.68991279941682,175,0.049540924421642894,1.0669681230501038,0.30857142857142855,-24.53528659449059,8.669661773787507,7,8
SP500,0.8,5.0,3.0,True,361,0.29345355168443565,1.4082055419482926,0.32409972299168976,-25.785196594490657,105.93673215808127,186,0.4923001575919297,1.734144740923368,0.3655913978494624,-10.102910760634401,91.56782931209892,175,0.08210801626275625,1.106601432751229,0.28,-25.785196594490635,14.368902845982344,7,8
SP500,0.8,5.0,3.0,False,361,0.27905112212156796,1.3881711905787633,0.32409972299168976,-26.785124594490682,100.73745508588604,186,0.47617228662418803,1.7100939835334577,0.3655913978494624,-10.656685992038646,88.56804531209897,175,0.06953948442164026,1.090283616747067,0.28,-26.785124594490668,12.169409773787045,7,8
SP500,0.8,6.0,,False,361,0.3699466521741033,1.4501160858961735,0.22714681440443213,-33.15342825128161,133.5507414348513,186,0.6363659818867192,1.817770708489571,0.26344086021505375,-17.97596629884761,118.36407263092977,175,0.08678096459383725,1.099936648805665,0.18857142857142858,-33.153428251281646,15.186668803921519,7,8
SP500,0.8,6.0,1.0,True,361,0.19592229786264875,1.3863966307447109,0.5235457063711911,-17.44891381247625,70.7279495284162,186,0.3434331016491861,1.737188060229643,0.5591397849462365,-9.39331293712938,63.878556906748614,175,0.03913938640952904,1.071056729028115,0.4857142857142857,-17.448913812476267,6.849392621667582,7,8
SP500,0.8,6.0,1.0,False,361,0.1766805909365958,1.3362052352555003,0.22714681440443213,-21.303088451262646,63.78169332811108,186,0.3487633974548178,1.7228346588445298,0.26344086021505375,-10.976470298847566,64.86999192659611,175,-0.006218849134200179,0.989113389033703,0.18857142857142858,-21.3030884512626,-1.0882985984850313,7,8
SP500,0.8,6.0,1.5,True,361,0.2630744358652141,1.45757951991687,0.4598337950138504,-16.806854684639077,94.9698713473423,186,0.4384485084200031,1.8205714113915479,0.4946236559139785,-8.846033550629642,81.55142256612058,175,0.0766768501784098,1.1240557754650276,0.4228571428571429,-14.632846491688133,13.418448781221716,7,8
SP500,0.8,6.0,1.5,False,361,0.2279234385820239,1.3964394991902565,0.4598337950138504,-20.553142451262516,82.28036132811063,186,0.40789892433653974,1.763396817688109,0.4946236559139785,-10.84588955062965,75.8691999265964,175,0.03663520800865278,1.059272246163754,0.4228571428571429,-20.553142451262495,6.411161401514237,7,8
SP500,0.8,6.0,2.0,True,361,0.27528000695824095,1.4303636430118198,0.3988919667590028,-19.88246849168803,99.37608251192499,186,0.4700939543354194,1.7952248121942698,0.44086021505376344,-9.845961550629738,87.43747550638801,175,0.06822061146021137,1.0986998313363356,0.35428571428571426,-19.882468491688016,11.93860700553699,7,8
SP500,0.8,6.0,2.0,False,361,0.2514674496623574,1.3931358798316238,0.3988919667590028,-23.30294445126229,90.77974932811102,186,0.4509065802505173,1.7627668837047652,0.44086021505376344,-11.345853550629727,83.86862392659621,175,0.039492145151513176,1.057136222941036,0.35428571428571426,-23.302944451262306,6.911125401514806,7,8
SP500,0.8,6.0,2.5,True,361,0.29980579766777654,1.436672684048943,0.3545706371191136,-23.939977225635516,108.22989295806734,186,0.522644848989804,1.821103877134689,0.3978494623655914,-10.352892760634404,97.21194191210355,175,0.06295972026265018,1.0851072995300692,0.30857142857142855,-23.93997722563548,11.01795104596378,7,8
SP500,0.8,6.0,2.5,False,361,0.2736265189144374,1.3985420808097286,0.3545706371191136,-26.80269245126226,98.7791733281119,186,0.4858503006806242,1.7632976128378481,0.3978494623655914,-10.595907550629775,90.3681559265961,175,0.048062956580090334,1.0649702448628744,0.30857142857142855,-26.802692451262278,8.411017401515808,7,8
SP500,0.8,6.0,3.0,True,361,0.3105489459023521,1.4319859140769917,0.32409972299168976,-26.68977922563562,112.1081694707491,186,0.5381198409934719,1.8024735421257816,0.3655913978494624,-10.102910760634401,100.09029042478578,175,0.06867359454836193,1.0891594256473711,0.28,-26.68977922563557,12.017879045963337,7,8
SP500,0.8,6.0,3.0,False,361,0.2996040272598161,1.416761097677902,0.32409972299168976,-28.30258445126239,108.15705384079361,186,0.5174531636520338,1.7716542700849358,0.3655913978494624,-10.46097092682454,96.24628843927827,175,0.06806151658008766,1.0883647603839373,0.28,-28.302584451262362,11.910765401515341,7,8
SP500,1.0,,,False,361,0.26244907490375535,1.3314679210094982,0.2409972299168975,-39.36796840944466,94.74411604025569,186,0.48127882142939105,1.6446255759653017,0.27956989247311825,-18.554157130449596,89.51786078586673,175,0.029864315739365405,1.0355614809884304,0.2,-39.36796840944463,5.226255254388946,7,8
SP500,1.0,,1.0,True,361,0.16009158285090158,1.3343926515943676,0.5429362880886427,-16.712593069723297,57.79306140917547,186,0.27491908280295646,1.6011878930115333,0.5591397849462365,-10.803185523617323,51.1349494013499,175,0.03804635433043184,1.0758556752200614,0.5257142857142857,-14.920126867614051,6.658112007825571,6,8
SP500,1.0,,1.0,False,361,0.14942059952943426,1.3025403935203375,0.24653739612188366,-22.902919057151188,53.94083643012577,186,0.2786068617441206,1.5929610303934203,0.2849462365591398,-11.982098506463544,51.820876284406424,175,0.012114057975539109,1.0233219928524382,0.2057142857142857,-22.902919057151163,2.119960145719344,7,8
SP500,1.0,,1.5,True,361,0.21329910501046168,1.382677998541285,0.46814404432132967,-13.3893817362854,77.00097690877666,186,0.3308324367196821,1.63028773253649,0.4946236559139785,-9.053311523617495,61.53483322986087,175,0.08837796387951873,1.1493067627562565,0.44,-13.389381736285351,15.466143678915778,7,8
SP500,1.0,,1.5,False,361,0.19052924849915537,1.3418268045506136,0.46814404432132967,-20.403099057151422,68.78105870819509,186,0.3355451858197653,1.6392662594722316,0.4946236559139785,-10.681501950548451,62.41140456247634,175,0.036398023689821445,1.0614912456600756,0.44,-20.403099057151394,6.369654145718752,7,8
SP500,1.0,,2.0,True,361,0.2194603337244462,1.3498678548990852,0.40166204986149584,-23.668000424366014,79.22518047452508,186,0.37273351292479956,1.6351795862986713,0.43548387096774194,-8.485542577589086,69.32843340401271,175,0.05655284040292776,1.0843745634827429,0.3657142857142857,-23.668000424365996,9.896747070512358,7,8
SP500,1.0,,2.0,False,361,0.2071485504382143,1.3302401748749366,0.40166204986149584,-27.402595057151245,74.78062670819537,186,0.3691449170025591,1.629064217558695,0.43548387096774194,-9.68157395054834,68.660954562476,175,0.03496955511839639,1.052173169858108,0.3657142857142857,-27.40259505715122,6.119672145719369,7,8
SP500,1.0,,2.5,True,361,0.2621618494728262,1.3968579523387872,0.3684210526315789,-26.998707252085964,94.64042765969027,186,0.4354140520584654,1.7051812079028177,0.4032258064516129,-9.634098254681374,80.98701368287456,175,0.07801950843894696,1.1104389278812707,0.3314285714285714,-26.99870725208598,13.653413976815719,7,8
SP500,1.0,,2.5,False,361,0.24154420673898164,1.3656471736009208,0.3684210526315789,-29.501704688232493,87.19745863277237,186,0.4170395648741415,1.6754225379518155,0.4032258064516129,-10.431519950548449,77.56935906659032,175,0.055017711806754556,1.0778792026249877,0.3314285714285714,-29.501704688232493,9.628099566182048,7,8
SP500,1.0,,3.0,True,361,0.30579511921788904,1.4491450879272114,0.3490304709141274,-25.24686329445761,110.39203803765794,186,0.4849182632085958,1.7513173643239452,0.3763440860215054,-10.68150195054848,90.19479695679883,175,0.1154128061763378,1.1606350474301952,0.32,-25.24686329445755,20.197241080859115,7,8
SP500,1.0,,3.0,False,361,0.2830723751843935,1.4157704255291506,0.3490304709141274,-28.251794688232607,102.18912744156604,186,0.4600472207881208,1.7127829401599661,0.3763440860215054,-11.681429950548505,85.56878306659047,175,0.09497339642843189,1.1321868564271658,0.32,-28.2517946882326,16.62034437497558,7,8
SP500,1.0,2.0,,False,361,0.15184802597267325,1.2420790227377747,0.40166204986149584,-18.24780875196793,54.817137376135044,186,0.25701101257572717,1.4379755052371395,0.43548387096774194,-8.212951915529143,47.804048339085256,175,0.04007479449742734,1.0597899816930505,0.3657142857142857,-18.247808751967916,7.0130890370497845,7,8
SP500,1.0,2.0,1.0,True,361,0.08348014631577715,1.174369863704932,0.5429362880886427,-12.474421345016072,30.136332819995552,186,0.1565742568975578,1.3423936477758283,0.5591397849462365,-7.703712771316714,29.12281178294575,175,0.005791548783141745,1.0115470155090196,0.5257142857142857,-10.036219231649897,1.0135210370498053,5,8
SP500,1.0,2.0,1.0,False,361,0.08996524957912878,1.1850343760060658,0.3988919667590028,-12.748204751968018,32.47745509806549,186,0.16647295731728864,1.3594216772504015,0.43548387096774194,-7.703712771316712,30.96397006101569,175,0.008648485925998897,1.0169347096177832,0.36,-12.748204751968014,1.513485037049807,5,8
SP500,1.0,2.0,1.5,True,361,0.12968895672059444,1.232673786363568,0.46814404432132967,-13.50025020547439,46.81771337613459,186,0.2099713889198142,1.400028461332352,0.4946236559139785,-7.203748771316829,39.05467833908544,175,0.04436020021170944,1.0749426395233423,0.44,-12.961607976089072,7.763035037049152,6,8
SP500,1.0,2.0,1.5,False,361,0.12691907306408517,1.2277043631031508,0.46814404432132967,-12.461643976089022,45.81778537613475,186,0.2153473459090621,1.4102705034203762,0.4946236559139785,-7.442080623429861,40.05460633908555,175,0.03293245164028122,1.0556364678274384,0.44,-12.461643976089016,5.763179037049213,6,8
SP500,1.0,2.0,2.0,True,361,0.11935357081784849,1.1902757418067993,0.40166204986149584,-21.24759275196798,43.086639065243304,186,0.22965124180994342,1.39135139639361,0.43548387096774194,-8.212951915529143,42.715130976649476,175,0.0021229033633932966,1.003167286440896,0.3657142857142857,-21.24759275196797,0.3715080885938269,7,8
SP500,1.0,2.0,2.0,False,361,0.12489333813086806,1.1991073446461527,0.40166204986149584,-21.247592751967936,45.08649506524337,186,0.24040315578843793,1.4096738601269874,0.43548387096774194,-8.212951915529143,44.714986976649456,175,0.0021229033633938053,1.003167286440897,0.3657142857142857,-21.247592751967918,0.37150808859391593,6,8
SP500,1.0,2.0,2.5,True,361,0.17469956613887724,1.2785093844501039,0.40166204986149584,-17.997826751967914,63.06654337613469,186,0.2771708512854035,1.4723301247372207,0.43548387096774194,-8.21295191552914,51.55377833908504,175,0.06578722878314085,1.0981518995645263,0.3657142857142857,-17.997826751967906,11.512765037049649,7,8
SP500,1.0,2.0,2.5,False,361,0.17469956613887724,1.2785093844501039,0.40166204986149584,-17.997826751967914,63.06654337613469,186,0.2771708512854035,1.4723301247372207,0.43548387096774194,-8.21295191552914,51.55377833908504,175,0.06578722878314085,1.0981518995645263,0.3657142857142857,-17.997826751967906,11.512765037049649,7,8
SP500,1.0,2.0,3.0,True,361,0.17262215339649625,1.2751975333853487,0.40166204986149584,-18.247808751967916,62.31659737613515,186,0.27582686203809303,1.470039816770551,0.43548387096774194,-8.212951915529143,51.3037963390853,175,0.06293029164028481,1.093889464245475,0.3657142857142857,-18.247808751967916,11.012801037049842,7,8
SP500,1.0,2.0,3.0,False,361,0.17262215339649625,1.2751975333853487,0.40166204986149584,-18.247808751967916,62.31659737613515,186,0.27582686203809303,1.470039816770551,0.43548387096774194,-8.212951915529143,51.3037963390853,175,0.06293029164028481,1.093889464245475,0.3657142857142857,-18.247808751967916,11.012801037049842,7,8
SP500,1.0,3.0,,False,361,0.3036956754650317,1.4460614715131004,0.3490304709141274,-21.247592751967915,109.63413884287644,186,0.43881562014685066,1.6798873545645105,0.3763440860215054,-8.941972623429878,81.61970534731422,175,0.1600824771174983,1.2228076515635804,0.32,-21.247592751967897,28.0144334955622,7,8
SP500,1.0,3.0,1.0,True,361,0.15997978845857339,1.3341591401091397,0.5429362880886427,-10.083675379259134,57.75270363354499,186,0.23247394944352126,1.5083696716178527,0.5591397849462365,-8.203676771316683,43.24015459649495,175,0.08292885164028592,1.1653410463920992,0.5257142857142857,-10.083675379259107,14.512549037050036,7,8
SP500,1.0,3.0,1.0,False,361,0.17004389981007245,1.348171406932001,0.3518005540166205,-14.248096751968042,61.38584783143615,186,0.25737526110285036,1.5529647395240231,0.3817204301075269,-8.703640771316715,47.87179856513016,175,0.07722313866460559,1.1505973434594887,0.32,-14.248096751968006,13.514049266305978,7,8
SP500,1.0,3.0,1.5,True,361,0.21524522086452663,1.3861695074246745,0.46814404432132967,-9.74842075196814,77.70352473209411,186,0.29931097393889583,1.5702343970796369,0.4946236559139785,-7.7037127713168,55.67184115263463,175,0.12589533473976847,1.212689046578796,0.44,-9.748420751968101,22.031683579459482,7,8
SP500,1.0,3.0,1.5,False,361,0.21115254877979356,1.3788268813878954,0.46814404432132967,-13.248168751968066,76.22607010950547,186,0.3143135851784951,1.5988167268961828,0.4946236559139785,-8.20367677131683,58.46232684320009,175,0.10150710437888792,1.1714872858152083,0.44,-13.248168751968034,17.763743266305386,7,8
SP500,1.0,3.0,2.0,True,361,0.2226690695947104,1.3549832828983732,0.40166204986149584,-19.747700751967983,80.38353412369045,186,0.3355986836163138,1.5718976846195092,0.43548387096774194,-8.485542577589086,62.42135515263436,175,0.10264102269174913,1.1531362779187708,0.3657142857142857,-19.747700751967955,17.962178971056098,7,8
SP500,1.0,3.0,2.0,False,361,0.22777185071885245,1.3631182340106085,0.40166204986149584,-19.74770075196794,82.22563810950574,186,0.34791331636128897,1.5928831958792695,0.43548387096774194,-8.44200862342984,64.71187684319975,175,0.10007863580746289,1.1493132997395112,0.3657142857142857,-19.74770075196791,17.513761266306005,7,8
SP500,1.0,3.0,2.5,True,361,0.2661795449829166,1.4029398991074018,0.3684210526315789,-22.747484751967875,96.0908157388329,186,0.4011839212221188,1.6497432979508324,0.4032258064516129,-9.441936623429864,74.6202093473141,175,0.12268917938010747,1.173670171787548,0.3314285714285714,-22.74748475196785,21.470606391518807,7,8
SP500,1.0,3.0,2.5,False,361,0.26216750701961977,1.3968665166758192,0.3684210526315789,-22.74748475196786,94.64247003408273,186,0.3958079642328713,1.6410365880378457,0.4032258064516129,-9.441936623429864,73.62028134731406,175,0.12012679249582102,1.1700430371646855,0.3314285714285714,-22.74748475196785,21.02218868676868,7,8
SP500,1.0,3.0,3.0,True,361,0.29538602449550266,1.4338564404946226,0.3490304709141274,-21.247592751967915,106.63435484287646,186,0.42268774917910884,1.6548993299282266,0.3763440860215054,-8.941972623429878,78.61992134731425,175,0.1600824771174983,1.2228076515635804,0.32,-21.247592751967897,28.0144334955622,7,8
SP500,1.0,3.0,3.0,False,361,0.2981559081520123,1.4379247841674485,0.3490304709141274,-21.247592751967915,107.63428284287644,186,0.4280637061683561,1.6632286714736546,0.3763440860215054,-8.941972623429878,79.61984934731423,175,0.1600824771174983,1.2228076515635804,0.32,-21.247592751967897,28.0144334955622,7,8
SP500,1.0,4.0,,False,361,0.3551887670039554,1.486339870129592,0.30193905817174516,-20.24766475196796,128.2231448884279,186,0.5336750339543911,1.7730163319348686,0.3333333333333333,-11.254605741807836,99.26355631551674,175,0.16548336327377805,1.2141370488272525,0.26857142857142857,-20.247664751967953,28.95958857291116,7,8
SP500,1.0,4.0,1.0,True,361,0.18790395099802334,1.3924859714692572,0.5429362880886427,-9.583711379259157,67.83332631028642,186,0.25938463358994746,1.56721745088636,0.5591397849462365,-8.18168195054836,48.24554184773022,175,0.11193019692889257,1.223163055041106,0.5257142857142857,-9.583711379259107,19.5877844625562,7,8
SP500,1.0,4.0,1.0,False,361,0.1957904455795343,1.3989246980638623,0.3047091412742382,-13.748132751968058,70.68035085421188,186,0.3048049680066206,1.652136507213345,0.3387096774193548,-8.203676771316704,56.69372404923143,175,0.07992358174274544,1.1549905369126237,0.26857142857142857,-13.74813275196803,13.986626804980453,7,8
SP500,1.0,4.0,1.5,True,361,0.2367220149171015,1.4247008297324713,0.46814404432132967,-10.855409840691394,85.45664738507364,186,0.32714810957047247,1.6232685108790754,0.4946236559139785,-8.681645950548372,60.849548380107876,175,0.14061199431409013,1.237551542875082,0.44,-10.855409840691394,24.607099004965775,7,8
SP500,1.0,4.0,1.5,False,361,0.23689909454925545,1.425018526701766,0.46814404432132967,-13.551226568368548,85.52057313228121,186,0.3617432920822653,1.689177764996499,0.4946236559139785,-8.181681950548494,67.28425232730135,175,0.10420754745702782,1.1760494458413688,0.44,-13.551226568368524,18.23632080497987,7,8
SP500,1.0,4.0,2.0,True,361,0.24553080547554024,1.3914298988136595,0.40166204986149584,-19.247736751967963,88.63662077667003,186,0.37418773322638543,1.6376577403082218,0.43548387096774194,-8.485542577589086,69.59891838010769,175,0.10878687083749912,1.1623056361832593,0.3657142857142857,-19.24773675196795,19.037702396562345,7,8
SP500,1.0,4.0,2.0,False,361,0.2535183964883143,1.4041638689394835,0.40166204986149584,-19.247736751967963,91.52014113228147,186,0.39534302326505916,1.6737087201875225,0.43548387096774194,-7.442080623429778,73.533802327301,175,0.1027790788856027,1.1533422522077632,0.3657142857142857,-19.24773675196793,17.986338804980473,7,8
SP500,1.0,4.0,2.5,True,361,0.28627139720723677,1.4333547414975931,0.3684210526315789,-21.747556751967863,103.34397439181248,186,0.4290210568536958,1.69482733884576,0.4032258064516129,-8.931627950548389,79.79791657478742,175,0.13454890181157164,1.190457960592002,0.3314285714285714,-21.747556751967853,23.546057817025037,7,8
SP500,1.0,4.0,2.5,False,361,0.28791405278908166,1.4358413768792087,0.3684210526315789,-22.247520751967883,103.93697305685848,186,0.4432376711366415,1.7178520648162252,0.4032258064516129,-8.453658771316807,82.44220683141532,175,0.1228272355739609,1.1738655944240348,0.3314285714285714,-22.24752075196788,21.494766225443158,7,8
SP500,1.0,4.0,3.0,True,361,0.3251724695176067,1.4776061102169815,0.3490304709141274,-20.247664751967903,117.38726149585602,186,0.4693407342730515,1.7271820226168864,0.3763440860215054,-10.681501950548466,87.29737657478758,175,0.17194219954896245,1.2393143732905993,0.32,-20.24766475196792,30.08988492106843,7,8
SP500,1.0,4.0,3.0,False,361,0.3294422212344935,1.4838774268266557,0.3490304709141274,-20.74762875196791,118.92864186565215,186,0.4862453270506208,1.7533734760106507,0.3763440860215054,-9.181609950548534,90.44163083141547,175,0.16278292019563823,1.2265662102219388,0.32,-20.747628751967927,28.487011034236687,7,8
SP500,1.0,5.0,,False,361,0.3243294080376862,1.4220828143501283,0.2659279778393352,-28.41260012927681,117.08291630160471,186,0.5555923650324024,1.7672166662196567,0.3010752688172043,-17.78632216741984,103.34017989602685,175,0.07852992231758792,1.096306222563959,0.22857142857142856,-28.412600129276814,13.742736405577885,7,8
SP500,1.0,5.0,1.0,True,361,0.1916915252620434,1.4003972993398535,0.5429362880886427,-10.879569763302072,69.20064061959766,186,0.305035916811582,1.6670468206538926,0.5591397849462365,-8.18168195054836,56.736680526954245,175,0.07122262910081957,1.1420015325113368,0.5257142857142857,-10.879569763302058,12.463960092643424,7,8
SP500,1.0,5.0,1.0,False,361,0.1803607660963997,1.365948025794306,0.26869806094182824,-17.250589127910757,65.11023656080029,186,0.31576363354562625,1.673377916619337,0.3064516129032258,-10.786826167419775,58.732035839486485,175,0.03644686126465039,1.0703203462487783,0.22857142857142856,-17.25058912791077,6.378200721313818,7,8
SP500,1.0,5.0,1.5,True,361,0.23940081529105364,1.4295068412979928,0.46814404432132967,-10.448881930972256,86.42369432007037,186,0.36653223783859595,1.6983014585252425,0.4946236559139785,-8.681645950548372,68.17499623797885,175,0.10427827475480872,1.1761689333629932,0.44,-10.448881930972236,18.248698082091526,7,8
SP500,1.0,5.0,1.5,False,361,0.22146941506612083,1.397336278046996,0.46814404432132967,-15.350042706223903,79.95045883886962,186,0.37270195762127095,1.7100557433552472,0.4946236559139785,-10.681501950548437,69.3225641175564,175,0.0607308269789327,1.1025993672822794,0.44,-15.350042706223888,10.627894721313222,7,8
SP500,1.0,5.0,2.0,True,361,0.2427419033920765,1.3869837778545515,0.40166204986149584,-19.870001467213584,87.62982712453962,186,0.4029598153271587,1.6866885855958247,0.43548387096774194,-8.485542577589086,74.95052565085152,175,0.07245315127821769,1.1080971878422623,0.3657142857142857,-19.870001467213573,12.679301473688097,7,8
SP500,1.0,5.0,2.0,False,361,0.23808871700517975,1.3795655792580195,0.40166204986149584,-22.09955670622375,85.95002683886989,186,0.4063016888040648,1.6923835116996437,0.43548387096774194,-9.68157395054834,75.57211411755605,175,0.05930235840750765,1.0884767337675862,0.3657142857142857,-22.099556706223737,10.37791272131384,7,8
SP500,1.0,5.0,2.5,True,361,0.2829250237331735,1.4282890352274091,0.3684210526315789,-23.357746267768746,102.13593356767565,186,0.46075250100905485,1.7462184641716196,0.4032258064516129,-8.931627950548389,85.6999651876842,175,0.09391981931423686,1.1329462894525126,0.3314285714285714,-23.35774626776877,16.43596837999145,7,8
SP500,1.0,5.0,2.5,False,361,0.27248437330594705,1.4124840843622621,0.3684210526315789,-25.19859433730508,98.36685876344688,186,0.4541963366756471,1.735600332161445,0.4032258064516129,-10.431519950548449,84.48051862167037,175,0.0793505150958658,1.1123230072754389,0.3314285714285714,-25.19859433730509,13.886340141776515,7,8
SP500,1.0,5.0,3.0,True,361,0.3232110378717983,1.4747252029243045,0.3490304709141274,-21.477291990978117,116.67918467171918,186,0.5037601569230341,1.7805104118918698,0.3763440860215054,-10.681501950548466,93.69938918768435,175,0.13131311705162765,1.1827655828207357,0.32,-21.477291990978127,22.979795484034838,7,8
SP500,1.0,5.0,3.0,False,361,0.31401254175135895,1.461214655864627,0.3490304709141274,-22.948756337305227,113.35852757224059,186,0.4972039925896265,1.7703524935770227,0.3763440860215054,-11.681429950548491,92.47994262167053,175,0.11930619971754315,1.1660539907595895,0.32,-22.948756337305188,20.87858495057005,7,8
SP500,1.0,6.0,,False,361,0.27651875785441377,1.3518299222352566,0.24653739612188366,-38.42217491682685,99.82327158544338,186,0.5616159431665948,1.7638128390360934,0.2903225806451613,-17.78632216741984,104.46056542898663,175,-0.02649882196310432,0.9684460423710765,0.2,-38.42217491682684,-4.637293843543256,7,8
SP500,1.0,6.0,1.0,True,361,0.16893775525310015,1.3528701692336746,0.5429362880886427,-15.379245763302045,60.98652964636915,186,0.3102550391640387,1.6784598995076865,0.5591397849462365,-8.88415225468124,57.707437284511194,175,0.018737670639188356,1.0373586032985522,0.5257142857142857,-15.379245763301999,3.279092361857962,7,8
SP500,1.0,6.0,1.0,False,361,0.15645544100476347,1.3169729463938342,0.2520775623268698,-21.604740099998814,56.480414202719615,186,0.3187754226127224,1.6792771094437637,0.2956989247311828,-10.786826167419775,59.292228605966365,175,-0.01606751087569574,0.9690668168704408,0.2057142857142857,-21.6047400999988,-2.8118144032467542,7,8
SP500,1.0,6.0,1.5,True,361,0.22218681259512968,1.398623354476811,0.46814404432132967,-14.248096751968134,80.20943934684182,186,0.3744393386856763,1.7133657270512044,0.4946236559139785,-8.681645950548372,69.64571699553579,175,0.06036412772174878,1.1019798612811014,0.44,-14.248096751968088,10.563722351306037,7,8
SP500,1.0,6.0,1.5,False,361,0.19756408997448463,1.3544479501278637,0.46814404432132967,-20.35483009999892,71.32063648078895,186,0.3757137466883671,1.7157936743779745,0.4946236559139785,-10.681501950548451,69.88275688403628,175,0.008216454838586582,1.0138809746166446,0.44,-20.354830099998903,1.4378795967526519,7,8
SP500,1.0,6.0,2.0,True,361,0.22690236976296013,1.3617320908668744,0.40166204986149584,-24.36967746721352,81.91175548442861,186,0.41353456850282794,1.70470914751049,0.43548387096774194,-8.485542577589072,76.91742974152599,175,0.02853900424515781,1.0425790465741607,0.3657142857142857,-24.36967746721352,4.994325742902617,7,8
SP500,1.0,6.0,2.0,False,361,0.21418339191354352,1.341455253494196,0.40166204986149584,-27.104344099998755,77.32020448078922,186,0.40931347787116107,1.697515937058034,0.43548387096774194,-9.68157395054834,76.13230688403596,175,0.006787986267161545,1.0101274025166198,0.3657142857142857,-27.104344099998745,1.1878975967532703,7,8
SP500,1.0,6.0,2.5,True,361,0.26847043193231207,1.4064078205673889,0.3684210526315789,-27.857422267768698,96.91782592756465,186,0.47401523267934764,1.767698315580026,0.4032258064516129,-9.634098254681376,88.16683327835867,175,0.050005672281176965,1.0707845120433817,0.3314285714285714,-27.857422267768715,8.750992649205969,7,8
SP500,1.0,6.0,2.5,False,361,0.24857904821431084,1.376296445371551,0.3684210526315789,-30.2033817310801,89.73703640536621,186,0.4572081257427434,1.740478119275211,0.4032258064516129,-10.431519950548449,85.04071138815027,175,0.026836142955519723,1.037987356185349,0.3314285714285714,-30.2033817310801,4.696325017215951,7,8
SP500,1.0,6.0,3.0,True,361,0.31014138789919155,1.4555287909569121,0.3490304709141274,-25.97696799097811,111.96104103160815,186,0.5197108670879504,1.805223949057709,0.3763440860215054,-10.681501950548466,96.66622127835879,175,0.08739897001856778,1.1216445397994423,0.32,-25.976967990978068,15.29481975324936,7,8
SP500,1.0,6.0,3.0,False,361,0.2901072166597227,1.4261030446405085,0.3490304709141274,-27.95354373108023,104.7287052141599,186,0.5002157816567226,1.775018866439158,0.3763440860215054,-11.681429950548491,93.04013538815042,175,0.06679182757719701,1.0929628933414859,0.32,-27.953543731080206,11.688569826009477,7,8
